Injection,Layer,TensorIndex,Bit
0,conv2d,"(0, 2, 1, 5)",4
1,conv2d,"(0, 1, 2, 9)",31
2,conv2d,"(1, 2, 0, 9)",28
3,conv2d,"(1, 0, 0, 3)",21
4,conv2d,"(1, 1, 0, 4)",13
5,conv2d,"(1, 0, 1, 6)",22
6,conv2d,"(2, 1, 2, 9)",12
7,conv2d,"(1, 1, 2, 1)",9
8,conv2d,"(0, 0, 2, 3)",5
9,conv2d,"(2, 2, 0, 15)",5
10,conv2d,"(0, 0, 2, 10)",23
11,conv2d,"(1, 2, 2, 10)",15
12,conv2d,"(0, 1, 2, 6)",17
13,conv2d,"(1, 1, 0, 11)",0
14,conv2d,"(2, 2, 2, 14)",12
15,conv2d,"(2, 0, 0, 5)",15
16,conv2d,"(2, 2, 2, 0)",17
17,conv2d_1,"(2, 1, 14, 0)",29
18,conv2d_1,"(2, 1, 3, 11)",3
19,conv2d_1,"(0, 0, 0, 9)",1
20,conv2d_1,"(2, 0, 14, 1)",21
21,conv2d_1,"(1, 0, 3, 11)",17
22,conv2d_1,"(0, 0, 2, 10)",10
23,conv2d_1,"(0, 0, 12, 12)",3
24,conv2d_1,"(1, 0, 12, 4)",28
25,conv2d_1,"(0, 2, 5, 11)",14
26,conv2d_1,"(0, 2, 14, 4)",11
27,conv2d_1,"(2, 2, 14, 11)",13
28,conv2d_1,"(2, 1, 14, 12)",10
29,conv2d_1,"(0, 0, 5, 15)",9
30,conv2d_1,"(0, 0, 14, 2)",3
31,conv2d_1,"(1, 0, 4, 11)",15
32,conv2d_1,"(2, 0, 6, 11)",10
33,conv2d_1,"(0, 2, 5, 4)",11
34,conv2d_1,"(2, 0, 8, 15)",30
35,conv2d_1,"(0, 0, 0, 0)",7
36,conv2d_1,"(2, 0, 9, 0)",6
37,conv2d_1,"(2, 0, 9, 2)",14
38,conv2d_1,"(1, 2, 5, 13)",7
39,conv2d_1,"(0, 0, 3, 11)",3
40,conv2d_1,"(0, 2, 3, 1)",20
41,conv2d_1,"(2, 2, 15, 12)",4
42,conv2d_1,"(0, 2, 13, 10)",16
43,conv2d_1,"(2, 0, 9, 6)",7
44,conv2d_1,"(0, 0, 6, 11)",8
45,conv2d_1,"(0, 1, 9, 9)",28
46,conv2d_1,"(2, 0, 0, 7)",18
47,conv2d_1,"(1, 1, 13, 7)",15
48,conv2d_1,"(0, 1, 12, 14)",15
49,conv2d_1,"(1, 1, 0, 14)",9
50,conv2d_1,"(1, 2, 12, 15)",25
51,conv2d_1,"(2, 2, 14, 4)",0
52,conv2d_1,"(2, 0, 15, 4)",15
53,conv2d_1,"(0, 2, 0, 11)",0
54,conv2d_1,"(1, 0, 14, 8)",0
55,conv2d_1,"(2, 2, 3, 4)",4
56,conv2d_1,"(0, 1, 5, 5)",30
57,conv2d_1,"(2, 0, 6, 6)",21
58,conv2d_1,"(1, 1, 0, 2)",12
59,conv2d_1,"(0, 1, 1, 13)",27
60,conv2d_1,"(1, 0, 5, 13)",6
61,conv2d_1,"(1, 0, 2, 14)",24
62,conv2d_1,"(2, 2, 0, 9)",6
63,conv2d_1,"(0, 2, 8, 1)",11
64,conv2d_1,"(0, 2, 5, 1)",2
65,conv2d_1,"(0, 0, 5, 4)",1
66,conv2d_1,"(0, 2, 11, 15)",6
67,conv2d_1,"(1, 1, 4, 10)",14
68,conv2d_1,"(2, 0, 3, 2)",8
69,conv2d_1,"(2, 0, 11, 0)",4
70,conv2d_1,"(2, 0, 1, 7)",5
71,conv2d_1,"(2, 1, 9, 11)",9
72,conv2d_1,"(1, 1, 7, 4)",27
73,conv2d_1,"(0, 1, 6, 13)",12
74,conv2d_1,"(0, 0, 9, 7)",30
75,conv2d_1,"(0, 1, 6, 4)",8
76,conv2d_1,"(0, 2, 13, 11)",2
77,conv2d_1,"(2, 0, 1, 9)",8
78,conv2d_1,"(1, 2, 8, 0)",16
79,conv2d_1,"(1, 2, 9, 9)",13
80,conv2d_1,"(0, 0, 11, 13)",27
81,conv2d_1,"(1, 1, 10, 4)",26
82,conv2d_1,"(2, 2, 9, 13)",10
83,conv2d_1,"(2, 0, 3, 1)",23
84,conv2d_1,"(0, 1, 7, 9)",16
85,conv2d_1,"(1, 0, 6, 3)",11
86,conv2d_1,"(0, 1, 0, 1)",1
87,conv2d_1,"(0, 0, 11, 11)",19
88,conv2d_1,"(2, 2, 3, 13)",24
89,conv2d_1,"(1, 2, 3, 1)",28
90,conv2d_1,"(2, 1, 0, 5)",15
91,conv2d_1,"(0, 1, 5, 11)",29
92,conv2d_1,"(1, 0, 6, 7)",20
93,conv2d_1,"(2, 0, 10, 9)",21
94,conv2d_1,"(0, 2, 9, 13)",9
95,conv2d_1,"(2, 2, 8, 2)",8
96,conv2d_1,"(1, 2, 9, 5)",4
97,conv2d_1,"(2, 1, 5, 14)",28
98,conv2d_1,"(0, 2, 8, 8)",27
99,conv2d_1,"(1, 2, 14, 15)",9
100,conv2d_1,"(0, 0, 0, 13)",7
101,conv2d_1,"(2, 1, 1, 15)",19
102,conv2d_1,"(0, 1, 3, 5)",7
103,conv2d_2,"(2, 2, 10, 11)",22
104,conv2d_2,"(0, 0, 2, 7)",20
105,conv2d_2,"(0, 1, 6, 9)",1
106,conv2d_2,"(1, 1, 13, 10)",11
107,conv2d_2,"(1, 2, 14, 4)",27
108,conv2d_2,"(1, 1, 1, 15)",10
109,conv2d_2,"(0, 1, 2, 4)",5
110,conv2d_2,"(0, 1, 6, 13)",24
111,conv2d_2,"(1, 2, 2, 2)",5
112,conv2d_2,"(0, 2, 6, 7)",13
113,conv2d_2,"(0, 0, 8, 10)",8
114,conv2d_2,"(1, 1, 2, 2)",26
115,conv2d_2,"(0, 1, 13, 12)",17
116,conv2d_2,"(2, 2, 8, 2)",21
117,conv2d_2,"(1, 0, 8, 4)",10
118,conv2d_2,"(0, 2, 8, 10)",6
119,conv2d_2,"(1, 2, 6, 11)",9
120,conv2d_2,"(1, 2, 4, 12)",22
121,conv2d_2,"(1, 2, 2, 12)",22
122,conv2d_2,"(2, 0, 8, 6)",3
123,conv2d_2,"(1, 0, 14, 0)",27
124,conv2d_2,"(1, 2, 8, 2)",13
125,conv2d_2,"(1, 0, 14, 11)",30
126,conv2d_2,"(0, 0, 2, 15)",5
127,conv2d_2,"(0, 0, 7, 3)",12
128,conv2d_2,"(1, 0, 5, 10)",6
129,conv2d_2,"(2, 0, 2, 10)",2
130,conv2d_2,"(0, 2, 12, 9)",16
131,conv2d_2,"(0, 0, 7, 2)",14
132,conv2d_2,"(0, 2, 6, 9)",26
133,conv2d_2,"(1, 1, 2, 9)",7
134,conv2d_2,"(2, 0, 11, 14)",24
135,conv2d_2,"(2, 0, 14, 8)",10
136,conv2d_2,"(0, 1, 8, 1)",24
137,conv2d_2,"(1, 2, 4, 1)",9
138,conv2d_2,"(1, 1, 5, 9)",15
139,conv2d_2,"(1, 2, 12, 0)",16
140,conv2d_2,"(0, 2, 15, 7)",9
141,conv2d_2,"(2, 0, 10, 1)",25
142,conv2d_2,"(2, 1, 11, 14)",20
143,conv2d_2,"(1, 0, 15, 9)",6
144,conv2d_2,"(2, 1, 8, 4)",9
145,conv2d_2,"(2, 1, 4, 4)",31
146,conv2d_2,"(0, 1, 2, 5)",10
147,conv2d_2,"(0, 2, 1, 2)",0
148,conv2d_2,"(1, 2, 13, 12)",13
149,conv2d_2,"(2, 2, 1, 11)",10
150,conv2d_2,"(1, 0, 2, 10)",6
151,conv2d_2,"(1, 2, 14, 5)",17
152,conv2d_2,"(0, 2, 1, 12)",24
153,conv2d_2,"(2, 2, 6, 4)",14
154,conv2d_2,"(0, 0, 9, 5)",9
155,conv2d_2,"(1, 2, 8, 11)",4
156,conv2d_2,"(1, 0, 8, 11)",1
157,conv2d_2,"(0, 2, 8, 11)",11
158,conv2d_2,"(2, 0, 8, 3)",17
159,conv2d_2,"(2, 0, 6, 12)",11
160,conv2d_2,"(1, 0, 4, 0)",8
161,conv2d_2,"(0, 0, 2, 3)",15
162,conv2d_2,"(1, 0, 3, 1)",22
163,conv2d_2,"(2, 0, 15, 15)",30
164,conv2d_2,"(1, 2, 2, 8)",20
165,conv2d_2,"(0, 2, 13, 15)",14
166,conv2d_2,"(2, 0, 0, 13)",13
167,conv2d_2,"(2, 2, 8, 10)",15
168,conv2d_2,"(1, 2, 2, 13)",20
169,conv2d_2,"(0, 0, 15, 11)",16
170,conv2d_2,"(0, 0, 15, 3)",27
171,conv2d_2,"(0, 1, 8, 7)",22
172,conv2d_2,"(1, 1, 15, 4)",15
173,conv2d_2,"(1, 1, 3, 0)",0
174,conv2d_2,"(0, 2, 14, 10)",7
175,conv2d_2,"(1, 2, 2, 10)",19
176,conv2d_2,"(2, 0, 2, 2)",6
177,conv2d_2,"(1, 2, 3, 9)",16
178,conv2d_2,"(1, 1, 8, 6)",8
179,conv2d_2,"(2, 0, 5, 7)",7
180,conv2d_2,"(1, 2, 6, 13)",7
181,conv2d_2,"(2, 0, 13, 12)",27
182,conv2d_2,"(0, 2, 9, 4)",7
183,conv2d_2,"(1, 0, 6, 4)",20
184,conv2d_2,"(0, 1, 15, 14)",12
185,conv2d_2,"(2, 0, 8, 13)",11
186,conv2d_2,"(1, 0, 6, 7)",27
187,conv2d_2,"(0, 1, 5, 1)",19
188,conv2d_2,"(2, 1, 14, 3)",15
189,conv2d_3,"(2, 0, 11, 1)",25
190,conv2d_3,"(2, 0, 8, 11)",5
191,conv2d_3,"(2, 1, 3, 0)",7
192,conv2d_3,"(0, 2, 3, 13)",11
193,conv2d_3,"(1, 2, 9, 0)",2
194,conv2d_3,"(2, 2, 5, 11)",16
195,conv2d_3,"(2, 2, 5, 3)",4
196,conv2d_3,"(2, 1, 9, 5)",16
197,conv2d_3,"(1, 2, 14, 0)",28
198,conv2d_3,"(0, 0, 9, 10)",6
199,conv2d_3,"(1, 0, 2, 1)",23
200,conv2d_3,"(0, 2, 5, 11)",5
201,conv2d_3,"(2, 1, 15, 14)",2
202,conv2d_3,"(0, 2, 5, 7)",11
203,conv2d_3,"(0, 1, 7, 4)",27
204,conv2d_3,"(2, 0, 1, 8)",25
205,conv2d_3,"(2, 0, 12, 4)",29
206,conv2d_3,"(1, 2, 13, 10)",19
207,conv2d_3,"(1, 2, 12, 2)",28
208,conv2d_3,"(2, 0, 12, 10)",1
209,conv2d_3,"(1, 1, 13, 0)",14
210,conv2d_3,"(1, 1, 8, 5)",23
211,conv2d_3,"(2, 1, 2, 13)",4
212,conv2d_3,"(0, 0, 5, 9)",1
213,conv2d_3,"(2, 0, 5, 2)",16
214,conv2d_3,"(1, 2, 5, 3)",1
215,conv2d_3,"(2, 2, 5, 15)",3
216,conv2d_3,"(0, 0, 11, 3)",0
217,conv2d_3,"(2, 0, 12, 7)",17
218,conv2d_3,"(1, 2, 4, 10)",8
219,conv2d_3,"(0, 2, 4, 15)",29
220,conv2d_3,"(0, 1, 4, 11)",9
221,conv2d_3,"(1, 2, 9, 6)",17
222,conv2d_3,"(1, 0, 1, 3)",16
223,conv2d_3,"(2, 0, 8, 14)",11
224,conv2d_3,"(1, 1, 15, 8)",19
225,conv2d_3,"(1, 2, 10, 6)",13
226,conv2d_3,"(1, 2, 1, 14)",18
227,conv2d_3,"(1, 2, 6, 3)",13
228,conv2d_3,"(1, 1, 5, 6)",4
229,conv2d_3,"(2, 0, 5, 15)",9
230,conv2d_3,"(0, 2, 3, 9)",24
231,conv2d_3,"(0, 2, 4, 7)",10
232,conv2d_3,"(1, 0, 15, 8)",11
233,conv2d_3,"(1, 1, 2, 7)",24
234,conv2d_3,"(1, 1, 14, 9)",31
235,conv2d_3,"(0, 2, 1, 8)",23
236,conv2d_3,"(2, 1, 5, 15)",25
237,conv2d_3,"(0, 0, 5, 5)",30
238,conv2d_3,"(0, 2, 8, 9)",21
239,conv2d_3,"(2, 1, 4, 0)",19
240,conv2d_3,"(1, 0, 10, 9)",15
241,conv2d_3,"(2, 2, 10, 3)",24
242,conv2d_3,"(1, 2, 4, 6)",16
243,conv2d_3,"(0, 1, 9, 13)",19
244,conv2d_3,"(2, 1, 11, 7)",13
245,conv2d_3,"(2, 1, 6, 12)",3
246,conv2d_3,"(2, 2, 1, 5)",26
247,conv2d_3,"(2, 2, 0, 9)",0
248,conv2d_3,"(2, 1, 8, 14)",22
249,conv2d_3,"(1, 2, 14, 14)",9
250,conv2d_3,"(1, 1, 4, 11)",24
251,conv2d_3,"(1, 2, 8, 14)",27
252,conv2d_3,"(0, 0, 10, 11)",6
253,conv2d_3,"(2, 1, 9, 15)",21
254,conv2d_3,"(2, 2, 12, 13)",0
255,conv2d_3,"(1, 0, 3, 6)",7
256,conv2d_3,"(0, 1, 14, 9)",22
257,conv2d_3,"(0, 0, 11, 8)",30
258,conv2d_3,"(2, 2, 14, 13)",30
259,conv2d_3,"(0, 1, 8, 5)",22
260,conv2d_3,"(1, 1, 14, 0)",30
261,conv2d_3,"(0, 2, 11, 5)",22
262,conv2d_3,"(2, 2, 0, 5)",4
263,conv2d_3,"(1, 1, 10, 9)",21
264,conv2d_3,"(0, 2, 11, 1)",16
265,conv2d_3,"(1, 2, 14, 3)",7
266,conv2d_3,"(2, 1, 2, 7)",16
267,conv2d_3,"(0, 2, 5, 9)",1
268,conv2d_3,"(1, 1, 4, 3)",10
269,conv2d_3,"(0, 1, 1, 15)",15
270,conv2d_3,"(0, 2, 4, 3)",24
271,conv2d_3,"(1, 1, 5, 0)",24
272,conv2d_3,"(1, 0, 5, 7)",0
273,conv2d_3,"(0, 2, 11, 7)",26
274,conv2d_3,"(2, 0, 0, 10)",18
275,conv2d_4,"(1, 0, 9, 5)",17
276,conv2d_4,"(0, 0, 9, 4)",14
277,conv2d_4,"(1, 2, 7, 11)",30
278,conv2d_4,"(1, 0, 14, 7)",11
279,conv2d_4,"(2, 0, 5, 10)",22
280,conv2d_4,"(2, 0, 0, 0)",6
281,conv2d_4,"(2, 1, 12, 11)",22
282,conv2d_4,"(2, 2, 10, 14)",17
283,conv2d_4,"(1, 0, 8, 4)",31
284,conv2d_4,"(1, 0, 12, 0)",7
285,conv2d_4,"(2, 2, 0, 8)",5
286,conv2d_4,"(1, 2, 7, 14)",14
287,conv2d_4,"(1, 2, 3, 5)",30
288,conv2d_4,"(1, 0, 1, 14)",16
289,conv2d_4,"(0, 1, 2, 5)",4
290,conv2d_4,"(2, 1, 1, 7)",0
291,conv2d_4,"(2, 1, 3, 6)",17
292,conv2d_4,"(0, 2, 14, 11)",18
293,conv2d_4,"(1, 0, 12, 2)",26
294,conv2d_4,"(0, 1, 0, 13)",18
295,conv2d_4,"(2, 1, 7, 14)",5
296,conv2d_4,"(1, 0, 12, 9)",13
297,conv2d_4,"(2, 2, 4, 6)",26
298,conv2d_4,"(1, 2, 5, 13)",6
299,conv2d_4,"(1, 2, 10, 9)",25
300,conv2d_4,"(0, 1, 2, 1)",15
301,conv2d_4,"(0, 2, 14, 1)",5
302,conv2d_4,"(1, 1, 13, 13)",7
303,conv2d_4,"(1, 2, 2, 3)",5
304,conv2d_4,"(1, 0, 13, 11)",27
305,conv2d_4,"(0, 2, 13, 13)",17
306,conv2d_4,"(2, 0, 10, 2)",9
307,conv2d_4,"(0, 0, 15, 12)",14
308,conv2d_4,"(1, 1, 10, 10)",1
309,conv2d_4,"(0, 2, 8, 7)",26
310,conv2d_4,"(1, 0, 13, 14)",7
311,conv2d_4,"(1, 0, 13, 0)",9
312,conv2d_4,"(0, 2, 8, 2)",6
313,conv2d_4,"(0, 2, 1, 14)",15
314,conv2d_4,"(0, 1, 0, 2)",13
315,conv2d_4,"(0, 0, 7, 15)",22
316,conv2d_4,"(0, 0, 4, 4)",29
317,conv2d_4,"(2, 0, 14, 1)",14
318,conv2d_4,"(0, 0, 3, 15)",4
319,conv2d_4,"(0, 1, 1, 0)",16
320,conv2d_4,"(2, 0, 7, 13)",10
321,conv2d_4,"(2, 2, 13, 7)",26
322,conv2d_4,"(2, 2, 11, 4)",25
323,conv2d_4,"(1, 2, 11, 11)",16
324,conv2d_4,"(0, 1, 5, 5)",15
325,conv2d_4,"(2, 2, 12, 14)",30
326,conv2d_4,"(1, 2, 10, 15)",24
327,conv2d_4,"(0, 0, 15, 8)",27
328,conv2d_4,"(2, 1, 10, 10)",6
329,conv2d_4,"(1, 2, 15, 5)",19
330,conv2d_4,"(2, 1, 9, 3)",10
331,conv2d_4,"(0, 0, 6, 1)",17
332,conv2d_4,"(1, 1, 9, 14)",12
333,conv2d_4,"(2, 0, 12, 3)",23
334,conv2d_4,"(2, 0, 1, 5)",28
335,conv2d_4,"(1, 2, 3, 10)",20
336,conv2d_4,"(0, 0, 10, 7)",31
337,conv2d_4,"(0, 2, 13, 7)",13
338,conv2d_4,"(0, 2, 7, 9)",23
339,conv2d_4,"(0, 1, 6, 11)",2
340,conv2d_4,"(1, 2, 2, 4)",18
341,conv2d_4,"(0, 0, 12, 6)",4
342,conv2d_4,"(1, 0, 15, 14)",11
343,conv2d_4,"(0, 2, 1, 0)",1
344,conv2d_4,"(1, 1, 2, 1)",1
345,conv2d_4,"(0, 1, 2, 6)",22
346,conv2d_4,"(1, 2, 8, 10)",6
347,conv2d_4,"(2, 1, 8, 4)",16
348,conv2d_4,"(1, 0, 11, 2)",30
349,conv2d_4,"(1, 2, 13, 9)",30
350,conv2d_4,"(0, 1, 10, 13)",3
351,conv2d_4,"(1, 1, 4, 12)",25
352,conv2d_4,"(2, 2, 9, 3)",4
353,conv2d_4,"(0, 2, 6, 13)",18
354,conv2d_4,"(1, 1, 0, 11)",19
355,conv2d_4,"(2, 0, 7, 14)",9
356,conv2d_4,"(2, 1, 4, 12)",22
357,conv2d_4,"(2, 0, 1, 15)",4
358,conv2d_4,"(2, 1, 8, 11)",28
359,conv2d_4,"(1, 2, 7, 10)",30
360,conv2d_4,"(2, 1, 2, 6)",26
361,conv2d_5,"(1, 0, 0, 15)",15
362,conv2d_5,"(2, 0, 2, 9)",10
363,conv2d_5,"(0, 0, 12, 14)",30
364,conv2d_5,"(2, 1, 10, 6)",19
365,conv2d_5,"(2, 2, 12, 5)",30
366,conv2d_5,"(2, 2, 11, 9)",29
367,conv2d_5,"(0, 2, 8, 8)",3
368,conv2d_5,"(0, 1, 12, 3)",21
369,conv2d_5,"(1, 1, 4, 7)",28
370,conv2d_5,"(2, 0, 14, 13)",25
371,conv2d_5,"(1, 2, 3, 11)",12
372,conv2d_5,"(2, 0, 3, 11)",10
373,conv2d_5,"(0, 0, 5, 14)",30
374,conv2d_5,"(2, 2, 4, 11)",0
375,conv2d_5,"(0, 0, 12, 9)",2
376,conv2d_5,"(2, 0, 11, 2)",20
377,conv2d_5,"(2, 0, 9, 5)",10
378,conv2d_5,"(0, 2, 6, 5)",27
379,conv2d_5,"(2, 2, 13, 1)",27
380,conv2d_5,"(1, 2, 2, 2)",8
381,conv2d_5,"(2, 2, 4, 4)",31
382,conv2d_5,"(0, 0, 11, 8)",28
383,conv2d_5,"(2, 1, 5, 9)",12
384,conv2d_5,"(1, 2, 15, 4)",30
385,conv2d_5,"(0, 2, 0, 4)",0
386,conv2d_5,"(0, 1, 11, 3)",22
387,conv2d_5,"(2, 0, 12, 0)",2
388,conv2d_5,"(2, 1, 3, 3)",0
389,conv2d_5,"(1, 1, 10, 15)",3
390,conv2d_5,"(0, 0, 2, 12)",0
391,conv2d_5,"(2, 1, 4, 0)",9
392,conv2d_5,"(0, 0, 11, 0)",5
393,conv2d_5,"(1, 0, 14, 3)",2
394,conv2d_5,"(2, 2, 3, 13)",1
395,conv2d_5,"(1, 1, 4, 1)",3
396,conv2d_5,"(0, 2, 13, 10)",24
397,conv2d_5,"(0, 0, 8, 15)",21
398,conv2d_5,"(2, 2, 12, 15)",0
399,conv2d_5,"(2, 0, 13, 6)",8
400,conv2d_5,"(0, 0, 14, 10)",17
401,conv2d_5,"(2, 1, 4, 2)",31
402,conv2d_5,"(1, 1, 12, 1)",7
403,conv2d_5,"(0, 2, 5, 12)",27
404,conv2d_5,"(0, 2, 5, 6)",16
405,conv2d_5,"(1, 0, 5, 14)",0
406,conv2d_5,"(2, 2, 8, 12)",31
407,conv2d_5,"(2, 0, 9, 15)",10
408,conv2d_5,"(0, 0, 0, 9)",10
409,conv2d_5,"(2, 1, 8, 11)",16
410,conv2d_5,"(0, 2, 8, 15)",29
411,conv2d_5,"(2, 2, 6, 7)",9
412,conv2d_5,"(1, 2, 13, 3)",3
413,conv2d_5,"(1, 0, 14, 0)",2
414,conv2d_5,"(1, 1, 15, 8)",20
415,conv2d_5,"(1, 2, 14, 3)",31
416,conv2d_5,"(0, 0, 14, 2)",20
417,conv2d_5,"(0, 0, 0, 3)",27
418,conv2d_5,"(1, 0, 10, 12)",19
419,conv2d_5,"(0, 0, 4, 12)",19
420,conv2d_5,"(0, 2, 0, 11)",24
421,conv2d_5,"(2, 0, 3, 3)",8
422,conv2d_5,"(1, 0, 13, 7)",13
423,conv2d_5,"(0, 1, 9, 7)",7
424,conv2d_5,"(0, 0, 13, 10)",9
425,conv2d_5,"(2, 2, 13, 10)",9
426,conv2d_5,"(1, 1, 13, 6)",3
427,conv2d_5,"(1, 1, 8, 14)",30
428,conv2d_5,"(0, 0, 2, 1)",9
429,conv2d_5,"(0, 1, 7, 6)",19
430,conv2d_5,"(1, 2, 5, 2)",4
431,conv2d_5,"(2, 1, 2, 9)",16
432,conv2d_5,"(2, 1, 15, 13)",29
433,conv2d_5,"(0, 2, 2, 6)",27
434,conv2d_5,"(0, 1, 15, 13)",6
435,conv2d_5,"(2, 1, 15, 11)",6
436,conv2d_5,"(0, 2, 8, 11)",21
437,conv2d_5,"(0, 2, 11, 7)",18
438,conv2d_5,"(0, 1, 0, 12)",0
439,conv2d_5,"(1, 0, 2, 2)",25
440,conv2d_5,"(2, 1, 2, 12)",1
441,conv2d_5,"(1, 1, 2, 7)",19
442,conv2d_5,"(0, 0, 10, 1)",20
443,conv2d_5,"(2, 1, 12, 8)",31
444,conv2d_5,"(2, 0, 3, 1)",22
445,conv2d_5,"(0, 0, 10, 12)",31
446,conv2d_5,"(0, 2, 12, 2)",10
447,conv2d_6,"(0, 2, 14, 13)",17
448,conv2d_6,"(0, 1, 9, 6)",5
449,conv2d_6,"(1, 1, 1, 14)",31
450,conv2d_6,"(0, 0, 13, 2)",4
451,conv2d_6,"(0, 2, 6, 14)",13
452,conv2d_6,"(2, 1, 4, 13)",22
453,conv2d_6,"(2, 1, 11, 4)",10
454,conv2d_6,"(2, 0, 0, 0)",11
455,conv2d_6,"(1, 1, 10, 7)",12
456,conv2d_6,"(0, 1, 13, 12)",24
457,conv2d_6,"(0, 0, 2, 10)",11
458,conv2d_6,"(2, 2, 0, 5)",14
459,conv2d_6,"(1, 2, 14, 13)",31
460,conv2d_6,"(1, 1, 13, 4)",27
461,conv2d_6,"(2, 0, 11, 8)",31
462,conv2d_6,"(1, 2, 9, 1)",17
463,conv2d_6,"(2, 2, 3, 6)",20
464,conv2d_6,"(2, 1, 6, 2)",27
465,conv2d_6,"(2, 2, 2, 12)",31
466,conv2d_6,"(1, 1, 11, 9)",24
467,conv2d_6,"(0, 2, 5, 12)",23
468,conv2d_6,"(2, 2, 10, 14)",7
469,conv2d_6,"(2, 2, 4, 6)",29
470,conv2d_6,"(2, 2, 14, 4)",6
471,conv2d_6,"(0, 0, 0, 1)",27
472,conv2d_6,"(1, 2, 0, 5)",12
473,conv2d_6,"(2, 2, 5, 1)",24
474,conv2d_6,"(0, 1, 1, 4)",18
475,conv2d_6,"(0, 0, 2, 15)",7
476,conv2d_6,"(2, 1, 8, 7)",28
477,conv2d_6,"(0, 2, 14, 3)",10
478,conv2d_6,"(0, 1, 5, 10)",12
479,conv2d_6,"(1, 2, 5, 8)",12
480,conv2d_6,"(0, 0, 0, 3)",3
481,conv2d_6,"(0, 1, 1, 3)",7
482,conv2d_6,"(2, 2, 11, 7)",9
483,conv2d_6,"(0, 0, 5, 15)",12
484,conv2d_6,"(1, 0, 13, 15)",23
485,conv2d_6,"(1, 2, 11, 15)",5
486,conv2d_6,"(0, 2, 3, 6)",9
487,conv2d_6,"(0, 0, 4, 15)",17
488,conv2d_6,"(1, 0, 15, 10)",0
489,conv2d_6,"(0, 1, 3, 9)",12
490,conv2d_6,"(0, 2, 11, 5)",13
491,conv2d_6,"(0, 1, 7, 11)",18
492,conv2d_6,"(2, 2, 7, 13)",30
493,conv2d_6,"(2, 1, 5, 8)",25
494,conv2d_6,"(1, 2, 6, 8)",26
495,conv2d_6,"(0, 1, 9, 11)",7
496,conv2d_6,"(2, 2, 6, 11)",2
497,conv2d_6,"(1, 0, 11, 1)",13
498,conv2d_6,"(1, 2, 12, 8)",3
499,conv2d_6,"(2, 0, 6, 5)",27
500,conv2d_6,"(1, 0, 7, 3)",20
501,conv2d_6,"(2, 2, 1, 3)",22
502,conv2d_6,"(1, 1, 8, 10)",4
503,conv2d_6,"(2, 1, 13, 0)",16
504,conv2d_6,"(1, 1, 5, 4)",19
505,conv2d_6,"(2, 0, 12, 6)",23
506,conv2d_6,"(1, 2, 6, 14)",25
507,conv2d_6,"(2, 2, 1, 7)",5
508,conv2d_6,"(2, 0, 15, 8)",24
509,conv2d_6,"(1, 0, 11, 14)",15
510,conv2d_6,"(1, 2, 13, 7)",19
511,conv2d_6,"(1, 0, 9, 2)",26
512,conv2d_6,"(0, 0, 5, 4)",13
513,conv2d_6,"(0, 2, 0, 3)",1
514,conv2d_6,"(0, 1, 9, 0)",13
515,conv2d_6,"(0, 1, 11, 8)",25
516,conv2d_6,"(0, 2, 11, 3)",7
517,conv2d_6,"(0, 1, 11, 6)",20
518,conv2d_6,"(1, 0, 14, 3)",0
519,conv2d_6,"(2, 0, 8, 5)",20
520,conv2d_6,"(1, 0, 11, 8)",1
521,conv2d_6,"(0, 2, 2, 11)",9
522,conv2d_6,"(2, 0, 10, 1)",23
523,conv2d_6,"(0, 2, 12, 10)",0
524,conv2d_6,"(1, 0, 0, 4)",7
525,conv2d_6,"(1, 1, 14, 2)",5
526,conv2d_6,"(2, 1, 5, 0)",22
527,conv2d_6,"(1, 0, 4, 6)",20
528,conv2d_6,"(1, 1, 3, 3)",0
529,conv2d_6,"(0, 1, 10, 8)",6
530,conv2d_6,"(1, 1, 1, 7)",31
531,conv2d_6,"(2, 0, 6, 12)",11
532,conv2d_6,"(0, 1, 8, 1)",22
533,conv2d_7,"(1, 0, 0, 31)",9
534,conv2d_7,"(1, 1, 11, 25)",4
535,conv2d_7,"(0, 0, 3, 19)",0
536,conv2d_7,"(1, 2, 0, 23)",21
537,conv2d_7,"(1, 1, 9, 17)",8
538,conv2d_7,"(2, 1, 8, 19)",21
539,conv2d_7,"(2, 0, 5, 2)",19
540,conv2d_7,"(0, 2, 15, 5)",12
541,conv2d_7,"(0, 1, 4, 15)",10
542,conv2d_7,"(0, 1, 3, 26)",1
543,conv2d_7,"(0, 2, 4, 9)",2
544,conv2d_7,"(2, 2, 14, 2)",16
545,conv2d_7,"(1, 2, 6, 11)",22
546,conv2d_7,"(0, 0, 1, 11)",18
547,conv2d_7,"(1, 1, 3, 8)",15
548,conv2d_7,"(1, 1, 2, 21)",29
549,conv2d_7,"(0, 0, 12, 18)",5
550,conv2d_7,"(2, 0, 11, 15)",9
551,conv2d_7,"(0, 1, 12, 19)",11
552,conv2d_7,"(1, 0, 10, 9)",0
553,conv2d_7,"(2, 2, 14, 29)",20
554,conv2d_7,"(0, 2, 4, 0)",0
555,conv2d_7,"(2, 1, 14, 18)",30
556,conv2d_7,"(1, 0, 0, 3)",1
557,conv2d_7,"(1, 2, 1, 18)",14
558,conv2d_7,"(0, 0, 0, 30)",20
559,conv2d_7,"(1, 2, 5, 0)",11
560,conv2d_7,"(1, 0, 3, 22)",11
561,conv2d_7,"(2, 2, 9, 27)",7
562,conv2d_7,"(0, 0, 13, 26)",1
563,conv2d_7,"(1, 2, 12, 5)",8
564,conv2d_7,"(0, 0, 5, 23)",17
565,conv2d_7,"(0, 0, 14, 27)",6
566,conv2d_7,"(0, 1, 2, 1)",6
567,conv2d_7,"(2, 1, 2, 28)",27
568,conv2d_7,"(1, 2, 8, 2)",6
569,conv2d_7,"(2, 2, 10, 6)",29
570,conv2d_7,"(0, 0, 5, 16)",0
571,conv2d_7,"(1, 1, 5, 13)",15
572,conv2d_7,"(0, 1, 2, 27)",30
573,conv2d_7,"(2, 2, 7, 13)",7
574,conv2d_7,"(1, 2, 12, 15)",1
575,conv2d_7,"(1, 0, 8, 21)",0
576,conv2d_7,"(2, 1, 6, 3)",20
577,conv2d_7,"(1, 1, 5, 6)",26
578,conv2d_7,"(0, 2, 13, 11)",21
579,conv2d_7,"(0, 1, 7, 28)",19
580,conv2d_7,"(0, 2, 4, 27)",18
581,conv2d_7,"(0, 0, 9, 20)",24
582,conv2d_7,"(1, 1, 3, 4)",28
583,conv2d_7,"(2, 0, 6, 31)",23
584,conv2d_7,"(2, 2, 0, 24)",31
585,conv2d_7,"(1, 1, 5, 30)",0
586,conv2d_7,"(0, 1, 11, 26)",21
587,conv2d_7,"(0, 2, 14, 1)",3
588,conv2d_7,"(0, 0, 11, 0)",15
589,conv2d_7,"(2, 2, 9, 8)",7
590,conv2d_7,"(1, 2, 13, 16)",14
591,conv2d_7,"(2, 2, 12, 27)",14
592,conv2d_7,"(2, 1, 10, 30)",7
593,conv2d_7,"(1, 2, 7, 18)",27
594,conv2d_7,"(1, 0, 2, 4)",2
595,conv2d_7,"(0, 2, 5, 0)",23
596,conv2d_7,"(1, 2, 4, 15)",9
597,conv2d_7,"(0, 1, 4, 5)",28
598,conv2d_7,"(2, 2, 15, 18)",1
599,conv2d_7,"(0, 0, 0, 16)",7
600,conv2d_7,"(1, 2, 1, 13)",18
601,conv2d_7,"(2, 2, 5, 11)",28
602,conv2d_7,"(1, 2, 15, 1)",23
603,conv2d_7,"(2, 2, 10, 28)",9
604,conv2d_7,"(1, 2, 10, 18)",5
605,conv2d_7,"(1, 2, 5, 6)",15
606,conv2d_7,"(2, 0, 8, 17)",23
607,conv2d_7,"(2, 2, 5, 7)",8
608,conv2d_7,"(0, 1, 8, 3)",8
609,conv2d_7,"(0, 0, 9, 27)",21
610,conv2d_7,"(2, 1, 11, 2)",13
611,conv2d_7,"(1, 2, 12, 6)",28
612,conv2d_7,"(0, 0, 0, 1)",24
613,conv2d_7,"(1, 1, 14, 31)",14
614,conv2d_7,"(1, 2, 1, 19)",0
615,conv2d_7,"(0, 2, 15, 12)",25
616,conv2d_7,"(0, 1, 6, 31)",23
617,conv2d_7,"(1, 0, 0, 24)",5
618,conv2d_7,"(0, 2, 0, 1)",0
619,conv2d_7,"(2, 0, 14, 13)",30
620,conv2d_7,"(1, 1, 8, 11)",27
621,conv2d_7,"(0, 0, 10, 2)",23
622,conv2d_7,"(0, 0, 12, 7)",17
623,conv2d_7,"(0, 0, 0, 20)",4
624,conv2d_7,"(1, 1, 3, 0)",8
625,conv2d_7,"(1, 1, 2, 22)",13
626,conv2d_7,"(1, 1, 11, 31)",13
627,conv2d_7,"(0, 2, 14, 17)",8
628,conv2d_7,"(1, 0, 0, 28)",14
629,conv2d_7,"(2, 2, 14, 26)",11
630,conv2d_7,"(2, 1, 0, 15)",17
631,conv2d_7,"(0, 1, 10, 5)",27
632,conv2d_7,"(1, 0, 4, 19)",0
633,conv2d_7,"(0, 1, 0, 3)",11
634,conv2d_7,"(1, 1, 2, 29)",3
635,conv2d_7,"(2, 2, 8, 11)",25
636,conv2d_7,"(0, 2, 12, 7)",19
637,conv2d_7,"(2, 2, 15, 10)",29
638,conv2d_7,"(1, 0, 3, 0)",19
639,conv2d_7,"(2, 0, 6, 2)",27
640,conv2d_7,"(2, 0, 11, 21)",2
641,conv2d_7,"(0, 1, 6, 23)",27
642,conv2d_7,"(2, 1, 12, 25)",12
643,conv2d_7,"(2, 1, 8, 18)",30
644,conv2d_7,"(2, 0, 2, 18)",15
645,conv2d_7,"(2, 2, 15, 17)",30
646,conv2d_7,"(2, 2, 14, 20)",25
647,conv2d_7,"(2, 2, 9, 13)",19
648,conv2d_7,"(2, 1, 9, 23)",1
649,conv2d_7,"(1, 1, 4, 0)",10
650,conv2d_7,"(0, 1, 9, 10)",25
651,conv2d_7,"(0, 2, 12, 17)",20
652,conv2d_7,"(0, 2, 5, 8)",31
653,conv2d_7,"(1, 1, 6, 25)",11
654,conv2d_7,"(1, 0, 2, 2)",13
655,conv2d_7,"(2, 2, 6, 2)",8
656,conv2d_7,"(0, 1, 6, 0)",8
657,conv2d_7,"(1, 1, 15, 18)",0
658,conv2d_7,"(2, 2, 4, 19)",19
659,conv2d_7,"(2, 0, 8, 11)",3
660,conv2d_7,"(0, 1, 3, 22)",3
661,conv2d_7,"(2, 2, 14, 7)",4
662,conv2d_7,"(0, 0, 5, 27)",22
663,conv2d_7,"(2, 1, 2, 5)",18
664,conv2d_7,"(0, 1, 3, 6)",26
665,conv2d_7,"(0, 2, 3, 3)",7
666,conv2d_7,"(2, 1, 7, 1)",28
667,conv2d_7,"(1, 2, 12, 12)",17
668,conv2d_7,"(2, 2, 9, 23)",10
669,conv2d_7,"(1, 2, 13, 2)",22
670,conv2d_7,"(0, 1, 11, 30)",15
671,conv2d_7,"(1, 0, 11, 3)",4
672,conv2d_7,"(2, 0, 6, 21)",17
673,conv2d_7,"(2, 1, 4, 17)",0
674,conv2d_7,"(0, 2, 10, 15)",31
675,conv2d_7,"(1, 1, 5, 24)",21
676,conv2d_7,"(2, 0, 12, 8)",27
677,conv2d_7,"(0, 0, 6, 12)",27
678,conv2d_7,"(2, 1, 8, 30)",25
679,conv2d_7,"(0, 0, 11, 18)",4
680,conv2d_7,"(0, 2, 12, 18)",23
681,conv2d_7,"(2, 2, 13, 1)",0
682,conv2d_7,"(1, 1, 15, 10)",13
683,conv2d_7,"(2, 2, 8, 2)",18
684,conv2d_7,"(0, 1, 13, 8)",11
685,conv2d_7,"(2, 1, 6, 12)",20
686,conv2d_7,"(1, 0, 4, 1)",13
687,conv2d_7,"(2, 1, 10, 29)",24
688,conv2d_7,"(1, 2, 14, 5)",11
689,conv2d_7,"(1, 2, 14, 12)",8
690,conv2d_7,"(2, 1, 10, 18)",26
691,conv2d_7,"(1, 1, 13, 9)",13
692,conv2d_7,"(0, 2, 3, 2)",22
693,conv2d_7,"(0, 2, 0, 25)",5
694,conv2d_7,"(1, 2, 7, 3)",9
695,conv2d_7,"(2, 1, 13, 6)",23
696,conv2d_7,"(1, 2, 2, 8)",0
697,conv2d_7,"(1, 0, 12, 20)",10
698,conv2d_7,"(0, 1, 5, 29)",2
699,conv2d_7,"(1, 0, 5, 28)",17
700,conv2d_7,"(1, 2, 9, 6)",15
701,conv2d_7,"(1, 1, 8, 9)",18
702,conv2d_7,"(0, 1, 12, 8)",16
703,conv2d_7,"(0, 2, 0, 4)",20
704,conv2d_7,"(2, 1, 7, 20)",13
705,conv2d_8,"(0, 1, 29, 20)",5
706,conv2d_8,"(0, 0, 8, 14)",17
707,conv2d_8,"(2, 0, 1, 8)",26
708,conv2d_8,"(1, 0, 23, 22)",7
709,conv2d_8,"(0, 0, 3, 13)",16
710,conv2d_8,"(2, 2, 5, 19)",9
711,conv2d_8,"(2, 2, 0, 1)",26
712,conv2d_8,"(1, 2, 9, 29)",5
713,conv2d_8,"(2, 0, 14, 11)",12
714,conv2d_8,"(2, 0, 28, 14)",9
715,conv2d_8,"(0, 2, 2, 6)",2
716,conv2d_8,"(1, 2, 6, 31)",14
717,conv2d_8,"(1, 1, 29, 17)",30
718,conv2d_8,"(2, 1, 14, 29)",4
719,conv2d_8,"(1, 2, 29, 23)",11
720,conv2d_8,"(1, 1, 4, 21)",12
721,conv2d_8,"(1, 2, 7, 1)",20
722,conv2d_8,"(2, 2, 30, 27)",14
723,conv2d_8,"(0, 2, 20, 19)",27
724,conv2d_8,"(2, 2, 10, 1)",25
725,conv2d_8,"(0, 0, 21, 11)",20
726,conv2d_8,"(0, 0, 5, 14)",7
727,conv2d_8,"(1, 0, 25, 27)",31
728,conv2d_8,"(1, 2, 7, 13)",15
729,conv2d_8,"(1, 0, 1, 4)",6
730,conv2d_8,"(0, 0, 26, 28)",23
731,conv2d_8,"(2, 1, 31, 30)",16
732,conv2d_8,"(1, 1, 3, 18)",11
733,conv2d_8,"(0, 1, 5, 17)",4
734,conv2d_8,"(2, 0, 6, 31)",6
735,conv2d_8,"(0, 1, 16, 10)",9
736,conv2d_8,"(1, 2, 12, 10)",30
737,conv2d_8,"(0, 1, 28, 16)",16
738,conv2d_8,"(2, 0, 18, 14)",7
739,conv2d_8,"(2, 2, 16, 19)",12
740,conv2d_8,"(2, 2, 22, 21)",17
741,conv2d_8,"(0, 1, 20, 30)",3
742,conv2d_8,"(0, 0, 27, 1)",2
743,conv2d_8,"(1, 2, 0, 20)",7
744,conv2d_8,"(1, 1, 8, 7)",19
745,conv2d_8,"(0, 0, 1, 28)",8
746,conv2d_8,"(1, 1, 26, 7)",23
747,conv2d_8,"(2, 1, 1, 16)",18
748,conv2d_8,"(2, 2, 21, 30)",23
749,conv2d_8,"(0, 0, 16, 15)",28
750,conv2d_8,"(0, 1, 4, 21)",20
751,conv2d_8,"(2, 1, 21, 13)",0
752,conv2d_8,"(0, 0, 16, 26)",10
753,conv2d_8,"(1, 1, 13, 30)",15
754,conv2d_8,"(1, 2, 5, 17)",23
755,conv2d_8,"(2, 1, 21, 14)",22
756,conv2d_8,"(1, 1, 29, 1)",17
757,conv2d_8,"(2, 1, 21, 6)",29
758,conv2d_8,"(0, 0, 16, 14)",24
759,conv2d_8,"(0, 2, 26, 17)",1
760,conv2d_8,"(2, 0, 13, 0)",20
761,conv2d_8,"(2, 2, 6, 5)",31
762,conv2d_8,"(0, 0, 16, 30)",27
763,conv2d_8,"(0, 0, 31, 3)",1
764,conv2d_8,"(0, 1, 22, 1)",29
765,conv2d_8,"(0, 0, 11, 31)",24
766,conv2d_8,"(0, 2, 18, 12)",15
767,conv2d_8,"(0, 2, 24, 6)",12
768,conv2d_8,"(2, 2, 26, 7)",9
769,conv2d_8,"(1, 2, 19, 16)",21
770,conv2d_8,"(0, 2, 10, 24)",26
771,conv2d_8,"(2, 0, 11, 24)",1
772,conv2d_8,"(2, 1, 17, 3)",3
773,conv2d_8,"(2, 2, 15, 10)",30
774,conv2d_8,"(2, 0, 22, 26)",0
775,conv2d_8,"(2, 1, 10, 19)",14
776,conv2d_8,"(0, 2, 3, 16)",25
777,conv2d_8,"(0, 2, 9, 14)",2
778,conv2d_8,"(0, 0, 26, 29)",24
779,conv2d_8,"(2, 2, 20, 14)",18
780,conv2d_8,"(0, 0, 10, 23)",27
781,conv2d_8,"(1, 0, 5, 31)",4
782,conv2d_8,"(1, 1, 23, 24)",4
783,conv2d_8,"(1, 1, 10, 8)",20
784,conv2d_8,"(2, 2, 6, 24)",26
785,conv2d_8,"(2, 2, 16, 4)",20
786,conv2d_8,"(1, 2, 6, 7)",12
787,conv2d_8,"(1, 2, 11, 27)",19
788,conv2d_8,"(1, 2, 3, 30)",7
789,conv2d_8,"(2, 2, 17, 28)",20
790,conv2d_8,"(2, 1, 17, 27)",18
791,conv2d_8,"(0, 2, 6, 9)",23
792,conv2d_8,"(2, 1, 11, 23)",1
793,conv2d_8,"(1, 0, 27, 6)",29
794,conv2d_8,"(1, 1, 31, 3)",0
795,conv2d_8,"(2, 0, 21, 12)",7
796,conv2d_8,"(1, 1, 18, 15)",30
797,conv2d_8,"(0, 0, 30, 21)",10
798,conv2d_8,"(2, 0, 24, 16)",17
799,conv2d_8,"(0, 1, 13, 22)",11
800,conv2d_8,"(2, 1, 30, 13)",25
801,conv2d_8,"(2, 0, 30, 17)",23
802,conv2d_8,"(0, 2, 11, 5)",1
803,conv2d_8,"(0, 0, 24, 5)",10
804,conv2d_8,"(0, 0, 21, 29)",24
805,conv2d_8,"(1, 2, 9, 25)",10
806,conv2d_8,"(1, 2, 21, 24)",8
807,conv2d_8,"(1, 1, 14, 4)",2
808,conv2d_8,"(2, 0, 11, 21)",23
809,conv2d_8,"(2, 2, 6, 15)",17
810,conv2d_8,"(0, 0, 13, 31)",17
811,conv2d_8,"(2, 2, 27, 17)",4
812,conv2d_8,"(2, 2, 22, 1)",6
813,conv2d_8,"(0, 2, 3, 28)",8
814,conv2d_8,"(1, 1, 28, 21)",11
815,conv2d_8,"(0, 1, 9, 6)",12
816,conv2d_8,"(0, 2, 22, 26)",12
817,conv2d_8,"(0, 2, 1, 19)",7
818,conv2d_8,"(2, 0, 20, 26)",12
819,conv2d_8,"(2, 2, 13, 1)",3
820,conv2d_8,"(2, 2, 30, 1)",31
821,conv2d_8,"(1, 1, 9, 27)",20
822,conv2d_8,"(1, 0, 6, 13)",18
823,conv2d_8,"(2, 1, 8, 2)",27
824,conv2d_8,"(2, 2, 0, 2)",25
825,conv2d_8,"(1, 0, 12, 24)",15
826,conv2d_8,"(1, 2, 1, 17)",30
827,conv2d_8,"(1, 2, 3, 31)",3
828,conv2d_8,"(0, 1, 21, 17)",12
829,conv2d_8,"(0, 0, 5, 0)",26
830,conv2d_8,"(2, 2, 10, 10)",29
831,conv2d_8,"(2, 0, 31, 3)",24
832,conv2d_8,"(2, 0, 4, 23)",23
833,conv2d_8,"(2, 1, 26, 5)",7
834,conv2d_8,"(2, 2, 3, 9)",29
835,conv2d_8,"(0, 0, 21, 22)",3
836,conv2d_8,"(0, 0, 14, 4)",12
837,conv2d_8,"(0, 1, 4, 12)",0
838,conv2d_8,"(2, 1, 27, 25)",9
839,conv2d_8,"(0, 1, 19, 23)",0
840,conv2d_8,"(0, 2, 30, 20)",24
841,conv2d_8,"(0, 2, 0, 10)",4
842,conv2d_8,"(0, 1, 2, 9)",5
843,conv2d_8,"(1, 0, 5, 18)",28
844,conv2d_8,"(0, 2, 29, 27)",16
845,conv2d_8,"(0, 0, 17, 28)",17
846,conv2d_8,"(1, 2, 8, 6)",29
847,conv2d_8,"(2, 1, 10, 11)",27
848,conv2d_8,"(0, 1, 8, 5)",18
849,conv2d_8,"(2, 0, 27, 27)",20
850,conv2d_8,"(2, 0, 15, 31)",17
851,conv2d_8,"(0, 0, 27, 19)",19
852,conv2d_8,"(2, 0, 28, 1)",29
853,conv2d_8,"(1, 1, 28, 11)",28
854,conv2d_8,"(0, 2, 28, 7)",18
855,conv2d_8,"(0, 1, 24, 22)",29
856,conv2d_8,"(2, 1, 17, 4)",12
857,conv2d_8,"(0, 0, 30, 13)",4
858,conv2d_8,"(1, 2, 4, 1)",2
859,conv2d_8,"(0, 2, 11, 18)",15
860,conv2d_8,"(0, 0, 21, 7)",29
861,conv2d_8,"(1, 0, 19, 14)",12
862,conv2d_8,"(1, 1, 15, 19)",1
863,conv2d_8,"(1, 2, 23, 19)",30
864,conv2d_8,"(1, 1, 26, 5)",3
865,conv2d_8,"(2, 0, 4, 27)",28
866,conv2d_8,"(2, 1, 19, 27)",9
867,conv2d_8,"(1, 0, 7, 17)",6
868,conv2d_8,"(0, 1, 16, 30)",14
869,conv2d_8,"(0, 0, 21, 18)",0
870,conv2d_8,"(1, 0, 14, 8)",17
871,conv2d_8,"(2, 0, 31, 13)",18
872,conv2d_8,"(2, 2, 6, 6)",28
873,conv2d_8,"(1, 0, 24, 23)",19
874,conv2d_8,"(1, 0, 23, 31)",18
875,conv2d_8,"(0, 0, 10, 13)",26
876,conv2d_8,"(0, 0, 16, 12)",14
877,conv2d_8,"(0, 0, 15, 0)",1
878,conv2d_8,"(2, 2, 22, 13)",31
879,conv2d_8,"(0, 2, 22, 21)",1
880,conv2d_8,"(0, 0, 17, 7)",30
881,conv2d_8,"(1, 1, 9, 28)",28
882,conv2d_8,"(1, 1, 3, 29)",2
883,conv2d_8,"(2, 1, 17, 25)",18
884,conv2d_8,"(2, 0, 15, 29)",27
885,conv2d_8,"(0, 1, 5, 2)",1
886,conv2d_8,"(1, 2, 16, 13)",21
887,conv2d_8,"(1, 0, 29, 9)",6
888,conv2d_8,"(1, 0, 17, 3)",6
889,conv2d_8,"(0, 0, 17, 8)",5
890,conv2d_8,"(2, 0, 22, 7)",12
891,conv2d_8,"(2, 0, 28, 6)",7
892,conv2d_8,"(2, 2, 14, 5)",29
893,conv2d_8,"(2, 2, 5, 1)",12
894,conv2d_8,"(0, 0, 19, 14)",23
895,conv2d_8,"(0, 0, 29, 14)",13
896,conv2d_8,"(1, 1, 6, 9)",6
897,conv2d_8,"(1, 2, 20, 28)",1
898,conv2d_8,"(0, 1, 0, 7)",9
899,conv2d_8,"(0, 2, 11, 14)",28
900,conv2d_8,"(2, 1, 12, 13)",19
901,conv2d_8,"(2, 2, 30, 7)",11
902,conv2d_8,"(1, 1, 30, 25)",10
903,conv2d_8,"(2, 2, 29, 12)",31
904,conv2d_8,"(2, 2, 15, 20)",30
905,conv2d_8,"(1, 1, 25, 21)",31
906,conv2d_8,"(2, 2, 28, 29)",20
907,conv2d_8,"(1, 1, 16, 13)",22
908,conv2d_8,"(2, 0, 16, 25)",3
909,conv2d_8,"(0, 2, 24, 12)",28
910,conv2d_8,"(1, 0, 22, 20)",5
911,conv2d_8,"(2, 1, 5, 17)",19
912,conv2d_8,"(0, 0, 7, 23)",1
913,conv2d_8,"(0, 1, 3, 14)",16
914,conv2d_8,"(1, 2, 21, 29)",26
915,conv2d_8,"(0, 0, 3, 27)",12
916,conv2d_8,"(0, 2, 29, 6)",10
917,conv2d_8,"(2, 2, 24, 6)",5
918,conv2d_8,"(0, 2, 17, 0)",17
919,conv2d_8,"(1, 2, 0, 24)",17
920,conv2d_8,"(2, 1, 6, 3)",30
921,conv2d_8,"(1, 2, 29, 22)",29
922,conv2d_8,"(1, 0, 8, 8)",29
923,conv2d_8,"(0, 2, 7, 23)",24
924,conv2d_8,"(0, 2, 26, 21)",8
925,conv2d_8,"(0, 0, 9, 4)",27
926,conv2d_8,"(0, 2, 19, 15)",17
927,conv2d_8,"(1, 0, 30, 21)",24
928,conv2d_8,"(2, 2, 3, 16)",2
929,conv2d_8,"(0, 0, 10, 16)",29
930,conv2d_8,"(1, 1, 31, 20)",27
931,conv2d_8,"(1, 0, 14, 9)",30
932,conv2d_8,"(0, 2, 29, 21)",20
933,conv2d_8,"(2, 0, 29, 13)",14
934,conv2d_8,"(1, 1, 6, 14)",8
935,conv2d_8,"(2, 2, 10, 28)",20
936,conv2d_8,"(2, 1, 16, 0)",22
937,conv2d_8,"(2, 0, 29, 20)",2
938,conv2d_8,"(2, 0, 18, 26)",31
939,conv2d_8,"(1, 0, 0, 29)",0
940,conv2d_8,"(2, 1, 18, 14)",31
941,conv2d_8,"(0, 0, 24, 17)",15
942,conv2d_8,"(1, 1, 0, 11)",12
943,conv2d_8,"(1, 0, 1, 23)",14
944,conv2d_8,"(0, 2, 25, 22)",15
945,conv2d_8,"(1, 1, 0, 4)",31
946,conv2d_8,"(2, 1, 23, 27)",6
947,conv2d_8,"(1, 0, 19, 15)",14
948,conv2d_8,"(0, 2, 21, 1)",4
949,conv2d_8,"(0, 1, 20, 19)",4
950,conv2d_8,"(0, 0, 27, 20)",17
951,conv2d_8,"(2, 1, 21, 23)",21
952,conv2d_8,"(2, 1, 1, 4)",11
953,conv2d_8,"(1, 0, 28, 23)",31
954,conv2d_8,"(1, 2, 3, 18)",24
955,conv2d_8,"(2, 1, 18, 19)",0
956,conv2d_8,"(0, 1, 2, 20)",15
957,conv2d_8,"(0, 1, 9, 2)",20
958,conv2d_8,"(1, 2, 1, 9)",18
959,conv2d_8,"(2, 0, 3, 23)",14
960,conv2d_8,"(1, 0, 11, 26)",0
961,conv2d_8,"(1, 0, 2, 24)",4
962,conv2d_8,"(1, 1, 26, 0)",5
963,conv2d_8,"(0, 2, 24, 11)",3
964,conv2d_8,"(0, 1, 12, 23)",19
965,conv2d_8,"(1, 0, 29, 8)",13
966,conv2d_8,"(0, 2, 23, 4)",29
967,conv2d_8,"(0, 0, 12, 31)",1
968,conv2d_8,"(1, 1, 10, 22)",15
969,conv2d_8,"(2, 0, 6, 22)",28
970,conv2d_8,"(2, 0, 24, 0)",10
971,conv2d_8,"(1, 1, 0, 31)",5
972,conv2d_8,"(0, 1, 5, 5)",4
973,conv2d_8,"(0, 2, 13, 18)",9
974,conv2d_8,"(0, 1, 21, 30)",9
975,conv2d_8,"(1, 0, 19, 9)",3
976,conv2d_8,"(1, 1, 11, 14)",7
977,conv2d_8,"(2, 2, 30, 8)",11
978,conv2d_8,"(2, 1, 0, 15)",9
979,conv2d_8,"(0, 0, 7, 25)",20
980,conv2d_8,"(0, 0, 20, 25)",22
981,conv2d_8,"(0, 2, 2, 27)",24
982,conv2d_8,"(1, 1, 11, 18)",4
983,conv2d_8,"(2, 0, 10, 31)",25
984,conv2d_8,"(0, 1, 1, 12)",22
985,conv2d_8,"(1, 1, 27, 28)",31
986,conv2d_8,"(0, 1, 7, 11)",10
987,conv2d_8,"(2, 1, 23, 9)",22
988,conv2d_8,"(2, 2, 19, 17)",5
989,conv2d_8,"(2, 2, 26, 31)",10
990,conv2d_8,"(2, 0, 1, 11)",19
991,conv2d_8,"(1, 1, 0, 20)",12
992,conv2d_8,"(2, 0, 8, 9)",0
993,conv2d_8,"(2, 1, 7, 29)",30
994,conv2d_8,"(1, 0, 15, 5)",26
995,conv2d_8,"(2, 2, 22, 0)",10
996,conv2d_8,"(2, 1, 22, 19)",31
997,conv2d_8,"(1, 2, 16, 18)",10
998,conv2d_8,"(0, 0, 16, 20)",13
999,conv2d_8,"(2, 0, 29, 16)",11
1000,conv2d_8,"(2, 1, 9, 10)",24
1001,conv2d_8,"(1, 2, 5, 6)",24
1002,conv2d_8,"(0, 0, 9, 31)",12
1003,conv2d_8,"(1, 2, 2, 25)",29
1004,conv2d_8,"(2, 1, 2, 21)",24
1005,conv2d_8,"(0, 2, 2, 26)",3
1006,conv2d_8,"(0, 0, 28, 12)",17
1007,conv2d_8,"(1, 1, 13, 22)",7
1008,conv2d_8,"(1, 2, 26, 0)",27
1009,conv2d_8,"(0, 2, 19, 31)",31
1010,conv2d_8,"(2, 2, 24, 0)",18
1011,conv2d_8,"(0, 1, 11, 13)",8
1012,conv2d_8,"(1, 1, 8, 15)",20
1013,conv2d_8,"(1, 2, 29, 12)",13
1014,conv2d_8,"(0, 2, 22, 10)",21
1015,conv2d_8,"(0, 2, 11, 26)",12
1016,conv2d_8,"(0, 2, 8, 2)",13
1017,conv2d_8,"(0, 1, 7, 19)",8
1018,conv2d_8,"(1, 0, 14, 0)",27
1019,conv2d_8,"(1, 1, 9, 0)",6
1020,conv2d_8,"(1, 1, 27, 14)",5
1021,conv2d_8,"(2, 1, 1, 25)",31
1022,conv2d_8,"(0, 0, 7, 1)",0
1023,conv2d_8,"(2, 2, 26, 20)",18
1024,conv2d_8,"(1, 0, 1, 0)",19
1025,conv2d_8,"(1, 1, 11, 0)",4
1026,conv2d_8,"(0, 0, 23, 21)",31
1027,conv2d_8,"(1, 1, 15, 26)",4
1028,conv2d_8,"(2, 0, 28, 2)",28
1029,conv2d_8,"(0, 1, 31, 28)",26
1030,conv2d_8,"(0, 2, 14, 6)",8
1031,conv2d_8,"(1, 1, 2, 24)",22
1032,conv2d_8,"(0, 0, 11, 24)",28
1033,conv2d_8,"(0, 1, 27, 0)",9
1034,conv2d_8,"(2, 0, 21, 25)",15
1035,conv2d_8,"(1, 2, 25, 11)",30
1036,conv2d_8,"(1, 0, 12, 26)",18
1037,conv2d_8,"(0, 1, 25, 8)",2
1038,conv2d_8,"(1, 2, 4, 11)",0
1039,conv2d_8,"(0, 1, 30, 3)",0
1040,conv2d_8,"(2, 0, 25, 3)",29
1041,conv2d_8,"(0, 0, 19, 23)",5
1042,conv2d_8,"(2, 1, 23, 17)",17
1043,conv2d_8,"(0, 2, 10, 0)",30
1044,conv2d_8,"(1, 0, 9, 8)",22
1045,conv2d_8,"(0, 2, 29, 10)",11
1046,conv2d_8,"(0, 2, 17, 3)",9
1047,conv2d_8,"(2, 0, 6, 27)",14
1048,conv2d_8,"(2, 0, 15, 9)",20
1049,conv2d_9,"(0, 1, 25, 14)",21
1050,conv2d_9,"(1, 0, 9, 23)",18
1051,conv2d_9,"(0, 2, 30, 1)",30
1052,conv2d_9,"(1, 0, 24, 9)",10
1053,conv2d_9,"(2, 0, 12, 15)",8
1054,conv2d_9,"(1, 2, 17, 21)",8
1055,conv2d_9,"(0, 1, 29, 4)",13
1056,conv2d_9,"(1, 2, 1, 3)",29
1057,conv2d_9,"(0, 2, 15, 19)",23
1058,conv2d_9,"(0, 2, 1, 11)",25
1059,conv2d_9,"(2, 0, 29, 30)",24
1060,conv2d_9,"(0, 1, 1, 20)",30
1061,conv2d_9,"(0, 1, 12, 4)",6
1062,conv2d_9,"(1, 1, 10, 11)",7
1063,conv2d_9,"(1, 2, 16, 15)",3
1064,conv2d_9,"(2, 1, 29, 12)",27
1065,conv2d_9,"(1, 1, 4, 29)",15
1066,conv2d_9,"(1, 0, 8, 10)",18
1067,conv2d_9,"(0, 0, 19, 15)",4
1068,conv2d_9,"(2, 1, 20, 19)",15
1069,conv2d_9,"(2, 0, 8, 9)",30
1070,conv2d_9,"(0, 1, 8, 25)",31
1071,conv2d_9,"(0, 0, 18, 26)",8
1072,conv2d_9,"(0, 1, 29, 15)",0
1073,conv2d_9,"(1, 1, 14, 15)",13
1074,conv2d_9,"(0, 0, 3, 10)",21
1075,conv2d_9,"(0, 1, 15, 4)",23
1076,conv2d_9,"(0, 1, 2, 27)",12
1077,conv2d_9,"(1, 1, 16, 18)",22
1078,conv2d_9,"(2, 0, 13, 3)",22
1079,conv2d_9,"(0, 2, 5, 7)",18
1080,conv2d_9,"(0, 0, 29, 12)",11
1081,conv2d_9,"(1, 0, 16, 9)",2
1082,conv2d_9,"(2, 0, 5, 28)",8
1083,conv2d_9,"(0, 2, 12, 31)",4
1084,conv2d_9,"(0, 1, 5, 4)",12
1085,conv2d_9,"(2, 0, 20, 7)",12
1086,conv2d_9,"(2, 1, 20, 17)",7
1087,conv2d_9,"(2, 0, 9, 10)",20
1088,conv2d_9,"(2, 0, 22, 17)",23
1089,conv2d_9,"(1, 2, 24, 28)",15
1090,conv2d_9,"(0, 2, 16, 25)",25
1091,conv2d_9,"(0, 1, 12, 2)",11
1092,conv2d_9,"(0, 2, 2, 22)",0
1093,conv2d_9,"(2, 2, 6, 28)",30
1094,conv2d_9,"(1, 1, 5, 14)",5
1095,conv2d_9,"(2, 0, 20, 26)",28
1096,conv2d_9,"(0, 2, 8, 20)",12
1097,conv2d_9,"(0, 2, 27, 31)",21
1098,conv2d_9,"(0, 1, 0, 7)",17
1099,conv2d_9,"(2, 0, 29, 4)",2
1100,conv2d_9,"(2, 0, 12, 30)",16
1101,conv2d_9,"(2, 1, 30, 31)",17
1102,conv2d_9,"(0, 2, 22, 0)",18
1103,conv2d_9,"(0, 0, 5, 16)",6
1104,conv2d_9,"(2, 1, 6, 5)",24
1105,conv2d_9,"(0, 2, 5, 24)",31
1106,conv2d_9,"(2, 0, 15, 27)",16
1107,conv2d_9,"(0, 0, 31, 1)",22
1108,conv2d_9,"(2, 2, 26, 27)",26
1109,conv2d_9,"(1, 1, 5, 6)",5
1110,conv2d_9,"(1, 0, 1, 8)",25
1111,conv2d_9,"(0, 0, 23, 30)",26
1112,conv2d_9,"(0, 2, 21, 1)",19
1113,conv2d_9,"(1, 2, 21, 10)",19
1114,conv2d_9,"(2, 2, 29, 6)",18
1115,conv2d_9,"(1, 2, 13, 18)",17
1116,conv2d_9,"(0, 2, 22, 20)",29
1117,conv2d_9,"(2, 2, 28, 16)",9
1118,conv2d_9,"(1, 1, 26, 20)",26
1119,conv2d_9,"(0, 1, 1, 12)",24
1120,conv2d_9,"(1, 2, 25, 5)",16
1121,conv2d_9,"(2, 1, 15, 9)",8
1122,conv2d_9,"(1, 2, 2, 20)",6
1123,conv2d_9,"(2, 1, 5, 1)",0
1124,conv2d_9,"(1, 0, 19, 28)",28
1125,conv2d_9,"(0, 2, 20, 2)",18
1126,conv2d_9,"(2, 2, 2, 10)",6
1127,conv2d_9,"(0, 2, 1, 14)",2
1128,conv2d_9,"(1, 2, 0, 26)",26
1129,conv2d_9,"(1, 1, 28, 2)",14
1130,conv2d_9,"(0, 0, 11, 9)",6
1131,conv2d_9,"(1, 1, 18, 12)",28
1132,conv2d_9,"(0, 2, 1, 18)",8
1133,conv2d_9,"(1, 1, 5, 16)",9
1134,conv2d_9,"(0, 2, 16, 31)",9
1135,conv2d_9,"(2, 1, 20, 25)",4
1136,conv2d_9,"(0, 2, 12, 8)",25
1137,conv2d_9,"(2, 0, 28, 8)",17
1138,conv2d_9,"(0, 0, 21, 0)",8
1139,conv2d_9,"(1, 2, 25, 18)",12
1140,conv2d_9,"(0, 1, 5, 7)",11
1141,conv2d_9,"(1, 1, 22, 18)",20
1142,conv2d_9,"(2, 2, 12, 15)",20
1143,conv2d_9,"(0, 1, 26, 10)",28
1144,conv2d_9,"(2, 0, 2, 18)",13
1145,conv2d_9,"(2, 1, 21, 7)",27
1146,conv2d_9,"(2, 2, 26, 5)",2
1147,conv2d_9,"(1, 2, 25, 22)",5
1148,conv2d_9,"(1, 2, 10, 22)",1
1149,conv2d_9,"(2, 0, 24, 23)",9
1150,conv2d_9,"(2, 2, 11, 2)",10
1151,conv2d_9,"(2, 2, 17, 15)",11
1152,conv2d_9,"(0, 2, 23, 28)",21
1153,conv2d_9,"(1, 2, 25, 4)",15
1154,conv2d_9,"(0, 1, 24, 11)",13
1155,conv2d_9,"(2, 0, 26, 2)",10
1156,conv2d_9,"(0, 1, 9, 25)",23
1157,conv2d_9,"(0, 2, 2, 8)",6
1158,conv2d_9,"(2, 0, 19, 30)",30
1159,conv2d_9,"(0, 1, 16, 14)",18
1160,conv2d_9,"(0, 2, 23, 5)",10
1161,conv2d_9,"(0, 1, 25, 28)",5
1162,conv2d_9,"(2, 1, 22, 1)",13
1163,conv2d_9,"(2, 1, 5, 25)",0
1164,conv2d_9,"(1, 1, 1, 31)",19
1165,conv2d_9,"(2, 1, 24, 16)",7
1166,conv2d_9,"(0, 2, 4, 2)",12
1167,conv2d_9,"(0, 2, 11, 24)",1
1168,conv2d_9,"(2, 1, 10, 31)",19
1169,conv2d_9,"(1, 0, 24, 31)",21
1170,conv2d_9,"(2, 2, 26, 16)",12
1171,conv2d_9,"(1, 0, 6, 6)",11
1172,conv2d_9,"(0, 1, 14, 30)",11
1173,conv2d_9,"(1, 0, 16, 13)",4
1174,conv2d_9,"(2, 2, 30, 3)",2
1175,conv2d_9,"(2, 0, 18, 21)",7
1176,conv2d_9,"(2, 0, 15, 10)",27
1177,conv2d_9,"(2, 1, 31, 18)",1
1178,conv2d_9,"(0, 0, 30, 20)",28
1179,conv2d_9,"(0, 0, 2, 15)",17
1180,conv2d_9,"(1, 1, 20, 7)",31
1181,conv2d_9,"(0, 2, 26, 22)",17
1182,conv2d_9,"(2, 2, 22, 11)",12
1183,conv2d_9,"(2, 2, 19, 22)",26
1184,conv2d_9,"(2, 2, 6, 11)",21
1185,conv2d_9,"(1, 1, 11, 22)",11
1186,conv2d_9,"(0, 2, 11, 7)",1
1187,conv2d_9,"(2, 1, 3, 23)",3
1188,conv2d_9,"(0, 0, 5, 31)",9
1189,conv2d_9,"(0, 1, 8, 10)",1
1190,conv2d_9,"(0, 0, 21, 7)",22
1191,conv2d_9,"(1, 1, 5, 22)",3
1192,conv2d_9,"(0, 1, 17, 4)",17
1193,conv2d_9,"(0, 0, 24, 31)",7
1194,conv2d_9,"(2, 1, 19, 30)",8
1195,conv2d_9,"(2, 0, 11, 17)",27
1196,conv2d_9,"(1, 2, 8, 11)",2
1197,conv2d_9,"(0, 2, 5, 25)",14
1198,conv2d_9,"(0, 0, 25, 26)",27
1199,conv2d_9,"(1, 2, 5, 29)",31
1200,conv2d_9,"(1, 2, 21, 26)",31
1201,conv2d_9,"(0, 2, 5, 9)",9
1202,conv2d_9,"(2, 2, 11, 21)",25
1203,conv2d_9,"(0, 1, 18, 3)",21
1204,conv2d_9,"(1, 1, 8, 9)",31
1205,conv2d_9,"(1, 0, 30, 16)",14
1206,conv2d_9,"(1, 2, 18, 1)",9
1207,conv2d_9,"(1, 1, 22, 9)",12
1208,conv2d_9,"(2, 1, 24, 30)",18
1209,conv2d_9,"(1, 1, 25, 25)",1
1210,conv2d_9,"(1, 2, 5, 24)",18
1211,conv2d_9,"(0, 2, 7, 23)",16
1212,conv2d_9,"(1, 1, 29, 12)",11
1213,conv2d_9,"(1, 2, 31, 13)",29
1214,conv2d_9,"(2, 1, 11, 13)",5
1215,conv2d_9,"(2, 1, 24, 11)",6
1216,conv2d_9,"(1, 1, 12, 30)",24
1217,conv2d_9,"(1, 0, 28, 8)",23
1218,conv2d_9,"(0, 1, 5, 31)",10
1219,conv2d_9,"(1, 2, 17, 4)",19
1220,conv2d_9,"(2, 2, 30, 21)",25
1221,conv2d_9,"(2, 0, 10, 24)",29
1222,conv2d_9,"(0, 2, 15, 28)",28
1223,conv2d_9,"(2, 2, 16, 13)",28
1224,conv2d_9,"(2, 2, 11, 10)",10
1225,conv2d_9,"(1, 1, 3, 24)",8
1226,conv2d_9,"(1, 1, 3, 13)",25
1227,conv2d_9,"(2, 2, 25, 10)",7
1228,conv2d_9,"(1, 2, 19, 22)",26
1229,conv2d_9,"(0, 0, 3, 23)",29
1230,conv2d_9,"(1, 0, 11, 14)",10
1231,conv2d_9,"(0, 1, 22, 8)",22
1232,conv2d_9,"(0, 2, 25, 16)",8
1233,conv2d_9,"(2, 2, 20, 28)",6
1234,conv2d_9,"(2, 1, 28, 14)",25
1235,conv2d_9,"(2, 0, 24, 4)",17
1236,conv2d_9,"(1, 0, 26, 14)",19
1237,conv2d_9,"(2, 2, 17, 30)",7
1238,conv2d_9,"(1, 1, 1, 8)",7
1239,conv2d_9,"(2, 2, 4, 9)",8
1240,conv2d_9,"(1, 0, 3, 20)",17
1241,conv2d_9,"(2, 2, 31, 0)",30
1242,conv2d_9,"(0, 2, 25, 8)",4
1243,conv2d_9,"(1, 2, 11, 28)",15
1244,conv2d_9,"(2, 0, 17, 15)",19
1245,conv2d_9,"(2, 1, 11, 5)",17
1246,conv2d_9,"(2, 1, 31, 8)",22
1247,conv2d_9,"(2, 2, 16, 7)",14
1248,conv2d_9,"(1, 1, 27, 8)",6
1249,conv2d_9,"(1, 0, 9, 13)",0
1250,conv2d_9,"(2, 1, 28, 17)",17
1251,conv2d_9,"(2, 1, 30, 7)",15
1252,conv2d_9,"(2, 1, 31, 13)",20
1253,conv2d_9,"(1, 2, 13, 8)",1
1254,conv2d_9,"(1, 0, 25, 16)",2
1255,conv2d_9,"(1, 2, 15, 28)",2
1256,conv2d_9,"(1, 1, 10, 16)",28
1257,conv2d_9,"(2, 2, 22, 13)",17
1258,conv2d_9,"(0, 1, 18, 11)",7
1259,conv2d_9,"(1, 0, 6, 26)",1
1260,conv2d_9,"(2, 0, 31, 15)",25
1261,conv2d_9,"(1, 2, 23, 5)",5
1262,conv2d_9,"(2, 1, 3, 3)",18
1263,conv2d_9,"(1, 0, 13, 2)",4
1264,conv2d_9,"(1, 1, 9, 27)",12
1265,conv2d_9,"(1, 0, 5, 31)",28
1266,conv2d_9,"(0, 1, 13, 18)",29
1267,conv2d_9,"(2, 0, 1, 8)",3
1268,conv2d_9,"(2, 1, 23, 21)",22
1269,conv2d_9,"(0, 0, 25, 27)",5
1270,conv2d_9,"(0, 0, 11, 24)",11
1271,conv2d_9,"(2, 0, 0, 18)",4
1272,conv2d_9,"(0, 2, 0, 0)",13
1273,conv2d_9,"(0, 0, 21, 23)",11
1274,conv2d_9,"(1, 1, 29, 10)",11
1275,conv2d_9,"(1, 1, 25, 26)",20
1276,conv2d_9,"(1, 0, 18, 9)",16
1277,conv2d_9,"(0, 0, 18, 7)",5
1278,conv2d_9,"(2, 1, 29, 26)",23
1279,conv2d_9,"(1, 1, 20, 28)",5
1280,conv2d_9,"(0, 0, 20, 19)",20
1281,conv2d_9,"(1, 0, 25, 19)",23
1282,conv2d_9,"(2, 2, 20, 9)",9
1283,conv2d_9,"(1, 1, 28, 19)",9
1284,conv2d_9,"(2, 1, 15, 21)",25
1285,conv2d_9,"(2, 1, 16, 4)",14
1286,conv2d_9,"(2, 2, 9, 7)",29
1287,conv2d_9,"(1, 2, 30, 11)",5
1288,conv2d_9,"(1, 0, 22, 26)",21
1289,conv2d_9,"(0, 1, 15, 28)",27
1290,conv2d_9,"(2, 1, 26, 29)",10
1291,conv2d_9,"(2, 2, 29, 5)",30
1292,conv2d_9,"(2, 1, 23, 13)",6
1293,conv2d_9,"(1, 2, 25, 16)",0
1294,conv2d_9,"(2, 1, 10, 1)",12
1295,conv2d_9,"(0, 2, 28, 18)",13
1296,conv2d_9,"(1, 1, 30, 7)",9
1297,conv2d_9,"(1, 0, 5, 18)",7
1298,conv2d_9,"(1, 0, 6, 10)",23
1299,conv2d_9,"(0, 0, 25, 30)",18
1300,conv2d_9,"(2, 2, 31, 17)",13
1301,conv2d_9,"(1, 1, 31, 20)",15
1302,conv2d_9,"(2, 1, 4, 22)",29
1303,conv2d_9,"(1, 2, 23, 27)",1
1304,conv2d_9,"(0, 1, 14, 17)",27
1305,conv2d_9,"(0, 1, 1, 31)",15
1306,conv2d_9,"(1, 0, 19, 17)",17
1307,conv2d_9,"(1, 2, 15, 2)",0
1308,conv2d_9,"(0, 2, 25, 25)",10
1309,conv2d_9,"(2, 1, 9, 22)",7
1310,conv2d_9,"(1, 0, 9, 26)",14
1311,conv2d_9,"(0, 0, 14, 27)",15
1312,conv2d_9,"(1, 2, 1, 18)",7
1313,conv2d_9,"(2, 0, 1, 7)",30
1314,conv2d_9,"(1, 0, 21, 5)",12
1315,conv2d_9,"(2, 2, 28, 8)",2
1316,conv2d_9,"(2, 1, 23, 31)",21
1317,conv2d_9,"(2, 2, 29, 11)",8
1318,conv2d_9,"(2, 1, 17, 21)",22
1319,conv2d_9,"(1, 1, 6, 23)",8
1320,conv2d_9,"(2, 1, 26, 2)",30
1321,conv2d_9,"(1, 1, 15, 28)",31
1322,conv2d_9,"(1, 1, 24, 30)",0
1323,conv2d_9,"(0, 2, 22, 16)",5
1324,conv2d_9,"(0, 2, 8, 21)",31
1325,conv2d_9,"(1, 1, 14, 12)",1
1326,conv2d_9,"(0, 0, 26, 14)",11
1327,conv2d_9,"(0, 1, 22, 9)",18
1328,conv2d_9,"(1, 0, 15, 8)",6
1329,conv2d_9,"(1, 2, 28, 25)",31
1330,conv2d_9,"(0, 2, 2, 17)",16
1331,conv2d_9,"(1, 1, 1, 0)",23
1332,conv2d_9,"(1, 0, 25, 27)",27
1333,conv2d_9,"(2, 2, 17, 16)",30
1334,conv2d_9,"(2, 0, 14, 26)",28
1335,conv2d_9,"(1, 0, 9, 9)",20
1336,conv2d_9,"(2, 0, 11, 15)",11
1337,conv2d_9,"(1, 1, 11, 18)",14
1338,conv2d_9,"(2, 1, 24, 13)",31
1339,conv2d_9,"(2, 2, 31, 30)",15
1340,conv2d_9,"(1, 2, 24, 27)",12
1341,conv2d_9,"(1, 2, 24, 22)",11
1342,conv2d_9,"(0, 0, 0, 2)",22
1343,conv2d_9,"(0, 1, 25, 25)",1
1344,conv2d_9,"(0, 2, 14, 21)",12
1345,conv2d_9,"(0, 1, 21, 13)",3
1346,conv2d_9,"(0, 0, 5, 9)",14
1347,conv2d_9,"(1, 1, 3, 26)",1
1348,conv2d_9,"(1, 0, 25, 15)",20
1349,conv2d_9,"(1, 1, 22, 6)",19
1350,conv2d_9,"(2, 1, 11, 21)",31
1351,conv2d_9,"(1, 1, 1, 26)",3
1352,conv2d_9,"(2, 1, 8, 14)",20
1353,conv2d_9,"(1, 0, 17, 4)",21
1354,conv2d_9,"(0, 0, 12, 7)",27
1355,conv2d_9,"(2, 0, 25, 13)",20
1356,conv2d_9,"(0, 1, 13, 28)",3
1357,conv2d_9,"(0, 1, 30, 12)",29
1358,conv2d_9,"(0, 1, 0, 27)",4
1359,conv2d_9,"(0, 0, 12, 31)",13
1360,conv2d_9,"(1, 2, 29, 5)",8
1361,conv2d_9,"(2, 2, 26, 18)",28
1362,conv2d_9,"(1, 0, 6, 28)",3
1363,conv2d_9,"(0, 1, 24, 19)",4
1364,conv2d_9,"(0, 0, 11, 4)",22
1365,conv2d_9,"(1, 2, 23, 3)",16
1366,conv2d_9,"(1, 0, 10, 7)",26
1367,conv2d_9,"(2, 1, 3, 6)",16
1368,conv2d_9,"(2, 2, 27, 7)",2
1369,conv2d_9,"(0, 1, 17, 8)",17
1370,conv2d_9,"(2, 1, 6, 14)",30
1371,conv2d_9,"(1, 1, 27, 16)",5
1372,conv2d_9,"(1, 0, 3, 30)",12
1373,conv2d_9,"(0, 2, 0, 10)",15
1374,conv2d_9,"(2, 1, 1, 3)",14
1375,conv2d_9,"(2, 1, 0, 24)",7
1376,conv2d_9,"(0, 0, 3, 9)",3
1377,conv2d_9,"(2, 0, 25, 23)",8
1378,conv2d_9,"(1, 1, 6, 15)",3
1379,conv2d_9,"(2, 0, 0, 19)",2
1380,conv2d_9,"(2, 2, 0, 26)",14
1381,conv2d_9,"(2, 0, 20, 29)",29
1382,conv2d_9,"(2, 2, 9, 8)",13
1383,conv2d_9,"(2, 1, 10, 6)",23
1384,conv2d_9,"(0, 1, 25, 22)",16
1385,conv2d_9,"(2, 2, 5, 19)",1
1386,conv2d_9,"(1, 2, 27, 31)",12
1387,conv2d_9,"(1, 0, 5, 2)",31
1388,conv2d_9,"(0, 1, 6, 23)",29
1389,conv2d_9,"(0, 0, 23, 25)",7
1390,conv2d_9,"(1, 1, 20, 18)",20
1391,conv2d_9,"(1, 2, 16, 28)",10
1392,conv2d_9,"(1, 0, 24, 24)",1
1393,conv2d_10,"(0, 1, 13, 23)",13
1394,conv2d_10,"(1, 1, 16, 14)",1
1395,conv2d_10,"(2, 0, 1, 4)",6
1396,conv2d_10,"(2, 1, 5, 14)",1
1397,conv2d_10,"(0, 2, 21, 0)",31
1398,conv2d_10,"(2, 2, 12, 31)",29
1399,conv2d_10,"(0, 2, 26, 29)",14
1400,conv2d_10,"(2, 0, 28, 27)",15
1401,conv2d_10,"(2, 2, 16, 28)",13
1402,conv2d_10,"(2, 1, 29, 31)",0
1403,conv2d_10,"(2, 1, 13, 17)",5
1404,conv2d_10,"(1, 2, 14, 11)",13
1405,conv2d_10,"(1, 2, 25, 3)",27
1406,conv2d_10,"(1, 1, 27, 26)",29
1407,conv2d_10,"(2, 1, 13, 28)",4
1408,conv2d_10,"(1, 2, 25, 25)",10
1409,conv2d_10,"(0, 2, 22, 11)",1
1410,conv2d_10,"(2, 0, 13, 23)",27
1411,conv2d_10,"(0, 1, 3, 9)",8
1412,conv2d_10,"(0, 2, 14, 29)",11
1413,conv2d_10,"(1, 0, 16, 9)",2
1414,conv2d_10,"(0, 0, 13, 1)",26
1415,conv2d_10,"(2, 0, 25, 27)",17
1416,conv2d_10,"(2, 0, 17, 0)",19
1417,conv2d_10,"(1, 1, 9, 6)",1
1418,conv2d_10,"(0, 0, 12, 28)",2
1419,conv2d_10,"(0, 1, 10, 7)",22
1420,conv2d_10,"(2, 1, 17, 0)",16
1421,conv2d_10,"(0, 2, 9, 12)",7
1422,conv2d_10,"(0, 1, 16, 11)",0
1423,conv2d_10,"(2, 2, 13, 21)",9
1424,conv2d_10,"(0, 2, 23, 17)",13
1425,conv2d_10,"(2, 1, 11, 30)",2
1426,conv2d_10,"(1, 0, 30, 26)",28
1427,conv2d_10,"(0, 1, 25, 19)",26
1428,conv2d_10,"(0, 2, 7, 0)",3
1429,conv2d_10,"(2, 1, 25, 11)",17
1430,conv2d_10,"(2, 1, 19, 19)",2
1431,conv2d_10,"(2, 2, 31, 30)",25
1432,conv2d_10,"(2, 0, 9, 26)",2
1433,conv2d_10,"(0, 0, 3, 20)",0
1434,conv2d_10,"(0, 2, 26, 31)",24
1435,conv2d_10,"(1, 1, 19, 18)",18
1436,conv2d_10,"(2, 0, 26, 16)",21
1437,conv2d_10,"(2, 0, 0, 17)",23
1438,conv2d_10,"(0, 0, 17, 9)",8
1439,conv2d_10,"(2, 2, 15, 3)",26
1440,conv2d_10,"(0, 0, 16, 13)",23
1441,conv2d_10,"(2, 1, 28, 19)",17
1442,conv2d_10,"(1, 0, 29, 8)",2
1443,conv2d_10,"(1, 1, 9, 19)",29
1444,conv2d_10,"(1, 2, 6, 17)",18
1445,conv2d_10,"(2, 1, 26, 23)",5
1446,conv2d_10,"(2, 0, 11, 23)",16
1447,conv2d_10,"(0, 1, 27, 14)",26
1448,conv2d_10,"(1, 0, 13, 22)",21
1449,conv2d_10,"(2, 1, 10, 29)",28
1450,conv2d_10,"(0, 1, 26, 15)",13
1451,conv2d_10,"(1, 2, 0, 31)",1
1452,conv2d_10,"(1, 0, 9, 28)",22
1453,conv2d_10,"(2, 0, 21, 20)",30
1454,conv2d_10,"(2, 1, 31, 21)",5
1455,conv2d_10,"(0, 0, 23, 16)",7
1456,conv2d_10,"(1, 0, 13, 25)",19
1457,conv2d_10,"(2, 2, 29, 28)",17
1458,conv2d_10,"(2, 2, 2, 1)",12
1459,conv2d_10,"(0, 1, 24, 21)",29
1460,conv2d_10,"(0, 2, 16, 25)",5
1461,conv2d_10,"(2, 1, 21, 10)",14
1462,conv2d_10,"(0, 2, 15, 3)",31
1463,conv2d_10,"(2, 2, 9, 25)",15
1464,conv2d_10,"(1, 1, 21, 27)",9
1465,conv2d_10,"(0, 0, 20, 28)",8
1466,conv2d_10,"(2, 1, 8, 29)",14
1467,conv2d_10,"(2, 1, 16, 6)",23
1468,conv2d_10,"(2, 0, 22, 9)",5
1469,conv2d_10,"(0, 2, 21, 26)",21
1470,conv2d_10,"(2, 2, 13, 25)",22
1471,conv2d_10,"(1, 0, 15, 30)",30
1472,conv2d_10,"(2, 1, 19, 27)",23
1473,conv2d_10,"(2, 0, 9, 19)",4
1474,conv2d_10,"(2, 0, 10, 22)",30
1475,conv2d_10,"(1, 1, 26, 23)",19
1476,conv2d_10,"(2, 2, 26, 14)",7
1477,conv2d_10,"(1, 0, 21, 22)",5
1478,conv2d_10,"(0, 0, 23, 30)",14
1479,conv2d_10,"(2, 1, 1, 29)",8
1480,conv2d_10,"(1, 2, 16, 25)",14
1481,conv2d_10,"(0, 0, 6, 5)",10
1482,conv2d_10,"(1, 0, 27, 11)",26
1483,conv2d_10,"(1, 2, 21, 14)",7
1484,conv2d_10,"(2, 1, 6, 26)",16
1485,conv2d_10,"(0, 1, 27, 0)",23
1486,conv2d_10,"(0, 1, 1, 17)",13
1487,conv2d_10,"(0, 2, 19, 3)",17
1488,conv2d_10,"(0, 2, 18, 9)",22
1489,conv2d_10,"(2, 1, 21, 21)",10
1490,conv2d_10,"(0, 2, 5, 2)",6
1491,conv2d_10,"(0, 2, 28, 19)",19
1492,conv2d_10,"(2, 2, 10, 7)",19
1493,conv2d_10,"(0, 1, 16, 16)",1
1494,conv2d_10,"(0, 0, 13, 31)",12
1495,conv2d_10,"(1, 2, 13, 22)",25
1496,conv2d_10,"(1, 1, 6, 6)",24
1497,conv2d_10,"(1, 0, 19, 13)",27
1498,conv2d_10,"(2, 2, 16, 1)",2
1499,conv2d_10,"(0, 1, 9, 14)",11
1500,conv2d_10,"(0, 0, 6, 6)",6
1501,conv2d_10,"(1, 1, 5, 22)",24
1502,conv2d_10,"(2, 2, 17, 5)",0
1503,conv2d_10,"(2, 0, 10, 31)",4
1504,conv2d_10,"(1, 2, 16, 5)",10
1505,conv2d_10,"(1, 1, 6, 3)",14
1506,conv2d_10,"(0, 1, 11, 8)",4
1507,conv2d_10,"(1, 0, 17, 29)",20
1508,conv2d_10,"(0, 0, 26, 15)",12
1509,conv2d_10,"(0, 0, 6, 11)",30
1510,conv2d_10,"(1, 1, 9, 14)",14
1511,conv2d_10,"(2, 2, 1, 4)",29
1512,conv2d_10,"(2, 0, 8, 8)",3
1513,conv2d_10,"(0, 0, 21, 4)",16
1514,conv2d_10,"(0, 2, 11, 28)",8
1515,conv2d_10,"(0, 2, 22, 4)",2
1516,conv2d_10,"(2, 1, 30, 14)",21
1517,conv2d_10,"(2, 0, 12, 7)",16
1518,conv2d_10,"(0, 1, 7, 11)",11
1519,conv2d_10,"(1, 0, 1, 9)",21
1520,conv2d_10,"(2, 1, 21, 2)",7
1521,conv2d_10,"(2, 2, 17, 9)",26
1522,conv2d_10,"(2, 0, 6, 8)",22
1523,conv2d_10,"(0, 1, 9, 30)",27
1524,conv2d_10,"(0, 1, 0, 21)",11
1525,conv2d_10,"(0, 1, 18, 20)",6
1526,conv2d_10,"(2, 0, 5, 27)",1
1527,conv2d_10,"(2, 0, 2, 9)",26
1528,conv2d_10,"(2, 0, 23, 24)",31
1529,conv2d_10,"(1, 0, 26, 27)",1
1530,conv2d_10,"(1, 0, 17, 15)",4
1531,conv2d_10,"(2, 0, 11, 12)",20
1532,conv2d_10,"(0, 2, 23, 12)",23
1533,conv2d_10,"(1, 2, 10, 3)",15
1534,conv2d_10,"(2, 0, 20, 3)",15
1535,conv2d_10,"(1, 0, 16, 12)",20
1536,conv2d_10,"(1, 1, 11, 6)",21
1537,conv2d_10,"(2, 0, 26, 29)",0
1538,conv2d_10,"(1, 2, 1, 6)",12
1539,conv2d_10,"(0, 0, 13, 6)",25
1540,conv2d_10,"(1, 1, 1, 10)",16
1541,conv2d_10,"(2, 1, 8, 28)",27
1542,conv2d_10,"(2, 0, 0, 20)",27
1543,conv2d_10,"(2, 1, 13, 14)",1
1544,conv2d_10,"(1, 2, 6, 30)",1
1545,conv2d_10,"(0, 1, 17, 17)",4
1546,conv2d_10,"(1, 1, 5, 1)",24
1547,conv2d_10,"(0, 0, 3, 3)",2
1548,conv2d_10,"(1, 2, 6, 0)",6
1549,conv2d_10,"(2, 1, 11, 31)",11
1550,conv2d_10,"(1, 0, 9, 7)",29
1551,conv2d_10,"(1, 1, 4, 27)",17
1552,conv2d_10,"(1, 2, 21, 6)",3
1553,conv2d_10,"(1, 0, 4, 24)",7
1554,conv2d_10,"(2, 2, 4, 5)",21
1555,conv2d_10,"(0, 2, 31, 17)",27
1556,conv2d_10,"(2, 1, 23, 14)",2
1557,conv2d_10,"(0, 1, 1, 18)",17
1558,conv2d_10,"(0, 1, 13, 16)",8
1559,conv2d_10,"(1, 1, 30, 14)",23
1560,conv2d_10,"(2, 1, 16, 15)",18
1561,conv2d_10,"(1, 0, 11, 19)",28
1562,conv2d_10,"(0, 0, 18, 13)",26
1563,conv2d_10,"(2, 1, 23, 3)",24
1564,conv2d_10,"(2, 2, 0, 10)",25
1565,conv2d_10,"(1, 2, 6, 27)",21
1566,conv2d_10,"(1, 2, 14, 0)",26
1567,conv2d_10,"(1, 1, 3, 4)",1
1568,conv2d_10,"(1, 2, 2, 11)",7
1569,conv2d_10,"(1, 0, 2, 4)",17
1570,conv2d_10,"(0, 2, 25, 18)",19
1571,conv2d_10,"(1, 2, 2, 19)",26
1572,conv2d_10,"(2, 1, 29, 5)",7
1573,conv2d_10,"(0, 2, 19, 20)",29
1574,conv2d_10,"(0, 1, 11, 18)",22
1575,conv2d_10,"(1, 2, 20, 11)",17
1576,conv2d_10,"(1, 0, 4, 4)",26
1577,conv2d_10,"(0, 0, 9, 13)",8
1578,conv2d_10,"(0, 1, 1, 6)",7
1579,conv2d_10,"(0, 2, 21, 6)",0
1580,conv2d_10,"(1, 0, 18, 19)",9
1581,conv2d_10,"(2, 1, 23, 26)",17
1582,conv2d_10,"(0, 2, 11, 19)",0
1583,conv2d_10,"(1, 2, 15, 14)",31
1584,conv2d_10,"(1, 2, 13, 13)",10
1585,conv2d_10,"(1, 0, 31, 17)",20
1586,conv2d_10,"(2, 2, 24, 12)",30
1587,conv2d_10,"(2, 0, 1, 16)",29
1588,conv2d_10,"(1, 2, 15, 30)",20
1589,conv2d_10,"(2, 1, 19, 23)",10
1590,conv2d_10,"(0, 1, 13, 18)",16
1591,conv2d_10,"(2, 1, 25, 15)",30
1592,conv2d_10,"(0, 1, 12, 25)",0
1593,conv2d_10,"(0, 2, 17, 18)",14
1594,conv2d_10,"(1, 1, 5, 8)",22
1595,conv2d_10,"(1, 2, 12, 20)",6
1596,conv2d_10,"(1, 2, 21, 7)",24
1597,conv2d_10,"(1, 2, 19, 30)",7
1598,conv2d_10,"(1, 0, 11, 29)",23
1599,conv2d_10,"(1, 0, 13, 9)",8
1600,conv2d_10,"(0, 1, 7, 6)",8
1601,conv2d_10,"(2, 0, 0, 23)",11
1602,conv2d_10,"(0, 0, 3, 30)",4
1603,conv2d_10,"(2, 1, 0, 0)",20
1604,conv2d_10,"(0, 0, 2, 1)",8
1605,conv2d_10,"(2, 2, 25, 1)",11
1606,conv2d_10,"(1, 1, 0, 13)",27
1607,conv2d_10,"(2, 1, 10, 25)",16
1608,conv2d_10,"(1, 2, 29, 21)",29
1609,conv2d_10,"(0, 0, 7, 12)",1
1610,conv2d_10,"(0, 1, 21, 25)",16
1611,conv2d_10,"(1, 2, 18, 31)",14
1612,conv2d_10,"(2, 2, 21, 1)",0
1613,conv2d_10,"(1, 0, 16, 8)",9
1614,conv2d_10,"(2, 0, 22, 8)",14
1615,conv2d_10,"(1, 2, 20, 9)",25
1616,conv2d_10,"(0, 1, 30, 23)",6
1617,conv2d_10,"(1, 2, 21, 21)",4
1618,conv2d_10,"(2, 0, 31, 19)",17
1619,conv2d_10,"(1, 2, 10, 11)",18
1620,conv2d_10,"(0, 0, 16, 9)",13
1621,conv2d_10,"(1, 2, 21, 24)",24
1622,conv2d_10,"(0, 0, 15, 18)",11
1623,conv2d_10,"(2, 0, 1, 7)",3
1624,conv2d_10,"(0, 1, 25, 11)",22
1625,conv2d_10,"(0, 1, 13, 7)",5
1626,conv2d_10,"(1, 2, 28, 14)",14
1627,conv2d_10,"(0, 1, 21, 27)",18
1628,conv2d_10,"(1, 0, 28, 31)",3
1629,conv2d_10,"(1, 2, 19, 27)",24
1630,conv2d_10,"(2, 2, 25, 12)",1
1631,conv2d_10,"(1, 0, 23, 14)",3
1632,conv2d_10,"(1, 0, 13, 6)",15
1633,conv2d_10,"(0, 2, 2, 15)",1
1634,conv2d_10,"(2, 1, 26, 1)",4
1635,conv2d_10,"(1, 1, 20, 0)",9
1636,conv2d_10,"(0, 1, 16, 9)",3
1637,conv2d_10,"(0, 0, 19, 18)",25
1638,conv2d_10,"(2, 0, 5, 28)",20
1639,conv2d_10,"(2, 1, 25, 13)",31
1640,conv2d_10,"(2, 0, 16, 7)",28
1641,conv2d_10,"(1, 1, 2, 17)",19
1642,conv2d_10,"(1, 2, 7, 31)",0
1643,conv2d_10,"(1, 2, 9, 19)",5
1644,conv2d_10,"(1, 0, 30, 21)",14
1645,conv2d_10,"(0, 0, 21, 5)",30
1646,conv2d_10,"(2, 0, 24, 20)",19
1647,conv2d_10,"(1, 2, 19, 10)",23
1648,conv2d_10,"(0, 0, 20, 15)",22
1649,conv2d_10,"(1, 1, 0, 17)",6
1650,conv2d_10,"(2, 2, 14, 21)",27
1651,conv2d_10,"(1, 1, 29, 27)",17
1652,conv2d_10,"(0, 1, 16, 28)",26
1653,conv2d_10,"(1, 2, 29, 23)",3
1654,conv2d_10,"(2, 2, 1, 29)",20
1655,conv2d_10,"(1, 0, 30, 2)",9
1656,conv2d_10,"(2, 1, 10, 11)",7
1657,conv2d_10,"(2, 2, 20, 6)",26
1658,conv2d_10,"(2, 1, 30, 17)",25
1659,conv2d_10,"(1, 1, 28, 18)",8
1660,conv2d_10,"(1, 2, 28, 20)",7
1661,conv2d_10,"(1, 1, 6, 23)",27
1662,conv2d_10,"(0, 1, 20, 0)",2
1663,conv2d_10,"(2, 1, 21, 19)",24
1664,conv2d_10,"(1, 2, 11, 30)",9
1665,conv2d_10,"(1, 1, 18, 20)",9
1666,conv2d_10,"(1, 2, 19, 3)",2
1667,conv2d_10,"(2, 2, 13, 7)",13
1668,conv2d_10,"(0, 1, 28, 6)",23
1669,conv2d_10,"(2, 0, 14, 18)",4
1670,conv2d_10,"(1, 1, 5, 14)",25
1671,conv2d_10,"(0, 1, 11, 20)",2
1672,conv2d_10,"(0, 0, 2, 25)",25
1673,conv2d_10,"(1, 1, 0, 9)",6
1674,conv2d_10,"(2, 2, 4, 18)",28
1675,conv2d_10,"(1, 0, 9, 26)",8
1676,conv2d_10,"(0, 0, 12, 22)",25
1677,conv2d_10,"(2, 2, 18, 1)",10
1678,conv2d_10,"(2, 2, 6, 0)",17
1679,conv2d_10,"(1, 0, 2, 16)",16
1680,conv2d_10,"(0, 2, 17, 17)",8
1681,conv2d_10,"(0, 1, 21, 19)",23
1682,conv2d_10,"(1, 0, 21, 9)",14
1683,conv2d_10,"(0, 0, 6, 16)",18
1684,conv2d_10,"(0, 1, 10, 0)",14
1685,conv2d_10,"(1, 2, 26, 24)",0
1686,conv2d_10,"(0, 1, 25, 20)",6
1687,conv2d_10,"(2, 0, 7, 10)",26
1688,conv2d_10,"(1, 0, 24, 18)",31
1689,conv2d_10,"(2, 2, 16, 8)",11
1690,conv2d_10,"(1, 1, 26, 18)",11
1691,conv2d_10,"(0, 2, 23, 30)",16
1692,conv2d_10,"(0, 0, 6, 18)",3
1693,conv2d_10,"(2, 2, 31, 22)",12
1694,conv2d_10,"(1, 0, 27, 1)",11
1695,conv2d_10,"(2, 2, 31, 3)",10
1696,conv2d_10,"(0, 0, 18, 16)",10
1697,conv2d_10,"(1, 2, 4, 4)",15
1698,conv2d_10,"(0, 0, 6, 30)",29
1699,conv2d_10,"(1, 1, 21, 31)",17
1700,conv2d_10,"(0, 2, 16, 27)",14
1701,conv2d_10,"(2, 0, 21, 1)",26
1702,conv2d_10,"(2, 2, 8, 6)",0
1703,conv2d_10,"(2, 0, 10, 6)",18
1704,conv2d_10,"(0, 0, 27, 10)",21
1705,conv2d_10,"(1, 1, 20, 17)",4
1706,conv2d_10,"(1, 0, 10, 13)",5
1707,conv2d_10,"(2, 1, 11, 26)",13
1708,conv2d_10,"(1, 1, 10, 23)",30
1709,conv2d_10,"(2, 2, 19, 0)",5
1710,conv2d_10,"(2, 1, 29, 6)",3
1711,conv2d_10,"(1, 1, 28, 20)",26
1712,conv2d_10,"(0, 2, 4, 15)",7
1713,conv2d_10,"(2, 0, 21, 5)",0
1714,conv2d_10,"(0, 0, 8, 12)",29
1715,conv2d_10,"(2, 2, 30, 21)",15
1716,conv2d_10,"(2, 2, 15, 2)",17
1717,conv2d_10,"(1, 1, 22, 20)",22
1718,conv2d_10,"(1, 1, 31, 1)",4
1719,conv2d_10,"(1, 1, 4, 31)",1
1720,conv2d_10,"(2, 2, 13, 1)",11
1721,conv2d_10,"(2, 0, 15, 22)",0
1722,conv2d_10,"(0, 0, 23, 1)",20
1723,conv2d_10,"(2, 0, 1, 25)",9
1724,conv2d_10,"(1, 2, 19, 20)",27
1725,conv2d_10,"(0, 0, 20, 12)",9
1726,conv2d_10,"(2, 1, 26, 30)",3
1727,conv2d_10,"(2, 1, 9, 5)",21
1728,conv2d_10,"(1, 0, 31, 25)",11
1729,conv2d_10,"(0, 0, 13, 0)",19
1730,conv2d_10,"(1, 2, 26, 21)",28
1731,conv2d_10,"(2, 1, 9, 0)",11
1732,conv2d_10,"(0, 1, 18, 4)",28
1733,conv2d_10,"(1, 0, 19, 28)",11
1734,conv2d_10,"(2, 1, 18, 13)",2
1735,conv2d_10,"(2, 1, 14, 9)",31
1736,conv2d_10,"(0, 2, 24, 11)",1
1737,conv2d_11,"(1, 0, 11, 22)",18
1738,conv2d_11,"(1, 2, 2, 22)",23
1739,conv2d_11,"(0, 2, 28, 15)",14
1740,conv2d_11,"(0, 2, 4, 17)",20
1741,conv2d_11,"(0, 0, 9, 25)",3
1742,conv2d_11,"(1, 1, 21, 21)",29
1743,conv2d_11,"(0, 2, 29, 3)",19
1744,conv2d_11,"(0, 0, 7, 18)",17
1745,conv2d_11,"(0, 2, 18, 8)",3
1746,conv2d_11,"(2, 2, 9, 5)",27
1747,conv2d_11,"(2, 0, 5, 1)",30
1748,conv2d_11,"(1, 1, 22, 10)",23
1749,conv2d_11,"(0, 0, 14, 24)",30
1750,conv2d_11,"(0, 1, 15, 31)",19
1751,conv2d_11,"(1, 0, 17, 5)",8
1752,conv2d_11,"(2, 2, 10, 2)",21
1753,conv2d_11,"(0, 1, 2, 11)",23
1754,conv2d_11,"(1, 0, 18, 14)",4
1755,conv2d_11,"(2, 1, 17, 4)",29
1756,conv2d_11,"(0, 1, 8, 18)",22
1757,conv2d_11,"(2, 1, 1, 28)",10
1758,conv2d_11,"(1, 0, 11, 23)",26
1759,conv2d_11,"(0, 0, 25, 10)",1
1760,conv2d_11,"(0, 1, 24, 21)",9
1761,conv2d_11,"(0, 2, 5, 19)",9
1762,conv2d_11,"(1, 1, 26, 27)",9
1763,conv2d_11,"(0, 0, 26, 5)",18
1764,conv2d_11,"(2, 1, 18, 11)",24
1765,conv2d_11,"(0, 1, 14, 11)",1
1766,conv2d_11,"(2, 2, 28, 9)",25
1767,conv2d_11,"(1, 1, 1, 26)",25
1768,conv2d_11,"(2, 2, 4, 4)",8
1769,conv2d_11,"(1, 0, 31, 22)",27
1770,conv2d_11,"(1, 2, 14, 22)",15
1771,conv2d_11,"(1, 1, 25, 24)",15
1772,conv2d_11,"(2, 2, 7, 31)",9
1773,conv2d_11,"(0, 2, 20, 7)",11
1774,conv2d_11,"(2, 1, 21, 5)",18
1775,conv2d_11,"(0, 1, 8, 12)",19
1776,conv2d_11,"(0, 2, 31, 16)",22
1777,conv2d_11,"(2, 0, 20, 11)",11
1778,conv2d_11,"(0, 1, 26, 7)",28
1779,conv2d_11,"(0, 0, 23, 8)",21
1780,conv2d_11,"(2, 2, 20, 6)",9
1781,conv2d_11,"(0, 1, 4, 6)",16
1782,conv2d_11,"(0, 1, 0, 16)",14
1783,conv2d_11,"(1, 2, 25, 27)",5
1784,conv2d_11,"(0, 2, 1, 23)",25
1785,conv2d_11,"(2, 1, 26, 4)",14
1786,conv2d_11,"(2, 0, 22, 21)",5
1787,conv2d_11,"(1, 1, 14, 0)",21
1788,conv2d_11,"(0, 0, 29, 7)",20
1789,conv2d_11,"(1, 1, 15, 25)",10
1790,conv2d_11,"(1, 0, 31, 3)",31
1791,conv2d_11,"(2, 1, 8, 29)",15
1792,conv2d_11,"(2, 2, 19, 7)",24
1793,conv2d_11,"(1, 0, 16, 11)",11
1794,conv2d_11,"(2, 2, 14, 19)",9
1795,conv2d_11,"(2, 1, 1, 13)",3
1796,conv2d_11,"(2, 0, 26, 11)",5
1797,conv2d_11,"(2, 0, 19, 23)",7
1798,conv2d_11,"(2, 2, 11, 0)",31
1799,conv2d_11,"(2, 0, 19, 3)",16
1800,conv2d_11,"(2, 0, 21, 5)",4
1801,conv2d_11,"(0, 1, 22, 22)",8
1802,conv2d_11,"(1, 1, 11, 15)",28
1803,conv2d_11,"(1, 1, 2, 7)",0
1804,conv2d_11,"(1, 1, 30, 16)",10
1805,conv2d_11,"(1, 2, 3, 17)",22
1806,conv2d_11,"(0, 1, 21, 16)",13
1807,conv2d_11,"(0, 1, 6, 22)",28
1808,conv2d_11,"(1, 0, 3, 16)",13
1809,conv2d_11,"(1, 0, 4, 15)",24
1810,conv2d_11,"(2, 2, 4, 3)",26
1811,conv2d_11,"(1, 0, 22, 27)",8
1812,conv2d_11,"(1, 0, 29, 0)",21
1813,conv2d_11,"(2, 1, 29, 26)",19
1814,conv2d_11,"(2, 0, 13, 16)",9
1815,conv2d_11,"(2, 1, 29, 29)",27
1816,conv2d_11,"(0, 2, 5, 23)",5
1817,conv2d_11,"(1, 0, 8, 25)",15
1818,conv2d_11,"(0, 1, 22, 27)",5
1819,conv2d_11,"(1, 0, 19, 24)",20
1820,conv2d_11,"(1, 2, 17, 24)",17
1821,conv2d_11,"(1, 0, 9, 25)",4
1822,conv2d_11,"(2, 1, 6, 1)",16
1823,conv2d_11,"(1, 0, 0, 26)",18
1824,conv2d_11,"(0, 0, 24, 20)",28
1825,conv2d_11,"(0, 0, 30, 24)",10
1826,conv2d_11,"(1, 1, 5, 9)",27
1827,conv2d_11,"(2, 1, 11, 11)",0
1828,conv2d_11,"(1, 2, 25, 28)",10
1829,conv2d_11,"(1, 0, 13, 2)",19
1830,conv2d_11,"(1, 2, 15, 25)",2
1831,conv2d_11,"(0, 1, 22, 7)",29
1832,conv2d_11,"(2, 1, 28, 17)",25
1833,conv2d_11,"(0, 1, 18, 17)",18
1834,conv2d_11,"(2, 0, 30, 13)",12
1835,conv2d_11,"(1, 0, 1, 26)",17
1836,conv2d_11,"(1, 1, 20, 31)",7
1837,conv2d_11,"(0, 0, 30, 31)",29
1838,conv2d_11,"(2, 1, 17, 30)",17
1839,conv2d_11,"(2, 0, 1, 23)",5
1840,conv2d_11,"(0, 0, 1, 24)",25
1841,conv2d_11,"(2, 0, 15, 31)",12
1842,conv2d_11,"(2, 0, 5, 3)",22
1843,conv2d_11,"(2, 1, 25, 1)",15
1844,conv2d_11,"(1, 1, 26, 17)",7
1845,conv2d_11,"(2, 1, 9, 3)",12
1846,conv2d_11,"(0, 2, 24, 22)",20
1847,conv2d_11,"(0, 1, 25, 11)",9
1848,conv2d_11,"(0, 1, 20, 31)",19
1849,conv2d_11,"(2, 1, 17, 28)",14
1850,conv2d_11,"(2, 0, 31, 4)",30
1851,conv2d_11,"(1, 1, 14, 21)",23
1852,conv2d_11,"(2, 2, 19, 29)",17
1853,conv2d_11,"(0, 0, 7, 3)",15
1854,conv2d_11,"(1, 2, 3, 31)",1
1855,conv2d_11,"(0, 1, 25, 8)",27
1856,conv2d_11,"(0, 1, 21, 2)",9
1857,conv2d_11,"(1, 0, 23, 8)",25
1858,conv2d_11,"(2, 1, 14, 21)",15
1859,conv2d_11,"(2, 1, 6, 9)",8
1860,conv2d_11,"(0, 1, 22, 23)",13
1861,conv2d_11,"(0, 1, 10, 24)",1
1862,conv2d_11,"(2, 1, 26, 21)",31
1863,conv2d_11,"(2, 0, 27, 19)",20
1864,conv2d_11,"(2, 0, 19, 31)",23
1865,conv2d_11,"(1, 0, 0, 1)",28
1866,conv2d_11,"(0, 1, 24, 13)",30
1867,conv2d_11,"(0, 2, 11, 8)",30
1868,conv2d_11,"(2, 1, 24, 11)",18
1869,conv2d_11,"(2, 1, 24, 9)",21
1870,conv2d_11,"(2, 2, 21, 25)",10
1871,conv2d_11,"(2, 1, 24, 21)",23
1872,conv2d_11,"(1, 0, 22, 5)",19
1873,conv2d_11,"(0, 1, 20, 14)",17
1874,conv2d_11,"(0, 2, 17, 17)",7
1875,conv2d_11,"(1, 1, 7, 27)",13
1876,conv2d_11,"(1, 2, 28, 29)",9
1877,conv2d_11,"(0, 2, 26, 25)",15
1878,conv2d_11,"(1, 0, 25, 2)",15
1879,conv2d_11,"(1, 0, 7, 0)",26
1880,conv2d_11,"(1, 1, 28, 18)",14
1881,conv2d_11,"(0, 2, 10, 12)",5
1882,conv2d_11,"(0, 0, 15, 8)",14
1883,conv2d_11,"(2, 0, 19, 30)",23
1884,conv2d_11,"(2, 1, 22, 2)",22
1885,conv2d_11,"(1, 2, 8, 1)",4
1886,conv2d_11,"(2, 2, 13, 11)",20
1887,conv2d_11,"(0, 0, 7, 21)",22
1888,conv2d_11,"(2, 0, 16, 21)",9
1889,conv2d_11,"(1, 1, 8, 31)",16
1890,conv2d_11,"(0, 2, 12, 17)",21
1891,conv2d_11,"(2, 2, 13, 22)",4
1892,conv2d_11,"(2, 0, 15, 11)",31
1893,conv2d_11,"(0, 2, 14, 3)",1
1894,conv2d_11,"(0, 2, 16, 26)",18
1895,conv2d_11,"(1, 0, 22, 0)",10
1896,conv2d_11,"(1, 2, 18, 25)",7
1897,conv2d_11,"(2, 1, 4, 6)",9
1898,conv2d_11,"(2, 2, 2, 31)",28
1899,conv2d_11,"(1, 1, 0, 15)",7
1900,conv2d_11,"(0, 1, 8, 14)",29
1901,conv2d_11,"(2, 2, 1, 30)",24
1902,conv2d_11,"(0, 0, 8, 29)",6
1903,conv2d_11,"(1, 2, 1, 0)",18
1904,conv2d_11,"(0, 2, 7, 13)",17
1905,conv2d_11,"(0, 0, 28, 26)",7
1906,conv2d_11,"(0, 1, 16, 5)",11
1907,conv2d_11,"(2, 1, 13, 30)",25
1908,conv2d_11,"(0, 1, 22, 17)",9
1909,conv2d_11,"(2, 1, 6, 19)",10
1910,conv2d_11,"(1, 1, 27, 26)",11
1911,conv2d_11,"(0, 2, 28, 13)",5
1912,conv2d_11,"(1, 2, 29, 5)",27
1913,conv2d_11,"(1, 1, 24, 23)",14
1914,conv2d_11,"(2, 0, 16, 22)",11
1915,conv2d_11,"(2, 0, 24, 22)",25
1916,conv2d_11,"(0, 2, 7, 7)",14
1917,conv2d_11,"(1, 1, 16, 7)",30
1918,conv2d_11,"(2, 0, 30, 4)",15
1919,conv2d_11,"(2, 1, 17, 19)",8
1920,conv2d_11,"(1, 0, 11, 4)",4
1921,conv2d_11,"(2, 0, 22, 10)",14
1922,conv2d_11,"(2, 1, 6, 21)",16
1923,conv2d_11,"(2, 1, 4, 20)",22
1924,conv2d_11,"(2, 1, 23, 22)",8
1925,conv2d_11,"(0, 2, 29, 20)",19
1926,conv2d_11,"(0, 2, 7, 18)",22
1927,conv2d_11,"(0, 0, 22, 7)",5
1928,conv2d_11,"(1, 1, 19, 31)",9
1929,conv2d_11,"(2, 0, 31, 6)",7
1930,conv2d_11,"(2, 2, 12, 27)",26
1931,conv2d_11,"(0, 0, 12, 11)",25
1932,conv2d_11,"(0, 0, 2, 14)",14
1933,conv2d_11,"(2, 1, 18, 16)",6
1934,conv2d_11,"(0, 0, 27, 12)",1
1935,conv2d_11,"(2, 0, 17, 0)",20
1936,conv2d_11,"(0, 2, 10, 23)",29
1937,conv2d_11,"(1, 2, 2, 6)",12
1938,conv2d_11,"(2, 1, 18, 10)",15
1939,conv2d_11,"(1, 2, 15, 31)",1
1940,conv2d_11,"(1, 1, 7, 9)",11
1941,conv2d_11,"(0, 1, 16, 31)",17
1942,conv2d_11,"(0, 0, 6, 28)",10
1943,conv2d_11,"(1, 2, 1, 3)",11
1944,conv2d_11,"(1, 2, 14, 4)",10
1945,conv2d_11,"(1, 1, 7, 28)",15
1946,conv2d_11,"(0, 0, 27, 11)",8
1947,conv2d_11,"(2, 0, 28, 16)",0
1948,conv2d_11,"(1, 1, 10, 4)",18
1949,conv2d_11,"(2, 2, 12, 29)",20
1950,conv2d_11,"(1, 1, 10, 16)",24
1951,conv2d_11,"(2, 1, 11, 13)",28
1952,conv2d_11,"(0, 0, 16, 22)",19
1953,conv2d_11,"(1, 0, 15, 5)",12
1954,conv2d_11,"(0, 2, 13, 4)",14
1955,conv2d_11,"(2, 0, 6, 2)",22
1956,conv2d_11,"(2, 1, 1, 5)",7
1957,conv2d_11,"(2, 1, 10, 23)",5
1958,conv2d_11,"(2, 2, 10, 1)",3
1959,conv2d_11,"(2, 0, 6, 25)",6
1960,conv2d_11,"(1, 2, 12, 30)",4
1961,conv2d_11,"(2, 0, 0, 2)",10
1962,conv2d_11,"(2, 1, 20, 3)",11
1963,conv2d_11,"(1, 0, 12, 11)",8
1964,conv2d_11,"(1, 0, 21, 28)",27
1965,conv2d_11,"(0, 1, 2, 15)",6
1966,conv2d_11,"(2, 2, 12, 3)",17
1967,conv2d_11,"(0, 0, 1, 27)",31
1968,conv2d_11,"(2, 1, 9, 10)",18
1969,conv2d_11,"(2, 1, 3, 27)",6
1970,conv2d_11,"(2, 2, 10, 27)",8
1971,conv2d_11,"(1, 0, 29, 20)",3
1972,conv2d_11,"(0, 1, 5, 21)",21
1973,conv2d_11,"(1, 0, 13, 24)",23
1974,conv2d_11,"(0, 2, 0, 16)",21
1975,conv2d_11,"(0, 1, 22, 24)",10
1976,conv2d_11,"(0, 0, 10, 26)",16
1977,conv2d_11,"(0, 1, 20, 10)",17
1978,conv2d_11,"(1, 1, 13, 13)",23
1979,conv2d_11,"(2, 1, 0, 19)",4
1980,conv2d_11,"(1, 0, 5, 7)",27
1981,conv2d_11,"(0, 2, 20, 4)",11
1982,conv2d_11,"(0, 0, 30, 25)",11
1983,conv2d_11,"(0, 1, 4, 19)",1
1984,conv2d_11,"(1, 2, 15, 3)",13
1985,conv2d_11,"(0, 0, 13, 12)",27
1986,conv2d_11,"(2, 1, 30, 5)",24
1987,conv2d_11,"(0, 0, 0, 11)",16
1988,conv2d_11,"(0, 1, 5, 6)",20
1989,conv2d_11,"(1, 0, 7, 23)",2
1990,conv2d_11,"(2, 1, 26, 16)",5
1991,conv2d_11,"(1, 1, 6, 25)",6
1992,conv2d_11,"(2, 2, 24, 11)",19
1993,conv2d_11,"(1, 0, 7, 10)",20
1994,conv2d_11,"(0, 1, 26, 29)",9
1995,conv2d_11,"(1, 0, 17, 18)",13
1996,conv2d_11,"(0, 2, 9, 7)",30
1997,conv2d_11,"(0, 0, 19, 10)",26
1998,conv2d_11,"(1, 0, 13, 26)",14
1999,conv2d_11,"(2, 1, 21, 25)",22
2000,conv2d_11,"(2, 2, 29, 30)",19
2001,conv2d_11,"(2, 0, 3, 20)",13
2002,conv2d_11,"(1, 1, 11, 11)",14
2003,conv2d_11,"(1, 0, 4, 24)",27
2004,conv2d_11,"(0, 2, 24, 18)",3
2005,conv2d_11,"(1, 1, 1, 14)",31
2006,conv2d_11,"(1, 0, 10, 7)",2
2007,conv2d_11,"(2, 1, 0, 12)",17
2008,conv2d_11,"(1, 2, 1, 23)",13
2009,conv2d_11,"(1, 2, 24, 3)",27
2010,conv2d_11,"(1, 0, 17, 7)",9
2011,conv2d_11,"(0, 0, 23, 23)",29
2012,conv2d_11,"(1, 1, 30, 22)",14
2013,conv2d_11,"(1, 0, 0, 3)",3
2014,conv2d_11,"(1, 1, 29, 4)",9
2015,conv2d_11,"(1, 2, 23, 11)",19
2016,conv2d_11,"(1, 2, 20, 25)",30
2017,conv2d_11,"(2, 0, 9, 7)",13
2018,conv2d_11,"(0, 2, 17, 19)",0
2019,conv2d_11,"(0, 2, 31, 27)",25
2020,conv2d_11,"(0, 1, 16, 9)",11
2021,conv2d_11,"(1, 2, 21, 15)",17
2022,conv2d_11,"(2, 1, 13, 22)",31
2023,conv2d_11,"(2, 1, 4, 15)",12
2024,conv2d_11,"(1, 2, 21, 14)",7
2025,conv2d_11,"(1, 2, 10, 11)",17
2026,conv2d_11,"(2, 0, 0, 5)",7
2027,conv2d_11,"(0, 2, 25, 19)",0
2028,conv2d_11,"(1, 2, 29, 19)",1
2029,conv2d_11,"(0, 0, 27, 9)",19
2030,conv2d_11,"(2, 1, 25, 10)",22
2031,conv2d_11,"(0, 2, 10, 16)",11
2032,conv2d_11,"(1, 0, 23, 14)",29
2033,conv2d_11,"(0, 0, 2, 2)",4
2034,conv2d_11,"(0, 2, 0, 23)",13
2035,conv2d_11,"(2, 2, 21, 13)",11
2036,conv2d_11,"(1, 2, 26, 9)",21
2037,conv2d_11,"(2, 1, 2, 7)",2
2038,conv2d_11,"(0, 0, 15, 5)",30
2039,conv2d_11,"(0, 0, 7, 8)",28
2040,conv2d_11,"(2, 1, 13, 20)",4
2041,conv2d_11,"(2, 1, 6, 28)",5
2042,conv2d_11,"(1, 2, 10, 6)",3
2043,conv2d_11,"(2, 0, 21, 17)",31
2044,conv2d_11,"(1, 1, 22, 0)",11
2045,conv2d_11,"(0, 1, 25, 14)",10
2046,conv2d_11,"(0, 0, 24, 8)",20
2047,conv2d_11,"(1, 2, 25, 22)",10
2048,conv2d_11,"(0, 2, 3, 25)",21
2049,conv2d_11,"(1, 1, 16, 10)",11
2050,conv2d_11,"(0, 2, 23, 13)",15
2051,conv2d_11,"(2, 0, 8, 2)",13
2052,conv2d_11,"(0, 2, 12, 21)",15
2053,conv2d_11,"(1, 0, 27, 1)",0
2054,conv2d_11,"(1, 1, 16, 1)",24
2055,conv2d_11,"(2, 1, 1, 15)",16
2056,conv2d_11,"(2, 1, 18, 27)",23
2057,conv2d_11,"(0, 0, 19, 17)",16
2058,conv2d_11,"(0, 0, 8, 26)",21
2059,conv2d_11,"(2, 2, 23, 16)",23
2060,conv2d_11,"(1, 2, 14, 17)",19
2061,conv2d_11,"(1, 0, 15, 12)",15
2062,conv2d_11,"(2, 0, 28, 7)",0
2063,conv2d_11,"(1, 0, 14, 11)",0
2064,conv2d_11,"(2, 1, 5, 10)",4
2065,conv2d_11,"(2, 2, 1, 12)",16
2066,conv2d_11,"(2, 2, 6, 25)",23
2067,conv2d_11,"(1, 0, 19, 4)",25
2068,conv2d_11,"(2, 1, 27, 19)",10
2069,conv2d_11,"(2, 0, 17, 11)",12
2070,conv2d_11,"(2, 1, 19, 5)",10
2071,conv2d_11,"(1, 2, 31, 3)",8
2072,conv2d_11,"(2, 0, 2, 10)",2
2073,conv2d_11,"(0, 1, 19, 6)",2
2074,conv2d_11,"(2, 0, 31, 13)",27
2075,conv2d_11,"(1, 2, 24, 6)",3
2076,conv2d_11,"(0, 2, 1, 22)",9
2077,conv2d_11,"(2, 1, 11, 6)",31
2078,conv2d_11,"(2, 2, 22, 5)",23
2079,conv2d_11,"(0, 2, 5, 21)",13
2080,conv2d_11,"(1, 0, 4, 30)",6
2081,conv2d_12,"(2, 2, 13, 11)",0
2082,conv2d_12,"(1, 0, 2, 12)",13
2083,conv2d_12,"(2, 2, 17, 22)",25
2084,conv2d_12,"(2, 2, 26, 28)",18
2085,conv2d_12,"(0, 0, 12, 12)",24
2086,conv2d_12,"(1, 1, 26, 18)",14
2087,conv2d_12,"(0, 2, 18, 1)",1
2088,conv2d_12,"(0, 1, 16, 21)",25
2089,conv2d_12,"(1, 0, 6, 29)",6
2090,conv2d_12,"(2, 2, 5, 12)",26
2091,conv2d_12,"(2, 1, 12, 15)",14
2092,conv2d_12,"(1, 1, 25, 4)",16
2093,conv2d_12,"(2, 0, 19, 27)",17
2094,conv2d_12,"(1, 1, 30, 10)",24
2095,conv2d_12,"(1, 0, 7, 25)",3
2096,conv2d_12,"(2, 1, 24, 19)",30
2097,conv2d_12,"(2, 0, 31, 27)",28
2098,conv2d_12,"(0, 2, 3, 18)",20
2099,conv2d_12,"(2, 0, 7, 7)",25
2100,conv2d_12,"(2, 2, 9, 9)",12
2101,conv2d_12,"(1, 0, 17, 24)",28
2102,conv2d_12,"(0, 0, 4, 13)",6
2103,conv2d_12,"(1, 0, 18, 25)",22
2104,conv2d_12,"(2, 1, 18, 27)",18
2105,conv2d_12,"(0, 2, 18, 28)",23
2106,conv2d_12,"(1, 0, 28, 19)",4
2107,conv2d_12,"(2, 1, 23, 14)",29
2108,conv2d_12,"(1, 1, 2, 23)",6
2109,conv2d_12,"(0, 1, 0, 13)",7
2110,conv2d_12,"(1, 0, 2, 17)",10
2111,conv2d_12,"(2, 0, 19, 1)",19
2112,conv2d_12,"(1, 1, 1, 20)",15
2113,conv2d_12,"(1, 0, 4, 21)",11
2114,conv2d_12,"(1, 2, 8, 1)",5
2115,conv2d_12,"(1, 1, 31, 13)",6
2116,conv2d_12,"(2, 0, 5, 26)",6
2117,conv2d_12,"(0, 0, 31, 17)",31
2118,conv2d_12,"(1, 1, 9, 0)",21
2119,conv2d_12,"(0, 0, 0, 14)",2
2120,conv2d_12,"(1, 0, 1, 12)",18
2121,conv2d_12,"(0, 2, 21, 11)",14
2122,conv2d_12,"(2, 0, 21, 7)",23
2123,conv2d_12,"(2, 1, 20, 26)",26
2124,conv2d_12,"(2, 0, 8, 13)",22
2125,conv2d_12,"(1, 1, 27, 5)",0
2126,conv2d_12,"(1, 1, 19, 1)",13
2127,conv2d_12,"(1, 0, 3, 11)",16
2128,conv2d_12,"(0, 1, 10, 19)",5
2129,conv2d_12,"(1, 2, 7, 26)",16
2130,conv2d_12,"(2, 0, 7, 21)",1
2131,conv2d_12,"(2, 1, 20, 16)",27
2132,conv2d_12,"(1, 2, 26, 10)",5
2133,conv2d_12,"(1, 2, 30, 19)",1
2134,conv2d_12,"(0, 2, 17, 30)",10
2135,conv2d_12,"(2, 1, 11, 9)",31
2136,conv2d_12,"(1, 0, 23, 20)",26
2137,conv2d_12,"(0, 1, 26, 31)",21
2138,conv2d_12,"(0, 0, 13, 23)",7
2139,conv2d_12,"(1, 2, 0, 21)",24
2140,conv2d_12,"(2, 1, 10, 21)",25
2141,conv2d_12,"(1, 0, 25, 3)",5
2142,conv2d_12,"(2, 0, 17, 4)",30
2143,conv2d_12,"(0, 0, 21, 16)",21
2144,conv2d_12,"(1, 0, 13, 9)",5
2145,conv2d_12,"(1, 1, 1, 3)",11
2146,conv2d_12,"(2, 0, 7, 10)",7
2147,conv2d_12,"(1, 1, 3, 31)",18
2148,conv2d_12,"(1, 0, 16, 14)",23
2149,conv2d_12,"(1, 2, 3, 22)",31
2150,conv2d_12,"(0, 0, 2, 12)",21
2151,conv2d_12,"(2, 1, 18, 28)",13
2152,conv2d_12,"(1, 2, 6, 14)",29
2153,conv2d_12,"(2, 2, 26, 7)",27
2154,conv2d_12,"(1, 2, 20, 8)",23
2155,conv2d_12,"(0, 1, 4, 2)",10
2156,conv2d_12,"(2, 1, 23, 17)",18
2157,conv2d_12,"(0, 0, 25, 14)",5
2158,conv2d_12,"(1, 1, 13, 16)",18
2159,conv2d_12,"(1, 2, 3, 2)",9
2160,conv2d_12,"(1, 0, 26, 16)",31
2161,conv2d_12,"(1, 1, 17, 25)",11
2162,conv2d_12,"(0, 0, 22, 23)",19
2163,conv2d_12,"(2, 2, 2, 28)",3
2164,conv2d_12,"(0, 1, 9, 3)",3
2165,conv2d_12,"(1, 2, 3, 31)",16
2166,conv2d_12,"(2, 1, 7, 5)",9
2167,conv2d_12,"(2, 1, 18, 25)",6
2168,conv2d_12,"(0, 0, 8, 19)",10
2169,conv2d_12,"(1, 1, 31, 12)",28
2170,conv2d_12,"(2, 2, 3, 21)",11
2171,conv2d_12,"(2, 1, 19, 10)",18
2172,conv2d_12,"(1, 0, 11, 19)",15
2173,conv2d_12,"(1, 2, 23, 13)",23
2174,conv2d_12,"(2, 2, 29, 10)",28
2175,conv2d_12,"(1, 2, 7, 0)",13
2176,conv2d_12,"(1, 2, 3, 10)",24
2177,conv2d_12,"(0, 2, 25, 15)",6
2178,conv2d_12,"(0, 1, 3, 2)",26
2179,conv2d_12,"(1, 0, 15, 14)",31
2180,conv2d_12,"(1, 1, 1, 10)",14
2181,conv2d_12,"(2, 1, 4, 1)",20
2182,conv2d_12,"(0, 0, 31, 5)",17
2183,conv2d_12,"(2, 0, 31, 19)",17
2184,conv2d_12,"(0, 0, 21, 15)",10
2185,conv2d_12,"(1, 1, 1, 12)",9
2186,conv2d_12,"(1, 2, 4, 9)",24
2187,conv2d_12,"(0, 2, 2, 17)",20
2188,conv2d_12,"(1, 0, 5, 22)",13
2189,conv2d_12,"(2, 0, 19, 5)",22
2190,conv2d_12,"(2, 0, 30, 19)",27
2191,conv2d_12,"(1, 2, 11, 25)",5
2192,conv2d_12,"(1, 2, 16, 10)",4
2193,conv2d_12,"(1, 1, 31, 24)",16
2194,conv2d_12,"(1, 2, 23, 22)",1
2195,conv2d_12,"(2, 0, 7, 30)",25
2196,conv2d_12,"(0, 1, 22, 6)",14
2197,conv2d_12,"(0, 0, 8, 28)",23
2198,conv2d_12,"(2, 2, 31, 13)",22
2199,conv2d_12,"(1, 0, 6, 11)",5
2200,conv2d_12,"(1, 2, 31, 22)",7
2201,conv2d_12,"(2, 0, 7, 5)",22
2202,conv2d_12,"(2, 1, 6, 3)",6
2203,conv2d_12,"(1, 2, 13, 5)",7
2204,conv2d_12,"(1, 1, 25, 9)",24
2205,conv2d_12,"(2, 1, 23, 26)",5
2206,conv2d_12,"(1, 0, 22, 14)",5
2207,conv2d_12,"(0, 2, 30, 26)",21
2208,conv2d_12,"(1, 1, 31, 18)",20
2209,conv2d_12,"(0, 1, 29, 12)",21
2210,conv2d_12,"(0, 0, 12, 19)",27
2211,conv2d_12,"(2, 2, 19, 27)",22
2212,conv2d_12,"(1, 0, 28, 13)",22
2213,conv2d_12,"(0, 2, 13, 21)",26
2214,conv2d_12,"(2, 0, 16, 21)",25
2215,conv2d_12,"(2, 0, 27, 10)",15
2216,conv2d_12,"(1, 0, 5, 19)",23
2217,conv2d_12,"(1, 0, 17, 29)",27
2218,conv2d_12,"(2, 1, 27, 4)",26
2219,conv2d_12,"(1, 1, 8, 21)",5
2220,conv2d_12,"(1, 1, 3, 4)",2
2221,conv2d_12,"(0, 2, 9, 0)",5
2222,conv2d_12,"(0, 2, 13, 2)",6
2223,conv2d_12,"(1, 2, 4, 13)",21
2224,conv2d_12,"(0, 1, 26, 3)",5
2225,conv2d_12,"(2, 0, 11, 12)",4
2226,conv2d_12,"(1, 0, 18, 21)",17
2227,conv2d_12,"(0, 2, 5, 26)",29
2228,conv2d_12,"(2, 0, 15, 21)",0
2229,conv2d_12,"(2, 1, 12, 0)",12
2230,conv2d_12,"(1, 2, 31, 27)",6
2231,conv2d_12,"(1, 0, 1, 23)",14
2232,conv2d_12,"(0, 0, 14, 25)",30
2233,conv2d_12,"(0, 0, 17, 3)",28
2234,conv2d_12,"(2, 0, 23, 14)",8
2235,conv2d_12,"(1, 0, 5, 29)",12
2236,conv2d_12,"(0, 0, 5, 13)",30
2237,conv2d_12,"(1, 2, 17, 9)",30
2238,conv2d_12,"(1, 2, 23, 23)",14
2239,conv2d_12,"(2, 0, 3, 21)",25
2240,conv2d_12,"(0, 2, 14, 2)",7
2241,conv2d_12,"(1, 2, 4, 24)",14
2242,conv2d_12,"(0, 0, 3, 21)",23
2243,conv2d_12,"(1, 1, 17, 13)",29
2244,conv2d_12,"(2, 0, 18, 10)",18
2245,conv2d_12,"(0, 0, 9, 1)",9
2246,conv2d_12,"(0, 2, 14, 18)",31
2247,conv2d_12,"(1, 1, 18, 3)",29
2248,conv2d_12,"(1, 1, 6, 22)",24
2249,conv2d_12,"(1, 0, 6, 8)",0
2250,conv2d_12,"(2, 0, 19, 8)",22
2251,conv2d_12,"(2, 1, 14, 15)",1
2252,conv2d_12,"(0, 2, 8, 23)",10
2253,conv2d_12,"(1, 1, 31, 19)",23
2254,conv2d_12,"(1, 0, 2, 6)",22
2255,conv2d_12,"(0, 2, 1, 24)",14
2256,conv2d_12,"(1, 2, 17, 19)",3
2257,conv2d_12,"(2, 1, 5, 8)",14
2258,conv2d_12,"(0, 2, 29, 9)",10
2259,conv2d_12,"(1, 1, 8, 31)",9
2260,conv2d_12,"(1, 2, 16, 5)",26
2261,conv2d_12,"(0, 1, 14, 13)",24
2262,conv2d_12,"(0, 0, 20, 12)",12
2263,conv2d_12,"(1, 0, 26, 12)",8
2264,conv2d_12,"(2, 1, 20, 1)",10
2265,conv2d_12,"(1, 0, 3, 25)",11
2266,conv2d_12,"(2, 1, 16, 4)",29
2267,conv2d_12,"(2, 2, 5, 13)",18
2268,conv2d_12,"(2, 2, 23, 22)",4
2269,conv2d_12,"(1, 1, 14, 14)",28
2270,conv2d_12,"(2, 2, 21, 28)",9
2271,conv2d_12,"(0, 1, 14, 0)",1
2272,conv2d_12,"(2, 2, 6, 25)",2
2273,conv2d_12,"(0, 0, 6, 14)",23
2274,conv2d_12,"(1, 1, 10, 23)",29
2275,conv2d_12,"(0, 2, 18, 16)",2
2276,conv2d_12,"(0, 1, 25, 6)",27
2277,conv2d_12,"(2, 0, 16, 25)",25
2278,conv2d_12,"(2, 2, 28, 13)",20
2279,conv2d_12,"(2, 1, 10, 11)",10
2280,conv2d_12,"(0, 0, 21, 20)",25
2281,conv2d_12,"(0, 1, 6, 15)",29
2282,conv2d_12,"(0, 2, 13, 1)",4
2283,conv2d_12,"(1, 0, 6, 16)",2
2284,conv2d_12,"(1, 2, 21, 11)",23
2285,conv2d_12,"(0, 2, 20, 27)",6
2286,conv2d_12,"(0, 0, 19, 8)",28
2287,conv2d_12,"(2, 1, 11, 23)",16
2288,conv2d_12,"(2, 0, 8, 9)",29
2289,conv2d_12,"(1, 1, 2, 8)",21
2290,conv2d_12,"(2, 1, 12, 16)",23
2291,conv2d_12,"(1, 2, 4, 6)",29
2292,conv2d_12,"(1, 2, 22, 2)",0
2293,conv2d_12,"(0, 1, 26, 21)",28
2294,conv2d_12,"(0, 1, 23, 8)",23
2295,conv2d_12,"(0, 0, 3, 22)",11
2296,conv2d_12,"(1, 2, 10, 5)",6
2297,conv2d_12,"(1, 0, 16, 0)",14
2298,conv2d_12,"(1, 0, 10, 2)",17
2299,conv2d_12,"(2, 1, 31, 6)",10
2300,conv2d_12,"(1, 0, 16, 27)",2
2301,conv2d_12,"(1, 0, 27, 20)",27
2302,conv2d_12,"(0, 2, 3, 27)",21
2303,conv2d_12,"(2, 2, 0, 31)",14
2304,conv2d_12,"(1, 2, 9, 27)",8
2305,conv2d_12,"(2, 2, 11, 26)",17
2306,conv2d_12,"(0, 2, 30, 12)",6
2307,conv2d_12,"(2, 2, 10, 31)",1
2308,conv2d_12,"(1, 0, 26, 27)",17
2309,conv2d_12,"(1, 2, 13, 9)",22
2310,conv2d_12,"(1, 0, 19, 27)",27
2311,conv2d_12,"(2, 1, 29, 4)",29
2312,conv2d_12,"(0, 1, 19, 15)",20
2313,conv2d_12,"(0, 1, 29, 6)",22
2314,conv2d_12,"(2, 2, 3, 9)",27
2315,conv2d_12,"(0, 1, 0, 9)",25
2316,conv2d_12,"(2, 2, 15, 6)",13
2317,conv2d_12,"(2, 0, 6, 13)",22
2318,conv2d_12,"(2, 1, 13, 30)",10
2319,conv2d_12,"(0, 2, 31, 25)",16
2320,conv2d_12,"(2, 0, 14, 18)",12
2321,conv2d_12,"(0, 2, 15, 5)",1
2322,conv2d_12,"(1, 1, 3, 22)",22
2323,conv2d_12,"(1, 0, 31, 14)",15
2324,conv2d_12,"(1, 2, 7, 16)",0
2325,conv2d_12,"(2, 2, 13, 27)",17
2326,conv2d_12,"(1, 1, 4, 4)",15
2327,conv2d_12,"(1, 1, 22, 26)",30
2328,conv2d_12,"(1, 0, 3, 22)",12
2329,conv2d_12,"(0, 1, 12, 24)",22
2330,conv2d_12,"(1, 2, 21, 0)",20
2331,conv2d_12,"(1, 0, 27, 0)",11
2332,conv2d_12,"(1, 0, 9, 26)",11
2333,conv2d_12,"(1, 1, 16, 28)",8
2334,conv2d_12,"(2, 1, 27, 13)",15
2335,conv2d_12,"(2, 2, 31, 10)",7
2336,conv2d_12,"(1, 1, 6, 5)",3
2337,conv2d_12,"(0, 0, 4, 11)",15
2338,conv2d_12,"(1, 1, 2, 4)",23
2339,conv2d_12,"(0, 0, 19, 19)",22
2340,conv2d_12,"(0, 2, 4, 19)",18
2341,conv2d_12,"(2, 0, 9, 15)",29
2342,conv2d_12,"(1, 0, 8, 22)",17
2343,conv2d_12,"(2, 1, 30, 12)",16
2344,conv2d_12,"(1, 0, 16, 20)",27
2345,conv2d_12,"(1, 2, 27, 25)",1
2346,conv2d_12,"(2, 1, 6, 23)",9
2347,conv2d_12,"(2, 0, 12, 20)",0
2348,conv2d_12,"(0, 2, 21, 3)",30
2349,conv2d_12,"(1, 1, 18, 6)",4
2350,conv2d_12,"(0, 1, 28, 26)",31
2351,conv2d_12,"(0, 1, 23, 11)",25
2352,conv2d_12,"(0, 1, 21, 29)",12
2353,conv2d_12,"(0, 1, 18, 28)",27
2354,conv2d_12,"(0, 1, 4, 10)",4
2355,conv2d_12,"(1, 1, 25, 13)",14
2356,conv2d_12,"(1, 0, 0, 6)",1
2357,conv2d_12,"(2, 0, 10, 16)",12
2358,conv2d_12,"(0, 2, 5, 3)",30
2359,conv2d_12,"(2, 2, 7, 10)",21
2360,conv2d_12,"(1, 0, 25, 6)",28
2361,conv2d_12,"(2, 1, 11, 26)",18
2362,conv2d_12,"(0, 0, 6, 18)",18
2363,conv2d_12,"(0, 0, 17, 27)",24
2364,conv2d_12,"(2, 0, 13, 22)",12
2365,conv2d_12,"(1, 0, 4, 24)",20
2366,conv2d_12,"(2, 0, 11, 0)",19
2367,conv2d_12,"(2, 0, 8, 11)",0
2368,conv2d_12,"(2, 0, 2, 26)",4
2369,conv2d_12,"(2, 2, 5, 5)",4
2370,conv2d_12,"(2, 0, 31, 10)",17
2371,conv2d_12,"(2, 0, 12, 21)",3
2372,conv2d_12,"(1, 1, 26, 26)",20
2373,conv2d_12,"(1, 1, 3, 6)",12
2374,conv2d_12,"(0, 2, 4, 9)",14
2375,conv2d_12,"(2, 1, 6, 30)",5
2376,conv2d_12,"(1, 1, 0, 0)",4
2377,conv2d_12,"(2, 0, 0, 28)",28
2378,conv2d_12,"(1, 2, 18, 1)",14
2379,conv2d_12,"(2, 2, 31, 20)",3
2380,conv2d_12,"(0, 2, 26, 21)",18
2381,conv2d_12,"(0, 1, 23, 14)",15
2382,conv2d_12,"(0, 0, 7, 26)",23
2383,conv2d_12,"(2, 2, 15, 22)",21
2384,conv2d_12,"(2, 0, 17, 3)",13
2385,conv2d_12,"(0, 0, 10, 2)",3
2386,conv2d_12,"(0, 0, 22, 19)",3
2387,conv2d_12,"(1, 2, 29, 16)",25
2388,conv2d_12,"(2, 0, 25, 24)",6
2389,conv2d_12,"(2, 2, 14, 2)",21
2390,conv2d_12,"(1, 0, 4, 15)",10
2391,conv2d_12,"(1, 1, 7, 25)",26
2392,conv2d_12,"(2, 1, 19, 26)",30
2393,conv2d_12,"(1, 2, 14, 16)",6
2394,conv2d_12,"(2, 1, 31, 14)",10
2395,conv2d_12,"(0, 1, 24, 8)",28
2396,conv2d_12,"(2, 2, 1, 6)",13
2397,conv2d_12,"(1, 0, 0, 20)",17
2398,conv2d_12,"(0, 0, 11, 17)",15
2399,conv2d_12,"(0, 2, 10, 18)",0
2400,conv2d_12,"(0, 0, 29, 0)",7
2401,conv2d_12,"(1, 1, 12, 27)",18
2402,conv2d_12,"(1, 0, 0, 8)",12
2403,conv2d_12,"(2, 1, 21, 9)",12
2404,conv2d_12,"(2, 1, 23, 10)",23
2405,conv2d_12,"(2, 1, 7, 16)",2
2406,conv2d_12,"(0, 2, 4, 2)",11
2407,conv2d_12,"(1, 1, 18, 5)",12
2408,conv2d_12,"(2, 0, 1, 30)",12
2409,conv2d_12,"(2, 2, 7, 23)",12
2410,conv2d_12,"(1, 0, 15, 5)",0
2411,conv2d_12,"(1, 0, 11, 28)",15
2412,conv2d_12,"(1, 0, 0, 27)",8
2413,conv2d_12,"(2, 1, 2, 12)",28
2414,conv2d_12,"(1, 1, 14, 6)",29
2415,conv2d_12,"(1, 2, 18, 28)",26
2416,conv2d_12,"(1, 2, 4, 26)",27
2417,conv2d_12,"(2, 0, 22, 3)",27
2418,conv2d_12,"(2, 2, 3, 0)",5
2419,conv2d_12,"(1, 2, 31, 30)",21
2420,conv2d_12,"(1, 0, 12, 24)",3
2421,conv2d_12,"(1, 0, 5, 12)",4
2422,conv2d_12,"(2, 2, 1, 25)",2
2423,conv2d_12,"(2, 2, 5, 30)",3
2424,conv2d_12,"(0, 2, 2, 24)",13
2425,conv2d_13,"(2, 2, 14, 33)",11
2426,conv2d_13,"(1, 2, 17, 57)",2
2427,conv2d_13,"(0, 2, 19, 16)",27
2428,conv2d_13,"(0, 2, 3, 10)",20
2429,conv2d_13,"(1, 1, 17, 46)",21
2430,conv2d_13,"(0, 1, 21, 41)",8
2431,conv2d_13,"(0, 0, 1, 39)",4
2432,conv2d_13,"(0, 1, 0, 14)",31
2433,conv2d_13,"(1, 0, 4, 19)",2
2434,conv2d_13,"(0, 2, 1, 32)",28
2435,conv2d_13,"(1, 2, 27, 41)",16
2436,conv2d_13,"(2, 1, 16, 12)",3
2437,conv2d_13,"(0, 1, 3, 42)",26
2438,conv2d_13,"(2, 1, 9, 59)",23
2439,conv2d_13,"(0, 2, 1, 1)",12
2440,conv2d_13,"(1, 2, 17, 18)",25
2441,conv2d_13,"(0, 0, 12, 10)",12
2442,conv2d_13,"(0, 2, 28, 29)",5
2443,conv2d_13,"(0, 0, 5, 30)",4
2444,conv2d_13,"(1, 0, 19, 36)",29
2445,conv2d_13,"(1, 1, 13, 13)",8
2446,conv2d_13,"(2, 1, 26, 0)",18
2447,conv2d_13,"(1, 1, 14, 32)",10
2448,conv2d_13,"(0, 1, 21, 60)",6
2449,conv2d_13,"(1, 1, 15, 59)",20
2450,conv2d_13,"(1, 2, 27, 27)",18
2451,conv2d_13,"(1, 1, 4, 49)",24
2452,conv2d_13,"(2, 1, 4, 25)",9
2453,conv2d_13,"(0, 1, 16, 54)",10
2454,conv2d_13,"(2, 0, 15, 27)",3
2455,conv2d_13,"(2, 0, 15, 35)",5
2456,conv2d_13,"(2, 2, 25, 22)",11
2457,conv2d_13,"(0, 2, 23, 42)",10
2458,conv2d_13,"(1, 0, 19, 63)",20
2459,conv2d_13,"(2, 0, 22, 13)",0
2460,conv2d_13,"(1, 2, 10, 21)",9
2461,conv2d_13,"(2, 1, 15, 34)",25
2462,conv2d_13,"(1, 0, 10, 30)",20
2463,conv2d_13,"(2, 1, 20, 26)",4
2464,conv2d_13,"(1, 2, 30, 44)",9
2465,conv2d_13,"(1, 1, 9, 61)",12
2466,conv2d_13,"(0, 1, 20, 9)",7
2467,conv2d_13,"(0, 2, 27, 58)",26
2468,conv2d_13,"(1, 0, 5, 36)",13
2469,conv2d_13,"(0, 1, 31, 22)",26
2470,conv2d_13,"(1, 2, 1, 60)",9
2471,conv2d_13,"(2, 1, 24, 18)",5
2472,conv2d_13,"(2, 1, 30, 34)",28
2473,conv2d_13,"(1, 0, 31, 52)",21
2474,conv2d_13,"(1, 1, 15, 53)",18
2475,conv2d_13,"(0, 0, 1, 44)",25
2476,conv2d_13,"(1, 2, 24, 34)",30
2477,conv2d_13,"(2, 1, 11, 34)",14
2478,conv2d_13,"(0, 2, 5, 24)",28
2479,conv2d_13,"(0, 2, 19, 23)",23
2480,conv2d_13,"(1, 1, 8, 47)",23
2481,conv2d_13,"(1, 0, 1, 25)",16
2482,conv2d_13,"(0, 2, 0, 60)",9
2483,conv2d_13,"(1, 1, 10, 31)",26
2484,conv2d_13,"(0, 2, 28, 16)",26
2485,conv2d_13,"(0, 0, 9, 9)",24
2486,conv2d_13,"(2, 2, 10, 22)",20
2487,conv2d_13,"(2, 0, 27, 50)",14
2488,conv2d_13,"(2, 2, 30, 28)",19
2489,conv2d_13,"(1, 2, 20, 56)",8
2490,conv2d_13,"(0, 2, 9, 39)",19
2491,conv2d_13,"(1, 2, 29, 0)",29
2492,conv2d_13,"(1, 2, 24, 18)",26
2493,conv2d_13,"(1, 0, 16, 45)",1
2494,conv2d_13,"(2, 1, 22, 56)",27
2495,conv2d_13,"(0, 1, 25, 3)",16
2496,conv2d_13,"(0, 0, 5, 0)",22
2497,conv2d_13,"(1, 2, 25, 60)",29
2498,conv2d_13,"(0, 1, 24, 60)",20
2499,conv2d_13,"(2, 1, 16, 54)",17
2500,conv2d_13,"(0, 2, 27, 48)",1
2501,conv2d_13,"(2, 2, 15, 24)",9
2502,conv2d_13,"(2, 2, 13, 14)",13
2503,conv2d_13,"(0, 0, 18, 43)",22
2504,conv2d_13,"(1, 2, 30, 5)",0
2505,conv2d_13,"(1, 0, 3, 37)",15
2506,conv2d_13,"(2, 2, 17, 36)",20
2507,conv2d_13,"(0, 2, 29, 21)",1
2508,conv2d_13,"(2, 0, 15, 59)",4
2509,conv2d_13,"(2, 0, 14, 36)",25
2510,conv2d_13,"(1, 0, 26, 19)",24
2511,conv2d_13,"(1, 0, 1, 5)",16
2512,conv2d_13,"(0, 1, 5, 33)",3
2513,conv2d_13,"(1, 1, 5, 19)",16
2514,conv2d_13,"(1, 0, 14, 17)",30
2515,conv2d_13,"(1, 2, 0, 24)",15
2516,conv2d_13,"(1, 2, 28, 19)",27
2517,conv2d_13,"(1, 1, 28, 27)",15
2518,conv2d_13,"(2, 1, 18, 28)",13
2519,conv2d_13,"(2, 1, 29, 55)",14
2520,conv2d_13,"(1, 2, 2, 46)",18
2521,conv2d_13,"(2, 2, 0, 19)",0
2522,conv2d_13,"(1, 2, 9, 26)",24
2523,conv2d_13,"(2, 1, 28, 48)",6
2524,conv2d_13,"(2, 2, 31, 53)",4
2525,conv2d_13,"(0, 0, 10, 39)",15
2526,conv2d_13,"(0, 1, 16, 46)",13
2527,conv2d_13,"(0, 2, 29, 8)",31
2528,conv2d_13,"(2, 0, 13, 29)",23
2529,conv2d_13,"(1, 2, 12, 49)",10
2530,conv2d_13,"(1, 1, 16, 45)",16
2531,conv2d_13,"(1, 1, 2, 60)",18
2532,conv2d_13,"(0, 1, 7, 2)",6
2533,conv2d_13,"(0, 2, 15, 54)",7
2534,conv2d_13,"(1, 2, 5, 18)",10
2535,conv2d_13,"(2, 2, 10, 63)",30
2536,conv2d_13,"(1, 0, 10, 35)",3
2537,conv2d_13,"(1, 1, 1, 63)",29
2538,conv2d_13,"(0, 2, 14, 58)",6
2539,conv2d_13,"(2, 0, 2, 38)",12
2540,conv2d_13,"(1, 2, 29, 29)",11
2541,conv2d_13,"(0, 2, 12, 8)",10
2542,conv2d_13,"(1, 0, 15, 54)",13
2543,conv2d_13,"(0, 1, 8, 49)",10
2544,conv2d_13,"(0, 1, 12, 20)",11
2545,conv2d_13,"(2, 0, 1, 43)",13
2546,conv2d_13,"(0, 1, 3, 1)",20
2547,conv2d_13,"(2, 2, 21, 14)",19
2548,conv2d_13,"(0, 1, 6, 26)",11
2549,conv2d_13,"(0, 1, 8, 17)",28
2550,conv2d_13,"(0, 2, 1, 58)",14
2551,conv2d_13,"(1, 0, 5, 46)",31
2552,conv2d_13,"(0, 2, 21, 8)",13
2553,conv2d_13,"(2, 1, 30, 4)",12
2554,conv2d_13,"(2, 0, 22, 20)",11
2555,conv2d_13,"(2, 1, 30, 23)",14
2556,conv2d_13,"(2, 1, 7, 51)",7
2557,conv2d_13,"(1, 0, 5, 24)",7
2558,conv2d_13,"(2, 0, 7, 45)",18
2559,conv2d_13,"(0, 1, 23, 38)",17
2560,conv2d_13,"(2, 1, 0, 54)",14
2561,conv2d_13,"(0, 2, 16, 63)",10
2562,conv2d_13,"(1, 1, 1, 16)",11
2563,conv2d_13,"(1, 2, 10, 24)",1
2564,conv2d_13,"(2, 2, 28, 34)",17
2565,conv2d_13,"(0, 2, 20, 1)",7
2566,conv2d_13,"(1, 2, 17, 9)",27
2567,conv2d_13,"(0, 1, 22, 17)",30
2568,conv2d_13,"(2, 0, 0, 11)",24
2569,conv2d_13,"(2, 0, 4, 17)",28
2570,conv2d_13,"(0, 2, 25, 20)",1
2571,conv2d_13,"(0, 0, 24, 28)",16
2572,conv2d_13,"(2, 0, 8, 61)",11
2573,conv2d_13,"(2, 0, 18, 48)",16
2574,conv2d_13,"(2, 0, 22, 26)",28
2575,conv2d_13,"(0, 1, 11, 56)",25
2576,conv2d_13,"(2, 0, 27, 12)",22
2577,conv2d_13,"(0, 0, 16, 48)",20
2578,conv2d_13,"(0, 2, 30, 0)",11
2579,conv2d_13,"(2, 2, 24, 11)",25
2580,conv2d_13,"(1, 0, 13, 7)",12
2581,conv2d_13,"(2, 0, 10, 44)",30
2582,conv2d_13,"(1, 0, 22, 16)",9
2583,conv2d_13,"(1, 1, 25, 32)",18
2584,conv2d_13,"(2, 1, 0, 27)",23
2585,conv2d_13,"(1, 2, 7, 29)",5
2586,conv2d_13,"(2, 1, 22, 50)",19
2587,conv2d_13,"(0, 1, 14, 61)",27
2588,conv2d_13,"(2, 1, 16, 30)",16
2589,conv2d_13,"(2, 1, 6, 27)",4
2590,conv2d_13,"(0, 1, 8, 27)",12
2591,conv2d_13,"(2, 1, 12, 32)",10
2592,conv2d_13,"(1, 2, 17, 19)",18
2593,conv2d_13,"(2, 1, 21, 62)",26
2594,conv2d_13,"(1, 0, 11, 63)",24
2595,conv2d_13,"(1, 2, 25, 2)",1
2596,conv2d_13,"(2, 2, 9, 48)",4
2597,conv2d_13,"(1, 2, 24, 40)",14
2598,conv2d_13,"(2, 2, 28, 2)",22
2599,conv2d_13,"(1, 0, 8, 48)",4
2600,conv2d_13,"(2, 2, 13, 42)",25
2601,conv2d_13,"(1, 2, 1, 10)",0
2602,conv2d_13,"(1, 1, 5, 49)",22
2603,conv2d_13,"(1, 2, 16, 4)",1
2604,conv2d_13,"(0, 0, 5, 39)",17
2605,conv2d_13,"(1, 0, 2, 20)",16
2606,conv2d_13,"(0, 2, 23, 63)",25
2607,conv2d_13,"(0, 2, 11, 47)",0
2608,conv2d_13,"(1, 0, 0, 44)",11
2609,conv2d_13,"(0, 0, 5, 3)",1
2610,conv2d_13,"(1, 0, 22, 62)",5
2611,conv2d_13,"(0, 2, 28, 5)",20
2612,conv2d_13,"(2, 0, 24, 22)",17
2613,conv2d_13,"(2, 0, 24, 38)",27
2614,conv2d_13,"(2, 0, 30, 63)",7
2615,conv2d_13,"(1, 2, 0, 3)",7
2616,conv2d_13,"(0, 2, 14, 38)",30
2617,conv2d_13,"(1, 0, 13, 29)",10
2618,conv2d_13,"(2, 0, 24, 46)",16
2619,conv2d_13,"(1, 2, 28, 45)",11
2620,conv2d_13,"(1, 1, 28, 38)",22
2621,conv2d_13,"(2, 2, 24, 5)",26
2622,conv2d_13,"(1, 2, 6, 31)",23
2623,conv2d_13,"(2, 1, 24, 25)",16
2624,conv2d_13,"(2, 2, 1, 14)",28
2625,conv2d_13,"(0, 1, 30, 24)",12
2626,conv2d_13,"(1, 1, 18, 7)",27
2627,conv2d_13,"(1, 1, 12, 46)",14
2628,conv2d_13,"(2, 2, 9, 10)",31
2629,conv2d_13,"(0, 1, 19, 7)",29
2630,conv2d_13,"(1, 2, 21, 4)",2
2631,conv2d_13,"(1, 0, 9, 59)",7
2632,conv2d_13,"(1, 1, 8, 56)",7
2633,conv2d_13,"(1, 2, 13, 54)",26
2634,conv2d_13,"(1, 2, 9, 7)",22
2635,conv2d_13,"(1, 1, 31, 48)",17
2636,conv2d_13,"(1, 1, 2, 35)",12
2637,conv2d_13,"(2, 1, 2, 53)",24
2638,conv2d_13,"(2, 2, 8, 8)",5
2639,conv2d_13,"(0, 0, 27, 22)",13
2640,conv2d_13,"(0, 0, 19, 35)",26
2641,conv2d_13,"(0, 2, 13, 16)",30
2642,conv2d_13,"(1, 0, 14, 21)",14
2643,conv2d_13,"(2, 2, 19, 26)",4
2644,conv2d_13,"(2, 2, 27, 61)",15
2645,conv2d_13,"(2, 2, 14, 51)",12
2646,conv2d_13,"(1, 2, 3, 1)",14
2647,conv2d_13,"(2, 1, 11, 8)",13
2648,conv2d_13,"(0, 2, 10, 47)",7
2649,conv2d_13,"(2, 0, 20, 58)",9
2650,conv2d_13,"(2, 1, 28, 13)",5
2651,conv2d_13,"(0, 0, 19, 55)",4
2652,conv2d_13,"(1, 0, 2, 19)",5
2653,conv2d_13,"(1, 1, 24, 9)",2
2654,conv2d_13,"(1, 0, 1, 11)",30
2655,conv2d_13,"(0, 2, 4, 21)",17
2656,conv2d_13,"(2, 0, 29, 5)",26
2657,conv2d_13,"(0, 0, 21, 39)",25
2658,conv2d_13,"(2, 2, 2, 21)",5
2659,conv2d_13,"(0, 1, 19, 47)",21
2660,conv2d_13,"(2, 1, 29, 31)",11
2661,conv2d_13,"(2, 0, 22, 10)",27
2662,conv2d_13,"(1, 1, 29, 60)",24
2663,conv2d_13,"(1, 0, 5, 27)",6
2664,conv2d_13,"(0, 2, 29, 14)",9
2665,conv2d_13,"(1, 1, 8, 12)",31
2666,conv2d_13,"(0, 1, 16, 10)",11
2667,conv2d_13,"(2, 2, 13, 15)",25
2668,conv2d_13,"(1, 1, 18, 33)",21
2669,conv2d_13,"(0, 2, 2, 22)",10
2670,conv2d_13,"(0, 1, 5, 22)",9
2671,conv2d_13,"(0, 1, 29, 33)",0
2672,conv2d_13,"(0, 0, 29, 29)",15
2673,conv2d_13,"(0, 2, 14, 17)",15
2674,conv2d_13,"(2, 2, 18, 61)",5
2675,conv2d_13,"(0, 1, 17, 27)",16
2676,conv2d_13,"(0, 2, 11, 50)",5
2677,conv2d_13,"(2, 1, 17, 18)",2
2678,conv2d_13,"(1, 0, 14, 6)",16
2679,conv2d_13,"(0, 1, 2, 49)",16
2680,conv2d_13,"(0, 2, 20, 13)",14
2681,conv2d_13,"(2, 1, 11, 49)",12
2682,conv2d_13,"(1, 0, 27, 14)",17
2683,conv2d_13,"(2, 2, 9, 15)",6
2684,conv2d_13,"(1, 1, 28, 48)",22
2685,conv2d_13,"(2, 1, 3, 45)",16
2686,conv2d_13,"(2, 1, 27, 8)",21
2687,conv2d_13,"(0, 0, 17, 34)",16
2688,conv2d_13,"(2, 0, 22, 62)",9
2689,conv2d_13,"(2, 0, 0, 44)",2
2690,conv2d_13,"(2, 0, 1, 23)",13
2691,conv2d_13,"(1, 2, 26, 26)",3
2692,conv2d_13,"(2, 1, 13, 5)",6
2693,conv2d_13,"(0, 0, 16, 19)",7
2694,conv2d_13,"(1, 2, 1, 32)",19
2695,conv2d_13,"(0, 2, 21, 5)",10
2696,conv2d_13,"(0, 1, 28, 44)",10
2697,conv2d_13,"(1, 2, 20, 25)",14
2698,conv2d_13,"(2, 1, 1, 52)",8
2699,conv2d_13,"(1, 1, 14, 24)",8
2700,conv2d_13,"(1, 1, 28, 11)",3
2701,conv2d_13,"(2, 0, 9, 48)",29
2702,conv2d_13,"(1, 2, 5, 45)",30
2703,conv2d_13,"(1, 2, 14, 51)",29
2704,conv2d_13,"(2, 1, 2, 8)",28
2705,conv2d_13,"(0, 1, 8, 44)",22
2706,conv2d_13,"(0, 2, 14, 45)",8
2707,conv2d_13,"(0, 1, 9, 15)",17
2708,conv2d_13,"(2, 2, 29, 29)",9
2709,conv2d_13,"(0, 1, 11, 47)",28
2710,conv2d_13,"(1, 2, 4, 1)",16
2711,conv2d_13,"(2, 2, 5, 8)",29
2712,conv2d_13,"(2, 0, 12, 61)",20
2713,conv2d_13,"(0, 2, 8, 36)",0
2714,conv2d_13,"(1, 1, 9, 59)",27
2715,conv2d_13,"(1, 2, 14, 11)",0
2716,conv2d_13,"(2, 0, 8, 44)",24
2717,conv2d_13,"(1, 0, 1, 49)",18
2718,conv2d_13,"(2, 0, 16, 17)",11
2719,conv2d_13,"(2, 1, 11, 31)",9
2720,conv2d_13,"(2, 1, 1, 14)",20
2721,conv2d_13,"(0, 0, 1, 10)",29
2722,conv2d_13,"(1, 0, 21, 30)",1
2723,conv2d_13,"(0, 0, 15, 10)",3
2724,conv2d_13,"(2, 1, 22, 28)",18
2725,conv2d_13,"(0, 2, 19, 32)",17
2726,conv2d_13,"(1, 2, 28, 11)",1
2727,conv2d_13,"(1, 0, 19, 40)",28
2728,conv2d_13,"(2, 0, 26, 51)",21
2729,conv2d_13,"(1, 1, 0, 45)",9
2730,conv2d_13,"(1, 1, 12, 36)",20
2731,conv2d_13,"(0, 0, 23, 53)",14
2732,conv2d_13,"(1, 1, 30, 39)",25
2733,conv2d_13,"(2, 2, 31, 7)",0
2734,conv2d_13,"(1, 1, 13, 10)",18
2735,conv2d_13,"(0, 0, 9, 14)",31
2736,conv2d_13,"(0, 2, 12, 63)",29
2737,conv2d_13,"(0, 1, 11, 33)",8
2738,conv2d_13,"(0, 1, 18, 2)",25
2739,conv2d_13,"(1, 1, 4, 21)",15
2740,conv2d_13,"(0, 2, 9, 12)",20
2741,conv2d_13,"(1, 1, 20, 0)",18
2742,conv2d_13,"(2, 1, 11, 14)",21
2743,conv2d_13,"(1, 1, 28, 43)",19
2744,conv2d_13,"(1, 2, 2, 49)",31
2745,conv2d_13,"(1, 2, 11, 18)",25
2746,conv2d_13,"(2, 0, 8, 41)",10
2747,conv2d_13,"(1, 1, 18, 11)",27
2748,conv2d_13,"(0, 0, 8, 17)",31
2749,conv2d_13,"(2, 0, 23, 27)",19
2750,conv2d_13,"(0, 2, 16, 21)",23
2751,conv2d_13,"(0, 0, 29, 13)",10
2752,conv2d_13,"(0, 1, 21, 48)",2
2753,conv2d_13,"(1, 0, 11, 34)",31
2754,conv2d_13,"(2, 1, 5, 45)",28
2755,conv2d_13,"(1, 1, 12, 51)",20
2756,conv2d_13,"(0, 2, 28, 45)",30
2757,conv2d_13,"(0, 1, 13, 60)",26
2758,conv2d_13,"(2, 0, 17, 37)",11
2759,conv2d_13,"(0, 2, 15, 55)",19
2760,conv2d_13,"(0, 0, 16, 40)",23
2761,conv2d_13,"(1, 0, 2, 36)",21
2762,conv2d_13,"(2, 1, 5, 42)",21
2763,conv2d_13,"(0, 2, 10, 33)",14
2764,conv2d_13,"(0, 2, 22, 18)",13
2765,conv2d_13,"(0, 2, 20, 19)",15
2766,conv2d_13,"(2, 2, 15, 35)",11
2767,conv2d_13,"(1, 0, 27, 25)",28
2768,conv2d_13,"(1, 2, 8, 56)",20
2769,conv2d_13,"(1, 0, 27, 1)",29
2770,conv2d_13,"(0, 1, 20, 2)",24
2771,conv2d_13,"(2, 2, 24, 23)",21
2772,conv2d_13,"(0, 1, 4, 49)",5
2773,conv2d_13,"(0, 1, 30, 15)",12
2774,conv2d_13,"(0, 0, 12, 5)",19
2775,conv2d_13,"(0, 1, 23, 58)",28
2776,conv2d_13,"(2, 1, 11, 57)",23
2777,conv2d_13,"(1, 1, 19, 4)",23
2778,conv2d_13,"(1, 2, 25, 39)",15
2779,conv2d_13,"(0, 0, 11, 53)",13
2780,conv2d_13,"(1, 0, 8, 6)",29
2781,conv2d_13,"(0, 1, 13, 54)",5
2782,conv2d_13,"(2, 2, 28, 30)",23
2783,conv2d_13,"(2, 2, 22, 50)",4
2784,conv2d_13,"(1, 2, 19, 59)",17
2785,conv2d_13,"(2, 0, 22, 28)",7
2786,conv2d_13,"(0, 0, 31, 60)",19
2787,conv2d_13,"(0, 0, 11, 24)",10
2788,conv2d_13,"(0, 1, 15, 60)",18
2789,conv2d_13,"(0, 1, 5, 27)",18
2790,conv2d_13,"(1, 2, 10, 22)",23
2791,conv2d_13,"(2, 2, 26, 57)",12
2792,conv2d_13,"(0, 1, 13, 56)",22
2793,conv2d_13,"(1, 1, 26, 54)",28
2794,conv2d_13,"(2, 2, 8, 34)",30
2795,conv2d_13,"(0, 1, 14, 7)",29
2796,conv2d_13,"(1, 0, 1, 56)",19
2797,conv2d_13,"(1, 1, 23, 15)",26
2798,conv2d_13,"(1, 1, 22, 34)",1
2799,conv2d_13,"(1, 2, 16, 35)",11
2800,conv2d_13,"(2, 1, 8, 56)",19
2801,conv2d_13,"(1, 2, 1, 6)",21
2802,conv2d_13,"(2, 0, 13, 62)",11
2803,conv2d_13,"(2, 1, 6, 29)",4
2804,conv2d_13,"(1, 0, 7, 0)",29
2805,conv2d_13,"(1, 2, 2, 28)",12
2806,conv2d_13,"(1, 1, 7, 55)",29
2807,conv2d_13,"(2, 1, 9, 52)",4
2808,conv2d_13,"(1, 2, 14, 10)",15
2809,conv2d_13,"(0, 0, 21, 30)",6
2810,conv2d_13,"(2, 0, 14, 6)",9
2811,conv2d_13,"(0, 0, 5, 28)",18
2812,conv2d_13,"(2, 1, 29, 13)",29
2813,conv2d_13,"(1, 0, 15, 11)",7
2814,conv2d_13,"(1, 0, 29, 42)",9
2815,conv2d_13,"(0, 1, 20, 42)",8
2816,conv2d_13,"(2, 2, 22, 32)",7
2817,conv2d_13,"(2, 2, 10, 20)",22
2818,conv2d_13,"(2, 1, 9, 10)",22
2819,conv2d_13,"(1, 1, 8, 43)",19
2820,conv2d_13,"(0, 0, 29, 5)",9
2821,conv2d_13,"(0, 2, 29, 43)",20
2822,conv2d_13,"(0, 0, 4, 27)",19
2823,conv2d_13,"(1, 2, 11, 44)",4
2824,conv2d_13,"(0, 2, 13, 22)",21
2825,conv2d_13,"(0, 2, 5, 41)",3
2826,conv2d_13,"(1, 2, 24, 16)",12
2827,conv2d_13,"(1, 1, 27, 6)",7
2828,conv2d_13,"(1, 0, 16, 8)",19
2829,conv2d_13,"(0, 0, 15, 4)",18
2830,conv2d_13,"(2, 0, 5, 14)",14
2831,conv2d_13,"(0, 2, 24, 36)",0
2832,conv2d_13,"(1, 2, 13, 34)",10
2833,conv2d_13,"(2, 0, 24, 15)",15
2834,conv2d_13,"(0, 2, 31, 56)",10
2835,conv2d_13,"(1, 0, 29, 55)",14
2836,conv2d_13,"(1, 1, 19, 54)",14
2837,conv2d_13,"(0, 2, 20, 21)",31
2838,conv2d_13,"(2, 0, 19, 4)",24
2839,conv2d_13,"(2, 2, 3, 56)",11
2840,conv2d_13,"(2, 2, 22, 62)",18
2841,conv2d_13,"(0, 1, 4, 29)",7
2842,conv2d_13,"(1, 1, 9, 30)",23
2843,conv2d_13,"(1, 0, 4, 21)",27
2844,conv2d_13,"(1, 1, 15, 55)",13
2845,conv2d_13,"(2, 0, 27, 8)",24
2846,conv2d_13,"(1, 0, 22, 35)",26
2847,conv2d_13,"(2, 0, 9, 43)",18
2848,conv2d_13,"(2, 1, 5, 25)",0
2849,conv2d_13,"(1, 2, 30, 23)",25
2850,conv2d_13,"(0, 0, 10, 51)",11
2851,conv2d_13,"(0, 0, 29, 35)",12
2852,conv2d_13,"(2, 0, 13, 37)",19
2853,conv2d_13,"(0, 0, 2, 55)",13
2854,conv2d_13,"(0, 2, 4, 2)",6
2855,conv2d_13,"(1, 1, 2, 13)",2
2856,conv2d_13,"(0, 0, 16, 8)",5
2857,conv2d_13,"(0, 0, 28, 49)",30
2858,conv2d_13,"(0, 1, 25, 34)",25
2859,conv2d_13,"(0, 0, 27, 62)",12
2860,conv2d_13,"(0, 1, 29, 37)",29
2861,conv2d_13,"(2, 2, 9, 2)",6
2862,conv2d_13,"(0, 0, 3, 17)",29
2863,conv2d_13,"(0, 1, 30, 34)",24
2864,conv2d_13,"(0, 1, 14, 44)",6
2865,conv2d_13,"(2, 0, 30, 17)",1
2866,conv2d_13,"(0, 0, 26, 52)",15
2867,conv2d_13,"(1, 1, 4, 46)",25
2868,conv2d_13,"(2, 0, 26, 12)",19
2869,conv2d_13,"(0, 0, 2, 8)",24
2870,conv2d_13,"(2, 0, 8, 19)",14
2871,conv2d_13,"(2, 1, 24, 20)",17
2872,conv2d_13,"(2, 1, 15, 27)",7
2873,conv2d_13,"(2, 1, 31, 32)",8
2874,conv2d_13,"(2, 2, 17, 31)",19
2875,conv2d_13,"(0, 1, 21, 63)",9
2876,conv2d_13,"(1, 2, 11, 34)",5
2877,conv2d_13,"(1, 0, 21, 39)",17
2878,conv2d_13,"(2, 2, 23, 44)",20
2879,conv2d_13,"(0, 2, 14, 50)",14
2880,conv2d_13,"(1, 1, 20, 8)",17
2881,conv2d_13,"(0, 1, 9, 26)",16
2882,conv2d_13,"(0, 1, 3, 27)",19
2883,conv2d_13,"(0, 2, 12, 62)",7
2884,conv2d_13,"(2, 1, 8, 23)",23
2885,conv2d_13,"(0, 0, 31, 46)",6
2886,conv2d_13,"(1, 1, 11, 47)",29
2887,conv2d_13,"(2, 2, 8, 9)",27
2888,conv2d_13,"(2, 1, 1, 42)",26
2889,conv2d_13,"(0, 0, 8, 8)",12
2890,conv2d_13,"(2, 0, 4, 41)",7
2891,conv2d_13,"(2, 0, 3, 62)",0
2892,conv2d_13,"(0, 1, 7, 19)",17
2893,conv2d_13,"(1, 0, 1, 62)",4
2894,conv2d_13,"(2, 2, 1, 25)",28
2895,conv2d_13,"(2, 0, 19, 0)",12
2896,conv2d_13,"(2, 2, 19, 18)",5
2897,conv2d_13,"(2, 0, 31, 11)",5
2898,conv2d_13,"(1, 1, 31, 45)",4
2899,conv2d_13,"(2, 2, 7, 57)",24
2900,conv2d_13,"(0, 0, 21, 45)",17
2901,conv2d_13,"(2, 0, 21, 17)",17
2902,conv2d_13,"(2, 1, 12, 26)",0
2903,conv2d_13,"(1, 2, 14, 27)",18
2904,conv2d_13,"(2, 2, 27, 50)",27
2905,conv2d_13,"(2, 2, 15, 17)",8
2906,conv2d_13,"(0, 2, 23, 36)",31
2907,conv2d_13,"(2, 1, 9, 58)",20
2908,conv2d_13,"(1, 1, 8, 28)",11
2909,conv2d_13,"(0, 0, 3, 14)",4
2910,conv2d_13,"(1, 1, 15, 31)",26
2911,conv2d_13,"(1, 0, 30, 29)",9
2912,conv2d_13,"(1, 2, 4, 2)",1
2913,conv2d_13,"(2, 1, 23, 42)",6
2914,conv2d_13,"(0, 0, 18, 23)",19
2915,conv2d_13,"(1, 0, 27, 57)",27
2916,conv2d_13,"(1, 1, 24, 1)",16
2917,conv2d_13,"(2, 0, 22, 60)",31
2918,conv2d_13,"(2, 1, 0, 48)",15
2919,conv2d_13,"(2, 0, 5, 21)",9
2920,conv2d_13,"(2, 2, 23, 20)",9
2921,conv2d_13,"(2, 0, 19, 57)",15
2922,conv2d_13,"(1, 2, 21, 14)",25
2923,conv2d_13,"(1, 0, 29, 13)",21
2924,conv2d_13,"(1, 1, 15, 26)",19
2925,conv2d_13,"(0, 1, 13, 57)",22
2926,conv2d_13,"(0, 1, 20, 4)",3
2927,conv2d_13,"(2, 1, 7, 39)",30
2928,conv2d_13,"(2, 1, 4, 51)",21
2929,conv2d_13,"(1, 1, 2, 12)",15
2930,conv2d_13,"(0, 0, 19, 37)",7
2931,conv2d_13,"(0, 1, 6, 7)",20
2932,conv2d_13,"(0, 2, 13, 31)",5
2933,conv2d_13,"(2, 0, 30, 59)",28
2934,conv2d_13,"(1, 2, 2, 3)",25
2935,conv2d_13,"(0, 0, 7, 14)",28
2936,conv2d_13,"(0, 1, 13, 48)",14
2937,conv2d_13,"(0, 1, 4, 35)",16
2938,conv2d_13,"(1, 1, 26, 23)",17
2939,conv2d_13,"(2, 2, 15, 50)",16
2940,conv2d_13,"(2, 2, 25, 41)",9
2941,conv2d_13,"(1, 0, 30, 0)",2
2942,conv2d_13,"(2, 0, 29, 25)",30
2943,conv2d_13,"(2, 1, 26, 22)",19
2944,conv2d_13,"(1, 2, 14, 26)",4
2945,conv2d_13,"(1, 1, 13, 47)",30
2946,conv2d_13,"(1, 1, 27, 36)",22
2947,conv2d_13,"(0, 2, 18, 12)",17
2948,conv2d_13,"(2, 1, 12, 4)",8
2949,conv2d_13,"(1, 2, 21, 31)",28
2950,conv2d_13,"(1, 1, 11, 39)",3
2951,conv2d_13,"(2, 2, 19, 45)",1
2952,conv2d_13,"(2, 0, 16, 63)",19
2953,conv2d_13,"(0, 2, 8, 56)",14
2954,conv2d_13,"(2, 1, 25, 33)",15
2955,conv2d_13,"(2, 0, 2, 26)",17
2956,conv2d_13,"(2, 0, 29, 13)",11
2957,conv2d_13,"(2, 1, 26, 12)",5
2958,conv2d_13,"(0, 2, 26, 45)",18
2959,conv2d_13,"(0, 0, 16, 27)",12
2960,conv2d_13,"(1, 1, 23, 38)",26
2961,conv2d_13,"(1, 2, 23, 47)",10
2962,conv2d_13,"(1, 2, 21, 29)",19
2963,conv2d_13,"(1, 1, 15, 36)",17
2964,conv2d_13,"(0, 1, 10, 40)",5
2965,conv2d_13,"(0, 1, 11, 62)",19
2966,conv2d_13,"(0, 1, 20, 53)",24
2967,conv2d_13,"(2, 2, 12, 16)",22
2968,conv2d_13,"(1, 2, 18, 56)",7
2969,conv2d_13,"(2, 0, 2, 49)",31
2970,conv2d_13,"(2, 0, 21, 18)",2
2971,conv2d_13,"(0, 2, 22, 57)",28
2972,conv2d_13,"(1, 0, 15, 21)",16
2973,conv2d_13,"(1, 0, 5, 6)",9
2974,conv2d_13,"(2, 1, 29, 51)",10
2975,conv2d_13,"(1, 1, 3, 39)",8
2976,conv2d_13,"(2, 1, 9, 37)",5
2977,conv2d_13,"(2, 1, 25, 14)",22
2978,conv2d_13,"(2, 2, 21, 18)",14
2979,conv2d_13,"(0, 0, 19, 57)",0
2980,conv2d_13,"(1, 0, 16, 14)",27
2981,conv2d_13,"(2, 2, 2, 10)",17
2982,conv2d_13,"(2, 2, 6, 62)",21
2983,conv2d_13,"(1, 0, 22, 37)",6
2984,conv2d_13,"(0, 0, 2, 28)",7
2985,conv2d_13,"(0, 2, 17, 7)",8
2986,conv2d_13,"(0, 0, 2, 63)",27
2987,conv2d_13,"(0, 2, 18, 1)",13
2988,conv2d_13,"(0, 1, 24, 14)",20
2989,conv2d_13,"(0, 1, 14, 32)",31
2990,conv2d_13,"(2, 2, 26, 12)",8
2991,conv2d_13,"(0, 2, 26, 35)",31
2992,conv2d_13,"(0, 0, 31, 40)",20
2993,conv2d_13,"(1, 1, 3, 36)",26
2994,conv2d_13,"(2, 1, 24, 3)",16
2995,conv2d_13,"(0, 2, 28, 28)",1
2996,conv2d_13,"(2, 0, 4, 43)",28
2997,conv2d_13,"(0, 1, 21, 22)",14
2998,conv2d_13,"(2, 2, 22, 49)",25
2999,conv2d_13,"(1, 0, 31, 3)",16
3000,conv2d_13,"(0, 2, 17, 29)",7
3001,conv2d_13,"(0, 1, 15, 30)",17
3002,conv2d_13,"(0, 0, 14, 4)",27
3003,conv2d_13,"(2, 0, 23, 22)",17
3004,conv2d_13,"(0, 2, 31, 2)",21
3005,conv2d_13,"(2, 0, 7, 54)",26
3006,conv2d_13,"(2, 0, 11, 6)",28
3007,conv2d_13,"(0, 1, 3, 13)",23
3008,conv2d_13,"(1, 1, 31, 8)",5
3009,conv2d_13,"(1, 1, 25, 57)",29
3010,conv2d_13,"(2, 2, 26, 33)",26
3011,conv2d_13,"(2, 0, 25, 24)",18
3012,conv2d_13,"(2, 2, 9, 43)",9
3013,conv2d_13,"(1, 2, 18, 38)",3
3014,conv2d_13,"(2, 1, 7, 60)",20
3015,conv2d_13,"(0, 1, 3, 18)",17
3016,conv2d_13,"(2, 2, 31, 56)",30
3017,conv2d_13,"(1, 0, 6, 53)",5
3018,conv2d_13,"(1, 1, 0, 6)",28
3019,conv2d_13,"(0, 2, 9, 15)",30
3020,conv2d_13,"(2, 1, 19, 19)",19
3021,conv2d_13,"(2, 2, 11, 42)",7
3022,conv2d_13,"(1, 0, 21, 41)",6
3023,conv2d_13,"(0, 0, 7, 32)",18
3024,conv2d_13,"(0, 2, 0, 36)",20
3025,conv2d_13,"(0, 1, 0, 23)",19
3026,conv2d_13,"(1, 1, 31, 28)",2
3027,conv2d_13,"(1, 1, 7, 59)",24
3028,conv2d_13,"(0, 2, 12, 6)",31
3029,conv2d_13,"(0, 1, 17, 22)",6
3030,conv2d_13,"(1, 2, 11, 0)",9
3031,conv2d_13,"(2, 1, 5, 13)",8
3032,conv2d_13,"(0, 2, 8, 57)",31
3033,conv2d_13,"(0, 1, 13, 21)",0
3034,conv2d_13,"(1, 2, 15, 16)",25
3035,conv2d_13,"(1, 2, 19, 49)",8
3036,conv2d_13,"(1, 2, 1, 5)",9
3037,conv2d_13,"(0, 0, 15, 60)",8
3038,conv2d_13,"(1, 1, 21, 20)",25
3039,conv2d_13,"(1, 1, 20, 31)",28
3040,conv2d_13,"(0, 2, 14, 40)",13
3041,conv2d_13,"(2, 1, 15, 28)",30
3042,conv2d_13,"(2, 2, 29, 46)",26
3043,conv2d_13,"(1, 0, 15, 23)",24
3044,conv2d_13,"(0, 2, 18, 46)",14
3045,conv2d_13,"(0, 1, 20, 7)",27
3046,conv2d_13,"(2, 0, 30, 29)",8
3047,conv2d_13,"(2, 0, 18, 4)",25
3048,conv2d_13,"(2, 0, 22, 51)",19
3049,conv2d_13,"(0, 1, 31, 47)",14
3050,conv2d_13,"(2, 2, 14, 22)",3
3051,conv2d_13,"(0, 0, 22, 60)",21
3052,conv2d_13,"(1, 0, 31, 34)",29
3053,conv2d_13,"(2, 0, 3, 14)",11
3054,conv2d_13,"(2, 2, 8, 32)",9
3055,conv2d_13,"(0, 2, 3, 20)",29
3056,conv2d_13,"(0, 1, 21, 7)",19
3057,conv2d_13,"(1, 0, 0, 8)",8
3058,conv2d_13,"(1, 0, 27, 39)",4
3059,conv2d_13,"(2, 1, 22, 6)",21
3060,conv2d_13,"(1, 1, 24, 30)",6
3061,conv2d_13,"(0, 0, 15, 34)",8
3062,conv2d_13,"(2, 1, 20, 31)",19
3063,conv2d_13,"(1, 1, 30, 34)",22
3064,conv2d_13,"(2, 0, 4, 62)",0
3065,conv2d_13,"(0, 2, 2, 21)",16
3066,conv2d_13,"(2, 1, 29, 34)",9
3067,conv2d_13,"(0, 2, 6, 11)",16
3068,conv2d_13,"(0, 0, 22, 14)",28
3069,conv2d_13,"(2, 0, 31, 20)",26
3070,conv2d_13,"(2, 0, 14, 52)",20
3071,conv2d_13,"(2, 2, 4, 30)",2
3072,conv2d_13,"(2, 0, 17, 31)",17
3073,conv2d_13,"(2, 1, 9, 48)",11
3074,conv2d_13,"(1, 2, 15, 37)",6
3075,conv2d_13,"(1, 2, 11, 28)",3
3076,conv2d_13,"(2, 1, 31, 62)",3
3077,conv2d_13,"(0, 2, 16, 32)",14
3078,conv2d_13,"(1, 2, 12, 31)",17
3079,conv2d_13,"(1, 0, 19, 21)",16
3080,conv2d_13,"(0, 2, 30, 39)",22
3081,conv2d_13,"(0, 1, 8, 8)",18
3082,conv2d_13,"(2, 2, 17, 33)",7
3083,conv2d_13,"(1, 2, 22, 17)",4
3084,conv2d_13,"(1, 2, 25, 7)",7
3085,conv2d_13,"(0, 1, 16, 23)",14
3086,conv2d_13,"(2, 0, 14, 23)",22
3087,conv2d_13,"(1, 1, 31, 9)",23
3088,conv2d_13,"(2, 0, 25, 57)",13
3089,conv2d_13,"(2, 0, 25, 35)",30
3090,conv2d_13,"(0, 1, 13, 13)",3
3091,conv2d_13,"(0, 2, 24, 10)",11
3092,conv2d_13,"(0, 0, 9, 56)",26
3093,conv2d_13,"(1, 1, 9, 44)",15
3094,conv2d_13,"(1, 2, 15, 44)",16
3095,conv2d_13,"(2, 2, 26, 55)",0
3096,conv2d_13,"(1, 0, 4, 1)",9
3097,conv2d_13,"(2, 1, 31, 20)",2
3098,conv2d_13,"(2, 0, 29, 35)",19
3099,conv2d_13,"(0, 2, 21, 15)",21
3100,conv2d_13,"(0, 1, 30, 61)",16
3101,conv2d_13,"(2, 2, 22, 7)",5
3102,conv2d_13,"(1, 2, 23, 35)",31
3103,conv2d_13,"(2, 2, 12, 19)",5
3104,conv2d_13,"(1, 0, 27, 24)",25
3105,conv2d_13,"(2, 2, 7, 39)",27
3106,conv2d_13,"(1, 1, 30, 51)",14
3107,conv2d_13,"(1, 2, 5, 27)",1
3108,conv2d_13,"(2, 1, 17, 35)",15
3109,conv2d_13,"(2, 1, 10, 63)",16
3110,conv2d_13,"(2, 1, 24, 63)",0
3111,conv2d_13,"(0, 2, 6, 20)",4
3112,conv2d_14,"(2, 2, 57, 5)",8
3113,conv2d_14,"(2, 1, 42, 58)",26
3114,conv2d_14,"(0, 0, 21, 10)",12
3115,conv2d_14,"(0, 2, 5, 60)",5
3116,conv2d_14,"(1, 2, 13, 23)",18
3117,conv2d_14,"(2, 2, 6, 18)",30
3118,conv2d_14,"(0, 0, 5, 13)",29
3119,conv2d_14,"(2, 2, 41, 18)",2
3120,conv2d_14,"(1, 0, 54, 50)",24
3121,conv2d_14,"(1, 0, 39, 33)",11
3122,conv2d_14,"(2, 0, 50, 63)",30
3123,conv2d_14,"(2, 0, 61, 57)",25
3124,conv2d_14,"(2, 2, 30, 50)",7
3125,conv2d_14,"(2, 1, 32, 38)",0
3126,conv2d_14,"(1, 0, 11, 5)",14
3127,conv2d_14,"(0, 1, 9, 7)",21
3128,conv2d_14,"(2, 1, 13, 1)",13
3129,conv2d_14,"(2, 2, 39, 46)",11
3130,conv2d_14,"(1, 1, 58, 11)",11
3131,conv2d_14,"(1, 2, 22, 7)",13
3132,conv2d_14,"(1, 2, 13, 44)",16
3133,conv2d_14,"(2, 0, 46, 8)",21
3134,conv2d_14,"(2, 0, 25, 46)",12
3135,conv2d_14,"(2, 2, 45, 22)",16
3136,conv2d_14,"(0, 1, 8, 30)",17
3137,conv2d_14,"(1, 1, 62, 6)",10
3138,conv2d_14,"(2, 1, 45, 44)",18
3139,conv2d_14,"(2, 0, 38, 53)",15
3140,conv2d_14,"(0, 0, 25, 26)",19
3141,conv2d_14,"(1, 2, 29, 17)",12
3142,conv2d_14,"(1, 1, 59, 50)",22
3143,conv2d_14,"(1, 1, 25, 31)",10
3144,conv2d_14,"(2, 1, 5, 46)",29
3145,conv2d_14,"(1, 2, 16, 55)",25
3146,conv2d_14,"(2, 0, 44, 20)",5
3147,conv2d_14,"(2, 2, 44, 20)",14
3148,conv2d_14,"(2, 0, 39, 56)",20
3149,conv2d_14,"(1, 2, 42, 1)",26
3150,conv2d_14,"(0, 0, 29, 61)",12
3151,conv2d_14,"(1, 2, 49, 27)",11
3152,conv2d_14,"(0, 2, 38, 42)",17
3153,conv2d_14,"(1, 2, 21, 48)",24
3154,conv2d_14,"(1, 1, 43, 18)",9
3155,conv2d_14,"(2, 2, 30, 2)",15
3156,conv2d_14,"(1, 2, 59, 54)",30
3157,conv2d_14,"(0, 0, 27, 43)",13
3158,conv2d_14,"(0, 0, 10, 54)",22
3159,conv2d_14,"(0, 0, 48, 12)",0
3160,conv2d_14,"(0, 1, 2, 13)",30
3161,conv2d_14,"(1, 0, 58, 29)",3
3162,conv2d_14,"(2, 1, 6, 34)",8
3163,conv2d_14,"(2, 2, 15, 37)",27
3164,conv2d_14,"(1, 2, 54, 56)",20
3165,conv2d_14,"(0, 1, 8, 57)",8
3166,conv2d_14,"(1, 2, 37, 54)",29
3167,conv2d_14,"(1, 0, 49, 12)",12
3168,conv2d_14,"(1, 1, 29, 33)",10
3169,conv2d_14,"(2, 0, 53, 5)",20
3170,conv2d_14,"(2, 1, 11, 63)",12
3171,conv2d_14,"(0, 0, 10, 2)",11
3172,conv2d_14,"(2, 0, 34, 45)",30
3173,conv2d_14,"(0, 0, 21, 5)",0
3174,conv2d_14,"(2, 2, 11, 3)",21
3175,conv2d_14,"(0, 1, 28, 54)",21
3176,conv2d_14,"(0, 1, 39, 19)",30
3177,conv2d_14,"(2, 2, 60, 39)",26
3178,conv2d_14,"(0, 1, 23, 20)",1
3179,conv2d_14,"(0, 2, 47, 14)",5
3180,conv2d_14,"(1, 1, 21, 24)",16
3181,conv2d_14,"(0, 1, 32, 57)",13
3182,conv2d_14,"(0, 0, 32, 17)",18
3183,conv2d_14,"(2, 1, 10, 60)",20
3184,conv2d_14,"(2, 1, 9, 53)",21
3185,conv2d_14,"(0, 2, 17, 19)",14
3186,conv2d_14,"(2, 0, 31, 53)",14
3187,conv2d_14,"(1, 2, 49, 35)",14
3188,conv2d_14,"(0, 1, 34, 36)",18
3189,conv2d_14,"(0, 1, 3, 61)",26
3190,conv2d_14,"(2, 1, 23, 23)",20
3191,conv2d_14,"(1, 2, 36, 9)",11
3192,conv2d_14,"(0, 2, 20, 32)",3
3193,conv2d_14,"(1, 0, 53, 37)",12
3194,conv2d_14,"(0, 2, 37, 31)",15
3195,conv2d_14,"(2, 1, 55, 38)",1
3196,conv2d_14,"(1, 2, 36, 60)",0
3197,conv2d_14,"(2, 1, 63, 46)",25
3198,conv2d_14,"(1, 1, 10, 58)",18
3199,conv2d_14,"(0, 0, 56, 22)",26
3200,conv2d_14,"(1, 0, 19, 23)",11
3201,conv2d_14,"(0, 2, 24, 1)",11
3202,conv2d_14,"(2, 2, 33, 8)",11
3203,conv2d_14,"(0, 2, 36, 45)",5
3204,conv2d_14,"(0, 0, 62, 62)",25
3205,conv2d_14,"(2, 1, 49, 59)",7
3206,conv2d_14,"(0, 2, 0, 60)",14
3207,conv2d_14,"(2, 0, 38, 43)",26
3208,conv2d_14,"(0, 1, 33, 52)",3
3209,conv2d_14,"(2, 0, 16, 56)",16
3210,conv2d_14,"(1, 1, 41, 29)",6
3211,conv2d_14,"(2, 1, 29, 4)",9
3212,conv2d_14,"(2, 1, 45, 55)",19
3213,conv2d_14,"(1, 1, 29, 25)",1
3214,conv2d_14,"(1, 1, 54, 29)",22
3215,conv2d_14,"(2, 2, 14, 52)",19
3216,conv2d_14,"(1, 0, 43, 62)",27
3217,conv2d_14,"(2, 1, 12, 24)",23
3218,conv2d_14,"(0, 0, 43, 54)",27
3219,conv2d_14,"(1, 2, 42, 30)",27
3220,conv2d_14,"(1, 0, 0, 52)",20
3221,conv2d_14,"(0, 0, 40, 51)",3
3222,conv2d_14,"(2, 2, 23, 58)",11
3223,conv2d_14,"(1, 0, 20, 6)",28
3224,conv2d_14,"(2, 2, 55, 25)",9
3225,conv2d_14,"(1, 1, 51, 15)",7
3226,conv2d_14,"(0, 2, 18, 26)",27
3227,conv2d_14,"(0, 0, 47, 7)",11
3228,conv2d_14,"(1, 1, 26, 54)",5
3229,conv2d_14,"(1, 0, 29, 25)",24
3230,conv2d_14,"(0, 2, 34, 51)",14
3231,conv2d_14,"(2, 1, 14, 54)",11
3232,conv2d_14,"(0, 0, 18, 25)",25
3233,conv2d_14,"(0, 1, 18, 5)",10
3234,conv2d_14,"(1, 1, 13, 50)",21
3235,conv2d_14,"(1, 2, 33, 60)",31
3236,conv2d_14,"(1, 1, 43, 25)",2
3237,conv2d_14,"(1, 0, 13, 17)",10
3238,conv2d_14,"(0, 2, 51, 16)",7
3239,conv2d_14,"(2, 0, 25, 9)",18
3240,conv2d_14,"(0, 0, 9, 53)",16
3241,conv2d_14,"(0, 2, 45, 43)",7
3242,conv2d_14,"(1, 0, 40, 41)",15
3243,conv2d_14,"(0, 0, 51, 50)",22
3244,conv2d_14,"(0, 0, 6, 16)",16
3245,conv2d_14,"(2, 1, 35, 37)",2
3246,conv2d_14,"(0, 1, 48, 58)",14
3247,conv2d_14,"(2, 1, 2, 23)",3
3248,conv2d_14,"(0, 1, 5, 10)",20
3249,conv2d_14,"(1, 1, 38, 43)",3
3250,conv2d_14,"(1, 1, 55, 34)",14
3251,conv2d_14,"(0, 0, 9, 60)",21
3252,conv2d_14,"(2, 1, 43, 19)",2
3253,conv2d_14,"(1, 2, 15, 38)",30
3254,conv2d_14,"(1, 0, 32, 57)",9
3255,conv2d_14,"(2, 2, 29, 5)",24
3256,conv2d_14,"(2, 2, 7, 56)",26
3257,conv2d_14,"(0, 1, 56, 33)",28
3258,conv2d_14,"(0, 1, 8, 22)",3
3259,conv2d_14,"(0, 2, 42, 60)",17
3260,conv2d_14,"(0, 1, 32, 8)",13
3261,conv2d_14,"(1, 0, 2, 7)",12
3262,conv2d_14,"(2, 2, 55, 32)",13
3263,conv2d_14,"(1, 2, 43, 17)",6
3264,conv2d_14,"(1, 1, 10, 13)",18
3265,conv2d_14,"(0, 0, 23, 8)",8
3266,conv2d_14,"(0, 1, 51, 40)",11
3267,conv2d_14,"(1, 2, 19, 42)",8
3268,conv2d_14,"(2, 1, 55, 37)",15
3269,conv2d_14,"(2, 1, 21, 4)",19
3270,conv2d_14,"(0, 0, 62, 40)",1
3271,conv2d_14,"(2, 1, 51, 11)",1
3272,conv2d_14,"(0, 0, 52, 22)",24
3273,conv2d_14,"(0, 2, 18, 17)",23
3274,conv2d_14,"(2, 2, 46, 63)",1
3275,conv2d_14,"(2, 0, 28, 5)",20
3276,conv2d_14,"(1, 1, 49, 4)",4
3277,conv2d_14,"(1, 0, 23, 21)",20
3278,conv2d_14,"(1, 0, 32, 30)",29
3279,conv2d_14,"(0, 1, 29, 45)",22
3280,conv2d_14,"(1, 1, 53, 41)",12
3281,conv2d_14,"(1, 1, 26, 7)",9
3282,conv2d_14,"(0, 0, 47, 32)",19
3283,conv2d_14,"(1, 1, 25, 25)",19
3284,conv2d_14,"(2, 1, 8, 15)",21
3285,conv2d_14,"(1, 1, 3, 15)",17
3286,conv2d_14,"(0, 2, 2, 43)",6
3287,conv2d_14,"(1, 2, 59, 43)",20
3288,conv2d_14,"(1, 1, 47, 27)",16
3289,conv2d_14,"(1, 2, 12, 46)",19
3290,conv2d_14,"(2, 2, 61, 3)",7
3291,conv2d_14,"(2, 1, 13, 33)",21
3292,conv2d_14,"(2, 2, 12, 50)",10
3293,conv2d_14,"(2, 2, 18, 50)",9
3294,conv2d_14,"(1, 1, 45, 7)",31
3295,conv2d_14,"(0, 0, 18, 39)",1
3296,conv2d_14,"(0, 0, 39, 23)",14
3297,conv2d_14,"(0, 1, 24, 51)",6
3298,conv2d_14,"(1, 0, 21, 17)",0
3299,conv2d_14,"(2, 1, 51, 6)",5
3300,conv2d_14,"(1, 0, 46, 12)",7
3301,conv2d_14,"(0, 1, 51, 45)",14
3302,conv2d_14,"(0, 0, 60, 63)",19
3303,conv2d_14,"(0, 0, 58, 42)",10
3304,conv2d_14,"(1, 1, 18, 22)",26
3305,conv2d_14,"(2, 0, 19, 52)",30
3306,conv2d_14,"(2, 1, 40, 22)",3
3307,conv2d_14,"(1, 2, 52, 9)",21
3308,conv2d_14,"(1, 0, 15, 28)",30
3309,conv2d_14,"(0, 0, 12, 59)",0
3310,conv2d_14,"(0, 2, 27, 59)",31
3311,conv2d_14,"(2, 0, 13, 43)",6
3312,conv2d_14,"(1, 2, 43, 41)",29
3313,conv2d_14,"(2, 1, 14, 55)",19
3314,conv2d_14,"(1, 2, 62, 35)",15
3315,conv2d_14,"(2, 0, 41, 23)",3
3316,conv2d_14,"(0, 1, 56, 45)",28
3317,conv2d_14,"(2, 2, 45, 8)",30
3318,conv2d_14,"(2, 2, 39, 62)",27
3319,conv2d_14,"(2, 0, 40, 43)",26
3320,conv2d_14,"(1, 1, 32, 45)",13
3321,conv2d_14,"(2, 1, 8, 24)",17
3322,conv2d_14,"(0, 0, 15, 40)",10
3323,conv2d_14,"(2, 2, 31, 51)",3
3324,conv2d_14,"(1, 0, 6, 57)",0
3325,conv2d_14,"(2, 1, 30, 15)",17
3326,conv2d_14,"(1, 2, 33, 3)",20
3327,conv2d_14,"(1, 0, 62, 0)",2
3328,conv2d_14,"(0, 0, 50, 0)",9
3329,conv2d_14,"(0, 2, 42, 10)",4
3330,conv2d_14,"(1, 2, 46, 52)",4
3331,conv2d_14,"(2, 0, 10, 41)",13
3332,conv2d_14,"(2, 0, 18, 58)",17
3333,conv2d_14,"(0, 0, 55, 62)",15
3334,conv2d_14,"(2, 0, 40, 46)",15
3335,conv2d_14,"(2, 0, 61, 40)",12
3336,conv2d_14,"(0, 1, 47, 35)",7
3337,conv2d_14,"(0, 1, 48, 19)",21
3338,conv2d_14,"(0, 1, 41, 58)",5
3339,conv2d_14,"(2, 1, 52, 11)",0
3340,conv2d_14,"(1, 1, 41, 6)",21
3341,conv2d_14,"(0, 1, 11, 39)",7
3342,conv2d_14,"(2, 0, 5, 23)",13
3343,conv2d_14,"(1, 2, 37, 55)",3
3344,conv2d_14,"(0, 0, 25, 27)",11
3345,conv2d_14,"(0, 0, 4, 7)",26
3346,conv2d_14,"(1, 0, 50, 25)",24
3347,conv2d_14,"(0, 2, 62, 30)",17
3348,conv2d_14,"(1, 1, 61, 22)",13
3349,conv2d_14,"(2, 0, 24, 3)",28
3350,conv2d_14,"(2, 0, 55, 35)",1
3351,conv2d_14,"(1, 0, 1, 33)",14
3352,conv2d_14,"(1, 0, 6, 59)",2
3353,conv2d_14,"(0, 0, 50, 60)",26
3354,conv2d_14,"(0, 2, 28, 25)",16
3355,conv2d_14,"(1, 2, 14, 20)",3
3356,conv2d_14,"(1, 2, 40, 59)",31
3357,conv2d_14,"(2, 1, 25, 50)",25
3358,conv2d_14,"(0, 2, 54, 54)",17
3359,conv2d_14,"(1, 1, 46, 30)",20
3360,conv2d_14,"(2, 1, 20, 59)",24
3361,conv2d_14,"(1, 2, 22, 19)",18
3362,conv2d_14,"(0, 1, 44, 60)",6
3363,conv2d_14,"(2, 1, 62, 55)",13
3364,conv2d_14,"(0, 2, 22, 23)",22
3365,conv2d_14,"(2, 1, 60, 22)",15
3366,conv2d_14,"(2, 2, 20, 38)",6
3367,conv2d_14,"(0, 0, 49, 40)",12
3368,conv2d_14,"(0, 1, 28, 32)",13
3369,conv2d_14,"(0, 0, 62, 25)",17
3370,conv2d_14,"(1, 1, 58, 1)",8
3371,conv2d_14,"(1, 1, 5, 0)",25
3372,conv2d_14,"(2, 2, 44, 13)",27
3373,conv2d_14,"(1, 1, 50, 26)",1
3374,conv2d_14,"(1, 1, 2, 19)",13
3375,conv2d_14,"(2, 1, 29, 34)",20
3376,conv2d_14,"(2, 2, 8, 4)",16
3377,conv2d_14,"(1, 2, 55, 16)",18
3378,conv2d_14,"(2, 0, 50, 20)",28
3379,conv2d_14,"(0, 2, 47, 6)",2
3380,conv2d_14,"(0, 2, 29, 22)",17
3381,conv2d_14,"(2, 2, 38, 13)",8
3382,conv2d_14,"(2, 0, 48, 11)",13
3383,conv2d_14,"(1, 0, 59, 16)",5
3384,conv2d_14,"(0, 0, 36, 7)",27
3385,conv2d_14,"(2, 1, 5, 48)",21
3386,conv2d_14,"(1, 0, 13, 12)",7
3387,conv2d_14,"(1, 2, 19, 15)",3
3388,conv2d_14,"(1, 2, 43, 33)",15
3389,conv2d_14,"(0, 2, 33, 30)",17
3390,conv2d_14,"(2, 1, 33, 31)",16
3391,conv2d_14,"(0, 0, 15, 4)",15
3392,conv2d_14,"(1, 2, 57, 48)",0
3393,conv2d_14,"(1, 1, 2, 54)",9
3394,conv2d_14,"(0, 2, 52, 4)",18
3395,conv2d_14,"(1, 1, 56, 62)",3
3396,conv2d_14,"(2, 1, 21, 51)",21
3397,conv2d_14,"(1, 1, 13, 18)",16
3398,conv2d_14,"(0, 2, 53, 26)",27
3399,conv2d_14,"(1, 0, 32, 2)",23
3400,conv2d_14,"(2, 0, 14, 42)",3
3401,conv2d_14,"(2, 0, 21, 0)",9
3402,conv2d_14,"(0, 1, 14, 11)",17
3403,conv2d_14,"(2, 2, 0, 22)",26
3404,conv2d_14,"(1, 1, 59, 29)",1
3405,conv2d_14,"(2, 1, 58, 44)",17
3406,conv2d_14,"(1, 1, 25, 20)",27
3407,conv2d_14,"(2, 2, 61, 10)",21
3408,conv2d_14,"(0, 0, 28, 26)",27
3409,conv2d_14,"(0, 2, 15, 10)",15
3410,conv2d_14,"(1, 0, 13, 31)",1
3411,conv2d_14,"(0, 0, 16, 40)",23
3412,conv2d_14,"(1, 0, 51, 36)",22
3413,conv2d_14,"(0, 0, 3, 25)",18
3414,conv2d_14,"(0, 2, 11, 36)",5
3415,conv2d_14,"(2, 2, 20, 50)",31
3416,conv2d_14,"(1, 2, 38, 55)",11
3417,conv2d_14,"(2, 0, 26, 14)",17
3418,conv2d_14,"(2, 1, 29, 42)",8
3419,conv2d_14,"(1, 1, 26, 3)",28
3420,conv2d_14,"(0, 2, 37, 40)",30
3421,conv2d_14,"(0, 2, 29, 13)",5
3422,conv2d_14,"(2, 2, 22, 14)",19
3423,conv2d_14,"(1, 2, 54, 22)",9
3424,conv2d_14,"(2, 0, 57, 1)",26
3425,conv2d_14,"(1, 2, 30, 45)",12
3426,conv2d_14,"(1, 1, 48, 30)",14
3427,conv2d_14,"(0, 2, 9, 28)",18
3428,conv2d_14,"(1, 0, 8, 60)",19
3429,conv2d_14,"(0, 2, 2, 4)",3
3430,conv2d_14,"(1, 0, 36, 61)",10
3431,conv2d_14,"(1, 0, 46, 14)",22
3432,conv2d_14,"(2, 1, 35, 31)",18
3433,conv2d_14,"(2, 2, 47, 41)",10
3434,conv2d_14,"(2, 2, 7, 36)",5
3435,conv2d_14,"(0, 1, 43, 60)",30
3436,conv2d_14,"(2, 0, 49, 33)",4
3437,conv2d_14,"(0, 2, 44, 42)",21
3438,conv2d_14,"(1, 0, 20, 12)",23
3439,conv2d_14,"(0, 0, 27, 63)",14
3440,conv2d_14,"(0, 2, 51, 35)",23
3441,conv2d_14,"(2, 0, 29, 40)",22
3442,conv2d_14,"(2, 2, 43, 16)",16
3443,conv2d_14,"(0, 0, 49, 42)",25
3444,conv2d_14,"(2, 0, 12, 48)",16
3445,conv2d_14,"(1, 0, 53, 42)",21
3446,conv2d_14,"(1, 2, 9, 38)",21
3447,conv2d_14,"(0, 0, 20, 52)",11
3448,conv2d_14,"(1, 0, 59, 20)",21
3449,conv2d_14,"(2, 1, 17, 58)",6
3450,conv2d_14,"(1, 1, 10, 1)",31
3451,conv2d_14,"(1, 1, 36, 42)",23
3452,conv2d_14,"(2, 2, 54, 8)",1
3453,conv2d_14,"(2, 0, 26, 1)",30
3454,conv2d_14,"(2, 2, 4, 43)",31
3455,conv2d_14,"(1, 0, 3, 47)",25
3456,conv2d_14,"(0, 1, 39, 14)",29
3457,conv2d_14,"(0, 2, 35, 39)",20
3458,conv2d_14,"(2, 2, 8, 46)",16
3459,conv2d_14,"(2, 1, 22, 14)",5
3460,conv2d_14,"(0, 2, 3, 38)",17
3461,conv2d_14,"(2, 0, 46, 61)",24
3462,conv2d_14,"(2, 0, 28, 39)",6
3463,conv2d_14,"(2, 2, 39, 16)",2
3464,conv2d_14,"(2, 0, 52, 38)",17
3465,conv2d_14,"(2, 2, 63, 23)",20
3466,conv2d_14,"(2, 2, 47, 56)",1
3467,conv2d_14,"(0, 0, 2, 53)",19
3468,conv2d_14,"(0, 0, 7, 20)",18
3469,conv2d_14,"(2, 2, 21, 59)",28
3470,conv2d_14,"(1, 2, 5, 48)",6
3471,conv2d_14,"(0, 0, 12, 33)",16
3472,conv2d_14,"(1, 0, 48, 44)",11
3473,conv2d_14,"(1, 1, 53, 9)",4
3474,conv2d_14,"(0, 0, 38, 35)",21
3475,conv2d_14,"(1, 0, 59, 17)",29
3476,conv2d_14,"(1, 1, 39, 1)",0
3477,conv2d_14,"(0, 0, 22, 51)",1
3478,conv2d_14,"(0, 0, 13, 28)",10
3479,conv2d_14,"(2, 0, 18, 9)",31
3480,conv2d_14,"(0, 1, 44, 26)",7
3481,conv2d_14,"(0, 2, 29, 8)",29
3482,conv2d_14,"(2, 2, 11, 18)",26
3483,conv2d_14,"(0, 0, 8, 39)",0
3484,conv2d_14,"(0, 2, 41, 22)",14
3485,conv2d_14,"(2, 1, 48, 52)",8
3486,conv2d_14,"(1, 0, 18, 34)",13
3487,conv2d_14,"(0, 1, 6, 2)",17
3488,conv2d_14,"(1, 1, 44, 7)",11
3489,conv2d_14,"(0, 2, 50, 29)",16
3490,conv2d_14,"(1, 0, 23, 35)",6
3491,conv2d_14,"(0, 2, 17, 11)",14
3492,conv2d_14,"(1, 1, 27, 23)",8
3493,conv2d_14,"(2, 2, 35, 43)",10
3494,conv2d_14,"(1, 0, 19, 56)",14
3495,conv2d_14,"(0, 2, 58, 47)",6
3496,conv2d_14,"(2, 0, 11, 9)",11
3497,conv2d_14,"(2, 1, 33, 20)",16
3498,conv2d_14,"(2, 0, 40, 36)",5
3499,conv2d_14,"(0, 0, 35, 46)",19
3500,conv2d_14,"(2, 2, 26, 56)",27
3501,conv2d_14,"(0, 0, 13, 35)",11
3502,conv2d_14,"(1, 2, 43, 11)",6
3503,conv2d_14,"(1, 2, 43, 6)",4
3504,conv2d_14,"(1, 1, 50, 38)",28
3505,conv2d_14,"(2, 0, 20, 52)",14
3506,conv2d_14,"(2, 0, 45, 0)",21
3507,conv2d_14,"(1, 2, 18, 30)",0
3508,conv2d_14,"(0, 2, 57, 40)",2
3509,conv2d_14,"(0, 0, 58, 19)",16
3510,conv2d_14,"(1, 2, 0, 11)",8
3511,conv2d_14,"(1, 0, 62, 6)",1
3512,conv2d_14,"(1, 2, 29, 8)",25
3513,conv2d_14,"(1, 2, 2, 45)",19
3514,conv2d_14,"(1, 2, 62, 55)",18
3515,conv2d_14,"(2, 1, 31, 63)",26
3516,conv2d_14,"(2, 2, 19, 49)",31
3517,conv2d_14,"(2, 2, 40, 56)",26
3518,conv2d_14,"(1, 0, 27, 11)",5
3519,conv2d_14,"(1, 1, 14, 59)",9
3520,conv2d_14,"(2, 0, 56, 61)",16
3521,conv2d_14,"(2, 2, 23, 60)",31
3522,conv2d_14,"(2, 1, 47, 47)",21
3523,conv2d_14,"(0, 2, 0, 8)",16
3524,conv2d_14,"(2, 1, 62, 43)",0
3525,conv2d_14,"(1, 2, 10, 51)",14
3526,conv2d_14,"(1, 2, 9, 44)",22
3527,conv2d_14,"(1, 2, 36, 37)",14
3528,conv2d_14,"(0, 1, 26, 16)",3
3529,conv2d_14,"(2, 0, 45, 43)",12
3530,conv2d_14,"(2, 2, 19, 25)",23
3531,conv2d_14,"(2, 2, 24, 38)",25
3532,conv2d_14,"(1, 1, 33, 19)",19
3533,conv2d_14,"(1, 2, 20, 7)",0
3534,conv2d_14,"(1, 1, 62, 41)",18
3535,conv2d_14,"(2, 2, 21, 10)",13
3536,conv2d_14,"(0, 0, 21, 54)",27
3537,conv2d_14,"(0, 0, 42, 4)",9
3538,conv2d_14,"(1, 0, 2, 44)",5
3539,conv2d_14,"(2, 1, 38, 18)",1
3540,conv2d_14,"(0, 1, 46, 10)",1
3541,conv2d_14,"(2, 0, 23, 20)",8
3542,conv2d_14,"(0, 1, 24, 10)",6
3543,conv2d_14,"(0, 2, 53, 3)",15
3544,conv2d_14,"(1, 0, 9, 21)",29
3545,conv2d_14,"(1, 0, 5, 17)",24
3546,conv2d_14,"(0, 1, 50, 33)",9
3547,conv2d_14,"(0, 0, 51, 33)",11
3548,conv2d_14,"(2, 1, 41, 21)",5
3549,conv2d_14,"(1, 2, 15, 15)",5
3550,conv2d_14,"(0, 0, 0, 13)",30
3551,conv2d_14,"(1, 1, 59, 4)",15
3552,conv2d_14,"(1, 0, 20, 8)",17
3553,conv2d_14,"(2, 1, 7, 44)",18
3554,conv2d_14,"(1, 1, 22, 2)",9
3555,conv2d_14,"(1, 2, 1, 9)",10
3556,conv2d_14,"(0, 0, 54, 55)",10
3557,conv2d_14,"(0, 1, 22, 59)",7
3558,conv2d_14,"(2, 0, 29, 25)",18
3559,conv2d_14,"(0, 2, 32, 57)",18
3560,conv2d_14,"(1, 1, 35, 27)",23
3561,conv2d_14,"(2, 2, 28, 27)",28
3562,conv2d_14,"(1, 0, 20, 53)",11
3563,conv2d_14,"(2, 2, 30, 38)",0
3564,conv2d_14,"(0, 0, 3, 45)",12
3565,conv2d_14,"(2, 1, 44, 37)",6
3566,conv2d_14,"(1, 1, 48, 56)",29
3567,conv2d_14,"(1, 1, 61, 53)",17
3568,conv2d_14,"(1, 0, 50, 45)",11
3569,conv2d_14,"(1, 2, 9, 20)",29
3570,conv2d_14,"(0, 2, 41, 49)",27
3571,conv2d_14,"(1, 2, 10, 30)",28
3572,conv2d_14,"(1, 0, 51, 5)",6
3573,conv2d_14,"(0, 0, 24, 10)",3
3574,conv2d_14,"(2, 2, 17, 59)",29
3575,conv2d_14,"(0, 0, 23, 27)",10
3576,conv2d_14,"(2, 1, 35, 32)",21
3577,conv2d_14,"(1, 1, 14, 24)",0
3578,conv2d_14,"(0, 2, 27, 32)",23
3579,conv2d_14,"(1, 2, 29, 32)",19
3580,conv2d_14,"(2, 2, 3, 14)",1
3581,conv2d_14,"(2, 1, 56, 1)",9
3582,conv2d_14,"(2, 2, 38, 42)",4
3583,conv2d_14,"(1, 2, 11, 20)",25
3584,conv2d_14,"(1, 0, 22, 48)",19
3585,conv2d_14,"(0, 2, 20, 21)",20
3586,conv2d_14,"(0, 1, 63, 46)",3
3587,conv2d_14,"(1, 1, 33, 62)",25
3588,conv2d_14,"(1, 0, 26, 56)",28
3589,conv2d_14,"(0, 1, 35, 47)",21
3590,conv2d_14,"(1, 2, 59, 19)",31
3591,conv2d_14,"(0, 1, 29, 60)",5
3592,conv2d_14,"(0, 1, 26, 14)",9
3593,conv2d_14,"(0, 2, 31, 39)",9
3594,conv2d_14,"(1, 1, 22, 58)",31
3595,conv2d_14,"(2, 0, 56, 47)",26
3596,conv2d_14,"(2, 1, 59, 29)",24
3597,conv2d_14,"(2, 1, 50, 57)",12
3598,conv2d_14,"(2, 0, 28, 50)",4
3599,conv2d_14,"(2, 1, 21, 45)",23
3600,conv2d_14,"(0, 0, 51, 4)",28
3601,conv2d_14,"(1, 0, 40, 48)",1
3602,conv2d_14,"(2, 2, 21, 5)",7
3603,conv2d_14,"(2, 2, 36, 22)",19
3604,conv2d_14,"(1, 0, 34, 23)",18
3605,conv2d_14,"(2, 1, 29, 44)",14
3606,conv2d_14,"(1, 0, 12, 36)",22
3607,conv2d_14,"(2, 0, 25, 38)",26
3608,conv2d_14,"(1, 2, 54, 59)",25
3609,conv2d_14,"(0, 0, 20, 21)",9
3610,conv2d_14,"(2, 1, 23, 16)",15
3611,conv2d_14,"(1, 2, 4, 28)",21
3612,conv2d_14,"(0, 1, 38, 4)",8
3613,conv2d_14,"(2, 2, 17, 32)",15
3614,conv2d_14,"(0, 2, 36, 5)",9
3615,conv2d_14,"(1, 2, 46, 44)",18
3616,conv2d_14,"(1, 0, 48, 35)",19
3617,conv2d_14,"(2, 2, 57, 28)",12
3618,conv2d_14,"(0, 2, 29, 60)",6
3619,conv2d_14,"(0, 2, 23, 14)",22
3620,conv2d_14,"(0, 2, 59, 14)",18
3621,conv2d_14,"(1, 1, 2, 13)",14
3622,conv2d_14,"(2, 1, 35, 1)",25
3623,conv2d_14,"(1, 1, 52, 50)",21
3624,conv2d_14,"(2, 0, 44, 54)",17
3625,conv2d_14,"(0, 0, 46, 56)",25
3626,conv2d_14,"(0, 0, 56, 29)",10
3627,conv2d_14,"(2, 0, 42, 8)",26
3628,conv2d_14,"(2, 2, 32, 59)",10
3629,conv2d_14,"(2, 2, 63, 21)",17
3630,conv2d_14,"(0, 1, 6, 6)",28
3631,conv2d_14,"(1, 2, 29, 15)",10
3632,conv2d_14,"(0, 0, 4, 5)",10
3633,conv2d_14,"(0, 2, 37, 4)",12
3634,conv2d_14,"(0, 1, 55, 63)",5
3635,conv2d_14,"(1, 0, 20, 9)",25
3636,conv2d_14,"(1, 1, 11, 61)",9
3637,conv2d_14,"(1, 1, 12, 45)",12
3638,conv2d_14,"(1, 2, 46, 61)",15
3639,conv2d_14,"(0, 0, 14, 26)",6
3640,conv2d_14,"(1, 0, 37, 45)",17
3641,conv2d_14,"(1, 0, 32, 15)",14
3642,conv2d_14,"(2, 2, 25, 30)",6
3643,conv2d_14,"(2, 0, 22, 1)",27
3644,conv2d_14,"(1, 1, 33, 22)",3
3645,conv2d_14,"(0, 2, 14, 33)",14
3646,conv2d_14,"(1, 0, 63, 52)",6
3647,conv2d_14,"(1, 1, 53, 29)",14
3648,conv2d_14,"(1, 0, 7, 43)",7
3649,conv2d_14,"(1, 1, 2, 48)",20
3650,conv2d_14,"(0, 1, 47, 28)",29
3651,conv2d_14,"(2, 2, 40, 4)",29
3652,conv2d_14,"(0, 0, 61, 7)",22
3653,conv2d_14,"(2, 1, 26, 25)",28
3654,conv2d_14,"(0, 0, 2, 51)",1
3655,conv2d_14,"(1, 0, 12, 55)",4
3656,conv2d_14,"(1, 2, 24, 20)",29
3657,conv2d_14,"(2, 2, 56, 50)",14
3658,conv2d_14,"(0, 1, 56, 14)",0
3659,conv2d_14,"(1, 0, 36, 58)",2
3660,conv2d_14,"(2, 0, 31, 63)",13
3661,conv2d_14,"(1, 1, 22, 21)",13
3662,conv2d_14,"(1, 0, 53, 16)",7
3663,conv2d_14,"(2, 2, 62, 41)",20
3664,conv2d_14,"(2, 1, 61, 7)",5
3665,conv2d_14,"(2, 2, 35, 59)",7
3666,conv2d_14,"(2, 2, 56, 22)",25
3667,conv2d_14,"(0, 0, 7, 25)",10
3668,conv2d_14,"(0, 2, 23, 48)",30
3669,conv2d_14,"(0, 2, 37, 48)",2
3670,conv2d_14,"(1, 2, 15, 61)",25
3671,conv2d_14,"(1, 2, 53, 15)",11
3672,conv2d_14,"(2, 1, 56, 45)",17
3673,conv2d_14,"(2, 2, 46, 18)",16
3674,conv2d_14,"(0, 2, 47, 32)",13
3675,conv2d_14,"(0, 2, 26, 54)",11
3676,conv2d_14,"(1, 0, 26, 17)",8
3677,conv2d_14,"(2, 2, 27, 63)",24
3678,conv2d_14,"(0, 1, 19, 31)",5
3679,conv2d_14,"(0, 1, 45, 43)",4
3680,conv2d_14,"(1, 2, 43, 19)",21
3681,conv2d_14,"(0, 1, 61, 0)",20
3682,conv2d_14,"(1, 1, 10, 50)",28
3683,conv2d_14,"(2, 2, 9, 32)",30
3684,conv2d_14,"(2, 0, 4, 57)",23
3685,conv2d_14,"(2, 2, 49, 63)",17
3686,conv2d_14,"(0, 2, 47, 11)",12
3687,conv2d_14,"(1, 1, 27, 2)",22
3688,conv2d_14,"(2, 2, 45, 9)",6
3689,conv2d_14,"(2, 2, 29, 53)",27
3690,conv2d_14,"(2, 1, 27, 1)",22
3691,conv2d_14,"(2, 1, 57, 22)",19
3692,conv2d_14,"(1, 0, 23, 29)",30
3693,conv2d_14,"(1, 1, 26, 36)",20
3694,conv2d_14,"(1, 2, 24, 60)",4
3695,conv2d_14,"(0, 0, 44, 10)",23
3696,conv2d_14,"(0, 0, 62, 59)",6
3697,conv2d_14,"(0, 2, 51, 63)",28
3698,conv2d_14,"(2, 1, 53, 42)",2
3699,conv2d_14,"(2, 2, 29, 30)",2
3700,conv2d_14,"(0, 0, 50, 33)",20
3701,conv2d_14,"(0, 1, 61, 11)",5
3702,conv2d_14,"(0, 2, 35, 18)",9
3703,conv2d_14,"(0, 1, 19, 1)",9
3704,conv2d_14,"(2, 2, 20, 7)",13
3705,conv2d_14,"(1, 2, 58, 45)",10
3706,conv2d_14,"(2, 2, 37, 27)",13
3707,conv2d_14,"(0, 0, 22, 53)",11
3708,conv2d_14,"(0, 2, 40, 36)",8
3709,conv2d_14,"(1, 2, 2, 24)",7
3710,conv2d_14,"(2, 0, 62, 47)",15
3711,conv2d_14,"(2, 0, 43, 21)",3
3712,conv2d_14,"(1, 1, 60, 26)",10
3713,conv2d_14,"(1, 0, 43, 24)",31
3714,conv2d_14,"(0, 1, 27, 25)",26
3715,conv2d_14,"(1, 2, 25, 38)",2
3716,conv2d_14,"(0, 0, 45, 31)",28
3717,conv2d_14,"(0, 1, 45, 37)",21
3718,conv2d_14,"(0, 1, 25, 57)",3
3719,conv2d_14,"(2, 2, 16, 20)",14
3720,conv2d_14,"(1, 2, 62, 32)",30
3721,conv2d_14,"(0, 2, 52, 27)",20
3722,conv2d_14,"(2, 1, 14, 62)",19
3723,conv2d_14,"(1, 1, 4, 36)",12
3724,conv2d_14,"(2, 1, 29, 61)",0
3725,conv2d_14,"(2, 0, 32, 32)",12
3726,conv2d_14,"(1, 2, 31, 1)",8
3727,conv2d_14,"(1, 0, 19, 4)",29
3728,conv2d_14,"(2, 2, 54, 6)",25
3729,conv2d_14,"(2, 2, 28, 6)",11
3730,conv2d_14,"(1, 0, 42, 57)",22
3731,conv2d_14,"(0, 2, 48, 38)",13
3732,conv2d_14,"(2, 0, 55, 56)",23
3733,conv2d_14,"(0, 0, 42, 28)",15
3734,conv2d_14,"(0, 0, 29, 4)",4
3735,conv2d_14,"(1, 1, 32, 53)",0
3736,conv2d_14,"(1, 2, 21, 31)",11
3737,conv2d_14,"(2, 0, 4, 17)",26
3738,conv2d_14,"(2, 2, 15, 12)",12
3739,conv2d_14,"(0, 1, 7, 29)",7
3740,conv2d_14,"(1, 0, 31, 38)",19
3741,conv2d_14,"(1, 0, 41, 51)",30
3742,conv2d_14,"(0, 2, 16, 2)",10
3743,conv2d_14,"(2, 2, 18, 7)",17
3744,conv2d_14,"(1, 1, 62, 46)",3
3745,conv2d_14,"(1, 2, 24, 10)",12
3746,conv2d_14,"(2, 1, 41, 50)",20
3747,conv2d_14,"(0, 2, 61, 14)",11
3748,conv2d_14,"(0, 0, 46, 5)",3
3749,conv2d_14,"(1, 0, 27, 33)",0
3750,conv2d_14,"(0, 1, 56, 35)",11
3751,conv2d_14,"(2, 1, 35, 59)",21
3752,conv2d_14,"(1, 2, 24, 53)",2
3753,conv2d_14,"(1, 2, 10, 12)",3
3754,conv2d_14,"(2, 0, 55, 3)",3
3755,conv2d_14,"(1, 0, 29, 9)",1
3756,conv2d_14,"(1, 1, 57, 31)",7
3757,conv2d_14,"(0, 0, 48, 20)",11
3758,conv2d_14,"(2, 1, 62, 23)",5
3759,conv2d_14,"(2, 1, 25, 28)",3
3760,conv2d_14,"(0, 2, 3, 26)",2
3761,conv2d_14,"(2, 0, 58, 62)",19
3762,conv2d_14,"(2, 0, 27, 62)",17
3763,conv2d_14,"(0, 0, 53, 49)",17
3764,conv2d_14,"(0, 2, 12, 53)",27
3765,conv2d_14,"(1, 1, 56, 28)",18
3766,conv2d_14,"(2, 1, 9, 14)",21
3767,conv2d_14,"(0, 2, 13, 8)",16
3768,conv2d_14,"(2, 1, 29, 1)",18
3769,conv2d_14,"(1, 0, 42, 52)",4
3770,conv2d_14,"(1, 1, 24, 35)",1
3771,conv2d_14,"(1, 2, 27, 59)",24
3772,conv2d_14,"(0, 2, 43, 34)",24
3773,conv2d_14,"(2, 2, 63, 33)",26
3774,conv2d_14,"(1, 0, 32, 32)",14
3775,conv2d_14,"(2, 2, 33, 48)",12
3776,conv2d_14,"(2, 2, 54, 28)",20
3777,conv2d_14,"(1, 0, 30, 24)",4
3778,conv2d_14,"(1, 1, 11, 11)",8
3779,conv2d_14,"(2, 1, 20, 3)",15
3780,conv2d_14,"(1, 0, 17, 47)",17
3781,conv2d_14,"(1, 2, 7, 16)",23
3782,conv2d_14,"(2, 1, 45, 52)",24
3783,conv2d_14,"(1, 0, 27, 63)",11
3784,conv2d_14,"(1, 2, 36, 59)",20
3785,conv2d_14,"(0, 2, 4, 56)",23
3786,conv2d_14,"(2, 0, 47, 19)",18
3787,conv2d_14,"(0, 2, 35, 16)",11
3788,conv2d_14,"(2, 2, 62, 9)",20
3789,conv2d_14,"(2, 0, 36, 37)",27
3790,conv2d_14,"(2, 0, 27, 2)",26
3791,conv2d_14,"(0, 0, 51, 15)",26
3792,conv2d_14,"(0, 0, 25, 25)",17
3793,conv2d_14,"(2, 2, 53, 43)",2
3794,conv2d_14,"(2, 2, 21, 30)",15
3795,conv2d_14,"(2, 0, 8, 2)",21
3796,conv2d_14,"(1, 1, 53, 24)",29
3797,conv2d_14,"(2, 1, 2, 8)",19
3798,conv2d_14,"(0, 0, 57, 9)",28
3799,conv2d_14,"(1, 0, 45, 11)",10
3800,conv2d_14,"(2, 0, 20, 2)",27
3801,conv2d_14,"(1, 0, 6, 31)",5
3802,conv2d_14,"(1, 1, 20, 23)",26
3803,conv2d_14,"(2, 0, 44, 4)",29
3804,conv2d_14,"(2, 1, 43, 37)",18
3805,conv2d_14,"(2, 1, 37, 44)",25
3806,conv2d_14,"(2, 1, 44, 4)",15
3807,conv2d_14,"(2, 0, 23, 15)",16
3808,conv2d_14,"(1, 2, 19, 43)",24
3809,conv2d_14,"(1, 1, 8, 12)",16
3810,conv2d_14,"(1, 0, 50, 63)",1
3811,conv2d_14,"(2, 1, 29, 19)",2
3812,conv2d_14,"(1, 2, 35, 52)",15
3813,conv2d_14,"(0, 0, 17, 19)",4
3814,conv2d_14,"(0, 1, 42, 2)",15
3815,conv2d_14,"(1, 2, 25, 1)",10
3816,conv2d_14,"(1, 2, 3, 2)",17
3817,conv2d_14,"(1, 1, 29, 21)",25
3818,conv2d_14,"(1, 1, 24, 20)",12
3819,conv2d_14,"(2, 2, 18, 41)",0
3820,conv2d_14,"(1, 1, 16, 51)",29
3821,conv2d_14,"(2, 2, 61, 44)",1
3822,conv2d_14,"(2, 0, 40, 15)",21
3823,conv2d_14,"(1, 1, 51, 39)",18
3824,conv2d_14,"(1, 1, 42, 50)",17
3825,conv2d_14,"(2, 2, 25, 21)",20
3826,conv2d_14,"(2, 1, 55, 23)",10
3827,conv2d_14,"(2, 2, 43, 26)",5
3828,conv2d_14,"(0, 0, 52, 61)",1
3829,conv2d_14,"(0, 1, 47, 47)",23
3830,conv2d_14,"(2, 2, 23, 15)",14
3831,conv2d_14,"(0, 1, 8, 52)",28
3832,conv2d_14,"(1, 0, 16, 53)",0
3833,conv2d_14,"(2, 1, 10, 56)",11
3834,conv2d_14,"(2, 1, 5, 59)",21
3835,conv2d_14,"(0, 0, 56, 62)",12
3836,conv2d_14,"(0, 2, 46, 57)",26
3837,conv2d_14,"(2, 1, 34, 25)",29
3838,conv2d_14,"(0, 2, 4, 29)",21
3839,conv2d_14,"(0, 2, 45, 31)",2
3840,conv2d_14,"(0, 0, 5, 41)",6
3841,conv2d_14,"(2, 0, 62, 58)",0
3842,conv2d_14,"(2, 1, 56, 33)",28
3843,conv2d_14,"(2, 2, 11, 63)",22
3844,conv2d_14,"(1, 1, 7, 48)",0
3845,conv2d_14,"(2, 2, 58, 23)",21
3846,conv2d_14,"(1, 0, 26, 48)",5
3847,conv2d_14,"(1, 2, 5, 20)",13
3848,conv2d_14,"(1, 0, 55, 25)",16
3849,conv2d_14,"(0, 1, 62, 24)",4
3850,conv2d_14,"(0, 2, 33, 60)",2
3851,conv2d_14,"(2, 2, 26, 23)",25
3852,conv2d_14,"(0, 0, 24, 2)",28
3853,conv2d_14,"(0, 0, 32, 6)",30
3854,conv2d_14,"(1, 1, 4, 62)",21
3855,conv2d_14,"(0, 0, 30, 38)",30
3856,conv2d_14,"(0, 2, 2, 51)",15
3857,conv2d_14,"(2, 0, 31, 2)",16
3858,conv2d_14,"(1, 1, 41, 18)",30
3859,conv2d_14,"(0, 1, 13, 4)",6
3860,conv2d_14,"(0, 1, 23, 16)",2
3861,conv2d_14,"(0, 0, 24, 37)",28
3862,conv2d_14,"(1, 0, 46, 0)",20
3863,conv2d_14,"(0, 0, 3, 33)",9
3864,conv2d_14,"(0, 1, 1, 5)",27
3865,conv2d_14,"(2, 0, 0, 21)",12
3866,conv2d_14,"(0, 2, 41, 56)",27
3867,conv2d_14,"(2, 0, 42, 36)",10
3868,conv2d_14,"(2, 0, 54, 27)",3
3869,conv2d_14,"(0, 1, 29, 23)",26
3870,conv2d_14,"(1, 0, 62, 43)",23
3871,conv2d_14,"(0, 2, 63, 13)",26
3872,conv2d_14,"(0, 1, 17, 7)",29
3873,conv2d_14,"(1, 1, 45, 41)",28
3874,conv2d_14,"(0, 1, 40, 18)",28
3875,conv2d_14,"(1, 2, 62, 38)",2
3876,conv2d_14,"(1, 0, 21, 54)",16
3877,conv2d_14,"(2, 1, 30, 24)",11
3878,conv2d_14,"(0, 2, 56, 28)",12
3879,conv2d_14,"(1, 1, 21, 44)",26
3880,conv2d_14,"(2, 1, 14, 49)",21
3881,conv2d_14,"(1, 0, 37, 51)",25
3882,conv2d_14,"(2, 0, 49, 0)",19
3883,conv2d_14,"(1, 0, 40, 55)",27
3884,conv2d_14,"(1, 2, 3, 51)",23
3885,conv2d_14,"(2, 2, 54, 12)",4
3886,conv2d_14,"(2, 1, 62, 0)",6
3887,conv2d_14,"(0, 2, 6, 48)",24
3888,conv2d_14,"(1, 2, 63, 60)",9
3889,conv2d_14,"(1, 2, 0, 60)",25
3890,conv2d_14,"(0, 1, 25, 34)",21
3891,conv2d_14,"(1, 2, 33, 42)",17
3892,conv2d_14,"(0, 2, 23, 34)",31
3893,conv2d_14,"(0, 0, 30, 45)",24
3894,conv2d_14,"(2, 2, 35, 2)",28
3895,conv2d_14,"(2, 2, 22, 53)",2
3896,conv2d_14,"(0, 0, 12, 54)",26
3897,conv2d_14,"(2, 0, 46, 34)",29
3898,conv2d_14,"(1, 2, 22, 3)",10
3899,conv2d_14,"(2, 0, 37, 33)",19
3900,conv2d_14,"(1, 2, 58, 44)",31
3901,conv2d_14,"(2, 0, 48, 7)",6
3902,conv2d_14,"(1, 0, 24, 15)",2
3903,conv2d_14,"(0, 0, 32, 3)",0
3904,conv2d_14,"(2, 2, 18, 32)",10
3905,conv2d_14,"(1, 2, 16, 51)",23
3906,conv2d_14,"(2, 1, 7, 9)",4
3907,conv2d_14,"(2, 0, 14, 0)",15
3908,conv2d_14,"(0, 0, 5, 4)",6
3909,conv2d_14,"(2, 1, 17, 36)",26
3910,conv2d_14,"(2, 2, 50, 57)",10
3911,conv2d_14,"(1, 0, 52, 43)",28
3912,conv2d_14,"(1, 2, 15, 33)",7
3913,conv2d_14,"(2, 0, 12, 36)",28
3914,conv2d_14,"(1, 2, 51, 62)",19
3915,conv2d_14,"(2, 2, 58, 0)",14
3916,conv2d_14,"(2, 2, 34, 16)",8
3917,conv2d_14,"(0, 0, 5, 48)",16
3918,conv2d_14,"(0, 0, 53, 3)",5
3919,conv2d_14,"(0, 0, 39, 18)",26
3920,conv2d_14,"(1, 1, 32, 16)",26
3921,conv2d_14,"(0, 0, 9, 24)",25
3922,conv2d_14,"(2, 2, 35, 24)",16
3923,conv2d_14,"(0, 2, 43, 17)",12
3924,conv2d_14,"(2, 2, 52, 15)",20
3925,conv2d_14,"(2, 2, 5, 60)",4
3926,conv2d_14,"(0, 0, 6, 38)",28
3927,conv2d_14,"(2, 2, 24, 48)",22
3928,conv2d_14,"(2, 2, 49, 27)",10
3929,conv2d_14,"(0, 2, 53, 60)",13
3930,conv2d_14,"(2, 1, 39, 43)",0
3931,conv2d_14,"(1, 2, 43, 61)",9
3932,conv2d_14,"(2, 0, 14, 26)",31
3933,conv2d_14,"(1, 2, 2, 32)",12
3934,conv2d_14,"(2, 0, 42, 45)",31
3935,conv2d_14,"(2, 2, 24, 37)",11
3936,conv2d_14,"(0, 2, 44, 19)",24
3937,conv2d_14,"(2, 0, 44, 48)",13
3938,conv2d_14,"(0, 2, 55, 40)",19
3939,conv2d_14,"(2, 2, 43, 33)",7
3940,conv2d_14,"(0, 2, 25, 34)",31
3941,conv2d_14,"(1, 2, 9, 7)",18
3942,conv2d_14,"(1, 2, 25, 0)",5
3943,conv2d_14,"(1, 2, 12, 30)",0
3944,conv2d_14,"(0, 1, 45, 58)",10
3945,conv2d_14,"(2, 2, 19, 46)",5
3946,conv2d_14,"(0, 1, 62, 28)",20
3947,conv2d_14,"(1, 2, 5, 5)",22
3948,conv2d_14,"(0, 2, 51, 15)",19
3949,conv2d_14,"(0, 1, 16, 43)",2
3950,conv2d_14,"(1, 0, 49, 31)",25
3951,conv2d_14,"(0, 1, 29, 9)",20
3952,conv2d_14,"(2, 1, 19, 48)",11
3953,conv2d_14,"(0, 1, 47, 30)",18
3954,conv2d_14,"(1, 0, 8, 3)",22
3955,conv2d_14,"(2, 0, 14, 23)",0
3956,conv2d_14,"(2, 0, 20, 32)",16
3957,conv2d_14,"(2, 1, 48, 42)",3
3958,conv2d_14,"(1, 0, 33, 45)",27
3959,conv2d_14,"(0, 2, 37, 36)",1
3960,conv2d_14,"(0, 1, 60, 39)",16
3961,conv2d_14,"(2, 2, 24, 32)",15
3962,conv2d_14,"(1, 1, 47, 15)",31
3963,conv2d_14,"(1, 0, 14, 9)",27
3964,conv2d_14,"(0, 1, 10, 11)",19
3965,conv2d_14,"(0, 0, 33, 6)",7
3966,conv2d_14,"(0, 0, 18, 46)",8
3967,conv2d_14,"(0, 0, 49, 25)",11
3968,conv2d_14,"(1, 1, 40, 48)",2
3969,conv2d_14,"(2, 1, 11, 59)",15
3970,conv2d_14,"(0, 1, 0, 44)",20
3971,conv2d_14,"(1, 1, 27, 10)",15
3972,conv2d_14,"(2, 2, 47, 9)",26
3973,conv2d_14,"(0, 1, 50, 41)",16
3974,conv2d_14,"(1, 2, 0, 7)",2
3975,conv2d_14,"(1, 2, 61, 1)",26
3976,conv2d_14,"(1, 0, 2, 34)",29
3977,conv2d_14,"(0, 0, 56, 7)",23
3978,conv2d_14,"(0, 0, 49, 60)",9
3979,conv2d_14,"(0, 0, 55, 9)",5
3980,conv2d_14,"(1, 1, 12, 50)",3
3981,conv2d_14,"(1, 0, 61, 41)",8
3982,conv2d_14,"(1, 0, 52, 8)",19
3983,conv2d_14,"(0, 1, 22, 7)",23
3984,conv2d_14,"(0, 1, 26, 55)",17
3985,conv2d_14,"(2, 1, 29, 17)",29
3986,conv2d_14,"(0, 1, 29, 47)",2
3987,conv2d_14,"(2, 1, 13, 51)",20
3988,conv2d_14,"(2, 1, 29, 16)",29
3989,conv2d_14,"(2, 1, 55, 13)",26
3990,conv2d_14,"(0, 1, 2, 17)",24
3991,conv2d_14,"(2, 2, 19, 14)",2
3992,conv2d_14,"(1, 0, 9, 51)",19
3993,conv2d_14,"(2, 1, 39, 0)",30
3994,conv2d_14,"(1, 0, 6, 46)",12
3995,conv2d_14,"(1, 0, 17, 25)",1
3996,conv2d_14,"(0, 2, 58, 35)",16
3997,conv2d_14,"(2, 1, 32, 2)",3
3998,conv2d_14,"(0, 1, 53, 0)",14
3999,conv2d_14,"(2, 1, 41, 0)",10
4000,conv2d_14,"(0, 2, 3, 54)",16
4001,conv2d_14,"(1, 2, 6, 48)",22
4002,conv2d_14,"(1, 1, 20, 11)",4
4003,conv2d_14,"(2, 1, 22, 30)",31
4004,conv2d_14,"(0, 2, 17, 5)",21
4005,conv2d_14,"(0, 1, 4, 20)",2
4006,conv2d_14,"(1, 1, 17, 60)",26
4007,conv2d_14,"(2, 1, 61, 52)",3
4008,conv2d_14,"(1, 0, 37, 19)",14
4009,conv2d_14,"(0, 0, 42, 46)",24
4010,conv2d_14,"(0, 1, 16, 12)",26
4011,conv2d_14,"(0, 0, 54, 40)",4
4012,conv2d_14,"(2, 0, 36, 59)",25
4013,conv2d_14,"(2, 2, 6, 63)",6
4014,conv2d_14,"(0, 2, 3, 43)",26
4015,conv2d_14,"(2, 1, 61, 4)",10
4016,conv2d_14,"(1, 2, 49, 37)",30
4017,conv2d_14,"(0, 2, 38, 8)",30
4018,conv2d_14,"(2, 2, 5, 45)",7
4019,conv2d_14,"(2, 1, 26, 44)",8
4020,conv2d_14,"(1, 1, 40, 20)",25
4021,conv2d_14,"(2, 0, 62, 13)",28
4022,conv2d_14,"(2, 2, 27, 38)",0
4023,conv2d_14,"(2, 1, 29, 15)",17
4024,conv2d_14,"(2, 1, 56, 16)",1
4025,conv2d_14,"(1, 0, 8, 26)",20
4026,conv2d_14,"(0, 1, 6, 48)",19
4027,conv2d_14,"(1, 0, 3, 11)",20
4028,conv2d_14,"(1, 2, 56, 55)",29
4029,conv2d_14,"(1, 2, 54, 2)",23
4030,conv2d_14,"(1, 0, 53, 20)",18
4031,conv2d_14,"(2, 1, 47, 38)",10
4032,conv2d_14,"(2, 0, 48, 9)",6
4033,conv2d_14,"(0, 0, 0, 6)",4
4034,conv2d_14,"(2, 1, 12, 52)",15
4035,conv2d_14,"(1, 2, 47, 36)",3
4036,conv2d_14,"(2, 2, 34, 42)",30
4037,conv2d_14,"(1, 2, 63, 17)",31
4038,conv2d_14,"(1, 0, 6, 28)",14
4039,conv2d_14,"(1, 2, 58, 5)",22
4040,conv2d_14,"(1, 0, 38, 34)",9
4041,conv2d_14,"(0, 0, 22, 45)",2
4042,conv2d_14,"(0, 1, 61, 13)",8
4043,conv2d_14,"(1, 1, 59, 48)",6
4044,conv2d_14,"(1, 1, 24, 25)",11
4045,conv2d_14,"(0, 2, 49, 54)",4
4046,conv2d_14,"(2, 0, 17, 31)",0
4047,conv2d_14,"(1, 1, 7, 36)",18
4048,conv2d_14,"(2, 2, 11, 45)",4
4049,conv2d_14,"(1, 0, 4, 15)",21
4050,conv2d_14,"(2, 0, 34, 47)",14
4051,conv2d_14,"(1, 0, 33, 31)",11
4052,conv2d_14,"(0, 2, 22, 17)",16
4053,conv2d_14,"(2, 2, 35, 0)",26
4054,conv2d_14,"(2, 1, 8, 33)",22
4055,conv2d_14,"(0, 0, 10, 14)",25
4056,conv2d_14,"(0, 1, 8, 1)",7
4057,conv2d_14,"(2, 0, 54, 5)",16
4058,conv2d_14,"(2, 1, 13, 60)",7
4059,conv2d_14,"(2, 1, 51, 26)",28
4060,conv2d_14,"(1, 2, 47, 43)",2
4061,conv2d_14,"(2, 1, 36, 1)",3
4062,conv2d_14,"(0, 2, 50, 51)",1
4063,conv2d_14,"(0, 0, 4, 61)",13
4064,conv2d_14,"(1, 0, 21, 2)",9
4065,conv2d_14,"(2, 2, 61, 63)",26
4066,conv2d_14,"(2, 2, 29, 1)",11
4067,conv2d_14,"(1, 1, 54, 3)",26
4068,conv2d_14,"(1, 0, 11, 14)",12
4069,conv2d_14,"(2, 2, 9, 52)",2
4070,conv2d_14,"(2, 1, 0, 62)",5
4071,conv2d_14,"(2, 1, 9, 42)",16
4072,conv2d_14,"(0, 0, 21, 16)",21
4073,conv2d_14,"(2, 0, 3, 12)",20
4074,conv2d_14,"(1, 2, 2, 20)",22
4075,conv2d_14,"(0, 1, 45, 28)",18
4076,conv2d_14,"(1, 0, 14, 37)",29
4077,conv2d_14,"(0, 0, 0, 40)",25
4078,conv2d_14,"(2, 1, 21, 9)",20
4079,conv2d_14,"(1, 2, 9, 13)",0
4080,conv2d_14,"(2, 2, 47, 11)",3
4081,conv2d_14,"(2, 0, 62, 59)",30
4082,conv2d_14,"(1, 1, 47, 26)",22
4083,conv2d_14,"(0, 0, 57, 12)",12
4084,conv2d_14,"(0, 1, 41, 20)",10
4085,conv2d_14,"(1, 2, 26, 31)",6
4086,conv2d_14,"(1, 0, 21, 35)",22
4087,conv2d_14,"(0, 2, 3, 53)",21
4088,conv2d_14,"(1, 2, 63, 48)",3
4089,conv2d_14,"(2, 2, 40, 35)",29
4090,conv2d_14,"(0, 1, 58, 16)",6
4091,conv2d_14,"(2, 0, 41, 18)",21
4092,conv2d_14,"(2, 1, 22, 7)",27
4093,conv2d_14,"(1, 0, 55, 10)",18
4094,conv2d_14,"(0, 1, 11, 28)",11
4095,conv2d_14,"(1, 2, 34, 50)",21
4096,conv2d_14,"(1, 1, 62, 9)",30
4097,conv2d_14,"(2, 2, 17, 58)",14
4098,conv2d_14,"(2, 1, 29, 33)",31
4099,conv2d_14,"(1, 2, 9, 27)",9
4100,conv2d_14,"(0, 0, 53, 2)",14
4101,conv2d_14,"(0, 2, 22, 35)",5
4102,conv2d_14,"(1, 1, 29, 57)",30
4103,conv2d_14,"(1, 0, 63, 54)",18
4104,conv2d_14,"(0, 0, 62, 7)",19
4105,conv2d_14,"(1, 0, 19, 17)",13
4106,conv2d_14,"(1, 0, 56, 58)",1
4107,conv2d_14,"(1, 0, 18, 63)",2
4108,conv2d_14,"(2, 0, 41, 27)",19
4109,conv2d_14,"(0, 0, 0, 54)",10
4110,conv2d_14,"(2, 0, 45, 10)",4
4111,conv2d_14,"(0, 0, 27, 19)",9
4112,conv2d_14,"(1, 1, 13, 41)",31
4113,conv2d_14,"(2, 1, 54, 31)",27
4114,conv2d_14,"(0, 1, 35, 23)",13
4115,conv2d_14,"(0, 0, 43, 48)",18
4116,conv2d_14,"(2, 0, 59, 46)",13
4117,conv2d_14,"(1, 1, 5, 3)",26
4118,conv2d_14,"(2, 0, 43, 51)",7
4119,conv2d_14,"(1, 0, 7, 11)",14
4120,conv2d_14,"(1, 0, 61, 42)",22
4121,conv2d_14,"(2, 0, 9, 0)",2
4122,conv2d_14,"(0, 0, 54, 27)",2
4123,conv2d_14,"(1, 0, 20, 31)",19
4124,conv2d_14,"(0, 0, 9, 57)",31
4125,conv2d_14,"(1, 1, 29, 60)",14
4126,conv2d_14,"(2, 1, 40, 44)",14
4127,conv2d_14,"(0, 1, 3, 57)",17
4128,conv2d_14,"(0, 2, 46, 59)",17
4129,conv2d_14,"(2, 0, 1, 22)",10
4130,conv2d_14,"(0, 0, 63, 42)",28
4131,conv2d_14,"(1, 1, 31, 63)",14
4132,conv2d_14,"(1, 1, 6, 29)",26
4133,conv2d_14,"(0, 1, 54, 4)",22
4134,conv2d_14,"(0, 2, 32, 4)",18
4135,conv2d_14,"(0, 1, 42, 16)",8
4136,conv2d_14,"(0, 1, 29, 13)",0
4137,conv2d_14,"(2, 0, 16, 13)",28
4138,conv2d_14,"(1, 0, 62, 30)",14
4139,conv2d_14,"(2, 1, 29, 31)",14
4140,conv2d_14,"(2, 0, 49, 57)",30
4141,conv2d_14,"(0, 1, 46, 30)",12
4142,conv2d_14,"(2, 2, 44, 7)",17
4143,conv2d_14,"(1, 2, 3, 32)",2
4144,conv2d_14,"(0, 1, 45, 54)",21
4145,conv2d_14,"(0, 2, 23, 55)",22
4146,conv2d_14,"(0, 2, 30, 43)",25
4147,conv2d_14,"(1, 1, 25, 24)",30
4148,conv2d_14,"(1, 0, 22, 12)",28
4149,conv2d_14,"(0, 0, 40, 41)",22
4150,conv2d_14,"(2, 1, 62, 21)",20
4151,conv2d_14,"(0, 2, 44, 17)",26
4152,conv2d_14,"(1, 0, 22, 3)",9
4153,conv2d_14,"(2, 0, 7, 43)",7
4154,conv2d_14,"(2, 1, 1, 59)",31
4155,conv2d_14,"(0, 0, 36, 45)",0
4156,conv2d_14,"(2, 0, 35, 12)",24
4157,conv2d_14,"(1, 2, 50, 50)",11
4158,conv2d_14,"(0, 2, 22, 38)",4
4159,conv2d_14,"(0, 0, 11, 9)",5
4160,conv2d_14,"(1, 0, 1, 54)",4
4161,conv2d_14,"(0, 1, 23, 60)",16
4162,conv2d_14,"(2, 1, 50, 56)",0
4163,conv2d_14,"(2, 2, 54, 54)",5
4164,conv2d_14,"(2, 0, 20, 50)",0
4165,conv2d_14,"(1, 1, 55, 5)",6
4166,conv2d_14,"(0, 0, 4, 47)",19
4167,conv2d_14,"(2, 2, 39, 17)",9
4168,conv2d_14,"(1, 2, 31, 42)",4
4169,conv2d_14,"(0, 1, 61, 60)",14
4170,conv2d_14,"(0, 1, 8, 10)",9
4171,conv2d_14,"(1, 1, 5, 48)",7
4172,conv2d_14,"(0, 1, 12, 62)",23
4173,conv2d_14,"(1, 2, 36, 31)",30
4174,conv2d_14,"(1, 1, 60, 43)",18
4175,conv2d_14,"(2, 2, 34, 50)",20
4176,conv2d_14,"(2, 2, 0, 44)",7
4177,conv2d_14,"(0, 0, 22, 20)",10
4178,conv2d_14,"(1, 1, 20, 45)",20
4179,conv2d_14,"(0, 1, 43, 54)",22
4180,conv2d_14,"(1, 0, 17, 45)",25
4181,conv2d_14,"(1, 1, 43, 57)",12
4182,conv2d_14,"(0, 1, 27, 22)",17
4183,conv2d_14,"(2, 2, 19, 35)",6
4184,conv2d_14,"(1, 1, 62, 51)",28
4185,conv2d_14,"(0, 2, 34, 29)",12
4186,conv2d_14,"(1, 1, 46, 44)",6
4187,conv2d_14,"(1, 2, 10, 18)",20
4188,conv2d_14,"(1, 0, 51, 48)",25
4189,conv2d_14,"(2, 1, 9, 7)",10
4190,conv2d_14,"(0, 0, 55, 13)",16
4191,conv2d_14,"(1, 2, 8, 62)",15
4192,conv2d_14,"(2, 0, 23, 3)",27
4193,conv2d_14,"(1, 0, 53, 22)",30
4194,conv2d_14,"(2, 1, 46, 47)",28
4195,conv2d_14,"(2, 0, 62, 46)",10
4196,conv2d_14,"(2, 1, 35, 0)",30
4197,conv2d_14,"(2, 2, 33, 18)",14
4198,conv2d_14,"(2, 2, 62, 51)",28
4199,conv2d_14,"(2, 1, 44, 2)",3
4200,conv2d_14,"(2, 0, 19, 4)",29
4201,conv2d_14,"(1, 2, 49, 26)",31
4202,conv2d_14,"(0, 0, 22, 55)",10
4203,conv2d_14,"(2, 1, 51, 48)",12
4204,conv2d_14,"(2, 2, 16, 47)",28
4205,conv2d_14,"(0, 2, 46, 7)",1
4206,conv2d_14,"(2, 2, 60, 31)",25
4207,conv2d_14,"(2, 0, 39, 49)",20
4208,conv2d_14,"(2, 2, 12, 24)",19
4209,conv2d_14,"(2, 1, 60, 40)",28
4210,conv2d_14,"(2, 2, 7, 34)",17
4211,conv2d_14,"(0, 0, 61, 59)",20
4212,conv2d_14,"(2, 1, 6, 0)",23
4213,conv2d_14,"(0, 1, 25, 51)",29
4214,conv2d_14,"(0, 0, 59, 26)",29
4215,conv2d_14,"(2, 2, 36, 41)",4
4216,conv2d_14,"(0, 2, 29, 32)",31
4217,conv2d_14,"(0, 0, 38, 11)",18
4218,conv2d_14,"(2, 2, 5, 28)",24
4219,conv2d_14,"(0, 2, 53, 58)",29
4220,conv2d_14,"(2, 2, 34, 35)",16
4221,conv2d_14,"(0, 1, 58, 37)",7
4222,conv2d_14,"(0, 1, 62, 11)",12
4223,conv2d_14,"(0, 1, 25, 18)",13
4224,conv2d_14,"(2, 2, 57, 12)",6
4225,conv2d_14,"(2, 2, 40, 50)",4
4226,conv2d_14,"(0, 2, 21, 12)",31
4227,conv2d_14,"(1, 2, 44, 60)",12
4228,conv2d_14,"(0, 1, 63, 15)",6
4229,conv2d_14,"(0, 1, 22, 9)",0
4230,conv2d_14,"(1, 2, 21, 16)",14
4231,conv2d_14,"(2, 2, 55, 31)",5
4232,conv2d_14,"(0, 0, 45, 36)",27
4233,conv2d_14,"(1, 1, 46, 47)",10
4234,conv2d_14,"(0, 0, 63, 17)",18
4235,conv2d_14,"(2, 0, 9, 22)",31
4236,conv2d_14,"(0, 2, 0, 20)",11
4237,conv2d_14,"(0, 0, 31, 51)",20
4238,conv2d_14,"(2, 0, 1, 31)",5
4239,conv2d_14,"(0, 1, 23, 19)",16
4240,conv2d_14,"(2, 0, 26, 17)",11
4241,conv2d_14,"(2, 0, 3, 2)",14
4242,conv2d_14,"(2, 2, 53, 32)",23
4243,conv2d_14,"(0, 2, 47, 24)",1
4244,conv2d_14,"(1, 2, 45, 7)",23
4245,conv2d_14,"(1, 1, 19, 4)",16
4246,conv2d_14,"(2, 2, 3, 2)",12
4247,conv2d_14,"(1, 0, 15, 15)",23
4248,conv2d_14,"(1, 2, 37, 45)",14
4249,conv2d_14,"(2, 0, 7, 36)",5
4250,conv2d_14,"(1, 1, 2, 34)",19
4251,conv2d_14,"(2, 0, 29, 3)",29
4252,conv2d_14,"(1, 2, 23, 49)",4
4253,conv2d_14,"(1, 2, 50, 26)",12
4254,conv2d_14,"(0, 1, 29, 18)",28
4255,conv2d_14,"(1, 1, 13, 44)",13
4256,conv2d_14,"(0, 2, 33, 8)",25
4257,conv2d_14,"(2, 0, 29, 43)",30
4258,conv2d_14,"(1, 2, 29, 48)",7
4259,conv2d_14,"(0, 2, 0, 5)",28
4260,conv2d_14,"(2, 2, 22, 30)",26
4261,conv2d_14,"(0, 2, 52, 11)",21
4262,conv2d_14,"(1, 1, 36, 23)",28
4263,conv2d_14,"(1, 2, 8, 10)",5
4264,conv2d_14,"(1, 1, 10, 51)",29
4265,conv2d_14,"(0, 1, 21, 1)",19
4266,conv2d_14,"(0, 2, 1, 23)",31
4267,conv2d_14,"(1, 1, 20, 55)",3
4268,conv2d_14,"(1, 2, 29, 7)",10
4269,conv2d_14,"(2, 0, 37, 61)",6
4270,conv2d_14,"(0, 1, 38, 15)",4
4271,conv2d_14,"(0, 1, 55, 38)",1
4272,conv2d_14,"(0, 2, 6, 47)",28
4273,conv2d_14,"(2, 0, 29, 51)",24
4274,conv2d_14,"(0, 2, 61, 19)",1
4275,conv2d_14,"(1, 1, 0, 49)",0
4276,conv2d_14,"(1, 2, 42, 43)",26
4277,conv2d_14,"(2, 1, 34, 13)",12
4278,conv2d_14,"(0, 2, 62, 6)",31
4279,conv2d_14,"(1, 0, 20, 42)",24
4280,conv2d_14,"(1, 2, 20, 27)",9
4281,conv2d_14,"(2, 1, 18, 20)",30
4282,conv2d_14,"(0, 0, 51, 10)",7
4283,conv2d_14,"(0, 0, 57, 32)",16
4284,conv2d_14,"(2, 1, 36, 29)",15
4285,conv2d_14,"(2, 0, 7, 6)",3
4286,conv2d_14,"(2, 0, 54, 41)",7
4287,conv2d_14,"(2, 2, 36, 2)",1
4288,conv2d_14,"(0, 1, 18, 19)",26
4289,conv2d_14,"(0, 0, 27, 56)",5
4290,conv2d_14,"(1, 1, 27, 24)",4
4291,conv2d_14,"(2, 1, 8, 45)",7
4292,conv2d_14,"(1, 2, 43, 2)",21
4293,conv2d_14,"(0, 1, 21, 54)",13
4294,conv2d_14,"(0, 2, 15, 39)",29
4295,conv2d_14,"(2, 2, 58, 21)",6
4296,conv2d_14,"(2, 0, 3, 5)",6
4297,conv2d_14,"(1, 0, 0, 45)",15
4298,conv2d_14,"(1, 2, 46, 5)",1
4299,conv2d_14,"(2, 1, 39, 34)",5
4300,conv2d_14,"(2, 0, 22, 23)",3
4301,conv2d_14,"(2, 0, 0, 49)",22
4302,conv2d_14,"(2, 2, 26, 53)",24
4303,conv2d_14,"(2, 0, 22, 31)",31
4304,conv2d_14,"(2, 1, 23, 44)",28
4305,conv2d_14,"(0, 1, 44, 20)",2
4306,conv2d_14,"(2, 2, 54, 57)",17
4307,conv2d_14,"(1, 2, 51, 56)",26
4308,conv2d_14,"(1, 1, 32, 38)",6
4309,conv2d_14,"(0, 2, 27, 12)",31
4310,conv2d_14,"(1, 0, 48, 0)",7
4311,conv2d_14,"(0, 0, 4, 2)",17
4312,conv2d_14,"(0, 0, 54, 51)",1
4313,conv2d_14,"(0, 0, 28, 50)",28
4314,conv2d_14,"(2, 1, 25, 37)",20
4315,conv2d_14,"(2, 2, 54, 16)",30
4316,conv2d_14,"(2, 0, 24, 1)",6
4317,conv2d_14,"(2, 0, 40, 17)",22
4318,conv2d_14,"(2, 2, 18, 34)",30
4319,conv2d_14,"(1, 1, 19, 37)",12
4320,conv2d_14,"(2, 1, 5, 18)",5
4321,conv2d_14,"(1, 0, 39, 14)",25
4322,conv2d_14,"(2, 2, 17, 40)",1
4323,conv2d_14,"(1, 1, 14, 17)",15
4324,conv2d_14,"(0, 2, 33, 52)",1
4325,conv2d_14,"(0, 1, 10, 34)",9
4326,conv2d_14,"(1, 0, 26, 0)",18
4327,conv2d_14,"(1, 0, 4, 38)",28
4328,conv2d_14,"(2, 0, 19, 24)",19
4329,conv2d_14,"(2, 2, 53, 45)",0
4330,conv2d_14,"(0, 0, 4, 39)",0
4331,conv2d_14,"(0, 0, 12, 49)",27
4332,conv2d_14,"(0, 2, 39, 10)",13
4333,conv2d_14,"(2, 0, 57, 12)",18
4334,conv2d_14,"(2, 2, 6, 30)",17
4335,conv2d_14,"(2, 0, 24, 55)",28
4336,conv2d_14,"(0, 0, 29, 17)",5
4337,conv2d_14,"(1, 1, 19, 7)",24
4338,conv2d_14,"(1, 1, 62, 31)",26
4339,conv2d_14,"(1, 2, 41, 14)",15
4340,conv2d_14,"(0, 0, 37, 53)",28
4341,conv2d_14,"(1, 0, 33, 52)",5
4342,conv2d_14,"(0, 0, 39, 2)",5
4343,conv2d_14,"(0, 0, 47, 53)",9
4344,conv2d_14,"(0, 0, 45, 52)",11
4345,conv2d_14,"(1, 1, 51, 57)",23
4346,conv2d_14,"(0, 2, 3, 17)",13
4347,conv2d_14,"(0, 1, 20, 25)",10
4348,conv2d_14,"(1, 1, 25, 38)",11
4349,conv2d_14,"(0, 2, 32, 1)",16
4350,conv2d_14,"(0, 0, 34, 60)",19
4351,conv2d_14,"(1, 2, 32, 26)",19
4352,conv2d_14,"(2, 2, 40, 57)",20
4353,conv2d_14,"(1, 2, 9, 53)",12
4354,conv2d_14,"(1, 1, 31, 57)",7
4355,conv2d_14,"(2, 1, 14, 38)",0
4356,conv2d_14,"(0, 2, 22, 56)",28
4357,conv2d_14,"(2, 2, 43, 29)",31
4358,conv2d_14,"(0, 2, 7, 14)",27
4359,conv2d_14,"(2, 1, 29, 25)",11
4360,conv2d_14,"(0, 2, 47, 63)",25
4361,conv2d_14,"(2, 1, 3, 21)",7
4362,conv2d_14,"(1, 0, 6, 8)",0
4363,conv2d_14,"(0, 0, 2, 33)",26
4364,conv2d_14,"(0, 0, 32, 27)",27
4365,conv2d_14,"(1, 0, 24, 1)",31
4366,conv2d_14,"(0, 1, 28, 27)",19
4367,conv2d_14,"(0, 1, 63, 44)",1
4368,conv2d_14,"(1, 1, 35, 29)",30
4369,conv2d_14,"(0, 0, 56, 18)",3
4370,conv2d_14,"(0, 0, 2, 31)",6
4371,conv2d_14,"(2, 0, 20, 61)",23
4372,conv2d_14,"(0, 1, 16, 38)",19
4373,conv2d_14,"(2, 1, 7, 56)",19
4374,conv2d_14,"(1, 2, 4, 12)",13
4375,conv2d_14,"(2, 2, 45, 7)",17
4376,conv2d_14,"(0, 1, 43, 48)",28
4377,conv2d_14,"(1, 2, 51, 8)",31
4378,conv2d_14,"(2, 0, 37, 9)",21
4379,conv2d_14,"(2, 2, 55, 7)",3
4380,conv2d_14,"(2, 2, 25, 15)",18
4381,conv2d_14,"(1, 2, 56, 48)",6
4382,conv2d_14,"(2, 2, 5, 24)",16
4383,conv2d_14,"(0, 2, 14, 14)",4
4384,conv2d_14,"(2, 0, 37, 38)",18
4385,conv2d_14,"(0, 2, 60, 50)",17
4386,conv2d_14,"(1, 1, 55, 27)",19
4387,conv2d_14,"(0, 0, 15, 31)",22
4388,conv2d_14,"(2, 1, 40, 12)",23
4389,conv2d_14,"(0, 2, 33, 59)",28
4390,conv2d_14,"(1, 1, 32, 54)",18
4391,conv2d_14,"(1, 1, 46, 56)",19
4392,conv2d_14,"(1, 2, 21, 5)",4
4393,conv2d_14,"(0, 2, 15, 2)",5
4394,conv2d_14,"(0, 1, 22, 43)",6
4395,conv2d_14,"(0, 0, 45, 0)",17
4396,conv2d_14,"(2, 0, 48, 42)",31
4397,conv2d_14,"(2, 0, 8, 44)",30
4398,conv2d_14,"(2, 0, 21, 11)",18
4399,conv2d_14,"(1, 0, 28, 44)",8
4400,conv2d_14,"(1, 0, 23, 14)",1
4401,conv2d_14,"(1, 1, 17, 23)",5
4402,conv2d_14,"(0, 1, 38, 54)",13
4403,conv2d_14,"(0, 0, 60, 40)",18
4404,conv2d_14,"(1, 2, 5, 36)",27
4405,conv2d_14,"(0, 2, 50, 49)",0
4406,conv2d_14,"(0, 2, 29, 36)",13
4407,conv2d_14,"(1, 2, 61, 38)",24
4408,conv2d_14,"(0, 0, 2, 24)",0
4409,conv2d_14,"(0, 2, 52, 59)",13
4410,conv2d_14,"(0, 2, 27, 54)",3
4411,conv2d_14,"(2, 1, 6, 40)",17
4412,conv2d_14,"(2, 0, 40, 24)",23
4413,conv2d_14,"(0, 2, 12, 34)",16
4414,conv2d_14,"(2, 0, 7, 63)",12
4415,conv2d_14,"(0, 2, 0, 38)",2
4416,conv2d_14,"(2, 1, 31, 10)",10
4417,conv2d_14,"(2, 0, 10, 8)",13
4418,conv2d_14,"(0, 1, 7, 46)",12
4419,conv2d_14,"(1, 1, 50, 34)",5
4420,conv2d_14,"(0, 1, 60, 22)",16
4421,conv2d_14,"(1, 2, 63, 6)",13
4422,conv2d_14,"(0, 1, 57, 39)",0
4423,conv2d_14,"(1, 2, 32, 37)",14
4424,conv2d_14,"(2, 1, 4, 38)",18
4425,conv2d_14,"(0, 1, 29, 2)",1
4426,conv2d_14,"(1, 2, 34, 3)",1
4427,conv2d_14,"(0, 2, 52, 32)",10
4428,conv2d_14,"(0, 1, 40, 50)",29
4429,conv2d_14,"(2, 2, 19, 42)",3
4430,conv2d_14,"(1, 2, 26, 30)",2
4431,conv2d_14,"(2, 0, 33, 8)",19
4432,conv2d_14,"(2, 0, 17, 0)",30
4433,conv2d_14,"(1, 2, 48, 55)",10
4434,conv2d_14,"(1, 2, 58, 61)",28
4435,conv2d_14,"(2, 2, 42, 51)",21
4436,conv2d_14,"(1, 2, 47, 12)",0
4437,conv2d_14,"(2, 2, 30, 25)",2
4438,conv2d_14,"(0, 2, 30, 61)",7
4439,conv2d_14,"(1, 1, 62, 57)",13
4440,conv2d_14,"(2, 2, 36, 61)",3
4441,conv2d_14,"(0, 2, 46, 17)",3
4442,conv2d_14,"(0, 2, 35, 33)",24
4443,conv2d_14,"(2, 1, 26, 58)",14
4444,conv2d_14,"(2, 2, 20, 54)",30
4445,conv2d_14,"(2, 0, 43, 44)",24
4446,conv2d_14,"(0, 1, 5, 51)",8
4447,conv2d_14,"(0, 2, 44, 5)",27
4448,conv2d_14,"(1, 1, 2, 32)",2
4449,conv2d_14,"(2, 0, 10, 24)",11
4450,conv2d_14,"(0, 2, 9, 45)",17
4451,conv2d_14,"(0, 1, 4, 32)",8
4452,conv2d_14,"(1, 1, 57, 60)",10
4453,conv2d_14,"(0, 2, 4, 39)",12
4454,conv2d_14,"(2, 0, 50, 22)",9
4455,conv2d_14,"(2, 1, 51, 59)",8
4456,conv2d_14,"(1, 0, 60, 8)",2
4457,conv2d_14,"(2, 0, 60, 13)",9
4458,conv2d_14,"(1, 0, 50, 41)",31
4459,conv2d_14,"(1, 2, 56, 43)",10
4460,conv2d_14,"(1, 1, 7, 5)",26
4461,conv2d_14,"(0, 1, 8, 29)",24
4462,conv2d_14,"(1, 2, 58, 3)",19
4463,conv2d_14,"(0, 1, 56, 10)",13
4464,conv2d_14,"(0, 2, 9, 11)",11
4465,conv2d_14,"(1, 0, 22, 7)",31
4466,conv2d_14,"(1, 0, 25, 50)",20
4467,conv2d_14,"(1, 0, 18, 9)",15
4468,conv2d_14,"(2, 2, 60, 9)",28
4469,conv2d_14,"(0, 0, 14, 44)",2
4470,conv2d_14,"(1, 1, 6, 12)",25
4471,conv2d_14,"(1, 0, 25, 19)",1
4472,conv2d_14,"(0, 1, 41, 27)",7
4473,conv2d_14,"(0, 2, 14, 60)",29
4474,conv2d_14,"(1, 2, 6, 55)",16
4475,conv2d_14,"(1, 1, 4, 28)",25
4476,conv2d_14,"(2, 1, 3, 18)",10
4477,conv2d_14,"(0, 0, 4, 12)",13
4478,conv2d_14,"(2, 2, 14, 46)",6
4479,conv2d_14,"(2, 1, 37, 56)",20
4480,conv2d_14,"(1, 0, 39, 46)",4
4481,conv2d_14,"(2, 2, 22, 54)",30
4482,conv2d_14,"(1, 2, 40, 8)",13
4483,conv2d_14,"(1, 1, 52, 43)",7
4484,conv2d_14,"(1, 0, 11, 41)",5
4485,conv2d_14,"(2, 1, 17, 44)",1
4486,conv2d_15,"(0, 1, 19, 6)",4
4487,conv2d_15,"(1, 1, 58, 14)",25
4488,conv2d_15,"(1, 0, 37, 60)",9
4489,conv2d_15,"(1, 2, 58, 42)",4
4490,conv2d_15,"(1, 0, 43, 37)",7
4491,conv2d_15,"(0, 0, 48, 41)",24
4492,conv2d_15,"(0, 0, 17, 38)",25
4493,conv2d_15,"(0, 2, 11, 40)",17
4494,conv2d_15,"(0, 0, 29, 50)",14
4495,conv2d_15,"(1, 2, 27, 57)",27
4496,conv2d_15,"(2, 1, 57, 10)",4
4497,conv2d_15,"(1, 2, 42, 19)",2
4498,conv2d_15,"(0, 1, 29, 36)",29
4499,conv2d_15,"(1, 2, 56, 4)",8
4500,conv2d_15,"(2, 2, 55, 51)",20
4501,conv2d_15,"(1, 1, 43, 51)",14
4502,conv2d_15,"(2, 1, 51, 49)",26
4503,conv2d_15,"(0, 1, 51, 44)",30
4504,conv2d_15,"(0, 2, 18, 9)",27
4505,conv2d_15,"(1, 1, 12, 19)",12
4506,conv2d_15,"(0, 0, 49, 29)",20
4507,conv2d_15,"(1, 0, 41, 60)",1
4508,conv2d_15,"(0, 1, 36, 14)",18
4509,conv2d_15,"(1, 0, 13, 30)",15
4510,conv2d_15,"(0, 1, 44, 29)",3
4511,conv2d_15,"(2, 0, 41, 26)",23
4512,conv2d_15,"(0, 2, 11, 3)",28
4513,conv2d_15,"(1, 1, 0, 62)",1
4514,conv2d_15,"(0, 2, 6, 33)",0
4515,conv2d_15,"(1, 0, 36, 1)",26
4516,conv2d_15,"(1, 1, 24, 48)",13
4517,conv2d_15,"(0, 1, 42, 61)",1
4518,conv2d_15,"(1, 1, 10, 10)",30
4519,conv2d_15,"(0, 1, 4, 11)",17
4520,conv2d_15,"(1, 0, 17, 59)",15
4521,conv2d_15,"(0, 1, 23, 18)",27
4522,conv2d_15,"(2, 0, 54, 44)",28
4523,conv2d_15,"(2, 1, 6, 30)",15
4524,conv2d_15,"(2, 2, 4, 9)",20
4525,conv2d_15,"(1, 1, 5, 48)",17
4526,conv2d_15,"(0, 2, 36, 6)",21
4527,conv2d_15,"(0, 1, 1, 59)",29
4528,conv2d_15,"(1, 2, 33, 18)",1
4529,conv2d_15,"(2, 2, 15, 18)",5
4530,conv2d_15,"(0, 1, 35, 18)",5
4531,conv2d_15,"(0, 0, 1, 15)",5
4532,conv2d_15,"(0, 0, 25, 15)",12
4533,conv2d_15,"(2, 1, 27, 45)",23
4534,conv2d_15,"(1, 1, 21, 43)",26
4535,conv2d_15,"(1, 1, 12, 28)",27
4536,conv2d_15,"(2, 0, 22, 61)",4
4537,conv2d_15,"(0, 1, 21, 17)",18
4538,conv2d_15,"(2, 2, 53, 29)",16
4539,conv2d_15,"(0, 1, 11, 35)",27
4540,conv2d_15,"(2, 1, 32, 61)",18
4541,conv2d_15,"(0, 1, 38, 48)",27
4542,conv2d_15,"(0, 1, 55, 7)",1
4543,conv2d_15,"(1, 2, 48, 37)",10
4544,conv2d_15,"(0, 1, 41, 58)",30
4545,conv2d_15,"(2, 2, 13, 25)",17
4546,conv2d_15,"(0, 2, 18, 29)",22
4547,conv2d_15,"(2, 2, 28, 35)",29
4548,conv2d_15,"(2, 0, 59, 14)",4
4549,conv2d_15,"(1, 2, 25, 21)",5
4550,conv2d_15,"(2, 2, 3, 62)",21
4551,conv2d_15,"(2, 0, 40, 14)",3
4552,conv2d_15,"(1, 2, 30, 31)",16
4553,conv2d_15,"(2, 2, 20, 7)",31
4554,conv2d_15,"(2, 1, 49, 12)",28
4555,conv2d_15,"(2, 1, 40, 4)",0
4556,conv2d_15,"(1, 0, 53, 3)",0
4557,conv2d_15,"(1, 1, 23, 10)",11
4558,conv2d_15,"(0, 0, 63, 62)",7
4559,conv2d_15,"(0, 1, 27, 52)",3
4560,conv2d_15,"(0, 1, 44, 40)",22
4561,conv2d_15,"(2, 1, 35, 11)",21
4562,conv2d_15,"(2, 2, 29, 53)",26
4563,conv2d_15,"(1, 2, 56, 30)",29
4564,conv2d_15,"(1, 2, 52, 17)",19
4565,conv2d_15,"(2, 2, 40, 49)",25
4566,conv2d_15,"(2, 1, 31, 55)",21
4567,conv2d_15,"(1, 2, 45, 1)",12
4568,conv2d_15,"(2, 1, 42, 35)",3
4569,conv2d_15,"(2, 1, 12, 7)",25
4570,conv2d_15,"(0, 2, 15, 30)",0
4571,conv2d_15,"(2, 2, 57, 14)",28
4572,conv2d_15,"(1, 2, 32, 59)",14
4573,conv2d_15,"(2, 1, 60, 49)",27
4574,conv2d_15,"(0, 1, 1, 43)",17
4575,conv2d_15,"(0, 2, 16, 57)",20
4576,conv2d_15,"(2, 1, 17, 45)",12
4577,conv2d_15,"(0, 0, 13, 13)",24
4578,conv2d_15,"(0, 1, 41, 54)",3
4579,conv2d_15,"(2, 2, 9, 40)",16
4580,conv2d_15,"(2, 0, 53, 53)",31
4581,conv2d_15,"(1, 1, 42, 45)",23
4582,conv2d_15,"(2, 1, 36, 20)",27
4583,conv2d_15,"(1, 1, 55, 42)",8
4584,conv2d_15,"(0, 1, 30, 17)",3
4585,conv2d_15,"(2, 1, 61, 6)",26
4586,conv2d_15,"(1, 1, 19, 24)",8
4587,conv2d_15,"(0, 1, 24, 55)",30
4588,conv2d_15,"(1, 1, 35, 8)",10
4589,conv2d_15,"(0, 1, 30, 11)",14
4590,conv2d_15,"(2, 1, 14, 25)",23
4591,conv2d_15,"(0, 1, 39, 33)",26
4592,conv2d_15,"(0, 0, 5, 52)",14
4593,conv2d_15,"(0, 0, 32, 50)",3
4594,conv2d_15,"(0, 2, 42, 33)",9
4595,conv2d_15,"(2, 0, 51, 3)",17
4596,conv2d_15,"(1, 2, 47, 14)",7
4597,conv2d_15,"(2, 0, 35, 5)",21
4598,conv2d_15,"(1, 2, 21, 8)",17
4599,conv2d_15,"(0, 0, 2, 36)",22
4600,conv2d_15,"(1, 1, 52, 13)",29
4601,conv2d_15,"(1, 0, 3, 14)",0
4602,conv2d_15,"(2, 2, 43, 22)",4
4603,conv2d_15,"(2, 2, 43, 9)",10
4604,conv2d_15,"(2, 2, 7, 36)",21
4605,conv2d_15,"(0, 2, 51, 48)",6
4606,conv2d_15,"(2, 1, 57, 22)",9
4607,conv2d_15,"(1, 0, 11, 26)",2
4608,conv2d_15,"(0, 2, 40, 29)",14
4609,conv2d_15,"(0, 0, 29, 2)",28
4610,conv2d_15,"(0, 0, 23, 15)",21
4611,conv2d_15,"(1, 2, 3, 51)",29
4612,conv2d_15,"(1, 0, 39, 39)",16
4613,conv2d_15,"(2, 2, 28, 15)",11
4614,conv2d_15,"(0, 2, 23, 38)",6
4615,conv2d_15,"(0, 0, 33, 38)",21
4616,conv2d_15,"(1, 2, 37, 17)",10
4617,conv2d_15,"(2, 0, 41, 49)",5
4618,conv2d_15,"(0, 0, 53, 63)",24
4619,conv2d_15,"(1, 1, 40, 36)",5
4620,conv2d_15,"(0, 0, 14, 6)",29
4621,conv2d_15,"(1, 0, 47, 11)",27
4622,conv2d_15,"(2, 0, 6, 26)",17
4623,conv2d_15,"(2, 2, 57, 30)",5
4624,conv2d_15,"(1, 0, 33, 38)",1
4625,conv2d_15,"(2, 2, 44, 38)",21
4626,conv2d_15,"(0, 1, 55, 29)",20
4627,conv2d_15,"(2, 1, 63, 3)",24
4628,conv2d_15,"(0, 0, 63, 56)",3
4629,conv2d_15,"(2, 0, 6, 0)",22
4630,conv2d_15,"(0, 0, 62, 57)",0
4631,conv2d_15,"(1, 1, 56, 21)",22
4632,conv2d_15,"(2, 2, 48, 51)",12
4633,conv2d_15,"(1, 0, 32, 56)",13
4634,conv2d_15,"(2, 0, 62, 2)",1
4635,conv2d_15,"(1, 1, 8, 37)",24
4636,conv2d_15,"(1, 2, 23, 50)",24
4637,conv2d_15,"(0, 0, 37, 11)",16
4638,conv2d_15,"(0, 0, 58, 55)",29
4639,conv2d_15,"(2, 2, 1, 24)",30
4640,conv2d_15,"(1, 1, 20, 18)",28
4641,conv2d_15,"(1, 0, 13, 28)",25
4642,conv2d_15,"(0, 2, 18, 26)",16
4643,conv2d_15,"(2, 0, 0, 39)",26
4644,conv2d_15,"(2, 2, 52, 14)",1
4645,conv2d_15,"(2, 1, 30, 47)",24
4646,conv2d_15,"(0, 0, 47, 19)",19
4647,conv2d_15,"(1, 1, 61, 7)",19
4648,conv2d_15,"(0, 0, 14, 12)",11
4649,conv2d_15,"(1, 2, 40, 16)",20
4650,conv2d_15,"(0, 2, 43, 54)",20
4651,conv2d_15,"(1, 1, 15, 55)",2
4652,conv2d_15,"(0, 0, 30, 50)",24
4653,conv2d_15,"(1, 1, 11, 44)",17
4654,conv2d_15,"(2, 0, 47, 26)",10
4655,conv2d_15,"(1, 0, 44, 57)",2
4656,conv2d_15,"(2, 1, 40, 54)",13
4657,conv2d_15,"(0, 2, 57, 6)",2
4658,conv2d_15,"(1, 2, 45, 23)",22
4659,conv2d_15,"(1, 1, 55, 39)",8
4660,conv2d_15,"(1, 2, 9, 46)",28
4661,conv2d_15,"(2, 2, 21, 51)",4
4662,conv2d_15,"(1, 0, 29, 22)",9
4663,conv2d_15,"(1, 2, 30, 59)",5
4664,conv2d_15,"(2, 2, 39, 17)",12
4665,conv2d_15,"(1, 0, 31, 6)",15
4666,conv2d_15,"(0, 0, 2, 1)",10
4667,conv2d_15,"(0, 2, 59, 43)",19
4668,conv2d_15,"(0, 1, 38, 24)",28
4669,conv2d_15,"(1, 1, 7, 52)",23
4670,conv2d_15,"(1, 2, 63, 49)",15
4671,conv2d_15,"(0, 1, 50, 10)",9
4672,conv2d_15,"(2, 0, 7, 56)",1
4673,conv2d_15,"(0, 0, 32, 26)",14
4674,conv2d_15,"(1, 1, 57, 37)",13
4675,conv2d_15,"(0, 0, 0, 24)",0
4676,conv2d_15,"(1, 0, 44, 52)",30
4677,conv2d_15,"(2, 1, 14, 9)",4
4678,conv2d_15,"(0, 0, 43, 5)",2
4679,conv2d_15,"(2, 0, 56, 51)",20
4680,conv2d_15,"(1, 0, 22, 44)",3
4681,conv2d_15,"(1, 2, 57, 25)",31
4682,conv2d_15,"(0, 0, 18, 37)",24
4683,conv2d_15,"(0, 2, 48, 21)",19
4684,conv2d_15,"(0, 0, 63, 13)",23
4685,conv2d_15,"(2, 0, 1, 24)",22
4686,conv2d_15,"(2, 0, 15, 5)",7
4687,conv2d_15,"(2, 0, 25, 40)",15
4688,conv2d_15,"(0, 1, 62, 0)",19
4689,conv2d_15,"(1, 0, 33, 1)",17
4690,conv2d_15,"(2, 0, 19, 28)",18
4691,conv2d_15,"(0, 2, 55, 10)",7
4692,conv2d_15,"(0, 2, 49, 46)",19
4693,conv2d_15,"(2, 2, 47, 6)",15
4694,conv2d_15,"(0, 1, 56, 42)",27
4695,conv2d_15,"(0, 0, 54, 17)",2
4696,conv2d_15,"(0, 0, 22, 63)",29
4697,conv2d_15,"(2, 0, 51, 2)",20
4698,conv2d_15,"(1, 0, 12, 9)",26
4699,conv2d_15,"(2, 1, 8, 17)",30
4700,conv2d_15,"(0, 1, 63, 57)",26
4701,conv2d_15,"(1, 0, 45, 44)",25
4702,conv2d_15,"(1, 1, 25, 28)",17
4703,conv2d_15,"(0, 1, 5, 56)",6
4704,conv2d_15,"(1, 1, 25, 36)",14
4705,conv2d_15,"(1, 0, 5, 7)",14
4706,conv2d_15,"(2, 1, 16, 47)",10
4707,conv2d_15,"(1, 2, 36, 44)",6
4708,conv2d_15,"(1, 0, 11, 14)",20
4709,conv2d_15,"(2, 0, 54, 12)",13
4710,conv2d_15,"(1, 0, 10, 48)",11
4711,conv2d_15,"(2, 2, 19, 35)",16
4712,conv2d_15,"(2, 2, 21, 35)",19
4713,conv2d_15,"(0, 2, 54, 48)",10
4714,conv2d_15,"(1, 1, 29, 47)",20
4715,conv2d_15,"(0, 2, 26, 43)",13
4716,conv2d_15,"(1, 1, 4, 45)",14
4717,conv2d_15,"(1, 2, 58, 57)",17
4718,conv2d_15,"(1, 0, 33, 53)",11
4719,conv2d_15,"(0, 1, 52, 46)",26
4720,conv2d_15,"(1, 2, 1, 15)",8
4721,conv2d_15,"(2, 1, 23, 57)",3
4722,conv2d_15,"(1, 0, 48, 3)",3
4723,conv2d_15,"(1, 0, 58, 47)",2
4724,conv2d_15,"(1, 2, 38, 10)",24
4725,conv2d_15,"(0, 0, 25, 34)",22
4726,conv2d_15,"(2, 0, 55, 41)",14
4727,conv2d_15,"(2, 2, 43, 15)",8
4728,conv2d_15,"(1, 2, 12, 21)",13
4729,conv2d_15,"(1, 0, 21, 48)",31
4730,conv2d_15,"(2, 1, 17, 38)",9
4731,conv2d_15,"(0, 0, 58, 24)",12
4732,conv2d_15,"(1, 1, 41, 27)",9
4733,conv2d_15,"(1, 2, 16, 52)",30
4734,conv2d_15,"(0, 0, 11, 35)",8
4735,conv2d_15,"(0, 1, 14, 54)",31
4736,conv2d_15,"(1, 0, 37, 24)",14
4737,conv2d_15,"(1, 0, 58, 6)",27
4738,conv2d_15,"(2, 2, 9, 22)",19
4739,conv2d_15,"(2, 1, 43, 8)",30
4740,conv2d_15,"(0, 0, 33, 3)",23
4741,conv2d_15,"(1, 0, 58, 40)",11
4742,conv2d_15,"(0, 0, 9, 9)",1
4743,conv2d_15,"(0, 0, 12, 28)",0
4744,conv2d_15,"(1, 1, 31, 63)",23
4745,conv2d_15,"(0, 1, 13, 18)",9
4746,conv2d_15,"(0, 0, 44, 8)",15
4747,conv2d_15,"(0, 1, 33, 45)",28
4748,conv2d_15,"(1, 0, 56, 40)",23
4749,conv2d_15,"(1, 0, 55, 46)",1
4750,conv2d_15,"(0, 0, 58, 59)",8
4751,conv2d_15,"(0, 1, 58, 48)",3
4752,conv2d_15,"(0, 2, 0, 56)",19
4753,conv2d_15,"(2, 1, 0, 11)",2
4754,conv2d_15,"(2, 0, 21, 10)",16
4755,conv2d_15,"(1, 0, 45, 23)",5
4756,conv2d_15,"(1, 2, 0, 33)",19
4757,conv2d_15,"(0, 0, 63, 44)",21
4758,conv2d_15,"(0, 0, 24, 19)",18
4759,conv2d_15,"(2, 2, 9, 11)",21
4760,conv2d_15,"(1, 0, 44, 55)",4
4761,conv2d_15,"(2, 0, 35, 4)",19
4762,conv2d_15,"(0, 0, 9, 30)",25
4763,conv2d_15,"(2, 0, 55, 45)",10
4764,conv2d_15,"(0, 0, 42, 38)",4
4765,conv2d_15,"(2, 1, 45, 39)",25
4766,conv2d_15,"(1, 1, 40, 46)",22
4767,conv2d_15,"(0, 2, 43, 28)",6
4768,conv2d_15,"(0, 0, 33, 17)",30
4769,conv2d_15,"(1, 0, 57, 20)",17
4770,conv2d_15,"(2, 2, 44, 51)",27
4771,conv2d_15,"(0, 0, 47, 56)",21
4772,conv2d_15,"(2, 0, 16, 43)",15
4773,conv2d_15,"(2, 1, 47, 7)",31
4774,conv2d_15,"(0, 1, 28, 27)",14
4775,conv2d_15,"(1, 2, 40, 28)",21
4776,conv2d_15,"(2, 1, 28, 53)",18
4777,conv2d_15,"(2, 1, 30, 57)",25
4778,conv2d_15,"(0, 0, 32, 47)",31
4779,conv2d_15,"(0, 1, 63, 52)",5
4780,conv2d_15,"(2, 0, 43, 54)",29
4781,conv2d_15,"(2, 0, 48, 1)",8
4782,conv2d_15,"(0, 1, 54, 58)",3
4783,conv2d_15,"(0, 1, 63, 46)",31
4784,conv2d_15,"(2, 0, 1, 16)",8
4785,conv2d_15,"(1, 1, 2, 52)",21
4786,conv2d_15,"(0, 1, 23, 61)",24
4787,conv2d_15,"(0, 0, 22, 52)",22
4788,conv2d_15,"(0, 2, 45, 21)",24
4789,conv2d_15,"(2, 1, 20, 9)",2
4790,conv2d_15,"(1, 0, 10, 60)",1
4791,conv2d_15,"(0, 1, 0, 32)",12
4792,conv2d_15,"(2, 2, 12, 2)",20
4793,conv2d_15,"(0, 2, 12, 57)",13
4794,conv2d_15,"(2, 0, 55, 48)",17
4795,conv2d_15,"(1, 1, 42, 29)",19
4796,conv2d_15,"(0, 0, 27, 25)",31
4797,conv2d_15,"(2, 2, 8, 59)",9
4798,conv2d_15,"(2, 0, 13, 33)",8
4799,conv2d_15,"(0, 2, 50, 50)",1
4800,conv2d_15,"(1, 1, 37, 32)",0
4801,conv2d_15,"(2, 1, 51, 30)",22
4802,conv2d_15,"(1, 0, 14, 39)",4
4803,conv2d_15,"(2, 2, 59, 46)",4
4804,conv2d_15,"(1, 2, 43, 30)",18
4805,conv2d_15,"(1, 2, 53, 42)",11
4806,conv2d_15,"(2, 0, 46, 17)",28
4807,conv2d_15,"(2, 1, 10, 26)",31
4808,conv2d_15,"(0, 2, 9, 50)",18
4809,conv2d_15,"(1, 0, 3, 37)",18
4810,conv2d_15,"(1, 1, 16, 11)",9
4811,conv2d_15,"(0, 1, 61, 14)",27
4812,conv2d_15,"(1, 0, 32, 27)",28
4813,conv2d_15,"(1, 2, 30, 28)",22
4814,conv2d_15,"(2, 2, 43, 39)",22
4815,conv2d_15,"(1, 0, 10, 8)",14
4816,conv2d_15,"(1, 1, 15, 24)",17
4817,conv2d_15,"(2, 0, 36, 39)",4
4818,conv2d_15,"(2, 0, 6, 1)",2
4819,conv2d_15,"(0, 0, 4, 51)",0
4820,conv2d_15,"(2, 1, 15, 50)",5
4821,conv2d_15,"(2, 1, 28, 41)",2
4822,conv2d_15,"(0, 2, 16, 5)",12
4823,conv2d_15,"(0, 2, 1, 22)",24
4824,conv2d_15,"(2, 1, 25, 4)",29
4825,conv2d_15,"(2, 0, 54, 27)",9
4826,conv2d_15,"(0, 0, 36, 42)",25
4827,conv2d_15,"(0, 1, 62, 39)",8
4828,conv2d_15,"(0, 2, 31, 33)",13
4829,conv2d_15,"(1, 2, 57, 41)",13
4830,conv2d_15,"(1, 2, 52, 57)",3
4831,conv2d_15,"(2, 1, 31, 43)",30
4832,conv2d_15,"(2, 2, 36, 47)",29
4833,conv2d_15,"(2, 0, 25, 35)",12
4834,conv2d_15,"(1, 2, 52, 6)",3
4835,conv2d_15,"(2, 0, 57, 52)",20
4836,conv2d_15,"(0, 0, 24, 50)",31
4837,conv2d_15,"(2, 1, 38, 48)",31
4838,conv2d_15,"(2, 2, 3, 59)",15
4839,conv2d_15,"(0, 0, 21, 36)",26
4840,conv2d_15,"(1, 1, 39, 26)",13
4841,conv2d_15,"(1, 2, 32, 16)",6
4842,conv2d_15,"(0, 2, 23, 53)",16
4843,conv2d_15,"(1, 1, 22, 11)",24
4844,conv2d_15,"(0, 2, 15, 46)",15
4845,conv2d_15,"(2, 2, 31, 60)",5
4846,conv2d_15,"(2, 1, 28, 58)",13
4847,conv2d_15,"(1, 2, 54, 54)",25
4848,conv2d_15,"(1, 1, 7, 60)",5
4849,conv2d_15,"(1, 0, 9, 29)",8
4850,conv2d_15,"(0, 0, 7, 2)",16
4851,conv2d_15,"(1, 1, 30, 26)",5
4852,conv2d_15,"(0, 0, 5, 24)",11
4853,conv2d_15,"(0, 0, 63, 60)",26
4854,conv2d_15,"(1, 2, 28, 54)",16
4855,conv2d_15,"(2, 1, 18, 19)",18
4856,conv2d_15,"(1, 0, 17, 7)",15
4857,conv2d_15,"(1, 0, 54, 43)",11
4858,conv2d_15,"(2, 2, 44, 18)",7
4859,conv2d_15,"(0, 0, 40, 61)",6
4860,conv2d_15,"(1, 1, 63, 51)",17
4861,conv2d_15,"(2, 2, 35, 12)",28
4862,conv2d_15,"(0, 2, 53, 22)",5
4863,conv2d_15,"(2, 2, 55, 26)",30
4864,conv2d_15,"(2, 1, 56, 43)",15
4865,conv2d_15,"(2, 1, 24, 63)",9
4866,conv2d_15,"(0, 2, 52, 8)",20
4867,conv2d_15,"(1, 1, 14, 60)",29
4868,conv2d_15,"(0, 0, 33, 34)",25
4869,conv2d_15,"(0, 2, 26, 23)",24
4870,conv2d_15,"(0, 2, 23, 8)",26
4871,conv2d_15,"(0, 2, 14, 40)",0
4872,conv2d_15,"(0, 1, 7, 37)",15
4873,conv2d_15,"(1, 2, 11, 24)",0
4874,conv2d_15,"(1, 2, 37, 48)",21
4875,conv2d_15,"(2, 0, 5, 28)",18
4876,conv2d_15,"(0, 0, 54, 62)",6
4877,conv2d_15,"(1, 0, 38, 44)",29
4878,conv2d_15,"(1, 1, 10, 15)",18
4879,conv2d_15,"(0, 2, 20, 62)",12
4880,conv2d_15,"(1, 1, 30, 54)",9
4881,conv2d_15,"(2, 0, 55, 61)",25
4882,conv2d_15,"(2, 1, 30, 36)",14
4883,conv2d_15,"(1, 1, 17, 60)",21
4884,conv2d_15,"(2, 2, 5, 25)",21
4885,conv2d_15,"(2, 1, 1, 47)",23
4886,conv2d_15,"(2, 1, 2, 17)",26
4887,conv2d_15,"(0, 2, 57, 9)",2
4888,conv2d_15,"(1, 2, 30, 9)",15
4889,conv2d_15,"(0, 0, 17, 16)",26
4890,conv2d_15,"(1, 1, 54, 35)",14
4891,conv2d_15,"(2, 2, 44, 16)",5
4892,conv2d_15,"(1, 0, 54, 34)",3
4893,conv2d_15,"(1, 1, 21, 41)",14
4894,conv2d_15,"(2, 0, 3, 16)",6
4895,conv2d_15,"(0, 0, 23, 51)",11
4896,conv2d_15,"(1, 2, 60, 19)",16
4897,conv2d_15,"(1, 1, 10, 51)",14
4898,conv2d_15,"(2, 0, 36, 49)",5
4899,conv2d_15,"(1, 2, 13, 31)",10
4900,conv2d_15,"(2, 1, 55, 15)",31
4901,conv2d_15,"(1, 0, 14, 13)",20
4902,conv2d_15,"(0, 1, 23, 55)",8
4903,conv2d_15,"(1, 0, 23, 59)",16
4904,conv2d_15,"(0, 0, 6, 35)",4
4905,conv2d_15,"(0, 1, 40, 4)",23
4906,conv2d_15,"(1, 0, 58, 39)",22
4907,conv2d_15,"(1, 1, 55, 46)",16
4908,conv2d_15,"(1, 1, 13, 36)",14
4909,conv2d_15,"(0, 2, 45, 9)",6
4910,conv2d_15,"(1, 0, 27, 39)",29
4911,conv2d_15,"(1, 0, 38, 26)",4
4912,conv2d_15,"(1, 1, 34, 44)",19
4913,conv2d_15,"(2, 0, 55, 22)",14
4914,conv2d_15,"(2, 1, 23, 17)",7
4915,conv2d_15,"(0, 2, 41, 13)",10
4916,conv2d_15,"(1, 1, 38, 25)",30
4917,conv2d_15,"(2, 2, 17, 7)",28
4918,conv2d_15,"(0, 2, 1, 45)",22
4919,conv2d_15,"(2, 0, 55, 59)",13
4920,conv2d_15,"(0, 0, 12, 16)",9
4921,conv2d_15,"(0, 2, 20, 53)",4
4922,conv2d_15,"(1, 1, 11, 11)",30
4923,conv2d_15,"(0, 0, 17, 39)",3
4924,conv2d_15,"(1, 0, 12, 36)",16
4925,conv2d_15,"(1, 1, 14, 10)",23
4926,conv2d_15,"(0, 2, 34, 27)",9
4927,conv2d_15,"(2, 2, 50, 60)",9
4928,conv2d_15,"(1, 1, 18, 6)",3
4929,conv2d_15,"(0, 0, 26, 54)",29
4930,conv2d_15,"(0, 1, 42, 49)",17
4931,conv2d_15,"(0, 1, 61, 7)",22
4932,conv2d_15,"(0, 1, 18, 31)",17
4933,conv2d_15,"(2, 1, 60, 36)",24
4934,conv2d_15,"(0, 1, 50, 1)",24
4935,conv2d_15,"(2, 1, 25, 61)",2
4936,conv2d_15,"(1, 1, 40, 51)",5
4937,conv2d_15,"(2, 0, 58, 13)",10
4938,conv2d_15,"(0, 2, 37, 24)",8
4939,conv2d_15,"(0, 0, 10, 47)",18
4940,conv2d_15,"(0, 0, 34, 10)",14
4941,conv2d_15,"(1, 1, 34, 13)",4
4942,conv2d_15,"(2, 1, 13, 42)",11
4943,conv2d_15,"(0, 1, 17, 45)",27
4944,conv2d_15,"(0, 0, 50, 26)",5
4945,conv2d_15,"(2, 1, 62, 30)",24
4946,conv2d_15,"(2, 2, 16, 60)",10
4947,conv2d_15,"(1, 0, 53, 4)",17
4948,conv2d_15,"(1, 0, 14, 52)",13
4949,conv2d_15,"(1, 1, 30, 5)",27
4950,conv2d_15,"(2, 0, 21, 54)",12
4951,conv2d_15,"(1, 1, 19, 38)",12
4952,conv2d_15,"(2, 1, 53, 52)",26
4953,conv2d_15,"(2, 1, 27, 35)",6
4954,conv2d_15,"(1, 2, 54, 4)",24
4955,conv2d_15,"(2, 1, 59, 19)",29
4956,conv2d_15,"(2, 0, 10, 48)",3
4957,conv2d_15,"(1, 0, 1, 60)",20
4958,conv2d_15,"(1, 1, 35, 4)",14
4959,conv2d_15,"(1, 2, 37, 35)",29
4960,conv2d_15,"(1, 0, 34, 2)",0
4961,conv2d_15,"(1, 2, 41, 62)",26
4962,conv2d_15,"(0, 2, 21, 60)",23
4963,conv2d_15,"(1, 1, 36, 28)",4
4964,conv2d_15,"(1, 0, 33, 47)",26
4965,conv2d_15,"(2, 0, 9, 62)",6
4966,conv2d_15,"(0, 0, 12, 7)",24
4967,conv2d_15,"(0, 0, 31, 36)",14
4968,conv2d_15,"(1, 2, 38, 15)",31
4969,conv2d_15,"(2, 0, 12, 55)",28
4970,conv2d_15,"(0, 0, 39, 35)",11
4971,conv2d_15,"(1, 2, 2, 29)",7
4972,conv2d_15,"(0, 0, 20, 39)",24
4973,conv2d_15,"(1, 2, 51, 43)",29
4974,conv2d_15,"(2, 1, 10, 44)",3
4975,conv2d_15,"(2, 0, 0, 15)",10
4976,conv2d_15,"(2, 1, 26, 46)",0
4977,conv2d_15,"(2, 1, 59, 11)",18
4978,conv2d_15,"(2, 2, 61, 15)",6
4979,conv2d_15,"(0, 1, 62, 44)",1
4980,conv2d_15,"(0, 0, 9, 6)",13
4981,conv2d_15,"(2, 2, 3, 5)",9
4982,conv2d_15,"(1, 0, 51, 19)",13
4983,conv2d_15,"(0, 1, 40, 57)",4
4984,conv2d_15,"(0, 2, 13, 54)",7
4985,conv2d_15,"(0, 2, 12, 32)",14
4986,conv2d_15,"(1, 2, 7, 52)",23
4987,conv2d_15,"(0, 1, 34, 48)",6
4988,conv2d_15,"(1, 0, 7, 44)",22
4989,conv2d_15,"(1, 2, 2, 52)",14
4990,conv2d_15,"(0, 1, 28, 42)",5
4991,conv2d_15,"(1, 0, 8, 25)",6
4992,conv2d_15,"(2, 1, 13, 11)",11
4993,conv2d_15,"(2, 0, 18, 54)",16
4994,conv2d_15,"(0, 0, 6, 53)",24
4995,conv2d_15,"(0, 0, 14, 51)",29
4996,conv2d_15,"(1, 1, 19, 26)",3
4997,conv2d_15,"(2, 2, 19, 20)",16
4998,conv2d_15,"(1, 1, 42, 50)",6
4999,conv2d_15,"(0, 0, 3, 50)",25
5000,conv2d_15,"(2, 2, 26, 35)",5
5001,conv2d_15,"(2, 2, 20, 30)",17
5002,conv2d_15,"(2, 1, 5, 36)",21
5003,conv2d_15,"(0, 2, 5, 2)",2
5004,conv2d_15,"(0, 0, 42, 31)",31
5005,conv2d_15,"(2, 0, 3, 25)",12
5006,conv2d_15,"(2, 2, 55, 58)",1
5007,conv2d_15,"(2, 2, 50, 33)",4
5008,conv2d_15,"(0, 1, 0, 20)",28
5009,conv2d_15,"(2, 1, 59, 58)",10
5010,conv2d_15,"(2, 2, 10, 27)",20
5011,conv2d_15,"(2, 0, 24, 3)",9
5012,conv2d_15,"(0, 2, 60, 5)",24
5013,conv2d_15,"(2, 1, 16, 27)",17
5014,conv2d_15,"(1, 0, 6, 46)",22
5015,conv2d_15,"(1, 1, 42, 12)",0
5016,conv2d_15,"(2, 1, 39, 48)",30
5017,conv2d_15,"(1, 2, 13, 1)",10
5018,conv2d_15,"(1, 2, 39, 36)",16
5019,conv2d_15,"(1, 0, 19, 11)",28
5020,conv2d_15,"(2, 1, 3, 49)",9
5021,conv2d_15,"(2, 0, 63, 12)",12
5022,conv2d_15,"(1, 2, 49, 20)",14
5023,conv2d_15,"(1, 2, 39, 29)",10
5024,conv2d_15,"(0, 2, 50, 9)",18
5025,conv2d_15,"(2, 0, 43, 22)",3
5026,conv2d_15,"(1, 1, 60, 50)",27
5027,conv2d_15,"(1, 2, 35, 36)",5
5028,conv2d_15,"(1, 2, 2, 42)",24
5029,conv2d_15,"(2, 1, 34, 33)",17
5030,conv2d_15,"(2, 2, 19, 50)",4
5031,conv2d_15,"(0, 2, 3, 23)",29
5032,conv2d_15,"(0, 2, 27, 18)",5
5033,conv2d_15,"(1, 0, 3, 23)",15
5034,conv2d_15,"(1, 0, 4, 2)",29
5035,conv2d_15,"(2, 1, 35, 26)",7
5036,conv2d_15,"(1, 2, 18, 41)",26
5037,conv2d_15,"(0, 0, 20, 45)",17
5038,conv2d_15,"(0, 0, 19, 6)",27
5039,conv2d_15,"(1, 2, 15, 63)",26
5040,conv2d_15,"(2, 2, 38, 27)",30
5041,conv2d_15,"(2, 0, 62, 0)",13
5042,conv2d_15,"(2, 0, 1, 63)",15
5043,conv2d_15,"(0, 0, 45, 25)",12
5044,conv2d_15,"(2, 1, 23, 24)",7
5045,conv2d_15,"(2, 1, 58, 30)",2
5046,conv2d_15,"(0, 0, 30, 46)",26
5047,conv2d_15,"(2, 2, 44, 0)",27
5048,conv2d_15,"(1, 1, 58, 54)",18
5049,conv2d_15,"(0, 1, 1, 1)",20
5050,conv2d_15,"(0, 1, 11, 51)",23
5051,conv2d_15,"(1, 2, 26, 5)",15
5052,conv2d_15,"(1, 1, 60, 8)",3
5053,conv2d_15,"(1, 2, 52, 10)",21
5054,conv2d_15,"(0, 2, 5, 21)",31
5055,conv2d_15,"(0, 1, 60, 29)",10
5056,conv2d_15,"(1, 1, 18, 21)",26
5057,conv2d_15,"(2, 0, 33, 22)",18
5058,conv2d_15,"(0, 2, 41, 36)",2
5059,conv2d_15,"(0, 1, 39, 25)",15
5060,conv2d_15,"(1, 0, 22, 36)",8
5061,conv2d_15,"(2, 0, 38, 61)",6
5062,conv2d_15,"(1, 0, 36, 13)",29
5063,conv2d_15,"(0, 2, 28, 18)",27
5064,conv2d_15,"(2, 0, 10, 55)",31
5065,conv2d_15,"(1, 0, 11, 35)",29
5066,conv2d_15,"(1, 0, 35, 3)",25
5067,conv2d_15,"(0, 2, 60, 31)",29
5068,conv2d_15,"(2, 1, 7, 37)",0
5069,conv2d_15,"(0, 2, 50, 6)",21
5070,conv2d_15,"(0, 0, 10, 25)",21
5071,conv2d_15,"(2, 0, 29, 48)",13
5072,conv2d_15,"(0, 2, 29, 1)",19
5073,conv2d_15,"(2, 2, 10, 38)",26
5074,conv2d_15,"(1, 0, 41, 13)",18
5075,conv2d_15,"(2, 2, 53, 9)",4
5076,conv2d_15,"(2, 0, 24, 14)",30
5077,conv2d_15,"(2, 0, 47, 61)",5
5078,conv2d_15,"(1, 0, 25, 62)",7
5079,conv2d_15,"(2, 1, 42, 2)",24
5080,conv2d_15,"(2, 2, 11, 24)",24
5081,conv2d_15,"(2, 0, 51, 21)",9
5082,conv2d_15,"(2, 1, 35, 28)",2
5083,conv2d_15,"(0, 2, 59, 25)",12
5084,conv2d_15,"(1, 2, 21, 49)",5
5085,conv2d_15,"(0, 1, 18, 63)",3
5086,conv2d_15,"(0, 1, 24, 0)",2
5087,conv2d_15,"(1, 1, 56, 17)",13
5088,conv2d_15,"(1, 1, 49, 57)",15
5089,conv2d_15,"(0, 1, 48, 26)",29
5090,conv2d_15,"(2, 0, 10, 6)",17
5091,conv2d_15,"(0, 1, 60, 23)",8
5092,conv2d_15,"(0, 2, 34, 24)",17
5093,conv2d_15,"(0, 0, 13, 11)",24
5094,conv2d_15,"(0, 1, 57, 18)",14
5095,conv2d_15,"(1, 2, 8, 50)",28
5096,conv2d_15,"(1, 0, 29, 13)",30
5097,conv2d_15,"(2, 1, 50, 62)",15
5098,conv2d_15,"(2, 2, 13, 31)",1
5099,conv2d_15,"(0, 0, 25, 56)",20
5100,conv2d_15,"(2, 2, 2, 42)",8
5101,conv2d_15,"(1, 2, 51, 54)",19
5102,conv2d_15,"(0, 1, 48, 10)",4
5103,conv2d_15,"(0, 2, 15, 51)",12
5104,conv2d_15,"(2, 1, 4, 2)",19
5105,conv2d_15,"(1, 0, 3, 39)",28
5106,conv2d_15,"(0, 0, 21, 14)",13
5107,conv2d_15,"(0, 2, 35, 48)",25
5108,conv2d_15,"(1, 2, 44, 59)",20
5109,conv2d_15,"(1, 1, 43, 10)",2
5110,conv2d_15,"(1, 1, 32, 56)",18
5111,conv2d_15,"(0, 1, 0, 17)",21
5112,conv2d_15,"(2, 2, 44, 62)",30
5113,conv2d_15,"(1, 1, 34, 54)",31
5114,conv2d_15,"(2, 0, 53, 63)",4
5115,conv2d_15,"(0, 1, 27, 39)",31
5116,conv2d_15,"(0, 1, 18, 57)",21
5117,conv2d_15,"(2, 0, 46, 2)",12
5118,conv2d_15,"(1, 1, 46, 6)",5
5119,conv2d_15,"(2, 2, 48, 18)",13
5120,conv2d_15,"(1, 0, 48, 56)",16
5121,conv2d_15,"(0, 2, 7, 26)",25
5122,conv2d_15,"(1, 1, 28, 3)",24
5123,conv2d_15,"(2, 1, 15, 33)",19
5124,conv2d_15,"(0, 0, 57, 42)",8
5125,conv2d_15,"(2, 0, 56, 12)",7
5126,conv2d_15,"(0, 0, 59, 36)",17
5127,conv2d_15,"(0, 0, 22, 37)",1
5128,conv2d_15,"(2, 2, 23, 18)",30
5129,conv2d_15,"(2, 1, 11, 51)",2
5130,conv2d_15,"(0, 2, 21, 40)",14
5131,conv2d_15,"(1, 0, 52, 44)",8
5132,conv2d_15,"(1, 0, 47, 42)",5
5133,conv2d_15,"(0, 0, 11, 24)",30
5134,conv2d_15,"(0, 2, 17, 21)",17
5135,conv2d_15,"(2, 0, 48, 4)",24
5136,conv2d_15,"(0, 0, 4, 60)",16
5137,conv2d_15,"(0, 2, 24, 5)",3
5138,conv2d_15,"(0, 0, 12, 11)",23
5139,conv2d_15,"(2, 2, 14, 33)",30
5140,conv2d_15,"(0, 1, 30, 25)",21
5141,conv2d_15,"(2, 0, 43, 33)",23
5142,conv2d_15,"(2, 1, 9, 10)",8
5143,conv2d_15,"(1, 1, 20, 62)",5
5144,conv2d_15,"(2, 1, 4, 33)",20
5145,conv2d_15,"(0, 2, 56, 5)",13
5146,conv2d_15,"(1, 2, 20, 23)",17
5147,conv2d_15,"(2, 1, 23, 45)",12
5148,conv2d_15,"(1, 1, 31, 58)",7
5149,conv2d_15,"(1, 1, 50, 21)",21
5150,conv2d_15,"(2, 0, 13, 51)",7
5151,conv2d_15,"(0, 0, 38, 6)",17
5152,conv2d_15,"(1, 0, 1, 48)",0
5153,conv2d_15,"(1, 2, 34, 32)",31
5154,conv2d_15,"(1, 0, 51, 9)",29
5155,conv2d_15,"(1, 2, 48, 60)",4
5156,conv2d_15,"(1, 0, 44, 8)",7
5157,conv2d_15,"(1, 2, 11, 39)",2
5158,conv2d_15,"(1, 2, 20, 19)",14
5159,conv2d_15,"(1, 2, 34, 62)",9
5160,conv2d_15,"(2, 1, 15, 14)",29
5161,conv2d_15,"(1, 0, 27, 37)",25
5162,conv2d_15,"(1, 2, 39, 48)",12
5163,conv2d_15,"(2, 1, 3, 19)",24
5164,conv2d_15,"(0, 1, 32, 35)",20
5165,conv2d_15,"(1, 1, 30, 52)",13
5166,conv2d_15,"(1, 0, 24, 11)",9
5167,conv2d_15,"(2, 1, 25, 48)",19
5168,conv2d_15,"(0, 1, 25, 40)",20
5169,conv2d_15,"(0, 0, 9, 3)",21
5170,conv2d_15,"(2, 2, 28, 63)",19
5171,conv2d_15,"(2, 2, 49, 15)",0
5172,conv2d_15,"(0, 2, 34, 36)",7
5173,conv2d_15,"(1, 2, 39, 19)",11
5174,conv2d_15,"(0, 2, 10, 16)",8
5175,conv2d_15,"(2, 0, 63, 53)",22
5176,conv2d_15,"(0, 2, 17, 10)",29
5177,conv2d_15,"(1, 2, 1, 29)",24
5178,conv2d_15,"(2, 2, 51, 8)",2
5179,conv2d_15,"(1, 2, 35, 28)",2
5180,conv2d_15,"(2, 1, 19, 11)",4
5181,conv2d_15,"(0, 1, 15, 22)",28
5182,conv2d_15,"(2, 0, 43, 24)",23
5183,conv2d_15,"(0, 1, 52, 36)",8
5184,conv2d_15,"(2, 1, 39, 51)",26
5185,conv2d_15,"(2, 2, 23, 45)",0
5186,conv2d_15,"(0, 0, 17, 63)",25
5187,conv2d_15,"(2, 0, 55, 23)",13
5188,conv2d_15,"(1, 0, 37, 43)",19
5189,conv2d_15,"(0, 0, 2, 30)",15
5190,conv2d_15,"(2, 2, 63, 6)",24
5191,conv2d_15,"(1, 0, 16, 46)",23
5192,conv2d_15,"(0, 1, 34, 20)",3
5193,conv2d_15,"(2, 2, 48, 12)",20
5194,conv2d_15,"(0, 0, 31, 2)",1
5195,conv2d_15,"(2, 0, 48, 62)",17
5196,conv2d_15,"(1, 0, 50, 25)",6
5197,conv2d_15,"(1, 1, 54, 30)",11
5198,conv2d_15,"(1, 1, 4, 35)",17
5199,conv2d_15,"(2, 1, 31, 4)",13
5200,conv2d_15,"(2, 1, 45, 59)",21
5201,conv2d_15,"(1, 0, 35, 30)",13
5202,conv2d_15,"(1, 0, 5, 27)",20
5203,conv2d_15,"(1, 1, 54, 5)",8
5204,conv2d_15,"(0, 2, 27, 58)",7
5205,conv2d_15,"(0, 1, 18, 26)",25
5206,conv2d_15,"(0, 2, 23, 14)",16
5207,conv2d_15,"(1, 0, 48, 27)",24
5208,conv2d_15,"(2, 0, 32, 34)",29
5209,conv2d_15,"(2, 0, 11, 2)",24
5210,conv2d_15,"(1, 1, 9, 11)",11
5211,conv2d_15,"(1, 0, 29, 26)",29
5212,conv2d_15,"(1, 1, 12, 0)",25
5213,conv2d_15,"(2, 1, 40, 21)",30
5214,conv2d_15,"(2, 0, 27, 27)",23
5215,conv2d_15,"(1, 2, 42, 38)",16
5216,conv2d_15,"(0, 1, 2, 25)",4
5217,conv2d_15,"(0, 2, 5, 47)",17
5218,conv2d_15,"(1, 0, 19, 53)",20
5219,conv2d_15,"(0, 1, 9, 48)",23
5220,conv2d_15,"(1, 1, 56, 52)",31
5221,conv2d_15,"(0, 2, 31, 34)",11
5222,conv2d_15,"(0, 0, 8, 32)",8
5223,conv2d_15,"(0, 1, 18, 1)",7
5224,conv2d_15,"(0, 0, 8, 40)",19
5225,conv2d_15,"(1, 0, 8, 29)",16
5226,conv2d_15,"(2, 2, 25, 46)",31
5227,conv2d_15,"(2, 0, 29, 36)",19
5228,conv2d_15,"(1, 1, 1, 33)",24
5229,conv2d_15,"(1, 2, 17, 44)",29
5230,conv2d_15,"(2, 0, 47, 40)",23
5231,conv2d_15,"(2, 1, 9, 36)",0
5232,conv2d_15,"(2, 0, 19, 35)",19
5233,conv2d_15,"(2, 0, 20, 36)",7
5234,conv2d_15,"(0, 0, 62, 43)",20
5235,conv2d_15,"(1, 1, 2, 61)",7
5236,conv2d_15,"(2, 2, 46, 53)",16
5237,conv2d_15,"(0, 2, 53, 49)",25
5238,conv2d_15,"(1, 2, 50, 50)",12
5239,conv2d_15,"(2, 2, 61, 56)",24
5240,conv2d_15,"(2, 2, 41, 41)",12
5241,conv2d_15,"(0, 0, 46, 2)",18
5242,conv2d_15,"(1, 0, 59, 6)",10
5243,conv2d_15,"(2, 0, 50, 18)",24
5244,conv2d_15,"(2, 2, 8, 40)",4
5245,conv2d_15,"(2, 2, 63, 42)",23
5246,conv2d_15,"(2, 2, 7, 24)",28
5247,conv2d_15,"(2, 2, 50, 54)",18
5248,conv2d_15,"(0, 0, 37, 56)",29
5249,conv2d_15,"(0, 0, 36, 31)",0
5250,conv2d_15,"(1, 0, 54, 15)",16
5251,conv2d_15,"(2, 2, 10, 62)",18
5252,conv2d_15,"(2, 0, 46, 25)",0
5253,conv2d_15,"(0, 2, 33, 56)",26
5254,conv2d_15,"(0, 1, 57, 52)",7
5255,conv2d_15,"(2, 2, 53, 63)",30
5256,conv2d_15,"(1, 0, 54, 17)",11
5257,conv2d_15,"(2, 1, 54, 47)",18
5258,conv2d_15,"(2, 2, 24, 49)",5
5259,conv2d_15,"(0, 1, 23, 20)",13
5260,conv2d_15,"(2, 0, 57, 24)",8
5261,conv2d_15,"(2, 2, 58, 16)",25
5262,conv2d_15,"(1, 0, 62, 59)",30
5263,conv2d_15,"(2, 0, 44, 19)",10
5264,conv2d_15,"(2, 0, 22, 34)",22
5265,conv2d_15,"(2, 0, 0, 28)",13
5266,conv2d_15,"(0, 0, 62, 27)",25
5267,conv2d_15,"(0, 0, 51, 45)",14
5268,conv2d_15,"(1, 0, 2, 34)",16
5269,conv2d_15,"(1, 2, 23, 63)",28
5270,conv2d_15,"(1, 2, 54, 21)",2
5271,conv2d_15,"(0, 1, 38, 40)",4
5272,conv2d_15,"(2, 1, 63, 48)",16
5273,conv2d_15,"(0, 1, 54, 44)",21
5274,conv2d_15,"(1, 0, 29, 20)",13
5275,conv2d_15,"(2, 0, 19, 10)",26
5276,conv2d_15,"(0, 0, 25, 38)",11
5277,conv2d_15,"(2, 1, 26, 47)",7
5278,conv2d_15,"(2, 1, 22, 31)",20
5279,conv2d_15,"(1, 0, 34, 4)",21
5280,conv2d_15,"(2, 0, 38, 3)",3
5281,conv2d_15,"(0, 2, 2, 58)",14
5282,conv2d_15,"(1, 1, 16, 3)",13
5283,conv2d_15,"(1, 2, 0, 15)",11
5284,conv2d_15,"(0, 2, 58, 59)",9
5285,conv2d_15,"(0, 0, 63, 20)",20
5286,conv2d_15,"(2, 0, 21, 1)",9
5287,conv2d_15,"(2, 1, 32, 40)",21
5288,conv2d_15,"(1, 2, 34, 28)",18
5289,conv2d_15,"(1, 0, 1, 9)",27
5290,conv2d_15,"(0, 2, 18, 18)",19
5291,conv2d_15,"(2, 2, 11, 2)",21
5292,conv2d_15,"(2, 0, 25, 30)",31
5293,conv2d_15,"(1, 1, 0, 15)",0
5294,conv2d_15,"(0, 1, 14, 6)",2
5295,conv2d_15,"(2, 1, 21, 15)",1
5296,conv2d_15,"(2, 1, 27, 39)",20
5297,conv2d_15,"(2, 1, 1, 40)",31
5298,conv2d_15,"(0, 1, 27, 13)",14
5299,conv2d_15,"(0, 2, 50, 59)",10
5300,conv2d_15,"(1, 1, 18, 20)",18
5301,conv2d_15,"(2, 2, 40, 5)",18
5302,conv2d_15,"(1, 0, 24, 18)",6
5303,conv2d_15,"(2, 1, 24, 50)",30
5304,conv2d_15,"(0, 0, 9, 49)",9
5305,conv2d_15,"(0, 2, 10, 22)",3
5306,conv2d_15,"(0, 0, 2, 29)",25
5307,conv2d_15,"(0, 0, 27, 55)",23
5308,conv2d_15,"(1, 0, 38, 61)",3
5309,conv2d_15,"(0, 2, 41, 7)",10
5310,conv2d_15,"(0, 1, 44, 20)",28
5311,conv2d_15,"(0, 2, 56, 35)",18
5312,conv2d_15,"(1, 1, 18, 53)",8
5313,conv2d_15,"(0, 2, 52, 61)",14
5314,conv2d_15,"(0, 2, 27, 55)",10
5315,conv2d_15,"(0, 0, 3, 35)",8
5316,conv2d_15,"(2, 2, 53, 31)",9
5317,conv2d_15,"(1, 2, 27, 25)",9
5318,conv2d_15,"(1, 2, 3, 53)",12
5319,conv2d_15,"(0, 1, 37, 47)",3
5320,conv2d_15,"(2, 0, 53, 46)",28
5321,conv2d_15,"(1, 2, 5, 1)",5
5322,conv2d_15,"(2, 1, 36, 33)",27
5323,conv2d_15,"(2, 1, 19, 50)",13
5324,conv2d_15,"(0, 0, 43, 1)",26
5325,conv2d_15,"(2, 1, 7, 13)",12
5326,conv2d_15,"(1, 1, 52, 19)",22
5327,conv2d_15,"(1, 0, 6, 42)",14
5328,conv2d_15,"(2, 1, 63, 2)",3
5329,conv2d_15,"(2, 1, 12, 38)",29
5330,conv2d_15,"(2, 0, 55, 56)",29
5331,conv2d_15,"(0, 1, 56, 43)",1
5332,conv2d_15,"(0, 2, 21, 22)",15
5333,conv2d_15,"(1, 2, 11, 52)",4
5334,conv2d_15,"(1, 2, 0, 4)",21
5335,conv2d_15,"(1, 2, 8, 43)",10
5336,conv2d_15,"(2, 1, 29, 31)",5
5337,conv2d_15,"(0, 1, 29, 57)",18
5338,conv2d_15,"(2, 2, 49, 53)",4
5339,conv2d_15,"(2, 1, 63, 55)",1
5340,conv2d_15,"(0, 0, 41, 12)",7
5341,conv2d_15,"(2, 0, 44, 47)",17
5342,conv2d_15,"(0, 0, 60, 46)",6
5343,conv2d_15,"(1, 0, 23, 4)",7
5344,conv2d_15,"(2, 0, 57, 3)",6
5345,conv2d_15,"(1, 1, 12, 51)",26
5346,conv2d_15,"(2, 1, 41, 51)",0
5347,conv2d_15,"(1, 2, 50, 58)",29
5348,conv2d_15,"(1, 2, 4, 12)",26
5349,conv2d_15,"(0, 2, 42, 15)",24
5350,conv2d_15,"(0, 1, 23, 19)",14
5351,conv2d_15,"(1, 1, 37, 45)",21
5352,conv2d_15,"(2, 1, 25, 23)",3
5353,conv2d_15,"(1, 2, 47, 12)",11
5354,conv2d_15,"(1, 2, 20, 43)",15
5355,conv2d_15,"(2, 1, 47, 24)",12
5356,conv2d_15,"(2, 2, 59, 8)",25
5357,conv2d_15,"(0, 0, 50, 36)",15
5358,conv2d_15,"(0, 2, 61, 33)",2
5359,conv2d_15,"(0, 0, 25, 42)",30
5360,conv2d_15,"(1, 1, 39, 33)",4
5361,conv2d_15,"(1, 0, 54, 39)",10
5362,conv2d_15,"(0, 1, 62, 58)",0
5363,conv2d_15,"(1, 1, 23, 56)",17
5364,conv2d_15,"(2, 0, 53, 61)",0
5365,conv2d_15,"(2, 0, 27, 29)",3
5366,conv2d_15,"(0, 2, 23, 13)",2
5367,conv2d_15,"(0, 1, 39, 16)",28
5368,conv2d_15,"(1, 1, 43, 38)",19
5369,conv2d_15,"(1, 0, 47, 40)",5
5370,conv2d_15,"(0, 1, 9, 47)",26
5371,conv2d_15,"(1, 2, 12, 49)",19
5372,conv2d_15,"(2, 2, 32, 36)",27
5373,conv2d_15,"(0, 1, 58, 62)",15
5374,conv2d_15,"(1, 1, 20, 24)",0
5375,conv2d_15,"(0, 0, 54, 53)",4
5376,conv2d_15,"(2, 2, 17, 45)",17
5377,conv2d_15,"(1, 2, 63, 14)",29
5378,conv2d_15,"(1, 1, 53, 2)",4
5379,conv2d_15,"(1, 0, 50, 41)",6
5380,conv2d_15,"(2, 1, 20, 18)",15
5381,conv2d_15,"(2, 2, 48, 30)",5
5382,conv2d_15,"(0, 0, 53, 41)",12
5383,conv2d_15,"(2, 0, 29, 51)",8
5384,conv2d_15,"(1, 2, 24, 45)",18
5385,conv2d_15,"(0, 0, 15, 61)",7
5386,conv2d_15,"(2, 2, 31, 55)",25
5387,conv2d_15,"(2, 0, 15, 56)",15
5388,conv2d_15,"(0, 0, 15, 48)",19
5389,conv2d_15,"(1, 1, 3, 50)",13
5390,conv2d_15,"(0, 1, 5, 1)",5
5391,conv2d_15,"(2, 1, 41, 53)",0
5392,conv2d_15,"(1, 1, 53, 0)",3
5393,conv2d_15,"(0, 0, 22, 56)",21
5394,conv2d_15,"(2, 0, 21, 40)",5
5395,conv2d_15,"(2, 2, 19, 28)",9
5396,conv2d_15,"(1, 2, 4, 63)",22
5397,conv2d_15,"(1, 0, 1, 59)",19
5398,conv2d_15,"(0, 1, 2, 2)",6
5399,conv2d_15,"(0, 0, 31, 26)",7
5400,conv2d_15,"(0, 0, 38, 60)",23
5401,conv2d_15,"(0, 2, 49, 44)",24
5402,conv2d_15,"(2, 1, 2, 4)",24
5403,conv2d_15,"(2, 0, 35, 60)",2
5404,conv2d_15,"(2, 2, 40, 6)",0
5405,conv2d_15,"(1, 1, 8, 12)",16
5406,conv2d_15,"(0, 2, 55, 59)",8
5407,conv2d_15,"(2, 2, 17, 18)",28
5408,conv2d_15,"(2, 2, 7, 60)",22
5409,conv2d_15,"(1, 1, 6, 55)",21
5410,conv2d_15,"(1, 1, 46, 3)",7
5411,conv2d_15,"(0, 2, 14, 39)",13
5412,conv2d_15,"(1, 2, 29, 15)",22
5413,conv2d_15,"(2, 2, 14, 17)",22
5414,conv2d_15,"(1, 0, 12, 61)",19
5415,conv2d_15,"(0, 0, 7, 44)",3
5416,conv2d_15,"(1, 2, 55, 63)",19
5417,conv2d_15,"(1, 0, 40, 32)",17
5418,conv2d_15,"(2, 1, 3, 39)",25
5419,conv2d_15,"(0, 1, 62, 45)",10
5420,conv2d_15,"(2, 0, 3, 27)",15
5421,conv2d_15,"(1, 1, 13, 8)",23
5422,conv2d_15,"(1, 0, 52, 36)",28
5423,conv2d_15,"(1, 0, 23, 21)",20
5424,conv2d_15,"(2, 0, 49, 25)",10
5425,conv2d_15,"(0, 0, 38, 40)",10
5426,conv2d_15,"(1, 0, 15, 36)",22
5427,conv2d_15,"(0, 1, 11, 9)",3
5428,conv2d_15,"(0, 0, 39, 36)",11
5429,conv2d_15,"(0, 1, 11, 59)",28
5430,conv2d_15,"(1, 0, 61, 5)",21
5431,conv2d_15,"(2, 1, 46, 45)",11
5432,conv2d_15,"(0, 2, 27, 16)",8
5433,conv2d_15,"(2, 1, 17, 59)",7
5434,conv2d_15,"(2, 1, 36, 3)",5
5435,conv2d_15,"(0, 0, 18, 8)",19
5436,conv2d_15,"(1, 2, 26, 8)",3
5437,conv2d_15,"(1, 0, 21, 16)",15
5438,conv2d_15,"(2, 1, 20, 56)",8
5439,conv2d_15,"(1, 1, 2, 28)",17
5440,conv2d_15,"(2, 0, 13, 5)",19
5441,conv2d_15,"(0, 0, 15, 27)",26
5442,conv2d_15,"(0, 1, 43, 8)",4
5443,conv2d_15,"(2, 2, 6, 36)",0
5444,conv2d_15,"(0, 0, 16, 56)",12
5445,conv2d_15,"(0, 0, 61, 0)",0
5446,conv2d_15,"(2, 1, 47, 20)",6
5447,conv2d_15,"(1, 2, 4, 48)",14
5448,conv2d_15,"(1, 0, 61, 15)",2
5449,conv2d_15,"(0, 0, 62, 23)",22
5450,conv2d_15,"(0, 2, 28, 22)",3
5451,conv2d_15,"(1, 1, 23, 46)",10
5452,conv2d_15,"(0, 0, 51, 34)",2
5453,conv2d_15,"(1, 2, 40, 4)",28
5454,conv2d_15,"(0, 2, 51, 58)",12
5455,conv2d_15,"(0, 0, 59, 25)",19
5456,conv2d_15,"(0, 2, 50, 46)",25
5457,conv2d_15,"(2, 1, 56, 11)",23
5458,conv2d_15,"(0, 1, 26, 14)",18
5459,conv2d_15,"(2, 1, 60, 26)",23
5460,conv2d_15,"(0, 1, 22, 38)",8
5461,conv2d_15,"(1, 0, 43, 54)",14
5462,conv2d_15,"(0, 0, 26, 37)",6
5463,conv2d_15,"(2, 1, 45, 38)",1
5464,conv2d_15,"(1, 1, 20, 8)",30
5465,conv2d_15,"(0, 0, 52, 3)",16
5466,conv2d_15,"(0, 2, 19, 16)",10
5467,conv2d_15,"(1, 2, 60, 33)",1
5468,conv2d_15,"(2, 1, 0, 42)",25
5469,conv2d_15,"(0, 0, 50, 38)",27
5470,conv2d_15,"(2, 2, 38, 2)",26
5471,conv2d_15,"(0, 0, 53, 14)",6
5472,conv2d_15,"(2, 0, 11, 3)",5
5473,conv2d_15,"(0, 2, 62, 54)",15
5474,conv2d_15,"(0, 1, 47, 60)",0
5475,conv2d_15,"(1, 0, 8, 46)",30
5476,conv2d_15,"(1, 1, 27, 30)",31
5477,conv2d_15,"(0, 1, 61, 11)",1
5478,conv2d_15,"(0, 2, 19, 28)",3
5479,conv2d_15,"(0, 2, 17, 58)",27
5480,conv2d_15,"(1, 2, 19, 19)",3
5481,conv2d_15,"(2, 2, 13, 4)",30
5482,conv2d_15,"(2, 1, 35, 42)",12
5483,conv2d_15,"(2, 0, 54, 8)",4
5484,conv2d_15,"(0, 1, 40, 55)",30
5485,conv2d_15,"(2, 0, 63, 45)",17
5486,conv2d_15,"(1, 0, 58, 10)",6
5487,conv2d_15,"(1, 2, 21, 42)",6
5488,conv2d_15,"(2, 0, 10, 25)",2
5489,conv2d_15,"(0, 1, 11, 15)",9
5490,conv2d_15,"(2, 1, 29, 39)",12
5491,conv2d_15,"(0, 0, 31, 29)",3
5492,conv2d_15,"(2, 2, 52, 41)",20
5493,conv2d_15,"(2, 0, 17, 20)",17
5494,conv2d_15,"(0, 1, 51, 13)",3
5495,conv2d_15,"(2, 2, 61, 25)",20
5496,conv2d_15,"(0, 2, 20, 39)",19
5497,conv2d_15,"(0, 2, 28, 9)",6
5498,conv2d_15,"(0, 0, 54, 36)",0
5499,conv2d_15,"(0, 2, 42, 21)",16
5500,conv2d_15,"(1, 2, 30, 24)",22
5501,conv2d_15,"(1, 1, 1, 16)",23
5502,conv2d_15,"(2, 1, 28, 32)",16
5503,conv2d_15,"(0, 1, 4, 37)",16
5504,conv2d_15,"(2, 2, 12, 24)",4
5505,conv2d_15,"(1, 2, 36, 34)",19
5506,conv2d_15,"(1, 2, 23, 25)",14
5507,conv2d_15,"(0, 1, 31, 23)",3
5508,conv2d_15,"(2, 2, 13, 47)",12
5509,conv2d_15,"(1, 0, 43, 30)",18
5510,conv2d_15,"(1, 1, 62, 14)",19
5511,conv2d_15,"(0, 0, 48, 43)",11
5512,conv2d_15,"(0, 2, 24, 2)",17
5513,conv2d_15,"(2, 1, 2, 6)",1
5514,conv2d_15,"(2, 0, 11, 32)",12
5515,conv2d_15,"(0, 2, 33, 57)",7
5516,conv2d_15,"(1, 0, 16, 16)",16
5517,conv2d_15,"(0, 1, 18, 49)",27
5518,conv2d_15,"(0, 1, 49, 43)",30
5519,conv2d_15,"(2, 1, 48, 54)",2
5520,conv2d_15,"(1, 2, 46, 45)",25
5521,conv2d_15,"(2, 0, 60, 57)",13
5522,conv2d_15,"(0, 2, 46, 17)",14
5523,conv2d_15,"(0, 0, 21, 1)",29
5524,conv2d_15,"(0, 1, 31, 11)",12
5525,conv2d_15,"(1, 1, 58, 9)",3
5526,conv2d_15,"(1, 1, 22, 44)",14
5527,conv2d_15,"(2, 0, 53, 58)",14
5528,conv2d_15,"(0, 2, 47, 48)",4
5529,conv2d_15,"(0, 2, 36, 8)",1
5530,conv2d_15,"(1, 1, 50, 14)",14
5531,conv2d_15,"(0, 1, 60, 18)",25
5532,conv2d_15,"(2, 0, 5, 35)",4
5533,conv2d_15,"(0, 1, 57, 28)",17
5534,conv2d_15,"(2, 0, 35, 11)",25
5535,conv2d_15,"(1, 0, 39, 23)",27
5536,conv2d_15,"(2, 2, 8, 8)",25
5537,conv2d_15,"(1, 2, 46, 47)",14
5538,conv2d_15,"(2, 2, 8, 42)",9
5539,conv2d_15,"(1, 0, 61, 18)",27
5540,conv2d_15,"(1, 1, 5, 16)",23
5541,conv2d_15,"(2, 2, 38, 62)",15
5542,conv2d_15,"(0, 0, 18, 49)",4
5543,conv2d_15,"(2, 2, 9, 9)",25
5544,conv2d_15,"(2, 1, 0, 33)",10
5545,conv2d_15,"(0, 1, 58, 56)",15
5546,conv2d_15,"(0, 0, 3, 62)",13
5547,conv2d_15,"(1, 1, 6, 12)",29
5548,conv2d_15,"(2, 0, 34, 61)",18
5549,conv2d_15,"(0, 2, 41, 53)",16
5550,conv2d_15,"(1, 1, 50, 25)",24
5551,conv2d_15,"(2, 2, 24, 2)",14
5552,conv2d_15,"(1, 0, 34, 39)",20
5553,conv2d_15,"(0, 2, 27, 52)",15
5554,conv2d_15,"(1, 0, 17, 61)",9
5555,conv2d_15,"(1, 2, 1, 9)",5
5556,conv2d_15,"(1, 0, 50, 63)",23
5557,conv2d_15,"(0, 2, 10, 61)",5
5558,conv2d_15,"(1, 2, 32, 54)",14
5559,conv2d_15,"(0, 1, 26, 55)",7
5560,conv2d_15,"(2, 0, 58, 6)",8
5561,conv2d_15,"(0, 2, 36, 42)",24
5562,conv2d_15,"(0, 2, 17, 15)",4
5563,conv2d_15,"(2, 1, 47, 29)",12
5564,conv2d_15,"(2, 2, 13, 60)",25
5565,conv2d_15,"(2, 1, 51, 53)",4
5566,conv2d_15,"(1, 1, 41, 13)",16
5567,conv2d_15,"(2, 0, 10, 43)",5
5568,conv2d_15,"(0, 0, 26, 30)",19
5569,conv2d_15,"(1, 0, 24, 49)",18
5570,conv2d_15,"(2, 2, 62, 39)",13
5571,conv2d_15,"(1, 0, 5, 63)",9
5572,conv2d_15,"(1, 1, 9, 33)",7
5573,conv2d_15,"(1, 2, 62, 6)",14
5574,conv2d_15,"(0, 2, 1, 61)",11
5575,conv2d_15,"(2, 2, 24, 0)",9
5576,conv2d_15,"(1, 2, 39, 50)",13
5577,conv2d_15,"(1, 1, 28, 11)",12
5578,conv2d_15,"(2, 0, 61, 33)",28
5579,conv2d_15,"(1, 1, 3, 13)",31
5580,conv2d_15,"(1, 1, 30, 43)",13
5581,conv2d_15,"(0, 1, 60, 31)",7
5582,conv2d_15,"(1, 2, 17, 32)",1
5583,conv2d_15,"(0, 0, 3, 53)",30
5584,conv2d_15,"(1, 0, 47, 43)",7
5585,conv2d_15,"(0, 1, 26, 61)",24
5586,conv2d_15,"(2, 0, 56, 30)",3
5587,conv2d_15,"(1, 2, 46, 13)",15
5588,conv2d_15,"(0, 2, 48, 51)",1
5589,conv2d_15,"(2, 0, 37, 30)",26
5590,conv2d_15,"(0, 1, 32, 48)",1
5591,conv2d_15,"(0, 2, 36, 62)",22
5592,conv2d_15,"(1, 2, 43, 45)",18
5593,conv2d_15,"(2, 1, 9, 6)",19
5594,conv2d_15,"(2, 1, 10, 55)",6
5595,conv2d_15,"(2, 0, 27, 21)",5
5596,conv2d_15,"(2, 2, 23, 14)",4
5597,conv2d_15,"(2, 2, 34, 47)",24
5598,conv2d_15,"(0, 2, 20, 35)",15
5599,conv2d_15,"(0, 1, 23, 17)",5
5600,conv2d_15,"(0, 0, 49, 20)",11
5601,conv2d_15,"(0, 2, 54, 12)",1
5602,conv2d_15,"(1, 1, 27, 21)",28
5603,conv2d_15,"(1, 0, 30, 59)",19
5604,conv2d_15,"(2, 1, 33, 21)",13
5605,conv2d_15,"(1, 0, 27, 4)",17
5606,conv2d_15,"(2, 1, 39, 27)",27
5607,conv2d_15,"(1, 0, 28, 30)",11
5608,conv2d_15,"(1, 1, 47, 59)",20
5609,conv2d_15,"(2, 1, 1, 13)",4
5610,conv2d_15,"(0, 1, 39, 1)",6
5611,conv2d_15,"(2, 1, 3, 7)",20
5612,conv2d_15,"(1, 0, 20, 14)",7
5613,conv2d_15,"(1, 0, 28, 34)",9
5614,conv2d_15,"(2, 2, 43, 36)",19
5615,conv2d_15,"(1, 0, 45, 32)",4
5616,conv2d_15,"(1, 0, 58, 31)",14
5617,conv2d_15,"(0, 2, 37, 44)",10
5618,conv2d_15,"(2, 2, 29, 40)",21
5619,conv2d_15,"(2, 2, 40, 20)",25
5620,conv2d_15,"(1, 1, 48, 24)",10
5621,conv2d_15,"(1, 0, 35, 26)",2
5622,conv2d_15,"(0, 1, 36, 36)",3
5623,conv2d_15,"(1, 1, 54, 43)",21
5624,conv2d_15,"(1, 2, 1, 23)",25
5625,conv2d_15,"(2, 0, 61, 10)",21
5626,conv2d_15,"(0, 0, 58, 47)",15
5627,conv2d_15,"(0, 1, 4, 43)",26
5628,conv2d_15,"(2, 2, 54, 39)",19
5629,conv2d_15,"(1, 1, 41, 21)",30
5630,conv2d_15,"(1, 2, 31, 46)",1
5631,conv2d_15,"(0, 2, 34, 15)",24
5632,conv2d_15,"(1, 2, 28, 13)",2
5633,conv2d_15,"(1, 1, 27, 27)",1
5634,conv2d_15,"(2, 2, 47, 37)",6
5635,conv2d_15,"(2, 0, 19, 47)",23
5636,conv2d_15,"(0, 1, 20, 6)",30
5637,conv2d_15,"(1, 0, 5, 25)",24
5638,conv2d_15,"(1, 2, 61, 15)",15
5639,conv2d_15,"(0, 1, 14, 36)",8
5640,conv2d_15,"(0, 1, 41, 45)",2
5641,conv2d_15,"(1, 1, 22, 56)",17
5642,conv2d_15,"(2, 1, 2, 3)",1
5643,conv2d_15,"(0, 1, 55, 13)",24
5644,conv2d_15,"(0, 2, 20, 12)",27
5645,conv2d_15,"(1, 1, 5, 6)",8
5646,conv2d_15,"(2, 2, 17, 57)",17
5647,conv2d_15,"(1, 1, 2, 18)",10
5648,conv2d_15,"(1, 0, 20, 7)",20
5649,conv2d_15,"(1, 0, 56, 62)",6
5650,conv2d_15,"(1, 2, 37, 31)",22
5651,conv2d_15,"(1, 1, 50, 20)",13
5652,conv2d_15,"(0, 2, 17, 32)",24
5653,conv2d_15,"(1, 0, 12, 10)",14
5654,conv2d_15,"(1, 1, 48, 47)",19
5655,conv2d_15,"(1, 2, 20, 36)",6
5656,conv2d_15,"(0, 0, 4, 37)",0
5657,conv2d_15,"(0, 2, 2, 25)",7
5658,conv2d_15,"(1, 2, 54, 40)",21
5659,conv2d_15,"(1, 1, 2, 40)",14
5660,conv2d_15,"(2, 1, 61, 15)",17
5661,conv2d_15,"(0, 2, 56, 11)",19
5662,conv2d_15,"(0, 1, 24, 31)",26
5663,conv2d_15,"(0, 2, 37, 54)",4
5664,conv2d_15,"(0, 1, 40, 12)",27
5665,conv2d_15,"(2, 1, 58, 7)",14
5666,conv2d_15,"(1, 2, 50, 34)",8
5667,conv2d_15,"(0, 1, 13, 10)",16
5668,conv2d_15,"(0, 0, 30, 8)",25
5669,conv2d_15,"(0, 1, 16, 59)",27
5670,conv2d_15,"(0, 0, 10, 46)",7
5671,conv2d_15,"(0, 0, 61, 21)",23
5672,conv2d_15,"(1, 1, 46, 24)",3
5673,conv2d_15,"(0, 1, 38, 55)",10
5674,conv2d_15,"(2, 1, 31, 60)",26
5675,conv2d_15,"(2, 1, 18, 9)",2
5676,conv2d_15,"(0, 0, 45, 31)",12
5677,conv2d_15,"(2, 0, 63, 48)",3
5678,conv2d_15,"(1, 0, 31, 57)",30
5679,conv2d_15,"(2, 2, 51, 28)",21
5680,conv2d_15,"(2, 2, 31, 33)",22
5681,conv2d_15,"(0, 2, 55, 33)",17
5682,conv2d_15,"(1, 1, 36, 16)",14
5683,conv2d_15,"(2, 1, 33, 0)",1
5684,conv2d_15,"(1, 2, 57, 10)",31
5685,conv2d_15,"(0, 1, 45, 47)",18
5686,conv2d_15,"(1, 0, 18, 42)",13
5687,conv2d_15,"(2, 0, 61, 30)",4
5688,conv2d_15,"(0, 0, 27, 40)",19
5689,conv2d_15,"(2, 1, 46, 9)",30
5690,conv2d_15,"(2, 2, 1, 34)",28
5691,conv2d_15,"(0, 1, 10, 0)",2
5692,conv2d_15,"(1, 2, 29, 39)",23
5693,conv2d_15,"(1, 1, 55, 37)",16
5694,conv2d_15,"(2, 2, 16, 46)",0
5695,conv2d_15,"(1, 0, 45, 18)",8
5696,conv2d_15,"(0, 1, 54, 23)",25
5697,conv2d_15,"(2, 0, 25, 55)",23
5698,conv2d_15,"(1, 2, 9, 57)",19
5699,conv2d_15,"(1, 2, 34, 16)",6
5700,conv2d_15,"(2, 2, 1, 11)",29
5701,conv2d_15,"(0, 1, 30, 20)",3
5702,conv2d_15,"(2, 2, 42, 13)",14
5703,conv2d_15,"(2, 1, 16, 7)",23
5704,conv2d_15,"(2, 1, 59, 14)",5
5705,conv2d_15,"(1, 1, 16, 2)",1
5706,conv2d_15,"(2, 0, 28, 21)",28
5707,conv2d_15,"(1, 1, 19, 30)",30
5708,conv2d_15,"(1, 1, 4, 22)",9
5709,conv2d_15,"(1, 0, 25, 61)",13
5710,conv2d_15,"(2, 1, 45, 62)",13
5711,conv2d_15,"(1, 0, 11, 16)",18
5712,conv2d_15,"(2, 0, 16, 42)",30
5713,conv2d_15,"(2, 0, 52, 41)",21
5714,conv2d_15,"(2, 1, 40, 32)",23
5715,conv2d_15,"(0, 0, 14, 45)",20
5716,conv2d_15,"(2, 2, 63, 10)",8
5717,conv2d_15,"(2, 2, 29, 25)",6
5718,conv2d_15,"(1, 0, 46, 1)",13
5719,conv2d_15,"(0, 2, 13, 8)",17
5720,conv2d_15,"(2, 1, 24, 15)",29
5721,conv2d_15,"(2, 2, 37, 0)",14
5722,conv2d_15,"(1, 0, 55, 32)",11
5723,conv2d_15,"(0, 2, 56, 42)",10
5724,conv2d_15,"(1, 2, 33, 49)",16
5725,conv2d_15,"(2, 0, 2, 12)",11
5726,conv2d_15,"(2, 0, 55, 5)",15
5727,conv2d_15,"(2, 2, 54, 5)",2
5728,conv2d_15,"(0, 1, 28, 14)",7
5729,conv2d_15,"(0, 2, 5, 19)",6
5730,conv2d_15,"(0, 0, 24, 57)",30
5731,conv2d_15,"(1, 0, 56, 34)",30
5732,conv2d_15,"(1, 2, 47, 56)",31
5733,conv2d_15,"(1, 1, 9, 34)",8
5734,conv2d_15,"(0, 0, 55, 24)",17
5735,conv2d_15,"(2, 2, 0, 24)",27
5736,conv2d_15,"(1, 1, 32, 25)",27
5737,conv2d_15,"(0, 1, 51, 48)",17
5738,conv2d_15,"(1, 1, 10, 60)",23
5739,conv2d_15,"(0, 0, 49, 56)",23
5740,conv2d_15,"(2, 2, 16, 1)",14
5741,conv2d_15,"(1, 0, 63, 17)",23
5742,conv2d_15,"(0, 0, 13, 14)",0
5743,conv2d_15,"(2, 0, 19, 21)",9
5744,conv2d_15,"(0, 2, 8, 54)",11
5745,conv2d_15,"(2, 1, 46, 43)",14
5746,conv2d_15,"(0, 1, 58, 61)",6
5747,conv2d_15,"(1, 0, 21, 37)",27
5748,conv2d_15,"(0, 0, 9, 16)",6
5749,conv2d_15,"(2, 1, 49, 28)",13
5750,conv2d_15,"(0, 0, 55, 8)",5
5751,conv2d_15,"(0, 1, 24, 5)",13
5752,conv2d_15,"(1, 2, 41, 26)",18
5753,conv2d_15,"(1, 0, 49, 25)",17
5754,conv2d_15,"(1, 1, 2, 33)",31
5755,conv2d_15,"(0, 1, 45, 40)",6
5756,conv2d_15,"(0, 1, 63, 43)",23
5757,conv2d_15,"(1, 2, 13, 56)",27
5758,conv2d_15,"(1, 0, 14, 14)",9
5759,conv2d_15,"(2, 2, 60, 23)",18
5760,conv2d_15,"(2, 1, 51, 1)",27
5761,conv2d_15,"(0, 0, 26, 22)",5
5762,conv2d_15,"(2, 0, 44, 63)",4
5763,conv2d_15,"(1, 1, 12, 41)",23
5764,conv2d_15,"(0, 2, 31, 51)",0
5765,conv2d_15,"(0, 0, 19, 20)",26
5766,conv2d_15,"(0, 0, 52, 25)",14
5767,conv2d_15,"(2, 1, 19, 43)",14
5768,conv2d_15,"(0, 2, 39, 47)",17
5769,conv2d_15,"(0, 2, 40, 37)",3
5770,conv2d_15,"(2, 1, 40, 40)",24
5771,conv2d_15,"(0, 0, 56, 23)",26
5772,conv2d_15,"(0, 0, 25, 62)",1
5773,conv2d_15,"(2, 2, 7, 26)",13
5774,conv2d_15,"(0, 1, 53, 58)",9
5775,conv2d_15,"(0, 2, 16, 48)",18
5776,conv2d_15,"(1, 0, 59, 13)",8
5777,conv2d_15,"(1, 0, 57, 7)",25
5778,conv2d_15,"(0, 0, 47, 50)",26
5779,conv2d_15,"(0, 1, 48, 27)",21
5780,conv2d_15,"(2, 0, 37, 63)",14
5781,conv2d_15,"(2, 0, 33, 21)",13
5782,conv2d_15,"(2, 1, 57, 42)",12
5783,conv2d_15,"(0, 1, 14, 17)",16
5784,conv2d_15,"(1, 2, 17, 2)",12
5785,conv2d_15,"(2, 0, 2, 49)",26
5786,conv2d_15,"(2, 2, 18, 56)",3
5787,conv2d_15,"(2, 1, 63, 8)",4
5788,conv2d_15,"(1, 2, 56, 52)",10
5789,conv2d_15,"(2, 1, 62, 20)",21
5790,conv2d_15,"(1, 1, 17, 30)",21
5791,conv2d_15,"(0, 0, 32, 6)",28
5792,conv2d_15,"(2, 2, 23, 32)",8
5793,conv2d_15,"(0, 2, 32, 11)",27
5794,conv2d_15,"(2, 0, 35, 29)",29
5795,conv2d_15,"(0, 0, 11, 52)",1
5796,conv2d_15,"(0, 2, 16, 33)",17
5797,conv2d_15,"(1, 1, 60, 23)",5
5798,conv2d_15,"(1, 1, 52, 58)",14
5799,conv2d_15,"(2, 1, 57, 20)",8
5800,conv2d_15,"(0, 0, 17, 56)",15
5801,conv2d_15,"(1, 2, 4, 42)",1
5802,conv2d_15,"(2, 2, 63, 4)",27
5803,conv2d_15,"(2, 0, 60, 39)",7
5804,conv2d_15,"(2, 2, 0, 60)",25
5805,conv2d_15,"(2, 2, 30, 23)",1
5806,conv2d_15,"(1, 2, 24, 24)",28
5807,conv2d_15,"(1, 1, 0, 32)",13
5808,conv2d_15,"(2, 1, 51, 52)",29
5809,conv2d_15,"(2, 0, 26, 7)",19
5810,conv2d_15,"(0, 2, 32, 42)",15
5811,conv2d_15,"(1, 2, 0, 51)",30
5812,conv2d_15,"(1, 1, 20, 0)",11
5813,conv2d_15,"(2, 1, 37, 43)",30
5814,conv2d_15,"(0, 0, 8, 0)",5
5815,conv2d_15,"(0, 0, 29, 26)",16
5816,conv2d_15,"(2, 2, 57, 47)",6
5817,conv2d_15,"(2, 1, 22, 50)",22
5818,conv2d_15,"(2, 1, 18, 14)",27
5819,conv2d_15,"(0, 1, 4, 36)",18
5820,conv2d_15,"(0, 0, 11, 17)",31
5821,conv2d_15,"(1, 1, 2, 43)",12
5822,conv2d_15,"(0, 1, 26, 52)",24
5823,conv2d_15,"(0, 2, 40, 9)",13
5824,conv2d_15,"(1, 2, 39, 35)",3
5825,conv2d_15,"(2, 1, 18, 36)",0
5826,conv2d_15,"(0, 0, 48, 35)",1
5827,conv2d_15,"(0, 2, 53, 46)",4
5828,conv2d_15,"(0, 0, 63, 18)",5
5829,conv2d_15,"(0, 1, 24, 22)",3
5830,conv2d_15,"(1, 0, 37, 49)",19
5831,conv2d_15,"(1, 1, 57, 18)",7
5832,conv2d_15,"(0, 0, 13, 33)",17
5833,conv2d_15,"(1, 1, 43, 8)",18
5834,conv2d_15,"(1, 2, 42, 58)",9
5835,conv2d_15,"(2, 0, 24, 55)",4
5836,conv2d_15,"(1, 0, 37, 50)",3
5837,conv2d_15,"(0, 0, 31, 22)",27
5838,conv2d_15,"(0, 0, 30, 49)",20
5839,conv2d_15,"(0, 1, 61, 27)",13
5840,conv2d_15,"(2, 0, 2, 7)",31
5841,conv2d_15,"(2, 1, 7, 34)",5
5842,conv2d_15,"(1, 2, 20, 47)",10
5843,conv2d_15,"(0, 0, 22, 62)",6
5844,conv2d_15,"(2, 0, 49, 44)",16
5845,conv2d_15,"(1, 0, 54, 53)",9
5846,conv2d_15,"(0, 1, 7, 44)",6
5847,conv2d_15,"(2, 0, 53, 11)",30
5848,conv2d_15,"(2, 2, 55, 47)",25
5849,conv2d_15,"(1, 0, 25, 52)",21
5850,conv2d_15,"(2, 0, 58, 44)",3
5851,conv2d_15,"(0, 2, 5, 46)",29
5852,conv2d_15,"(1, 0, 43, 0)",12
5853,conv2d_15,"(2, 0, 57, 27)",12
5854,conv2d_15,"(1, 1, 5, 28)",20
5855,conv2d_15,"(0, 2, 59, 30)",24
5856,conv2d_15,"(2, 1, 2, 8)",3
5857,conv2d_15,"(2, 0, 63, 46)",18
5858,conv2d_15,"(2, 1, 20, 44)",10
5859,conv2d_15,"(1, 1, 22, 39)",23
5860,conv2d_16,"(0, 0, 36, 43)",25
5861,conv2d_16,"(0, 1, 55, 31)",21
5862,conv2d_16,"(0, 0, 8, 31)",8
5863,conv2d_16,"(0, 1, 34, 13)",24
5864,conv2d_16,"(1, 1, 0, 11)",23
5865,conv2d_16,"(0, 0, 33, 3)",8
5866,conv2d_16,"(2, 0, 12, 41)",31
5867,conv2d_16,"(0, 1, 40, 9)",14
5868,conv2d_16,"(1, 1, 27, 35)",8
5869,conv2d_16,"(2, 1, 2, 6)",27
5870,conv2d_16,"(0, 2, 27, 27)",25
5871,conv2d_16,"(2, 0, 18, 0)",22
5872,conv2d_16,"(0, 1, 34, 33)",30
5873,conv2d_16,"(2, 1, 26, 38)",28
5874,conv2d_16,"(1, 2, 15, 45)",21
5875,conv2d_16,"(2, 1, 28, 26)",17
5876,conv2d_16,"(1, 1, 62, 35)",16
5877,conv2d_16,"(0, 0, 24, 39)",26
5878,conv2d_16,"(2, 0, 33, 43)",6
5879,conv2d_16,"(2, 2, 44, 59)",30
5880,conv2d_16,"(0, 1, 11, 34)",2
5881,conv2d_16,"(2, 1, 14, 35)",19
5882,conv2d_16,"(0, 0, 60, 41)",14
5883,conv2d_16,"(2, 2, 40, 40)",19
5884,conv2d_16,"(2, 2, 5, 37)",5
5885,conv2d_16,"(2, 1, 18, 36)",30
5886,conv2d_16,"(0, 0, 0, 13)",19
5887,conv2d_16,"(2, 1, 16, 12)",19
5888,conv2d_16,"(2, 2, 41, 36)",30
5889,conv2d_16,"(1, 2, 22, 19)",21
5890,conv2d_16,"(0, 0, 50, 44)",15
5891,conv2d_16,"(0, 2, 49, 57)",4
5892,conv2d_16,"(1, 2, 28, 22)",21
5893,conv2d_16,"(0, 0, 58, 42)",24
5894,conv2d_16,"(0, 1, 61, 14)",18
5895,conv2d_16,"(2, 2, 15, 25)",4
5896,conv2d_16,"(1, 2, 4, 56)",31
5897,conv2d_16,"(2, 1, 37, 10)",6
5898,conv2d_16,"(2, 1, 49, 26)",23
5899,conv2d_16,"(1, 2, 8, 39)",3
5900,conv2d_16,"(0, 0, 25, 15)",14
5901,conv2d_16,"(1, 1, 28, 13)",18
5902,conv2d_16,"(0, 2, 13, 44)",24
5903,conv2d_16,"(2, 1, 46, 47)",23
5904,conv2d_16,"(1, 2, 27, 30)",9
5905,conv2d_16,"(2, 2, 11, 18)",31
5906,conv2d_16,"(0, 2, 20, 32)",16
5907,conv2d_16,"(0, 1, 54, 30)",0
5908,conv2d_16,"(1, 0, 11, 38)",15
5909,conv2d_16,"(1, 2, 14, 55)",1
5910,conv2d_16,"(0, 0, 56, 33)",29
5911,conv2d_16,"(0, 0, 29, 19)",13
5912,conv2d_16,"(0, 2, 62, 18)",29
5913,conv2d_16,"(2, 0, 31, 9)",10
5914,conv2d_16,"(2, 2, 17, 42)",28
5915,conv2d_16,"(2, 1, 51, 63)",1
5916,conv2d_16,"(1, 2, 13, 23)",2
5917,conv2d_16,"(1, 2, 15, 39)",30
5918,conv2d_16,"(2, 2, 38, 7)",28
5919,conv2d_16,"(1, 2, 22, 33)",22
5920,conv2d_16,"(1, 1, 10, 34)",4
5921,conv2d_16,"(1, 2, 26, 35)",19
5922,conv2d_16,"(1, 1, 58, 18)",10
5923,conv2d_16,"(1, 0, 11, 15)",2
5924,conv2d_16,"(1, 1, 19, 0)",27
5925,conv2d_16,"(2, 1, 59, 13)",29
5926,conv2d_16,"(1, 2, 49, 61)",27
5927,conv2d_16,"(0, 2, 15, 8)",10
5928,conv2d_16,"(2, 2, 61, 32)",0
5929,conv2d_16,"(0, 1, 24, 16)",11
5930,conv2d_16,"(1, 2, 1, 48)",2
5931,conv2d_16,"(2, 1, 54, 5)",25
5932,conv2d_16,"(2, 0, 31, 0)",7
5933,conv2d_16,"(1, 2, 32, 22)",0
5934,conv2d_16,"(2, 1, 21, 41)",26
5935,conv2d_16,"(1, 2, 33, 62)",28
5936,conv2d_16,"(0, 2, 59, 17)",7
5937,conv2d_16,"(1, 1, 1, 29)",9
5938,conv2d_16,"(0, 2, 23, 28)",17
5939,conv2d_16,"(0, 1, 19, 45)",6
5940,conv2d_16,"(0, 2, 15, 60)",24
5941,conv2d_16,"(0, 1, 47, 2)",22
5942,conv2d_16,"(0, 1, 35, 8)",11
5943,conv2d_16,"(2, 1, 1, 8)",22
5944,conv2d_16,"(1, 2, 44, 23)",23
5945,conv2d_16,"(0, 2, 59, 4)",19
5946,conv2d_16,"(0, 0, 39, 23)",28
5947,conv2d_16,"(0, 1, 48, 29)",23
5948,conv2d_16,"(0, 1, 51, 54)",15
5949,conv2d_16,"(0, 0, 21, 19)",14
5950,conv2d_16,"(2, 2, 28, 10)",25
5951,conv2d_16,"(2, 0, 59, 9)",14
5952,conv2d_16,"(1, 2, 13, 42)",26
5953,conv2d_16,"(2, 0, 19, 17)",27
5954,conv2d_16,"(2, 0, 1, 37)",19
5955,conv2d_16,"(2, 2, 34, 27)",11
5956,conv2d_16,"(0, 1, 42, 38)",0
5957,conv2d_16,"(0, 0, 59, 46)",0
5958,conv2d_16,"(0, 1, 60, 16)",25
5959,conv2d_16,"(0, 0, 52, 23)",27
5960,conv2d_16,"(1, 0, 48, 10)",31
5961,conv2d_16,"(1, 2, 24, 44)",31
5962,conv2d_16,"(2, 2, 14, 41)",26
5963,conv2d_16,"(0, 0, 63, 5)",28
5964,conv2d_16,"(1, 2, 42, 17)",0
5965,conv2d_16,"(2, 1, 35, 61)",27
5966,conv2d_16,"(1, 0, 62, 34)",22
5967,conv2d_16,"(1, 1, 16, 56)",23
5968,conv2d_16,"(2, 2, 59, 29)",8
5969,conv2d_16,"(2, 2, 17, 9)",11
5970,conv2d_16,"(1, 0, 15, 30)",20
5971,conv2d_16,"(2, 2, 19, 39)",14
5972,conv2d_16,"(0, 0, 37, 46)",30
5973,conv2d_16,"(2, 1, 60, 51)",26
5974,conv2d_16,"(0, 1, 35, 48)",8
5975,conv2d_16,"(0, 0, 3, 15)",17
5976,conv2d_16,"(1, 0, 28, 24)",16
5977,conv2d_16,"(0, 2, 48, 7)",13
5978,conv2d_16,"(2, 1, 16, 9)",31
5979,conv2d_16,"(1, 2, 21, 38)",13
5980,conv2d_16,"(2, 2, 2, 52)",26
5981,conv2d_16,"(1, 2, 57, 55)",16
5982,conv2d_16,"(1, 0, 36, 58)",4
5983,conv2d_16,"(2, 2, 4, 45)",27
5984,conv2d_16,"(1, 2, 22, 15)",5
5985,conv2d_16,"(1, 0, 59, 2)",7
5986,conv2d_16,"(0, 0, 5, 14)",10
5987,conv2d_16,"(0, 1, 27, 1)",7
5988,conv2d_16,"(2, 1, 39, 4)",14
5989,conv2d_16,"(1, 0, 12, 48)",4
5990,conv2d_16,"(2, 1, 59, 30)",24
5991,conv2d_16,"(0, 0, 34, 53)",21
5992,conv2d_16,"(0, 1, 28, 41)",14
5993,conv2d_16,"(0, 1, 0, 34)",5
5994,conv2d_16,"(0, 2, 62, 3)",9
5995,conv2d_16,"(1, 0, 40, 48)",22
5996,conv2d_16,"(2, 2, 7, 2)",11
5997,conv2d_16,"(1, 1, 52, 55)",29
5998,conv2d_16,"(2, 0, 10, 39)",11
5999,conv2d_16,"(1, 1, 13, 8)",19
6000,conv2d_16,"(1, 0, 19, 45)",8
6001,conv2d_16,"(2, 0, 55, 62)",1
6002,conv2d_16,"(2, 0, 15, 4)",24
6003,conv2d_16,"(2, 1, 49, 43)",6
6004,conv2d_16,"(2, 1, 4, 3)",27
6005,conv2d_16,"(2, 0, 47, 47)",12
6006,conv2d_16,"(1, 2, 7, 48)",9
6007,conv2d_16,"(0, 0, 32, 4)",21
6008,conv2d_16,"(0, 2, 14, 45)",20
6009,conv2d_16,"(1, 1, 32, 51)",3
6010,conv2d_16,"(1, 2, 2, 63)",24
6011,conv2d_16,"(1, 1, 33, 13)",25
6012,conv2d_16,"(2, 1, 5, 19)",19
6013,conv2d_16,"(2, 2, 1, 23)",31
6014,conv2d_16,"(2, 0, 23, 53)",21
6015,conv2d_16,"(2, 1, 3, 45)",10
6016,conv2d_16,"(0, 2, 28, 55)",25
6017,conv2d_16,"(2, 2, 52, 33)",24
6018,conv2d_16,"(1, 1, 15, 30)",3
6019,conv2d_16,"(2, 0, 38, 34)",4
6020,conv2d_16,"(2, 1, 2, 24)",2
6021,conv2d_16,"(2, 1, 38, 33)",9
6022,conv2d_16,"(2, 0, 47, 39)",2
6023,conv2d_16,"(1, 2, 43, 33)",8
6024,conv2d_16,"(1, 1, 38, 32)",28
6025,conv2d_16,"(1, 2, 33, 35)",13
6026,conv2d_16,"(1, 1, 0, 29)",29
6027,conv2d_16,"(1, 1, 2, 63)",22
6028,conv2d_16,"(2, 1, 47, 63)",24
6029,conv2d_16,"(2, 1, 59, 39)",3
6030,conv2d_16,"(2, 0, 15, 16)",14
6031,conv2d_16,"(0, 1, 5, 9)",7
6032,conv2d_16,"(1, 2, 11, 42)",27
6033,conv2d_16,"(2, 1, 59, 34)",14
6034,conv2d_16,"(1, 2, 45, 18)",28
6035,conv2d_16,"(2, 0, 0, 45)",31
6036,conv2d_16,"(0, 1, 54, 56)",26
6037,conv2d_16,"(0, 0, 47, 43)",11
6038,conv2d_16,"(2, 0, 37, 30)",11
6039,conv2d_16,"(1, 2, 19, 50)",0
6040,conv2d_16,"(0, 2, 51, 35)",10
6041,conv2d_16,"(2, 1, 33, 8)",9
6042,conv2d_16,"(1, 0, 7, 12)",1
6043,conv2d_16,"(1, 2, 0, 24)",0
6044,conv2d_16,"(0, 2, 28, 31)",1
6045,conv2d_16,"(0, 2, 51, 58)",23
6046,conv2d_16,"(0, 0, 60, 17)",23
6047,conv2d_16,"(1, 2, 17, 36)",1
6048,conv2d_16,"(1, 0, 51, 55)",12
6049,conv2d_16,"(0, 0, 6, 46)",2
6050,conv2d_16,"(1, 2, 10, 48)",2
6051,conv2d_16,"(0, 2, 17, 17)",31
6052,conv2d_16,"(0, 1, 25, 17)",11
6053,conv2d_16,"(0, 1, 23, 44)",0
6054,conv2d_16,"(1, 1, 21, 31)",11
6055,conv2d_16,"(0, 0, 19, 47)",27
6056,conv2d_16,"(0, 0, 13, 50)",13
6057,conv2d_16,"(0, 2, 7, 38)",12
6058,conv2d_16,"(1, 2, 59, 38)",15
6059,conv2d_16,"(2, 2, 55, 12)",18
6060,conv2d_16,"(2, 0, 44, 1)",22
6061,conv2d_16,"(2, 2, 31, 3)",2
6062,conv2d_16,"(0, 1, 34, 27)",14
6063,conv2d_16,"(0, 1, 58, 32)",26
6064,conv2d_16,"(2, 2, 21, 48)",27
6065,conv2d_16,"(2, 2, 59, 25)",30
6066,conv2d_16,"(1, 0, 45, 62)",17
6067,conv2d_16,"(2, 1, 61, 16)",4
6068,conv2d_16,"(2, 1, 59, 32)",8
6069,conv2d_16,"(2, 1, 21, 44)",30
6070,conv2d_16,"(1, 1, 13, 21)",13
6071,conv2d_16,"(1, 1, 50, 19)",7
6072,conv2d_16,"(1, 1, 38, 10)",29
6073,conv2d_16,"(2, 1, 42, 45)",3
6074,conv2d_16,"(1, 0, 16, 6)",14
6075,conv2d_16,"(1, 2, 35, 32)",10
6076,conv2d_16,"(0, 1, 40, 37)",12
6077,conv2d_16,"(0, 2, 30, 61)",18
6078,conv2d_16,"(1, 2, 51, 49)",28
6079,conv2d_16,"(0, 0, 50, 60)",16
6080,conv2d_16,"(0, 0, 0, 14)",28
6081,conv2d_16,"(0, 2, 39, 7)",3
6082,conv2d_16,"(1, 1, 50, 49)",19
6083,conv2d_16,"(0, 0, 28, 58)",16
6084,conv2d_16,"(1, 0, 35, 13)",13
6085,conv2d_16,"(0, 0, 0, 29)",20
6086,conv2d_16,"(2, 1, 46, 25)",13
6087,conv2d_16,"(1, 0, 3, 32)",2
6088,conv2d_16,"(1, 0, 55, 1)",5
6089,conv2d_16,"(0, 1, 54, 50)",19
6090,conv2d_16,"(0, 2, 61, 11)",13
6091,conv2d_16,"(2, 2, 26, 20)",22
6092,conv2d_16,"(1, 0, 61, 52)",1
6093,conv2d_16,"(2, 1, 20, 23)",19
6094,conv2d_16,"(1, 2, 61, 22)",4
6095,conv2d_16,"(1, 1, 21, 58)",30
6096,conv2d_16,"(0, 1, 11, 36)",7
6097,conv2d_16,"(0, 1, 56, 22)",2
6098,conv2d_16,"(1, 1, 13, 22)",6
6099,conv2d_16,"(1, 0, 29, 3)",14
6100,conv2d_16,"(2, 0, 22, 51)",23
6101,conv2d_16,"(0, 0, 54, 12)",20
6102,conv2d_16,"(0, 0, 38, 29)",22
6103,conv2d_16,"(0, 0, 29, 0)",1
6104,conv2d_16,"(1, 0, 19, 54)",29
6105,conv2d_16,"(0, 0, 60, 57)",23
6106,conv2d_16,"(0, 1, 30, 10)",29
6107,conv2d_16,"(2, 2, 37, 57)",8
6108,conv2d_16,"(0, 2, 27, 13)",27
6109,conv2d_16,"(0, 1, 13, 21)",27
6110,conv2d_16,"(2, 1, 36, 59)",4
6111,conv2d_16,"(1, 0, 61, 11)",14
6112,conv2d_16,"(2, 2, 61, 23)",21
6113,conv2d_16,"(1, 1, 20, 51)",13
6114,conv2d_16,"(0, 2, 55, 40)",9
6115,conv2d_16,"(1, 2, 19, 40)",10
6116,conv2d_16,"(0, 1, 23, 3)",7
6117,conv2d_16,"(0, 1, 44, 44)",15
6118,conv2d_16,"(0, 2, 10, 63)",13
6119,conv2d_16,"(2, 2, 30, 8)",18
6120,conv2d_16,"(1, 2, 35, 27)",6
6121,conv2d_16,"(0, 1, 60, 61)",19
6122,conv2d_16,"(0, 0, 28, 36)",1
6123,conv2d_16,"(0, 0, 47, 15)",18
6124,conv2d_16,"(0, 1, 33, 14)",27
6125,conv2d_16,"(1, 0, 62, 63)",6
6126,conv2d_16,"(2, 2, 34, 41)",10
6127,conv2d_16,"(0, 1, 13, 9)",29
6128,conv2d_16,"(0, 2, 2, 1)",19
6129,conv2d_16,"(2, 1, 53, 58)",2
6130,conv2d_16,"(0, 2, 2, 20)",6
6131,conv2d_16,"(1, 0, 62, 5)",16
6132,conv2d_16,"(2, 1, 7, 40)",17
6133,conv2d_16,"(0, 1, 1, 35)",6
6134,conv2d_16,"(0, 1, 54, 9)",14
6135,conv2d_16,"(0, 1, 54, 20)",15
6136,conv2d_16,"(0, 2, 2, 53)",19
6137,conv2d_16,"(0, 1, 22, 34)",18
6138,conv2d_16,"(0, 1, 11, 47)",19
6139,conv2d_16,"(1, 2, 37, 28)",5
6140,conv2d_16,"(2, 0, 30, 5)",6
6141,conv2d_16,"(2, 2, 11, 50)",29
6142,conv2d_16,"(0, 1, 20, 40)",14
6143,conv2d_16,"(2, 1, 56, 26)",17
6144,conv2d_16,"(0, 0, 45, 13)",2
6145,conv2d_16,"(2, 1, 21, 24)",20
6146,conv2d_16,"(0, 1, 10, 8)",31
6147,conv2d_16,"(0, 2, 6, 26)",17
6148,conv2d_16,"(0, 2, 40, 30)",4
6149,conv2d_16,"(0, 0, 19, 29)",4
6150,conv2d_16,"(1, 2, 11, 52)",9
6151,conv2d_16,"(1, 0, 62, 22)",11
6152,conv2d_16,"(0, 2, 46, 48)",22
6153,conv2d_16,"(2, 1, 56, 24)",15
6154,conv2d_16,"(2, 1, 40, 46)",5
6155,conv2d_16,"(0, 1, 54, 21)",3
6156,conv2d_16,"(2, 1, 56, 47)",9
6157,conv2d_16,"(2, 1, 38, 32)",0
6158,conv2d_16,"(1, 1, 51, 59)",5
6159,conv2d_16,"(0, 0, 48, 0)",5
6160,conv2d_16,"(2, 2, 22, 2)",16
6161,conv2d_16,"(1, 0, 28, 47)",19
6162,conv2d_16,"(0, 2, 12, 49)",11
6163,conv2d_16,"(0, 2, 3, 23)",6
6164,conv2d_16,"(0, 0, 60, 24)",3
6165,conv2d_16,"(2, 0, 33, 45)",21
6166,conv2d_16,"(2, 2, 38, 14)",10
6167,conv2d_16,"(1, 0, 9, 6)",13
6168,conv2d_16,"(1, 0, 51, 48)",0
6169,conv2d_16,"(2, 1, 0, 10)",20
6170,conv2d_16,"(0, 1, 57, 23)",13
6171,conv2d_16,"(0, 1, 55, 39)",22
6172,conv2d_16,"(2, 2, 5, 58)",25
6173,conv2d_16,"(1, 0, 12, 2)",14
6174,conv2d_16,"(1, 0, 62, 4)",5
6175,conv2d_16,"(1, 0, 4, 63)",24
6176,conv2d_16,"(1, 1, 26, 23)",28
6177,conv2d_16,"(1, 0, 28, 7)",3
6178,conv2d_16,"(2, 1, 0, 21)",15
6179,conv2d_16,"(2, 1, 46, 22)",16
6180,conv2d_16,"(1, 2, 48, 47)",4
6181,conv2d_16,"(2, 1, 26, 36)",0
6182,conv2d_16,"(1, 2, 59, 43)",22
6183,conv2d_16,"(0, 0, 5, 44)",23
6184,conv2d_16,"(1, 1, 55, 36)",0
6185,conv2d_16,"(1, 0, 41, 9)",9
6186,conv2d_16,"(2, 0, 61, 33)",0
6187,conv2d_16,"(1, 2, 56, 22)",21
6188,conv2d_16,"(2, 0, 32, 21)",24
6189,conv2d_16,"(2, 2, 40, 25)",13
6190,conv2d_16,"(1, 1, 54, 35)",15
6191,conv2d_16,"(0, 0, 43, 38)",7
6192,conv2d_16,"(2, 2, 16, 44)",16
6193,conv2d_16,"(0, 2, 40, 62)",13
6194,conv2d_16,"(1, 2, 4, 31)",30
6195,conv2d_16,"(2, 1, 61, 61)",17
6196,conv2d_16,"(1, 0, 27, 27)",3
6197,conv2d_16,"(0, 0, 48, 54)",2
6198,conv2d_16,"(1, 0, 1, 15)",20
6199,conv2d_16,"(0, 0, 59, 37)",28
6200,conv2d_16,"(1, 0, 44, 4)",0
6201,conv2d_16,"(2, 2, 0, 33)",8
6202,conv2d_16,"(2, 0, 41, 25)",31
6203,conv2d_16,"(1, 0, 26, 2)",13
6204,conv2d_16,"(0, 1, 0, 2)",3
6205,conv2d_16,"(0, 1, 36, 14)",30
6206,conv2d_16,"(0, 0, 37, 28)",2
6207,conv2d_16,"(0, 0, 56, 0)",16
6208,conv2d_16,"(2, 0, 34, 21)",22
6209,conv2d_16,"(2, 2, 31, 19)",13
6210,conv2d_16,"(1, 0, 3, 21)",22
6211,conv2d_16,"(1, 2, 53, 60)",6
6212,conv2d_16,"(2, 2, 33, 60)",24
6213,conv2d_16,"(1, 0, 26, 59)",11
6214,conv2d_16,"(1, 2, 63, 37)",9
6215,conv2d_16,"(2, 0, 43, 49)",3
6216,conv2d_16,"(1, 2, 28, 48)",15
6217,conv2d_16,"(1, 2, 3, 30)",14
6218,conv2d_16,"(1, 2, 55, 24)",12
6219,conv2d_16,"(2, 0, 27, 33)",13
6220,conv2d_16,"(2, 1, 32, 32)",19
6221,conv2d_16,"(0, 0, 62, 18)",10
6222,conv2d_16,"(0, 0, 4, 3)",13
6223,conv2d_16,"(2, 0, 12, 60)",18
6224,conv2d_16,"(2, 1, 22, 60)",7
6225,conv2d_16,"(0, 0, 46, 63)",23
6226,conv2d_16,"(0, 2, 36, 38)",24
6227,conv2d_16,"(0, 1, 6, 57)",30
6228,conv2d_16,"(0, 2, 34, 61)",29
6229,conv2d_16,"(0, 1, 61, 47)",30
6230,conv2d_16,"(2, 0, 15, 10)",3
6231,conv2d_16,"(1, 1, 53, 13)",27
6232,conv2d_16,"(0, 0, 18, 22)",5
6233,conv2d_16,"(1, 1, 19, 28)",27
6234,conv2d_16,"(1, 0, 63, 31)",21
6235,conv2d_16,"(1, 0, 15, 14)",1
6236,conv2d_16,"(1, 0, 0, 43)",23
6237,conv2d_16,"(1, 0, 53, 49)",17
6238,conv2d_16,"(0, 0, 31, 13)",13
6239,conv2d_16,"(0, 0, 34, 9)",22
6240,conv2d_16,"(0, 1, 57, 61)",3
6241,conv2d_16,"(1, 1, 59, 31)",17
6242,conv2d_16,"(1, 2, 24, 32)",16
6243,conv2d_16,"(2, 0, 35, 47)",3
6244,conv2d_16,"(0, 1, 26, 3)",6
6245,conv2d_16,"(0, 0, 18, 31)",12
6246,conv2d_16,"(2, 2, 62, 23)",25
6247,conv2d_16,"(1, 2, 6, 4)",27
6248,conv2d_16,"(1, 0, 40, 22)",9
6249,conv2d_16,"(0, 0, 39, 21)",2
6250,conv2d_16,"(0, 1, 28, 0)",4
6251,conv2d_16,"(0, 1, 47, 56)",11
6252,conv2d_16,"(0, 2, 44, 30)",8
6253,conv2d_16,"(0, 1, 0, 19)",14
6254,conv2d_16,"(0, 0, 35, 21)",4
6255,conv2d_16,"(0, 0, 50, 38)",10
6256,conv2d_16,"(1, 1, 50, 11)",19
6257,conv2d_16,"(1, 1, 58, 41)",21
6258,conv2d_16,"(2, 2, 49, 8)",8
6259,conv2d_16,"(2, 0, 24, 12)",16
6260,conv2d_16,"(0, 1, 2, 17)",4
6261,conv2d_16,"(1, 1, 36, 3)",26
6262,conv2d_16,"(0, 1, 59, 32)",27
6263,conv2d_16,"(0, 2, 31, 19)",13
6264,conv2d_16,"(0, 0, 39, 52)",24
6265,conv2d_16,"(2, 1, 17, 15)",1
6266,conv2d_16,"(1, 0, 9, 17)",15
6267,conv2d_16,"(0, 2, 38, 12)",15
6268,conv2d_16,"(0, 2, 0, 29)",3
6269,conv2d_16,"(1, 2, 39, 38)",11
6270,conv2d_16,"(1, 1, 5, 40)",9
6271,conv2d_16,"(1, 2, 47, 55)",22
6272,conv2d_16,"(2, 0, 56, 19)",4
6273,conv2d_16,"(1, 0, 59, 59)",27
6274,conv2d_16,"(2, 0, 22, 46)",29
6275,conv2d_16,"(1, 2, 54, 55)",0
6276,conv2d_16,"(2, 2, 4, 25)",9
6277,conv2d_16,"(0, 2, 8, 23)",18
6278,conv2d_16,"(2, 0, 34, 27)",26
6279,conv2d_16,"(0, 2, 8, 10)",20
6280,conv2d_16,"(0, 1, 1, 48)",18
6281,conv2d_16,"(1, 2, 49, 1)",22
6282,conv2d_16,"(1, 2, 47, 46)",9
6283,conv2d_16,"(1, 2, 33, 33)",9
6284,conv2d_16,"(1, 0, 26, 56)",23
6285,conv2d_16,"(0, 2, 16, 40)",2
6286,conv2d_16,"(0, 1, 59, 7)",9
6287,conv2d_16,"(2, 1, 59, 43)",24
6288,conv2d_16,"(2, 0, 33, 32)",25
6289,conv2d_16,"(0, 2, 0, 59)",30
6290,conv2d_16,"(1, 0, 62, 49)",5
6291,conv2d_16,"(0, 0, 20, 42)",3
6292,conv2d_16,"(1, 2, 14, 40)",3
6293,conv2d_16,"(2, 2, 63, 17)",16
6294,conv2d_16,"(1, 2, 32, 23)",0
6295,conv2d_16,"(1, 1, 14, 51)",10
6296,conv2d_16,"(0, 1, 25, 44)",29
6297,conv2d_16,"(2, 0, 22, 7)",2
6298,conv2d_16,"(2, 1, 10, 63)",27
6299,conv2d_16,"(1, 1, 19, 32)",25
6300,conv2d_16,"(2, 1, 43, 55)",8
6301,conv2d_16,"(0, 2, 25, 34)",3
6302,conv2d_16,"(2, 0, 46, 30)",6
6303,conv2d_16,"(2, 1, 61, 42)",25
6304,conv2d_16,"(1, 0, 11, 24)",0
6305,conv2d_16,"(1, 1, 4, 17)",18
6306,conv2d_16,"(2, 0, 51, 41)",2
6307,conv2d_16,"(0, 1, 29, 42)",4
6308,conv2d_16,"(2, 0, 43, 4)",30
6309,conv2d_16,"(0, 2, 57, 23)",4
6310,conv2d_16,"(1, 2, 32, 43)",17
6311,conv2d_16,"(1, 2, 37, 50)",14
6312,conv2d_16,"(2, 0, 0, 1)",6
6313,conv2d_16,"(2, 1, 43, 53)",24
6314,conv2d_16,"(1, 1, 6, 46)",6
6315,conv2d_16,"(2, 0, 59, 50)",7
6316,conv2d_16,"(2, 2, 6, 5)",24
6317,conv2d_16,"(0, 0, 6, 52)",23
6318,conv2d_16,"(1, 0, 39, 45)",12
6319,conv2d_16,"(2, 0, 42, 62)",15
6320,conv2d_16,"(2, 2, 44, 37)",2
6321,conv2d_16,"(0, 0, 62, 5)",10
6322,conv2d_16,"(2, 0, 23, 16)",14
6323,conv2d_16,"(1, 0, 24, 39)",12
6324,conv2d_16,"(0, 0, 5, 9)",4
6325,conv2d_16,"(1, 1, 20, 24)",22
6326,conv2d_16,"(2, 2, 50, 13)",17
6327,conv2d_16,"(0, 0, 47, 52)",31
6328,conv2d_16,"(0, 2, 54, 10)",27
6329,conv2d_16,"(0, 0, 12, 47)",30
6330,conv2d_16,"(0, 1, 11, 17)",18
6331,conv2d_16,"(2, 2, 14, 31)",4
6332,conv2d_16,"(2, 0, 42, 51)",28
6333,conv2d_16,"(1, 0, 45, 18)",31
6334,conv2d_16,"(1, 1, 26, 16)",29
6335,conv2d_16,"(0, 2, 27, 37)",16
6336,conv2d_16,"(0, 2, 50, 48)",26
6337,conv2d_16,"(2, 2, 23, 37)",28
6338,conv2d_16,"(2, 0, 43, 38)",11
6339,conv2d_16,"(2, 2, 2, 9)",26
6340,conv2d_16,"(0, 2, 36, 5)",1
6341,conv2d_16,"(1, 0, 20, 26)",16
6342,conv2d_16,"(1, 2, 4, 14)",6
6343,conv2d_16,"(0, 1, 12, 7)",14
6344,conv2d_16,"(1, 1, 59, 2)",14
6345,conv2d_16,"(2, 1, 20, 24)",21
6346,conv2d_16,"(1, 2, 57, 60)",9
6347,conv2d_16,"(1, 0, 24, 43)",28
6348,conv2d_16,"(1, 0, 51, 5)",22
6349,conv2d_16,"(0, 1, 35, 0)",24
6350,conv2d_16,"(2, 1, 44, 58)",17
6351,conv2d_16,"(2, 1, 41, 58)",14
6352,conv2d_16,"(0, 2, 39, 25)",9
6353,conv2d_16,"(1, 2, 63, 53)",21
6354,conv2d_16,"(2, 0, 0, 16)",20
6355,conv2d_16,"(2, 0, 54, 1)",18
6356,conv2d_16,"(1, 2, 21, 49)",21
6357,conv2d_16,"(2, 0, 33, 55)",7
6358,conv2d_16,"(1, 1, 23, 55)",3
6359,conv2d_16,"(0, 1, 59, 11)",20
6360,conv2d_16,"(0, 0, 39, 31)",5
6361,conv2d_16,"(1, 2, 25, 12)",17
6362,conv2d_16,"(0, 2, 33, 6)",12
6363,conv2d_16,"(1, 0, 5, 19)",28
6364,conv2d_16,"(0, 1, 54, 38)",4
6365,conv2d_16,"(2, 2, 20, 51)",19
6366,conv2d_16,"(1, 2, 0, 7)",19
6367,conv2d_16,"(1, 1, 28, 23)",15
6368,conv2d_16,"(1, 0, 17, 59)",0
6369,conv2d_16,"(2, 2, 3, 46)",12
6370,conv2d_16,"(1, 1, 5, 62)",31
6371,conv2d_16,"(2, 2, 56, 33)",0
6372,conv2d_16,"(2, 1, 53, 4)",1
6373,conv2d_16,"(1, 0, 11, 29)",6
6374,conv2d_16,"(1, 2, 59, 24)",26
6375,conv2d_16,"(0, 0, 32, 51)",6
6376,conv2d_16,"(0, 0, 39, 46)",6
6377,conv2d_16,"(0, 2, 56, 22)",29
6378,conv2d_16,"(2, 2, 16, 9)",27
6379,conv2d_16,"(0, 1, 37, 53)",4
6380,conv2d_16,"(2, 1, 46, 59)",3
6381,conv2d_16,"(0, 1, 23, 20)",6
6382,conv2d_16,"(2, 2, 47, 6)",8
6383,conv2d_16,"(1, 2, 33, 45)",22
6384,conv2d_16,"(2, 2, 59, 53)",31
6385,conv2d_16,"(2, 0, 36, 28)",12
6386,conv2d_16,"(2, 0, 6, 29)",31
6387,conv2d_16,"(0, 0, 40, 52)",4
6388,conv2d_16,"(1, 2, 19, 56)",24
6389,conv2d_16,"(1, 0, 32, 12)",13
6390,conv2d_16,"(0, 0, 33, 8)",21
6391,conv2d_16,"(2, 2, 45, 48)",3
6392,conv2d_16,"(1, 0, 19, 40)",14
6393,conv2d_16,"(1, 0, 6, 40)",0
6394,conv2d_16,"(2, 1, 32, 41)",10
6395,conv2d_16,"(2, 1, 11, 33)",21
6396,conv2d_16,"(0, 1, 48, 0)",14
6397,conv2d_16,"(2, 0, 55, 60)",3
6398,conv2d_16,"(1, 1, 33, 43)",25
6399,conv2d_16,"(1, 2, 39, 39)",23
6400,conv2d_16,"(2, 2, 44, 53)",3
6401,conv2d_16,"(1, 1, 2, 16)",14
6402,conv2d_16,"(2, 2, 55, 19)",1
6403,conv2d_16,"(0, 2, 30, 23)",1
6404,conv2d_16,"(0, 1, 43, 28)",11
6405,conv2d_16,"(2, 0, 45, 32)",28
6406,conv2d_16,"(2, 0, 39, 2)",15
6407,conv2d_16,"(2, 2, 54, 3)",29
6408,conv2d_16,"(0, 1, 13, 26)",23
6409,conv2d_16,"(1, 0, 53, 18)",28
6410,conv2d_16,"(0, 2, 49, 10)",3
6411,conv2d_16,"(1, 1, 16, 41)",24
6412,conv2d_16,"(1, 0, 42, 47)",22
6413,conv2d_16,"(1, 2, 0, 36)",29
6414,conv2d_16,"(0, 2, 26, 7)",25
6415,conv2d_16,"(1, 2, 62, 3)",9
6416,conv2d_16,"(0, 1, 32, 52)",20
6417,conv2d_16,"(1, 2, 7, 6)",21
6418,conv2d_16,"(1, 2, 27, 55)",9
6419,conv2d_16,"(0, 2, 16, 62)",19
6420,conv2d_16,"(2, 2, 18, 41)",0
6421,conv2d_16,"(2, 2, 15, 39)",19
6422,conv2d_16,"(0, 1, 53, 12)",11
6423,conv2d_16,"(0, 1, 43, 0)",20
6424,conv2d_16,"(2, 2, 12, 38)",23
6425,conv2d_16,"(0, 2, 49, 24)",29
6426,conv2d_16,"(1, 2, 12, 34)",11
6427,conv2d_16,"(1, 1, 47, 9)",0
6428,conv2d_16,"(0, 2, 26, 35)",5
6429,conv2d_16,"(1, 1, 21, 3)",10
6430,conv2d_16,"(1, 0, 7, 4)",8
6431,conv2d_16,"(2, 2, 10, 15)",21
6432,conv2d_16,"(1, 0, 30, 23)",24
6433,conv2d_16,"(2, 0, 59, 33)",19
6434,conv2d_16,"(1, 2, 41, 60)",20
6435,conv2d_16,"(0, 2, 20, 13)",8
6436,conv2d_16,"(1, 1, 55, 13)",23
6437,conv2d_16,"(0, 2, 34, 63)",25
6438,conv2d_16,"(0, 0, 0, 26)",31
6439,conv2d_16,"(1, 1, 63, 3)",8
6440,conv2d_16,"(2, 0, 50, 47)",3
6441,conv2d_16,"(1, 0, 31, 48)",25
6442,conv2d_16,"(1, 1, 54, 55)",21
6443,conv2d_16,"(0, 0, 11, 18)",31
6444,conv2d_16,"(1, 1, 19, 47)",2
6445,conv2d_16,"(0, 1, 0, 52)",22
6446,conv2d_16,"(1, 0, 42, 63)",4
6447,conv2d_16,"(1, 2, 28, 41)",10
6448,conv2d_16,"(1, 2, 23, 60)",22
6449,conv2d_16,"(2, 1, 32, 20)",11
6450,conv2d_16,"(1, 0, 47, 61)",12
6451,conv2d_16,"(2, 0, 59, 23)",19
6452,conv2d_16,"(0, 0, 33, 41)",19
6453,conv2d_16,"(2, 0, 0, 29)",30
6454,conv2d_16,"(2, 2, 8, 58)",5
6455,conv2d_16,"(1, 0, 61, 16)",20
6456,conv2d_16,"(1, 1, 11, 20)",7
6457,conv2d_16,"(1, 1, 6, 61)",10
6458,conv2d_16,"(0, 1, 58, 2)",17
6459,conv2d_16,"(2, 2, 56, 26)",1
6460,conv2d_16,"(1, 0, 41, 28)",12
6461,conv2d_16,"(1, 1, 59, 50)",29
6462,conv2d_16,"(2, 2, 17, 49)",0
6463,conv2d_16,"(1, 2, 63, 63)",4
6464,conv2d_16,"(0, 1, 38, 37)",11
6465,conv2d_16,"(0, 0, 43, 44)",7
6466,conv2d_16,"(2, 0, 45, 61)",31
6467,conv2d_16,"(0, 1, 22, 14)",16
6468,conv2d_16,"(2, 0, 61, 8)",16
6469,conv2d_16,"(0, 1, 56, 29)",4
6470,conv2d_16,"(2, 0, 0, 18)",18
6471,conv2d_16,"(2, 0, 43, 13)",4
6472,conv2d_16,"(0, 0, 14, 13)",23
6473,conv2d_16,"(2, 0, 17, 13)",23
6474,conv2d_16,"(1, 1, 55, 2)",11
6475,conv2d_16,"(0, 2, 25, 23)",31
6476,conv2d_16,"(0, 1, 44, 50)",30
6477,conv2d_16,"(0, 0, 20, 51)",14
6478,conv2d_16,"(0, 0, 19, 12)",17
6479,conv2d_16,"(1, 2, 4, 27)",28
6480,conv2d_16,"(2, 1, 63, 47)",0
6481,conv2d_16,"(1, 0, 0, 45)",8
6482,conv2d_16,"(0, 1, 41, 36)",27
6483,conv2d_16,"(0, 2, 14, 42)",2
6484,conv2d_16,"(0, 2, 36, 42)",29
6485,conv2d_16,"(1, 2, 0, 40)",3
6486,conv2d_16,"(2, 0, 31, 19)",10
6487,conv2d_16,"(1, 0, 33, 6)",27
6488,conv2d_16,"(2, 1, 42, 0)",13
6489,conv2d_16,"(2, 0, 1, 43)",18
6490,conv2d_16,"(0, 1, 46, 9)",8
6491,conv2d_16,"(1, 0, 53, 0)",27
6492,conv2d_16,"(1, 0, 6, 3)",27
6493,conv2d_16,"(2, 2, 12, 52)",25
6494,conv2d_16,"(1, 2, 20, 15)",6
6495,conv2d_16,"(2, 0, 51, 16)",11
6496,conv2d_16,"(1, 1, 16, 23)",23
6497,conv2d_16,"(1, 2, 47, 61)",7
6498,conv2d_16,"(0, 0, 34, 61)",21
6499,conv2d_16,"(1, 2, 48, 17)",10
6500,conv2d_16,"(2, 0, 14, 7)",23
6501,conv2d_16,"(0, 2, 62, 22)",10
6502,conv2d_16,"(2, 0, 35, 30)",16
6503,conv2d_16,"(1, 0, 51, 44)",11
6504,conv2d_16,"(1, 1, 38, 62)",31
6505,conv2d_16,"(2, 1, 57, 5)",23
6506,conv2d_16,"(2, 0, 0, 49)",14
6507,conv2d_16,"(1, 2, 41, 44)",27
6508,conv2d_16,"(2, 2, 14, 6)",13
6509,conv2d_16,"(0, 0, 23, 8)",0
6510,conv2d_16,"(2, 1, 47, 51)",11
6511,conv2d_16,"(1, 1, 55, 32)",18
6512,conv2d_16,"(1, 2, 6, 49)",23
6513,conv2d_16,"(2, 2, 42, 47)",20
6514,conv2d_16,"(0, 0, 55, 55)",23
6515,conv2d_16,"(2, 0, 12, 5)",22
6516,conv2d_16,"(1, 1, 23, 31)",8
6517,conv2d_16,"(0, 1, 52, 41)",13
6518,conv2d_16,"(1, 2, 39, 48)",23
6519,conv2d_16,"(1, 0, 37, 29)",23
6520,conv2d_16,"(0, 0, 22, 6)",31
6521,conv2d_16,"(2, 0, 28, 43)",26
6522,conv2d_16,"(1, 0, 51, 36)",19
6523,conv2d_16,"(0, 1, 62, 0)",17
6524,conv2d_16,"(1, 1, 7, 19)",1
6525,conv2d_16,"(1, 1, 55, 4)",31
6526,conv2d_16,"(0, 2, 41, 61)",0
6527,conv2d_16,"(2, 2, 33, 56)",31
6528,conv2d_16,"(2, 1, 15, 26)",29
6529,conv2d_16,"(1, 1, 39, 5)",24
6530,conv2d_16,"(0, 1, 36, 6)",3
6531,conv2d_16,"(2, 2, 45, 46)",5
6532,conv2d_16,"(0, 0, 14, 62)",17
6533,conv2d_16,"(1, 2, 60, 47)",18
6534,conv2d_16,"(2, 0, 56, 33)",8
6535,conv2d_16,"(2, 0, 34, 17)",24
6536,conv2d_16,"(2, 2, 27, 26)",7
6537,conv2d_16,"(2, 1, 55, 40)",23
6538,conv2d_16,"(0, 1, 59, 44)",31
6539,conv2d_16,"(0, 0, 40, 16)",3
6540,conv2d_16,"(2, 0, 32, 11)",13
6541,conv2d_16,"(0, 2, 16, 53)",12
6542,conv2d_16,"(2, 2, 20, 46)",20
6543,conv2d_16,"(1, 0, 53, 26)",6
6544,conv2d_16,"(0, 2, 16, 56)",12
6545,conv2d_16,"(1, 2, 49, 32)",23
6546,conv2d_16,"(0, 0, 6, 5)",0
6547,conv2d_16,"(1, 2, 50, 28)",23
6548,conv2d_16,"(2, 0, 63, 2)",23
6549,conv2d_16,"(1, 2, 25, 56)",30
6550,conv2d_16,"(2, 2, 61, 18)",15
6551,conv2d_16,"(1, 0, 23, 23)",4
6552,conv2d_16,"(0, 2, 35, 56)",29
6553,conv2d_16,"(0, 1, 16, 50)",1
6554,conv2d_16,"(1, 2, 30, 51)",22
6555,conv2d_16,"(1, 2, 34, 15)",4
6556,conv2d_16,"(0, 1, 53, 11)",11
6557,conv2d_16,"(0, 2, 17, 29)",2
6558,conv2d_16,"(0, 1, 28, 55)",19
6559,conv2d_16,"(1, 0, 52, 61)",7
6560,conv2d_16,"(0, 2, 22, 56)",25
6561,conv2d_16,"(2, 1, 16, 20)",8
6562,conv2d_16,"(2, 2, 28, 57)",30
6563,conv2d_16,"(0, 2, 10, 25)",31
6564,conv2d_16,"(2, 2, 17, 3)",22
6565,conv2d_16,"(0, 2, 22, 44)",28
6566,conv2d_16,"(2, 0, 43, 9)",1
6567,conv2d_16,"(2, 2, 28, 19)",7
6568,conv2d_16,"(0, 1, 26, 56)",18
6569,conv2d_16,"(2, 2, 5, 32)",8
6570,conv2d_16,"(1, 2, 54, 44)",13
6571,conv2d_16,"(1, 0, 62, 43)",14
6572,conv2d_16,"(1, 1, 14, 44)",4
6573,conv2d_16,"(1, 1, 59, 12)",17
6574,conv2d_16,"(0, 2, 15, 24)",16
6575,conv2d_16,"(0, 2, 50, 43)",3
6576,conv2d_16,"(2, 2, 29, 50)",4
6577,conv2d_16,"(2, 2, 49, 30)",30
6578,conv2d_16,"(2, 2, 59, 17)",27
6579,conv2d_16,"(0, 0, 9, 18)",22
6580,conv2d_16,"(2, 2, 28, 6)",6
6581,conv2d_16,"(1, 2, 37, 16)",28
6582,conv2d_16,"(0, 2, 60, 33)",17
6583,conv2d_16,"(0, 2, 28, 9)",16
6584,conv2d_16,"(1, 2, 54, 30)",3
6585,conv2d_16,"(1, 2, 53, 25)",21
6586,conv2d_16,"(2, 2, 22, 13)",6
6587,conv2d_16,"(2, 0, 44, 60)",12
6588,conv2d_16,"(0, 0, 16, 38)",6
6589,conv2d_16,"(2, 0, 57, 61)",11
6590,conv2d_16,"(2, 2, 41, 37)",30
6591,conv2d_16,"(2, 0, 11, 13)",7
6592,conv2d_16,"(1, 1, 22, 47)",30
6593,conv2d_16,"(2, 0, 44, 63)",7
6594,conv2d_16,"(0, 2, 2, 49)",10
6595,conv2d_16,"(0, 0, 45, 48)",22
6596,conv2d_16,"(2, 0, 17, 44)",15
6597,conv2d_16,"(1, 0, 37, 15)",16
6598,conv2d_16,"(0, 2, 17, 39)",9
6599,conv2d_16,"(1, 2, 56, 34)",25
6600,conv2d_16,"(2, 0, 41, 22)",28
6601,conv2d_16,"(1, 2, 41, 11)",2
6602,conv2d_16,"(1, 1, 58, 4)",0
6603,conv2d_16,"(1, 2, 26, 11)",2
6604,conv2d_16,"(0, 2, 55, 53)",19
6605,conv2d_16,"(1, 0, 13, 29)",15
6606,conv2d_16,"(0, 2, 31, 38)",17
6607,conv2d_16,"(2, 1, 6, 42)",29
6608,conv2d_16,"(1, 2, 8, 16)",20
6609,conv2d_16,"(1, 0, 39, 14)",20
6610,conv2d_16,"(1, 1, 38, 11)",13
6611,conv2d_16,"(2, 0, 62, 36)",22
6612,conv2d_16,"(2, 2, 17, 34)",10
6613,conv2d_16,"(1, 1, 28, 0)",13
6614,conv2d_16,"(2, 0, 22, 2)",9
6615,conv2d_16,"(1, 0, 39, 15)",14
6616,conv2d_16,"(2, 1, 24, 31)",19
6617,conv2d_16,"(2, 0, 33, 3)",0
6618,conv2d_16,"(2, 2, 11, 46)",3
6619,conv2d_16,"(2, 1, 38, 53)",23
6620,conv2d_16,"(0, 1, 31, 0)",20
6621,conv2d_16,"(2, 1, 10, 3)",29
6622,conv2d_16,"(0, 1, 27, 19)",16
6623,conv2d_16,"(0, 1, 23, 27)",3
6624,conv2d_16,"(1, 0, 29, 35)",11
6625,conv2d_16,"(2, 0, 0, 51)",2
6626,conv2d_16,"(1, 2, 39, 31)",24
6627,conv2d_16,"(2, 1, 45, 43)",2
6628,conv2d_16,"(1, 0, 0, 21)",17
6629,conv2d_16,"(2, 2, 16, 60)",16
6630,conv2d_16,"(2, 1, 48, 8)",7
6631,conv2d_16,"(1, 0, 33, 51)",22
6632,conv2d_16,"(1, 2, 59, 14)",1
6633,conv2d_16,"(0, 2, 17, 24)",16
6634,conv2d_16,"(1, 2, 8, 53)",22
6635,conv2d_16,"(0, 0, 35, 14)",16
6636,conv2d_16,"(2, 2, 33, 44)",6
6637,conv2d_16,"(0, 1, 16, 39)",27
6638,conv2d_16,"(0, 0, 36, 18)",16
6639,conv2d_16,"(2, 0, 30, 3)",29
6640,conv2d_16,"(0, 2, 42, 2)",26
6641,conv2d_16,"(2, 0, 49, 3)",16
6642,conv2d_16,"(2, 1, 18, 8)",27
6643,conv2d_16,"(0, 1, 16, 25)",26
6644,conv2d_16,"(1, 1, 21, 52)",8
6645,conv2d_16,"(2, 1, 32, 45)",27
6646,conv2d_16,"(0, 2, 32, 45)",4
6647,conv2d_16,"(1, 2, 13, 10)",28
6648,conv2d_16,"(0, 2, 23, 62)",12
6649,conv2d_16,"(1, 1, 33, 37)",3
6650,conv2d_16,"(0, 1, 12, 10)",2
6651,conv2d_16,"(2, 0, 28, 41)",5
6652,conv2d_16,"(0, 1, 50, 41)",16
6653,conv2d_16,"(0, 2, 47, 15)",18
6654,conv2d_16,"(2, 0, 54, 44)",21
6655,conv2d_16,"(2, 1, 17, 62)",8
6656,conv2d_16,"(2, 1, 0, 26)",21
6657,conv2d_16,"(2, 1, 40, 12)",7
6658,conv2d_16,"(1, 1, 53, 49)",18
6659,conv2d_16,"(0, 0, 40, 28)",1
6660,conv2d_16,"(0, 0, 20, 49)",1
6661,conv2d_16,"(2, 1, 21, 4)",9
6662,conv2d_16,"(0, 2, 1, 9)",9
6663,conv2d_16,"(0, 0, 22, 22)",2
6664,conv2d_16,"(2, 2, 49, 11)",16
6665,conv2d_16,"(2, 1, 17, 43)",23
6666,conv2d_16,"(1, 2, 41, 36)",16
6667,conv2d_16,"(2, 0, 46, 0)",19
6668,conv2d_16,"(1, 0, 19, 58)",13
6669,conv2d_16,"(2, 0, 5, 32)",6
6670,conv2d_16,"(1, 1, 62, 30)",7
6671,conv2d_16,"(2, 2, 23, 51)",26
6672,conv2d_16,"(0, 1, 19, 62)",24
6673,conv2d_16,"(1, 2, 30, 54)",24
6674,conv2d_16,"(0, 0, 18, 62)",12
6675,conv2d_16,"(0, 1, 59, 13)",1
6676,conv2d_16,"(1, 0, 23, 22)",11
6677,conv2d_16,"(0, 0, 34, 58)",10
6678,conv2d_16,"(2, 1, 32, 60)",24
6679,conv2d_16,"(1, 1, 20, 35)",18
6680,conv2d_16,"(2, 2, 15, 30)",7
6681,conv2d_16,"(1, 0, 37, 37)",20
6682,conv2d_16,"(2, 0, 34, 4)",8
6683,conv2d_16,"(0, 1, 43, 14)",2
6684,conv2d_16,"(2, 0, 21, 5)",12
6685,conv2d_16,"(1, 1, 14, 46)",30
6686,conv2d_16,"(1, 0, 59, 63)",10
6687,conv2d_16,"(1, 1, 36, 33)",17
6688,conv2d_16,"(2, 0, 21, 39)",31
6689,conv2d_16,"(2, 1, 50, 54)",30
6690,conv2d_16,"(1, 1, 41, 13)",25
6691,conv2d_16,"(2, 0, 11, 50)",24
6692,conv2d_16,"(1, 0, 34, 55)",20
6693,conv2d_16,"(1, 2, 44, 25)",22
6694,conv2d_16,"(2, 2, 41, 25)",0
6695,conv2d_16,"(0, 0, 1, 27)",6
6696,conv2d_16,"(1, 0, 38, 59)",4
6697,conv2d_16,"(1, 0, 28, 59)",15
6698,conv2d_16,"(0, 0, 50, 19)",2
6699,conv2d_16,"(1, 1, 30, 3)",23
6700,conv2d_16,"(2, 1, 29, 30)",5
6701,conv2d_16,"(1, 0, 20, 38)",23
6702,conv2d_16,"(0, 0, 21, 16)",28
6703,conv2d_16,"(1, 0, 54, 47)",26
6704,conv2d_16,"(1, 0, 31, 7)",22
6705,conv2d_16,"(1, 0, 29, 12)",23
6706,conv2d_16,"(2, 0, 27, 59)",27
6707,conv2d_16,"(1, 1, 12, 48)",23
6708,conv2d_16,"(2, 1, 19, 26)",9
6709,conv2d_16,"(1, 2, 51, 20)",11
6710,conv2d_16,"(1, 0, 39, 49)",25
6711,conv2d_16,"(2, 1, 7, 7)",20
6712,conv2d_16,"(0, 1, 55, 28)",30
6713,conv2d_16,"(0, 2, 61, 52)",22
6714,conv2d_16,"(1, 1, 45, 34)",14
6715,conv2d_16,"(0, 0, 59, 30)",20
6716,conv2d_16,"(2, 2, 16, 33)",29
6717,conv2d_16,"(2, 0, 33, 24)",22
6718,conv2d_16,"(2, 0, 57, 54)",14
6719,conv2d_16,"(2, 2, 16, 47)",6
6720,conv2d_16,"(1, 0, 0, 25)",8
6721,conv2d_16,"(2, 1, 38, 31)",21
6722,conv2d_16,"(2, 0, 39, 48)",22
6723,conv2d_16,"(0, 1, 24, 50)",26
6724,conv2d_16,"(0, 0, 47, 37)",24
6725,conv2d_16,"(2, 0, 4, 52)",20
6726,conv2d_16,"(2, 2, 47, 30)",7
6727,conv2d_16,"(2, 1, 8, 60)",21
6728,conv2d_16,"(2, 0, 44, 8)",22
6729,conv2d_16,"(1, 0, 21, 54)",13
6730,conv2d_16,"(1, 2, 61, 54)",7
6731,conv2d_16,"(1, 2, 38, 39)",5
6732,conv2d_16,"(1, 0, 13, 31)",27
6733,conv2d_16,"(0, 1, 27, 2)",18
6734,conv2d_16,"(2, 0, 39, 57)",23
6735,conv2d_16,"(0, 2, 27, 54)",24
6736,conv2d_16,"(2, 0, 32, 31)",27
6737,conv2d_16,"(0, 2, 12, 20)",2
6738,conv2d_16,"(0, 1, 2, 9)",19
6739,conv2d_16,"(0, 1, 15, 60)",25
6740,conv2d_16,"(2, 0, 42, 57)",7
6741,conv2d_16,"(2, 1, 41, 51)",23
6742,conv2d_16,"(0, 0, 16, 6)",4
6743,conv2d_16,"(1, 1, 46, 40)",12
6744,conv2d_16,"(0, 2, 48, 59)",25
6745,conv2d_16,"(1, 2, 25, 57)",25
6746,conv2d_16,"(2, 0, 8, 12)",22
6747,conv2d_16,"(0, 0, 23, 12)",17
6748,conv2d_16,"(2, 1, 8, 18)",5
6749,conv2d_16,"(2, 0, 29, 32)",25
6750,conv2d_16,"(1, 1, 8, 60)",19
6751,conv2d_16,"(1, 2, 46, 5)",23
6752,conv2d_16,"(1, 2, 38, 41)",5
6753,conv2d_16,"(1, 0, 14, 57)",28
6754,conv2d_16,"(0, 0, 53, 22)",28
6755,conv2d_16,"(2, 2, 8, 55)",15
6756,conv2d_16,"(2, 0, 30, 4)",2
6757,conv2d_16,"(2, 1, 37, 55)",21
6758,conv2d_16,"(2, 1, 11, 47)",4
6759,conv2d_16,"(0, 1, 12, 5)",24
6760,conv2d_16,"(0, 2, 6, 24)",25
6761,conv2d_16,"(2, 1, 37, 24)",3
6762,conv2d_16,"(0, 1, 0, 17)",23
6763,conv2d_16,"(1, 0, 38, 6)",20
6764,conv2d_16,"(2, 1, 35, 22)",18
6765,conv2d_16,"(1, 0, 38, 48)",6
6766,conv2d_16,"(0, 0, 39, 63)",23
6767,conv2d_16,"(1, 1, 37, 14)",18
6768,conv2d_16,"(0, 0, 51, 9)",22
6769,conv2d_16,"(0, 1, 48, 36)",15
6770,conv2d_16,"(1, 2, 55, 1)",15
6771,conv2d_16,"(2, 2, 5, 56)",6
6772,conv2d_16,"(0, 2, 24, 55)",26
6773,conv2d_16,"(2, 0, 16, 35)",15
6774,conv2d_16,"(0, 1, 24, 37)",4
6775,conv2d_16,"(2, 2, 47, 56)",21
6776,conv2d_16,"(1, 1, 14, 13)",12
6777,conv2d_16,"(2, 0, 10, 53)",18
6778,conv2d_16,"(2, 0, 17, 32)",16
6779,conv2d_16,"(1, 0, 3, 58)",11
6780,conv2d_16,"(2, 1, 48, 15)",23
6781,conv2d_16,"(1, 2, 16, 11)",0
6782,conv2d_16,"(0, 1, 39, 23)",25
6783,conv2d_16,"(1, 0, 34, 23)",13
6784,conv2d_16,"(2, 2, 36, 43)",22
6785,conv2d_16,"(0, 2, 9, 60)",24
6786,conv2d_16,"(0, 2, 43, 47)",27
6787,conv2d_16,"(2, 0, 29, 7)",25
6788,conv2d_16,"(2, 0, 22, 23)",0
6789,conv2d_16,"(1, 0, 5, 41)",4
6790,conv2d_16,"(2, 0, 35, 27)",12
6791,conv2d_16,"(2, 1, 53, 6)",0
6792,conv2d_16,"(0, 1, 57, 45)",21
6793,conv2d_16,"(1, 0, 44, 52)",11
6794,conv2d_16,"(1, 0, 38, 55)",29
6795,conv2d_16,"(2, 0, 39, 61)",20
6796,conv2d_16,"(0, 2, 20, 34)",31
6797,conv2d_16,"(2, 2, 18, 47)",19
6798,conv2d_16,"(2, 0, 42, 28)",2
6799,conv2d_16,"(1, 2, 7, 32)",7
6800,conv2d_16,"(1, 0, 12, 43)",6
6801,conv2d_16,"(1, 2, 51, 61)",20
6802,conv2d_16,"(2, 0, 20, 25)",31
6803,conv2d_16,"(2, 0, 23, 58)",22
6804,conv2d_16,"(0, 1, 54, 34)",25
6805,conv2d_16,"(1, 2, 63, 58)",27
6806,conv2d_16,"(1, 0, 27, 48)",1
6807,conv2d_16,"(0, 0, 58, 60)",10
6808,conv2d_16,"(2, 0, 59, 45)",10
6809,conv2d_16,"(1, 2, 0, 60)",17
6810,conv2d_16,"(0, 2, 59, 22)",25
6811,conv2d_16,"(2, 1, 46, 45)",25
6812,conv2d_16,"(2, 0, 9, 15)",12
6813,conv2d_16,"(2, 1, 48, 45)",19
6814,conv2d_16,"(2, 0, 44, 38)",2
6815,conv2d_16,"(0, 2, 47, 61)",17
6816,conv2d_16,"(2, 0, 6, 46)",2
6817,conv2d_16,"(2, 1, 59, 42)",4
6818,conv2d_16,"(0, 1, 46, 12)",3
6819,conv2d_16,"(0, 0, 55, 48)",18
6820,conv2d_16,"(1, 1, 34, 52)",11
6821,conv2d_16,"(0, 0, 40, 19)",17
6822,conv2d_16,"(1, 2, 5, 44)",24
6823,conv2d_16,"(1, 0, 46, 4)",8
6824,conv2d_16,"(1, 0, 17, 5)",24
6825,conv2d_16,"(0, 2, 23, 23)",29
6826,conv2d_16,"(2, 0, 18, 24)",21
6827,conv2d_16,"(1, 0, 15, 33)",11
6828,conv2d_16,"(2, 0, 5, 61)",17
6829,conv2d_16,"(2, 0, 23, 21)",6
6830,conv2d_16,"(0, 1, 18, 37)",15
6831,conv2d_16,"(0, 0, 39, 59)",11
6832,conv2d_16,"(1, 1, 63, 10)",15
6833,conv2d_16,"(2, 0, 52, 7)",3
6834,conv2d_16,"(1, 2, 42, 8)",28
6835,conv2d_16,"(1, 2, 17, 30)",5
6836,conv2d_16,"(2, 0, 20, 20)",29
6837,conv2d_16,"(0, 0, 17, 22)",6
6838,conv2d_16,"(2, 2, 59, 38)",0
6839,conv2d_16,"(1, 2, 51, 53)",22
6840,conv2d_16,"(1, 1, 7, 49)",16
6841,conv2d_16,"(0, 1, 54, 28)",27
6842,conv2d_16,"(0, 0, 44, 31)",17
6843,conv2d_16,"(1, 0, 35, 0)",5
6844,conv2d_16,"(1, 2, 28, 43)",31
6845,conv2d_16,"(1, 0, 18, 48)",22
6846,conv2d_16,"(2, 1, 17, 31)",3
6847,conv2d_16,"(2, 2, 13, 45)",6
6848,conv2d_16,"(0, 2, 6, 47)",9
6849,conv2d_16,"(1, 0, 7, 15)",14
6850,conv2d_16,"(2, 2, 22, 6)",28
6851,conv2d_16,"(0, 1, 42, 55)",21
6852,conv2d_16,"(2, 2, 63, 34)",29
6853,conv2d_16,"(0, 1, 7, 20)",16
6854,conv2d_16,"(2, 1, 29, 40)",29
6855,conv2d_16,"(2, 1, 44, 25)",26
6856,conv2d_16,"(2, 1, 54, 35)",19
6857,conv2d_16,"(2, 1, 38, 38)",20
6858,conv2d_16,"(0, 0, 11, 42)",10
6859,conv2d_16,"(0, 2, 13, 21)",6
6860,conv2d_16,"(0, 0, 8, 59)",11
6861,conv2d_16,"(2, 0, 62, 16)",26
6862,conv2d_16,"(2, 2, 9, 6)",13
6863,conv2d_16,"(1, 0, 55, 36)",7
6864,conv2d_16,"(2, 2, 0, 16)",8
6865,conv2d_16,"(0, 1, 39, 11)",20
6866,conv2d_16,"(1, 0, 37, 60)",10
6867,conv2d_16,"(0, 1, 46, 19)",28
6868,conv2d_16,"(2, 1, 44, 14)",12
6869,conv2d_16,"(2, 2, 52, 25)",8
6870,conv2d_16,"(1, 1, 40, 48)",28
6871,conv2d_16,"(2, 1, 55, 34)",7
6872,conv2d_16,"(1, 2, 60, 11)",27
6873,conv2d_16,"(2, 0, 41, 53)",1
6874,conv2d_16,"(0, 2, 23, 0)",28
6875,conv2d_16,"(2, 0, 44, 2)",7
6876,conv2d_16,"(0, 2, 9, 17)",4
6877,conv2d_16,"(2, 1, 38, 29)",19
6878,conv2d_16,"(2, 0, 35, 8)",4
6879,conv2d_16,"(2, 2, 7, 13)",11
6880,conv2d_16,"(2, 0, 6, 16)",22
6881,conv2d_16,"(0, 2, 14, 12)",26
6882,conv2d_16,"(2, 1, 2, 25)",20
6883,conv2d_16,"(2, 2, 48, 17)",8
6884,conv2d_16,"(2, 2, 1, 1)",27
6885,conv2d_16,"(2, 0, 23, 60)",19
6886,conv2d_16,"(2, 2, 10, 9)",30
6887,conv2d_16,"(1, 0, 28, 50)",30
6888,conv2d_16,"(1, 0, 5, 17)",18
6889,conv2d_16,"(1, 2, 37, 15)",12
6890,conv2d_16,"(1, 0, 1, 29)",28
6891,conv2d_16,"(1, 2, 40, 30)",2
6892,conv2d_16,"(2, 0, 17, 56)",11
6893,conv2d_16,"(1, 0, 2, 20)",24
6894,conv2d_16,"(2, 0, 0, 61)",27
6895,conv2d_16,"(0, 2, 38, 3)",25
6896,conv2d_16,"(1, 1, 13, 24)",23
6897,conv2d_16,"(1, 2, 13, 59)",17
6898,conv2d_16,"(1, 2, 38, 51)",29
6899,conv2d_16,"(1, 1, 15, 61)",16
6900,conv2d_16,"(0, 0, 34, 27)",16
6901,conv2d_16,"(0, 0, 63, 46)",16
6902,conv2d_16,"(1, 1, 2, 53)",22
6903,conv2d_16,"(2, 1, 10, 13)",17
6904,conv2d_16,"(1, 1, 19, 49)",20
6905,conv2d_16,"(2, 2, 44, 28)",30
6906,conv2d_16,"(2, 1, 14, 25)",3
6907,conv2d_16,"(0, 0, 45, 43)",23
6908,conv2d_16,"(2, 0, 53, 10)",2
6909,conv2d_16,"(0, 1, 54, 15)",26
6910,conv2d_16,"(1, 1, 45, 40)",17
6911,conv2d_16,"(1, 2, 42, 25)",25
6912,conv2d_16,"(1, 0, 32, 24)",19
6913,conv2d_16,"(1, 1, 50, 58)",1
6914,conv2d_16,"(1, 2, 11, 49)",19
6915,conv2d_16,"(1, 0, 4, 21)",28
6916,conv2d_16,"(2, 0, 25, 13)",2
6917,conv2d_16,"(2, 0, 60, 0)",1
6918,conv2d_16,"(2, 1, 40, 3)",1
6919,conv2d_16,"(2, 1, 12, 60)",11
6920,conv2d_16,"(2, 2, 51, 32)",25
6921,conv2d_16,"(0, 1, 38, 5)",26
6922,conv2d_16,"(2, 2, 16, 34)",24
6923,conv2d_16,"(0, 0, 46, 3)",30
6924,conv2d_16,"(0, 1, 61, 34)",7
6925,conv2d_16,"(1, 2, 18, 18)",26
6926,conv2d_16,"(1, 1, 0, 6)",15
6927,conv2d_16,"(1, 1, 17, 39)",21
6928,conv2d_16,"(0, 0, 47, 60)",17
6929,conv2d_16,"(1, 1, 43, 44)",25
6930,conv2d_16,"(1, 2, 59, 4)",15
6931,conv2d_16,"(0, 2, 16, 51)",5
6932,conv2d_16,"(1, 0, 2, 62)",18
6933,conv2d_16,"(0, 2, 60, 56)",25
6934,conv2d_16,"(1, 1, 10, 33)",2
6935,conv2d_16,"(1, 2, 63, 11)",19
6936,conv2d_16,"(2, 0, 25, 12)",2
6937,conv2d_16,"(0, 0, 12, 24)",11
6938,conv2d_16,"(0, 1, 39, 32)",2
6939,conv2d_16,"(2, 0, 47, 33)",13
6940,conv2d_16,"(2, 2, 36, 46)",6
6941,conv2d_16,"(2, 2, 53, 57)",5
6942,conv2d_16,"(2, 0, 3, 9)",12
6943,conv2d_16,"(0, 1, 19, 47)",26
6944,conv2d_16,"(1, 1, 36, 44)",19
6945,conv2d_16,"(0, 2, 61, 47)",9
6946,conv2d_16,"(0, 1, 17, 42)",17
6947,conv2d_16,"(0, 2, 39, 47)",22
6948,conv2d_16,"(1, 2, 31, 49)",15
6949,conv2d_16,"(2, 0, 51, 18)",17
6950,conv2d_16,"(1, 1, 32, 32)",16
6951,conv2d_16,"(1, 0, 62, 29)",27
6952,conv2d_16,"(2, 0, 1, 16)",10
6953,conv2d_16,"(1, 1, 38, 59)",23
6954,conv2d_16,"(0, 1, 36, 31)",23
6955,conv2d_16,"(0, 2, 4, 37)",4
6956,conv2d_16,"(0, 2, 40, 3)",3
6957,conv2d_16,"(2, 1, 12, 30)",12
6958,conv2d_16,"(0, 2, 41, 53)",1
6959,conv2d_16,"(0, 0, 9, 17)",31
6960,conv2d_16,"(1, 2, 59, 19)",28
6961,conv2d_16,"(0, 0, 46, 28)",11
6962,conv2d_16,"(0, 1, 53, 42)",1
6963,conv2d_16,"(2, 1, 63, 58)",15
6964,conv2d_16,"(2, 2, 28, 7)",8
6965,conv2d_16,"(1, 0, 50, 21)",23
6966,conv2d_16,"(2, 0, 0, 31)",29
6967,conv2d_16,"(0, 1, 46, 55)",12
6968,conv2d_16,"(0, 1, 13, 44)",22
6969,conv2d_16,"(0, 2, 10, 40)",12
6970,conv2d_16,"(1, 2, 17, 24)",22
6971,conv2d_16,"(1, 2, 54, 52)",8
6972,conv2d_16,"(2, 0, 38, 6)",20
6973,conv2d_16,"(0, 0, 47, 32)",28
6974,conv2d_16,"(0, 0, 34, 2)",12
6975,conv2d_16,"(2, 0, 28, 61)",5
6976,conv2d_16,"(2, 2, 52, 21)",1
6977,conv2d_16,"(2, 0, 49, 43)",0
6978,conv2d_16,"(0, 1, 8, 1)",30
6979,conv2d_16,"(2, 0, 4, 21)",23
6980,conv2d_16,"(0, 1, 46, 38)",22
6981,conv2d_16,"(1, 1, 38, 26)",27
6982,conv2d_16,"(2, 1, 17, 42)",20
6983,conv2d_16,"(0, 0, 38, 2)",1
6984,conv2d_16,"(0, 2, 61, 58)",10
6985,conv2d_16,"(1, 0, 59, 0)",18
6986,conv2d_16,"(0, 2, 57, 30)",27
6987,conv2d_16,"(0, 0, 59, 20)",1
6988,conv2d_16,"(1, 0, 57, 58)",7
6989,conv2d_16,"(0, 0, 13, 15)",26
6990,conv2d_16,"(2, 0, 27, 3)",13
6991,conv2d_16,"(0, 2, 44, 29)",3
6992,conv2d_16,"(2, 1, 42, 44)",31
6993,conv2d_16,"(1, 1, 61, 36)",21
6994,conv2d_16,"(0, 1, 32, 22)",12
6995,conv2d_16,"(2, 0, 55, 53)",26
6996,conv2d_16,"(1, 2, 19, 45)",8
6997,conv2d_16,"(1, 1, 18, 15)",17
6998,conv2d_16,"(2, 0, 37, 13)",1
6999,conv2d_16,"(0, 1, 12, 16)",10
7000,conv2d_16,"(0, 0, 37, 44)",23
7001,conv2d_16,"(2, 0, 20, 63)",22
7002,conv2d_16,"(2, 1, 55, 22)",4
7003,conv2d_16,"(0, 1, 39, 30)",21
7004,conv2d_16,"(0, 1, 8, 16)",29
7005,conv2d_16,"(1, 0, 54, 10)",6
7006,conv2d_16,"(1, 1, 6, 53)",31
7007,conv2d_16,"(1, 0, 1, 36)",23
7008,conv2d_16,"(2, 0, 15, 20)",25
7009,conv2d_16,"(0, 2, 0, 39)",19
7010,conv2d_16,"(2, 1, 54, 44)",2
7011,conv2d_16,"(1, 1, 5, 39)",21
7012,conv2d_16,"(0, 0, 56, 7)",21
7013,conv2d_16,"(2, 0, 0, 23)",23
7014,conv2d_16,"(0, 1, 19, 51)",17
7015,conv2d_16,"(2, 1, 54, 10)",12
7016,conv2d_16,"(1, 1, 29, 50)",11
7017,conv2d_16,"(1, 0, 5, 24)",24
7018,conv2d_16,"(0, 1, 62, 29)",2
7019,conv2d_16,"(2, 2, 19, 11)",8
7020,conv2d_16,"(1, 0, 23, 1)",5
7021,conv2d_16,"(2, 0, 36, 44)",29
7022,conv2d_16,"(0, 0, 40, 44)",23
7023,conv2d_16,"(1, 0, 51, 17)",16
7024,conv2d_16,"(2, 1, 42, 24)",8
7025,conv2d_16,"(2, 2, 59, 22)",22
7026,conv2d_16,"(2, 1, 23, 28)",11
7027,conv2d_16,"(0, 2, 10, 5)",3
7028,conv2d_16,"(2, 2, 49, 57)",0
7029,conv2d_16,"(0, 1, 55, 14)",10
7030,conv2d_16,"(1, 1, 6, 5)",19
7031,conv2d_16,"(1, 1, 59, 49)",31
7032,conv2d_16,"(0, 2, 29, 45)",1
7033,conv2d_16,"(0, 0, 9, 12)",10
7034,conv2d_16,"(2, 0, 11, 3)",8
7035,conv2d_16,"(2, 1, 46, 58)",1
7036,conv2d_16,"(0, 1, 34, 1)",28
7037,conv2d_16,"(0, 0, 45, 63)",16
7038,conv2d_16,"(1, 1, 5, 55)",6
7039,conv2d_16,"(1, 2, 25, 18)",12
7040,conv2d_16,"(1, 1, 13, 2)",31
7041,conv2d_16,"(2, 1, 7, 15)",26
7042,conv2d_16,"(1, 1, 44, 7)",22
7043,conv2d_16,"(1, 0, 63, 18)",8
7044,conv2d_16,"(1, 0, 42, 7)",7
7045,conv2d_16,"(0, 1, 41, 33)",25
7046,conv2d_16,"(1, 1, 49, 38)",18
7047,conv2d_16,"(0, 2, 46, 40)",29
7048,conv2d_16,"(2, 0, 6, 22)",23
7049,conv2d_16,"(0, 0, 9, 33)",20
7050,conv2d_16,"(2, 2, 54, 17)",8
7051,conv2d_16,"(2, 1, 18, 40)",21
7052,conv2d_16,"(1, 2, 50, 2)",26
7053,conv2d_16,"(0, 0, 32, 56)",2
7054,conv2d_16,"(1, 0, 34, 9)",1
7055,conv2d_16,"(0, 1, 10, 52)",24
7056,conv2d_16,"(0, 2, 20, 16)",6
7057,conv2d_16,"(1, 1, 63, 53)",28
7058,conv2d_16,"(2, 2, 35, 49)",20
7059,conv2d_16,"(2, 2, 57, 28)",9
7060,conv2d_16,"(1, 1, 53, 41)",23
7061,conv2d_16,"(2, 0, 48, 19)",11
7062,conv2d_16,"(1, 2, 44, 45)",16
7063,conv2d_16,"(0, 2, 60, 45)",2
7064,conv2d_16,"(0, 2, 56, 27)",2
7065,conv2d_16,"(0, 0, 9, 35)",31
7066,conv2d_16,"(2, 0, 62, 32)",20
7067,conv2d_16,"(0, 2, 40, 36)",16
7068,conv2d_16,"(2, 1, 14, 33)",16
7069,conv2d_16,"(1, 2, 8, 27)",19
7070,conv2d_16,"(0, 2, 32, 55)",8
7071,conv2d_16,"(0, 2, 56, 11)",5
7072,conv2d_16,"(1, 1, 20, 43)",25
7073,conv2d_16,"(1, 2, 6, 53)",3
7074,conv2d_16,"(0, 0, 40, 23)",8
7075,conv2d_16,"(1, 1, 59, 22)",8
7076,conv2d_16,"(2, 2, 23, 29)",0
7077,conv2d_16,"(2, 2, 33, 13)",28
7078,conv2d_16,"(0, 2, 34, 62)",6
7079,conv2d_16,"(2, 2, 43, 36)",2
7080,conv2d_16,"(2, 2, 12, 35)",2
7081,conv2d_16,"(1, 0, 22, 35)",28
7082,conv2d_16,"(2, 0, 45, 23)",24
7083,conv2d_16,"(0, 2, 1, 47)",12
7084,conv2d_16,"(2, 0, 53, 62)",16
7085,conv2d_16,"(1, 1, 15, 31)",25
7086,conv2d_16,"(1, 0, 2, 55)",24
7087,conv2d_16,"(0, 1, 26, 55)",7
7088,conv2d_16,"(1, 2, 40, 12)",18
7089,conv2d_16,"(1, 2, 39, 30)",3
7090,conv2d_16,"(1, 2, 52, 42)",13
7091,conv2d_16,"(2, 1, 19, 32)",24
7092,conv2d_16,"(1, 1, 26, 6)",7
7093,conv2d_16,"(0, 2, 0, 57)",13
7094,conv2d_16,"(2, 1, 35, 53)",10
7095,conv2d_16,"(1, 0, 17, 57)",17
7096,conv2d_16,"(1, 2, 12, 3)",16
7097,conv2d_16,"(1, 0, 21, 56)",0
7098,conv2d_16,"(2, 1, 8, 59)",5
7099,conv2d_16,"(0, 2, 45, 11)",16
7100,conv2d_16,"(2, 0, 41, 59)",22
7101,conv2d_16,"(1, 1, 22, 19)",16
7102,conv2d_16,"(2, 1, 7, 57)",17
7103,conv2d_16,"(0, 1, 63, 59)",12
7104,conv2d_16,"(0, 0, 25, 14)",11
7105,conv2d_16,"(0, 0, 0, 45)",31
7106,conv2d_16,"(1, 2, 40, 34)",18
7107,conv2d_16,"(1, 2, 45, 10)",21
7108,conv2d_16,"(0, 2, 32, 31)",24
7109,conv2d_16,"(1, 0, 22, 39)",7
7110,conv2d_16,"(1, 2, 33, 39)",10
7111,conv2d_16,"(1, 2, 10, 1)",30
7112,conv2d_16,"(1, 2, 6, 52)",14
7113,conv2d_16,"(0, 2, 1, 33)",3
7114,conv2d_16,"(2, 1, 2, 10)",11
7115,conv2d_16,"(2, 0, 24, 37)",23
7116,conv2d_16,"(2, 1, 35, 2)",23
7117,conv2d_16,"(0, 2, 11, 47)",9
7118,conv2d_16,"(0, 2, 23, 5)",13
7119,conv2d_16,"(2, 2, 24, 25)",18
7120,conv2d_16,"(1, 0, 10, 2)",26
7121,conv2d_16,"(2, 2, 11, 6)",26
7122,conv2d_16,"(1, 2, 59, 13)",4
7123,conv2d_16,"(2, 1, 10, 17)",29
7124,conv2d_16,"(1, 1, 0, 60)",9
7125,conv2d_16,"(0, 1, 28, 52)",30
7126,conv2d_16,"(1, 0, 11, 27)",0
7127,conv2d_16,"(0, 1, 5, 20)",18
7128,conv2d_16,"(1, 1, 60, 0)",23
7129,conv2d_16,"(0, 1, 18, 39)",5
7130,conv2d_16,"(0, 2, 35, 55)",25
7131,conv2d_16,"(0, 1, 59, 61)",19
7132,conv2d_16,"(1, 0, 2, 28)",26
7133,conv2d_16,"(2, 2, 57, 48)",4
7134,conv2d_16,"(0, 2, 2, 38)",20
7135,conv2d_16,"(1, 1, 36, 49)",13
7136,conv2d_16,"(0, 0, 42, 13)",27
7137,conv2d_16,"(2, 1, 35, 10)",11
7138,conv2d_16,"(2, 0, 23, 12)",19
7139,conv2d_16,"(1, 0, 62, 23)",14
7140,conv2d_16,"(1, 1, 22, 33)",21
7141,conv2d_16,"(0, 2, 60, 17)",27
7142,conv2d_16,"(1, 1, 59, 10)",19
7143,conv2d_16,"(0, 2, 55, 60)",12
7144,conv2d_16,"(0, 2, 31, 3)",27
7145,conv2d_16,"(2, 0, 29, 27)",25
7146,conv2d_16,"(0, 1, 23, 22)",12
7147,conv2d_16,"(0, 2, 59, 26)",26
7148,conv2d_16,"(0, 2, 50, 44)",18
7149,conv2d_16,"(0, 2, 13, 31)",13
7150,conv2d_16,"(2, 1, 32, 9)",16
7151,conv2d_16,"(2, 1, 17, 5)",30
7152,conv2d_16,"(0, 2, 58, 3)",25
7153,conv2d_16,"(1, 0, 41, 42)",10
7154,conv2d_16,"(2, 1, 21, 3)",10
7155,conv2d_16,"(0, 2, 61, 50)",0
7156,conv2d_16,"(1, 0, 63, 1)",3
7157,conv2d_16,"(2, 0, 38, 58)",16
7158,conv2d_16,"(1, 1, 18, 50)",5
7159,conv2d_16,"(0, 1, 50, 56)",26
7160,conv2d_16,"(2, 2, 11, 63)",12
7161,conv2d_16,"(2, 0, 22, 28)",29
7162,conv2d_16,"(2, 0, 3, 49)",14
7163,conv2d_16,"(2, 2, 59, 46)",25
7164,conv2d_16,"(1, 2, 39, 29)",0
7165,conv2d_16,"(0, 2, 48, 22)",27
7166,conv2d_16,"(1, 0, 41, 61)",3
7167,conv2d_16,"(0, 1, 55, 58)",3
7168,conv2d_16,"(0, 1, 12, 13)",14
7169,conv2d_16,"(2, 1, 51, 27)",7
7170,conv2d_16,"(2, 2, 28, 55)",27
7171,conv2d_16,"(2, 0, 26, 51)",0
7172,conv2d_16,"(1, 0, 38, 57)",21
7173,conv2d_16,"(0, 0, 40, 1)",23
7174,conv2d_16,"(1, 1, 19, 5)",4
7175,conv2d_16,"(2, 0, 40, 27)",5
7176,conv2d_16,"(1, 1, 33, 49)",7
7177,conv2d_16,"(0, 0, 38, 6)",7
7178,conv2d_16,"(0, 0, 23, 34)",9
7179,conv2d_16,"(2, 1, 57, 9)",10
7180,conv2d_16,"(2, 0, 17, 34)",5
7181,conv2d_16,"(1, 1, 33, 47)",8
7182,conv2d_16,"(2, 1, 16, 46)",21
7183,conv2d_16,"(2, 0, 16, 18)",18
7184,conv2d_16,"(0, 2, 7, 54)",29
7185,conv2d_16,"(0, 2, 62, 1)",31
7186,conv2d_16,"(0, 1, 45, 58)",24
7187,conv2d_16,"(0, 1, 21, 39)",22
7188,conv2d_16,"(0, 1, 37, 38)",26
7189,conv2d_16,"(0, 0, 47, 21)",25
7190,conv2d_16,"(0, 2, 5, 44)",9
7191,conv2d_16,"(2, 2, 18, 29)",26
7192,conv2d_16,"(2, 1, 59, 53)",22
7193,conv2d_16,"(0, 0, 18, 35)",7
7194,conv2d_16,"(0, 1, 18, 11)",31
7195,conv2d_16,"(1, 2, 19, 32)",31
7196,conv2d_16,"(0, 1, 19, 24)",5
7197,conv2d_16,"(0, 0, 35, 51)",11
7198,conv2d_16,"(1, 2, 46, 20)",2
7199,conv2d_16,"(2, 0, 15, 15)",0
7200,conv2d_16,"(0, 1, 59, 28)",2
7201,conv2d_16,"(0, 1, 27, 9)",30
7202,conv2d_16,"(1, 2, 5, 61)",14
7203,conv2d_16,"(1, 1, 1, 45)",8
7204,conv2d_16,"(2, 1, 21, 54)",12
7205,conv2d_16,"(0, 0, 21, 11)",23
7206,conv2d_16,"(0, 1, 18, 29)",4
7207,conv2d_16,"(2, 0, 55, 26)",17
7208,conv2d_16,"(1, 2, 6, 57)",6
7209,conv2d_16,"(0, 1, 12, 40)",1
7210,conv2d_16,"(1, 0, 53, 61)",10
7211,conv2d_16,"(0, 2, 10, 22)",2
7212,conv2d_16,"(2, 0, 59, 26)",29
7213,conv2d_16,"(0, 2, 32, 26)",16
7214,conv2d_16,"(0, 0, 0, 2)",12
7215,conv2d_16,"(1, 0, 12, 11)",0
7216,conv2d_16,"(0, 1, 12, 15)",6
7217,conv2d_16,"(0, 2, 28, 51)",22
7218,conv2d_16,"(2, 1, 16, 37)",23
7219,conv2d_16,"(2, 2, 0, 35)",11
7220,conv2d_16,"(0, 1, 0, 21)",28
7221,conv2d_16,"(0, 1, 60, 60)",23
7222,conv2d_16,"(1, 2, 25, 54)",31
7223,conv2d_16,"(2, 2, 0, 25)",12
7224,conv2d_16,"(0, 0, 7, 2)",24
7225,conv2d_16,"(1, 0, 0, 2)",29
7226,conv2d_16,"(0, 1, 62, 11)",9
7227,conv2d_16,"(1, 0, 10, 52)",1
7228,conv2d_16,"(0, 0, 48, 10)",31
7229,conv2d_16,"(0, 1, 7, 27)",17
7230,conv2d_16,"(2, 1, 0, 57)",4
7231,conv2d_16,"(2, 1, 20, 61)",19
7232,conv2d_16,"(0, 2, 53, 29)",21
7233,conv2d_16,"(1, 1, 8, 17)",5
7234,conv2d_17,"(0, 2, 8, 40)",19
7235,conv2d_17,"(1, 1, 55, 47)",8
7236,conv2d_17,"(1, 2, 34, 27)",9
7237,conv2d_17,"(1, 2, 30, 0)",22
7238,conv2d_17,"(2, 1, 10, 60)",8
7239,conv2d_17,"(2, 1, 4, 29)",23
7240,conv2d_17,"(2, 0, 1, 13)",9
7241,conv2d_17,"(0, 2, 62, 28)",1
7242,conv2d_17,"(0, 0, 8, 32)",4
7243,conv2d_17,"(0, 0, 8, 27)",4
7244,conv2d_17,"(2, 1, 16, 29)",18
7245,conv2d_17,"(0, 2, 0, 30)",25
7246,conv2d_17,"(0, 0, 48, 41)",16
7247,conv2d_17,"(2, 0, 41, 2)",31
7248,conv2d_17,"(2, 1, 39, 6)",6
7249,conv2d_17,"(1, 1, 17, 15)",12
7250,conv2d_17,"(0, 0, 11, 47)",6
7251,conv2d_17,"(2, 2, 34, 42)",25
7252,conv2d_17,"(0, 2, 51, 12)",15
7253,conv2d_17,"(2, 0, 40, 35)",5
7254,conv2d_17,"(2, 1, 29, 4)",17
7255,conv2d_17,"(2, 0, 19, 25)",21
7256,conv2d_17,"(0, 2, 61, 37)",10
7257,conv2d_17,"(0, 1, 26, 56)",10
7258,conv2d_17,"(0, 1, 40, 29)",6
7259,conv2d_17,"(0, 0, 59, 37)",7
7260,conv2d_17,"(0, 2, 25, 52)",19
7261,conv2d_17,"(1, 1, 18, 23)",17
7262,conv2d_17,"(2, 1, 24, 45)",27
7263,conv2d_17,"(2, 0, 12, 31)",21
7264,conv2d_17,"(0, 0, 17, 4)",20
7265,conv2d_17,"(2, 0, 16, 35)",8
7266,conv2d_17,"(1, 2, 17, 22)",29
7267,conv2d_17,"(0, 1, 60, 25)",21
7268,conv2d_17,"(2, 1, 9, 33)",7
7269,conv2d_17,"(1, 1, 11, 29)",31
7270,conv2d_17,"(1, 2, 57, 57)",1
7271,conv2d_17,"(1, 1, 61, 53)",21
7272,conv2d_17,"(0, 1, 55, 4)",19
7273,conv2d_17,"(2, 0, 61, 51)",29
7274,conv2d_17,"(2, 2, 58, 19)",4
7275,conv2d_17,"(2, 1, 9, 61)",7
7276,conv2d_17,"(2, 2, 2, 11)",17
7277,conv2d_17,"(0, 0, 5, 41)",16
7278,conv2d_17,"(0, 2, 7, 53)",15
7279,conv2d_17,"(1, 0, 22, 46)",15
7280,conv2d_17,"(1, 0, 60, 4)",14
7281,conv2d_17,"(2, 1, 7, 11)",14
7282,conv2d_17,"(0, 0, 31, 19)",0
7283,conv2d_17,"(1, 0, 33, 50)",24
7284,conv2d_17,"(0, 1, 59, 19)",17
7285,conv2d_17,"(2, 2, 54, 43)",8
7286,conv2d_17,"(1, 2, 3, 35)",21
7287,conv2d_17,"(0, 1, 34, 35)",16
7288,conv2d_17,"(0, 2, 46, 11)",7
7289,conv2d_17,"(1, 2, 54, 21)",29
7290,conv2d_17,"(1, 2, 32, 20)",17
7291,conv2d_17,"(1, 0, 55, 23)",22
7292,conv2d_17,"(1, 0, 7, 30)",0
7293,conv2d_17,"(2, 1, 58, 15)",17
7294,conv2d_17,"(2, 0, 27, 49)",24
7295,conv2d_17,"(1, 0, 32, 45)",29
7296,conv2d_17,"(0, 0, 53, 27)",10
7297,conv2d_17,"(0, 0, 50, 36)",21
7298,conv2d_17,"(1, 2, 56, 59)",4
7299,conv2d_17,"(0, 2, 8, 31)",9
7300,conv2d_17,"(2, 1, 26, 1)",4
7301,conv2d_17,"(2, 2, 59, 58)",29
7302,conv2d_17,"(2, 0, 49, 9)",14
7303,conv2d_17,"(1, 0, 8, 40)",18
7304,conv2d_17,"(2, 2, 1, 44)",7
7305,conv2d_17,"(2, 0, 17, 51)",18
7306,conv2d_17,"(0, 2, 39, 63)",29
7307,conv2d_17,"(2, 1, 13, 56)",10
7308,conv2d_17,"(0, 2, 60, 36)",22
7309,conv2d_17,"(0, 0, 19, 47)",20
7310,conv2d_17,"(1, 2, 22, 54)",23
7311,conv2d_17,"(1, 2, 48, 31)",18
7312,conv2d_17,"(2, 0, 54, 24)",0
7313,conv2d_17,"(1, 1, 2, 31)",7
7314,conv2d_17,"(2, 0, 4, 26)",17
7315,conv2d_17,"(0, 2, 28, 30)",1
7316,conv2d_17,"(0, 2, 48, 34)",28
7317,conv2d_17,"(1, 2, 40, 45)",9
7318,conv2d_17,"(2, 0, 1, 43)",7
7319,conv2d_17,"(0, 2, 28, 2)",26
7320,conv2d_17,"(0, 0, 53, 34)",9
7321,conv2d_17,"(2, 0, 56, 25)",22
7322,conv2d_17,"(1, 1, 13, 26)",0
7323,conv2d_17,"(1, 0, 4, 27)",16
7324,conv2d_17,"(2, 2, 32, 2)",13
7325,conv2d_17,"(1, 0, 47, 42)",1
7326,conv2d_17,"(0, 1, 37, 53)",1
7327,conv2d_17,"(0, 2, 60, 35)",8
7328,conv2d_17,"(2, 1, 4, 33)",20
7329,conv2d_17,"(2, 1, 7, 10)",2
7330,conv2d_17,"(2, 0, 34, 49)",9
7331,conv2d_17,"(0, 1, 39, 20)",21
7332,conv2d_17,"(2, 2, 1, 16)",23
7333,conv2d_17,"(2, 2, 39, 0)",21
7334,conv2d_17,"(0, 1, 24, 25)",7
7335,conv2d_17,"(0, 2, 14, 10)",31
7336,conv2d_17,"(0, 0, 17, 53)",25
7337,conv2d_17,"(1, 1, 9, 58)",6
7338,conv2d_17,"(1, 2, 55, 55)",10
7339,conv2d_17,"(1, 1, 56, 24)",5
7340,conv2d_17,"(1, 1, 3, 28)",30
7341,conv2d_17,"(1, 2, 50, 41)",10
7342,conv2d_17,"(1, 1, 4, 35)",7
7343,conv2d_17,"(0, 1, 49, 16)",9
7344,conv2d_17,"(1, 1, 14, 21)",11
7345,conv2d_17,"(2, 2, 57, 36)",22
7346,conv2d_17,"(1, 2, 49, 19)",24
7347,conv2d_17,"(0, 1, 45, 13)",23
7348,conv2d_17,"(0, 1, 2, 8)",2
7349,conv2d_17,"(0, 0, 22, 5)",14
7350,conv2d_17,"(2, 2, 34, 23)",17
7351,conv2d_17,"(0, 2, 25, 42)",23
7352,conv2d_17,"(2, 0, 3, 45)",10
7353,conv2d_17,"(0, 1, 1, 37)",20
7354,conv2d_17,"(2, 1, 34, 27)",8
7355,conv2d_17,"(2, 0, 50, 16)",1
7356,conv2d_17,"(0, 0, 23, 8)",20
7357,conv2d_17,"(2, 0, 9, 2)",20
7358,conv2d_17,"(2, 1, 31, 55)",31
7359,conv2d_17,"(2, 2, 58, 37)",3
7360,conv2d_17,"(0, 0, 8, 14)",7
7361,conv2d_17,"(0, 1, 32, 42)",4
7362,conv2d_17,"(0, 0, 13, 44)",30
7363,conv2d_17,"(0, 2, 42, 49)",23
7364,conv2d_17,"(0, 0, 5, 55)",7
7365,conv2d_17,"(1, 0, 39, 1)",20
7366,conv2d_17,"(0, 1, 60, 16)",22
7367,conv2d_17,"(0, 0, 34, 31)",10
7368,conv2d_17,"(2, 0, 58, 24)",6
7369,conv2d_17,"(1, 2, 60, 49)",18
7370,conv2d_17,"(1, 1, 37, 23)",24
7371,conv2d_17,"(1, 2, 29, 54)",9
7372,conv2d_17,"(2, 0, 63, 14)",30
7373,conv2d_17,"(0, 2, 25, 11)",7
7374,conv2d_17,"(0, 0, 7, 39)",21
7375,conv2d_17,"(2, 0, 0, 19)",17
7376,conv2d_17,"(0, 1, 36, 6)",18
7377,conv2d_17,"(1, 1, 31, 2)",26
7378,conv2d_17,"(1, 2, 43, 35)",15
7379,conv2d_17,"(1, 0, 39, 26)",18
7380,conv2d_17,"(0, 0, 42, 7)",9
7381,conv2d_17,"(0, 0, 60, 33)",31
7382,conv2d_17,"(1, 1, 13, 44)",30
7383,conv2d_17,"(2, 1, 35, 43)",19
7384,conv2d_17,"(2, 1, 57, 19)",30
7385,conv2d_17,"(1, 2, 47, 25)",11
7386,conv2d_17,"(1, 1, 62, 54)",22
7387,conv2d_17,"(0, 0, 2, 60)",1
7388,conv2d_17,"(0, 2, 7, 38)",1
7389,conv2d_17,"(0, 0, 17, 38)",14
7390,conv2d_17,"(0, 2, 15, 36)",29
7391,conv2d_17,"(0, 1, 46, 31)",14
7392,conv2d_17,"(2, 1, 22, 55)",1
7393,conv2d_17,"(1, 2, 16, 45)",28
7394,conv2d_17,"(2, 0, 2, 25)",4
7395,conv2d_17,"(2, 1, 63, 49)",14
7396,conv2d_17,"(1, 0, 36, 22)",21
7397,conv2d_17,"(2, 0, 45, 26)",22
7398,conv2d_17,"(0, 2, 14, 6)",0
7399,conv2d_17,"(0, 2, 31, 34)",13
7400,conv2d_17,"(0, 0, 20, 21)",11
7401,conv2d_17,"(0, 1, 27, 43)",10
7402,conv2d_17,"(0, 2, 2, 27)",6
7403,conv2d_17,"(1, 1, 41, 13)",23
7404,conv2d_17,"(2, 1, 46, 13)",25
7405,conv2d_17,"(0, 2, 30, 10)",4
7406,conv2d_17,"(2, 1, 35, 61)",10
7407,conv2d_17,"(0, 0, 61, 18)",24
7408,conv2d_17,"(2, 2, 54, 50)",16
7409,conv2d_17,"(2, 0, 46, 10)",25
7410,conv2d_17,"(2, 1, 12, 39)",23
7411,conv2d_17,"(2, 2, 22, 0)",7
7412,conv2d_17,"(1, 1, 56, 37)",8
7413,conv2d_17,"(1, 2, 20, 44)",21
7414,conv2d_17,"(1, 0, 30, 36)",16
7415,conv2d_17,"(2, 1, 50, 49)",0
7416,conv2d_17,"(0, 0, 49, 56)",26
7417,conv2d_17,"(0, 0, 16, 63)",6
7418,conv2d_17,"(2, 1, 45, 8)",21
7419,conv2d_17,"(1, 0, 5, 39)",26
7420,conv2d_17,"(1, 1, 30, 8)",21
7421,conv2d_17,"(2, 1, 55, 55)",24
7422,conv2d_17,"(1, 0, 14, 22)",18
7423,conv2d_17,"(1, 1, 47, 35)",2
7424,conv2d_17,"(1, 2, 11, 12)",16
7425,conv2d_17,"(2, 0, 41, 55)",24
7426,conv2d_17,"(2, 0, 47, 31)",30
7427,conv2d_17,"(1, 2, 20, 63)",3
7428,conv2d_17,"(2, 1, 49, 50)",8
7429,conv2d_17,"(0, 2, 52, 17)",8
7430,conv2d_17,"(0, 0, 50, 18)",25
7431,conv2d_17,"(1, 2, 25, 23)",17
7432,conv2d_17,"(1, 0, 17, 18)",4
7433,conv2d_17,"(1, 1, 27, 50)",19
7434,conv2d_17,"(0, 1, 30, 19)",7
7435,conv2d_17,"(2, 2, 51, 26)",31
7436,conv2d_17,"(2, 0, 43, 32)",8
7437,conv2d_17,"(1, 1, 19, 40)",3
7438,conv2d_17,"(1, 0, 30, 3)",15
7439,conv2d_17,"(1, 1, 43, 52)",18
7440,conv2d_17,"(2, 0, 59, 26)",23
7441,conv2d_17,"(0, 0, 63, 55)",16
7442,conv2d_17,"(1, 1, 11, 36)",2
7443,conv2d_17,"(2, 1, 15, 61)",26
7444,conv2d_17,"(1, 1, 49, 57)",10
7445,conv2d_17,"(1, 2, 32, 32)",26
7446,conv2d_17,"(2, 1, 4, 38)",3
7447,conv2d_17,"(0, 1, 25, 18)",6
7448,conv2d_17,"(0, 1, 47, 25)",14
7449,conv2d_17,"(1, 0, 26, 23)",20
7450,conv2d_17,"(2, 2, 49, 56)",13
7451,conv2d_17,"(2, 0, 38, 49)",5
7452,conv2d_17,"(1, 2, 0, 28)",3
7453,conv2d_17,"(0, 0, 11, 29)",0
7454,conv2d_17,"(2, 1, 55, 48)",27
7455,conv2d_17,"(2, 1, 23, 0)",22
7456,conv2d_17,"(0, 0, 48, 37)",0
7457,conv2d_17,"(2, 0, 19, 29)",11
7458,conv2d_17,"(0, 1, 1, 56)",2
7459,conv2d_17,"(1, 2, 54, 43)",4
7460,conv2d_17,"(2, 2, 49, 3)",0
7461,conv2d_17,"(2, 0, 31, 20)",16
7462,conv2d_17,"(2, 1, 18, 55)",14
7463,conv2d_17,"(0, 2, 7, 63)",29
7464,conv2d_17,"(1, 1, 5, 57)",4
7465,conv2d_17,"(2, 2, 58, 57)",29
7466,conv2d_17,"(1, 1, 43, 61)",18
7467,conv2d_17,"(1, 2, 17, 53)",15
7468,conv2d_17,"(0, 1, 11, 47)",15
7469,conv2d_17,"(0, 0, 38, 11)",9
7470,conv2d_17,"(2, 1, 58, 16)",27
7471,conv2d_17,"(2, 2, 30, 23)",23
7472,conv2d_17,"(1, 0, 19, 6)",25
7473,conv2d_17,"(2, 2, 8, 2)",7
7474,conv2d_17,"(2, 1, 7, 1)",29
7475,conv2d_17,"(0, 2, 33, 6)",25
7476,conv2d_17,"(1, 1, 57, 18)",19
7477,conv2d_17,"(1, 2, 49, 27)",22
7478,conv2d_17,"(1, 0, 50, 48)",22
7479,conv2d_17,"(2, 2, 29, 26)",2
7480,conv2d_17,"(2, 2, 48, 29)",14
7481,conv2d_17,"(0, 0, 18, 57)",0
7482,conv2d_17,"(1, 1, 49, 50)",13
7483,conv2d_17,"(2, 0, 53, 12)",19
7484,conv2d_17,"(2, 2, 48, 46)",6
7485,conv2d_17,"(1, 1, 37, 15)",28
7486,conv2d_17,"(0, 0, 4, 47)",14
7487,conv2d_17,"(2, 2, 58, 1)",4
7488,conv2d_17,"(1, 2, 18, 19)",8
7489,conv2d_17,"(2, 1, 61, 41)",5
7490,conv2d_17,"(0, 0, 4, 15)",24
7491,conv2d_17,"(1, 1, 3, 42)",24
7492,conv2d_17,"(0, 2, 28, 10)",8
7493,conv2d_17,"(0, 0, 16, 55)",1
7494,conv2d_17,"(0, 1, 3, 62)",9
7495,conv2d_17,"(0, 1, 39, 29)",10
7496,conv2d_17,"(1, 0, 62, 39)",20
7497,conv2d_17,"(2, 0, 49, 28)",2
7498,conv2d_17,"(2, 0, 7, 59)",20
7499,conv2d_17,"(1, 0, 12, 26)",18
7500,conv2d_17,"(0, 0, 44, 18)",4
7501,conv2d_17,"(1, 2, 36, 17)",26
7502,conv2d_17,"(2, 2, 48, 16)",31
7503,conv2d_17,"(2, 1, 27, 55)",21
7504,conv2d_17,"(0, 2, 58, 15)",20
7505,conv2d_17,"(0, 0, 62, 31)",2
7506,conv2d_17,"(2, 0, 9, 46)",31
7507,conv2d_17,"(2, 0, 29, 37)",11
7508,conv2d_17,"(2, 0, 20, 32)",1
7509,conv2d_17,"(1, 2, 41, 43)",2
7510,conv2d_17,"(0, 2, 26, 12)",7
7511,conv2d_17,"(2, 0, 5, 26)",29
7512,conv2d_17,"(1, 0, 56, 50)",13
7513,conv2d_17,"(1, 2, 11, 39)",13
7514,conv2d_17,"(1, 1, 27, 35)",23
7515,conv2d_17,"(0, 0, 22, 48)",1
7516,conv2d_17,"(2, 2, 51, 17)",10
7517,conv2d_17,"(2, 1, 18, 46)",27
7518,conv2d_17,"(0, 2, 41, 13)",3
7519,conv2d_17,"(2, 2, 51, 53)",26
7520,conv2d_17,"(1, 2, 4, 20)",28
7521,conv2d_17,"(1, 2, 37, 16)",15
7522,conv2d_17,"(1, 2, 50, 32)",16
7523,conv2d_17,"(0, 1, 25, 47)",26
7524,conv2d_17,"(1, 2, 52, 4)",3
7525,conv2d_17,"(0, 1, 42, 48)",21
7526,conv2d_17,"(2, 2, 13, 29)",10
7527,conv2d_17,"(0, 2, 34, 38)",22
7528,conv2d_17,"(0, 0, 3, 26)",16
7529,conv2d_17,"(0, 2, 32, 30)",3
7530,conv2d_17,"(0, 0, 62, 52)",11
7531,conv2d_17,"(2, 0, 4, 39)",20
7532,conv2d_17,"(1, 0, 33, 49)",5
7533,conv2d_17,"(0, 2, 53, 13)",1
7534,conv2d_17,"(1, 1, 57, 5)",20
7535,conv2d_17,"(1, 0, 17, 28)",3
7536,conv2d_17,"(0, 1, 9, 30)",15
7537,conv2d_17,"(0, 1, 53, 46)",18
7538,conv2d_17,"(0, 0, 13, 3)",3
7539,conv2d_17,"(1, 0, 35, 63)",27
7540,conv2d_17,"(1, 1, 54, 17)",22
7541,conv2d_17,"(2, 0, 23, 13)",8
7542,conv2d_17,"(1, 2, 61, 42)",24
7543,conv2d_17,"(2, 2, 46, 22)",8
7544,conv2d_17,"(0, 1, 52, 10)",30
7545,conv2d_17,"(1, 1, 38, 40)",19
7546,conv2d_17,"(0, 0, 46, 38)",28
7547,conv2d_17,"(0, 0, 48, 59)",17
7548,conv2d_17,"(0, 2, 20, 4)",13
7549,conv2d_17,"(0, 0, 33, 39)",10
7550,conv2d_17,"(1, 1, 5, 58)",10
7551,conv2d_17,"(1, 1, 3, 41)",12
7552,conv2d_17,"(1, 2, 29, 55)",2
7553,conv2d_17,"(1, 2, 37, 17)",9
7554,conv2d_17,"(2, 1, 38, 50)",21
7555,conv2d_17,"(2, 0, 56, 2)",27
7556,conv2d_17,"(1, 1, 36, 51)",4
7557,conv2d_17,"(0, 1, 40, 20)",3
7558,conv2d_17,"(1, 0, 18, 30)",13
7559,conv2d_17,"(2, 1, 5, 2)",12
7560,conv2d_17,"(1, 2, 15, 38)",5
7561,conv2d_17,"(0, 2, 46, 19)",12
7562,conv2d_17,"(1, 1, 10, 4)",27
7563,conv2d_17,"(0, 2, 32, 49)",26
7564,conv2d_17,"(2, 1, 12, 52)",17
7565,conv2d_17,"(0, 2, 51, 17)",1
7566,conv2d_17,"(1, 2, 29, 58)",29
7567,conv2d_17,"(0, 2, 54, 11)",5
7568,conv2d_17,"(0, 0, 60, 32)",4
7569,conv2d_17,"(0, 1, 57, 22)",8
7570,conv2d_17,"(0, 1, 54, 2)",29
7571,conv2d_17,"(1, 0, 59, 39)",20
7572,conv2d_17,"(2, 2, 28, 27)",29
7573,conv2d_17,"(1, 2, 22, 12)",3
7574,conv2d_17,"(2, 2, 48, 40)",25
7575,conv2d_17,"(1, 0, 20, 41)",4
7576,conv2d_17,"(2, 1, 25, 3)",7
7577,conv2d_17,"(2, 2, 24, 22)",13
7578,conv2d_17,"(1, 2, 33, 10)",9
7579,conv2d_17,"(1, 2, 63, 4)",15
7580,conv2d_17,"(2, 1, 25, 0)",14
7581,conv2d_17,"(1, 1, 17, 25)",21
7582,conv2d_17,"(0, 0, 18, 3)",18
7583,conv2d_17,"(0, 0, 41, 50)",0
7584,conv2d_17,"(2, 1, 46, 24)",13
7585,conv2d_17,"(1, 1, 48, 25)",9
7586,conv2d_17,"(2, 2, 35, 26)",23
7587,conv2d_17,"(0, 1, 8, 36)",15
7588,conv2d_17,"(2, 0, 58, 48)",10
7589,conv2d_17,"(0, 2, 41, 33)",18
7590,conv2d_17,"(2, 0, 34, 47)",30
7591,conv2d_17,"(0, 1, 56, 31)",1
7592,conv2d_17,"(0, 0, 63, 17)",3
7593,conv2d_17,"(1, 0, 12, 21)",6
7594,conv2d_17,"(0, 0, 28, 39)",0
7595,conv2d_17,"(0, 1, 38, 41)",22
7596,conv2d_17,"(1, 1, 22, 22)",1
7597,conv2d_17,"(0, 1, 2, 5)",22
7598,conv2d_17,"(2, 1, 23, 37)",3
7599,conv2d_17,"(0, 0, 12, 42)",2
7600,conv2d_17,"(0, 2, 60, 31)",2
7601,conv2d_17,"(0, 0, 62, 63)",18
7602,conv2d_17,"(2, 2, 29, 34)",10
7603,conv2d_17,"(2, 1, 42, 41)",15
7604,conv2d_17,"(0, 2, 21, 13)",28
7605,conv2d_17,"(1, 1, 22, 54)",22
7606,conv2d_17,"(0, 0, 14, 25)",18
7607,conv2d_17,"(1, 0, 40, 38)",10
7608,conv2d_17,"(0, 1, 50, 15)",20
7609,conv2d_17,"(0, 1, 57, 2)",5
7610,conv2d_17,"(1, 1, 2, 11)",15
7611,conv2d_17,"(1, 2, 19, 45)",1
7612,conv2d_17,"(2, 0, 7, 38)",25
7613,conv2d_17,"(0, 1, 33, 11)",6
7614,conv2d_17,"(1, 0, 38, 16)",7
7615,conv2d_17,"(0, 1, 27, 8)",25
7616,conv2d_17,"(0, 1, 40, 50)",13
7617,conv2d_17,"(0, 0, 21, 51)",23
7618,conv2d_17,"(2, 0, 28, 25)",3
7619,conv2d_17,"(2, 0, 23, 50)",24
7620,conv2d_17,"(0, 0, 50, 50)",21
7621,conv2d_17,"(1, 2, 15, 23)",6
7622,conv2d_17,"(1, 2, 47, 56)",31
7623,conv2d_17,"(2, 2, 26, 41)",5
7624,conv2d_17,"(1, 0, 42, 11)",23
7625,conv2d_17,"(1, 0, 1, 30)",12
7626,conv2d_17,"(2, 0, 18, 18)",20
7627,conv2d_17,"(0, 1, 62, 33)",20
7628,conv2d_17,"(0, 1, 1, 3)",15
7629,conv2d_17,"(0, 1, 35, 46)",2
7630,conv2d_17,"(2, 2, 49, 50)",9
7631,conv2d_17,"(0, 2, 26, 0)",17
7632,conv2d_17,"(1, 0, 41, 10)",26
7633,conv2d_17,"(0, 2, 35, 43)",30
7634,conv2d_17,"(0, 1, 2, 2)",12
7635,conv2d_17,"(2, 0, 20, 63)",6
7636,conv2d_17,"(2, 2, 57, 33)",7
7637,conv2d_17,"(2, 2, 24, 54)",16
7638,conv2d_17,"(1, 0, 49, 51)",11
7639,conv2d_17,"(2, 2, 31, 52)",29
7640,conv2d_17,"(1, 1, 41, 28)",3
7641,conv2d_17,"(1, 0, 17, 22)",4
7642,conv2d_17,"(2, 2, 20, 12)",4
7643,conv2d_17,"(2, 0, 31, 2)",19
7644,conv2d_17,"(2, 1, 25, 4)",22
7645,conv2d_17,"(1, 2, 59, 25)",13
7646,conv2d_17,"(0, 2, 0, 17)",26
7647,conv2d_17,"(2, 2, 8, 30)",27
7648,conv2d_17,"(0, 2, 54, 50)",10
7649,conv2d_17,"(1, 0, 31, 33)",23
7650,conv2d_17,"(2, 2, 49, 49)",15
7651,conv2d_17,"(0, 0, 55, 58)",6
7652,conv2d_17,"(1, 0, 57, 5)",2
7653,conv2d_17,"(1, 2, 4, 43)",25
7654,conv2d_17,"(0, 0, 7, 9)",25
7655,conv2d_17,"(1, 0, 1, 60)",11
7656,conv2d_17,"(0, 1, 11, 4)",17
7657,conv2d_17,"(2, 2, 33, 63)",30
7658,conv2d_17,"(1, 1, 10, 19)",5
7659,conv2d_17,"(2, 0, 62, 58)",8
7660,conv2d_17,"(0, 2, 8, 1)",28
7661,conv2d_17,"(2, 1, 63, 50)",28
7662,conv2d_17,"(0, 2, 2, 38)",30
7663,conv2d_17,"(0, 1, 48, 15)",27
7664,conv2d_17,"(1, 0, 43, 6)",3
7665,conv2d_17,"(2, 0, 39, 58)",7
7666,conv2d_17,"(2, 1, 34, 44)",17
7667,conv2d_17,"(1, 1, 51, 63)",24
7668,conv2d_17,"(2, 2, 34, 34)",4
7669,conv2d_17,"(1, 1, 58, 19)",31
7670,conv2d_17,"(1, 2, 25, 13)",21
7671,conv2d_17,"(2, 1, 63, 7)",12
7672,conv2d_17,"(0, 0, 47, 19)",17
7673,conv2d_17,"(0, 1, 34, 56)",15
7674,conv2d_17,"(0, 2, 48, 33)",1
7675,conv2d_17,"(2, 0, 37, 34)",0
7676,conv2d_17,"(2, 1, 58, 31)",7
7677,conv2d_17,"(1, 0, 1, 40)",28
7678,conv2d_17,"(2, 1, 52, 7)",26
7679,conv2d_17,"(2, 1, 63, 14)",24
7680,conv2d_17,"(0, 0, 6, 4)",8
7681,conv2d_17,"(2, 1, 1, 46)",16
7682,conv2d_17,"(0, 0, 6, 23)",6
7683,conv2d_17,"(2, 1, 49, 24)",13
7684,conv2d_17,"(2, 2, 8, 20)",3
7685,conv2d_17,"(0, 2, 26, 2)",26
7686,conv2d_17,"(2, 2, 63, 56)",16
7687,conv2d_17,"(0, 1, 61, 53)",16
7688,conv2d_17,"(0, 0, 27, 25)",11
7689,conv2d_17,"(1, 2, 14, 5)",6
7690,conv2d_17,"(1, 1, 38, 13)",2
7691,conv2d_17,"(0, 2, 25, 6)",15
7692,conv2d_17,"(1, 1, 56, 3)",9
7693,conv2d_17,"(1, 2, 58, 15)",7
7694,conv2d_17,"(2, 0, 41, 16)",25
7695,conv2d_17,"(2, 2, 21, 5)",1
7696,conv2d_17,"(2, 2, 52, 21)",7
7697,conv2d_17,"(2, 0, 38, 40)",15
7698,conv2d_17,"(2, 2, 18, 9)",27
7699,conv2d_17,"(0, 1, 19, 32)",7
7700,conv2d_17,"(0, 2, 21, 27)",28
7701,conv2d_17,"(1, 1, 46, 34)",10
7702,conv2d_17,"(1, 0, 38, 61)",24
7703,conv2d_17,"(2, 1, 4, 2)",21
7704,conv2d_17,"(0, 1, 16, 34)",4
7705,conv2d_17,"(0, 0, 0, 55)",22
7706,conv2d_17,"(2, 1, 5, 43)",10
7707,conv2d_17,"(2, 1, 11, 37)",1
7708,conv2d_17,"(1, 0, 17, 62)",19
7709,conv2d_17,"(1, 1, 36, 20)",5
7710,conv2d_17,"(2, 2, 44, 43)",25
7711,conv2d_17,"(2, 2, 38, 12)",30
7712,conv2d_17,"(1, 1, 51, 39)",29
7713,conv2d_17,"(0, 1, 61, 1)",26
7714,conv2d_17,"(0, 0, 45, 28)",17
7715,conv2d_17,"(0, 1, 21, 27)",5
7716,conv2d_17,"(2, 2, 5, 2)",24
7717,conv2d_17,"(2, 0, 28, 33)",17
7718,conv2d_17,"(0, 2, 54, 23)",12
7719,conv2d_17,"(1, 2, 12, 18)",21
7720,conv2d_17,"(0, 1, 3, 58)",0
7721,conv2d_17,"(0, 1, 10, 19)",23
7722,conv2d_17,"(0, 1, 57, 8)",11
7723,conv2d_17,"(1, 0, 28, 22)",18
7724,conv2d_17,"(1, 0, 39, 14)",28
7725,conv2d_17,"(1, 1, 38, 5)",6
7726,conv2d_17,"(0, 1, 27, 34)",28
7727,conv2d_17,"(1, 0, 60, 26)",5
7728,conv2d_17,"(0, 2, 7, 59)",30
7729,conv2d_17,"(2, 0, 17, 19)",9
7730,conv2d_17,"(1, 0, 63, 22)",24
7731,conv2d_17,"(0, 2, 5, 35)",8
7732,conv2d_17,"(1, 0, 11, 48)",8
7733,conv2d_17,"(1, 2, 15, 56)",25
7734,conv2d_17,"(0, 2, 27, 41)",6
7735,conv2d_17,"(2, 1, 44, 23)",18
7736,conv2d_17,"(1, 1, 1, 3)",17
7737,conv2d_17,"(2, 0, 13, 42)",1
7738,conv2d_17,"(1, 1, 21, 39)",13
7739,conv2d_17,"(0, 0, 54, 54)",5
7740,conv2d_17,"(1, 2, 13, 28)",28
7741,conv2d_17,"(2, 0, 13, 14)",23
7742,conv2d_17,"(2, 2, 29, 54)",10
7743,conv2d_17,"(2, 0, 57, 49)",13
7744,conv2d_17,"(0, 1, 4, 29)",16
7745,conv2d_17,"(2, 2, 5, 55)",16
7746,conv2d_17,"(2, 1, 21, 16)",18
7747,conv2d_17,"(1, 1, 63, 29)",12
7748,conv2d_17,"(1, 1, 22, 29)",29
7749,conv2d_17,"(0, 1, 56, 51)",17
7750,conv2d_17,"(1, 2, 20, 40)",5
7751,conv2d_17,"(0, 2, 16, 34)",28
7752,conv2d_17,"(0, 2, 34, 17)",28
7753,conv2d_17,"(2, 2, 32, 42)",29
7754,conv2d_17,"(2, 0, 31, 45)",21
7755,conv2d_17,"(0, 1, 41, 30)",23
7756,conv2d_17,"(0, 2, 51, 46)",12
7757,conv2d_17,"(1, 0, 34, 42)",31
7758,conv2d_17,"(0, 2, 29, 34)",27
7759,conv2d_17,"(1, 0, 27, 37)",10
7760,conv2d_17,"(1, 1, 27, 60)",10
7761,conv2d_17,"(1, 1, 12, 26)",0
7762,conv2d_17,"(0, 2, 56, 32)",0
7763,conv2d_17,"(2, 2, 22, 11)",8
7764,conv2d_17,"(2, 2, 34, 15)",4
7765,conv2d_17,"(1, 1, 55, 38)",7
7766,conv2d_17,"(0, 1, 49, 57)",16
7767,conv2d_17,"(2, 0, 39, 43)",13
7768,conv2d_17,"(2, 2, 26, 48)",18
7769,conv2d_17,"(1, 2, 4, 9)",14
7770,conv2d_17,"(1, 0, 27, 57)",8
7771,conv2d_17,"(2, 1, 14, 35)",25
7772,conv2d_17,"(0, 2, 16, 49)",8
7773,conv2d_17,"(0, 1, 54, 50)",11
7774,conv2d_17,"(1, 0, 13, 55)",30
7775,conv2d_17,"(1, 0, 59, 43)",22
7776,conv2d_17,"(2, 2, 45, 18)",5
7777,conv2d_17,"(1, 2, 31, 31)",18
7778,conv2d_17,"(2, 0, 16, 50)",9
7779,conv2d_17,"(2, 1, 12, 13)",11
7780,conv2d_17,"(2, 1, 59, 62)",6
7781,conv2d_17,"(1, 2, 24, 1)",26
7782,conv2d_17,"(0, 0, 27, 31)",11
7783,conv2d_17,"(1, 2, 2, 47)",2
7784,conv2d_17,"(0, 2, 50, 43)",5
7785,conv2d_17,"(2, 1, 25, 36)",31
7786,conv2d_17,"(1, 1, 22, 2)",10
7787,conv2d_17,"(2, 2, 2, 43)",17
7788,conv2d_17,"(1, 0, 57, 0)",14
7789,conv2d_17,"(0, 2, 45, 25)",30
7790,conv2d_17,"(0, 1, 47, 5)",1
7791,conv2d_17,"(2, 2, 38, 52)",10
7792,conv2d_17,"(0, 1, 55, 45)",1
7793,conv2d_17,"(2, 2, 37, 37)",20
7794,conv2d_17,"(2, 0, 53, 46)",20
7795,conv2d_17,"(1, 0, 37, 56)",13
7796,conv2d_17,"(1, 1, 6, 23)",3
7797,conv2d_17,"(1, 2, 3, 52)",29
7798,conv2d_17,"(0, 0, 24, 2)",6
7799,conv2d_17,"(0, 0, 1, 0)",13
7800,conv2d_17,"(1, 0, 27, 36)",4
7801,conv2d_17,"(0, 2, 1, 62)",3
7802,conv2d_17,"(2, 0, 28, 46)",8
7803,conv2d_17,"(2, 0, 40, 3)",31
7804,conv2d_17,"(0, 2, 50, 40)",0
7805,conv2d_17,"(2, 2, 33, 18)",9
7806,conv2d_17,"(0, 2, 8, 25)",30
7807,conv2d_17,"(0, 1, 16, 11)",15
7808,conv2d_17,"(1, 2, 45, 18)",0
7809,conv2d_17,"(1, 1, 0, 26)",19
7810,conv2d_17,"(2, 0, 40, 15)",24
7811,conv2d_17,"(0, 0, 3, 41)",2
7812,conv2d_17,"(0, 1, 37, 0)",13
7813,conv2d_17,"(0, 1, 35, 49)",5
7814,conv2d_17,"(0, 1, 63, 59)",29
7815,conv2d_17,"(1, 1, 62, 17)",20
7816,conv2d_17,"(0, 1, 48, 18)",21
7817,conv2d_17,"(2, 0, 51, 17)",21
7818,conv2d_17,"(2, 1, 2, 15)",27
7819,conv2d_17,"(2, 2, 63, 17)",6
7820,conv2d_17,"(1, 2, 50, 48)",20
7821,conv2d_17,"(0, 0, 62, 42)",31
7822,conv2d_17,"(1, 1, 40, 29)",24
7823,conv2d_17,"(2, 1, 0, 3)",12
7824,conv2d_17,"(2, 1, 29, 45)",23
7825,conv2d_17,"(1, 1, 54, 35)",26
7826,conv2d_17,"(2, 0, 45, 30)",7
7827,conv2d_17,"(1, 2, 7, 17)",16
7828,conv2d_17,"(1, 1, 6, 42)",8
7829,conv2d_17,"(2, 2, 1, 39)",5
7830,conv2d_17,"(2, 1, 42, 17)",4
7831,conv2d_17,"(2, 0, 32, 26)",7
7832,conv2d_17,"(0, 1, 31, 59)",29
7833,conv2d_17,"(0, 1, 15, 16)",29
7834,conv2d_17,"(2, 0, 3, 17)",27
7835,conv2d_17,"(2, 1, 63, 55)",23
7836,conv2d_17,"(0, 2, 39, 54)",31
7837,conv2d_17,"(1, 0, 38, 42)",16
7838,conv2d_17,"(0, 0, 54, 14)",27
7839,conv2d_17,"(1, 0, 48, 54)",7
7840,conv2d_17,"(1, 1, 25, 32)",2
7841,conv2d_17,"(0, 0, 14, 50)",9
7842,conv2d_17,"(0, 2, 40, 32)",30
7843,conv2d_17,"(0, 2, 10, 47)",2
7844,conv2d_17,"(2, 1, 63, 24)",31
7845,conv2d_17,"(1, 1, 59, 16)",3
7846,conv2d_17,"(0, 2, 17, 33)",12
7847,conv2d_17,"(0, 2, 30, 8)",3
7848,conv2d_17,"(0, 2, 55, 45)",18
7849,conv2d_17,"(0, 0, 4, 24)",25
7850,conv2d_17,"(0, 1, 22, 40)",19
7851,conv2d_17,"(0, 0, 14, 2)",25
7852,conv2d_17,"(1, 2, 28, 30)",6
7853,conv2d_17,"(1, 2, 20, 59)",27
7854,conv2d_17,"(1, 0, 5, 19)",29
7855,conv2d_17,"(1, 1, 57, 21)",8
7856,conv2d_17,"(1, 0, 59, 11)",27
7857,conv2d_17,"(1, 1, 33, 61)",20
7858,conv2d_17,"(0, 2, 15, 44)",19
7859,conv2d_17,"(2, 0, 26, 49)",6
7860,conv2d_17,"(2, 0, 22, 58)",31
7861,conv2d_17,"(0, 1, 45, 26)",2
7862,conv2d_17,"(1, 0, 24, 35)",1
7863,conv2d_17,"(1, 2, 61, 19)",11
7864,conv2d_17,"(2, 0, 1, 57)",20
7865,conv2d_17,"(1, 2, 63, 62)",17
7866,conv2d_17,"(0, 2, 29, 43)",7
7867,conv2d_17,"(2, 2, 56, 44)",0
7868,conv2d_17,"(2, 0, 16, 60)",6
7869,conv2d_17,"(1, 0, 24, 9)",23
7870,conv2d_17,"(2, 2, 55, 18)",19
7871,conv2d_17,"(0, 1, 24, 23)",1
7872,conv2d_17,"(1, 0, 29, 60)",10
7873,conv2d_17,"(1, 2, 42, 29)",8
7874,conv2d_17,"(1, 1, 48, 2)",11
7875,conv2d_17,"(1, 0, 32, 31)",15
7876,conv2d_17,"(1, 2, 17, 35)",16
7877,conv2d_17,"(2, 2, 48, 15)",18
7878,conv2d_17,"(0, 1, 40, 26)",26
7879,conv2d_17,"(0, 2, 8, 61)",28
7880,conv2d_17,"(0, 0, 39, 17)",19
7881,conv2d_17,"(0, 0, 17, 12)",0
7882,conv2d_17,"(0, 1, 32, 12)",6
7883,conv2d_17,"(1, 0, 38, 12)",5
7884,conv2d_17,"(2, 0, 43, 54)",20
7885,conv2d_17,"(0, 1, 52, 60)",5
7886,conv2d_17,"(1, 0, 37, 20)",15
7887,conv2d_17,"(1, 2, 16, 2)",12
7888,conv2d_17,"(0, 0, 16, 12)",12
7889,conv2d_17,"(0, 0, 41, 14)",2
7890,conv2d_17,"(2, 1, 37, 18)",12
7891,conv2d_17,"(1, 2, 24, 59)",9
7892,conv2d_17,"(2, 0, 47, 63)",16
7893,conv2d_17,"(1, 1, 53, 36)",19
7894,conv2d_17,"(2, 2, 31, 35)",16
7895,conv2d_17,"(0, 0, 48, 3)",28
7896,conv2d_17,"(2, 2, 37, 23)",9
7897,conv2d_17,"(2, 1, 56, 40)",17
7898,conv2d_17,"(1, 2, 19, 14)",7
7899,conv2d_17,"(0, 2, 59, 24)",8
7900,conv2d_17,"(0, 1, 3, 22)",12
7901,conv2d_17,"(2, 2, 37, 41)",23
7902,conv2d_17,"(2, 2, 3, 15)",25
7903,conv2d_17,"(2, 1, 63, 32)",29
7904,conv2d_17,"(0, 0, 1, 39)",3
7905,conv2d_17,"(1, 1, 25, 9)",22
7906,conv2d_17,"(0, 2, 49, 4)",28
7907,conv2d_17,"(0, 1, 41, 2)",4
7908,conv2d_17,"(1, 2, 24, 39)",28
7909,conv2d_17,"(2, 0, 45, 20)",26
7910,conv2d_17,"(2, 2, 37, 56)",10
7911,conv2d_17,"(1, 2, 1, 20)",0
7912,conv2d_17,"(0, 0, 35, 11)",16
7913,conv2d_17,"(2, 2, 13, 46)",29
7914,conv2d_17,"(2, 0, 16, 29)",6
7915,conv2d_17,"(2, 1, 51, 52)",8
7916,conv2d_17,"(1, 0, 7, 4)",27
7917,conv2d_17,"(1, 2, 15, 26)",25
7918,conv2d_17,"(2, 2, 24, 9)",22
7919,conv2d_17,"(1, 2, 16, 28)",21
7920,conv2d_17,"(1, 2, 2, 63)",9
7921,conv2d_17,"(1, 0, 55, 51)",5
7922,conv2d_17,"(0, 0, 8, 26)",3
7923,conv2d_17,"(0, 0, 51, 23)",19
7924,conv2d_17,"(0, 1, 49, 51)",24
7925,conv2d_17,"(0, 0, 29, 51)",0
7926,conv2d_17,"(2, 0, 26, 61)",28
7927,conv2d_17,"(0, 0, 51, 43)",20
7928,conv2d_17,"(0, 1, 28, 24)",10
7929,conv2d_17,"(2, 0, 23, 48)",19
7930,conv2d_17,"(1, 1, 57, 12)",20
7931,conv2d_17,"(1, 0, 46, 52)",2
7932,conv2d_17,"(1, 2, 18, 10)",15
7933,conv2d_17,"(1, 1, 30, 37)",27
7934,conv2d_17,"(1, 1, 35, 53)",7
7935,conv2d_17,"(1, 2, 6, 56)",0
7936,conv2d_17,"(1, 1, 15, 19)",7
7937,conv2d_17,"(2, 1, 61, 34)",14
7938,conv2d_17,"(0, 2, 47, 37)",8
7939,conv2d_17,"(2, 1, 40, 32)",25
7940,conv2d_17,"(1, 0, 54, 53)",26
7941,conv2d_17,"(0, 0, 15, 53)",25
7942,conv2d_17,"(2, 2, 15, 26)",16
7943,conv2d_17,"(2, 2, 36, 45)",22
7944,conv2d_17,"(0, 2, 1, 11)",17
7945,conv2d_17,"(1, 1, 4, 63)",30
7946,conv2d_17,"(2, 2, 27, 25)",19
7947,conv2d_17,"(0, 0, 59, 60)",20
7948,conv2d_17,"(0, 0, 34, 44)",1
7949,conv2d_17,"(2, 2, 31, 59)",11
7950,conv2d_17,"(0, 1, 52, 9)",6
7951,conv2d_17,"(2, 1, 10, 12)",26
7952,conv2d_17,"(0, 0, 10, 33)",20
7953,conv2d_17,"(2, 0, 43, 28)",20
7954,conv2d_17,"(0, 2, 63, 17)",24
7955,conv2d_17,"(0, 1, 36, 63)",19
7956,conv2d_17,"(0, 0, 12, 6)",18
7957,conv2d_17,"(1, 0, 31, 43)",1
7958,conv2d_17,"(1, 0, 53, 26)",30
7959,conv2d_17,"(2, 2, 1, 27)",9
7960,conv2d_17,"(0, 2, 52, 43)",15
7961,conv2d_17,"(1, 2, 19, 41)",16
7962,conv2d_17,"(0, 1, 4, 63)",0
7963,conv2d_17,"(2, 1, 52, 30)",11
7964,conv2d_17,"(1, 0, 22, 57)",0
7965,conv2d_17,"(1, 1, 32, 31)",28
7966,conv2d_17,"(0, 2, 15, 30)",10
7967,conv2d_17,"(1, 1, 61, 34)",9
7968,conv2d_17,"(2, 0, 49, 5)",30
7969,conv2d_17,"(0, 2, 36, 8)",26
7970,conv2d_17,"(2, 1, 1, 36)",0
7971,conv2d_17,"(1, 2, 60, 22)",18
7972,conv2d_17,"(1, 2, 50, 39)",31
7973,conv2d_17,"(2, 2, 13, 63)",5
7974,conv2d_17,"(0, 1, 23, 63)",29
7975,conv2d_17,"(0, 1, 52, 63)",23
7976,conv2d_17,"(1, 2, 9, 58)",8
7977,conv2d_17,"(2, 0, 49, 59)",7
7978,conv2d_17,"(0, 1, 5, 36)",21
7979,conv2d_17,"(2, 2, 41, 38)",8
7980,conv2d_17,"(1, 0, 63, 59)",6
7981,conv2d_17,"(0, 0, 10, 59)",5
7982,conv2d_17,"(1, 0, 8, 5)",17
7983,conv2d_17,"(1, 1, 13, 34)",22
7984,conv2d_17,"(2, 1, 28, 63)",12
7985,conv2d_17,"(2, 1, 62, 17)",7
7986,conv2d_17,"(2, 1, 18, 23)",27
7987,conv2d_17,"(1, 1, 53, 46)",9
7988,conv2d_17,"(2, 1, 4, 8)",27
7989,conv2d_17,"(1, 2, 28, 43)",8
7990,conv2d_17,"(2, 2, 21, 30)",5
7991,conv2d_17,"(2, 1, 62, 54)",24
7992,conv2d_17,"(1, 1, 11, 31)",1
7993,conv2d_17,"(1, 2, 44, 17)",1
7994,conv2d_17,"(0, 2, 37, 48)",11
7995,conv2d_17,"(1, 1, 33, 25)",17
7996,conv2d_17,"(1, 2, 18, 17)",11
7997,conv2d_17,"(1, 0, 48, 32)",6
7998,conv2d_17,"(2, 0, 47, 8)",29
7999,conv2d_17,"(0, 1, 23, 30)",11
8000,conv2d_17,"(2, 2, 35, 9)",12
8001,conv2d_17,"(1, 2, 20, 3)",13
8002,conv2d_17,"(0, 0, 24, 15)",23
8003,conv2d_17,"(2, 1, 49, 44)",12
8004,conv2d_17,"(0, 0, 51, 40)",0
8005,conv2d_17,"(0, 0, 43, 49)",29
8006,conv2d_17,"(2, 1, 50, 30)",1
8007,conv2d_17,"(2, 2, 37, 50)",13
8008,conv2d_17,"(0, 2, 1, 3)",10
8009,conv2d_17,"(2, 0, 23, 1)",6
8010,conv2d_17,"(2, 2, 25, 3)",18
8011,conv2d_17,"(1, 0, 42, 55)",5
8012,conv2d_17,"(1, 1, 30, 32)",21
8013,conv2d_17,"(0, 2, 63, 48)",9
8014,conv2d_17,"(1, 0, 22, 51)",17
8015,conv2d_17,"(1, 2, 54, 58)",21
8016,conv2d_17,"(1, 2, 15, 14)",31
8017,conv2d_17,"(2, 2, 32, 0)",9
8018,conv2d_17,"(2, 0, 15, 19)",22
8019,conv2d_17,"(0, 1, 34, 30)",17
8020,conv2d_17,"(1, 1, 46, 48)",22
8021,conv2d_17,"(0, 0, 21, 39)",14
8022,conv2d_17,"(0, 0, 6, 3)",21
8023,conv2d_17,"(2, 1, 53, 20)",21
8024,conv2d_17,"(2, 2, 59, 7)",12
8025,conv2d_17,"(1, 2, 14, 26)",4
8026,conv2d_17,"(2, 1, 22, 44)",14
8027,conv2d_17,"(0, 0, 20, 61)",28
8028,conv2d_17,"(0, 1, 50, 50)",31
8029,conv2d_17,"(2, 1, 52, 36)",20
8030,conv2d_17,"(1, 0, 23, 45)",10
8031,conv2d_17,"(2, 1, 50, 22)",9
8032,conv2d_17,"(1, 0, 60, 8)",13
8033,conv2d_17,"(0, 1, 17, 58)",2
8034,conv2d_17,"(2, 1, 33, 36)",20
8035,conv2d_17,"(0, 1, 37, 7)",24
8036,conv2d_17,"(0, 0, 52, 9)",8
8037,conv2d_17,"(0, 1, 36, 39)",14
8038,conv2d_17,"(1, 2, 7, 1)",5
8039,conv2d_17,"(1, 1, 13, 8)",21
8040,conv2d_17,"(0, 0, 50, 54)",0
8041,conv2d_17,"(1, 2, 50, 35)",4
8042,conv2d_17,"(2, 0, 20, 25)",12
8043,conv2d_17,"(1, 2, 13, 55)",5
8044,conv2d_17,"(0, 0, 43, 60)",15
8045,conv2d_17,"(1, 0, 14, 47)",25
8046,conv2d_17,"(0, 0, 46, 36)",25
8047,conv2d_17,"(2, 2, 21, 31)",7
8048,conv2d_17,"(0, 2, 37, 60)",16
8049,conv2d_17,"(2, 2, 17, 24)",1
8050,conv2d_17,"(1, 1, 19, 36)",19
8051,conv2d_17,"(2, 2, 23, 26)",17
8052,conv2d_17,"(2, 1, 13, 4)",28
8053,conv2d_17,"(2, 2, 33, 6)",21
8054,conv2d_17,"(1, 0, 4, 32)",21
8055,conv2d_17,"(0, 1, 41, 43)",22
8056,conv2d_17,"(2, 1, 21, 13)",31
8057,conv2d_17,"(0, 0, 4, 28)",6
8058,conv2d_17,"(2, 1, 15, 60)",14
8059,conv2d_17,"(1, 0, 33, 17)",4
8060,conv2d_17,"(2, 2, 53, 56)",8
8061,conv2d_17,"(1, 1, 10, 2)",10
8062,conv2d_17,"(2, 0, 23, 34)",25
8063,conv2d_17,"(1, 1, 13, 9)",27
8064,conv2d_17,"(0, 1, 24, 62)",27
8065,conv2d_17,"(1, 0, 28, 26)",6
8066,conv2d_17,"(1, 1, 35, 47)",14
8067,conv2d_17,"(0, 1, 46, 56)",18
8068,conv2d_17,"(0, 2, 9, 39)",19
8069,conv2d_17,"(1, 1, 57, 29)",26
8070,conv2d_17,"(0, 1, 42, 44)",26
8071,conv2d_17,"(2, 1, 9, 41)",1
8072,conv2d_17,"(1, 1, 30, 9)",16
8073,conv2d_17,"(1, 1, 14, 43)",7
8074,conv2d_17,"(0, 1, 41, 35)",28
8075,conv2d_17,"(0, 0, 2, 51)",27
8076,conv2d_17,"(0, 0, 54, 27)",0
8077,conv2d_17,"(1, 1, 7, 61)",2
8078,conv2d_17,"(1, 0, 28, 14)",27
8079,conv2d_17,"(1, 2, 12, 24)",3
8080,conv2d_17,"(1, 2, 17, 37)",10
8081,conv2d_17,"(1, 1, 55, 52)",8
8082,conv2d_17,"(0, 1, 17, 47)",5
8083,conv2d_17,"(1, 1, 13, 60)",25
8084,conv2d_17,"(0, 0, 52, 16)",8
8085,conv2d_17,"(2, 1, 12, 59)",16
8086,conv2d_17,"(1, 2, 35, 29)",25
8087,conv2d_17,"(1, 2, 2, 58)",1
8088,conv2d_17,"(2, 2, 37, 52)",26
8089,conv2d_17,"(1, 1, 45, 53)",25
8090,conv2d_17,"(1, 1, 62, 53)",3
8091,conv2d_17,"(1, 0, 52, 24)",24
8092,conv2d_17,"(1, 1, 16, 7)",27
8093,conv2d_17,"(1, 2, 22, 44)",3
8094,conv2d_17,"(0, 1, 39, 4)",24
8095,conv2d_17,"(0, 2, 62, 32)",12
8096,conv2d_17,"(0, 0, 46, 57)",18
8097,conv2d_17,"(0, 2, 1, 30)",26
8098,conv2d_17,"(1, 0, 37, 48)",24
8099,conv2d_17,"(0, 2, 61, 1)",0
8100,conv2d_17,"(2, 0, 20, 8)",8
8101,conv2d_17,"(1, 0, 17, 25)",30
8102,conv2d_17,"(0, 1, 1, 55)",15
8103,conv2d_17,"(2, 2, 54, 27)",29
8104,conv2d_17,"(1, 0, 9, 61)",15
8105,conv2d_17,"(1, 0, 17, 55)",31
8106,conv2d_17,"(1, 2, 18, 47)",5
8107,conv2d_17,"(2, 1, 46, 4)",3
8108,conv2d_17,"(1, 0, 39, 19)",31
8109,conv2d_17,"(0, 2, 41, 60)",26
8110,conv2d_17,"(0, 1, 33, 37)",0
8111,conv2d_17,"(2, 1, 25, 39)",29
8112,conv2d_17,"(2, 0, 2, 26)",6
8113,conv2d_17,"(2, 0, 20, 11)",29
8114,conv2d_17,"(1, 1, 50, 22)",2
8115,conv2d_17,"(0, 2, 42, 1)",1
8116,conv2d_17,"(2, 1, 50, 31)",25
8117,conv2d_17,"(0, 2, 20, 46)",25
8118,conv2d_17,"(2, 1, 21, 8)",7
8119,conv2d_17,"(0, 0, 23, 37)",8
8120,conv2d_17,"(1, 0, 52, 10)",27
8121,conv2d_17,"(2, 0, 36, 41)",22
8122,conv2d_17,"(0, 0, 60, 35)",27
8123,conv2d_17,"(2, 1, 9, 30)",10
8124,conv2d_17,"(2, 0, 11, 38)",25
8125,conv2d_17,"(1, 0, 39, 16)",27
8126,conv2d_17,"(2, 1, 54, 50)",20
8127,conv2d_17,"(1, 0, 28, 36)",2
8128,conv2d_17,"(1, 2, 24, 55)",24
8129,conv2d_17,"(0, 1, 4, 62)",29
8130,conv2d_17,"(0, 2, 27, 26)",0
8131,conv2d_17,"(2, 1, 8, 53)",1
8132,conv2d_17,"(2, 0, 56, 55)",0
8133,conv2d_17,"(1, 0, 27, 28)",15
8134,conv2d_17,"(2, 0, 27, 28)",2
8135,conv2d_17,"(2, 2, 4, 52)",5
8136,conv2d_17,"(0, 1, 52, 7)",30
8137,conv2d_17,"(2, 1, 33, 35)",11
8138,conv2d_17,"(2, 2, 38, 36)",27
8139,conv2d_17,"(2, 1, 33, 21)",0
8140,conv2d_17,"(2, 1, 62, 37)",5
8141,conv2d_17,"(2, 1, 12, 46)",12
8142,conv2d_17,"(1, 2, 56, 12)",12
8143,conv2d_17,"(0, 2, 42, 47)",13
8144,conv2d_17,"(0, 0, 12, 54)",11
8145,conv2d_17,"(1, 0, 53, 62)",5
8146,conv2d_17,"(2, 1, 14, 47)",6
8147,conv2d_17,"(1, 0, 58, 19)",30
8148,conv2d_17,"(1, 0, 50, 52)",10
8149,conv2d_17,"(0, 2, 38, 34)",9
8150,conv2d_17,"(0, 0, 38, 8)",2
8151,conv2d_17,"(1, 1, 8, 13)",10
8152,conv2d_17,"(1, 2, 30, 61)",31
8153,conv2d_17,"(0, 1, 24, 8)",25
8154,conv2d_17,"(0, 1, 49, 25)",24
8155,conv2d_17,"(2, 0, 13, 47)",11
8156,conv2d_17,"(2, 2, 20, 55)",1
8157,conv2d_17,"(2, 2, 51, 3)",20
8158,conv2d_17,"(1, 2, 10, 20)",10
8159,conv2d_17,"(2, 0, 6, 3)",22
8160,conv2d_17,"(0, 0, 4, 8)",14
8161,conv2d_17,"(0, 0, 53, 2)",28
8162,conv2d_17,"(2, 0, 54, 63)",7
8163,conv2d_17,"(2, 0, 22, 33)",15
8164,conv2d_17,"(2, 0, 50, 13)",5
8165,conv2d_17,"(2, 2, 6, 56)",9
8166,conv2d_17,"(1, 1, 20, 43)",27
8167,conv2d_17,"(1, 2, 44, 38)",16
8168,conv2d_17,"(2, 2, 27, 6)",9
8169,conv2d_17,"(2, 2, 10, 12)",31
8170,conv2d_17,"(1, 2, 30, 10)",25
8171,conv2d_17,"(1, 2, 42, 2)",4
8172,conv2d_17,"(1, 0, 19, 54)",30
8173,conv2d_17,"(0, 2, 24, 16)",3
8174,conv2d_17,"(0, 1, 37, 62)",1
8175,conv2d_17,"(1, 0, 1, 53)",11
8176,conv2d_17,"(1, 1, 26, 37)",31
8177,conv2d_17,"(1, 2, 15, 27)",11
8178,conv2d_17,"(2, 0, 24, 20)",30
8179,conv2d_17,"(0, 1, 60, 42)",7
8180,conv2d_17,"(0, 2, 4, 7)",2
8181,conv2d_17,"(1, 0, 4, 51)",6
8182,conv2d_17,"(2, 1, 42, 21)",6
8183,conv2d_17,"(1, 1, 3, 48)",19
8184,conv2d_17,"(0, 0, 15, 60)",2
8185,conv2d_17,"(2, 0, 42, 39)",31
8186,conv2d_17,"(0, 2, 8, 33)",26
8187,conv2d_17,"(2, 0, 36, 20)",9
8188,conv2d_17,"(2, 0, 26, 29)",25
8189,conv2d_17,"(0, 0, 52, 52)",2
8190,conv2d_17,"(2, 1, 27, 44)",24
8191,conv2d_17,"(0, 0, 20, 28)",25
8192,conv2d_17,"(0, 1, 26, 36)",4
8193,conv2d_17,"(0, 0, 49, 49)",23
8194,conv2d_17,"(2, 1, 55, 1)",9
8195,conv2d_17,"(0, 2, 35, 46)",1
8196,conv2d_17,"(1, 2, 53, 36)",2
8197,conv2d_17,"(2, 1, 6, 35)",23
8198,conv2d_17,"(1, 2, 47, 6)",19
8199,conv2d_17,"(1, 1, 6, 15)",1
8200,conv2d_17,"(0, 1, 1, 16)",26
8201,conv2d_17,"(2, 0, 60, 6)",21
8202,conv2d_17,"(1, 2, 5, 44)",31
8203,conv2d_17,"(2, 0, 33, 30)",9
8204,conv2d_17,"(2, 2, 46, 12)",23
8205,conv2d_17,"(0, 2, 25, 31)",29
8206,conv2d_17,"(2, 0, 36, 57)",21
8207,conv2d_17,"(1, 1, 48, 55)",8
8208,conv2d_17,"(1, 2, 45, 46)",6
8209,conv2d_17,"(2, 2, 0, 58)",21
8210,conv2d_17,"(1, 1, 11, 63)",13
8211,conv2d_17,"(1, 0, 46, 24)",11
8212,conv2d_17,"(1, 1, 29, 6)",21
8213,conv2d_17,"(0, 1, 26, 52)",30
8214,conv2d_17,"(1, 0, 7, 25)",18
8215,conv2d_17,"(1, 1, 9, 0)",4
8216,conv2d_17,"(0, 2, 54, 20)",25
8217,conv2d_17,"(1, 2, 9, 13)",17
8218,conv2d_17,"(2, 0, 10, 18)",9
8219,conv2d_17,"(2, 2, 24, 13)",25
8220,conv2d_17,"(1, 1, 24, 45)",26
8221,conv2d_17,"(1, 2, 18, 11)",13
8222,conv2d_17,"(2, 1, 18, 3)",10
8223,conv2d_17,"(1, 2, 8, 36)",16
8224,conv2d_17,"(2, 0, 15, 41)",5
8225,conv2d_17,"(0, 0, 39, 0)",11
8226,conv2d_17,"(2, 2, 41, 36)",22
8227,conv2d_17,"(0, 0, 40, 35)",18
8228,conv2d_17,"(2, 1, 42, 52)",2
8229,conv2d_17,"(2, 1, 60, 57)",12
8230,conv2d_17,"(1, 2, 28, 16)",8
8231,conv2d_17,"(0, 2, 9, 33)",11
8232,conv2d_17,"(1, 1, 32, 52)",8
8233,conv2d_17,"(1, 2, 27, 22)",12
8234,conv2d_17,"(0, 0, 25, 6)",15
8235,conv2d_17,"(2, 1, 1, 55)",24
8236,conv2d_17,"(2, 0, 46, 58)",22
8237,conv2d_17,"(1, 0, 60, 60)",24
8238,conv2d_17,"(2, 0, 0, 7)",9
8239,conv2d_17,"(1, 2, 0, 29)",2
8240,conv2d_17,"(0, 2, 61, 34)",3
8241,conv2d_17,"(0, 2, 49, 20)",12
8242,conv2d_17,"(1, 1, 24, 54)",16
8243,conv2d_17,"(1, 1, 16, 1)",16
8244,conv2d_17,"(0, 1, 49, 52)",28
8245,conv2d_17,"(0, 0, 12, 1)",3
8246,conv2d_17,"(0, 1, 17, 44)",30
8247,conv2d_17,"(2, 1, 48, 53)",18
8248,conv2d_17,"(1, 0, 14, 46)",23
8249,conv2d_17,"(2, 0, 49, 6)",15
8250,conv2d_17,"(1, 1, 2, 26)",18
8251,conv2d_17,"(0, 0, 56, 16)",6
8252,conv2d_17,"(1, 2, 10, 41)",21
8253,conv2d_17,"(2, 1, 35, 41)",21
8254,conv2d_17,"(0, 2, 57, 16)",20
8255,conv2d_17,"(2, 2, 36, 57)",31
8256,conv2d_17,"(0, 0, 1, 42)",18
8257,conv2d_17,"(1, 0, 44, 33)",25
8258,conv2d_17,"(2, 0, 9, 4)",19
8259,conv2d_17,"(2, 1, 25, 47)",4
8260,conv2d_17,"(0, 1, 21, 44)",17
8261,conv2d_17,"(1, 0, 44, 49)",16
8262,conv2d_17,"(0, 1, 6, 13)",8
8263,conv2d_17,"(1, 0, 17, 21)",12
8264,conv2d_17,"(0, 0, 41, 18)",14
8265,conv2d_17,"(0, 1, 50, 35)",2
8266,conv2d_17,"(2, 2, 43, 54)",21
8267,conv2d_17,"(2, 2, 31, 4)",31
8268,conv2d_17,"(2, 2, 60, 60)",21
8269,conv2d_17,"(2, 2, 3, 24)",7
8270,conv2d_17,"(2, 2, 30, 18)",29
8271,conv2d_17,"(2, 1, 22, 43)",14
8272,conv2d_17,"(1, 0, 60, 21)",1
8273,conv2d_17,"(1, 0, 52, 59)",22
8274,conv2d_17,"(1, 1, 2, 57)",31
8275,conv2d_17,"(1, 1, 2, 51)",8
8276,conv2d_17,"(0, 1, 61, 21)",1
8277,conv2d_17,"(1, 0, 25, 33)",18
8278,conv2d_17,"(0, 0, 21, 47)",3
8279,conv2d_17,"(1, 2, 22, 25)",12
8280,conv2d_17,"(0, 0, 38, 31)",2
8281,conv2d_17,"(2, 1, 25, 48)",23
8282,conv2d_17,"(1, 0, 32, 42)",31
8283,conv2d_17,"(0, 1, 49, 63)",27
8284,conv2d_17,"(0, 0, 41, 6)",4
8285,conv2d_17,"(1, 1, 62, 3)",12
8286,conv2d_17,"(0, 1, 29, 4)",1
8287,conv2d_17,"(2, 2, 36, 10)",7
8288,conv2d_17,"(2, 0, 8, 48)",2
8289,conv2d_17,"(1, 1, 33, 3)",29
8290,conv2d_17,"(1, 0, 26, 62)",1
8291,conv2d_17,"(2, 1, 4, 31)",22
8292,conv2d_17,"(0, 0, 40, 19)",26
8293,conv2d_17,"(1, 0, 35, 52)",3
8294,conv2d_17,"(1, 2, 41, 31)",22
8295,conv2d_17,"(1, 2, 44, 36)",14
8296,conv2d_17,"(0, 2, 56, 11)",29
8297,conv2d_17,"(1, 2, 23, 58)",31
8298,conv2d_17,"(1, 2, 17, 12)",2
8299,conv2d_17,"(0, 1, 40, 31)",7
8300,conv2d_17,"(0, 0, 42, 27)",8
8301,conv2d_17,"(0, 0, 5, 44)",3
8302,conv2d_17,"(1, 0, 31, 48)",16
8303,conv2d_17,"(2, 2, 57, 3)",11
8304,conv2d_17,"(2, 1, 35, 6)",26
8305,conv2d_17,"(2, 2, 5, 13)",2
8306,conv2d_17,"(0, 2, 10, 59)",2
8307,conv2d_17,"(0, 2, 34, 44)",9
8308,conv2d_17,"(2, 0, 43, 56)",11
8309,conv2d_17,"(2, 0, 5, 13)",18
8310,conv2d_17,"(2, 2, 38, 57)",7
8311,conv2d_17,"(1, 2, 5, 28)",11
8312,conv2d_17,"(1, 0, 12, 54)",16
8313,conv2d_17,"(2, 1, 7, 19)",20
8314,conv2d_17,"(1, 1, 31, 25)",28
8315,conv2d_17,"(2, 2, 1, 48)",28
8316,conv2d_17,"(0, 1, 46, 22)",10
8317,conv2d_17,"(1, 2, 28, 33)",27
8318,conv2d_17,"(0, 1, 10, 2)",16
8319,conv2d_17,"(1, 0, 32, 8)",9
8320,conv2d_17,"(1, 1, 62, 12)",12
8321,conv2d_17,"(1, 0, 24, 4)",25
8322,conv2d_17,"(2, 2, 10, 18)",4
8323,conv2d_17,"(0, 1, 56, 58)",13
8324,conv2d_17,"(2, 0, 41, 29)",16
8325,conv2d_17,"(1, 2, 22, 22)",17
8326,conv2d_17,"(1, 1, 28, 15)",21
8327,conv2d_17,"(0, 0, 46, 22)",2
8328,conv2d_17,"(0, 0, 4, 53)",7
8329,conv2d_17,"(1, 0, 33, 39)",10
8330,conv2d_17,"(0, 2, 5, 48)",30
8331,conv2d_17,"(2, 0, 30, 38)",7
8332,conv2d_17,"(1, 0, 54, 52)",16
8333,conv2d_17,"(1, 0, 57, 41)",17
8334,conv2d_17,"(1, 1, 47, 54)",26
8335,conv2d_17,"(0, 2, 21, 15)",24
8336,conv2d_17,"(1, 1, 32, 8)",12
8337,conv2d_17,"(0, 0, 1, 16)",31
8338,conv2d_17,"(2, 0, 18, 34)",27
8339,conv2d_17,"(0, 0, 20, 36)",19
8340,conv2d_17,"(1, 1, 28, 33)",1
8341,conv2d_17,"(0, 0, 47, 37)",6
8342,conv2d_17,"(2, 0, 49, 60)",21
8343,conv2d_17,"(1, 2, 34, 55)",13
8344,conv2d_17,"(0, 1, 49, 10)",3
8345,conv2d_17,"(2, 2, 38, 11)",22
8346,conv2d_17,"(1, 1, 28, 5)",30
8347,conv2d_17,"(1, 0, 33, 60)",9
8348,conv2d_17,"(1, 2, 38, 54)",25
8349,conv2d_17,"(1, 0, 42, 31)",27
8350,conv2d_17,"(2, 0, 26, 19)",11
8351,conv2d_17,"(1, 2, 43, 63)",13
8352,conv2d_17,"(2, 0, 38, 59)",25
8353,conv2d_17,"(2, 1, 10, 26)",27
8354,conv2d_17,"(1, 2, 14, 3)",24
8355,conv2d_17,"(1, 1, 5, 53)",23
8356,conv2d_17,"(0, 0, 39, 35)",2
8357,conv2d_17,"(2, 0, 13, 4)",22
8358,conv2d_17,"(1, 0, 6, 28)",20
8359,conv2d_17,"(0, 2, 13, 45)",28
8360,conv2d_17,"(2, 2, 3, 6)",21
8361,conv2d_17,"(1, 1, 53, 17)",26
8362,conv2d_17,"(1, 0, 1, 27)",31
8363,conv2d_17,"(2, 1, 13, 59)",24
8364,conv2d_17,"(1, 2, 41, 4)",22
8365,conv2d_17,"(2, 0, 3, 51)",11
8366,conv2d_17,"(1, 0, 48, 42)",21
8367,conv2d_17,"(2, 2, 2, 7)",31
8368,conv2d_17,"(2, 1, 32, 28)",8
8369,conv2d_17,"(0, 1, 55, 52)",13
8370,conv2d_17,"(2, 1, 62, 55)",4
8371,conv2d_17,"(0, 1, 37, 47)",18
8372,conv2d_17,"(1, 2, 32, 59)",5
8373,conv2d_17,"(2, 1, 35, 48)",4
8374,conv2d_17,"(1, 1, 13, 27)",4
8375,conv2d_17,"(1, 1, 29, 59)",6
8376,conv2d_17,"(2, 2, 46, 33)",28
8377,conv2d_17,"(0, 0, 30, 13)",14
8378,conv2d_17,"(2, 1, 13, 35)",26
8379,conv2d_17,"(1, 0, 28, 25)",4
8380,conv2d_17,"(0, 1, 5, 4)",1
8381,conv2d_17,"(1, 0, 34, 21)",7
8382,conv2d_17,"(1, 2, 9, 4)",2
8383,conv2d_17,"(0, 1, 57, 59)",11
8384,conv2d_17,"(1, 1, 56, 62)",31
8385,conv2d_17,"(1, 1, 50, 3)",29
8386,conv2d_17,"(0, 0, 2, 22)",23
8387,conv2d_17,"(2, 1, 32, 55)",6
8388,conv2d_17,"(1, 2, 62, 58)",18
8389,conv2d_17,"(2, 1, 1, 29)",17
8390,conv2d_17,"(2, 1, 51, 38)",28
8391,conv2d_17,"(2, 1, 48, 39)",9
8392,conv2d_17,"(0, 0, 12, 52)",21
8393,conv2d_17,"(1, 2, 10, 44)",19
8394,conv2d_17,"(1, 2, 35, 44)",29
8395,conv2d_17,"(1, 2, 58, 52)",16
8396,conv2d_17,"(0, 1, 21, 19)",15
8397,conv2d_17,"(2, 0, 4, 11)",22
8398,conv2d_17,"(1, 0, 37, 39)",8
8399,conv2d_17,"(2, 2, 21, 21)",22
8400,conv2d_17,"(1, 1, 27, 49)",31
8401,conv2d_17,"(1, 1, 3, 53)",0
8402,conv2d_17,"(1, 1, 47, 13)",10
8403,conv2d_17,"(1, 1, 55, 30)",1
8404,conv2d_17,"(0, 2, 6, 47)",26
8405,conv2d_17,"(0, 1, 37, 9)",24
8406,conv2d_17,"(0, 1, 45, 62)",5
8407,conv2d_17,"(0, 2, 61, 39)",17
8408,conv2d_17,"(2, 2, 56, 62)",0
8409,conv2d_17,"(1, 1, 5, 21)",11
8410,conv2d_17,"(0, 1, 62, 13)",15
8411,conv2d_17,"(0, 1, 46, 15)",16
8412,conv2d_17,"(1, 1, 34, 9)",12
8413,conv2d_17,"(1, 1, 38, 62)",20
8414,conv2d_17,"(1, 1, 57, 20)",2
8415,conv2d_17,"(0, 0, 61, 40)",6
8416,conv2d_17,"(0, 0, 4, 6)",21
8417,conv2d_17,"(2, 1, 44, 38)",11
8418,conv2d_17,"(1, 0, 61, 62)",28
8419,conv2d_17,"(1, 0, 6, 44)",17
8420,conv2d_17,"(0, 1, 19, 14)",9
8421,conv2d_17,"(1, 2, 25, 52)",19
8422,conv2d_17,"(0, 0, 61, 57)",29
8423,conv2d_17,"(1, 0, 0, 29)",23
8424,conv2d_17,"(2, 0, 36, 0)",10
8425,conv2d_17,"(2, 1, 15, 7)",6
8426,conv2d_17,"(2, 1, 7, 43)",23
8427,conv2d_17,"(2, 1, 56, 11)",1
8428,conv2d_17,"(1, 1, 1, 46)",26
8429,conv2d_17,"(2, 0, 43, 62)",18
8430,conv2d_17,"(1, 2, 11, 11)",22
8431,conv2d_17,"(2, 2, 1, 47)",3
8432,conv2d_17,"(1, 2, 4, 17)",28
8433,conv2d_17,"(1, 2, 37, 23)",26
8434,conv2d_17,"(2, 1, 53, 50)",16
8435,conv2d_17,"(0, 1, 46, 33)",8
8436,conv2d_17,"(0, 1, 46, 32)",19
8437,conv2d_17,"(1, 0, 45, 29)",16
8438,conv2d_17,"(1, 2, 47, 44)",13
8439,conv2d_17,"(1, 1, 37, 22)",5
8440,conv2d_17,"(1, 0, 5, 33)",24
8441,conv2d_17,"(0, 2, 33, 44)",19
8442,conv2d_17,"(0, 2, 16, 27)",14
8443,conv2d_17,"(0, 1, 7, 50)",5
8444,conv2d_17,"(1, 0, 35, 23)",20
8445,conv2d_17,"(1, 2, 17, 10)",18
8446,conv2d_17,"(2, 2, 28, 18)",27
8447,conv2d_17,"(0, 1, 54, 47)",2
8448,conv2d_17,"(0, 1, 8, 38)",13
8449,conv2d_17,"(0, 1, 56, 30)",3
8450,conv2d_17,"(1, 0, 29, 56)",15
8451,conv2d_17,"(1, 1, 20, 19)",14
8452,conv2d_17,"(2, 2, 58, 50)",8
8453,conv2d_17,"(1, 0, 10, 56)",15
8454,conv2d_17,"(1, 1, 47, 30)",1
8455,conv2d_17,"(0, 2, 7, 50)",14
8456,conv2d_17,"(0, 2, 57, 21)",22
8457,conv2d_17,"(2, 1, 23, 28)",12
8458,conv2d_17,"(1, 2, 61, 34)",1
8459,conv2d_17,"(0, 0, 49, 2)",30
8460,conv2d_17,"(2, 2, 22, 9)",31
8461,conv2d_17,"(0, 0, 4, 57)",11
8462,conv2d_17,"(1, 1, 44, 20)",5
8463,conv2d_17,"(2, 0, 54, 1)",22
8464,conv2d_17,"(2, 2, 49, 52)",18
8465,conv2d_17,"(0, 2, 14, 45)",7
8466,conv2d_17,"(0, 1, 35, 61)",0
8467,conv2d_17,"(0, 1, 44, 38)",17
8468,conv2d_17,"(0, 1, 47, 48)",8
8469,conv2d_17,"(1, 0, 52, 49)",29
8470,conv2d_17,"(0, 2, 4, 55)",16
8471,conv2d_17,"(0, 2, 47, 3)",22
8472,conv2d_17,"(2, 0, 13, 63)",26
8473,conv2d_17,"(0, 2, 54, 19)",22
8474,conv2d_17,"(1, 2, 9, 48)",24
8475,conv2d_17,"(1, 1, 63, 28)",8
8476,conv2d_17,"(2, 0, 23, 21)",17
8477,conv2d_17,"(2, 2, 13, 53)",14
8478,conv2d_17,"(1, 0, 33, 22)",25
8479,conv2d_17,"(1, 0, 12, 42)",19
8480,conv2d_17,"(0, 0, 25, 59)",10
8481,conv2d_17,"(1, 0, 40, 2)",29
8482,conv2d_17,"(0, 1, 13, 56)",19
8483,conv2d_17,"(1, 1, 33, 49)",14
8484,conv2d_17,"(2, 1, 37, 32)",10
8485,conv2d_17,"(2, 2, 28, 53)",27
8486,conv2d_17,"(0, 0, 58, 39)",21
8487,conv2d_17,"(1, 1, 30, 48)",16
8488,conv2d_17,"(0, 2, 32, 32)",1
8489,conv2d_17,"(0, 2, 53, 22)",16
8490,conv2d_17,"(0, 0, 54, 15)",16
8491,conv2d_17,"(1, 2, 34, 42)",17
8492,conv2d_17,"(2, 2, 12, 24)",21
8493,conv2d_17,"(1, 0, 3, 60)",11
8494,conv2d_17,"(1, 1, 43, 9)",16
8495,conv2d_17,"(1, 2, 17, 46)",23
8496,conv2d_17,"(0, 0, 23, 59)",27
8497,conv2d_17,"(0, 1, 23, 60)",13
8498,conv2d_17,"(0, 1, 29, 5)",8
8499,conv2d_17,"(0, 0, 12, 55)",23
8500,conv2d_17,"(1, 0, 31, 26)",1
8501,conv2d_17,"(1, 0, 43, 53)",31
8502,conv2d_17,"(0, 2, 9, 36)",28
8503,conv2d_17,"(0, 0, 63, 11)",4
8504,conv2d_17,"(2, 2, 26, 3)",23
8505,conv2d_17,"(1, 1, 37, 43)",19
8506,conv2d_17,"(2, 1, 51, 2)",20
8507,conv2d_17,"(0, 2, 62, 19)",23
8508,conv2d_17,"(2, 0, 63, 35)",0
8509,conv2d_17,"(1, 0, 46, 21)",31
8510,conv2d_17,"(0, 1, 50, 55)",7
8511,conv2d_17,"(1, 0, 7, 50)",12
8512,conv2d_17,"(2, 0, 7, 45)",24
8513,conv2d_17,"(0, 1, 28, 23)",11
8514,conv2d_17,"(0, 2, 32, 38)",10
8515,conv2d_17,"(2, 1, 50, 61)",10
8516,conv2d_17,"(2, 2, 51, 57)",23
8517,conv2d_17,"(1, 2, 8, 6)",15
8518,conv2d_17,"(0, 2, 14, 16)",19
8519,conv2d_17,"(0, 2, 43, 12)",19
8520,conv2d_17,"(2, 2, 6, 50)",0
8521,conv2d_17,"(2, 2, 52, 9)",0
8522,conv2d_17,"(0, 1, 42, 37)",27
8523,conv2d_17,"(1, 1, 15, 37)",14
8524,conv2d_17,"(2, 1, 3, 56)",10
8525,conv2d_17,"(1, 1, 26, 28)",26
8526,conv2d_17,"(2, 1, 42, 48)",26
8527,conv2d_17,"(1, 0, 53, 9)",17
8528,conv2d_17,"(0, 1, 48, 56)",17
8529,conv2d_17,"(0, 2, 36, 24)",5
8530,conv2d_17,"(0, 2, 2, 2)",16
8531,conv2d_17,"(2, 0, 13, 17)",28
8532,conv2d_17,"(0, 1, 23, 3)",13
8533,conv2d_17,"(2, 0, 57, 63)",14
8534,conv2d_17,"(0, 1, 48, 9)",20
8535,conv2d_17,"(2, 2, 9, 41)",29
8536,conv2d_17,"(0, 0, 15, 0)",14
8537,conv2d_17,"(2, 2, 61, 59)",6
8538,conv2d_17,"(1, 2, 26, 7)",3
8539,conv2d_17,"(2, 2, 35, 46)",31
8540,conv2d_17,"(1, 1, 1, 16)",30
8541,conv2d_17,"(1, 1, 32, 57)",4
8542,conv2d_17,"(0, 0, 49, 5)",27
8543,conv2d_17,"(1, 1, 43, 1)",27
8544,conv2d_17,"(2, 1, 37, 34)",20
8545,conv2d_17,"(0, 1, 39, 47)",20
8546,conv2d_17,"(2, 2, 8, 39)",24
8547,conv2d_17,"(2, 2, 42, 3)",10
8548,conv2d_17,"(2, 1, 51, 26)",29
8549,conv2d_17,"(0, 1, 27, 59)",14
8550,conv2d_17,"(2, 1, 60, 35)",28
8551,conv2d_17,"(1, 2, 33, 50)",23
8552,conv2d_17,"(0, 2, 1, 42)",18
8553,conv2d_17,"(1, 2, 56, 8)",17
8554,conv2d_17,"(0, 0, 14, 31)",24
8555,conv2d_17,"(1, 0, 11, 29)",15
8556,conv2d_17,"(1, 0, 43, 3)",30
8557,conv2d_17,"(0, 2, 36, 19)",31
8558,conv2d_17,"(2, 2, 5, 50)",21
8559,conv2d_17,"(1, 2, 25, 8)",29
8560,conv2d_17,"(0, 1, 22, 30)",22
8561,conv2d_17,"(1, 0, 20, 8)",25
8562,conv2d_17,"(1, 1, 29, 34)",30
8563,conv2d_17,"(2, 0, 31, 52)",7
8564,conv2d_17,"(0, 2, 7, 49)",17
8565,conv2d_17,"(1, 1, 55, 59)",26
8566,conv2d_17,"(1, 0, 25, 5)",25
8567,conv2d_17,"(2, 0, 42, 47)",11
8568,conv2d_17,"(0, 2, 60, 25)",11
8569,conv2d_17,"(2, 2, 17, 38)",15
8570,conv2d_17,"(1, 0, 55, 44)",22
8571,conv2d_17,"(2, 1, 48, 14)",22
8572,conv2d_17,"(2, 0, 47, 4)",9
8573,conv2d_17,"(1, 1, 23, 34)",14
8574,conv2d_17,"(2, 2, 46, 34)",28
8575,conv2d_17,"(1, 2, 63, 7)",16
8576,conv2d_17,"(2, 2, 57, 18)",29
8577,conv2d_17,"(0, 2, 33, 16)",22
8578,conv2d_17,"(1, 0, 10, 60)",14
8579,conv2d_17,"(2, 1, 60, 29)",27
8580,conv2d_17,"(2, 1, 8, 39)",26
8581,conv2d_17,"(0, 2, 21, 16)",28
8582,conv2d_17,"(1, 2, 42, 55)",0
8583,conv2d_17,"(0, 1, 4, 48)",31
8584,conv2d_17,"(2, 1, 47, 32)",0
8585,conv2d_17,"(0, 2, 15, 2)",1
8586,conv2d_17,"(2, 0, 23, 54)",9
8587,conv2d_17,"(2, 2, 40, 42)",28
8588,conv2d_17,"(1, 0, 36, 62)",6
8589,conv2d_17,"(2, 2, 5, 62)",0
8590,conv2d_17,"(0, 1, 37, 34)",1
8591,conv2d_17,"(0, 2, 32, 18)",16
8592,conv2d_17,"(0, 2, 24, 35)",11
8593,conv2d_17,"(0, 0, 51, 6)",2
8594,conv2d_17,"(2, 2, 35, 51)",17
8595,conv2d_17,"(2, 2, 22, 22)",14
8596,conv2d_17,"(0, 2, 30, 27)",6
8597,conv2d_17,"(2, 2, 61, 32)",17
8598,conv2d_17,"(1, 2, 22, 8)",8
8599,conv2d_17,"(0, 0, 33, 21)",6
8600,conv2d_17,"(0, 2, 1, 14)",17
8601,conv2d_17,"(0, 1, 41, 25)",6
8602,conv2d_17,"(1, 0, 49, 5)",10
8603,conv2d_17,"(2, 0, 30, 54)",8
8604,conv2d_17,"(2, 0, 22, 43)",5
8605,conv2d_17,"(2, 1, 49, 8)",31
8606,conv2d_17,"(2, 2, 32, 52)",16
8607,conv2d_17,"(1, 0, 36, 34)",9
8608,conv2d_18,"(1, 2, 48, 48)",18
8609,conv2d_18,"(1, 1, 25, 40)",29
8610,conv2d_18,"(0, 0, 41, 24)",4
8611,conv2d_18,"(0, 2, 25, 56)",16
8612,conv2d_18,"(1, 0, 25, 48)",11
8613,conv2d_18,"(2, 2, 27, 28)",7
8614,conv2d_18,"(0, 0, 23, 62)",1
8615,conv2d_18,"(1, 0, 16, 33)",15
8616,conv2d_18,"(0, 1, 2, 48)",7
8617,conv2d_18,"(0, 0, 62, 23)",16
8618,conv2d_18,"(0, 0, 30, 45)",22
8619,conv2d_18,"(2, 0, 42, 5)",15
8620,conv2d_18,"(1, 0, 12, 33)",9
8621,conv2d_18,"(1, 1, 50, 30)",30
8622,conv2d_18,"(2, 1, 5, 37)",18
8623,conv2d_18,"(1, 2, 32, 4)",25
8624,conv2d_18,"(2, 0, 38, 26)",23
8625,conv2d_18,"(2, 2, 56, 16)",6
8626,conv2d_18,"(1, 2, 27, 40)",31
8627,conv2d_18,"(2, 0, 55, 10)",12
8628,conv2d_18,"(1, 1, 26, 55)",29
8629,conv2d_18,"(1, 0, 48, 31)",2
8630,conv2d_18,"(2, 2, 18, 44)",10
8631,conv2d_18,"(2, 2, 16, 55)",4
8632,conv2d_18,"(0, 0, 36, 37)",9
8633,conv2d_18,"(1, 0, 56, 47)",0
8634,conv2d_18,"(2, 2, 24, 57)",26
8635,conv2d_18,"(0, 2, 9, 29)",2
8636,conv2d_18,"(0, 2, 26, 6)",11
8637,conv2d_18,"(1, 1, 5, 61)",30
8638,conv2d_18,"(1, 1, 57, 25)",21
8639,conv2d_18,"(1, 2, 1, 3)",24
8640,conv2d_18,"(0, 2, 25, 21)",28
8641,conv2d_18,"(1, 0, 31, 19)",12
8642,conv2d_18,"(1, 0, 42, 7)",30
8643,conv2d_18,"(1, 0, 55, 24)",29
8644,conv2d_18,"(0, 0, 22, 38)",5
8645,conv2d_18,"(2, 1, 40, 40)",21
8646,conv2d_18,"(2, 1, 17, 9)",1
8647,conv2d_18,"(1, 0, 63, 35)",31
8648,conv2d_18,"(1, 1, 4, 10)",11
8649,conv2d_18,"(1, 1, 27, 14)",1
8650,conv2d_18,"(0, 0, 24, 44)",17
8651,conv2d_18,"(0, 0, 17, 12)",24
8652,conv2d_18,"(0, 1, 39, 38)",8
8653,conv2d_18,"(0, 2, 56, 54)",22
8654,conv2d_18,"(2, 2, 63, 46)",28
8655,conv2d_18,"(2, 2, 27, 42)",5
8656,conv2d_18,"(0, 0, 33, 48)",23
8657,conv2d_18,"(2, 0, 42, 46)",2
8658,conv2d_18,"(2, 0, 34, 17)",28
8659,conv2d_18,"(1, 1, 60, 41)",20
8660,conv2d_18,"(1, 1, 38, 56)",17
8661,conv2d_18,"(2, 2, 1, 60)",19
8662,conv2d_18,"(1, 0, 4, 55)",17
8663,conv2d_18,"(1, 1, 44, 5)",2
8664,conv2d_18,"(2, 2, 22, 6)",12
8665,conv2d_18,"(0, 0, 9, 0)",1
8666,conv2d_18,"(0, 1, 53, 10)",26
8667,conv2d_18,"(2, 1, 46, 42)",29
8668,conv2d_18,"(1, 2, 18, 5)",11
8669,conv2d_18,"(0, 1, 48, 37)",9
8670,conv2d_18,"(1, 2, 10, 24)",24
8671,conv2d_18,"(0, 1, 25, 7)",25
8672,conv2d_18,"(1, 2, 30, 11)",4
8673,conv2d_18,"(0, 0, 39, 59)",12
8674,conv2d_18,"(0, 1, 63, 29)",25
8675,conv2d_18,"(0, 2, 59, 13)",23
8676,conv2d_18,"(2, 0, 11, 43)",5
8677,conv2d_18,"(2, 0, 18, 49)",6
8678,conv2d_18,"(2, 0, 53, 17)",3
8679,conv2d_18,"(1, 1, 40, 8)",31
8680,conv2d_18,"(0, 0, 19, 56)",23
8681,conv2d_18,"(1, 2, 6, 1)",24
8682,conv2d_18,"(1, 1, 41, 24)",30
8683,conv2d_18,"(2, 2, 28, 30)",31
8684,conv2d_18,"(0, 1, 57, 29)",21
8685,conv2d_18,"(1, 2, 31, 9)",15
8686,conv2d_18,"(0, 0, 47, 40)",8
8687,conv2d_18,"(1, 0, 24, 48)",31
8688,conv2d_18,"(0, 0, 37, 63)",9
8689,conv2d_18,"(0, 2, 3, 26)",27
8690,conv2d_18,"(1, 0, 33, 47)",13
8691,conv2d_18,"(1, 1, 7, 19)",15
8692,conv2d_18,"(2, 2, 54, 53)",17
8693,conv2d_18,"(1, 0, 55, 2)",8
8694,conv2d_18,"(2, 0, 8, 23)",30
8695,conv2d_18,"(2, 1, 32, 46)",3
8696,conv2d_18,"(1, 1, 17, 61)",30
8697,conv2d_18,"(1, 1, 3, 22)",18
8698,conv2d_18,"(2, 1, 60, 16)",12
8699,conv2d_18,"(2, 0, 0, 22)",23
8700,conv2d_18,"(0, 2, 35, 61)",20
8701,conv2d_18,"(2, 1, 54, 41)",26
8702,conv2d_18,"(2, 2, 46, 33)",23
8703,conv2d_18,"(0, 2, 15, 31)",9
8704,conv2d_18,"(2, 2, 17, 19)",12
8705,conv2d_18,"(0, 2, 3, 54)",2
8706,conv2d_18,"(2, 0, 48, 61)",6
8707,conv2d_18,"(0, 0, 53, 33)",5
8708,conv2d_18,"(1, 2, 42, 19)",18
8709,conv2d_18,"(0, 0, 38, 54)",4
8710,conv2d_18,"(0, 2, 25, 23)",3
8711,conv2d_18,"(0, 2, 7, 62)",9
8712,conv2d_18,"(0, 2, 10, 45)",8
8713,conv2d_18,"(1, 0, 33, 15)",4
8714,conv2d_18,"(2, 1, 12, 22)",9
8715,conv2d_18,"(0, 1, 28, 47)",3
8716,conv2d_18,"(2, 0, 33, 56)",13
8717,conv2d_18,"(2, 1, 12, 34)",4
8718,conv2d_18,"(1, 1, 62, 43)",12
8719,conv2d_18,"(1, 1, 59, 18)",20
8720,conv2d_18,"(0, 0, 37, 9)",19
8721,conv2d_18,"(1, 1, 12, 34)",21
8722,conv2d_18,"(0, 1, 52, 3)",1
8723,conv2d_18,"(2, 1, 43, 63)",10
8724,conv2d_18,"(1, 2, 25, 23)",24
8725,conv2d_18,"(2, 0, 37, 9)",7
8726,conv2d_18,"(0, 0, 34, 5)",2
8727,conv2d_18,"(2, 1, 53, 20)",27
8728,conv2d_18,"(1, 1, 27, 59)",26
8729,conv2d_18,"(2, 1, 55, 61)",8
8730,conv2d_18,"(1, 0, 16, 56)",4
8731,conv2d_18,"(2, 2, 10, 18)",9
8732,conv2d_18,"(2, 2, 49, 11)",5
8733,conv2d_18,"(2, 0, 6, 62)",11
8734,conv2d_18,"(0, 2, 21, 1)",27
8735,conv2d_18,"(0, 0, 11, 19)",21
8736,conv2d_18,"(2, 0, 0, 9)",2
8737,conv2d_18,"(1, 2, 8, 49)",4
8738,conv2d_18,"(0, 0, 31, 18)",12
8739,conv2d_18,"(0, 0, 5, 24)",14
8740,conv2d_18,"(0, 1, 4, 28)",25
8741,conv2d_18,"(0, 1, 47, 1)",2
8742,conv2d_18,"(0, 0, 31, 4)",24
8743,conv2d_18,"(0, 2, 48, 51)",13
8744,conv2d_18,"(1, 0, 43, 5)",29
8745,conv2d_18,"(2, 1, 4, 23)",18
8746,conv2d_18,"(2, 1, 63, 43)",26
8747,conv2d_18,"(1, 0, 45, 23)",23
8748,conv2d_18,"(0, 1, 53, 47)",22
8749,conv2d_18,"(2, 0, 38, 3)",22
8750,conv2d_18,"(1, 2, 14, 48)",4
8751,conv2d_18,"(0, 0, 19, 51)",5
8752,conv2d_18,"(2, 2, 15, 37)",30
8753,conv2d_18,"(0, 0, 58, 2)",18
8754,conv2d_18,"(1, 0, 59, 53)",3
8755,conv2d_18,"(2, 1, 34, 45)",23
8756,conv2d_18,"(0, 2, 10, 17)",21
8757,conv2d_18,"(0, 1, 53, 43)",6
8758,conv2d_18,"(1, 1, 19, 6)",25
8759,conv2d_18,"(1, 2, 28, 60)",30
8760,conv2d_18,"(2, 2, 11, 47)",26
8761,conv2d_18,"(2, 2, 62, 19)",3
8762,conv2d_18,"(1, 2, 55, 60)",8
8763,conv2d_18,"(1, 2, 23, 21)",11
8764,conv2d_18,"(0, 1, 32, 7)",23
8765,conv2d_18,"(0, 1, 59, 35)",29
8766,conv2d_18,"(2, 1, 10, 9)",1
8767,conv2d_18,"(1, 1, 34, 6)",25
8768,conv2d_18,"(0, 0, 44, 7)",25
8769,conv2d_18,"(1, 1, 19, 57)",21
8770,conv2d_18,"(0, 1, 30, 10)",2
8771,conv2d_18,"(1, 2, 33, 53)",29
8772,conv2d_18,"(0, 2, 44, 55)",29
8773,conv2d_18,"(2, 1, 21, 8)",22
8774,conv2d_18,"(1, 2, 11, 5)",19
8775,conv2d_18,"(0, 1, 15, 36)",4
8776,conv2d_18,"(1, 2, 43, 62)",28
8777,conv2d_18,"(1, 1, 8, 32)",26
8778,conv2d_18,"(0, 0, 58, 1)",7
8779,conv2d_18,"(0, 1, 29, 54)",26
8780,conv2d_18,"(1, 0, 31, 20)",5
8781,conv2d_18,"(0, 2, 8, 14)",13
8782,conv2d_18,"(2, 2, 21, 21)",12
8783,conv2d_18,"(2, 2, 1, 38)",23
8784,conv2d_18,"(2, 0, 46, 48)",3
8785,conv2d_18,"(1, 2, 56, 51)",14
8786,conv2d_18,"(0, 0, 54, 37)",16
8787,conv2d_18,"(1, 0, 21, 8)",19
8788,conv2d_18,"(2, 2, 45, 5)",8
8789,conv2d_18,"(2, 1, 15, 52)",27
8790,conv2d_18,"(1, 2, 25, 36)",20
8791,conv2d_18,"(0, 2, 19, 22)",27
8792,conv2d_18,"(1, 1, 5, 21)",11
8793,conv2d_18,"(2, 2, 15, 17)",10
8794,conv2d_18,"(0, 1, 47, 54)",11
8795,conv2d_18,"(1, 0, 22, 23)",19
8796,conv2d_18,"(2, 0, 41, 49)",8
8797,conv2d_18,"(1, 2, 49, 21)",23
8798,conv2d_18,"(2, 2, 57, 59)",1
8799,conv2d_18,"(2, 2, 33, 48)",31
8800,conv2d_18,"(0, 0, 57, 41)",10
8801,conv2d_18,"(2, 1, 7, 21)",28
8802,conv2d_18,"(1, 1, 47, 60)",22
8803,conv2d_18,"(2, 1, 42, 40)",2
8804,conv2d_18,"(2, 2, 35, 54)",8
8805,conv2d_18,"(1, 2, 31, 43)",5
8806,conv2d_18,"(0, 0, 26, 42)",25
8807,conv2d_18,"(0, 0, 41, 53)",25
8808,conv2d_18,"(0, 1, 7, 15)",4
8809,conv2d_18,"(1, 2, 19, 39)",11
8810,conv2d_18,"(1, 1, 42, 59)",0
8811,conv2d_18,"(2, 1, 44, 2)",20
8812,conv2d_18,"(2, 1, 59, 19)",22
8813,conv2d_18,"(2, 0, 49, 53)",1
8814,conv2d_18,"(0, 1, 5, 46)",23
8815,conv2d_18,"(2, 0, 43, 46)",25
8816,conv2d_18,"(2, 0, 16, 35)",19
8817,conv2d_18,"(0, 1, 3, 6)",31
8818,conv2d_18,"(2, 2, 53, 14)",28
8819,conv2d_18,"(0, 2, 41, 53)",30
8820,conv2d_18,"(2, 1, 12, 36)",2
8821,conv2d_18,"(1, 1, 9, 31)",4
8822,conv2d_18,"(1, 2, 34, 18)",16
8823,conv2d_18,"(0, 0, 16, 45)",8
8824,conv2d_18,"(0, 2, 20, 7)",19
8825,conv2d_18,"(2, 1, 21, 40)",5
8826,conv2d_18,"(0, 1, 50, 31)",2
8827,conv2d_18,"(2, 1, 61, 7)",11
8828,conv2d_18,"(2, 1, 43, 14)",8
8829,conv2d_18,"(1, 2, 24, 39)",21
8830,conv2d_18,"(2, 1, 24, 40)",22
8831,conv2d_18,"(2, 1, 8, 59)",2
8832,conv2d_18,"(1, 1, 48, 41)",0
8833,conv2d_18,"(0, 1, 13, 13)",19
8834,conv2d_18,"(2, 1, 55, 35)",26
8835,conv2d_18,"(0, 1, 18, 12)",0
8836,conv2d_18,"(2, 2, 57, 29)",31
8837,conv2d_18,"(2, 1, 10, 49)",13
8838,conv2d_18,"(1, 2, 34, 13)",1
8839,conv2d_18,"(0, 2, 49, 47)",20
8840,conv2d_18,"(1, 1, 17, 48)",2
8841,conv2d_18,"(1, 1, 58, 62)",24
8842,conv2d_18,"(0, 0, 35, 11)",23
8843,conv2d_18,"(0, 2, 2, 43)",17
8844,conv2d_18,"(2, 1, 49, 39)",4
8845,conv2d_18,"(2, 2, 30, 43)",25
8846,conv2d_18,"(0, 0, 14, 38)",30
8847,conv2d_18,"(1, 0, 34, 3)",11
8848,conv2d_18,"(0, 0, 5, 19)",19
8849,conv2d_18,"(0, 2, 10, 21)",0
8850,conv2d_18,"(2, 1, 47, 40)",14
8851,conv2d_18,"(1, 0, 51, 35)",6
8852,conv2d_18,"(0, 0, 50, 54)",4
8853,conv2d_18,"(2, 2, 14, 12)",26
8854,conv2d_18,"(0, 2, 36, 5)",23
8855,conv2d_18,"(0, 2, 40, 10)",20
8856,conv2d_18,"(0, 2, 44, 13)",18
8857,conv2d_18,"(2, 2, 8, 19)",8
8858,conv2d_18,"(1, 1, 19, 23)",26
8859,conv2d_18,"(0, 2, 31, 37)",17
8860,conv2d_18,"(1, 2, 28, 17)",11
8861,conv2d_18,"(2, 1, 62, 27)",30
8862,conv2d_18,"(0, 2, 32, 54)",10
8863,conv2d_18,"(0, 2, 0, 18)",1
8864,conv2d_18,"(2, 2, 24, 62)",17
8865,conv2d_18,"(2, 1, 26, 16)",8
8866,conv2d_18,"(0, 1, 37, 44)",8
8867,conv2d_18,"(1, 2, 40, 23)",8
8868,conv2d_18,"(1, 2, 40, 33)",23
8869,conv2d_18,"(1, 2, 39, 14)",31
8870,conv2d_18,"(1, 0, 4, 0)",8
8871,conv2d_18,"(0, 2, 57, 27)",28
8872,conv2d_18,"(1, 1, 38, 62)",21
8873,conv2d_18,"(2, 0, 34, 15)",0
8874,conv2d_18,"(0, 1, 22, 19)",13
8875,conv2d_18,"(0, 0, 19, 15)",10
8876,conv2d_18,"(0, 0, 10, 37)",10
8877,conv2d_18,"(1, 2, 58, 63)",21
8878,conv2d_18,"(1, 2, 12, 42)",8
8879,conv2d_18,"(1, 0, 32, 56)",6
8880,conv2d_18,"(2, 0, 9, 56)",16
8881,conv2d_18,"(1, 2, 57, 41)",0
8882,conv2d_18,"(2, 2, 12, 41)",3
8883,conv2d_18,"(0, 1, 23, 35)",15
8884,conv2d_18,"(0, 1, 1, 60)",15
8885,conv2d_18,"(2, 1, 22, 44)",7
8886,conv2d_18,"(2, 1, 24, 56)",9
8887,conv2d_18,"(1, 0, 34, 39)",22
8888,conv2d_18,"(1, 1, 11, 62)",16
8889,conv2d_18,"(2, 1, 24, 61)",30
8890,conv2d_18,"(0, 2, 3, 32)",3
8891,conv2d_18,"(0, 1, 6, 63)",0
8892,conv2d_18,"(2, 2, 11, 16)",30
8893,conv2d_18,"(2, 2, 16, 51)",27
8894,conv2d_18,"(2, 2, 39, 16)",22
8895,conv2d_18,"(1, 2, 24, 17)",7
8896,conv2d_18,"(0, 1, 27, 29)",1
8897,conv2d_18,"(1, 2, 19, 50)",2
8898,conv2d_18,"(0, 1, 51, 3)",1
8899,conv2d_18,"(2, 1, 7, 42)",6
8900,conv2d_18,"(2, 1, 16, 12)",28
8901,conv2d_18,"(2, 1, 18, 35)",7
8902,conv2d_18,"(1, 1, 20, 32)",20
8903,conv2d_18,"(0, 0, 19, 63)",2
8904,conv2d_18,"(1, 0, 39, 36)",5
8905,conv2d_18,"(1, 1, 30, 39)",0
8906,conv2d_18,"(0, 1, 43, 38)",15
8907,conv2d_18,"(1, 2, 18, 10)",25
8908,conv2d_18,"(2, 0, 24, 23)",5
8909,conv2d_18,"(1, 0, 18, 52)",17
8910,conv2d_18,"(0, 2, 10, 60)",0
8911,conv2d_18,"(1, 0, 41, 25)",8
8912,conv2d_18,"(0, 0, 12, 20)",2
8913,conv2d_18,"(1, 2, 6, 39)",9
8914,conv2d_18,"(2, 1, 34, 23)",0
8915,conv2d_18,"(0, 1, 45, 15)",15
8916,conv2d_18,"(2, 0, 15, 14)",0
8917,conv2d_18,"(2, 1, 47, 19)",30
8918,conv2d_18,"(0, 0, 60, 59)",13
8919,conv2d_18,"(1, 0, 30, 16)",3
8920,conv2d_18,"(2, 1, 32, 60)",31
8921,conv2d_18,"(0, 1, 47, 20)",17
8922,conv2d_18,"(1, 2, 53, 29)",26
8923,conv2d_18,"(0, 1, 59, 34)",13
8924,conv2d_18,"(0, 1, 28, 34)",3
8925,conv2d_18,"(1, 1, 10, 35)",16
8926,conv2d_18,"(2, 2, 24, 36)",29
8927,conv2d_18,"(2, 1, 23, 62)",12
8928,conv2d_18,"(1, 0, 57, 2)",30
8929,conv2d_18,"(0, 0, 3, 62)",5
8930,conv2d_18,"(1, 2, 47, 15)",3
8931,conv2d_18,"(2, 2, 53, 3)",11
8932,conv2d_18,"(1, 2, 58, 56)",5
8933,conv2d_18,"(1, 0, 31, 32)",4
8934,conv2d_18,"(1, 0, 15, 33)",7
8935,conv2d_18,"(2, 1, 38, 26)",7
8936,conv2d_18,"(0, 1, 2, 24)",19
8937,conv2d_18,"(0, 2, 52, 7)",13
8938,conv2d_18,"(1, 0, 63, 32)",10
8939,conv2d_18,"(2, 2, 15, 52)",26
8940,conv2d_18,"(1, 1, 30, 24)",30
8941,conv2d_18,"(0, 0, 49, 17)",13
8942,conv2d_18,"(2, 0, 2, 60)",6
8943,conv2d_18,"(1, 2, 13, 23)",20
8944,conv2d_18,"(2, 1, 15, 61)",30
8945,conv2d_18,"(2, 2, 42, 31)",22
8946,conv2d_18,"(0, 1, 28, 8)",4
8947,conv2d_18,"(2, 0, 40, 6)",1
8948,conv2d_18,"(0, 0, 42, 46)",31
8949,conv2d_18,"(1, 2, 11, 43)",19
8950,conv2d_18,"(0, 2, 55, 15)",28
8951,conv2d_18,"(2, 2, 31, 39)",22
8952,conv2d_18,"(1, 2, 34, 44)",4
8953,conv2d_18,"(0, 0, 37, 13)",17
8954,conv2d_18,"(0, 0, 31, 26)",3
8955,conv2d_18,"(1, 0, 39, 18)",3
8956,conv2d_18,"(0, 0, 9, 28)",3
8957,conv2d_18,"(1, 1, 13, 54)",22
8958,conv2d_18,"(0, 1, 21, 52)",18
8959,conv2d_18,"(2, 2, 56, 20)",12
8960,conv2d_18,"(0, 1, 13, 62)",28
8961,conv2d_18,"(1, 0, 63, 56)",27
8962,conv2d_18,"(2, 0, 4, 48)",14
8963,conv2d_18,"(2, 2, 18, 1)",8
8964,conv2d_18,"(1, 2, 37, 31)",28
8965,conv2d_18,"(2, 1, 25, 3)",5
8966,conv2d_18,"(1, 1, 34, 3)",25
8967,conv2d_18,"(2, 0, 42, 19)",15
8968,conv2d_18,"(1, 0, 41, 56)",22
8969,conv2d_18,"(2, 0, 26, 16)",10
8970,conv2d_18,"(2, 2, 40, 28)",18
8971,conv2d_18,"(0, 2, 32, 20)",0
8972,conv2d_18,"(0, 0, 31, 47)",3
8973,conv2d_18,"(2, 2, 31, 59)",20
8974,conv2d_18,"(0, 1, 27, 27)",9
8975,conv2d_18,"(0, 2, 27, 11)",21
8976,conv2d_18,"(0, 0, 40, 55)",20
8977,conv2d_18,"(0, 0, 8, 32)",11
8978,conv2d_18,"(2, 1, 38, 9)",13
8979,conv2d_18,"(0, 0, 46, 63)",19
8980,conv2d_18,"(0, 1, 48, 0)",20
8981,conv2d_18,"(2, 1, 10, 57)",7
8982,conv2d_18,"(2, 0, 40, 52)",20
8983,conv2d_18,"(2, 0, 57, 17)",0
8984,conv2d_18,"(1, 2, 40, 17)",23
8985,conv2d_18,"(1, 2, 34, 33)",0
8986,conv2d_18,"(2, 2, 61, 9)",23
8987,conv2d_18,"(2, 1, 27, 14)",22
8988,conv2d_18,"(1, 1, 5, 0)",13
8989,conv2d_18,"(0, 0, 35, 3)",0
8990,conv2d_18,"(1, 1, 62, 59)",30
8991,conv2d_18,"(0, 2, 19, 15)",19
8992,conv2d_18,"(0, 2, 14, 5)",11
8993,conv2d_18,"(2, 2, 3, 61)",4
8994,conv2d_18,"(2, 2, 52, 42)",22
8995,conv2d_18,"(0, 0, 42, 51)",17
8996,conv2d_18,"(1, 0, 5, 10)",1
8997,conv2d_18,"(2, 1, 46, 56)",29
8998,conv2d_18,"(0, 0, 18, 24)",16
8999,conv2d_18,"(1, 2, 22, 19)",18
9000,conv2d_18,"(1, 2, 3, 6)",17
9001,conv2d_18,"(1, 1, 25, 23)",15
9002,conv2d_18,"(1, 0, 25, 62)",4
9003,conv2d_18,"(0, 0, 21, 13)",31
9004,conv2d_18,"(1, 0, 18, 20)",17
9005,conv2d_18,"(1, 0, 39, 37)",9
9006,conv2d_18,"(2, 1, 37, 3)",31
9007,conv2d_18,"(0, 0, 23, 8)",9
9008,conv2d_18,"(1, 1, 62, 62)",2
9009,conv2d_18,"(0, 1, 55, 62)",11
9010,conv2d_18,"(1, 1, 25, 12)",12
9011,conv2d_18,"(0, 1, 10, 19)",2
9012,conv2d_18,"(0, 0, 34, 39)",31
9013,conv2d_18,"(1, 1, 41, 41)",21
9014,conv2d_18,"(0, 0, 26, 23)",31
9015,conv2d_18,"(0, 1, 17, 60)",28
9016,conv2d_18,"(1, 2, 25, 16)",12
9017,conv2d_18,"(2, 0, 24, 11)",1
9018,conv2d_18,"(0, 1, 36, 30)",10
9019,conv2d_18,"(2, 1, 30, 63)",28
9020,conv2d_18,"(2, 2, 62, 56)",18
9021,conv2d_18,"(1, 1, 4, 11)",9
9022,conv2d_18,"(1, 1, 63, 12)",2
9023,conv2d_18,"(1, 1, 12, 29)",14
9024,conv2d_18,"(2, 2, 42, 39)",22
9025,conv2d_18,"(2, 2, 57, 24)",4
9026,conv2d_18,"(1, 0, 29, 36)",20
9027,conv2d_18,"(2, 0, 35, 61)",12
9028,conv2d_18,"(1, 2, 53, 36)",5
9029,conv2d_18,"(2, 2, 8, 60)",27
9030,conv2d_18,"(2, 2, 58, 42)",11
9031,conv2d_18,"(0, 2, 15, 24)",5
9032,conv2d_18,"(0, 1, 18, 57)",26
9033,conv2d_18,"(0, 1, 43, 58)",23
9034,conv2d_18,"(2, 2, 10, 42)",4
9035,conv2d_18,"(1, 0, 24, 11)",28
9036,conv2d_18,"(1, 1, 20, 51)",29
9037,conv2d_18,"(1, 0, 31, 53)",2
9038,conv2d_18,"(1, 0, 7, 37)",20
9039,conv2d_18,"(1, 1, 26, 2)",6
9040,conv2d_18,"(0, 2, 29, 25)",2
9041,conv2d_18,"(0, 2, 41, 49)",31
9042,conv2d_18,"(2, 1, 55, 53)",29
9043,conv2d_18,"(0, 2, 59, 0)",24
9044,conv2d_18,"(1, 0, 61, 15)",5
9045,conv2d_18,"(1, 0, 42, 43)",9
9046,conv2d_18,"(2, 2, 33, 53)",29
9047,conv2d_18,"(0, 1, 25, 37)",3
9048,conv2d_18,"(2, 1, 51, 28)",31
9049,conv2d_18,"(2, 1, 45, 26)",29
9050,conv2d_18,"(1, 0, 43, 15)",24
9051,conv2d_18,"(2, 0, 7, 0)",1
9052,conv2d_18,"(2, 0, 58, 46)",21
9053,conv2d_18,"(2, 0, 52, 34)",3
9054,conv2d_18,"(1, 2, 16, 13)",16
9055,conv2d_18,"(0, 1, 1, 33)",31
9056,conv2d_18,"(1, 2, 55, 13)",10
9057,conv2d_18,"(1, 0, 61, 4)",12
9058,conv2d_18,"(2, 0, 52, 62)",31
9059,conv2d_18,"(0, 1, 15, 31)",6
9060,conv2d_18,"(1, 0, 27, 24)",10
9061,conv2d_18,"(0, 2, 20, 42)",5
9062,conv2d_18,"(1, 1, 5, 52)",9
9063,conv2d_18,"(1, 1, 43, 5)",12
9064,conv2d_18,"(0, 1, 62, 50)",11
9065,conv2d_18,"(1, 2, 10, 53)",18
9066,conv2d_18,"(0, 1, 36, 22)",2
9067,conv2d_18,"(1, 1, 27, 45)",4
9068,conv2d_18,"(1, 0, 50, 19)",25
9069,conv2d_18,"(1, 2, 13, 9)",5
9070,conv2d_18,"(1, 2, 22, 41)",9
9071,conv2d_18,"(0, 2, 38, 35)",18
9072,conv2d_18,"(2, 2, 46, 8)",30
9073,conv2d_18,"(1, 1, 16, 30)",28
9074,conv2d_18,"(0, 1, 32, 17)",21
9075,conv2d_18,"(0, 2, 6, 15)",30
9076,conv2d_18,"(2, 1, 17, 2)",20
9077,conv2d_18,"(1, 1, 23, 17)",26
9078,conv2d_18,"(2, 1, 50, 27)",10
9079,conv2d_18,"(0, 2, 38, 13)",25
9080,conv2d_18,"(1, 0, 26, 44)",8
9081,conv2d_18,"(1, 0, 51, 11)",31
9082,conv2d_18,"(1, 0, 53, 43)",29
9083,conv2d_18,"(0, 0, 6, 17)",10
9084,conv2d_18,"(0, 0, 37, 42)",21
9085,conv2d_18,"(1, 1, 33, 26)",2
9086,conv2d_18,"(2, 1, 53, 45)",14
9087,conv2d_18,"(2, 0, 46, 30)",15
9088,conv2d_18,"(2, 2, 18, 51)",11
9089,conv2d_18,"(0, 2, 15, 47)",12
9090,conv2d_18,"(0, 1, 37, 25)",21
9091,conv2d_18,"(2, 1, 39, 60)",10
9092,conv2d_18,"(0, 0, 34, 13)",10
9093,conv2d_18,"(2, 0, 59, 54)",14
9094,conv2d_18,"(0, 2, 46, 35)",28
9095,conv2d_18,"(2, 2, 60, 51)",4
9096,conv2d_18,"(2, 0, 48, 18)",29
9097,conv2d_18,"(0, 2, 32, 27)",13
9098,conv2d_18,"(1, 0, 6, 16)",15
9099,conv2d_18,"(1, 2, 19, 20)",11
9100,conv2d_18,"(2, 2, 10, 5)",30
9101,conv2d_18,"(0, 0, 27, 34)",30
9102,conv2d_18,"(2, 1, 62, 5)",16
9103,conv2d_18,"(1, 2, 27, 26)",11
9104,conv2d_18,"(2, 1, 44, 21)",6
9105,conv2d_18,"(0, 1, 14, 23)",17
9106,conv2d_18,"(1, 0, 43, 42)",26
9107,conv2d_18,"(1, 0, 18, 37)",31
9108,conv2d_18,"(2, 2, 25, 38)",5
9109,conv2d_18,"(2, 0, 53, 24)",16
9110,conv2d_18,"(2, 0, 47, 9)",15
9111,conv2d_18,"(1, 2, 12, 32)",27
9112,conv2d_18,"(2, 0, 49, 2)",5
9113,conv2d_18,"(0, 0, 29, 12)",11
9114,conv2d_18,"(1, 2, 47, 42)",6
9115,conv2d_18,"(1, 1, 13, 51)",7
9116,conv2d_18,"(2, 1, 49, 14)",24
9117,conv2d_18,"(1, 2, 6, 49)",21
9118,conv2d_18,"(1, 0, 22, 18)",7
9119,conv2d_18,"(1, 2, 21, 3)",7
9120,conv2d_18,"(0, 0, 25, 61)",31
9121,conv2d_18,"(1, 0, 11, 51)",22
9122,conv2d_18,"(0, 2, 62, 33)",28
9123,conv2d_18,"(1, 1, 47, 10)",0
9124,conv2d_18,"(1, 2, 36, 29)",15
9125,conv2d_18,"(0, 2, 38, 54)",13
9126,conv2d_18,"(0, 1, 35, 17)",17
9127,conv2d_18,"(2, 0, 45, 34)",11
9128,conv2d_18,"(2, 2, 59, 61)",4
9129,conv2d_18,"(1, 1, 56, 18)",31
9130,conv2d_18,"(1, 2, 54, 4)",2
9131,conv2d_18,"(2, 1, 28, 10)",11
9132,conv2d_18,"(0, 1, 59, 49)",2
9133,conv2d_18,"(1, 0, 8, 60)",11
9134,conv2d_18,"(1, 2, 32, 8)",11
9135,conv2d_18,"(0, 1, 56, 37)",16
9136,conv2d_18,"(2, 0, 34, 46)",18
9137,conv2d_18,"(0, 0, 2, 4)",22
9138,conv2d_18,"(0, 2, 35, 20)",26
9139,conv2d_18,"(1, 0, 38, 13)",8
9140,conv2d_18,"(0, 0, 0, 2)",0
9141,conv2d_18,"(0, 1, 41, 61)",14
9142,conv2d_18,"(1, 0, 2, 28)",28
9143,conv2d_18,"(2, 0, 24, 24)",3
9144,conv2d_18,"(1, 0, 51, 3)",9
9145,conv2d_18,"(0, 0, 12, 52)",1
9146,conv2d_18,"(0, 2, 38, 19)",24
9147,conv2d_18,"(1, 1, 53, 52)",28
9148,conv2d_18,"(0, 1, 0, 48)",31
9149,conv2d_18,"(1, 0, 46, 52)",4
9150,conv2d_18,"(1, 1, 23, 25)",5
9151,conv2d_18,"(1, 1, 18, 29)",25
9152,conv2d_18,"(0, 1, 19, 22)",17
9153,conv2d_18,"(0, 2, 58, 20)",14
9154,conv2d_18,"(1, 1, 55, 52)",8
9155,conv2d_18,"(1, 1, 62, 27)",2
9156,conv2d_18,"(0, 0, 6, 28)",5
9157,conv2d_18,"(0, 1, 54, 0)",31
9158,conv2d_18,"(1, 1, 40, 20)",22
9159,conv2d_18,"(2, 2, 14, 59)",10
9160,conv2d_18,"(1, 0, 23, 61)",7
9161,conv2d_18,"(1, 0, 47, 3)",30
9162,conv2d_18,"(1, 2, 14, 2)",10
9163,conv2d_18,"(1, 2, 7, 29)",7
9164,conv2d_18,"(1, 2, 38, 33)",29
9165,conv2d_18,"(2, 2, 50, 24)",26
9166,conv2d_18,"(1, 2, 61, 15)",1
9167,conv2d_18,"(2, 1, 34, 0)",1
9168,conv2d_18,"(2, 0, 30, 18)",19
9169,conv2d_18,"(2, 2, 20, 36)",13
9170,conv2d_18,"(0, 1, 41, 62)",14
9171,conv2d_18,"(1, 1, 53, 43)",17
9172,conv2d_18,"(2, 0, 15, 20)",20
9173,conv2d_18,"(1, 1, 14, 42)",29
9174,conv2d_18,"(2, 0, 14, 6)",9
9175,conv2d_18,"(2, 0, 17, 53)",7
9176,conv2d_18,"(1, 1, 32, 43)",7
9177,conv2d_18,"(1, 0, 60, 26)",18
9178,conv2d_18,"(0, 0, 30, 34)",26
9179,conv2d_18,"(1, 1, 48, 54)",23
9180,conv2d_18,"(0, 2, 38, 22)",18
9181,conv2d_18,"(0, 0, 45, 39)",13
9182,conv2d_18,"(1, 0, 3, 29)",7
9183,conv2d_18,"(2, 2, 31, 13)",8
9184,conv2d_18,"(2, 1, 35, 41)",20
9185,conv2d_18,"(0, 0, 33, 54)",4
9186,conv2d_18,"(0, 1, 42, 1)",13
9187,conv2d_18,"(0, 2, 33, 31)",22
9188,conv2d_18,"(2, 1, 22, 40)",3
9189,conv2d_18,"(1, 1, 11, 8)",24
9190,conv2d_18,"(0, 0, 38, 0)",12
9191,conv2d_18,"(2, 0, 61, 59)",2
9192,conv2d_18,"(2, 2, 54, 37)",7
9193,conv2d_18,"(0, 2, 28, 43)",13
9194,conv2d_18,"(2, 0, 60, 16)",3
9195,conv2d_18,"(1, 0, 62, 5)",21
9196,conv2d_18,"(1, 2, 63, 44)",31
9197,conv2d_18,"(1, 2, 2, 25)",13
9198,conv2d_18,"(1, 0, 47, 55)",30
9199,conv2d_18,"(1, 1, 26, 59)",14
9200,conv2d_18,"(1, 0, 15, 53)",16
9201,conv2d_18,"(1, 0, 30, 26)",8
9202,conv2d_18,"(0, 0, 45, 58)",17
9203,conv2d_18,"(2, 1, 6, 61)",12
9204,conv2d_18,"(0, 0, 61, 10)",4
9205,conv2d_18,"(0, 2, 46, 19)",25
9206,conv2d_18,"(0, 1, 44, 55)",20
9207,conv2d_18,"(0, 1, 2, 27)",6
9208,conv2d_18,"(0, 0, 62, 44)",4
9209,conv2d_18,"(0, 1, 54, 57)",21
9210,conv2d_18,"(2, 1, 15, 8)",14
9211,conv2d_18,"(2, 1, 2, 10)",30
9212,conv2d_18,"(0, 2, 33, 32)",13
9213,conv2d_18,"(1, 0, 44, 32)",22
9214,conv2d_18,"(0, 0, 55, 38)",22
9215,conv2d_18,"(2, 2, 58, 53)",29
9216,conv2d_18,"(2, 2, 16, 37)",21
9217,conv2d_18,"(2, 0, 16, 12)",11
9218,conv2d_18,"(2, 2, 32, 46)",17
9219,conv2d_18,"(1, 0, 43, 19)",7
9220,conv2d_18,"(2, 2, 42, 43)",18
9221,conv2d_18,"(0, 2, 33, 58)",2
9222,conv2d_18,"(1, 0, 55, 26)",6
9223,conv2d_18,"(2, 2, 60, 28)",31
9224,conv2d_18,"(1, 1, 60, 16)",25
9225,conv2d_18,"(2, 1, 3, 51)",30
9226,conv2d_18,"(0, 1, 60, 25)",26
9227,conv2d_18,"(2, 1, 7, 30)",10
9228,conv2d_18,"(0, 2, 57, 6)",29
9229,conv2d_18,"(1, 0, 57, 30)",13
9230,conv2d_18,"(2, 0, 21, 54)",21
9231,conv2d_18,"(1, 1, 41, 20)",18
9232,conv2d_18,"(0, 1, 38, 6)",14
9233,conv2d_18,"(0, 1, 45, 39)",17
9234,conv2d_18,"(1, 2, 56, 32)",25
9235,conv2d_18,"(1, 1, 22, 4)",30
9236,conv2d_18,"(0, 1, 23, 11)",26
9237,conv2d_18,"(2, 1, 20, 30)",8
9238,conv2d_18,"(0, 1, 4, 39)",19
9239,conv2d_18,"(0, 0, 11, 43)",31
9240,conv2d_18,"(0, 1, 36, 11)",10
9241,conv2d_18,"(1, 0, 59, 46)",16
9242,conv2d_18,"(0, 2, 51, 1)",13
9243,conv2d_18,"(2, 2, 26, 63)",2
9244,conv2d_18,"(2, 1, 5, 20)",20
9245,conv2d_18,"(2, 2, 19, 32)",28
9246,conv2d_18,"(1, 1, 59, 8)",29
9247,conv2d_18,"(1, 0, 49, 7)",22
9248,conv2d_18,"(2, 1, 50, 37)",7
9249,conv2d_18,"(0, 2, 63, 28)",2
9250,conv2d_18,"(1, 0, 7, 34)",3
9251,conv2d_18,"(2, 1, 62, 49)",28
9252,conv2d_18,"(1, 2, 48, 12)",2
9253,conv2d_18,"(1, 2, 47, 48)",15
9254,conv2d_18,"(0, 1, 60, 38)",27
9255,conv2d_18,"(0, 2, 23, 7)",28
9256,conv2d_18,"(1, 2, 5, 45)",12
9257,conv2d_18,"(0, 1, 50, 58)",29
9258,conv2d_18,"(0, 0, 29, 24)",30
9259,conv2d_18,"(1, 2, 54, 34)",27
9260,conv2d_18,"(2, 0, 48, 19)",20
9261,conv2d_18,"(1, 1, 57, 15)",7
9262,conv2d_18,"(0, 1, 61, 40)",16
9263,conv2d_18,"(1, 0, 2, 59)",28
9264,conv2d_18,"(1, 0, 20, 14)",23
9265,conv2d_18,"(0, 1, 31, 47)",7
9266,conv2d_18,"(1, 2, 1, 7)",11
9267,conv2d_18,"(2, 1, 49, 48)",21
9268,conv2d_18,"(2, 1, 22, 14)",0
9269,conv2d_18,"(1, 2, 54, 62)",21
9270,conv2d_18,"(1, 0, 48, 61)",4
9271,conv2d_18,"(2, 2, 62, 50)",24
9272,conv2d_18,"(2, 1, 22, 42)",6
9273,conv2d_18,"(1, 1, 43, 55)",10
9274,conv2d_18,"(1, 2, 8, 36)",2
9275,conv2d_18,"(1, 1, 23, 28)",10
9276,conv2d_18,"(0, 0, 52, 23)",21
9277,conv2d_18,"(0, 2, 39, 47)",4
9278,conv2d_18,"(0, 2, 40, 59)",26
9279,conv2d_18,"(2, 2, 59, 47)",15
9280,conv2d_18,"(2, 1, 10, 54)",23
9281,conv2d_18,"(2, 0, 32, 33)",8
9282,conv2d_18,"(0, 1, 34, 6)",12
9283,conv2d_18,"(1, 2, 24, 57)",13
9284,conv2d_18,"(2, 1, 63, 63)",30
9285,conv2d_18,"(2, 2, 63, 63)",14
9286,conv2d_18,"(0, 0, 61, 49)",5
9287,conv2d_18,"(1, 0, 11, 36)",29
9288,conv2d_18,"(2, 2, 35, 19)",14
9289,conv2d_18,"(1, 1, 17, 25)",9
9290,conv2d_18,"(0, 1, 2, 47)",7
9291,conv2d_18,"(2, 0, 54, 53)",19
9292,conv2d_18,"(2, 1, 42, 36)",21
9293,conv2d_18,"(1, 0, 6, 38)",29
9294,conv2d_18,"(1, 1, 58, 45)",3
9295,conv2d_18,"(2, 0, 58, 61)",2
9296,conv2d_18,"(1, 1, 35, 0)",0
9297,conv2d_18,"(2, 1, 36, 39)",8
9298,conv2d_18,"(2, 0, 53, 27)",16
9299,conv2d_18,"(2, 0, 62, 50)",3
9300,conv2d_18,"(2, 1, 31, 30)",25
9301,conv2d_18,"(1, 0, 53, 24)",3
9302,conv2d_18,"(2, 1, 47, 20)",19
9303,conv2d_18,"(1, 2, 2, 11)",27
9304,conv2d_18,"(1, 1, 4, 39)",15
9305,conv2d_18,"(2, 2, 47, 38)",10
9306,conv2d_18,"(2, 1, 43, 2)",3
9307,conv2d_18,"(2, 0, 60, 9)",24
9308,conv2d_18,"(0, 0, 53, 58)",8
9309,conv2d_18,"(2, 0, 56, 55)",29
9310,conv2d_18,"(1, 1, 11, 13)",14
9311,conv2d_18,"(1, 1, 55, 14)",30
9312,conv2d_18,"(1, 0, 2, 52)",26
9313,conv2d_18,"(0, 0, 17, 31)",1
9314,conv2d_18,"(2, 0, 17, 20)",13
9315,conv2d_18,"(2, 2, 14, 19)",26
9316,conv2d_18,"(1, 2, 23, 16)",29
9317,conv2d_18,"(2, 1, 49, 55)",18
9318,conv2d_18,"(0, 0, 26, 5)",17
9319,conv2d_18,"(2, 1, 11, 47)",2
9320,conv2d_18,"(1, 1, 60, 34)",21
9321,conv2d_18,"(2, 1, 48, 60)",6
9322,conv2d_18,"(2, 1, 48, 21)",29
9323,conv2d_18,"(1, 0, 31, 23)",26
9324,conv2d_18,"(2, 0, 21, 52)",28
9325,conv2d_18,"(2, 2, 9, 10)",30
9326,conv2d_18,"(1, 0, 42, 39)",5
9327,conv2d_18,"(2, 2, 33, 23)",23
9328,conv2d_18,"(2, 0, 31, 39)",20
9329,conv2d_18,"(1, 1, 44, 39)",17
9330,conv2d_18,"(2, 2, 43, 14)",21
9331,conv2d_18,"(0, 1, 46, 49)",7
9332,conv2d_18,"(0, 2, 30, 54)",8
9333,conv2d_18,"(0, 2, 13, 8)",17
9334,conv2d_18,"(0, 0, 19, 40)",26
9335,conv2d_18,"(1, 2, 9, 8)",27
9336,conv2d_18,"(1, 2, 16, 23)",16
9337,conv2d_18,"(1, 1, 43, 2)",25
9338,conv2d_18,"(0, 2, 36, 51)",1
9339,conv2d_18,"(1, 0, 48, 59)",15
9340,conv2d_18,"(2, 2, 17, 14)",16
9341,conv2d_18,"(1, 1, 61, 31)",7
9342,conv2d_18,"(0, 0, 21, 2)",1
9343,conv2d_18,"(1, 1, 45, 34)",26
9344,conv2d_18,"(1, 1, 48, 30)",27
9345,conv2d_18,"(2, 2, 30, 4)",5
9346,conv2d_18,"(2, 1, 16, 3)",31
9347,conv2d_18,"(0, 2, 52, 35)",0
9348,conv2d_18,"(2, 1, 45, 51)",22
9349,conv2d_18,"(1, 0, 33, 17)",19
9350,conv2d_18,"(0, 1, 40, 49)",8
9351,conv2d_18,"(1, 2, 5, 55)",12
9352,conv2d_18,"(2, 2, 31, 18)",19
9353,conv2d_18,"(1, 2, 48, 8)",12
9354,conv2d_18,"(0, 1, 17, 2)",9
9355,conv2d_18,"(0, 0, 36, 29)",28
9356,conv2d_18,"(0, 2, 16, 6)",26
9357,conv2d_18,"(1, 0, 31, 38)",22
9358,conv2d_18,"(0, 0, 60, 15)",7
9359,conv2d_18,"(2, 0, 58, 53)",14
9360,conv2d_18,"(1, 2, 17, 60)",4
9361,conv2d_18,"(1, 1, 41, 56)",11
9362,conv2d_18,"(0, 0, 45, 7)",28
9363,conv2d_18,"(2, 0, 24, 22)",8
9364,conv2d_18,"(2, 0, 31, 20)",6
9365,conv2d_18,"(0, 0, 42, 34)",22
9366,conv2d_18,"(0, 2, 62, 47)",5
9367,conv2d_18,"(0, 1, 61, 7)",11
9368,conv2d_18,"(0, 2, 25, 43)",22
9369,conv2d_18,"(0, 1, 23, 10)",4
9370,conv2d_18,"(2, 0, 27, 10)",19
9371,conv2d_18,"(1, 2, 47, 29)",17
9372,conv2d_18,"(2, 2, 31, 52)",14
9373,conv2d_18,"(0, 2, 62, 56)",22
9374,conv2d_18,"(0, 1, 32, 42)",17
9375,conv2d_18,"(2, 1, 4, 25)",14
9376,conv2d_18,"(1, 2, 25, 24)",15
9377,conv2d_18,"(1, 0, 28, 62)",5
9378,conv2d_18,"(2, 2, 20, 29)",15
9379,conv2d_18,"(0, 2, 6, 14)",1
9380,conv2d_18,"(1, 0, 14, 7)",11
9381,conv2d_18,"(1, 0, 40, 12)",8
9382,conv2d_18,"(1, 2, 4, 28)",13
9383,conv2d_18,"(1, 2, 47, 55)",3
9384,conv2d_18,"(0, 2, 32, 10)",3
9385,conv2d_18,"(1, 2, 30, 13)",26
9386,conv2d_18,"(2, 0, 29, 8)",3
9387,conv2d_18,"(2, 2, 27, 34)",25
9388,conv2d_18,"(1, 0, 41, 6)",10
9389,conv2d_18,"(2, 1, 34, 29)",24
9390,conv2d_18,"(0, 2, 22, 39)",22
9391,conv2d_18,"(0, 1, 44, 4)",16
9392,conv2d_18,"(0, 2, 34, 39)",15
9393,conv2d_18,"(1, 1, 33, 63)",6
9394,conv2d_18,"(0, 0, 3, 15)",26
9395,conv2d_18,"(0, 2, 58, 28)",24
9396,conv2d_18,"(2, 0, 59, 57)",21
9397,conv2d_18,"(2, 0, 28, 57)",10
9398,conv2d_18,"(2, 0, 34, 36)",5
9399,conv2d_18,"(2, 1, 33, 24)",8
9400,conv2d_18,"(2, 1, 40, 3)",27
9401,conv2d_18,"(1, 0, 5, 27)",28
9402,conv2d_18,"(1, 2, 26, 32)",1
9403,conv2d_18,"(1, 0, 26, 42)",4
9404,conv2d_18,"(2, 2, 36, 15)",27
9405,conv2d_18,"(2, 1, 23, 15)",13
9406,conv2d_18,"(0, 1, 25, 16)",2
9407,conv2d_18,"(0, 1, 11, 60)",2
9408,conv2d_18,"(1, 1, 30, 10)",24
9409,conv2d_18,"(2, 0, 33, 57)",5
9410,conv2d_18,"(1, 1, 37, 44)",16
9411,conv2d_18,"(2, 0, 4, 50)",11
9412,conv2d_18,"(0, 0, 33, 16)",5
9413,conv2d_18,"(0, 2, 15, 38)",20
9414,conv2d_18,"(0, 2, 57, 43)",5
9415,conv2d_18,"(1, 2, 19, 46)",2
9416,conv2d_18,"(2, 1, 55, 11)",1
9417,conv2d_18,"(2, 0, 20, 30)",5
9418,conv2d_18,"(0, 0, 33, 34)",14
9419,conv2d_18,"(1, 1, 45, 14)",19
9420,conv2d_18,"(2, 2, 39, 44)",2
9421,conv2d_18,"(1, 0, 33, 27)",11
9422,conv2d_18,"(1, 0, 59, 34)",16
9423,conv2d_18,"(0, 1, 1, 46)",7
9424,conv2d_18,"(0, 0, 4, 63)",7
9425,conv2d_18,"(0, 0, 33, 15)",21
9426,conv2d_18,"(0, 0, 35, 18)",15
9427,conv2d_18,"(2, 0, 30, 48)",4
9428,conv2d_18,"(1, 1, 34, 21)",9
9429,conv2d_18,"(0, 2, 34, 21)",0
9430,conv2d_18,"(2, 1, 31, 51)",1
9431,conv2d_18,"(1, 0, 29, 39)",25
9432,conv2d_18,"(2, 0, 44, 40)",5
9433,conv2d_18,"(2, 0, 58, 15)",10
9434,conv2d_18,"(2, 1, 16, 1)",17
9435,conv2d_18,"(0, 1, 7, 14)",30
9436,conv2d_18,"(0, 0, 24, 3)",2
9437,conv2d_18,"(0, 1, 24, 63)",31
9438,conv2d_18,"(1, 0, 12, 55)",31
9439,conv2d_18,"(2, 0, 62, 48)",18
9440,conv2d_18,"(0, 1, 31, 51)",22
9441,conv2d_18,"(1, 0, 39, 39)",13
9442,conv2d_18,"(2, 2, 62, 4)",27
9443,conv2d_18,"(1, 2, 33, 45)",30
9444,conv2d_18,"(2, 0, 9, 8)",13
9445,conv2d_18,"(2, 2, 26, 29)",19
9446,conv2d_18,"(2, 0, 45, 38)",28
9447,conv2d_18,"(1, 2, 63, 23)",9
9448,conv2d_18,"(0, 2, 28, 57)",10
9449,conv2d_18,"(1, 0, 8, 45)",8
9450,conv2d_18,"(2, 1, 1, 51)",20
9451,conv2d_18,"(1, 0, 17, 5)",0
9452,conv2d_18,"(0, 2, 23, 34)",6
9453,conv2d_18,"(0, 0, 2, 53)",18
9454,conv2d_18,"(1, 1, 23, 5)",27
9455,conv2d_18,"(0, 1, 9, 9)",12
9456,conv2d_18,"(2, 0, 20, 26)",24
9457,conv2d_18,"(2, 1, 9, 14)",14
9458,conv2d_18,"(0, 1, 52, 54)",3
9459,conv2d_18,"(0, 2, 39, 18)",18
9460,conv2d_18,"(1, 0, 13, 30)",3
9461,conv2d_18,"(1, 2, 47, 24)",1
9462,conv2d_18,"(2, 0, 59, 50)",12
9463,conv2d_18,"(1, 1, 27, 54)",30
9464,conv2d_18,"(2, 1, 31, 60)",3
9465,conv2d_18,"(1, 0, 29, 41)",20
9466,conv2d_18,"(2, 2, 31, 14)",15
9467,conv2d_18,"(2, 2, 19, 15)",15
9468,conv2d_18,"(2, 0, 47, 26)",21
9469,conv2d_18,"(1, 2, 37, 19)",23
9470,conv2d_18,"(2, 0, 32, 46)",23
9471,conv2d_18,"(1, 0, 42, 4)",22
9472,conv2d_18,"(2, 2, 46, 52)",15
9473,conv2d_18,"(0, 0, 16, 5)",12
9474,conv2d_18,"(2, 0, 58, 31)",22
9475,conv2d_18,"(0, 2, 18, 24)",19
9476,conv2d_18,"(2, 0, 16, 56)",24
9477,conv2d_18,"(0, 0, 21, 49)",30
9478,conv2d_18,"(2, 0, 26, 26)",31
9479,conv2d_18,"(1, 1, 50, 35)",24
9480,conv2d_18,"(2, 0, 52, 12)",19
9481,conv2d_18,"(0, 0, 42, 12)",18
9482,conv2d_18,"(2, 1, 33, 48)",13
9483,conv2d_18,"(0, 0, 43, 32)",23
9484,conv2d_18,"(0, 0, 49, 3)",1
9485,conv2d_18,"(0, 2, 53, 5)",16
9486,conv2d_18,"(1, 1, 23, 46)",10
9487,conv2d_18,"(0, 1, 60, 13)",16
9488,conv2d_18,"(0, 2, 2, 35)",0
9489,conv2d_18,"(1, 1, 55, 62)",28
9490,conv2d_18,"(0, 2, 39, 15)",26
9491,conv2d_18,"(0, 1, 3, 23)",24
9492,conv2d_18,"(2, 0, 21, 39)",18
9493,conv2d_18,"(0, 0, 60, 55)",15
9494,conv2d_18,"(0, 0, 23, 34)",0
9495,conv2d_18,"(0, 0, 10, 36)",28
9496,conv2d_18,"(1, 0, 45, 57)",27
9497,conv2d_18,"(1, 1, 26, 38)",29
9498,conv2d_18,"(2, 1, 17, 61)",27
9499,conv2d_18,"(2, 2, 10, 56)",27
9500,conv2d_18,"(2, 2, 7, 51)",3
9501,conv2d_18,"(2, 2, 2, 39)",12
9502,conv2d_18,"(0, 1, 9, 17)",16
9503,conv2d_18,"(0, 0, 41, 58)",5
9504,conv2d_18,"(0, 1, 4, 49)",17
9505,conv2d_18,"(1, 1, 45, 49)",19
9506,conv2d_18,"(1, 2, 27, 14)",23
9507,conv2d_18,"(0, 0, 38, 23)",20
9508,conv2d_18,"(0, 1, 38, 9)",24
9509,conv2d_18,"(0, 2, 7, 2)",1
9510,conv2d_18,"(1, 2, 52, 49)",2
9511,conv2d_18,"(1, 2, 34, 30)",23
9512,conv2d_18,"(2, 0, 1, 37)",28
9513,conv2d_18,"(2, 1, 7, 53)",7
9514,conv2d_18,"(2, 2, 41, 20)",7
9515,conv2d_18,"(2, 2, 38, 54)",17
9516,conv2d_18,"(0, 0, 29, 46)",0
9517,conv2d_18,"(0, 1, 48, 41)",19
9518,conv2d_18,"(2, 0, 31, 41)",26
9519,conv2d_18,"(0, 2, 23, 29)",0
9520,conv2d_18,"(0, 0, 36, 22)",17
9521,conv2d_18,"(0, 2, 46, 15)",14
9522,conv2d_18,"(2, 0, 59, 39)",31
9523,conv2d_18,"(2, 2, 36, 16)",1
9524,conv2d_18,"(2, 2, 6, 62)",18
9525,conv2d_18,"(0, 0, 18, 47)",24
9526,conv2d_18,"(2, 0, 31, 30)",27
9527,conv2d_18,"(1, 0, 32, 46)",24
9528,conv2d_18,"(2, 2, 21, 46)",0
9529,conv2d_18,"(1, 0, 22, 29)",19
9530,conv2d_18,"(0, 1, 45, 12)",6
9531,conv2d_18,"(0, 2, 21, 12)",22
9532,conv2d_18,"(2, 1, 23, 58)",0
9533,conv2d_18,"(0, 1, 11, 62)",10
9534,conv2d_18,"(2, 0, 6, 45)",22
9535,conv2d_18,"(0, 0, 46, 39)",11
9536,conv2d_18,"(0, 2, 37, 53)",12
9537,conv2d_18,"(1, 2, 15, 38)",31
9538,conv2d_18,"(2, 0, 35, 24)",22
9539,conv2d_18,"(0, 1, 27, 59)",20
9540,conv2d_18,"(0, 2, 20, 62)",19
9541,conv2d_18,"(1, 2, 26, 38)",29
9542,conv2d_18,"(0, 0, 53, 4)",28
9543,conv2d_18,"(2, 0, 49, 37)",17
9544,conv2d_18,"(2, 2, 5, 45)",16
9545,conv2d_18,"(2, 1, 63, 27)",14
9546,conv2d_18,"(0, 1, 55, 14)",4
9547,conv2d_18,"(1, 1, 59, 51)",10
9548,conv2d_18,"(2, 0, 7, 38)",27
9549,conv2d_18,"(1, 2, 59, 34)",30
9550,conv2d_18,"(0, 2, 3, 29)",3
9551,conv2d_18,"(2, 1, 48, 46)",4
9552,conv2d_18,"(0, 2, 31, 34)",14
9553,conv2d_18,"(1, 0, 42, 8)",31
9554,conv2d_18,"(0, 2, 50, 54)",0
9555,conv2d_18,"(2, 0, 47, 43)",12
9556,conv2d_18,"(0, 2, 39, 14)",29
9557,conv2d_18,"(0, 0, 45, 48)",24
9558,conv2d_18,"(2, 0, 55, 38)",9
9559,conv2d_18,"(1, 2, 6, 11)",5
9560,conv2d_18,"(1, 2, 52, 6)",17
9561,conv2d_18,"(0, 2, 40, 23)",10
9562,conv2d_18,"(2, 0, 33, 9)",31
9563,conv2d_18,"(1, 1, 8, 1)",15
9564,conv2d_18,"(1, 1, 28, 36)",16
9565,conv2d_18,"(2, 1, 20, 36)",10
9566,conv2d_18,"(1, 1, 54, 53)",22
9567,conv2d_18,"(2, 2, 11, 34)",5
9568,conv2d_18,"(1, 1, 25, 38)",28
9569,conv2d_18,"(0, 0, 41, 54)",28
9570,conv2d_18,"(2, 0, 12, 54)",2
9571,conv2d_18,"(0, 1, 24, 44)",17
9572,conv2d_18,"(2, 1, 34, 35)",7
9573,conv2d_18,"(0, 2, 36, 21)",10
9574,conv2d_18,"(1, 0, 40, 41)",7
9575,conv2d_18,"(1, 0, 49, 50)",6
9576,conv2d_18,"(2, 1, 48, 38)",26
9577,conv2d_18,"(0, 2, 12, 12)",10
9578,conv2d_18,"(2, 2, 52, 36)",27
9579,conv2d_18,"(0, 2, 20, 13)",30
9580,conv2d_18,"(2, 1, 50, 21)",3
9581,conv2d_18,"(1, 0, 51, 54)",30
9582,conv2d_18,"(1, 2, 56, 59)",25
9583,conv2d_18,"(1, 0, 26, 58)",19
9584,conv2d_18,"(1, 2, 58, 2)",28
9585,conv2d_18,"(1, 2, 26, 23)",17
9586,conv2d_18,"(2, 0, 4, 0)",2
9587,conv2d_18,"(0, 0, 49, 7)",22
9588,conv2d_18,"(1, 0, 37, 46)",28
9589,conv2d_18,"(2, 1, 31, 34)",10
9590,conv2d_18,"(2, 0, 44, 30)",30
9591,conv2d_18,"(2, 2, 16, 57)",14
9592,conv2d_18,"(1, 1, 22, 6)",1
9593,conv2d_18,"(1, 0, 57, 55)",4
9594,conv2d_18,"(2, 0, 5, 12)",16
9595,conv2d_18,"(2, 1, 56, 34)",28
9596,conv2d_18,"(1, 2, 60, 51)",2
9597,conv2d_18,"(0, 2, 40, 55)",23
9598,conv2d_18,"(1, 0, 38, 7)",26
9599,conv2d_18,"(1, 0, 3, 19)",14
9600,conv2d_18,"(0, 1, 53, 53)",18
9601,conv2d_18,"(2, 2, 11, 8)",4
9602,conv2d_18,"(0, 1, 5, 21)",23
9603,conv2d_18,"(2, 1, 18, 37)",19
9604,conv2d_18,"(0, 1, 31, 34)",31
9605,conv2d_18,"(2, 2, 5, 58)",7
9606,conv2d_18,"(2, 0, 56, 14)",5
9607,conv2d_18,"(0, 2, 19, 4)",21
9608,conv2d_18,"(1, 1, 33, 52)",9
9609,conv2d_18,"(2, 1, 3, 22)",17
9610,conv2d_18,"(0, 0, 1, 30)",27
9611,conv2d_18,"(2, 0, 22, 9)",27
9612,conv2d_18,"(1, 0, 30, 35)",11
9613,conv2d_18,"(1, 1, 34, 19)",26
9614,conv2d_18,"(2, 1, 8, 27)",5
9615,conv2d_18,"(1, 1, 36, 37)",1
9616,conv2d_18,"(1, 0, 56, 63)",3
9617,conv2d_18,"(1, 0, 21, 34)",27
9618,conv2d_18,"(0, 1, 15, 4)",11
9619,conv2d_18,"(2, 2, 42, 24)",5
9620,conv2d_18,"(1, 1, 5, 50)",27
9621,conv2d_18,"(1, 1, 23, 48)",3
9622,conv2d_18,"(2, 2, 51, 19)",11
9623,conv2d_18,"(2, 0, 15, 31)",0
9624,conv2d_18,"(2, 1, 50, 42)",23
9625,conv2d_18,"(2, 0, 50, 5)",9
9626,conv2d_18,"(2, 0, 31, 34)",8
9627,conv2d_18,"(2, 0, 29, 29)",5
9628,conv2d_18,"(0, 2, 57, 4)",2
9629,conv2d_18,"(1, 1, 15, 26)",29
9630,conv2d_18,"(0, 0, 43, 18)",6
9631,conv2d_18,"(2, 0, 31, 55)",10
9632,conv2d_18,"(1, 2, 8, 33)",17
9633,conv2d_18,"(1, 2, 37, 45)",10
9634,conv2d_18,"(1, 0, 33, 35)",29
9635,conv2d_18,"(1, 0, 63, 14)",21
9636,conv2d_18,"(1, 1, 14, 16)",27
9637,conv2d_18,"(0, 2, 5, 61)",11
9638,conv2d_18,"(1, 1, 0, 52)",5
9639,conv2d_18,"(0, 1, 44, 56)",11
9640,conv2d_18,"(1, 2, 11, 11)",0
9641,conv2d_18,"(1, 1, 51, 7)",0
9642,conv2d_18,"(0, 1, 31, 55)",25
9643,conv2d_18,"(1, 2, 57, 45)",6
9644,conv2d_18,"(2, 0, 2, 47)",29
9645,conv2d_18,"(1, 1, 11, 61)",0
9646,conv2d_18,"(0, 2, 29, 28)",7
9647,conv2d_18,"(1, 2, 9, 51)",10
9648,conv2d_18,"(2, 2, 39, 42)",4
9649,conv2d_18,"(0, 1, 6, 44)",5
9650,conv2d_18,"(0, 2, 16, 16)",3
9651,conv2d_18,"(1, 0, 58, 42)",8
9652,conv2d_18,"(0, 2, 40, 54)",27
9653,conv2d_18,"(0, 2, 6, 40)",18
9654,conv2d_18,"(0, 1, 27, 53)",8
9655,conv2d_18,"(2, 2, 23, 15)",20
9656,conv2d_18,"(1, 1, 16, 6)",29
9657,conv2d_18,"(0, 0, 36, 11)",2
9658,conv2d_18,"(0, 2, 8, 21)",22
9659,conv2d_18,"(2, 1, 61, 46)",1
9660,conv2d_18,"(2, 0, 13, 47)",8
9661,conv2d_18,"(0, 0, 27, 28)",17
9662,conv2d_18,"(1, 0, 14, 57)",25
9663,conv2d_18,"(0, 1, 47, 45)",14
9664,conv2d_18,"(0, 0, 11, 25)",28
9665,conv2d_18,"(0, 0, 4, 22)",16
9666,conv2d_18,"(0, 2, 30, 10)",23
9667,conv2d_18,"(1, 2, 39, 25)",29
9668,conv2d_18,"(1, 0, 21, 62)",12
9669,conv2d_18,"(0, 0, 59, 13)",18
9670,conv2d_18,"(2, 1, 34, 44)",11
9671,conv2d_18,"(2, 1, 43, 17)",27
9672,conv2d_18,"(0, 0, 59, 18)",0
9673,conv2d_18,"(2, 2, 61, 6)",5
9674,conv2d_18,"(2, 1, 29, 45)",27
9675,conv2d_18,"(1, 1, 35, 15)",8
9676,conv2d_18,"(0, 0, 38, 63)",3
9677,conv2d_18,"(0, 0, 23, 35)",17
9678,conv2d_18,"(0, 1, 22, 49)",19
9679,conv2d_18,"(2, 1, 2, 59)",23
9680,conv2d_18,"(0, 0, 9, 41)",27
9681,conv2d_18,"(2, 0, 15, 49)",20
9682,conv2d_18,"(1, 2, 1, 2)",25
9683,conv2d_18,"(0, 0, 53, 16)",5
9684,conv2d_18,"(0, 1, 39, 2)",12
9685,conv2d_18,"(0, 2, 2, 12)",29
9686,conv2d_18,"(0, 2, 48, 59)",21
9687,conv2d_18,"(1, 1, 1, 51)",10
9688,conv2d_18,"(1, 0, 39, 0)",18
9689,conv2d_18,"(1, 1, 50, 53)",21
9690,conv2d_18,"(0, 2, 24, 6)",25
9691,conv2d_18,"(0, 2, 33, 56)",22
9692,conv2d_18,"(1, 0, 42, 61)",11
9693,conv2d_18,"(0, 2, 0, 8)",20
9694,conv2d_18,"(0, 2, 59, 17)",21
9695,conv2d_18,"(2, 2, 15, 16)",5
9696,conv2d_18,"(0, 2, 50, 13)",8
9697,conv2d_18,"(2, 0, 38, 11)",8
9698,conv2d_18,"(2, 2, 42, 10)",8
9699,conv2d_18,"(0, 2, 24, 2)",30
9700,conv2d_18,"(1, 2, 56, 56)",5
9701,conv2d_18,"(2, 0, 23, 12)",28
9702,conv2d_18,"(1, 2, 17, 21)",8
9703,conv2d_18,"(1, 1, 23, 43)",5
9704,conv2d_18,"(1, 1, 47, 18)",7
9705,conv2d_18,"(0, 1, 43, 39)",30
9706,conv2d_18,"(1, 1, 35, 2)",17
9707,conv2d_18,"(1, 1, 45, 56)",28
9708,conv2d_18,"(0, 2, 41, 50)",9
9709,conv2d_18,"(2, 2, 52, 0)",22
9710,conv2d_18,"(2, 1, 50, 35)",22
9711,conv2d_18,"(1, 1, 35, 61)",24
9712,conv2d_18,"(2, 1, 7, 34)",4
9713,conv2d_18,"(0, 0, 21, 51)",19
9714,conv2d_18,"(2, 0, 24, 19)",0
9715,conv2d_18,"(0, 0, 36, 50)",24
9716,conv2d_18,"(1, 2, 0, 41)",15
9717,conv2d_18,"(1, 2, 1, 6)",20
9718,conv2d_18,"(2, 2, 15, 23)",21
9719,conv2d_18,"(1, 1, 6, 1)",13
9720,conv2d_18,"(2, 0, 60, 7)",19
9721,conv2d_18,"(1, 1, 32, 46)",1
9722,conv2d_18,"(1, 0, 17, 39)",12
9723,conv2d_18,"(2, 0, 49, 57)",11
9724,conv2d_18,"(0, 2, 35, 40)",7
9725,conv2d_18,"(1, 2, 9, 17)",27
9726,conv2d_18,"(1, 0, 56, 6)",29
9727,conv2d_18,"(2, 0, 18, 50)",17
9728,conv2d_18,"(2, 2, 2, 10)",25
9729,conv2d_18,"(1, 1, 61, 25)",31
9730,conv2d_18,"(2, 1, 41, 43)",22
9731,conv2d_18,"(1, 2, 19, 34)",6
9732,conv2d_18,"(0, 2, 56, 53)",23
9733,conv2d_18,"(2, 0, 40, 13)",7
9734,conv2d_18,"(1, 2, 1, 4)",29
9735,conv2d_18,"(2, 0, 54, 36)",30
9736,conv2d_18,"(0, 2, 18, 25)",25
9737,conv2d_18,"(2, 1, 52, 28)",0
9738,conv2d_18,"(2, 2, 3, 42)",17
9739,conv2d_18,"(2, 2, 32, 63)",1
9740,conv2d_18,"(1, 0, 30, 28)",25
9741,conv2d_18,"(0, 0, 38, 20)",8
9742,conv2d_18,"(1, 2, 50, 53)",9
9743,conv2d_18,"(1, 1, 34, 55)",21
9744,conv2d_18,"(2, 0, 0, 18)",22
9745,conv2d_18,"(0, 2, 54, 27)",31
9746,conv2d_18,"(1, 2, 54, 63)",4
9747,conv2d_18,"(1, 0, 50, 2)",18
9748,conv2d_18,"(0, 0, 27, 55)",29
9749,conv2d_18,"(1, 2, 56, 34)",2
9750,conv2d_18,"(1, 2, 15, 31)",20
9751,conv2d_18,"(2, 1, 17, 19)",12
9752,conv2d_18,"(0, 0, 59, 29)",13
9753,conv2d_18,"(0, 1, 31, 52)",18
9754,conv2d_18,"(1, 2, 34, 43)",16
9755,conv2d_18,"(1, 1, 10, 47)",28
9756,conv2d_18,"(2, 0, 12, 50)",30
9757,conv2d_18,"(2, 1, 60, 15)",14
9758,conv2d_18,"(0, 0, 19, 1)",22
9759,conv2d_18,"(2, 2, 10, 46)",3
9760,conv2d_18,"(0, 1, 5, 0)",5
9761,conv2d_18,"(2, 0, 46, 61)",23
9762,conv2d_18,"(1, 0, 15, 14)",22
9763,conv2d_18,"(0, 0, 39, 40)",23
9764,conv2d_18,"(0, 1, 6, 2)",9
9765,conv2d_18,"(2, 1, 4, 48)",8
9766,conv2d_18,"(2, 0, 56, 57)",22
9767,conv2d_18,"(0, 1, 1, 57)",19
9768,conv2d_18,"(1, 0, 56, 59)",12
9769,conv2d_18,"(0, 0, 46, 54)",20
9770,conv2d_18,"(1, 2, 21, 44)",21
9771,conv2d_18,"(2, 2, 60, 25)",22
9772,conv2d_18,"(0, 1, 32, 32)",26
9773,conv2d_18,"(1, 1, 20, 10)",6
9774,conv2d_18,"(2, 1, 46, 57)",7
9775,conv2d_18,"(0, 0, 12, 17)",27
9776,conv2d_18,"(1, 0, 47, 22)",21
9777,conv2d_18,"(0, 0, 44, 55)",14
9778,conv2d_18,"(2, 0, 18, 13)",18
9779,conv2d_18,"(0, 2, 13, 49)",0
9780,conv2d_18,"(0, 2, 48, 16)",2
9781,conv2d_18,"(0, 0, 15, 14)",26
9782,conv2d_18,"(1, 1, 41, 3)",24
9783,conv2d_18,"(2, 0, 61, 39)",7
9784,conv2d_18,"(2, 0, 62, 40)",1
9785,conv2d_18,"(2, 1, 62, 18)",18
9786,conv2d_18,"(1, 2, 25, 52)",30
9787,conv2d_18,"(0, 2, 21, 45)",2
9788,conv2d_18,"(1, 1, 12, 38)",15
9789,conv2d_18,"(2, 1, 48, 41)",0
9790,conv2d_18,"(0, 0, 21, 29)",15
9791,conv2d_18,"(0, 0, 29, 25)",29
9792,conv2d_18,"(2, 2, 11, 55)",16
9793,conv2d_18,"(0, 0, 46, 26)",14
9794,conv2d_18,"(0, 1, 63, 5)",23
9795,conv2d_18,"(2, 1, 12, 52)",20
9796,conv2d_18,"(0, 1, 18, 55)",17
9797,conv2d_18,"(2, 0, 31, 15)",18
9798,conv2d_18,"(1, 2, 39, 49)",13
9799,conv2d_18,"(1, 1, 23, 59)",27
9800,conv2d_18,"(2, 0, 8, 16)",14
9801,conv2d_18,"(0, 2, 13, 51)",16
9802,conv2d_18,"(1, 1, 49, 32)",26
9803,conv2d_18,"(0, 1, 5, 45)",13
9804,conv2d_18,"(1, 0, 44, 10)",8
9805,conv2d_18,"(2, 1, 37, 22)",9
9806,conv2d_18,"(1, 1, 1, 62)",19
9807,conv2d_18,"(2, 1, 8, 55)",24
9808,conv2d_18,"(1, 0, 23, 54)",21
9809,conv2d_18,"(2, 1, 11, 22)",7
9810,conv2d_18,"(0, 1, 3, 61)",23
9811,conv2d_18,"(0, 1, 18, 26)",5
9812,conv2d_18,"(0, 1, 56, 8)",4
9813,conv2d_18,"(2, 1, 27, 42)",27
9814,conv2d_18,"(0, 2, 47, 59)",21
9815,conv2d_18,"(1, 0, 44, 45)",1
9816,conv2d_18,"(0, 2, 51, 33)",28
9817,conv2d_18,"(0, 2, 49, 57)",24
9818,conv2d_18,"(1, 1, 31, 46)",13
9819,conv2d_18,"(0, 1, 36, 18)",16
9820,conv2d_18,"(2, 2, 5, 35)",13
9821,conv2d_18,"(2, 2, 18, 4)",28
9822,conv2d_18,"(2, 2, 45, 37)",3
9823,conv2d_18,"(1, 2, 22, 63)",1
9824,conv2d_18,"(2, 1, 17, 5)",2
9825,conv2d_18,"(0, 0, 33, 17)",14
9826,conv2d_18,"(1, 1, 54, 50)",17
9827,conv2d_18,"(2, 2, 31, 35)",24
9828,conv2d_18,"(2, 2, 0, 62)",4
9829,conv2d_18,"(0, 2, 41, 32)",23
9830,conv2d_18,"(1, 0, 63, 20)",25
9831,conv2d_18,"(2, 0, 23, 15)",1
9832,conv2d_18,"(1, 2, 32, 22)",30
9833,conv2d_18,"(2, 2, 21, 36)",19
9834,conv2d_18,"(2, 2, 53, 10)",16
9835,conv2d_18,"(1, 1, 45, 53)",2
9836,conv2d_18,"(0, 0, 55, 47)",21
9837,conv2d_18,"(1, 1, 19, 62)",4
9838,conv2d_18,"(0, 1, 51, 17)",14
9839,conv2d_18,"(0, 2, 35, 19)",16
9840,conv2d_18,"(1, 0, 25, 23)",7
9841,conv2d_18,"(0, 1, 40, 46)",28
9842,conv2d_18,"(1, 2, 45, 52)",27
9843,conv2d_18,"(1, 2, 63, 26)",30
9844,conv2d_18,"(1, 0, 55, 38)",12
9845,conv2d_18,"(0, 0, 6, 2)",2
9846,conv2d_18,"(2, 1, 53, 1)",5
9847,conv2d_18,"(1, 2, 51, 4)",22
9848,conv2d_18,"(1, 2, 63, 32)",22
9849,conv2d_18,"(0, 1, 17, 17)",3
9850,conv2d_18,"(1, 0, 32, 38)",3
9851,conv2d_18,"(1, 2, 47, 26)",0
9852,conv2d_18,"(0, 1, 54, 41)",23
9853,conv2d_18,"(1, 1, 10, 26)",10
9854,conv2d_18,"(0, 2, 22, 19)",12
9855,conv2d_18,"(2, 0, 45, 27)",23
9856,conv2d_18,"(1, 1, 43, 34)",17
9857,conv2d_18,"(2, 1, 16, 32)",28
9858,conv2d_18,"(0, 1, 53, 4)",24
9859,conv2d_18,"(0, 2, 55, 18)",28
9860,conv2d_18,"(2, 0, 17, 0)",19
9861,conv2d_18,"(2, 0, 31, 44)",21
9862,conv2d_18,"(0, 2, 54, 22)",13
9863,conv2d_18,"(2, 2, 45, 30)",10
9864,conv2d_18,"(2, 0, 31, 4)",18
9865,conv2d_18,"(2, 2, 20, 0)",28
9866,conv2d_18,"(2, 2, 34, 41)",18
9867,conv2d_18,"(0, 0, 24, 37)",23
9868,conv2d_18,"(2, 1, 31, 54)",8
9869,conv2d_18,"(0, 1, 23, 13)",8
9870,conv2d_18,"(2, 0, 31, 33)",20
9871,conv2d_18,"(2, 1, 15, 13)",9
9872,conv2d_18,"(2, 2, 32, 3)",17
9873,conv2d_18,"(2, 1, 10, 0)",27
9874,conv2d_18,"(0, 0, 58, 58)",29
9875,conv2d_18,"(0, 1, 39, 55)",11
9876,conv2d_18,"(0, 0, 58, 40)",10
9877,conv2d_18,"(0, 0, 11, 24)",4
9878,conv2d_18,"(2, 1, 16, 25)",22
9879,conv2d_18,"(0, 2, 4, 0)",26
9880,conv2d_18,"(2, 1, 55, 59)",14
9881,conv2d_18,"(2, 1, 55, 19)",25
9882,conv2d_18,"(2, 1, 53, 28)",12
9883,conv2d_18,"(2, 2, 27, 37)",27
9884,conv2d_18,"(2, 2, 16, 38)",22
9885,conv2d_18,"(2, 0, 42, 17)",10
9886,conv2d_18,"(0, 2, 0, 27)",1
9887,conv2d_18,"(1, 0, 36, 45)",19
9888,conv2d_18,"(0, 2, 62, 50)",23
9889,conv2d_18,"(0, 1, 45, 13)",23
9890,conv2d_18,"(1, 1, 33, 28)",21
9891,conv2d_18,"(2, 0, 7, 24)",19
9892,conv2d_18,"(0, 0, 6, 29)",9
9893,conv2d_18,"(0, 0, 22, 45)",30
9894,conv2d_18,"(1, 0, 57, 8)",11
9895,conv2d_18,"(1, 1, 61, 1)",30
9896,conv2d_18,"(2, 1, 47, 30)",11
9897,conv2d_18,"(1, 1, 27, 11)",6
9898,conv2d_18,"(1, 0, 29, 22)",2
9899,conv2d_18,"(0, 0, 3, 10)",17
9900,conv2d_18,"(1, 0, 60, 44)",26
9901,conv2d_18,"(0, 1, 17, 54)",20
9902,conv2d_18,"(0, 1, 58, 20)",15
9903,conv2d_18,"(0, 0, 22, 54)",26
9904,conv2d_18,"(0, 1, 57, 30)",9
9905,conv2d_18,"(0, 1, 23, 57)",21
9906,conv2d_18,"(0, 0, 55, 37)",17
9907,conv2d_18,"(0, 1, 51, 32)",4
9908,conv2d_18,"(0, 1, 19, 51)",18
9909,conv2d_18,"(1, 2, 39, 18)",30
9910,conv2d_18,"(0, 0, 58, 19)",17
9911,conv2d_18,"(0, 1, 1, 1)",4
9912,conv2d_18,"(2, 1, 23, 57)",30
9913,conv2d_18,"(2, 0, 40, 16)",27
9914,conv2d_18,"(1, 1, 42, 2)",5
9915,conv2d_18,"(0, 1, 20, 28)",15
9916,conv2d_18,"(1, 0, 58, 37)",25
9917,conv2d_18,"(0, 2, 21, 51)",26
9918,conv2d_18,"(1, 2, 0, 0)",22
9919,conv2d_18,"(0, 0, 36, 55)",6
9920,conv2d_18,"(2, 1, 17, 23)",14
9921,conv2d_18,"(1, 2, 35, 3)",2
9922,conv2d_18,"(0, 2, 5, 35)",11
9923,conv2d_18,"(1, 1, 45, 6)",28
9924,conv2d_18,"(1, 0, 27, 7)",0
9925,conv2d_18,"(1, 0, 16, 16)",30
9926,conv2d_18,"(1, 1, 36, 56)",31
9927,conv2d_18,"(1, 1, 3, 41)",29
9928,conv2d_18,"(0, 2, 22, 62)",16
9929,conv2d_18,"(2, 2, 38, 57)",22
9930,conv2d_18,"(1, 1, 3, 18)",1
9931,conv2d_18,"(2, 1, 23, 24)",25
9932,conv2d_18,"(0, 0, 9, 8)",12
9933,conv2d_18,"(0, 1, 36, 16)",27
9934,conv2d_18,"(0, 1, 11, 43)",25
9935,conv2d_18,"(1, 0, 23, 34)",29
9936,conv2d_18,"(0, 2, 1, 11)",23
9937,conv2d_18,"(0, 1, 26, 58)",3
9938,conv2d_18,"(2, 0, 59, 48)",14
9939,conv2d_18,"(0, 1, 44, 44)",26
9940,conv2d_18,"(1, 2, 36, 5)",15
9941,conv2d_18,"(1, 0, 0, 18)",0
9942,conv2d_18,"(0, 0, 17, 21)",23
9943,conv2d_18,"(1, 2, 39, 24)",2
9944,conv2d_18,"(0, 1, 48, 55)",19
9945,conv2d_18,"(1, 2, 62, 47)",15
9946,conv2d_18,"(0, 2, 21, 22)",2
9947,conv2d_18,"(1, 2, 15, 6)",2
9948,conv2d_18,"(2, 0, 27, 11)",7
9949,conv2d_18,"(0, 2, 0, 0)",19
9950,conv2d_18,"(2, 0, 55, 3)",21
9951,conv2d_18,"(2, 0, 43, 63)",13
9952,conv2d_18,"(1, 0, 14, 12)",13
9953,conv2d_18,"(0, 0, 55, 62)",21
9954,conv2d_18,"(2, 0, 32, 52)",13
9955,conv2d_18,"(1, 1, 3, 23)",29
9956,conv2d_18,"(1, 2, 10, 43)",2
9957,conv2d_18,"(1, 0, 13, 15)",16
9958,conv2d_18,"(1, 1, 13, 56)",21
9959,conv2d_18,"(2, 2, 5, 12)",19
9960,conv2d_18,"(0, 0, 39, 36)",8
9961,conv2d_18,"(2, 1, 15, 11)",12
9962,conv2d_18,"(1, 1, 44, 31)",2
9963,conv2d_18,"(0, 0, 9, 9)",28
9964,conv2d_18,"(2, 1, 23, 32)",23
9965,conv2d_18,"(1, 2, 39, 16)",5
9966,conv2d_18,"(0, 2, 31, 22)",18
9967,conv2d_18,"(0, 2, 6, 54)",16
9968,conv2d_18,"(0, 2, 9, 33)",24
9969,conv2d_18,"(1, 1, 54, 12)",14
9970,conv2d_18,"(1, 1, 8, 27)",25
9971,conv2d_18,"(1, 2, 8, 2)",25
9972,conv2d_18,"(2, 1, 6, 9)",12
9973,conv2d_18,"(1, 0, 5, 52)",12
9974,conv2d_18,"(0, 1, 5, 20)",17
9975,conv2d_18,"(0, 2, 28, 31)",7
9976,conv2d_18,"(1, 1, 58, 10)",1
9977,conv2d_18,"(1, 2, 14, 50)",28
9978,conv2d_18,"(1, 0, 3, 14)",18
9979,conv2d_18,"(1, 2, 57, 4)",18
9980,conv2d_18,"(1, 0, 44, 39)",5
9981,conv2d_18,"(2, 0, 43, 5)",17
9982,dense,"(3, 9)",4
9983,dense,"(59, 6)",2
9984,dense,"(18, 8)",23
9985,dense,"(7, 4)",5
9986,dense,"(48, 5)",19
9987,dense,"(42, 0)",28
9988,dense,"(3, 5)",21
9989,dense,"(4, 0)",29
9990,dense,"(19, 9)",6
9991,dense,"(5, 0)",25
9992,dense,"(4, 9)",12
9993,dense,"(2, 5)",15
9994,dense,"(49, 0)",26
9995,dense,"(23, 5)",19
9996,dense,"(18, 7)",12
9997,dense,"(12, 3)",7
9998,dense,"(57, 1)",9
9999,dense,"(39, 2)",21
10000,dense,"(40, 8)",10
10001,dense,"(1, 7)",24
10002,dense,"(23, 1)",2
10003,dense,"(14, 3)",10
10004,dense,"(60, 0)",27
10005,dense,"(32, 2)",8
