Injection,Layer,TensorIndex,Bit
0,conv2d,"(0, 2, 1, 5)",22
1,conv2d,"(0, 1, 2, 9)",5
2,conv2d,"(1, 2, 0, 9)",27
3,conv2d,"(1, 0, 0, 3)",31
4,conv2d,"(1, 1, 0, 4)",26
5,conv2d,"(1, 0, 1, 6)",21
6,conv2d,"(2, 1, 2, 9)",12
7,conv2d,"(1, 1, 2, 1)",12
8,conv2d,"(0, 0, 2, 3)",12
9,conv2d,"(2, 2, 0, 15)",24
10,conv2d,"(0, 0, 2, 10)",16
11,conv2d,"(1, 2, 2, 10)",8
12,conv2d,"(0, 1, 2, 6)",13
13,conv2d,"(1, 1, 0, 11)",26
14,conv2d,"(2, 2, 2, 14)",20
15,conv2d,"(2, 0, 0, 5)",13
16,conv2d,"(2, 2, 2, 0)",23
17,conv2d_1,"(2, 1, 14, 0)",16
18,conv2d_1,"(2, 1, 3, 11)",24
19,conv2d_1,"(0, 0, 0, 9)",24
20,conv2d_1,"(2, 0, 14, 1)",9
21,conv2d_1,"(1, 0, 3, 11)",20
22,conv2d_1,"(0, 0, 2, 10)",13
23,conv2d_1,"(0, 0, 12, 12)",25
24,conv2d_1,"(1, 0, 12, 4)",9
25,conv2d_1,"(0, 2, 5, 11)",2
26,conv2d_1,"(0, 2, 14, 4)",5
27,conv2d_1,"(2, 2, 14, 11)",19
28,conv2d_1,"(2, 1, 14, 12)",2
29,conv2d_1,"(0, 0, 5, 15)",10
30,conv2d_1,"(0, 0, 14, 2)",0
31,conv2d_1,"(1, 0, 4, 11)",14
32,conv2d_1,"(2, 0, 6, 11)",21
33,conv2d_1,"(0, 2, 5, 4)",31
34,conv2d_1,"(2, 0, 8, 15)",9
35,conv2d_1,"(0, 0, 0, 0)",15
36,conv2d_1,"(2, 0, 9, 0)",22
37,conv2d_1,"(2, 0, 9, 2)",1
38,conv2d_1,"(1, 2, 5, 13)",31
39,conv2d_1,"(0, 0, 3, 11)",13
40,conv2d_1,"(0, 2, 3, 1)",0
41,conv2d_1,"(2, 2, 15, 12)",9
42,conv2d_1,"(0, 2, 13, 10)",31
43,conv2d_1,"(2, 0, 9, 6)",22
44,conv2d_1,"(0, 0, 6, 11)",22
45,conv2d_1,"(0, 1, 9, 9)",24
46,conv2d_1,"(2, 0, 0, 7)",31
47,conv2d_1,"(1, 1, 13, 7)",24
48,conv2d_1,"(0, 1, 12, 14)",1
49,conv2d_1,"(1, 1, 0, 14)",23
50,conv2d_1,"(1, 2, 12, 15)",28
51,conv2d_1,"(2, 2, 14, 4)",7
52,conv2d_1,"(2, 0, 15, 4)",13
53,conv2d_1,"(0, 2, 0, 11)",20
54,conv2d_1,"(1, 0, 14, 8)",29
55,conv2d_1,"(2, 2, 3, 4)",26
56,conv2d_1,"(0, 1, 5, 5)",2
57,conv2d_1,"(2, 0, 6, 6)",31
58,conv2d_1,"(1, 1, 0, 2)",19
59,conv2d_1,"(0, 1, 1, 13)",0
60,conv2d_1,"(1, 0, 5, 13)",27
61,conv2d_1,"(1, 0, 2, 14)",6
62,conv2d_1,"(2, 2, 0, 9)",15
63,conv2d_1,"(0, 2, 8, 1)",17
64,conv2d_1,"(0, 2, 5, 1)",9
65,conv2d_1,"(0, 0, 5, 4)",28
66,conv2d_1,"(0, 2, 11, 15)",24
67,conv2d_1,"(1, 1, 4, 10)",22
68,conv2d_1,"(2, 0, 3, 2)",22
69,conv2d_1,"(2, 0, 11, 0)",2
70,conv2d_1,"(2, 0, 1, 7)",24
71,conv2d_1,"(2, 1, 9, 11)",8
72,conv2d_1,"(1, 1, 7, 4)",16
73,conv2d_1,"(0, 1, 6, 13)",1
74,conv2d_1,"(0, 0, 9, 7)",1
75,conv2d_1,"(0, 1, 6, 4)",10
76,conv2d_1,"(0, 2, 13, 11)",22
77,conv2d_1,"(2, 0, 1, 9)",7
78,conv2d_1,"(1, 2, 8, 0)",27
79,conv2d_1,"(1, 2, 9, 9)",19
80,conv2d_1,"(0, 0, 11, 13)",29
81,conv2d_1,"(1, 1, 10, 4)",2
82,conv2d_1,"(2, 2, 9, 13)",30
83,conv2d_1,"(2, 0, 3, 1)",9
84,conv2d_1,"(0, 1, 7, 9)",11
85,conv2d_1,"(1, 0, 6, 3)",25
86,conv2d_1,"(0, 1, 0, 1)",7
87,conv2d_1,"(0, 0, 11, 11)",2
88,conv2d_1,"(2, 2, 3, 13)",20
89,conv2d_1,"(1, 2, 3, 1)",9
90,conv2d_1,"(2, 1, 0, 5)",29
91,conv2d_1,"(0, 1, 5, 11)",9
92,conv2d_1,"(1, 0, 6, 7)",10
93,conv2d_1,"(2, 0, 10, 9)",3
94,conv2d_1,"(0, 2, 9, 13)",15
95,conv2d_1,"(2, 2, 8, 2)",5
96,conv2d_1,"(1, 2, 9, 5)",4
97,conv2d_1,"(2, 1, 5, 14)",25
98,conv2d_1,"(0, 2, 8, 8)",28
99,conv2d_1,"(1, 2, 14, 15)",31
100,conv2d_1,"(0, 0, 0, 13)",5
101,conv2d_1,"(2, 1, 1, 15)",11
102,conv2d_1,"(0, 1, 3, 5)",10
103,conv2d_2,"(2, 2, 10, 11)",29
104,conv2d_2,"(0, 0, 2, 7)",28
105,conv2d_2,"(0, 1, 6, 9)",1
106,conv2d_2,"(1, 1, 13, 10)",22
107,conv2d_2,"(1, 2, 14, 4)",29
108,conv2d_2,"(1, 1, 1, 15)",26
109,conv2d_2,"(0, 1, 2, 4)",11
110,conv2d_2,"(0, 1, 6, 13)",0
111,conv2d_2,"(1, 2, 2, 2)",23
112,conv2d_2,"(0, 2, 6, 7)",22
113,conv2d_2,"(0, 0, 8, 10)",6
114,conv2d_2,"(1, 1, 2, 2)",2
115,conv2d_2,"(0, 1, 13, 12)",16
116,conv2d_2,"(2, 2, 8, 2)",20
117,conv2d_2,"(1, 0, 8, 4)",31
118,conv2d_2,"(0, 2, 8, 10)",20
119,conv2d_2,"(1, 2, 6, 11)",1
120,conv2d_2,"(1, 2, 4, 12)",10
121,conv2d_2,"(1, 2, 2, 12)",27
122,conv2d_2,"(2, 0, 8, 6)",7
123,conv2d_2,"(1, 0, 14, 0)",12
124,conv2d_2,"(1, 2, 8, 2)",1
125,conv2d_2,"(1, 0, 14, 11)",13
126,conv2d_2,"(0, 0, 2, 15)",2
127,conv2d_2,"(0, 0, 7, 3)",5
128,conv2d_2,"(1, 0, 5, 10)",8
129,conv2d_2,"(2, 0, 2, 10)",17
130,conv2d_2,"(0, 2, 12, 9)",10
131,conv2d_2,"(0, 0, 7, 2)",6
132,conv2d_2,"(0, 2, 6, 9)",20
133,conv2d_2,"(1, 1, 2, 9)",4
134,conv2d_2,"(2, 0, 11, 14)",11
135,conv2d_2,"(2, 0, 14, 8)",6
136,conv2d_2,"(0, 1, 8, 1)",15
137,conv2d_2,"(1, 2, 4, 1)",23
138,conv2d_2,"(1, 1, 5, 9)",6
139,conv2d_2,"(1, 2, 12, 0)",3
140,conv2d_2,"(0, 2, 15, 7)",21
141,conv2d_2,"(2, 0, 10, 1)",19
142,conv2d_2,"(2, 1, 11, 14)",13
143,conv2d_2,"(1, 0, 15, 9)",13
144,conv2d_2,"(2, 1, 8, 4)",24
145,conv2d_2,"(2, 1, 4, 4)",9
146,conv2d_2,"(0, 1, 2, 5)",15
147,conv2d_2,"(0, 2, 1, 2)",24
148,conv2d_2,"(1, 2, 13, 12)",19
149,conv2d_2,"(2, 2, 1, 11)",19
150,conv2d_2,"(1, 0, 2, 10)",4
151,conv2d_2,"(1, 2, 14, 5)",30
152,conv2d_2,"(0, 2, 1, 12)",5
153,conv2d_2,"(2, 2, 6, 4)",5
154,conv2d_2,"(0, 0, 9, 5)",4
155,conv2d_2,"(1, 2, 8, 11)",29
156,conv2d_2,"(1, 0, 8, 11)",13
157,conv2d_2,"(0, 2, 8, 11)",2
158,conv2d_2,"(2, 0, 8, 3)",24
159,conv2d_2,"(2, 0, 6, 12)",28
160,conv2d_2,"(1, 0, 4, 0)",29
161,conv2d_2,"(0, 0, 2, 3)",16
162,conv2d_2,"(1, 0, 3, 1)",31
163,conv2d_2,"(2, 0, 15, 15)",24
164,conv2d_2,"(1, 2, 2, 8)",20
165,conv2d_2,"(0, 2, 13, 15)",31
166,conv2d_2,"(2, 0, 0, 13)",29
167,conv2d_2,"(2, 2, 8, 10)",2
168,conv2d_2,"(1, 2, 2, 13)",25
169,conv2d_2,"(0, 0, 15, 11)",22
170,conv2d_2,"(0, 0, 15, 3)",18
171,conv2d_2,"(0, 1, 8, 7)",3
172,conv2d_2,"(1, 1, 15, 4)",18
173,conv2d_2,"(1, 1, 3, 0)",14
174,conv2d_2,"(0, 2, 14, 10)",12
175,conv2d_2,"(1, 2, 2, 10)",2
176,conv2d_2,"(2, 0, 2, 2)",19
177,conv2d_2,"(1, 2, 3, 9)",18
178,conv2d_2,"(1, 1, 8, 6)",2
179,conv2d_2,"(2, 0, 5, 7)",13
180,conv2d_2,"(1, 2, 6, 13)",20
181,conv2d_2,"(2, 0, 13, 12)",0
182,conv2d_2,"(0, 2, 9, 4)",11
183,conv2d_2,"(1, 0, 6, 4)",7
184,conv2d_2,"(0, 1, 15, 14)",3
185,conv2d_2,"(2, 0, 8, 13)",30
186,conv2d_2,"(1, 0, 6, 7)",7
187,conv2d_2,"(0, 1, 5, 1)",13
188,conv2d_2,"(2, 1, 14, 3)",12
189,conv2d_3,"(2, 0, 11, 1)",13
190,conv2d_3,"(2, 0, 8, 11)",18
191,conv2d_3,"(2, 1, 3, 0)",1
192,conv2d_3,"(0, 2, 3, 13)",1
193,conv2d_3,"(1, 2, 9, 0)",21
194,conv2d_3,"(2, 2, 5, 11)",26
195,conv2d_3,"(2, 2, 5, 3)",27
196,conv2d_3,"(2, 1, 9, 5)",21
197,conv2d_3,"(1, 2, 14, 0)",14
198,conv2d_3,"(0, 0, 9, 10)",11
199,conv2d_3,"(1, 0, 2, 1)",13
200,conv2d_3,"(0, 2, 5, 11)",25
201,conv2d_3,"(2, 1, 15, 14)",16
202,conv2d_3,"(0, 2, 5, 7)",14
203,conv2d_3,"(0, 1, 7, 4)",19
204,conv2d_3,"(2, 0, 1, 8)",20
205,conv2d_3,"(2, 0, 12, 4)",21
206,conv2d_3,"(1, 2, 13, 10)",10
207,conv2d_3,"(1, 2, 12, 2)",19
208,conv2d_3,"(2, 0, 12, 10)",28
209,conv2d_3,"(1, 1, 13, 0)",18
210,conv2d_3,"(1, 1, 8, 5)",8
211,conv2d_3,"(2, 1, 2, 13)",21
212,conv2d_3,"(0, 0, 5, 9)",7
213,conv2d_3,"(2, 0, 5, 2)",13
214,conv2d_3,"(1, 2, 5, 3)",31
215,conv2d_3,"(2, 2, 5, 15)",30
216,conv2d_3,"(0, 0, 11, 3)",21
217,conv2d_3,"(2, 0, 12, 7)",14
218,conv2d_3,"(1, 2, 4, 10)",20
219,conv2d_3,"(0, 2, 4, 15)",3
220,conv2d_3,"(0, 1, 4, 11)",5
221,conv2d_3,"(1, 2, 9, 6)",31
222,conv2d_3,"(1, 0, 1, 3)",2
223,conv2d_3,"(2, 0, 8, 14)",28
224,conv2d_3,"(1, 1, 15, 8)",29
225,conv2d_3,"(1, 2, 10, 6)",14
226,conv2d_3,"(1, 2, 1, 14)",9
227,conv2d_3,"(1, 2, 6, 3)",8
228,conv2d_3,"(1, 1, 5, 6)",6
229,conv2d_3,"(2, 0, 5, 15)",2
230,conv2d_3,"(0, 2, 3, 9)",12
231,conv2d_3,"(0, 2, 4, 7)",31
232,conv2d_3,"(1, 0, 15, 8)",3
233,conv2d_3,"(1, 1, 2, 7)",31
234,conv2d_3,"(1, 1, 14, 9)",22
235,conv2d_3,"(0, 2, 1, 8)",21
236,conv2d_3,"(2, 1, 5, 15)",27
237,conv2d_3,"(0, 0, 5, 5)",17
238,conv2d_3,"(0, 2, 8, 9)",27
239,conv2d_3,"(2, 1, 4, 0)",21
240,conv2d_3,"(1, 0, 10, 9)",31
241,conv2d_3,"(2, 2, 10, 3)",15
242,conv2d_3,"(1, 2, 4, 6)",6
243,conv2d_3,"(0, 1, 9, 13)",11
244,conv2d_3,"(2, 1, 11, 7)",14
245,conv2d_3,"(2, 1, 6, 12)",17
246,conv2d_3,"(2, 2, 1, 5)",11
247,conv2d_3,"(2, 2, 0, 9)",4
248,conv2d_3,"(2, 1, 8, 14)",28
249,conv2d_3,"(1, 2, 14, 14)",8
250,conv2d_3,"(1, 1, 4, 11)",17
251,conv2d_3,"(1, 2, 8, 14)",8
252,conv2d_3,"(0, 0, 10, 11)",10
253,conv2d_3,"(2, 1, 9, 15)",25
254,conv2d_3,"(2, 2, 12, 13)",18
255,conv2d_3,"(1, 0, 3, 6)",14
256,conv2d_3,"(0, 1, 14, 9)",8
257,conv2d_3,"(0, 0, 11, 8)",21
258,conv2d_3,"(2, 2, 14, 13)",18
259,conv2d_3,"(0, 1, 8, 5)",17
260,conv2d_3,"(1, 1, 14, 0)",29
261,conv2d_3,"(0, 2, 11, 5)",11
262,conv2d_3,"(2, 2, 0, 5)",6
263,conv2d_3,"(1, 1, 10, 9)",0
264,conv2d_3,"(0, 2, 11, 1)",24
265,conv2d_3,"(1, 2, 14, 3)",0
266,conv2d_3,"(2, 1, 2, 7)",18
267,conv2d_3,"(0, 2, 5, 9)",18
268,conv2d_3,"(1, 1, 4, 3)",24
269,conv2d_3,"(0, 1, 1, 15)",30
270,conv2d_3,"(0, 2, 4, 3)",18
271,conv2d_3,"(1, 1, 5, 0)",24
272,conv2d_3,"(1, 0, 5, 7)",22
273,conv2d_3,"(0, 2, 11, 7)",11
274,conv2d_3,"(2, 0, 0, 10)",9
275,conv2d_4,"(1, 0, 9, 5)",14
276,conv2d_4,"(0, 0, 9, 4)",24
277,conv2d_4,"(1, 2, 7, 11)",2
278,conv2d_4,"(1, 0, 14, 7)",5
279,conv2d_4,"(2, 0, 5, 10)",29
280,conv2d_4,"(2, 0, 0, 0)",8
281,conv2d_4,"(2, 1, 12, 11)",21
282,conv2d_4,"(2, 2, 10, 14)",24
283,conv2d_4,"(1, 0, 8, 4)",15
284,conv2d_4,"(1, 0, 12, 0)",10
285,conv2d_4,"(2, 2, 0, 8)",21
286,conv2d_4,"(1, 2, 7, 14)",15
287,conv2d_4,"(1, 2, 3, 5)",17
288,conv2d_4,"(1, 0, 1, 14)",14
289,conv2d_4,"(0, 1, 2, 5)",21
290,conv2d_4,"(2, 1, 1, 7)",11
291,conv2d_4,"(2, 1, 3, 6)",7
292,conv2d_4,"(0, 2, 14, 11)",1
293,conv2d_4,"(1, 0, 12, 2)",18
294,conv2d_4,"(0, 1, 0, 13)",30
295,conv2d_4,"(2, 1, 7, 14)",23
296,conv2d_4,"(1, 0, 12, 9)",16
297,conv2d_4,"(2, 2, 4, 6)",16
298,conv2d_4,"(1, 2, 5, 13)",25
299,conv2d_4,"(1, 2, 10, 9)",20
300,conv2d_4,"(0, 1, 2, 1)",13
301,conv2d_4,"(0, 2, 14, 1)",4
302,conv2d_4,"(1, 1, 13, 13)",22
303,conv2d_4,"(1, 2, 2, 3)",21
304,conv2d_4,"(1, 0, 13, 11)",22
305,conv2d_4,"(0, 2, 13, 13)",16
306,conv2d_4,"(2, 0, 10, 2)",2
307,conv2d_4,"(0, 0, 15, 12)",18
308,conv2d_4,"(1, 1, 10, 10)",24
309,conv2d_4,"(0, 2, 8, 7)",15
310,conv2d_4,"(1, 0, 13, 14)",13
311,conv2d_4,"(1, 0, 13, 0)",9
312,conv2d_4,"(0, 2, 8, 2)",31
313,conv2d_4,"(0, 2, 1, 14)",20
314,conv2d_4,"(0, 1, 0, 2)",24
315,conv2d_4,"(0, 0, 7, 15)",20
316,conv2d_4,"(0, 0, 4, 4)",28
317,conv2d_4,"(2, 0, 14, 1)",24
318,conv2d_4,"(0, 0, 3, 15)",14
319,conv2d_4,"(0, 1, 1, 0)",14
320,conv2d_4,"(2, 0, 7, 13)",4
321,conv2d_4,"(2, 2, 13, 7)",27
322,conv2d_4,"(2, 2, 11, 4)",7
323,conv2d_4,"(1, 2, 11, 11)",12
324,conv2d_4,"(0, 1, 5, 5)",16
325,conv2d_4,"(2, 2, 12, 14)",7
326,conv2d_4,"(1, 2, 10, 15)",31
327,conv2d_4,"(0, 0, 15, 8)",28
328,conv2d_4,"(2, 1, 10, 10)",28
329,conv2d_4,"(1, 2, 15, 5)",13
330,conv2d_4,"(2, 1, 9, 3)",27
331,conv2d_4,"(0, 0, 6, 1)",6
332,conv2d_4,"(1, 1, 9, 14)",31
333,conv2d_4,"(2, 0, 12, 3)",22
334,conv2d_4,"(2, 0, 1, 5)",3
335,conv2d_4,"(1, 2, 3, 10)",23
336,conv2d_4,"(0, 0, 10, 7)",23
337,conv2d_4,"(0, 2, 13, 7)",30
338,conv2d_4,"(0, 2, 7, 9)",14
339,conv2d_4,"(0, 1, 6, 11)",5
340,conv2d_4,"(1, 2, 2, 4)",2
341,conv2d_4,"(0, 0, 12, 6)",29
342,conv2d_4,"(1, 0, 15, 14)",14
343,conv2d_4,"(0, 2, 1, 0)",19
344,conv2d_4,"(1, 1, 2, 1)",31
345,conv2d_4,"(0, 1, 2, 6)",25
346,conv2d_4,"(1, 2, 8, 10)",25
347,conv2d_4,"(2, 1, 8, 4)",9
348,conv2d_4,"(1, 0, 11, 2)",0
349,conv2d_4,"(1, 2, 13, 9)",7
350,conv2d_4,"(0, 1, 10, 13)",29
351,conv2d_4,"(1, 1, 4, 12)",12
352,conv2d_4,"(2, 2, 9, 3)",13
353,conv2d_4,"(0, 2, 6, 13)",16
354,conv2d_4,"(1, 1, 0, 11)",17
355,conv2d_4,"(2, 0, 7, 14)",1
356,conv2d_4,"(2, 1, 4, 12)",7
357,conv2d_4,"(2, 0, 1, 15)",13
358,conv2d_4,"(2, 1, 8, 11)",15
359,conv2d_4,"(1, 2, 7, 10)",14
360,conv2d_4,"(2, 1, 2, 6)",5
361,conv2d_5,"(1, 0, 0, 15)",31
362,conv2d_5,"(2, 0, 2, 9)",30
363,conv2d_5,"(0, 0, 12, 14)",8
364,conv2d_5,"(2, 1, 10, 6)",24
365,conv2d_5,"(2, 2, 12, 5)",30
366,conv2d_5,"(2, 2, 11, 9)",29
367,conv2d_5,"(0, 2, 8, 8)",17
368,conv2d_5,"(0, 1, 12, 3)",16
369,conv2d_5,"(1, 1, 4, 7)",19
370,conv2d_5,"(2, 0, 14, 13)",21
371,conv2d_5,"(1, 2, 3, 11)",0
372,conv2d_5,"(2, 0, 3, 11)",26
373,conv2d_5,"(0, 0, 5, 14)",20
374,conv2d_5,"(2, 2, 4, 11)",15
375,conv2d_5,"(0, 0, 12, 9)",15
376,conv2d_5,"(2, 0, 11, 2)",4
377,conv2d_5,"(2, 0, 9, 5)",23
378,conv2d_5,"(0, 2, 6, 5)",6
379,conv2d_5,"(2, 2, 13, 1)",9
380,conv2d_5,"(1, 2, 2, 2)",27
381,conv2d_5,"(2, 2, 4, 4)",30
382,conv2d_5,"(0, 0, 11, 8)",0
383,conv2d_5,"(2, 1, 5, 9)",10
384,conv2d_5,"(1, 2, 15, 4)",15
385,conv2d_5,"(0, 2, 0, 4)",2
386,conv2d_5,"(0, 1, 11, 3)",7
387,conv2d_5,"(2, 0, 12, 0)",25
388,conv2d_5,"(2, 1, 3, 3)",20
389,conv2d_5,"(1, 1, 10, 15)",29
390,conv2d_5,"(0, 0, 2, 12)",6
391,conv2d_5,"(2, 1, 4, 0)",9
392,conv2d_5,"(0, 0, 11, 0)",21
393,conv2d_5,"(1, 0, 14, 3)",13
394,conv2d_5,"(2, 2, 3, 13)",17
395,conv2d_5,"(1, 1, 4, 1)",3
396,conv2d_5,"(0, 2, 13, 10)",4
397,conv2d_5,"(0, 0, 8, 15)",6
398,conv2d_5,"(2, 2, 12, 15)",26
399,conv2d_5,"(2, 0, 13, 6)",14
400,conv2d_5,"(0, 0, 14, 10)",4
401,conv2d_5,"(2, 1, 4, 2)",12
402,conv2d_5,"(1, 1, 12, 1)",4
403,conv2d_5,"(0, 2, 5, 12)",13
404,conv2d_5,"(0, 2, 5, 6)",30
405,conv2d_5,"(1, 0, 5, 14)",4
406,conv2d_5,"(2, 2, 8, 12)",1
407,conv2d_5,"(2, 0, 9, 15)",28
408,conv2d_5,"(0, 0, 0, 9)",22
409,conv2d_5,"(2, 1, 8, 11)",20
410,conv2d_5,"(0, 2, 8, 15)",28
411,conv2d_5,"(2, 2, 6, 7)",22
412,conv2d_5,"(1, 2, 13, 3)",23
413,conv2d_5,"(1, 0, 14, 0)",16
414,conv2d_5,"(1, 1, 15, 8)",3
415,conv2d_5,"(1, 2, 14, 3)",13
416,conv2d_5,"(0, 0, 14, 2)",23
417,conv2d_5,"(0, 0, 0, 3)",28
418,conv2d_5,"(1, 0, 10, 12)",16
419,conv2d_5,"(0, 0, 4, 12)",24
420,conv2d_5,"(0, 2, 0, 11)",6
421,conv2d_5,"(2, 0, 3, 3)",10
422,conv2d_5,"(1, 0, 13, 7)",21
423,conv2d_5,"(0, 1, 9, 7)",6
424,conv2d_5,"(0, 0, 13, 10)",28
425,conv2d_5,"(2, 2, 13, 10)",0
426,conv2d_5,"(1, 1, 13, 6)",1
427,conv2d_5,"(1, 1, 8, 14)",19
428,conv2d_5,"(0, 0, 2, 1)",23
429,conv2d_5,"(0, 1, 7, 6)",9
430,conv2d_5,"(1, 2, 5, 2)",14
431,conv2d_5,"(2, 1, 2, 9)",14
432,conv2d_5,"(2, 1, 15, 13)",2
433,conv2d_5,"(0, 2, 2, 6)",1
434,conv2d_5,"(0, 1, 15, 13)",24
435,conv2d_5,"(2, 1, 15, 11)",13
436,conv2d_5,"(0, 2, 8, 11)",4
437,conv2d_5,"(0, 2, 11, 7)",15
438,conv2d_5,"(0, 1, 0, 12)",6
439,conv2d_5,"(1, 0, 2, 2)",7
440,conv2d_5,"(2, 1, 2, 12)",12
441,conv2d_5,"(1, 1, 2, 7)",20
442,conv2d_5,"(0, 0, 10, 1)",3
443,conv2d_5,"(2, 1, 12, 8)",9
444,conv2d_5,"(2, 0, 3, 1)",25
445,conv2d_5,"(0, 0, 10, 12)",5
446,conv2d_5,"(0, 2, 12, 2)",17
447,conv2d_6,"(0, 2, 14, 13)",19
448,conv2d_6,"(0, 1, 9, 6)",24
449,conv2d_6,"(1, 1, 1, 14)",24
450,conv2d_6,"(0, 0, 13, 2)",29
451,conv2d_6,"(0, 2, 6, 14)",7
452,conv2d_6,"(2, 1, 4, 13)",27
453,conv2d_6,"(2, 1, 11, 4)",20
454,conv2d_6,"(2, 0, 0, 0)",18
455,conv2d_6,"(1, 1, 10, 7)",23
456,conv2d_6,"(0, 1, 13, 12)",19
457,conv2d_6,"(0, 0, 2, 10)",17
458,conv2d_6,"(2, 2, 0, 5)",19
459,conv2d_6,"(1, 2, 14, 13)",13
460,conv2d_6,"(1, 1, 13, 4)",31
461,conv2d_6,"(2, 0, 11, 8)",17
462,conv2d_6,"(1, 2, 9, 1)",29
463,conv2d_6,"(2, 2, 3, 6)",10
464,conv2d_6,"(2, 1, 6, 2)",19
465,conv2d_6,"(2, 2, 2, 12)",8
466,conv2d_6,"(1, 1, 11, 9)",24
467,conv2d_6,"(0, 2, 5, 12)",6
468,conv2d_6,"(2, 2, 10, 14)",19
469,conv2d_6,"(2, 2, 4, 6)",16
470,conv2d_6,"(2, 2, 14, 4)",25
471,conv2d_6,"(0, 0, 0, 1)",19
472,conv2d_6,"(1, 2, 0, 5)",0
473,conv2d_6,"(2, 2, 5, 1)",25
474,conv2d_6,"(0, 1, 1, 4)",15
475,conv2d_6,"(0, 0, 2, 15)",31
476,conv2d_6,"(2, 1, 8, 7)",11
477,conv2d_6,"(0, 2, 14, 3)",5
478,conv2d_6,"(0, 1, 5, 10)",0
479,conv2d_6,"(1, 2, 5, 8)",23
480,conv2d_6,"(0, 0, 0, 3)",14
481,conv2d_6,"(0, 1, 1, 3)",5
482,conv2d_6,"(2, 2, 11, 7)",24
483,conv2d_6,"(0, 0, 5, 15)",26
484,conv2d_6,"(1, 0, 13, 15)",4
485,conv2d_6,"(1, 2, 11, 15)",24
486,conv2d_6,"(0, 2, 3, 6)",19
487,conv2d_6,"(0, 0, 4, 15)",0
488,conv2d_6,"(1, 0, 15, 10)",14
489,conv2d_6,"(0, 1, 3, 9)",15
490,conv2d_6,"(0, 2, 11, 5)",20
491,conv2d_6,"(0, 1, 7, 11)",8
492,conv2d_6,"(2, 2, 7, 13)",31
493,conv2d_6,"(2, 1, 5, 8)",25
494,conv2d_6,"(1, 2, 6, 8)",21
495,conv2d_6,"(0, 1, 9, 11)",15
496,conv2d_6,"(2, 2, 6, 11)",30
497,conv2d_6,"(1, 0, 11, 1)",19
498,conv2d_6,"(1, 2, 12, 8)",14
499,conv2d_6,"(2, 0, 6, 5)",14
500,conv2d_6,"(1, 0, 7, 3)",11
501,conv2d_6,"(2, 2, 1, 3)",9
502,conv2d_6,"(1, 1, 8, 10)",20
503,conv2d_6,"(2, 1, 13, 0)",12
504,conv2d_6,"(1, 1, 5, 4)",11
505,conv2d_6,"(2, 0, 12, 6)",19
506,conv2d_6,"(1, 2, 6, 14)",4
507,conv2d_6,"(2, 2, 1, 7)",5
508,conv2d_6,"(2, 0, 15, 8)",21
509,conv2d_6,"(1, 0, 11, 14)",5
510,conv2d_6,"(1, 2, 13, 7)",5
511,conv2d_6,"(1, 0, 9, 2)",20
512,conv2d_6,"(0, 0, 5, 4)",20
513,conv2d_6,"(0, 2, 0, 3)",12
514,conv2d_6,"(0, 1, 9, 0)",0
515,conv2d_6,"(0, 1, 11, 8)",17
516,conv2d_6,"(0, 2, 11, 3)",24
517,conv2d_6,"(0, 1, 11, 6)",17
518,conv2d_6,"(1, 0, 14, 3)",26
519,conv2d_6,"(2, 0, 8, 5)",23
520,conv2d_6,"(1, 0, 11, 8)",12
521,conv2d_6,"(0, 2, 2, 11)",1
522,conv2d_6,"(2, 0, 10, 1)",18
523,conv2d_6,"(0, 2, 12, 10)",30
524,conv2d_6,"(1, 0, 0, 4)",31
525,conv2d_6,"(1, 1, 14, 2)",2
526,conv2d_6,"(2, 1, 5, 0)",5
527,conv2d_6,"(1, 0, 4, 6)",3
528,conv2d_6,"(1, 1, 3, 3)",25
529,conv2d_6,"(0, 1, 10, 8)",24
530,conv2d_6,"(1, 1, 1, 7)",2
531,conv2d_6,"(2, 0, 6, 12)",13
532,conv2d_6,"(0, 1, 8, 1)",25
533,conv2d_7,"(1, 0, 0, 31)",28
534,conv2d_7,"(1, 1, 11, 25)",6
535,conv2d_7,"(0, 0, 3, 19)",19
536,conv2d_7,"(1, 2, 0, 23)",10
537,conv2d_7,"(1, 1, 9, 17)",23
538,conv2d_7,"(2, 1, 8, 19)",3
539,conv2d_7,"(2, 0, 5, 2)",26
540,conv2d_7,"(0, 2, 15, 5)",6
541,conv2d_7,"(0, 1, 4, 15)",1
542,conv2d_7,"(0, 1, 3, 26)",7
543,conv2d_7,"(0, 2, 4, 9)",2
544,conv2d_7,"(2, 2, 14, 2)",7
545,conv2d_7,"(1, 2, 6, 11)",2
546,conv2d_7,"(0, 0, 1, 11)",18
547,conv2d_7,"(1, 1, 3, 8)",27
548,conv2d_7,"(1, 1, 2, 21)",23
549,conv2d_7,"(0, 0, 12, 18)",4
550,conv2d_7,"(2, 0, 11, 15)",30
551,conv2d_7,"(0, 1, 12, 19)",14
552,conv2d_7,"(1, 0, 10, 9)",10
553,conv2d_7,"(2, 2, 14, 29)",14
554,conv2d_7,"(0, 2, 4, 0)",24
555,conv2d_7,"(2, 1, 14, 18)",15
556,conv2d_7,"(1, 0, 0, 3)",29
557,conv2d_7,"(1, 2, 1, 18)",2
558,conv2d_7,"(0, 0, 0, 30)",21
559,conv2d_7,"(1, 2, 5, 0)",31
560,conv2d_7,"(1, 0, 3, 22)",13
561,conv2d_7,"(2, 2, 9, 27)",28
562,conv2d_7,"(0, 0, 13, 26)",31
563,conv2d_7,"(1, 2, 12, 5)",24
564,conv2d_7,"(0, 0, 5, 23)",12
565,conv2d_7,"(0, 0, 14, 27)",13
566,conv2d_7,"(0, 1, 2, 1)",7
567,conv2d_7,"(2, 1, 2, 28)",28
568,conv2d_7,"(1, 2, 8, 2)",24
569,conv2d_7,"(2, 2, 10, 6)",29
570,conv2d_7,"(0, 0, 5, 16)",5
571,conv2d_7,"(1, 1, 5, 13)",16
572,conv2d_7,"(0, 1, 2, 27)",16
573,conv2d_7,"(2, 2, 7, 13)",13
574,conv2d_7,"(1, 2, 12, 15)",29
575,conv2d_7,"(1, 0, 8, 21)",23
576,conv2d_7,"(2, 1, 6, 3)",22
577,conv2d_7,"(1, 1, 5, 6)",6
578,conv2d_7,"(0, 2, 13, 11)",29
579,conv2d_7,"(0, 1, 7, 28)",24
580,conv2d_7,"(0, 2, 4, 27)",1
581,conv2d_7,"(0, 0, 9, 20)",24
582,conv2d_7,"(1, 1, 3, 4)",13
583,conv2d_7,"(2, 0, 6, 31)",13
584,conv2d_7,"(2, 2, 0, 24)",19
585,conv2d_7,"(1, 1, 5, 30)",16
586,conv2d_7,"(0, 1, 11, 26)",16
587,conv2d_7,"(0, 2, 14, 1)",2
588,conv2d_7,"(0, 0, 11, 0)",30
589,conv2d_7,"(2, 2, 9, 8)",31
590,conv2d_7,"(1, 2, 13, 16)",28
591,conv2d_7,"(2, 2, 12, 27)",4
592,conv2d_7,"(2, 1, 10, 30)",14
593,conv2d_7,"(1, 2, 7, 18)",3
594,conv2d_7,"(1, 0, 2, 4)",22
595,conv2d_7,"(0, 2, 5, 0)",26
596,conv2d_7,"(1, 2, 4, 15)",2
597,conv2d_7,"(0, 1, 4, 5)",2
598,conv2d_7,"(2, 2, 15, 18)",14
599,conv2d_7,"(0, 0, 0, 16)",5
600,conv2d_7,"(1, 2, 1, 13)",4
601,conv2d_7,"(2, 2, 5, 11)",30
602,conv2d_7,"(1, 2, 15, 1)",14
603,conv2d_7,"(2, 2, 10, 28)",19
604,conv2d_7,"(1, 2, 10, 18)",25
605,conv2d_7,"(1, 2, 5, 6)",23
606,conv2d_7,"(2, 0, 8, 17)",19
607,conv2d_7,"(2, 2, 5, 7)",24
608,conv2d_7,"(0, 1, 8, 3)",17
609,conv2d_7,"(0, 0, 9, 27)",21
610,conv2d_7,"(2, 1, 11, 2)",19
611,conv2d_7,"(1, 2, 12, 6)",17
612,conv2d_7,"(0, 0, 0, 1)",10
613,conv2d_7,"(1, 1, 14, 31)",9
614,conv2d_7,"(1, 2, 1, 19)",21
615,conv2d_7,"(0, 2, 15, 12)",12
616,conv2d_7,"(0, 1, 6, 31)",11
617,conv2d_7,"(1, 0, 0, 24)",29
618,conv2d_7,"(0, 2, 0, 1)",8
619,conv2d_7,"(2, 0, 14, 13)",1
620,conv2d_7,"(1, 1, 8, 11)",20
621,conv2d_7,"(0, 0, 10, 2)",6
622,conv2d_7,"(0, 0, 12, 7)",12
623,conv2d_7,"(0, 0, 0, 20)",12
624,conv2d_7,"(1, 1, 3, 0)",8
625,conv2d_7,"(1, 1, 2, 22)",20
626,conv2d_7,"(1, 1, 11, 31)",17
627,conv2d_7,"(0, 2, 14, 17)",12
628,conv2d_7,"(1, 0, 0, 28)",10
629,conv2d_7,"(2, 2, 14, 26)",19
630,conv2d_7,"(2, 1, 0, 15)",9
631,conv2d_7,"(0, 1, 10, 5)",25
632,conv2d_7,"(1, 0, 4, 19)",5
633,conv2d_7,"(0, 1, 0, 3)",8
634,conv2d_7,"(1, 1, 2, 29)",13
635,conv2d_7,"(2, 2, 8, 11)",22
636,conv2d_7,"(0, 2, 12, 7)",26
637,conv2d_7,"(2, 2, 15, 10)",30
638,conv2d_7,"(1, 0, 3, 0)",6
639,conv2d_7,"(2, 0, 6, 2)",10
640,conv2d_7,"(2, 0, 11, 21)",31
641,conv2d_7,"(0, 1, 6, 23)",28
642,conv2d_7,"(2, 1, 12, 25)",29
643,conv2d_7,"(2, 1, 8, 18)",15
644,conv2d_7,"(2, 0, 2, 18)",23
645,conv2d_7,"(2, 2, 15, 17)",19
646,conv2d_7,"(2, 2, 14, 20)",0
647,conv2d_7,"(2, 2, 9, 13)",3
648,conv2d_7,"(2, 1, 9, 23)",15
649,conv2d_7,"(1, 1, 4, 0)",9
650,conv2d_7,"(0, 1, 9, 10)",4
651,conv2d_7,"(0, 2, 12, 17)",2
652,conv2d_7,"(0, 2, 5, 8)",3
653,conv2d_7,"(1, 1, 6, 25)",24
654,conv2d_7,"(1, 0, 2, 2)",21
655,conv2d_7,"(2, 2, 6, 2)",9
656,conv2d_7,"(0, 1, 6, 0)",4
657,conv2d_7,"(1, 1, 15, 18)",29
658,conv2d_7,"(2, 2, 4, 19)",31
659,conv2d_7,"(2, 0, 8, 11)",20
660,conv2d_7,"(0, 1, 3, 22)",29
661,conv2d_7,"(2, 2, 14, 7)",2
662,conv2d_7,"(0, 0, 5, 27)",18
663,conv2d_7,"(2, 1, 2, 5)",20
664,conv2d_7,"(0, 1, 3, 6)",28
665,conv2d_7,"(0, 2, 3, 3)",18
666,conv2d_7,"(2, 1, 7, 1)",24
667,conv2d_7,"(1, 2, 12, 12)",28
668,conv2d_7,"(2, 2, 9, 23)",18
669,conv2d_7,"(1, 2, 13, 2)",21
670,conv2d_7,"(0, 1, 11, 30)",29
671,conv2d_7,"(1, 0, 11, 3)",22
672,conv2d_7,"(2, 0, 6, 21)",7
673,conv2d_7,"(2, 1, 4, 17)",10
674,conv2d_7,"(0, 2, 10, 15)",5
675,conv2d_7,"(1, 1, 5, 24)",16
676,conv2d_7,"(2, 0, 12, 8)",24
677,conv2d_7,"(0, 0, 6, 12)",17
678,conv2d_7,"(2, 1, 8, 30)",14
679,conv2d_7,"(0, 0, 11, 18)",10
680,conv2d_7,"(0, 2, 12, 18)",17
681,conv2d_7,"(2, 2, 13, 1)",5
682,conv2d_7,"(1, 1, 15, 10)",21
683,conv2d_7,"(2, 2, 8, 2)",10
684,conv2d_7,"(0, 1, 13, 8)",2
685,conv2d_7,"(2, 1, 6, 12)",31
686,conv2d_7,"(1, 0, 4, 1)",21
687,conv2d_7,"(2, 1, 10, 29)",30
688,conv2d_7,"(1, 2, 14, 5)",2
689,conv2d_7,"(1, 2, 14, 12)",31
690,conv2d_7,"(2, 1, 10, 18)",28
691,conv2d_7,"(1, 1, 13, 9)",22
692,conv2d_7,"(0, 2, 3, 2)",8
693,conv2d_7,"(0, 2, 0, 25)",30
694,conv2d_7,"(1, 2, 7, 3)",14
695,conv2d_7,"(2, 1, 13, 6)",18
696,conv2d_7,"(1, 2, 2, 8)",20
697,conv2d_7,"(1, 0, 12, 20)",29
698,conv2d_7,"(0, 1, 5, 29)",14
699,conv2d_7,"(1, 0, 5, 28)",2
700,conv2d_7,"(1, 2, 9, 6)",29
701,conv2d_7,"(1, 1, 8, 9)",12
702,conv2d_7,"(0, 1, 12, 8)",6
703,conv2d_7,"(0, 2, 0, 4)",2
704,conv2d_7,"(2, 1, 7, 20)",0
705,conv2d_8,"(0, 1, 29, 20)",22
706,conv2d_8,"(0, 0, 8, 14)",12
707,conv2d_8,"(2, 0, 1, 8)",21
708,conv2d_8,"(1, 0, 23, 22)",30
709,conv2d_8,"(0, 0, 3, 13)",6
710,conv2d_8,"(2, 2, 5, 19)",9
711,conv2d_8,"(2, 2, 0, 1)",5
712,conv2d_8,"(1, 2, 9, 29)",10
713,conv2d_8,"(2, 0, 14, 11)",3
714,conv2d_8,"(2, 0, 28, 14)",18
715,conv2d_8,"(0, 2, 2, 6)",5
716,conv2d_8,"(1, 2, 6, 31)",21
717,conv2d_8,"(1, 1, 29, 17)",15
718,conv2d_8,"(2, 1, 14, 29)",16
719,conv2d_8,"(1, 2, 29, 23)",20
720,conv2d_8,"(1, 1, 4, 21)",0
721,conv2d_8,"(1, 2, 7, 1)",21
722,conv2d_8,"(2, 2, 30, 27)",27
723,conv2d_8,"(0, 2, 20, 19)",20
724,conv2d_8,"(2, 2, 10, 1)",25
725,conv2d_8,"(0, 0, 21, 11)",3
726,conv2d_8,"(0, 0, 5, 14)",9
727,conv2d_8,"(1, 0, 25, 27)",14
728,conv2d_8,"(1, 2, 7, 13)",25
729,conv2d_8,"(1, 0, 1, 4)",25
730,conv2d_8,"(0, 0, 26, 28)",22
731,conv2d_8,"(2, 1, 31, 30)",2
732,conv2d_8,"(1, 1, 3, 18)",23
733,conv2d_8,"(0, 1, 5, 17)",23
734,conv2d_8,"(2, 0, 6, 31)",6
735,conv2d_8,"(0, 1, 16, 10)",26
736,conv2d_8,"(1, 2, 12, 10)",11
737,conv2d_8,"(0, 1, 28, 16)",26
738,conv2d_8,"(2, 0, 18, 14)",6
739,conv2d_8,"(2, 2, 16, 19)",20
740,conv2d_8,"(2, 2, 22, 21)",24
741,conv2d_8,"(0, 1, 20, 30)",3
742,conv2d_8,"(0, 0, 27, 1)",20
743,conv2d_8,"(1, 2, 0, 20)",19
744,conv2d_8,"(1, 1, 8, 7)",25
745,conv2d_8,"(0, 0, 1, 28)",18
746,conv2d_8,"(1, 1, 26, 7)",6
747,conv2d_8,"(2, 1, 1, 16)",28
748,conv2d_8,"(2, 2, 21, 30)",31
749,conv2d_8,"(0, 0, 16, 15)",27
750,conv2d_8,"(0, 1, 4, 21)",13
751,conv2d_8,"(2, 1, 21, 13)",4
752,conv2d_8,"(0, 0, 16, 26)",10
753,conv2d_8,"(1, 1, 13, 30)",9
754,conv2d_8,"(1, 2, 5, 17)",0
755,conv2d_8,"(2, 1, 21, 14)",21
756,conv2d_8,"(1, 1, 29, 1)",15
757,conv2d_8,"(2, 1, 21, 6)",5
758,conv2d_8,"(0, 0, 16, 14)",27
759,conv2d_8,"(0, 2, 26, 17)",30
760,conv2d_8,"(2, 0, 13, 0)",28
761,conv2d_8,"(2, 2, 6, 5)",22
762,conv2d_8,"(0, 0, 16, 30)",24
763,conv2d_8,"(0, 0, 31, 3)",9
764,conv2d_8,"(0, 1, 22, 1)",19
765,conv2d_8,"(0, 0, 11, 31)",2
766,conv2d_8,"(0, 2, 18, 12)",30
767,conv2d_8,"(0, 2, 24, 6)",9
768,conv2d_8,"(2, 2, 26, 7)",24
769,conv2d_8,"(1, 2, 19, 16)",18
770,conv2d_8,"(0, 2, 10, 24)",21
771,conv2d_8,"(2, 0, 11, 24)",20
772,conv2d_8,"(2, 1, 17, 3)",27
773,conv2d_8,"(2, 2, 15, 10)",0
774,conv2d_8,"(2, 0, 22, 26)",12
775,conv2d_8,"(2, 1, 10, 19)",10
776,conv2d_8,"(0, 2, 3, 16)",4
777,conv2d_8,"(0, 2, 9, 14)",25
778,conv2d_8,"(0, 0, 26, 29)",13
779,conv2d_8,"(2, 2, 20, 14)",16
780,conv2d_8,"(0, 0, 10, 23)",7
781,conv2d_8,"(1, 0, 5, 31)",30
782,conv2d_8,"(1, 1, 23, 24)",28
783,conv2d_8,"(1, 1, 10, 8)",19
784,conv2d_8,"(2, 2, 6, 24)",4
785,conv2d_8,"(2, 2, 16, 4)",14
786,conv2d_8,"(1, 2, 6, 7)",0
787,conv2d_8,"(1, 2, 11, 27)",11
788,conv2d_8,"(1, 2, 3, 30)",28
789,conv2d_8,"(2, 2, 17, 28)",30
790,conv2d_8,"(2, 1, 17, 27)",15
791,conv2d_8,"(0, 2, 6, 9)",31
792,conv2d_8,"(2, 1, 11, 23)",23
793,conv2d_8,"(1, 0, 27, 6)",4
794,conv2d_8,"(1, 1, 31, 3)",13
795,conv2d_8,"(2, 0, 21, 12)",0
796,conv2d_8,"(1, 1, 18, 15)",29
797,conv2d_8,"(0, 0, 30, 21)",6
798,conv2d_8,"(2, 0, 24, 16)",11
799,conv2d_8,"(0, 1, 13, 22)",19
800,conv2d_8,"(2, 1, 30, 13)",15
801,conv2d_8,"(2, 0, 30, 17)",22
802,conv2d_8,"(0, 2, 11, 5)",15
803,conv2d_8,"(0, 0, 24, 5)",20
804,conv2d_8,"(0, 0, 21, 29)",18
805,conv2d_8,"(1, 2, 9, 25)",7
806,conv2d_8,"(1, 2, 21, 24)",26
807,conv2d_8,"(1, 1, 14, 4)",17
808,conv2d_8,"(2, 0, 11, 21)",11
809,conv2d_8,"(2, 2, 6, 15)",15
810,conv2d_8,"(0, 0, 13, 31)",25
811,conv2d_8,"(2, 2, 27, 17)",18
812,conv2d_8,"(2, 2, 22, 1)",8
813,conv2d_8,"(0, 2, 3, 28)",2
814,conv2d_8,"(1, 1, 28, 21)",12
815,conv2d_8,"(0, 1, 9, 6)",7
816,conv2d_8,"(0, 2, 22, 26)",9
817,conv2d_8,"(0, 2, 1, 19)",22
818,conv2d_8,"(2, 0, 20, 26)",9
819,conv2d_8,"(2, 2, 13, 1)",18
820,conv2d_8,"(2, 2, 30, 1)",7
821,conv2d_8,"(1, 1, 9, 27)",13
822,conv2d_8,"(1, 0, 6, 13)",31
823,conv2d_8,"(2, 1, 8, 2)",10
824,conv2d_8,"(2, 2, 0, 2)",17
825,conv2d_8,"(1, 0, 12, 24)",4
826,conv2d_8,"(1, 2, 1, 17)",8
827,conv2d_8,"(1, 2, 3, 31)",28
828,conv2d_8,"(0, 1, 21, 17)",17
829,conv2d_8,"(0, 0, 5, 0)",14
830,conv2d_8,"(2, 2, 10, 10)",13
831,conv2d_8,"(2, 0, 31, 3)",13
832,conv2d_8,"(2, 0, 4, 23)",25
833,conv2d_8,"(2, 1, 26, 5)",24
834,conv2d_8,"(2, 2, 3, 9)",25
835,conv2d_8,"(0, 0, 21, 22)",19
836,conv2d_8,"(0, 0, 14, 4)",31
837,conv2d_8,"(0, 1, 4, 12)",0
838,conv2d_8,"(2, 1, 27, 25)",1
839,conv2d_8,"(0, 1, 19, 23)",11
840,conv2d_8,"(0, 2, 30, 20)",9
841,conv2d_8,"(0, 2, 0, 10)",10
842,conv2d_8,"(0, 1, 2, 9)",14
843,conv2d_8,"(1, 0, 5, 18)",7
844,conv2d_8,"(0, 2, 29, 27)",29
845,conv2d_8,"(0, 0, 17, 28)",13
846,conv2d_8,"(1, 2, 8, 6)",3
847,conv2d_8,"(2, 1, 10, 11)",24
848,conv2d_8,"(0, 1, 8, 5)",7
849,conv2d_8,"(2, 0, 27, 27)",5
850,conv2d_8,"(2, 0, 15, 31)",15
851,conv2d_8,"(0, 0, 27, 19)",19
852,conv2d_8,"(2, 0, 28, 1)",2
853,conv2d_8,"(1, 1, 28, 11)",30
854,conv2d_8,"(0, 2, 28, 7)",14
855,conv2d_8,"(0, 1, 24, 22)",5
856,conv2d_8,"(2, 1, 17, 4)",1
857,conv2d_8,"(0, 0, 30, 13)",26
858,conv2d_8,"(1, 2, 4, 1)",31
859,conv2d_8,"(0, 2, 11, 18)",1
860,conv2d_8,"(0, 0, 21, 7)",3
861,conv2d_8,"(1, 0, 19, 14)",21
862,conv2d_8,"(1, 1, 15, 19)",8
863,conv2d_8,"(1, 2, 23, 19)",15
864,conv2d_8,"(1, 1, 26, 5)",10
865,conv2d_8,"(2, 0, 4, 27)",12
866,conv2d_8,"(2, 1, 19, 27)",8
867,conv2d_8,"(1, 0, 7, 17)",7
868,conv2d_8,"(0, 1, 16, 30)",14
869,conv2d_8,"(0, 0, 21, 18)",29
870,conv2d_8,"(1, 0, 14, 8)",23
871,conv2d_8,"(2, 0, 31, 13)",11
872,conv2d_8,"(2, 2, 6, 6)",15
873,conv2d_8,"(1, 0, 24, 23)",24
874,conv2d_8,"(1, 0, 23, 31)",10
875,conv2d_8,"(0, 0, 10, 13)",29
876,conv2d_8,"(0, 0, 16, 12)",15
877,conv2d_8,"(0, 0, 15, 0)",20
878,conv2d_8,"(2, 2, 22, 13)",15
879,conv2d_8,"(0, 2, 22, 21)",19
880,conv2d_8,"(0, 0, 17, 7)",31
881,conv2d_8,"(1, 1, 9, 28)",8
882,conv2d_8,"(1, 1, 3, 29)",10
883,conv2d_8,"(2, 1, 17, 25)",24
884,conv2d_8,"(2, 0, 15, 29)",16
885,conv2d_8,"(0, 1, 5, 2)",2
886,conv2d_8,"(1, 2, 16, 13)",8
887,conv2d_8,"(1, 0, 29, 9)",25
888,conv2d_8,"(1, 0, 17, 3)",0
889,conv2d_8,"(0, 0, 17, 8)",15
890,conv2d_8,"(2, 0, 22, 7)",1
891,conv2d_8,"(2, 0, 28, 6)",26
892,conv2d_8,"(2, 2, 14, 5)",23
893,conv2d_8,"(2, 2, 5, 1)",14
894,conv2d_8,"(0, 0, 19, 14)",25
895,conv2d_8,"(0, 0, 29, 14)",15
896,conv2d_8,"(1, 1, 6, 9)",19
897,conv2d_8,"(1, 2, 20, 28)",14
898,conv2d_8,"(0, 1, 0, 7)",25
899,conv2d_8,"(0, 2, 11, 14)",7
900,conv2d_8,"(2, 1, 12, 13)",29
901,conv2d_8,"(2, 2, 30, 7)",13
902,conv2d_8,"(1, 1, 30, 25)",29
903,conv2d_8,"(2, 2, 29, 12)",21
904,conv2d_8,"(2, 2, 15, 20)",28
905,conv2d_8,"(1, 1, 25, 21)",3
906,conv2d_8,"(2, 2, 28, 29)",9
907,conv2d_8,"(1, 1, 16, 13)",12
908,conv2d_8,"(2, 0, 16, 25)",20
909,conv2d_8,"(0, 2, 24, 12)",11
910,conv2d_8,"(1, 0, 22, 20)",19
911,conv2d_8,"(2, 1, 5, 17)",15
912,conv2d_8,"(0, 0, 7, 23)",15
913,conv2d_8,"(0, 1, 3, 14)",5
914,conv2d_8,"(1, 2, 21, 29)",10
915,conv2d_8,"(0, 0, 3, 27)",11
916,conv2d_8,"(0, 2, 29, 6)",4
917,conv2d_8,"(2, 2, 24, 6)",29
918,conv2d_8,"(0, 2, 17, 0)",10
919,conv2d_8,"(1, 2, 0, 24)",7
920,conv2d_8,"(2, 1, 6, 3)",20
921,conv2d_8,"(1, 2, 29, 22)",19
922,conv2d_8,"(1, 0, 8, 8)",2
923,conv2d_8,"(0, 2, 7, 23)",31
924,conv2d_8,"(0, 2, 26, 21)",2
925,conv2d_8,"(0, 0, 9, 4)",15
926,conv2d_8,"(0, 2, 19, 15)",16
927,conv2d_8,"(1, 0, 30, 21)",24
928,conv2d_8,"(2, 2, 3, 16)",12
929,conv2d_8,"(0, 0, 10, 16)",18
930,conv2d_8,"(1, 1, 31, 20)",4
931,conv2d_8,"(1, 0, 14, 9)",8
932,conv2d_8,"(0, 2, 29, 21)",2
933,conv2d_8,"(2, 0, 29, 13)",1
934,conv2d_8,"(1, 1, 6, 14)",27
935,conv2d_8,"(2, 2, 10, 28)",23
936,conv2d_8,"(2, 1, 16, 0)",10
937,conv2d_8,"(2, 0, 29, 20)",5
938,conv2d_8,"(2, 0, 18, 26)",13
939,conv2d_8,"(1, 0, 0, 29)",6
940,conv2d_8,"(2, 1, 18, 14)",15
941,conv2d_8,"(0, 0, 24, 17)",18
942,conv2d_8,"(1, 1, 0, 11)",1
943,conv2d_8,"(1, 0, 1, 23)",23
944,conv2d_8,"(0, 2, 25, 22)",30
945,conv2d_8,"(1, 1, 0, 4)",13
946,conv2d_8,"(2, 1, 23, 27)",9
947,conv2d_8,"(1, 0, 19, 15)",31
948,conv2d_8,"(0, 2, 21, 1)",9
949,conv2d_8,"(0, 1, 20, 19)",9
950,conv2d_8,"(0, 0, 27, 20)",13
951,conv2d_8,"(2, 1, 21, 23)",6
952,conv2d_8,"(2, 1, 1, 4)",30
953,conv2d_8,"(1, 0, 28, 23)",7
954,conv2d_8,"(1, 2, 3, 18)",8
955,conv2d_8,"(2, 1, 18, 19)",10
956,conv2d_8,"(0, 1, 2, 20)",28
957,conv2d_8,"(0, 1, 9, 2)",9
958,conv2d_8,"(1, 2, 1, 9)",19
959,conv2d_8,"(2, 0, 3, 23)",11
960,conv2d_8,"(1, 0, 11, 26)",23
961,conv2d_8,"(1, 0, 2, 24)",12
962,conv2d_8,"(1, 1, 26, 0)",21
963,conv2d_8,"(0, 2, 24, 11)",6
964,conv2d_8,"(0, 1, 12, 23)",23
965,conv2d_8,"(1, 0, 29, 8)",23
966,conv2d_8,"(0, 2, 23, 4)",9
967,conv2d_8,"(0, 0, 12, 31)",13
968,conv2d_8,"(1, 1, 10, 22)",12
969,conv2d_8,"(2, 0, 6, 22)",1
970,conv2d_8,"(2, 0, 24, 0)",18
971,conv2d_8,"(1, 1, 0, 31)",26
972,conv2d_8,"(0, 1, 5, 5)",21
973,conv2d_8,"(0, 2, 13, 18)",24
974,conv2d_8,"(0, 1, 21, 30)",8
975,conv2d_8,"(1, 0, 19, 9)",29
976,conv2d_8,"(1, 1, 11, 14)",0
977,conv2d_8,"(2, 2, 30, 8)",20
978,conv2d_8,"(2, 1, 0, 15)",11
979,conv2d_8,"(0, 0, 7, 25)",26
980,conv2d_8,"(0, 0, 20, 25)",4
981,conv2d_8,"(0, 2, 2, 27)",16
982,conv2d_8,"(1, 1, 11, 18)",17
983,conv2d_8,"(2, 0, 10, 31)",14
984,conv2d_8,"(0, 1, 1, 12)",3
985,conv2d_8,"(1, 1, 27, 28)",27
986,conv2d_8,"(0, 1, 7, 11)",19
987,conv2d_8,"(2, 1, 23, 9)",19
988,conv2d_8,"(2, 2, 19, 17)",7
989,conv2d_8,"(2, 2, 26, 31)",0
990,conv2d_8,"(2, 0, 1, 11)",20
991,conv2d_8,"(1, 1, 0, 20)",24
992,conv2d_8,"(2, 0, 8, 9)",6
993,conv2d_8,"(2, 1, 7, 29)",23
994,conv2d_8,"(1, 0, 15, 5)",4
995,conv2d_8,"(2, 2, 22, 0)",13
996,conv2d_8,"(2, 1, 22, 19)",8
997,conv2d_8,"(1, 2, 16, 18)",20
998,conv2d_8,"(0, 0, 16, 20)",13
999,conv2d_8,"(2, 0, 29, 16)",10
1000,conv2d_8,"(2, 1, 9, 10)",8
1001,conv2d_8,"(1, 2, 5, 6)",8
1002,conv2d_8,"(0, 0, 9, 31)",7
1003,conv2d_8,"(1, 2, 2, 25)",20
1004,conv2d_8,"(2, 1, 2, 21)",11
1005,conv2d_8,"(0, 2, 2, 26)",24
1006,conv2d_8,"(0, 0, 28, 12)",2
1007,conv2d_8,"(1, 1, 13, 22)",22
1008,conv2d_8,"(1, 2, 26, 0)",2
1009,conv2d_8,"(0, 2, 19, 31)",17
1010,conv2d_8,"(2, 2, 24, 0)",17
1011,conv2d_8,"(0, 1, 11, 13)",6
1012,conv2d_8,"(1, 1, 8, 15)",16
1013,conv2d_8,"(1, 2, 29, 12)",13
1014,conv2d_8,"(0, 2, 22, 10)",25
1015,conv2d_8,"(0, 2, 11, 26)",15
1016,conv2d_8,"(0, 2, 8, 2)",18
1017,conv2d_8,"(0, 1, 7, 19)",3
1018,conv2d_8,"(1, 0, 14, 0)",28
1019,conv2d_8,"(1, 1, 9, 0)",19
1020,conv2d_8,"(1, 1, 27, 14)",8
1021,conv2d_8,"(2, 1, 1, 25)",25
1022,conv2d_8,"(0, 0, 7, 1)",8
1023,conv2d_8,"(2, 2, 26, 20)",4
1024,conv2d_8,"(1, 0, 1, 0)",14
1025,conv2d_8,"(1, 1, 11, 0)",6
1026,conv2d_8,"(0, 0, 23, 21)",18
1027,conv2d_8,"(1, 1, 15, 26)",17
1028,conv2d_8,"(2, 0, 28, 2)",12
1029,conv2d_8,"(0, 1, 31, 28)",28
1030,conv2d_8,"(0, 2, 14, 6)",19
1031,conv2d_8,"(1, 1, 2, 24)",31
1032,conv2d_8,"(0, 0, 11, 24)",3
1033,conv2d_8,"(0, 1, 27, 0)",28
1034,conv2d_8,"(2, 0, 21, 25)",3
1035,conv2d_8,"(1, 2, 25, 11)",11
1036,conv2d_8,"(1, 0, 12, 26)",29
1037,conv2d_8,"(0, 1, 25, 8)",25
1038,conv2d_8,"(1, 2, 4, 11)",3
1039,conv2d_8,"(0, 1, 30, 3)",6
1040,conv2d_8,"(2, 0, 25, 3)",19
1041,conv2d_8,"(0, 0, 19, 23)",26
1042,conv2d_8,"(2, 1, 23, 17)",27
1043,conv2d_8,"(0, 2, 10, 0)",26
1044,conv2d_8,"(1, 0, 9, 8)",24
1045,conv2d_8,"(0, 2, 29, 10)",12
1046,conv2d_8,"(0, 2, 17, 3)",14
1047,conv2d_8,"(2, 0, 6, 27)",10
1048,conv2d_8,"(2, 0, 15, 9)",29
1049,conv2d_9,"(0, 1, 25, 14)",3
1050,conv2d_9,"(1, 0, 9, 23)",7
1051,conv2d_9,"(0, 2, 30, 1)",14
1052,conv2d_9,"(1, 0, 24, 9)",19
1053,conv2d_9,"(2, 0, 12, 15)",26
1054,conv2d_9,"(1, 2, 17, 21)",9
1055,conv2d_9,"(0, 1, 29, 4)",20
1056,conv2d_9,"(1, 2, 1, 3)",5
1057,conv2d_9,"(0, 2, 15, 19)",13
1058,conv2d_9,"(0, 2, 1, 11)",15
1059,conv2d_9,"(2, 0, 29, 30)",12
1060,conv2d_9,"(0, 1, 1, 20)",23
1061,conv2d_9,"(0, 1, 12, 4)",14
1062,conv2d_9,"(1, 1, 10, 11)",29
1063,conv2d_9,"(1, 2, 16, 15)",5
1064,conv2d_9,"(2, 1, 29, 12)",7
1065,conv2d_9,"(1, 1, 4, 29)",7
1066,conv2d_9,"(1, 0, 8, 10)",3
1067,conv2d_9,"(0, 0, 19, 15)",3
1068,conv2d_9,"(2, 1, 20, 19)",9
1069,conv2d_9,"(2, 0, 8, 9)",19
1070,conv2d_9,"(0, 1, 8, 25)",22
1071,conv2d_9,"(0, 0, 18, 26)",26
1072,conv2d_9,"(0, 1, 29, 15)",14
1073,conv2d_9,"(1, 1, 14, 15)",30
1074,conv2d_9,"(0, 0, 3, 10)",8
1075,conv2d_9,"(0, 1, 15, 4)",26
1076,conv2d_9,"(0, 1, 2, 27)",16
1077,conv2d_9,"(1, 1, 16, 18)",2
1078,conv2d_9,"(2, 0, 13, 3)",28
1079,conv2d_9,"(0, 2, 5, 7)",13
1080,conv2d_9,"(0, 0, 29, 12)",28
1081,conv2d_9,"(1, 0, 16, 9)",10
1082,conv2d_9,"(2, 0, 5, 28)",18
1083,conv2d_9,"(0, 2, 12, 31)",13
1084,conv2d_9,"(0, 1, 5, 4)",10
1085,conv2d_9,"(2, 0, 20, 7)",7
1086,conv2d_9,"(2, 1, 20, 17)",9
1087,conv2d_9,"(2, 0, 9, 10)",19
1088,conv2d_9,"(2, 0, 22, 17)",22
1089,conv2d_9,"(1, 2, 24, 28)",22
1090,conv2d_9,"(0, 2, 16, 25)",6
1091,conv2d_9,"(0, 1, 12, 2)",7
1092,conv2d_9,"(0, 2, 2, 22)",3
1093,conv2d_9,"(2, 2, 6, 28)",31
1094,conv2d_9,"(1, 1, 5, 14)",23
1095,conv2d_9,"(2, 0, 20, 26)",18
1096,conv2d_9,"(0, 2, 8, 20)",5
1097,conv2d_9,"(0, 2, 27, 31)",2
1098,conv2d_9,"(0, 1, 0, 7)",16
1099,conv2d_9,"(2, 0, 29, 4)",0
1100,conv2d_9,"(2, 0, 12, 30)",27
1101,conv2d_9,"(2, 1, 30, 31)",25
1102,conv2d_9,"(0, 2, 22, 0)",16
1103,conv2d_9,"(0, 0, 5, 16)",21
1104,conv2d_9,"(2, 1, 6, 5)",14
1105,conv2d_9,"(0, 2, 5, 24)",13
1106,conv2d_9,"(2, 0, 15, 27)",26
1107,conv2d_9,"(0, 0, 31, 1)",26
1108,conv2d_9,"(2, 2, 26, 27)",8
1109,conv2d_9,"(1, 1, 5, 6)",11
1110,conv2d_9,"(1, 0, 1, 8)",6
1111,conv2d_9,"(0, 0, 23, 30)",1
1112,conv2d_9,"(0, 2, 21, 1)",24
1113,conv2d_9,"(1, 2, 21, 10)",9
1114,conv2d_9,"(2, 2, 29, 6)",20
1115,conv2d_9,"(1, 2, 13, 18)",3
1116,conv2d_9,"(0, 2, 22, 20)",24
1117,conv2d_9,"(2, 2, 28, 16)",16
1118,conv2d_9,"(1, 1, 26, 20)",23
1119,conv2d_9,"(0, 1, 1, 12)",12
1120,conv2d_9,"(1, 2, 25, 5)",2
1121,conv2d_9,"(2, 1, 15, 9)",12
1122,conv2d_9,"(1, 2, 2, 20)",13
1123,conv2d_9,"(2, 1, 5, 1)",24
1124,conv2d_9,"(1, 0, 19, 28)",5
1125,conv2d_9,"(0, 2, 20, 2)",19
1126,conv2d_9,"(2, 2, 2, 10)",19
1127,conv2d_9,"(0, 2, 1, 14)",18
1128,conv2d_9,"(1, 2, 0, 26)",8
1129,conv2d_9,"(1, 1, 28, 2)",20
1130,conv2d_9,"(0, 0, 11, 9)",12
1131,conv2d_9,"(1, 1, 18, 12)",6
1132,conv2d_9,"(0, 2, 1, 18)",9
1133,conv2d_9,"(1, 1, 5, 16)",29
1134,conv2d_9,"(0, 2, 16, 31)",14
1135,conv2d_9,"(2, 1, 20, 25)",23
1136,conv2d_9,"(0, 2, 12, 8)",5
1137,conv2d_9,"(2, 0, 28, 8)",22
1138,conv2d_9,"(0, 0, 21, 0)",26
1139,conv2d_9,"(1, 2, 25, 18)",12
1140,conv2d_9,"(0, 1, 5, 7)",1
1141,conv2d_9,"(1, 1, 22, 18)",26
1142,conv2d_9,"(2, 2, 12, 15)",21
1143,conv2d_9,"(0, 1, 26, 10)",31
1144,conv2d_9,"(2, 0, 2, 18)",4
1145,conv2d_9,"(2, 1, 21, 7)",25
1146,conv2d_9,"(2, 2, 26, 5)",13
1147,conv2d_9,"(1, 2, 25, 22)",22
1148,conv2d_9,"(1, 2, 10, 22)",26
1149,conv2d_9,"(2, 0, 24, 23)",0
1150,conv2d_9,"(2, 2, 11, 2)",29
1151,conv2d_9,"(2, 2, 17, 15)",10
1152,conv2d_9,"(0, 2, 23, 28)",17
1153,conv2d_9,"(1, 2, 25, 4)",14
1154,conv2d_9,"(0, 1, 24, 11)",3
1155,conv2d_9,"(2, 0, 26, 2)",5
1156,conv2d_9,"(0, 1, 9, 25)",5
1157,conv2d_9,"(0, 2, 2, 8)",11
1158,conv2d_9,"(2, 0, 19, 30)",2
1159,conv2d_9,"(0, 1, 16, 14)",26
1160,conv2d_9,"(0, 2, 23, 5)",1
1161,conv2d_9,"(0, 1, 25, 28)",5
1162,conv2d_9,"(2, 1, 22, 1)",14
1163,conv2d_9,"(2, 1, 5, 25)",4
1164,conv2d_9,"(1, 1, 1, 31)",16
1165,conv2d_9,"(2, 1, 24, 16)",8
1166,conv2d_9,"(0, 2, 4, 2)",27
1167,conv2d_9,"(0, 2, 11, 24)",30
1168,conv2d_9,"(2, 1, 10, 31)",11
1169,conv2d_9,"(1, 0, 24, 31)",11
1170,conv2d_9,"(2, 2, 26, 16)",31
1171,conv2d_9,"(1, 0, 6, 6)",6
1172,conv2d_9,"(0, 1, 14, 30)",7
1173,conv2d_9,"(1, 0, 16, 13)",21
1174,conv2d_9,"(2, 2, 30, 3)",15
1175,conv2d_9,"(2, 0, 18, 21)",5
1176,conv2d_9,"(2, 0, 15, 10)",2
1177,conv2d_9,"(2, 1, 31, 18)",18
1178,conv2d_9,"(0, 0, 30, 20)",21
1179,conv2d_9,"(0, 0, 2, 15)",24
1180,conv2d_9,"(1, 1, 20, 7)",23
1181,conv2d_9,"(0, 2, 26, 22)",9
1182,conv2d_9,"(2, 2, 22, 11)",27
1183,conv2d_9,"(2, 2, 19, 22)",9
1184,conv2d_9,"(2, 2, 6, 11)",8
1185,conv2d_9,"(1, 1, 11, 22)",27
1186,conv2d_9,"(0, 2, 11, 7)",13
1187,conv2d_9,"(2, 1, 3, 23)",4
1188,conv2d_9,"(0, 0, 5, 31)",8
1189,conv2d_9,"(0, 1, 8, 10)",27
1190,conv2d_9,"(0, 0, 21, 7)",9
1191,conv2d_9,"(1, 1, 5, 22)",21
1192,conv2d_9,"(0, 1, 17, 4)",4
1193,conv2d_9,"(0, 0, 24, 31)",2
1194,conv2d_9,"(2, 1, 19, 30)",25
1195,conv2d_9,"(2, 0, 11, 17)",8
1196,conv2d_9,"(1, 2, 8, 11)",15
1197,conv2d_9,"(0, 2, 5, 25)",18
1198,conv2d_9,"(0, 0, 25, 26)",27
1199,conv2d_9,"(1, 2, 5, 29)",19
1200,conv2d_9,"(1, 2, 21, 26)",8
1201,conv2d_9,"(0, 2, 5, 9)",8
1202,conv2d_9,"(2, 2, 11, 21)",24
1203,conv2d_9,"(0, 1, 18, 3)",0
1204,conv2d_9,"(1, 1, 8, 9)",26
1205,conv2d_9,"(1, 0, 30, 16)",26
1206,conv2d_9,"(1, 2, 18, 1)",3
1207,conv2d_9,"(1, 1, 22, 9)",5
1208,conv2d_9,"(2, 1, 24, 30)",25
1209,conv2d_9,"(1, 1, 25, 25)",25
1210,conv2d_9,"(1, 2, 5, 24)",17
1211,conv2d_9,"(0, 2, 7, 23)",29
1212,conv2d_9,"(1, 1, 29, 12)",12
1213,conv2d_9,"(1, 2, 31, 13)",24
1214,conv2d_9,"(2, 1, 11, 13)",26
1215,conv2d_9,"(2, 1, 24, 11)",24
1216,conv2d_9,"(1, 1, 12, 30)",4
1217,conv2d_9,"(1, 0, 28, 8)",14
1218,conv2d_9,"(0, 1, 5, 31)",21
1219,conv2d_9,"(1, 2, 17, 4)",26
1220,conv2d_9,"(2, 2, 30, 21)",20
1221,conv2d_9,"(2, 0, 10, 24)",5
1222,conv2d_9,"(0, 2, 15, 28)",25
1223,conv2d_9,"(2, 2, 16, 13)",17
1224,conv2d_9,"(2, 2, 11, 10)",30
1225,conv2d_9,"(1, 1, 3, 24)",12
1226,conv2d_9,"(1, 1, 3, 13)",14
1227,conv2d_9,"(2, 2, 25, 10)",31
1228,conv2d_9,"(1, 2, 19, 22)",8
1229,conv2d_9,"(0, 0, 3, 23)",2
1230,conv2d_9,"(1, 0, 11, 14)",19
1231,conv2d_9,"(0, 1, 22, 8)",18
1232,conv2d_9,"(0, 2, 25, 16)",1
1233,conv2d_9,"(2, 2, 20, 28)",10
1234,conv2d_9,"(2, 1, 28, 14)",11
1235,conv2d_9,"(2, 0, 24, 4)",5
1236,conv2d_9,"(1, 0, 26, 14)",0
1237,conv2d_9,"(2, 2, 17, 30)",8
1238,conv2d_9,"(1, 1, 1, 8)",18
1239,conv2d_9,"(2, 2, 4, 9)",31
1240,conv2d_9,"(1, 0, 3, 20)",8
1241,conv2d_9,"(2, 2, 31, 0)",6
1242,conv2d_9,"(0, 2, 25, 8)",20
1243,conv2d_9,"(1, 2, 11, 28)",4
1244,conv2d_9,"(2, 0, 17, 15)",31
1245,conv2d_9,"(2, 1, 11, 5)",9
1246,conv2d_9,"(2, 1, 31, 8)",24
1247,conv2d_9,"(2, 2, 16, 7)",30
1248,conv2d_9,"(1, 1, 27, 8)",8
1249,conv2d_9,"(1, 0, 9, 13)",7
1250,conv2d_9,"(2, 1, 28, 17)",9
1251,conv2d_9,"(2, 1, 30, 7)",12
1252,conv2d_9,"(2, 1, 31, 13)",17
1253,conv2d_9,"(1, 2, 13, 8)",8
1254,conv2d_9,"(1, 0, 25, 16)",25
1255,conv2d_9,"(1, 2, 15, 28)",7
1256,conv2d_9,"(1, 1, 10, 16)",10
1257,conv2d_9,"(2, 2, 22, 13)",24
1258,conv2d_9,"(0, 1, 18, 11)",19
1259,conv2d_9,"(1, 0, 6, 26)",17
1260,conv2d_9,"(2, 0, 31, 15)",19
1261,conv2d_9,"(1, 2, 23, 5)",6
1262,conv2d_9,"(2, 1, 3, 3)",26
1263,conv2d_9,"(1, 0, 13, 2)",26
1264,conv2d_9,"(1, 1, 9, 27)",5
1265,conv2d_9,"(1, 0, 5, 31)",21
1266,conv2d_9,"(0, 1, 13, 18)",1
1267,conv2d_9,"(2, 0, 1, 8)",9
1268,conv2d_9,"(2, 1, 23, 21)",14
1269,conv2d_9,"(0, 0, 25, 27)",29
1270,conv2d_9,"(0, 0, 11, 24)",23
1271,conv2d_9,"(2, 0, 0, 18)",8
1272,conv2d_9,"(0, 2, 0, 0)",1
1273,conv2d_9,"(0, 0, 21, 23)",19
1274,conv2d_9,"(1, 1, 29, 10)",9
1275,conv2d_9,"(1, 1, 25, 26)",9
1276,conv2d_9,"(1, 0, 18, 9)",22
1277,conv2d_9,"(0, 0, 18, 7)",2
1278,conv2d_9,"(2, 1, 29, 26)",6
1279,conv2d_9,"(1, 1, 20, 28)",23
1280,conv2d_9,"(0, 0, 20, 19)",8
1281,conv2d_9,"(1, 0, 25, 19)",21
1282,conv2d_9,"(2, 2, 20, 9)",20
1283,conv2d_9,"(1, 1, 28, 19)",24
1284,conv2d_9,"(2, 1, 15, 21)",8
1285,conv2d_9,"(2, 1, 16, 4)",30
1286,conv2d_9,"(2, 2, 9, 7)",11
1287,conv2d_9,"(1, 2, 30, 11)",14
1288,conv2d_9,"(1, 0, 22, 26)",31
1289,conv2d_9,"(0, 1, 15, 28)",10
1290,conv2d_9,"(2, 1, 26, 29)",26
1291,conv2d_9,"(2, 2, 29, 5)",30
1292,conv2d_9,"(2, 1, 23, 13)",19
1293,conv2d_9,"(1, 2, 25, 16)",8
1294,conv2d_9,"(2, 1, 10, 1)",24
1295,conv2d_9,"(0, 2, 28, 18)",21
1296,conv2d_9,"(1, 1, 30, 7)",13
1297,conv2d_9,"(1, 0, 5, 18)",11
1298,conv2d_9,"(1, 0, 6, 10)",26
1299,conv2d_9,"(0, 0, 25, 30)",25
1300,conv2d_9,"(2, 2, 31, 17)",9
1301,conv2d_9,"(1, 1, 31, 20)",3
1302,conv2d_9,"(2, 1, 4, 22)",7
1303,conv2d_9,"(1, 2, 23, 27)",20
1304,conv2d_9,"(0, 1, 14, 17)",13
1305,conv2d_9,"(0, 1, 1, 31)",29
1306,conv2d_9,"(1, 0, 19, 17)",9
1307,conv2d_9,"(1, 2, 15, 2)",3
1308,conv2d_9,"(0, 2, 25, 25)",4
1309,conv2d_9,"(2, 1, 9, 22)",11
1310,conv2d_9,"(1, 0, 9, 26)",1
1311,conv2d_9,"(0, 0, 14, 27)",28
1312,conv2d_9,"(1, 2, 1, 18)",16
1313,conv2d_9,"(2, 0, 1, 7)",0
1314,conv2d_9,"(1, 0, 21, 5)",23
1315,conv2d_9,"(2, 2, 28, 8)",7
1316,conv2d_9,"(2, 1, 23, 31)",1
1317,conv2d_9,"(2, 2, 29, 11)",4
1318,conv2d_9,"(2, 1, 17, 21)",5
1319,conv2d_9,"(1, 1, 6, 23)",2
1320,conv2d_9,"(2, 1, 26, 2)",17
1321,conv2d_9,"(1, 1, 15, 28)",29
1322,conv2d_9,"(1, 1, 24, 30)",10
1323,conv2d_9,"(0, 2, 22, 16)",15
1324,conv2d_9,"(0, 2, 8, 21)",16
1325,conv2d_9,"(1, 1, 14, 12)",25
1326,conv2d_9,"(0, 0, 26, 14)",11
1327,conv2d_9,"(0, 1, 22, 9)",5
1328,conv2d_9,"(1, 0, 15, 8)",11
1329,conv2d_9,"(1, 2, 28, 25)",30
1330,conv2d_9,"(0, 2, 2, 17)",23
1331,conv2d_9,"(1, 1, 1, 0)",9
1332,conv2d_9,"(1, 0, 25, 27)",15
1333,conv2d_9,"(2, 2, 17, 16)",12
1334,conv2d_9,"(2, 0, 14, 26)",9
1335,conv2d_9,"(1, 0, 9, 9)",31
1336,conv2d_9,"(2, 0, 11, 15)",30
1337,conv2d_9,"(1, 1, 11, 18)",7
1338,conv2d_9,"(2, 1, 24, 13)",12
1339,conv2d_9,"(2, 2, 31, 30)",16
1340,conv2d_9,"(1, 2, 24, 27)",1
1341,conv2d_9,"(1, 2, 24, 22)",7
1342,conv2d_9,"(0, 0, 0, 2)",4
1343,conv2d_9,"(0, 1, 25, 25)",15
1344,conv2d_9,"(0, 2, 14, 21)",28
1345,conv2d_9,"(0, 1, 21, 13)",27
1346,conv2d_9,"(0, 0, 5, 9)",21
1347,conv2d_9,"(1, 1, 3, 26)",19
1348,conv2d_9,"(1, 0, 25, 15)",17
1349,conv2d_9,"(1, 1, 22, 6)",27
1350,conv2d_9,"(2, 1, 11, 21)",26
1351,conv2d_9,"(1, 1, 1, 26)",21
1352,conv2d_9,"(2, 1, 8, 14)",17
1353,conv2d_9,"(1, 0, 17, 4)",24
1354,conv2d_9,"(0, 0, 12, 7)",28
1355,conv2d_9,"(2, 0, 25, 13)",17
1356,conv2d_9,"(0, 1, 13, 28)",11
1357,conv2d_9,"(0, 1, 30, 12)",9
1358,conv2d_9,"(0, 1, 0, 27)",21
1359,conv2d_9,"(0, 0, 12, 31)",7
1360,conv2d_9,"(1, 2, 29, 5)",18
1361,conv2d_9,"(2, 2, 26, 18)",12
1362,conv2d_9,"(1, 0, 6, 28)",17
1363,conv2d_9,"(0, 1, 24, 19)",7
1364,conv2d_9,"(0, 0, 11, 4)",2
1365,conv2d_9,"(1, 2, 23, 3)",23
1366,conv2d_9,"(1, 0, 10, 7)",23
1367,conv2d_9,"(2, 1, 3, 6)",16
1368,conv2d_9,"(2, 2, 27, 7)",17
1369,conv2d_9,"(0, 1, 17, 8)",12
1370,conv2d_9,"(2, 1, 6, 14)",29
1371,conv2d_9,"(1, 1, 27, 16)",27
1372,conv2d_9,"(1, 0, 3, 30)",25
1373,conv2d_9,"(0, 2, 0, 10)",17
1374,conv2d_9,"(2, 1, 1, 3)",6
1375,conv2d_9,"(2, 1, 0, 24)",11
1376,conv2d_9,"(0, 0, 3, 9)",28
1377,conv2d_9,"(2, 0, 25, 23)",26
1378,conv2d_9,"(1, 1, 6, 15)",14
1379,conv2d_9,"(2, 0, 0, 19)",31
1380,conv2d_9,"(2, 2, 0, 26)",18
1381,conv2d_9,"(2, 0, 20, 29)",19
1382,conv2d_9,"(2, 2, 9, 8)",14
1383,conv2d_9,"(2, 1, 10, 6)",19
1384,conv2d_9,"(0, 1, 25, 22)",11
1385,conv2d_9,"(2, 2, 5, 19)",14
1386,conv2d_9,"(1, 2, 27, 31)",5
1387,conv2d_9,"(1, 0, 5, 2)",1
1388,conv2d_9,"(0, 1, 6, 23)",0
1389,conv2d_9,"(0, 0, 23, 25)",20
1390,conv2d_9,"(1, 1, 20, 18)",23
1391,conv2d_9,"(1, 2, 16, 28)",16
1392,conv2d_9,"(1, 0, 24, 24)",27
1393,conv2d_10,"(0, 1, 13, 23)",9
1394,conv2d_10,"(1, 1, 16, 14)",16
1395,conv2d_10,"(2, 0, 1, 4)",7
1396,conv2d_10,"(2, 1, 5, 14)",3
1397,conv2d_10,"(0, 2, 21, 0)",15
1398,conv2d_10,"(2, 2, 12, 31)",0
1399,conv2d_10,"(0, 2, 26, 29)",4
1400,conv2d_10,"(2, 0, 28, 27)",19
1401,conv2d_10,"(2, 2, 16, 28)",14
1402,conv2d_10,"(2, 1, 29, 31)",12
1403,conv2d_10,"(2, 1, 13, 17)",29
1404,conv2d_10,"(1, 2, 14, 11)",19
1405,conv2d_10,"(1, 2, 25, 3)",10
1406,conv2d_10,"(1, 1, 27, 26)",19
1407,conv2d_10,"(2, 1, 13, 28)",28
1408,conv2d_10,"(1, 2, 25, 25)",5
1409,conv2d_10,"(0, 2, 22, 11)",20
1410,conv2d_10,"(2, 0, 13, 23)",18
1411,conv2d_10,"(0, 1, 3, 9)",27
1412,conv2d_10,"(0, 2, 14, 29)",28
1413,conv2d_10,"(1, 0, 16, 9)",12
1414,conv2d_10,"(0, 0, 13, 1)",4
1415,conv2d_10,"(2, 0, 25, 27)",28
1416,conv2d_10,"(2, 0, 17, 0)",27
1417,conv2d_10,"(1, 1, 9, 6)",6
1418,conv2d_10,"(0, 0, 12, 28)",15
1419,conv2d_10,"(0, 1, 10, 7)",9
1420,conv2d_10,"(2, 1, 17, 0)",25
1421,conv2d_10,"(0, 2, 9, 12)",13
1422,conv2d_10,"(0, 1, 16, 11)",0
1423,conv2d_10,"(2, 2, 13, 21)",21
1424,conv2d_10,"(0, 2, 23, 17)",22
1425,conv2d_10,"(2, 1, 11, 30)",27
1426,conv2d_10,"(1, 0, 30, 26)",18
1427,conv2d_10,"(0, 1, 25, 19)",27
1428,conv2d_10,"(0, 2, 7, 0)",20
1429,conv2d_10,"(2, 1, 25, 11)",21
1430,conv2d_10,"(2, 1, 19, 19)",1
1431,conv2d_10,"(2, 2, 31, 30)",13
1432,conv2d_10,"(2, 0, 9, 26)",15
1433,conv2d_10,"(0, 0, 3, 20)",2
1434,conv2d_10,"(0, 2, 26, 31)",10
1435,conv2d_10,"(1, 1, 19, 18)",16
1436,conv2d_10,"(2, 0, 26, 16)",28
1437,conv2d_10,"(2, 0, 0, 17)",1
1438,conv2d_10,"(0, 0, 17, 9)",18
1439,conv2d_10,"(2, 2, 15, 3)",31
1440,conv2d_10,"(0, 0, 16, 13)",10
1441,conv2d_10,"(2, 1, 28, 19)",26
1442,conv2d_10,"(1, 0, 29, 8)",2
1443,conv2d_10,"(1, 1, 9, 19)",10
1444,conv2d_10,"(1, 2, 6, 17)",17
1445,conv2d_10,"(2, 1, 26, 23)",3
1446,conv2d_10,"(2, 0, 11, 23)",22
1447,conv2d_10,"(0, 1, 27, 14)",3
1448,conv2d_10,"(1, 0, 13, 22)",4
1449,conv2d_10,"(2, 1, 10, 29)",10
1450,conv2d_10,"(0, 1, 26, 15)",27
1451,conv2d_10,"(1, 2, 0, 31)",22
1452,conv2d_10,"(1, 0, 9, 28)",19
1453,conv2d_10,"(2, 0, 21, 20)",12
1454,conv2d_10,"(2, 1, 31, 21)",2
1455,conv2d_10,"(0, 0, 23, 16)",24
1456,conv2d_10,"(1, 0, 13, 25)",14
1457,conv2d_10,"(2, 2, 29, 28)",30
1458,conv2d_10,"(2, 2, 2, 1)",25
1459,conv2d_10,"(0, 1, 24, 21)",31
1460,conv2d_10,"(0, 2, 16, 25)",28
1461,conv2d_10,"(2, 1, 21, 10)",9
1462,conv2d_10,"(0, 2, 15, 3)",25
1463,conv2d_10,"(2, 2, 9, 25)",10
1464,conv2d_10,"(1, 1, 21, 27)",30
1465,conv2d_10,"(0, 0, 20, 28)",3
1466,conv2d_10,"(2, 1, 8, 29)",0
1467,conv2d_10,"(2, 1, 16, 6)",6
1468,conv2d_10,"(2, 0, 22, 9)",16
1469,conv2d_10,"(0, 2, 21, 26)",9
1470,conv2d_10,"(2, 2, 13, 25)",18
1471,conv2d_10,"(1, 0, 15, 30)",19
1472,conv2d_10,"(2, 1, 19, 27)",27
1473,conv2d_10,"(2, 0, 9, 19)",9
1474,conv2d_10,"(2, 0, 10, 22)",8
1475,conv2d_10,"(1, 1, 26, 23)",9
1476,conv2d_10,"(2, 2, 26, 14)",4
1477,conv2d_10,"(1, 0, 21, 22)",0
1478,conv2d_10,"(0, 0, 23, 30)",17
1479,conv2d_10,"(2, 1, 1, 29)",29
1480,conv2d_10,"(1, 2, 16, 25)",29
1481,conv2d_10,"(0, 0, 6, 5)",22
1482,conv2d_10,"(1, 0, 27, 11)",24
1483,conv2d_10,"(1, 2, 21, 14)",17
1484,conv2d_10,"(2, 1, 6, 26)",9
1485,conv2d_10,"(0, 1, 27, 0)",14
1486,conv2d_10,"(0, 1, 1, 17)",6
1487,conv2d_10,"(0, 2, 19, 3)",28
1488,conv2d_10,"(0, 2, 18, 9)",19
1489,conv2d_10,"(2, 1, 21, 21)",12
1490,conv2d_10,"(0, 2, 5, 2)",28
1491,conv2d_10,"(0, 2, 28, 19)",17
1492,conv2d_10,"(2, 2, 10, 7)",29
1493,conv2d_10,"(0, 1, 16, 16)",31
1494,conv2d_10,"(0, 0, 13, 31)",28
1495,conv2d_10,"(1, 2, 13, 22)",20
1496,conv2d_10,"(1, 1, 6, 6)",30
1497,conv2d_10,"(1, 0, 19, 13)",21
1498,conv2d_10,"(2, 2, 16, 1)",28
1499,conv2d_10,"(0, 1, 9, 14)",26
1500,conv2d_10,"(0, 0, 6, 6)",24
1501,conv2d_10,"(1, 1, 5, 22)",11
1502,conv2d_10,"(2, 2, 17, 5)",12
1503,conv2d_10,"(2, 0, 10, 31)",25
1504,conv2d_10,"(1, 2, 16, 5)",3
1505,conv2d_10,"(1, 1, 6, 3)",30
1506,conv2d_10,"(0, 1, 11, 8)",31
1507,conv2d_10,"(1, 0, 17, 29)",4
1508,conv2d_10,"(0, 0, 26, 15)",23
1509,conv2d_10,"(0, 0, 6, 11)",29
1510,conv2d_10,"(1, 1, 9, 14)",16
1511,conv2d_10,"(2, 2, 1, 4)",7
1512,conv2d_10,"(2, 0, 8, 8)",3
1513,conv2d_10,"(0, 0, 21, 4)",19
1514,conv2d_10,"(0, 2, 11, 28)",23
1515,conv2d_10,"(0, 2, 22, 4)",29
1516,conv2d_10,"(2, 1, 30, 14)",12
1517,conv2d_10,"(2, 0, 12, 7)",2
1518,conv2d_10,"(0, 1, 7, 11)",13
1519,conv2d_10,"(1, 0, 1, 9)",0
1520,conv2d_10,"(2, 1, 21, 2)",25
1521,conv2d_10,"(2, 2, 17, 9)",21
1522,conv2d_10,"(2, 0, 6, 8)",15
1523,conv2d_10,"(0, 1, 9, 30)",1
1524,conv2d_10,"(0, 1, 0, 21)",6
1525,conv2d_10,"(0, 1, 18, 20)",21
1526,conv2d_10,"(2, 0, 5, 27)",26
1527,conv2d_10,"(2, 0, 2, 9)",19
1528,conv2d_10,"(2, 0, 23, 24)",13
1529,conv2d_10,"(1, 0, 26, 27)",30
1530,conv2d_10,"(1, 0, 17, 15)",8
1531,conv2d_10,"(2, 0, 11, 12)",14
1532,conv2d_10,"(0, 2, 23, 12)",9
1533,conv2d_10,"(1, 2, 10, 3)",17
1534,conv2d_10,"(2, 0, 20, 3)",9
1535,conv2d_10,"(1, 0, 16, 12)",26
1536,conv2d_10,"(1, 1, 11, 6)",31
1537,conv2d_10,"(2, 0, 26, 29)",23
1538,conv2d_10,"(1, 2, 1, 6)",28
1539,conv2d_10,"(0, 0, 13, 6)",15
1540,conv2d_10,"(1, 1, 1, 10)",9
1541,conv2d_10,"(2, 1, 8, 28)",19
1542,conv2d_10,"(2, 0, 0, 20)",9
1543,conv2d_10,"(2, 1, 13, 14)",20
1544,conv2d_10,"(1, 2, 6, 30)",18
1545,conv2d_10,"(0, 1, 17, 17)",15
1546,conv2d_10,"(1, 1, 5, 1)",1
1547,conv2d_10,"(0, 0, 3, 3)",20
1548,conv2d_10,"(1, 2, 6, 0)",29
1549,conv2d_10,"(2, 1, 11, 31)",8
1550,conv2d_10,"(1, 0, 9, 7)",2
1551,conv2d_10,"(1, 1, 4, 27)",0
1552,conv2d_10,"(1, 2, 21, 6)",16
1553,conv2d_10,"(1, 0, 4, 24)",23
1554,conv2d_10,"(2, 2, 4, 5)",0
1555,conv2d_10,"(0, 2, 31, 17)",28
1556,conv2d_10,"(2, 1, 23, 14)",14
1557,conv2d_10,"(0, 1, 1, 18)",7
1558,conv2d_10,"(0, 1, 13, 16)",16
1559,conv2d_10,"(1, 1, 30, 14)",30
1560,conv2d_10,"(2, 1, 16, 15)",27
1561,conv2d_10,"(1, 0, 11, 19)",1
1562,conv2d_10,"(0, 0, 18, 13)",17
1563,conv2d_10,"(2, 1, 23, 3)",18
1564,conv2d_10,"(2, 2, 0, 10)",19
1565,conv2d_10,"(1, 2, 6, 27)",13
1566,conv2d_10,"(1, 2, 14, 0)",13
1567,conv2d_10,"(1, 1, 3, 4)",11
1568,conv2d_10,"(1, 2, 2, 11)",16
1569,conv2d_10,"(1, 0, 2, 4)",27
1570,conv2d_10,"(0, 2, 25, 18)",31
1571,conv2d_10,"(1, 2, 2, 19)",5
1572,conv2d_10,"(2, 1, 29, 5)",18
1573,conv2d_10,"(0, 2, 19, 20)",3
1574,conv2d_10,"(0, 1, 11, 18)",0
1575,conv2d_10,"(1, 2, 20, 11)",19
1576,conv2d_10,"(1, 0, 4, 4)",19
1577,conv2d_10,"(0, 0, 9, 13)",15
1578,conv2d_10,"(0, 1, 1, 6)",4
1579,conv2d_10,"(0, 2, 21, 6)",3
1580,conv2d_10,"(1, 0, 18, 19)",17
1581,conv2d_10,"(2, 1, 23, 26)",27
1582,conv2d_10,"(0, 2, 11, 19)",12
1583,conv2d_10,"(1, 2, 15, 14)",10
1584,conv2d_10,"(1, 2, 13, 13)",9
1585,conv2d_10,"(1, 0, 31, 17)",8
1586,conv2d_10,"(2, 2, 24, 12)",1
1587,conv2d_10,"(2, 0, 1, 16)",7
1588,conv2d_10,"(1, 2, 15, 30)",9
1589,conv2d_10,"(2, 1, 19, 23)",5
1590,conv2d_10,"(0, 1, 13, 18)",11
1591,conv2d_10,"(2, 1, 25, 15)",17
1592,conv2d_10,"(0, 1, 12, 25)",3
1593,conv2d_10,"(0, 2, 17, 18)",12
1594,conv2d_10,"(1, 1, 5, 8)",27
1595,conv2d_10,"(1, 2, 12, 20)",19
1596,conv2d_10,"(1, 2, 21, 7)",30
1597,conv2d_10,"(1, 2, 19, 30)",13
1598,conv2d_10,"(1, 0, 11, 29)",3
1599,conv2d_10,"(1, 0, 13, 9)",20
1600,conv2d_10,"(0, 1, 7, 6)",17
1601,conv2d_10,"(2, 0, 0, 23)",14
1602,conv2d_10,"(0, 0, 3, 30)",28
1603,conv2d_10,"(2, 1, 0, 0)",30
1604,conv2d_10,"(0, 0, 2, 1)",13
1605,conv2d_10,"(2, 2, 25, 1)",0
1606,conv2d_10,"(1, 1, 0, 13)",21
1607,conv2d_10,"(2, 1, 10, 25)",21
1608,conv2d_10,"(1, 2, 29, 21)",1
1609,conv2d_10,"(0, 0, 7, 12)",22
1610,conv2d_10,"(0, 1, 21, 25)",4
1611,conv2d_10,"(1, 2, 18, 31)",6
1612,conv2d_10,"(2, 2, 21, 1)",21
1613,conv2d_10,"(1, 0, 16, 8)",15
1614,conv2d_10,"(2, 0, 22, 8)",24
1615,conv2d_10,"(1, 2, 20, 9)",19
1616,conv2d_10,"(0, 1, 30, 23)",25
1617,conv2d_10,"(1, 2, 21, 21)",29
1618,conv2d_10,"(2, 0, 31, 19)",16
1619,conv2d_10,"(1, 2, 10, 11)",9
1620,conv2d_10,"(0, 0, 16, 9)",27
1621,conv2d_10,"(1, 2, 21, 24)",24
1622,conv2d_10,"(0, 0, 15, 18)",20
1623,conv2d_10,"(2, 0, 1, 7)",3
1624,conv2d_10,"(0, 1, 25, 11)",31
1625,conv2d_10,"(0, 1, 13, 7)",22
1626,conv2d_10,"(1, 2, 28, 14)",28
1627,conv2d_10,"(0, 1, 21, 27)",6
1628,conv2d_10,"(1, 0, 28, 31)",7
1629,conv2d_10,"(1, 2, 19, 27)",7
1630,conv2d_10,"(2, 2, 25, 12)",9
1631,conv2d_10,"(1, 0, 23, 14)",25
1632,conv2d_10,"(1, 0, 13, 6)",5
1633,conv2d_10,"(0, 2, 2, 15)",5
1634,conv2d_10,"(2, 1, 26, 1)",14
1635,conv2d_10,"(1, 1, 20, 0)",16
1636,conv2d_10,"(0, 1, 16, 9)",20
1637,conv2d_10,"(0, 0, 19, 18)",31
1638,conv2d_10,"(2, 0, 5, 28)",25
1639,conv2d_10,"(2, 1, 25, 13)",19
1640,conv2d_10,"(2, 0, 16, 7)",14
1641,conv2d_10,"(1, 1, 2, 17)",23
1642,conv2d_10,"(1, 2, 7, 31)",1
1643,conv2d_10,"(1, 2, 9, 19)",10
1644,conv2d_10,"(1, 0, 30, 21)",10
1645,conv2d_10,"(0, 0, 21, 5)",30
1646,conv2d_10,"(2, 0, 24, 20)",15
1647,conv2d_10,"(1, 2, 19, 10)",2
1648,conv2d_10,"(0, 0, 20, 15)",17
1649,conv2d_10,"(1, 1, 0, 17)",3
1650,conv2d_10,"(2, 2, 14, 21)",23
1651,conv2d_10,"(1, 1, 29, 27)",11
1652,conv2d_10,"(0, 1, 16, 28)",24
1653,conv2d_10,"(1, 2, 29, 23)",16
1654,conv2d_10,"(2, 2, 1, 29)",31
1655,conv2d_10,"(1, 0, 30, 2)",31
1656,conv2d_10,"(2, 1, 10, 11)",29
1657,conv2d_10,"(2, 2, 20, 6)",31
1658,conv2d_10,"(2, 1, 30, 17)",22
1659,conv2d_10,"(1, 1, 28, 18)",22
1660,conv2d_10,"(1, 2, 28, 20)",4
1661,conv2d_10,"(1, 1, 6, 23)",16
1662,conv2d_10,"(0, 1, 20, 0)",7
1663,conv2d_10,"(2, 1, 21, 19)",25
1664,conv2d_10,"(1, 2, 11, 30)",24
1665,conv2d_10,"(1, 1, 18, 20)",11
1666,conv2d_10,"(1, 2, 19, 3)",2
1667,conv2d_10,"(2, 2, 13, 7)",26
1668,conv2d_10,"(0, 1, 28, 6)",0
1669,conv2d_10,"(2, 0, 14, 18)",5
1670,conv2d_10,"(1, 1, 5, 14)",25
1671,conv2d_10,"(0, 1, 11, 20)",26
1672,conv2d_10,"(0, 0, 2, 25)",11
1673,conv2d_10,"(1, 1, 0, 9)",29
1674,conv2d_10,"(2, 2, 4, 18)",29
1675,conv2d_10,"(1, 0, 9, 26)",10
1676,conv2d_10,"(0, 0, 12, 22)",30
1677,conv2d_10,"(2, 2, 18, 1)",18
1678,conv2d_10,"(2, 2, 6, 0)",21
1679,conv2d_10,"(1, 0, 2, 16)",15
1680,conv2d_10,"(0, 2, 17, 17)",14
1681,conv2d_10,"(0, 1, 21, 19)",2
1682,conv2d_10,"(1, 0, 21, 9)",30
1683,conv2d_10,"(0, 0, 6, 16)",24
1684,conv2d_10,"(0, 1, 10, 0)",31
1685,conv2d_10,"(1, 2, 26, 24)",20
1686,conv2d_10,"(0, 1, 25, 20)",22
1687,conv2d_10,"(2, 0, 7, 10)",18
1688,conv2d_10,"(1, 0, 24, 18)",10
1689,conv2d_10,"(2, 2, 16, 8)",23
1690,conv2d_10,"(1, 1, 26, 18)",14
1691,conv2d_10,"(0, 2, 23, 30)",25
1692,conv2d_10,"(0, 0, 6, 18)",7
1693,conv2d_10,"(2, 2, 31, 22)",31
1694,conv2d_10,"(1, 0, 27, 1)",16
1695,conv2d_10,"(2, 2, 31, 3)",17
1696,conv2d_10,"(0, 0, 18, 16)",18
1697,conv2d_10,"(1, 2, 4, 4)",8
1698,conv2d_10,"(0, 0, 6, 30)",22
1699,conv2d_10,"(1, 1, 21, 31)",6
1700,conv2d_10,"(0, 2, 16, 27)",9
1701,conv2d_10,"(2, 0, 21, 1)",21
1702,conv2d_10,"(2, 2, 8, 6)",12
1703,conv2d_10,"(2, 0, 10, 6)",10
1704,conv2d_10,"(0, 0, 27, 10)",11
1705,conv2d_10,"(1, 1, 20, 17)",17
1706,conv2d_10,"(1, 0, 10, 13)",26
1707,conv2d_10,"(2, 1, 11, 26)",18
1708,conv2d_10,"(1, 1, 10, 23)",5
1709,conv2d_10,"(2, 2, 19, 0)",30
1710,conv2d_10,"(2, 1, 29, 6)",2
1711,conv2d_10,"(1, 1, 28, 20)",12
1712,conv2d_10,"(0, 2, 4, 15)",3
1713,conv2d_10,"(2, 0, 21, 5)",18
1714,conv2d_10,"(0, 0, 8, 12)",15
1715,conv2d_10,"(2, 2, 30, 21)",27
1716,conv2d_10,"(2, 2, 15, 2)",21
1717,conv2d_10,"(1, 1, 22, 20)",7
1718,conv2d_10,"(1, 1, 31, 1)",2
1719,conv2d_10,"(1, 1, 4, 31)",1
1720,conv2d_10,"(2, 2, 13, 1)",27
1721,conv2d_10,"(2, 0, 15, 22)",6
1722,conv2d_10,"(0, 0, 23, 1)",30
1723,conv2d_10,"(2, 0, 1, 25)",14
1724,conv2d_10,"(1, 2, 19, 20)",0
1725,conv2d_10,"(0, 0, 20, 12)",1
1726,conv2d_10,"(2, 1, 26, 30)",13
1727,conv2d_10,"(2, 1, 9, 5)",7
1728,conv2d_10,"(1, 0, 31, 25)",10
1729,conv2d_10,"(0, 0, 13, 0)",4
1730,conv2d_10,"(1, 2, 26, 21)",26
1731,conv2d_10,"(2, 1, 9, 0)",0
1732,conv2d_10,"(0, 1, 18, 4)",3
1733,conv2d_10,"(1, 0, 19, 28)",16
1734,conv2d_10,"(2, 1, 18, 13)",23
1735,conv2d_10,"(2, 1, 14, 9)",31
1736,conv2d_10,"(0, 2, 24, 11)",14
1737,conv2d_11,"(1, 0, 11, 22)",19
1738,conv2d_11,"(1, 2, 2, 22)",19
1739,conv2d_11,"(0, 2, 28, 15)",30
1740,conv2d_11,"(0, 2, 4, 17)",27
1741,conv2d_11,"(0, 0, 9, 25)",21
1742,conv2d_11,"(1, 1, 21, 21)",11
1743,conv2d_11,"(0, 2, 29, 3)",16
1744,conv2d_11,"(0, 0, 7, 18)",4
1745,conv2d_11,"(0, 2, 18, 8)",23
1746,conv2d_11,"(2, 2, 9, 5)",9
1747,conv2d_11,"(2, 0, 5, 1)",31
1748,conv2d_11,"(1, 1, 22, 10)",8
1749,conv2d_11,"(0, 0, 14, 24)",0
1750,conv2d_11,"(0, 1, 15, 31)",1
1751,conv2d_11,"(1, 0, 17, 5)",0
1752,conv2d_11,"(2, 2, 10, 2)",19
1753,conv2d_11,"(0, 1, 2, 11)",7
1754,conv2d_11,"(1, 0, 18, 14)",31
1755,conv2d_11,"(2, 1, 17, 4)",23
1756,conv2d_11,"(0, 1, 8, 18)",13
1757,conv2d_11,"(2, 1, 1, 28)",24
1758,conv2d_11,"(1, 0, 11, 23)",2
1759,conv2d_11,"(0, 0, 25, 10)",20
1760,conv2d_11,"(0, 1, 24, 21)",7
1761,conv2d_11,"(0, 2, 5, 19)",30
1762,conv2d_11,"(1, 1, 26, 27)",22
1763,conv2d_11,"(0, 0, 26, 5)",19
1764,conv2d_11,"(2, 1, 18, 11)",5
1765,conv2d_11,"(0, 1, 14, 11)",1
1766,conv2d_11,"(2, 2, 28, 9)",20
1767,conv2d_11,"(1, 1, 1, 26)",18
1768,conv2d_11,"(2, 2, 4, 4)",22
1769,conv2d_11,"(1, 0, 31, 22)",12
1770,conv2d_11,"(1, 2, 14, 22)",28
1771,conv2d_11,"(1, 1, 25, 24)",26
1772,conv2d_11,"(2, 2, 7, 31)",22
1773,conv2d_11,"(0, 2, 20, 7)",17
1774,conv2d_11,"(2, 1, 21, 5)",2
1775,conv2d_11,"(0, 1, 8, 12)",22
1776,conv2d_11,"(0, 2, 31, 16)",30
1777,conv2d_11,"(2, 0, 20, 11)",2
1778,conv2d_11,"(0, 1, 26, 7)",10
1779,conv2d_11,"(0, 0, 23, 8)",25
1780,conv2d_11,"(2, 2, 20, 6)",16
1781,conv2d_11,"(0, 1, 4, 6)",13
1782,conv2d_11,"(0, 1, 0, 16)",17
1783,conv2d_11,"(1, 2, 25, 27)",15
1784,conv2d_11,"(0, 2, 1, 23)",6
1785,conv2d_11,"(2, 1, 26, 4)",21
1786,conv2d_11,"(2, 0, 22, 21)",22
1787,conv2d_11,"(1, 1, 14, 0)",28
1788,conv2d_11,"(0, 0, 29, 7)",5
1789,conv2d_11,"(1, 1, 15, 25)",27
1790,conv2d_11,"(1, 0, 31, 3)",9
1791,conv2d_11,"(2, 1, 8, 29)",0
1792,conv2d_11,"(2, 2, 19, 7)",26
1793,conv2d_11,"(1, 0, 16, 11)",3
1794,conv2d_11,"(2, 2, 14, 19)",3
1795,conv2d_11,"(2, 1, 1, 13)",16
1796,conv2d_11,"(2, 0, 26, 11)",7
1797,conv2d_11,"(2, 0, 19, 23)",24
1798,conv2d_11,"(2, 2, 11, 0)",31
1799,conv2d_11,"(2, 0, 19, 3)",11
1800,conv2d_11,"(2, 0, 21, 5)",1
1801,conv2d_11,"(0, 1, 22, 22)",29
1802,conv2d_11,"(1, 1, 11, 15)",13
1803,conv2d_11,"(1, 1, 2, 7)",15
1804,conv2d_11,"(1, 1, 30, 16)",2
1805,conv2d_11,"(1, 2, 3, 17)",5
1806,conv2d_11,"(0, 1, 21, 16)",2
1807,conv2d_11,"(0, 1, 6, 22)",16
1808,conv2d_11,"(1, 0, 3, 16)",7
1809,conv2d_11,"(1, 0, 4, 15)",3
1810,conv2d_11,"(2, 2, 4, 3)",9
1811,conv2d_11,"(1, 0, 22, 27)",4
1812,conv2d_11,"(1, 0, 29, 0)",1
1813,conv2d_11,"(2, 1, 29, 26)",5
1814,conv2d_11,"(2, 0, 13, 16)",7
1815,conv2d_11,"(2, 1, 29, 29)",1
1816,conv2d_11,"(0, 2, 5, 23)",20
1817,conv2d_11,"(1, 0, 8, 25)",1
1818,conv2d_11,"(0, 1, 22, 27)",26
1819,conv2d_11,"(1, 0, 19, 24)",8
1820,conv2d_11,"(1, 2, 17, 24)",8
1821,conv2d_11,"(1, 0, 9, 25)",20
1822,conv2d_11,"(2, 1, 6, 1)",17
1823,conv2d_11,"(1, 0, 0, 26)",11
1824,conv2d_11,"(0, 0, 24, 20)",13
1825,conv2d_11,"(0, 0, 30, 24)",3
1826,conv2d_11,"(1, 1, 5, 9)",8
1827,conv2d_11,"(2, 1, 11, 11)",6
1828,conv2d_11,"(1, 2, 25, 28)",18
1829,conv2d_11,"(1, 0, 13, 2)",0
1830,conv2d_11,"(1, 2, 15, 25)",24
1831,conv2d_11,"(0, 1, 22, 7)",24
1832,conv2d_11,"(2, 1, 28, 17)",3
1833,conv2d_11,"(0, 1, 18, 17)",25
1834,conv2d_11,"(2, 0, 30, 13)",12
1835,conv2d_11,"(1, 0, 1, 26)",31
1836,conv2d_11,"(1, 1, 20, 31)",11
1837,conv2d_11,"(0, 0, 30, 31)",18
1838,conv2d_11,"(2, 1, 17, 30)",16
1839,conv2d_11,"(2, 0, 1, 23)",8
1840,conv2d_11,"(0, 0, 1, 24)",3
1841,conv2d_11,"(2, 0, 15, 31)",24
1842,conv2d_11,"(2, 0, 5, 3)",12
1843,conv2d_11,"(2, 1, 25, 1)",22
1844,conv2d_11,"(1, 1, 26, 17)",16
1845,conv2d_11,"(2, 1, 9, 3)",22
1846,conv2d_11,"(0, 2, 24, 22)",5
1847,conv2d_11,"(0, 1, 25, 11)",16
1848,conv2d_11,"(0, 1, 20, 31)",25
1849,conv2d_11,"(2, 1, 17, 28)",27
1850,conv2d_11,"(2, 0, 31, 4)",5
1851,conv2d_11,"(1, 1, 14, 21)",1
1852,conv2d_11,"(2, 2, 19, 29)",22
1853,conv2d_11,"(0, 0, 7, 3)",0
1854,conv2d_11,"(1, 2, 3, 31)",15
1855,conv2d_11,"(0, 1, 25, 8)",18
1856,conv2d_11,"(0, 1, 21, 2)",8
1857,conv2d_11,"(1, 0, 23, 8)",10
1858,conv2d_11,"(2, 1, 14, 21)",18
1859,conv2d_11,"(2, 1, 6, 9)",20
1860,conv2d_11,"(0, 1, 22, 23)",25
1861,conv2d_11,"(0, 1, 10, 24)",11
1862,conv2d_11,"(2, 1, 26, 21)",21
1863,conv2d_11,"(2, 0, 27, 19)",7
1864,conv2d_11,"(2, 0, 19, 31)",7
1865,conv2d_11,"(1, 0, 0, 1)",6
1866,conv2d_11,"(0, 1, 24, 13)",19
1867,conv2d_11,"(0, 2, 11, 8)",12
1868,conv2d_11,"(2, 1, 24, 11)",25
1869,conv2d_11,"(2, 1, 24, 9)",22
1870,conv2d_11,"(2, 2, 21, 25)",21
1871,conv2d_11,"(2, 1, 24, 21)",26
1872,conv2d_11,"(1, 0, 22, 5)",3
1873,conv2d_11,"(0, 1, 20, 14)",22
1874,conv2d_11,"(0, 2, 17, 17)",1
1875,conv2d_11,"(1, 1, 7, 27)",9
1876,conv2d_11,"(1, 2, 28, 29)",21
1877,conv2d_11,"(0, 2, 26, 25)",4
1878,conv2d_11,"(1, 0, 25, 2)",21
1879,conv2d_11,"(1, 0, 7, 0)",11
1880,conv2d_11,"(1, 1, 28, 18)",30
1881,conv2d_11,"(0, 2, 10, 12)",2
1882,conv2d_11,"(0, 0, 15, 8)",19
1883,conv2d_11,"(2, 0, 19, 30)",28
1884,conv2d_11,"(2, 1, 22, 2)",1
1885,conv2d_11,"(1, 2, 8, 1)",28
1886,conv2d_11,"(2, 2, 13, 11)",27
1887,conv2d_11,"(0, 0, 7, 21)",12
1888,conv2d_11,"(2, 0, 16, 21)",2
1889,conv2d_11,"(1, 1, 8, 31)",15
1890,conv2d_11,"(0, 2, 12, 17)",30
1891,conv2d_11,"(2, 2, 13, 22)",11
1892,conv2d_11,"(2, 0, 15, 11)",7
1893,conv2d_11,"(0, 2, 14, 3)",18
1894,conv2d_11,"(0, 2, 16, 26)",18
1895,conv2d_11,"(1, 0, 22, 0)",21
1896,conv2d_11,"(1, 2, 18, 25)",5
1897,conv2d_11,"(2, 1, 4, 6)",6
1898,conv2d_11,"(2, 2, 2, 31)",6
1899,conv2d_11,"(1, 1, 0, 15)",9
1900,conv2d_11,"(0, 1, 8, 14)",5
1901,conv2d_11,"(2, 2, 1, 30)",15
1902,conv2d_11,"(0, 0, 8, 29)",8
1903,conv2d_11,"(1, 2, 1, 0)",11
1904,conv2d_11,"(0, 2, 7, 13)",12
1905,conv2d_11,"(0, 0, 28, 26)",25
1906,conv2d_11,"(0, 1, 16, 5)",1
1907,conv2d_11,"(2, 1, 13, 30)",18
1908,conv2d_11,"(0, 1, 22, 17)",2
1909,conv2d_11,"(2, 1, 6, 19)",3
1910,conv2d_11,"(1, 1, 27, 26)",12
1911,conv2d_11,"(0, 2, 28, 13)",17
1912,conv2d_11,"(1, 2, 29, 5)",5
1913,conv2d_11,"(1, 1, 24, 23)",1
1914,conv2d_11,"(2, 0, 16, 22)",12
1915,conv2d_11,"(2, 0, 24, 22)",5
1916,conv2d_11,"(0, 2, 7, 7)",29
1917,conv2d_11,"(1, 1, 16, 7)",24
1918,conv2d_11,"(2, 0, 30, 4)",16
1919,conv2d_11,"(2, 1, 17, 19)",18
1920,conv2d_11,"(1, 0, 11, 4)",28
1921,conv2d_11,"(2, 0, 22, 10)",21
1922,conv2d_11,"(2, 1, 6, 21)",11
1923,conv2d_11,"(2, 1, 4, 20)",6
1924,conv2d_11,"(2, 1, 23, 22)",16
1925,conv2d_11,"(0, 2, 29, 20)",22
1926,conv2d_11,"(0, 2, 7, 18)",24
1927,conv2d_11,"(0, 0, 22, 7)",8
1928,conv2d_11,"(1, 1, 19, 31)",30
1929,conv2d_11,"(2, 0, 31, 6)",19
1930,conv2d_11,"(2, 2, 12, 27)",19
1931,conv2d_11,"(0, 0, 12, 11)",2
1932,conv2d_11,"(0, 0, 2, 14)",25
1933,conv2d_11,"(2, 1, 18, 16)",12
1934,conv2d_11,"(0, 0, 27, 12)",15
1935,conv2d_11,"(2, 0, 17, 0)",1
1936,conv2d_11,"(0, 2, 10, 23)",25
1937,conv2d_11,"(1, 2, 2, 6)",29
1938,conv2d_11,"(2, 1, 18, 10)",24
1939,conv2d_11,"(1, 2, 15, 31)",22
1940,conv2d_11,"(1, 1, 7, 9)",16
1941,conv2d_11,"(0, 1, 16, 31)",2
1942,conv2d_11,"(0, 0, 6, 28)",7
1943,conv2d_11,"(1, 2, 1, 3)",24
1944,conv2d_11,"(1, 2, 14, 4)",8
1945,conv2d_11,"(1, 1, 7, 28)",25
1946,conv2d_11,"(0, 0, 27, 11)",7
1947,conv2d_11,"(2, 0, 28, 16)",9
1948,conv2d_11,"(1, 1, 10, 4)",31
1949,conv2d_11,"(2, 2, 12, 29)",23
1950,conv2d_11,"(1, 1, 10, 16)",5
1951,conv2d_11,"(2, 1, 11, 13)",21
1952,conv2d_11,"(0, 0, 16, 22)",14
1953,conv2d_11,"(1, 0, 15, 5)",8
1954,conv2d_11,"(0, 2, 13, 4)",25
1955,conv2d_11,"(2, 0, 6, 2)",29
1956,conv2d_11,"(2, 1, 1, 5)",21
1957,conv2d_11,"(2, 1, 10, 23)",19
1958,conv2d_11,"(2, 2, 10, 1)",21
1959,conv2d_11,"(2, 0, 6, 25)",17
1960,conv2d_11,"(1, 2, 12, 30)",10
1961,conv2d_11,"(2, 0, 0, 2)",29
1962,conv2d_11,"(2, 1, 20, 3)",21
1963,conv2d_11,"(1, 0, 12, 11)",5
1964,conv2d_11,"(1, 0, 21, 28)",6
1965,conv2d_11,"(0, 1, 2, 15)",0
1966,conv2d_11,"(2, 2, 12, 3)",17
1967,conv2d_11,"(0, 0, 1, 27)",5
1968,conv2d_11,"(2, 1, 9, 10)",14
1969,conv2d_11,"(2, 1, 3, 27)",7
1970,conv2d_11,"(2, 2, 10, 27)",23
1971,conv2d_11,"(1, 0, 29, 20)",28
1972,conv2d_11,"(0, 1, 5, 21)",2
1973,conv2d_11,"(1, 0, 13, 24)",5
1974,conv2d_11,"(0, 2, 0, 16)",30
1975,conv2d_11,"(0, 1, 22, 24)",1
1976,conv2d_11,"(0, 0, 10, 26)",18
1977,conv2d_11,"(0, 1, 20, 10)",18
1978,conv2d_11,"(1, 1, 13, 13)",4
1979,conv2d_11,"(2, 1, 0, 19)",25
1980,conv2d_11,"(1, 0, 5, 7)",8
1981,conv2d_11,"(0, 2, 20, 4)",23
1982,conv2d_11,"(0, 0, 30, 25)",17
1983,conv2d_11,"(0, 1, 4, 19)",11
1984,conv2d_11,"(1, 2, 15, 3)",19
1985,conv2d_11,"(0, 0, 13, 12)",3
1986,conv2d_11,"(2, 1, 30, 5)",26
1987,conv2d_11,"(0, 0, 0, 11)",6
1988,conv2d_11,"(0, 1, 5, 6)",4
1989,conv2d_11,"(1, 0, 7, 23)",20
1990,conv2d_11,"(2, 1, 26, 16)",5
1991,conv2d_11,"(1, 1, 6, 25)",26
1992,conv2d_11,"(2, 2, 24, 11)",8
1993,conv2d_11,"(1, 0, 7, 10)",9
1994,conv2d_11,"(0, 1, 26, 29)",11
1995,conv2d_11,"(1, 0, 17, 18)",10
1996,conv2d_11,"(0, 2, 9, 7)",12
1997,conv2d_11,"(0, 0, 19, 10)",30
1998,conv2d_11,"(1, 0, 13, 26)",23
1999,conv2d_11,"(2, 1, 21, 25)",6
2000,conv2d_11,"(2, 2, 29, 30)",7
2001,conv2d_11,"(2, 0, 3, 20)",10
2002,conv2d_11,"(1, 1, 11, 11)",28
2003,conv2d_11,"(1, 0, 4, 24)",27
2004,conv2d_11,"(0, 2, 24, 18)",18
2005,conv2d_11,"(1, 1, 1, 14)",11
2006,conv2d_11,"(1, 0, 10, 7)",7
2007,conv2d_11,"(2, 1, 0, 12)",28
2008,conv2d_11,"(1, 2, 1, 23)",0
2009,conv2d_11,"(1, 2, 24, 3)",5
2010,conv2d_11,"(1, 0, 17, 7)",29
2011,conv2d_11,"(0, 0, 23, 23)",26
2012,conv2d_11,"(1, 1, 30, 22)",24
2013,conv2d_11,"(1, 0, 0, 3)",1
2014,conv2d_11,"(1, 1, 29, 4)",25
2015,conv2d_11,"(1, 2, 23, 11)",25
2016,conv2d_11,"(1, 2, 20, 25)",17
2017,conv2d_11,"(2, 0, 9, 7)",6
2018,conv2d_11,"(0, 2, 17, 19)",23
2019,conv2d_11,"(0, 2, 31, 27)",17
2020,conv2d_11,"(0, 1, 16, 9)",1
2021,conv2d_11,"(1, 2, 21, 15)",3
2022,conv2d_11,"(2, 1, 13, 22)",3
2023,conv2d_11,"(2, 1, 4, 15)",24
2024,conv2d_11,"(1, 2, 21, 14)",13
2025,conv2d_11,"(1, 2, 10, 11)",4
2026,conv2d_11,"(2, 0, 0, 5)",15
2027,conv2d_11,"(0, 2, 25, 19)",25
2028,conv2d_11,"(1, 2, 29, 19)",10
2029,conv2d_11,"(0, 0, 27, 9)",27
2030,conv2d_11,"(2, 1, 25, 10)",2
2031,conv2d_11,"(0, 2, 10, 16)",24
2032,conv2d_11,"(1, 0, 23, 14)",14
2033,conv2d_11,"(0, 0, 2, 2)",30
2034,conv2d_11,"(0, 2, 0, 23)",23
2035,conv2d_11,"(2, 2, 21, 13)",9
2036,conv2d_11,"(1, 2, 26, 9)",26
2037,conv2d_11,"(2, 1, 2, 7)",11
2038,conv2d_11,"(0, 0, 15, 5)",26
2039,conv2d_11,"(0, 0, 7, 8)",26
2040,conv2d_11,"(2, 1, 13, 20)",29
2041,conv2d_11,"(2, 1, 6, 28)",18
2042,conv2d_11,"(1, 2, 10, 6)",31
2043,conv2d_11,"(2, 0, 21, 17)",6
2044,conv2d_11,"(1, 1, 22, 0)",10
2045,conv2d_11,"(0, 1, 25, 14)",8
2046,conv2d_11,"(0, 0, 24, 8)",3
2047,conv2d_11,"(1, 2, 25, 22)",13
2048,conv2d_11,"(0, 2, 3, 25)",24
2049,conv2d_11,"(1, 1, 16, 10)",14
2050,conv2d_11,"(0, 2, 23, 13)",30
2051,conv2d_11,"(2, 0, 8, 2)",26
2052,conv2d_11,"(0, 2, 12, 21)",27
2053,conv2d_11,"(1, 0, 27, 1)",11
2054,conv2d_11,"(1, 1, 16, 1)",29
2055,conv2d_11,"(2, 1, 1, 15)",9
2056,conv2d_11,"(2, 1, 18, 27)",31
2057,conv2d_11,"(0, 0, 19, 17)",31
2058,conv2d_11,"(0, 0, 8, 26)",8
2059,conv2d_11,"(2, 2, 23, 16)",20
2060,conv2d_11,"(1, 2, 14, 17)",21
2061,conv2d_11,"(1, 0, 15, 12)",19
2062,conv2d_11,"(2, 0, 28, 7)",10
2063,conv2d_11,"(1, 0, 14, 11)",9
2064,conv2d_11,"(2, 1, 5, 10)",20
2065,conv2d_11,"(2, 2, 1, 12)",22
2066,conv2d_11,"(2, 2, 6, 25)",31
2067,conv2d_11,"(1, 0, 19, 4)",25
2068,conv2d_11,"(2, 1, 27, 19)",2
2069,conv2d_11,"(2, 0, 17, 11)",14
2070,conv2d_11,"(2, 1, 19, 5)",24
2071,conv2d_11,"(1, 2, 31, 3)",1
2072,conv2d_11,"(2, 0, 2, 10)",23
2073,conv2d_11,"(0, 1, 19, 6)",23
2074,conv2d_11,"(2, 0, 31, 13)",2
2075,conv2d_11,"(1, 2, 24, 6)",15
2076,conv2d_11,"(0, 2, 1, 22)",24
2077,conv2d_11,"(2, 1, 11, 6)",11
2078,conv2d_11,"(2, 2, 22, 5)",27
2079,conv2d_11,"(0, 2, 5, 21)",8
2080,conv2d_11,"(1, 0, 4, 30)",3
2081,conv2d_12,"(2, 2, 13, 11)",15
2082,conv2d_12,"(1, 0, 2, 12)",11
2083,conv2d_12,"(2, 2, 17, 22)",8
2084,conv2d_12,"(2, 2, 26, 28)",0
2085,conv2d_12,"(0, 0, 12, 12)",9
2086,conv2d_12,"(1, 1, 26, 18)",22
2087,conv2d_12,"(0, 2, 18, 1)",9
2088,conv2d_12,"(0, 1, 16, 21)",27
2089,conv2d_12,"(1, 0, 6, 29)",12
2090,conv2d_12,"(2, 2, 5, 12)",26
2091,conv2d_12,"(2, 1, 12, 15)",27
2092,conv2d_12,"(1, 1, 25, 4)",12
2093,conv2d_12,"(2, 0, 19, 27)",19
2094,conv2d_12,"(1, 1, 30, 10)",15
2095,conv2d_12,"(1, 0, 7, 25)",13
2096,conv2d_12,"(2, 1, 24, 19)",9
2097,conv2d_12,"(2, 0, 31, 27)",26
2098,conv2d_12,"(0, 2, 3, 18)",0
2099,conv2d_12,"(2, 0, 7, 7)",31
2100,conv2d_12,"(2, 2, 9, 9)",13
2101,conv2d_12,"(1, 0, 17, 24)",10
2102,conv2d_12,"(0, 0, 4, 13)",31
2103,conv2d_12,"(1, 0, 18, 25)",15
2104,conv2d_12,"(2, 1, 18, 27)",6
2105,conv2d_12,"(0, 2, 18, 28)",9
2106,conv2d_12,"(1, 0, 28, 19)",1
2107,conv2d_12,"(2, 1, 23, 14)",27
2108,conv2d_12,"(1, 1, 2, 23)",24
2109,conv2d_12,"(0, 1, 0, 13)",3
2110,conv2d_12,"(1, 0, 2, 17)",8
2111,conv2d_12,"(2, 0, 19, 1)",9
2112,conv2d_12,"(1, 1, 1, 20)",11
2113,conv2d_12,"(1, 0, 4, 21)",22
2114,conv2d_12,"(1, 2, 8, 1)",21
2115,conv2d_12,"(1, 1, 31, 13)",26
2116,conv2d_12,"(2, 0, 5, 26)",15
2117,conv2d_12,"(0, 0, 31, 17)",29
2118,conv2d_12,"(1, 1, 9, 0)",15
2119,conv2d_12,"(0, 0, 0, 14)",29
2120,conv2d_12,"(1, 0, 1, 12)",30
2121,conv2d_12,"(0, 2, 21, 11)",13
2122,conv2d_12,"(2, 0, 21, 7)",1
2123,conv2d_12,"(2, 1, 20, 26)",13
2124,conv2d_12,"(2, 0, 8, 13)",0
2125,conv2d_12,"(1, 1, 27, 5)",24
2126,conv2d_12,"(1, 1, 19, 1)",27
2127,conv2d_12,"(1, 0, 3, 11)",9
2128,conv2d_12,"(0, 1, 10, 19)",19
2129,conv2d_12,"(1, 2, 7, 26)",24
2130,conv2d_12,"(2, 0, 7, 21)",21
2131,conv2d_12,"(2, 1, 20, 16)",28
2132,conv2d_12,"(1, 2, 26, 10)",27
2133,conv2d_12,"(1, 2, 30, 19)",17
2134,conv2d_12,"(0, 2, 17, 30)",5
2135,conv2d_12,"(2, 1, 11, 9)",14
2136,conv2d_12,"(1, 0, 23, 20)",28
2137,conv2d_12,"(0, 1, 26, 31)",2
2138,conv2d_12,"(0, 0, 13, 23)",30
2139,conv2d_12,"(1, 2, 0, 21)",8
2140,conv2d_12,"(2, 1, 10, 21)",19
2141,conv2d_12,"(1, 0, 25, 3)",14
2142,conv2d_12,"(2, 0, 17, 4)",27
2143,conv2d_12,"(0, 0, 21, 16)",13
2144,conv2d_12,"(1, 0, 13, 9)",8
2145,conv2d_12,"(1, 1, 1, 3)",2
2146,conv2d_12,"(2, 0, 7, 10)",11
2147,conv2d_12,"(1, 1, 3, 31)",29
2148,conv2d_12,"(1, 0, 16, 14)",18
2149,conv2d_12,"(1, 2, 3, 22)",1
2150,conv2d_12,"(0, 0, 2, 12)",18
2151,conv2d_12,"(2, 1, 18, 28)",13
2152,conv2d_12,"(1, 2, 6, 14)",12
2153,conv2d_12,"(2, 2, 26, 7)",20
2154,conv2d_12,"(1, 2, 20, 8)",29
2155,conv2d_12,"(0, 1, 4, 2)",7
2156,conv2d_12,"(2, 1, 23, 17)",21
2157,conv2d_12,"(0, 0, 25, 14)",18
2158,conv2d_12,"(1, 1, 13, 16)",19
2159,conv2d_12,"(1, 2, 3, 2)",22
2160,conv2d_12,"(1, 0, 26, 16)",8
2161,conv2d_12,"(1, 1, 17, 25)",20
2162,conv2d_12,"(0, 0, 22, 23)",19
2163,conv2d_12,"(2, 2, 2, 28)",23
2164,conv2d_12,"(0, 1, 9, 3)",11
2165,conv2d_12,"(1, 2, 3, 31)",11
2166,conv2d_12,"(2, 1, 7, 5)",30
2167,conv2d_12,"(2, 1, 18, 25)",31
2168,conv2d_12,"(0, 0, 8, 19)",31
2169,conv2d_12,"(1, 1, 31, 12)",16
2170,conv2d_12,"(2, 2, 3, 21)",2
2171,conv2d_12,"(2, 1, 19, 10)",7
2172,conv2d_12,"(1, 0, 11, 19)",20
2173,conv2d_12,"(1, 2, 23, 13)",21
2174,conv2d_12,"(2, 2, 29, 10)",16
2175,conv2d_12,"(1, 2, 7, 0)",16
2176,conv2d_12,"(1, 2, 3, 10)",9
2177,conv2d_12,"(0, 2, 25, 15)",2
2178,conv2d_12,"(0, 1, 3, 2)",3
2179,conv2d_12,"(1, 0, 15, 14)",15
2180,conv2d_12,"(1, 1, 1, 10)",9
2181,conv2d_12,"(2, 1, 4, 1)",20
2182,conv2d_12,"(0, 0, 31, 5)",4
2183,conv2d_12,"(2, 0, 31, 19)",1
2184,conv2d_12,"(0, 0, 21, 15)",23
2185,conv2d_12,"(1, 1, 1, 12)",13
2186,conv2d_12,"(1, 2, 4, 9)",19
2187,conv2d_12,"(0, 2, 2, 17)",20
2188,conv2d_12,"(1, 0, 5, 22)",0
2189,conv2d_12,"(2, 0, 19, 5)",26
2190,conv2d_12,"(2, 0, 30, 19)",17
2191,conv2d_12,"(1, 2, 11, 25)",29
2192,conv2d_12,"(1, 2, 16, 10)",22
2193,conv2d_12,"(1, 1, 31, 24)",1
2194,conv2d_12,"(1, 2, 23, 22)",5
2195,conv2d_12,"(2, 0, 7, 30)",24
2196,conv2d_12,"(0, 1, 22, 6)",4
2197,conv2d_12,"(0, 0, 8, 28)",31
2198,conv2d_12,"(2, 2, 31, 13)",28
2199,conv2d_12,"(1, 0, 6, 11)",17
2200,conv2d_12,"(1, 2, 31, 22)",4
2201,conv2d_12,"(2, 0, 7, 5)",22
2202,conv2d_12,"(2, 1, 6, 3)",13
2203,conv2d_12,"(1, 2, 13, 5)",26
2204,conv2d_12,"(1, 1, 25, 9)",23
2205,conv2d_12,"(2, 1, 23, 26)",2
2206,conv2d_12,"(1, 0, 22, 14)",31
2207,conv2d_12,"(0, 2, 30, 26)",5
2208,conv2d_12,"(1, 1, 31, 18)",25
2209,conv2d_12,"(0, 1, 29, 12)",17
2210,conv2d_12,"(0, 0, 12, 19)",25
2211,conv2d_12,"(2, 2, 19, 27)",5
2212,conv2d_12,"(1, 0, 28, 13)",17
2213,conv2d_12,"(0, 2, 13, 21)",31
2214,conv2d_12,"(2, 0, 16, 21)",17
2215,conv2d_12,"(2, 0, 27, 10)",10
2216,conv2d_12,"(1, 0, 5, 19)",22
2217,conv2d_12,"(1, 0, 17, 29)",8
2218,conv2d_12,"(2, 1, 27, 4)",14
2219,conv2d_12,"(1, 1, 8, 21)",1
2220,conv2d_12,"(1, 1, 3, 4)",28
2221,conv2d_12,"(0, 2, 9, 0)",1
2222,conv2d_12,"(0, 2, 13, 2)",31
2223,conv2d_12,"(1, 2, 4, 13)",7
2224,conv2d_12,"(0, 1, 26, 3)",3
2225,conv2d_12,"(2, 0, 11, 12)",5
2226,conv2d_12,"(1, 0, 18, 21)",21
2227,conv2d_12,"(0, 2, 5, 26)",22
2228,conv2d_12,"(2, 0, 15, 21)",22
2229,conv2d_12,"(2, 1, 12, 0)",17
2230,conv2d_12,"(1, 2, 31, 27)",21
2231,conv2d_12,"(1, 0, 1, 23)",13
2232,conv2d_12,"(0, 0, 14, 25)",17
2233,conv2d_12,"(0, 0, 17, 3)",6
2234,conv2d_12,"(2, 0, 23, 14)",30
2235,conv2d_12,"(1, 0, 5, 29)",2
2236,conv2d_12,"(0, 0, 5, 13)",31
2237,conv2d_12,"(1, 2, 17, 9)",27
2238,conv2d_12,"(1, 2, 23, 23)",20
2239,conv2d_12,"(2, 0, 3, 21)",31
2240,conv2d_12,"(0, 2, 14, 2)",28
2241,conv2d_12,"(1, 2, 4, 24)",27
2242,conv2d_12,"(0, 0, 3, 21)",12
2243,conv2d_12,"(1, 1, 17, 13)",20
2244,conv2d_12,"(2, 0, 18, 10)",16
2245,conv2d_12,"(0, 0, 9, 1)",27
2246,conv2d_12,"(0, 2, 14, 18)",2
2247,conv2d_12,"(1, 1, 18, 3)",26
2248,conv2d_12,"(1, 1, 6, 22)",23
2249,conv2d_12,"(1, 0, 6, 8)",18
2250,conv2d_12,"(2, 0, 19, 8)",5
2251,conv2d_12,"(2, 1, 14, 15)",31
2252,conv2d_12,"(0, 2, 8, 23)",29
2253,conv2d_12,"(1, 1, 31, 19)",12
2254,conv2d_12,"(1, 0, 2, 6)",15
2255,conv2d_12,"(0, 2, 1, 24)",7
2256,conv2d_12,"(1, 2, 17, 19)",10
2257,conv2d_12,"(2, 1, 5, 8)",4
2258,conv2d_12,"(0, 2, 29, 9)",3
2259,conv2d_12,"(1, 1, 8, 31)",2
2260,conv2d_12,"(1, 2, 16, 5)",24
2261,conv2d_12,"(0, 1, 14, 13)",21
2262,conv2d_12,"(0, 0, 20, 12)",7
2263,conv2d_12,"(1, 0, 26, 12)",18
2264,conv2d_12,"(2, 1, 20, 1)",28
2265,conv2d_12,"(1, 0, 3, 25)",23
2266,conv2d_12,"(2, 1, 16, 4)",13
2267,conv2d_12,"(2, 2, 5, 13)",26
2268,conv2d_12,"(2, 2, 23, 22)",31
2269,conv2d_12,"(1, 1, 14, 14)",0
2270,conv2d_12,"(2, 2, 21, 28)",6
2271,conv2d_12,"(0, 1, 14, 0)",31
2272,conv2d_12,"(2, 2, 6, 25)",10
2273,conv2d_12,"(0, 0, 6, 14)",2
2274,conv2d_12,"(1, 1, 10, 23)",29
2275,conv2d_12,"(0, 2, 18, 16)",5
2276,conv2d_12,"(0, 1, 25, 6)",15
2277,conv2d_12,"(2, 0, 16, 25)",20
2278,conv2d_12,"(2, 2, 28, 13)",21
2279,conv2d_12,"(2, 1, 10, 11)",15
2280,conv2d_12,"(0, 0, 21, 20)",20
2281,conv2d_12,"(0, 1, 6, 15)",18
2282,conv2d_12,"(0, 2, 13, 1)",15
2283,conv2d_12,"(1, 0, 6, 16)",22
2284,conv2d_12,"(1, 2, 21, 11)",7
2285,conv2d_12,"(0, 2, 20, 27)",3
2286,conv2d_12,"(0, 0, 19, 8)",28
2287,conv2d_12,"(2, 1, 11, 23)",17
2288,conv2d_12,"(2, 0, 8, 9)",21
2289,conv2d_12,"(1, 1, 2, 8)",5
2290,conv2d_12,"(2, 1, 12, 16)",20
2291,conv2d_12,"(1, 2, 4, 6)",15
2292,conv2d_12,"(1, 2, 22, 2)",23
2293,conv2d_12,"(0, 1, 26, 21)",22
2294,conv2d_12,"(0, 1, 23, 8)",3
2295,conv2d_12,"(0, 0, 3, 22)",16
2296,conv2d_12,"(1, 2, 10, 5)",16
2297,conv2d_12,"(1, 0, 16, 0)",6
2298,conv2d_12,"(1, 0, 10, 2)",2
2299,conv2d_12,"(2, 1, 31, 6)",29
2300,conv2d_12,"(1, 0, 16, 27)",4
2301,conv2d_12,"(1, 0, 27, 20)",21
2302,conv2d_12,"(0, 2, 3, 27)",6
2303,conv2d_12,"(2, 2, 0, 31)",24
2304,conv2d_12,"(1, 2, 9, 27)",30
2305,conv2d_12,"(2, 2, 11, 26)",27
2306,conv2d_12,"(0, 2, 30, 12)",18
2307,conv2d_12,"(2, 2, 10, 31)",24
2308,conv2d_12,"(1, 0, 26, 27)",6
2309,conv2d_12,"(1, 2, 13, 9)",24
2310,conv2d_12,"(1, 0, 19, 27)",28
2311,conv2d_12,"(2, 1, 29, 4)",26
2312,conv2d_12,"(0, 1, 19, 15)",27
2313,conv2d_12,"(0, 1, 29, 6)",7
2314,conv2d_12,"(2, 2, 3, 9)",29
2315,conv2d_12,"(0, 1, 0, 9)",26
2316,conv2d_12,"(2, 2, 15, 6)",15
2317,conv2d_12,"(2, 0, 6, 13)",19
2318,conv2d_12,"(2, 1, 13, 30)",8
2319,conv2d_12,"(0, 2, 31, 25)",30
2320,conv2d_12,"(2, 0, 14, 18)",1
2321,conv2d_12,"(0, 2, 15, 5)",30
2322,conv2d_12,"(1, 1, 3, 22)",14
2323,conv2d_12,"(1, 0, 31, 14)",17
2324,conv2d_12,"(1, 2, 7, 16)",5
2325,conv2d_12,"(2, 2, 13, 27)",13
2326,conv2d_12,"(1, 1, 4, 4)",8
2327,conv2d_12,"(1, 1, 22, 26)",6
2328,conv2d_12,"(1, 0, 3, 22)",1
2329,conv2d_12,"(0, 1, 12, 24)",7
2330,conv2d_12,"(1, 2, 21, 0)",17
2331,conv2d_12,"(1, 0, 27, 0)",14
2332,conv2d_12,"(1, 0, 9, 26)",2
2333,conv2d_12,"(1, 1, 16, 28)",6
2334,conv2d_12,"(2, 1, 27, 13)",31
2335,conv2d_12,"(2, 2, 31, 10)",9
2336,conv2d_12,"(1, 1, 6, 5)",17
2337,conv2d_12,"(0, 0, 4, 11)",18
2338,conv2d_12,"(1, 1, 2, 4)",26
2339,conv2d_12,"(0, 0, 19, 19)",3
2340,conv2d_12,"(0, 2, 4, 19)",24
2341,conv2d_12,"(2, 0, 9, 15)",23
2342,conv2d_12,"(1, 0, 8, 22)",31
2343,conv2d_12,"(2, 1, 30, 12)",4
2344,conv2d_12,"(1, 0, 16, 20)",14
2345,conv2d_12,"(1, 2, 27, 25)",10
2346,conv2d_12,"(2, 1, 6, 23)",27
2347,conv2d_12,"(2, 0, 12, 20)",26
2348,conv2d_12,"(0, 2, 21, 3)",30
2349,conv2d_12,"(1, 1, 18, 6)",5
2350,conv2d_12,"(0, 1, 28, 26)",13
2351,conv2d_12,"(0, 1, 23, 11)",21
2352,conv2d_12,"(0, 1, 21, 29)",27
2353,conv2d_12,"(0, 1, 18, 28)",14
2354,conv2d_12,"(0, 1, 4, 10)",31
2355,conv2d_12,"(1, 1, 25, 13)",26
2356,conv2d_12,"(1, 0, 0, 6)",31
2357,conv2d_12,"(2, 0, 10, 16)",7
2358,conv2d_12,"(0, 2, 5, 3)",22
2359,conv2d_12,"(2, 2, 7, 10)",18
2360,conv2d_12,"(1, 0, 25, 6)",28
2361,conv2d_12,"(2, 1, 11, 26)",10
2362,conv2d_12,"(0, 0, 6, 18)",7
2363,conv2d_12,"(0, 0, 17, 27)",20
2364,conv2d_12,"(2, 0, 13, 22)",19
2365,conv2d_12,"(1, 0, 4, 24)",11
2366,conv2d_12,"(2, 0, 11, 0)",23
2367,conv2d_12,"(2, 0, 8, 11)",27
2368,conv2d_12,"(2, 0, 2, 26)",21
2369,conv2d_12,"(2, 2, 5, 5)",13
2370,conv2d_12,"(2, 0, 31, 10)",11
2371,conv2d_12,"(2, 0, 12, 21)",9
2372,conv2d_12,"(1, 1, 26, 26)",2
2373,conv2d_12,"(1, 1, 3, 6)",3
2374,conv2d_12,"(0, 2, 4, 9)",7
2375,conv2d_12,"(2, 1, 6, 30)",0
2376,conv2d_12,"(1, 1, 0, 0)",18
2377,conv2d_12,"(2, 0, 0, 28)",4
2378,conv2d_12,"(1, 2, 18, 1)",20
2379,conv2d_12,"(2, 2, 31, 20)",8
2380,conv2d_12,"(0, 2, 26, 21)",25
2381,conv2d_12,"(0, 1, 23, 14)",26
2382,conv2d_12,"(0, 0, 7, 26)",5
2383,conv2d_12,"(2, 2, 15, 22)",8
2384,conv2d_12,"(2, 0, 17, 3)",1
2385,conv2d_12,"(0, 0, 10, 2)",23
2386,conv2d_12,"(0, 0, 22, 19)",24
2387,conv2d_12,"(1, 2, 29, 16)",8
2388,conv2d_12,"(2, 0, 25, 24)",23
2389,conv2d_12,"(2, 2, 14, 2)",29
2390,conv2d_12,"(1, 0, 4, 15)",5
2391,conv2d_12,"(1, 1, 7, 25)",2
2392,conv2d_12,"(2, 1, 19, 26)",9
2393,conv2d_12,"(1, 2, 14, 16)",1
2394,conv2d_12,"(2, 1, 31, 14)",18
2395,conv2d_12,"(0, 1, 24, 8)",8
2396,conv2d_12,"(2, 2, 1, 6)",17
2397,conv2d_12,"(1, 0, 0, 20)",22
2398,conv2d_12,"(0, 0, 11, 17)",13
2399,conv2d_12,"(0, 2, 10, 18)",14
2400,conv2d_12,"(0, 0, 29, 0)",17
2401,conv2d_12,"(1, 1, 12, 27)",17
2402,conv2d_12,"(1, 0, 0, 8)",14
2403,conv2d_12,"(2, 1, 21, 9)",3
2404,conv2d_12,"(2, 1, 23, 10)",8
2405,conv2d_12,"(2, 1, 7, 16)",6
2406,conv2d_12,"(0, 2, 4, 2)",20
2407,conv2d_12,"(1, 1, 18, 5)",3
2408,conv2d_12,"(2, 0, 1, 30)",0
2409,conv2d_12,"(2, 2, 7, 23)",20
2410,conv2d_12,"(1, 0, 15, 5)",14
2411,conv2d_12,"(1, 0, 11, 28)",11
2412,conv2d_12,"(1, 0, 0, 27)",21
2413,conv2d_12,"(2, 1, 2, 12)",5
2414,conv2d_12,"(1, 1, 14, 6)",3
2415,conv2d_12,"(1, 2, 18, 28)",17
2416,conv2d_12,"(1, 2, 4, 26)",29
2417,conv2d_12,"(2, 0, 22, 3)",11
2418,conv2d_12,"(2, 2, 3, 0)",1
2419,conv2d_12,"(1, 2, 31, 30)",1
2420,conv2d_12,"(1, 0, 12, 24)",24
2421,conv2d_12,"(1, 0, 5, 12)",8
2422,conv2d_12,"(2, 2, 1, 25)",12
2423,conv2d_12,"(2, 2, 5, 30)",29
2424,conv2d_12,"(0, 2, 2, 24)",3
2425,conv2d_13,"(2, 2, 14, 33)",14
2426,conv2d_13,"(1, 2, 17, 57)",26
2427,conv2d_13,"(0, 2, 19, 16)",13
2428,conv2d_13,"(0, 2, 3, 10)",26
2429,conv2d_13,"(1, 1, 17, 46)",25
2430,conv2d_13,"(0, 1, 21, 41)",17
2431,conv2d_13,"(0, 0, 1, 39)",20
2432,conv2d_13,"(0, 1, 0, 14)",6
2433,conv2d_13,"(1, 0, 4, 19)",10
2434,conv2d_13,"(0, 2, 1, 32)",9
2435,conv2d_13,"(1, 2, 27, 41)",26
2436,conv2d_13,"(2, 1, 16, 12)",25
2437,conv2d_13,"(0, 1, 3, 42)",4
2438,conv2d_13,"(2, 1, 9, 59)",2
2439,conv2d_13,"(0, 2, 1, 1)",19
2440,conv2d_13,"(1, 2, 17, 18)",11
2441,conv2d_13,"(0, 0, 12, 10)",11
2442,conv2d_13,"(0, 2, 28, 29)",11
2443,conv2d_13,"(0, 0, 5, 30)",7
2444,conv2d_13,"(1, 0, 19, 36)",28
2445,conv2d_13,"(1, 1, 13, 13)",24
2446,conv2d_13,"(2, 1, 26, 0)",18
2447,conv2d_13,"(1, 1, 14, 32)",2
2448,conv2d_13,"(0, 1, 21, 60)",15
2449,conv2d_13,"(1, 1, 15, 59)",6
2450,conv2d_13,"(1, 2, 27, 27)",9
2451,conv2d_13,"(1, 1, 4, 49)",27
2452,conv2d_13,"(2, 1, 4, 25)",21
2453,conv2d_13,"(0, 1, 16, 54)",22
2454,conv2d_13,"(2, 0, 15, 27)",29
2455,conv2d_13,"(2, 0, 15, 35)",27
2456,conv2d_13,"(2, 2, 25, 22)",29
2457,conv2d_13,"(0, 2, 23, 42)",4
2458,conv2d_13,"(1, 0, 19, 63)",14
2459,conv2d_13,"(2, 0, 22, 13)",22
2460,conv2d_13,"(1, 2, 10, 21)",24
2461,conv2d_13,"(2, 1, 15, 34)",21
2462,conv2d_13,"(1, 0, 10, 30)",0
2463,conv2d_13,"(2, 1, 20, 26)",3
2464,conv2d_13,"(1, 2, 30, 44)",25
2465,conv2d_13,"(1, 1, 9, 61)",28
2466,conv2d_13,"(0, 1, 20, 9)",3
2467,conv2d_13,"(0, 2, 27, 58)",30
2468,conv2d_13,"(1, 0, 5, 36)",15
2469,conv2d_13,"(0, 1, 31, 22)",29
2470,conv2d_13,"(1, 2, 1, 60)",3
2471,conv2d_13,"(2, 1, 24, 18)",21
2472,conv2d_13,"(2, 1, 30, 34)",9
2473,conv2d_13,"(1, 0, 31, 52)",28
2474,conv2d_13,"(1, 1, 15, 53)",30
2475,conv2d_13,"(0, 0, 1, 44)",9
2476,conv2d_13,"(1, 2, 24, 34)",23
2477,conv2d_13,"(2, 1, 11, 34)",10
2478,conv2d_13,"(0, 2, 5, 24)",28
2479,conv2d_13,"(0, 2, 19, 23)",18
2480,conv2d_13,"(1, 1, 8, 47)",14
2481,conv2d_13,"(1, 0, 1, 25)",27
2482,conv2d_13,"(0, 2, 0, 60)",30
2483,conv2d_13,"(1, 1, 10, 31)",23
2484,conv2d_13,"(0, 2, 28, 16)",29
2485,conv2d_13,"(0, 0, 9, 9)",31
2486,conv2d_13,"(2, 2, 10, 22)",5
2487,conv2d_13,"(2, 0, 27, 50)",4
2488,conv2d_13,"(2, 2, 30, 28)",0
2489,conv2d_13,"(1, 2, 20, 56)",7
2490,conv2d_13,"(0, 2, 9, 39)",19
2491,conv2d_13,"(1, 2, 29, 0)",9
2492,conv2d_13,"(1, 2, 24, 18)",11
2493,conv2d_13,"(1, 0, 16, 45)",14
2494,conv2d_13,"(2, 1, 22, 56)",14
2495,conv2d_13,"(0, 1, 25, 3)",9
2496,conv2d_13,"(0, 0, 5, 0)",20
2497,conv2d_13,"(1, 2, 25, 60)",1
2498,conv2d_13,"(0, 1, 24, 60)",27
2499,conv2d_13,"(2, 1, 16, 54)",31
2500,conv2d_13,"(0, 2, 27, 48)",7
2501,conv2d_13,"(2, 2, 15, 24)",15
2502,conv2d_13,"(2, 2, 13, 14)",14
2503,conv2d_13,"(0, 0, 18, 43)",9
2504,conv2d_13,"(1, 2, 30, 5)",17
2505,conv2d_13,"(1, 0, 3, 37)",26
2506,conv2d_13,"(2, 2, 17, 36)",0
2507,conv2d_13,"(0, 2, 29, 21)",14
2508,conv2d_13,"(2, 0, 15, 59)",3
2509,conv2d_13,"(2, 0, 14, 36)",1
2510,conv2d_13,"(1, 0, 26, 19)",28
2511,conv2d_13,"(1, 0, 1, 5)",12
2512,conv2d_13,"(0, 1, 5, 33)",13
2513,conv2d_13,"(1, 1, 5, 19)",4
2514,conv2d_13,"(1, 0, 14, 17)",21
2515,conv2d_13,"(1, 2, 0, 24)",18
2516,conv2d_13,"(1, 2, 28, 19)",30
2517,conv2d_13,"(1, 1, 28, 27)",6
2518,conv2d_13,"(2, 1, 18, 28)",5
2519,conv2d_13,"(2, 1, 29, 55)",23
2520,conv2d_13,"(1, 2, 2, 46)",22
2521,conv2d_13,"(2, 2, 0, 19)",5
2522,conv2d_13,"(1, 2, 9, 26)",25
2523,conv2d_13,"(2, 1, 28, 48)",15
2524,conv2d_13,"(2, 2, 31, 53)",12
2525,conv2d_13,"(0, 0, 10, 39)",18
2526,conv2d_13,"(0, 1, 16, 46)",1
2527,conv2d_13,"(0, 2, 29, 8)",10
2528,conv2d_13,"(2, 0, 13, 29)",22
2529,conv2d_13,"(1, 2, 12, 49)",0
2530,conv2d_13,"(1, 1, 16, 45)",31
2531,conv2d_13,"(1, 1, 2, 60)",22
2532,conv2d_13,"(0, 1, 7, 2)",18
2533,conv2d_13,"(0, 2, 15, 54)",0
2534,conv2d_13,"(1, 2, 5, 18)",26
2535,conv2d_13,"(2, 2, 10, 63)",15
2536,conv2d_13,"(1, 0, 10, 35)",12
2537,conv2d_13,"(1, 1, 1, 63)",16
2538,conv2d_13,"(0, 2, 14, 58)",25
2539,conv2d_13,"(2, 0, 2, 38)",1
2540,conv2d_13,"(1, 2, 29, 29)",23
2541,conv2d_13,"(0, 2, 12, 8)",10
2542,conv2d_13,"(1, 0, 15, 54)",6
2543,conv2d_13,"(0, 1, 8, 49)",21
2544,conv2d_13,"(0, 1, 12, 20)",22
2545,conv2d_13,"(2, 0, 1, 43)",31
2546,conv2d_13,"(0, 1, 3, 1)",15
2547,conv2d_13,"(2, 2, 21, 14)",16
2548,conv2d_13,"(0, 1, 6, 26)",24
2549,conv2d_13,"(0, 1, 8, 17)",7
2550,conv2d_13,"(0, 2, 1, 58)",19
2551,conv2d_13,"(1, 0, 5, 46)",31
2552,conv2d_13,"(0, 2, 21, 8)",5
2553,conv2d_13,"(2, 1, 30, 4)",17
2554,conv2d_13,"(2, 0, 22, 20)",7
2555,conv2d_13,"(2, 1, 30, 23)",30
2556,conv2d_13,"(2, 1, 7, 51)",26
2557,conv2d_13,"(1, 0, 5, 24)",13
2558,conv2d_13,"(2, 0, 7, 45)",6
2559,conv2d_13,"(0, 1, 23, 38)",10
2560,conv2d_13,"(2, 1, 0, 54)",18
2561,conv2d_13,"(0, 2, 16, 63)",12
2562,conv2d_13,"(1, 1, 1, 16)",26
2563,conv2d_13,"(1, 2, 10, 24)",11
2564,conv2d_13,"(2, 2, 28, 34)",28
2565,conv2d_13,"(0, 2, 20, 1)",14
2566,conv2d_13,"(1, 2, 17, 9)",10
2567,conv2d_13,"(0, 1, 22, 17)",23
2568,conv2d_13,"(2, 0, 0, 11)",16
2569,conv2d_13,"(2, 0, 4, 17)",27
2570,conv2d_13,"(0, 2, 25, 20)",31
2571,conv2d_13,"(0, 0, 24, 28)",28
2572,conv2d_13,"(2, 0, 8, 61)",6
2573,conv2d_13,"(2, 0, 18, 48)",13
2574,conv2d_13,"(2, 0, 22, 26)",12
2575,conv2d_13,"(0, 1, 11, 56)",13
2576,conv2d_13,"(2, 0, 27, 12)",31
2577,conv2d_13,"(0, 0, 16, 48)",9
2578,conv2d_13,"(0, 2, 30, 0)",27
2579,conv2d_13,"(2, 2, 24, 11)",24
2580,conv2d_13,"(1, 0, 13, 7)",16
2581,conv2d_13,"(2, 0, 10, 44)",12
2582,conv2d_13,"(1, 0, 22, 16)",25
2583,conv2d_13,"(1, 1, 25, 32)",12
2584,conv2d_13,"(2, 1, 0, 27)",3
2585,conv2d_13,"(1, 2, 7, 29)",4
2586,conv2d_13,"(2, 1, 22, 50)",8
2587,conv2d_13,"(0, 1, 14, 61)",9
2588,conv2d_13,"(2, 1, 16, 30)",10
2589,conv2d_13,"(2, 1, 6, 27)",25
2590,conv2d_13,"(0, 1, 8, 27)",0
2591,conv2d_13,"(2, 1, 12, 32)",12
2592,conv2d_13,"(1, 2, 17, 19)",1
2593,conv2d_13,"(2, 1, 21, 62)",3
2594,conv2d_13,"(1, 0, 11, 63)",0
2595,conv2d_13,"(1, 2, 25, 2)",19
2596,conv2d_13,"(2, 2, 9, 48)",19
2597,conv2d_13,"(1, 2, 24, 40)",3
2598,conv2d_13,"(2, 2, 28, 2)",25
2599,conv2d_13,"(1, 0, 8, 48)",15
2600,conv2d_13,"(2, 2, 13, 42)",18
2601,conv2d_13,"(1, 2, 1, 10)",16
2602,conv2d_13,"(1, 1, 5, 49)",21
2603,conv2d_13,"(1, 2, 16, 4)",7
2604,conv2d_13,"(0, 0, 5, 39)",11
2605,conv2d_13,"(1, 0, 2, 20)",26
2606,conv2d_13,"(0, 2, 23, 63)",23
2607,conv2d_13,"(0, 2, 11, 47)",28
2608,conv2d_13,"(1, 0, 0, 44)",2
2609,conv2d_13,"(0, 0, 5, 3)",11
2610,conv2d_13,"(1, 0, 22, 62)",11
2611,conv2d_13,"(0, 2, 28, 5)",15
2612,conv2d_13,"(2, 0, 24, 22)",17
2613,conv2d_13,"(2, 0, 24, 38)",9
2614,conv2d_13,"(2, 0, 30, 63)",17
2615,conv2d_13,"(1, 2, 0, 3)",18
2616,conv2d_13,"(0, 2, 14, 38)",22
2617,conv2d_13,"(1, 0, 13, 29)",19
2618,conv2d_13,"(2, 0, 24, 46)",13
2619,conv2d_13,"(1, 2, 28, 45)",19
2620,conv2d_13,"(1, 1, 28, 38)",1
2621,conv2d_13,"(2, 2, 24, 5)",2
2622,conv2d_13,"(1, 2, 6, 31)",30
2623,conv2d_13,"(2, 1, 24, 25)",28
2624,conv2d_13,"(2, 2, 1, 14)",26
2625,conv2d_13,"(0, 1, 30, 24)",23
2626,conv2d_13,"(1, 1, 18, 7)",16
2627,conv2d_13,"(1, 1, 12, 46)",17
2628,conv2d_13,"(2, 2, 9, 10)",5
2629,conv2d_13,"(0, 1, 19, 7)",24
2630,conv2d_13,"(1, 2, 21, 4)",26
2631,conv2d_13,"(1, 0, 9, 59)",23
2632,conv2d_13,"(1, 1, 8, 56)",9
2633,conv2d_13,"(1, 2, 13, 54)",8
2634,conv2d_13,"(1, 2, 9, 7)",20
2635,conv2d_13,"(1, 1, 31, 48)",8
2636,conv2d_13,"(1, 1, 2, 35)",29
2637,conv2d_13,"(2, 1, 2, 53)",13
2638,conv2d_13,"(2, 2, 8, 8)",23
2639,conv2d_13,"(0, 0, 27, 22)",19
2640,conv2d_13,"(0, 0, 19, 35)",12
2641,conv2d_13,"(0, 2, 13, 16)",21
2642,conv2d_13,"(1, 0, 14, 21)",8
2643,conv2d_13,"(2, 2, 19, 26)",20
2644,conv2d_13,"(2, 2, 27, 61)",31
2645,conv2d_13,"(2, 2, 14, 51)",25
2646,conv2d_13,"(1, 2, 3, 1)",3
2647,conv2d_13,"(2, 1, 11, 8)",17
2648,conv2d_13,"(0, 2, 10, 47)",30
2649,conv2d_13,"(2, 0, 20, 58)",14
2650,conv2d_13,"(2, 1, 28, 13)",3
2651,conv2d_13,"(0, 0, 19, 55)",28
2652,conv2d_13,"(1, 0, 2, 19)",1
2653,conv2d_13,"(1, 1, 24, 9)",14
2654,conv2d_13,"(1, 0, 1, 11)",5
2655,conv2d_13,"(0, 2, 4, 21)",30
2656,conv2d_13,"(2, 0, 29, 5)",29
2657,conv2d_13,"(0, 0, 21, 39)",29
2658,conv2d_13,"(2, 2, 2, 21)",15
2659,conv2d_13,"(0, 1, 19, 47)",13
2660,conv2d_13,"(2, 1, 29, 31)",11
2661,conv2d_13,"(2, 0, 22, 10)",1
2662,conv2d_13,"(1, 1, 29, 60)",15
2663,conv2d_13,"(1, 0, 5, 27)",31
2664,conv2d_13,"(0, 2, 29, 14)",27
2665,conv2d_13,"(1, 1, 8, 12)",0
2666,conv2d_13,"(0, 1, 16, 10)",4
2667,conv2d_13,"(2, 2, 13, 15)",28
2668,conv2d_13,"(1, 1, 18, 33)",14
2669,conv2d_13,"(0, 2, 2, 22)",5
2670,conv2d_13,"(0, 1, 5, 22)",22
2671,conv2d_13,"(0, 1, 29, 33)",19
2672,conv2d_13,"(0, 0, 29, 29)",18
2673,conv2d_13,"(0, 2, 14, 17)",19
2674,conv2d_13,"(2, 2, 18, 61)",21
2675,conv2d_13,"(0, 1, 17, 27)",15
2676,conv2d_13,"(0, 2, 11, 50)",15
2677,conv2d_13,"(2, 1, 17, 18)",9
2678,conv2d_13,"(1, 0, 14, 6)",13
2679,conv2d_13,"(0, 1, 2, 49)",14
2680,conv2d_13,"(0, 2, 20, 13)",9
2681,conv2d_13,"(2, 1, 11, 49)",1
2682,conv2d_13,"(1, 0, 27, 14)",10
2683,conv2d_13,"(2, 2, 9, 15)",14
2684,conv2d_13,"(1, 1, 28, 48)",31
2685,conv2d_13,"(2, 1, 3, 45)",0
2686,conv2d_13,"(2, 1, 27, 8)",0
2687,conv2d_13,"(0, 0, 17, 34)",10
2688,conv2d_13,"(2, 0, 22, 62)",22
2689,conv2d_13,"(2, 0, 0, 44)",9
2690,conv2d_13,"(2, 0, 1, 23)",23
2691,conv2d_13,"(1, 2, 26, 26)",25
2692,conv2d_13,"(2, 1, 13, 5)",12
2693,conv2d_13,"(0, 0, 16, 19)",25
2694,conv2d_13,"(1, 2, 1, 32)",8
2695,conv2d_13,"(0, 2, 21, 5)",17
2696,conv2d_13,"(0, 1, 28, 44)",26
2697,conv2d_13,"(1, 2, 20, 25)",1
2698,conv2d_13,"(2, 1, 1, 52)",30
2699,conv2d_13,"(1, 1, 14, 24)",16
2700,conv2d_13,"(1, 1, 28, 11)",21
2701,conv2d_13,"(2, 0, 9, 48)",21
2702,conv2d_13,"(1, 2, 5, 45)",17
2703,conv2d_13,"(1, 2, 14, 51)",13
2704,conv2d_13,"(2, 1, 2, 8)",28
2705,conv2d_13,"(0, 1, 8, 44)",21
2706,conv2d_13,"(0, 2, 14, 45)",23
2707,conv2d_13,"(0, 1, 9, 15)",17
2708,conv2d_13,"(2, 2, 29, 29)",13
2709,conv2d_13,"(0, 1, 11, 47)",21
2710,conv2d_13,"(1, 2, 4, 1)",2
2711,conv2d_13,"(2, 2, 5, 8)",0
2712,conv2d_13,"(2, 0, 12, 61)",0
2713,conv2d_13,"(0, 2, 8, 36)",1
2714,conv2d_13,"(1, 1, 9, 59)",1
2715,conv2d_13,"(1, 2, 14, 11)",30
2716,conv2d_13,"(2, 0, 8, 44)",2
2717,conv2d_13,"(1, 0, 1, 49)",30
2718,conv2d_13,"(2, 0, 16, 17)",14
2719,conv2d_13,"(2, 1, 11, 31)",17
2720,conv2d_13,"(2, 1, 1, 14)",25
2721,conv2d_13,"(0, 0, 1, 10)",5
2722,conv2d_13,"(1, 0, 21, 30)",13
2723,conv2d_13,"(0, 0, 15, 10)",31
2724,conv2d_13,"(2, 1, 22, 28)",1
2725,conv2d_13,"(0, 2, 19, 32)",19
2726,conv2d_13,"(1, 2, 28, 11)",25
2727,conv2d_13,"(1, 0, 19, 40)",14
2728,conv2d_13,"(2, 0, 26, 51)",12
2729,conv2d_13,"(1, 1, 0, 45)",1
2730,conv2d_13,"(1, 1, 12, 36)",27
2731,conv2d_13,"(0, 0, 23, 53)",3
2732,conv2d_13,"(1, 1, 30, 39)",30
2733,conv2d_13,"(2, 2, 31, 7)",21
2734,conv2d_13,"(1, 1, 13, 10)",22
2735,conv2d_13,"(0, 0, 9, 14)",28
2736,conv2d_13,"(0, 2, 12, 63)",1
2737,conv2d_13,"(0, 1, 11, 33)",30
2738,conv2d_13,"(0, 1, 18, 2)",3
2739,conv2d_13,"(1, 1, 4, 21)",17
2740,conv2d_13,"(0, 2, 9, 12)",11
2741,conv2d_13,"(1, 1, 20, 0)",30
2742,conv2d_13,"(2, 1, 11, 14)",7
2743,conv2d_13,"(1, 1, 28, 43)",29
2744,conv2d_13,"(1, 2, 2, 49)",24
2745,conv2d_13,"(1, 2, 11, 18)",3
2746,conv2d_13,"(2, 0, 8, 41)",11
2747,conv2d_13,"(1, 1, 18, 11)",0
2748,conv2d_13,"(0, 0, 8, 17)",12
2749,conv2d_13,"(2, 0, 23, 27)",7
2750,conv2d_13,"(0, 2, 16, 21)",20
2751,conv2d_13,"(0, 0, 29, 13)",9
2752,conv2d_13,"(0, 1, 21, 48)",25
2753,conv2d_13,"(1, 0, 11, 34)",22
2754,conv2d_13,"(2, 1, 5, 45)",21
2755,conv2d_13,"(1, 1, 12, 51)",15
2756,conv2d_13,"(0, 2, 28, 45)",27
2757,conv2d_13,"(0, 1, 13, 60)",7
2758,conv2d_13,"(2, 0, 17, 37)",5
2759,conv2d_13,"(0, 2, 15, 55)",7
2760,conv2d_13,"(0, 0, 16, 40)",22
2761,conv2d_13,"(1, 0, 2, 36)",0
2762,conv2d_13,"(2, 1, 5, 42)",30
2763,conv2d_13,"(0, 2, 10, 33)",28
2764,conv2d_13,"(0, 2, 22, 18)",22
2765,conv2d_13,"(0, 2, 20, 19)",1
2766,conv2d_13,"(2, 2, 15, 35)",30
2767,conv2d_13,"(1, 0, 27, 25)",8
2768,conv2d_13,"(1, 2, 8, 56)",1
2769,conv2d_13,"(1, 0, 27, 1)",9
2770,conv2d_13,"(0, 1, 20, 2)",4
2771,conv2d_13,"(2, 2, 24, 23)",30
2772,conv2d_13,"(0, 1, 4, 49)",16
2773,conv2d_13,"(0, 1, 30, 15)",31
2774,conv2d_13,"(0, 0, 12, 5)",24
2775,conv2d_13,"(0, 1, 23, 58)",19
2776,conv2d_13,"(2, 1, 11, 57)",6
2777,conv2d_13,"(1, 1, 19, 4)",18
2778,conv2d_13,"(1, 2, 25, 39)",30
2779,conv2d_13,"(0, 0, 11, 53)",6
2780,conv2d_13,"(1, 0, 8, 6)",10
2781,conv2d_13,"(0, 1, 13, 54)",7
2782,conv2d_13,"(2, 2, 28, 30)",30
2783,conv2d_13,"(2, 2, 22, 50)",6
2784,conv2d_13,"(1, 2, 19, 59)",13
2785,conv2d_13,"(2, 0, 22, 28)",18
2786,conv2d_13,"(0, 0, 31, 60)",18
2787,conv2d_13,"(0, 0, 11, 24)",2
2788,conv2d_13,"(0, 1, 15, 60)",22
2789,conv2d_13,"(0, 1, 5, 27)",19
2790,conv2d_13,"(1, 2, 10, 22)",23
2791,conv2d_13,"(2, 2, 26, 57)",5
2792,conv2d_13,"(0, 1, 13, 56)",24
2793,conv2d_13,"(1, 1, 26, 54)",23
2794,conv2d_13,"(2, 2, 8, 34)",29
2795,conv2d_13,"(0, 1, 14, 7)",13
2796,conv2d_13,"(1, 0, 1, 56)",31
2797,conv2d_13,"(1, 1, 23, 15)",2
2798,conv2d_13,"(1, 1, 22, 34)",5
2799,conv2d_13,"(1, 2, 16, 35)",31
2800,conv2d_13,"(2, 1, 8, 56)",20
2801,conv2d_13,"(1, 2, 1, 6)",5
2802,conv2d_13,"(2, 0, 13, 62)",31
2803,conv2d_13,"(2, 1, 6, 29)",12
2804,conv2d_13,"(1, 0, 7, 0)",10
2805,conv2d_13,"(1, 2, 2, 28)",18
2806,conv2d_13,"(1, 1, 7, 55)",11
2807,conv2d_13,"(2, 1, 9, 52)",27
2808,conv2d_13,"(1, 2, 14, 10)",29
2809,conv2d_13,"(0, 0, 21, 30)",27
2810,conv2d_13,"(2, 0, 14, 6)",22
2811,conv2d_13,"(0, 0, 5, 28)",13
2812,conv2d_13,"(2, 1, 29, 13)",26
2813,conv2d_13,"(1, 0, 15, 11)",2
2814,conv2d_13,"(1, 0, 29, 42)",25
2815,conv2d_13,"(0, 1, 20, 42)",9
2816,conv2d_13,"(2, 2, 22, 32)",0
2817,conv2d_13,"(2, 2, 10, 20)",8
2818,conv2d_13,"(2, 1, 9, 10)",30
2819,conv2d_13,"(1, 1, 8, 43)",1
2820,conv2d_13,"(0, 0, 29, 5)",31
2821,conv2d_13,"(0, 2, 29, 43)",6
2822,conv2d_13,"(0, 0, 4, 27)",6
2823,conv2d_13,"(1, 2, 11, 44)",5
2824,conv2d_13,"(0, 2, 13, 22)",26
2825,conv2d_13,"(0, 2, 5, 41)",28
2826,conv2d_13,"(1, 2, 24, 16)",23
2827,conv2d_13,"(1, 1, 27, 6)",7
2828,conv2d_13,"(1, 0, 16, 8)",25
2829,conv2d_13,"(0, 0, 15, 4)",6
2830,conv2d_13,"(2, 0, 5, 14)",13
2831,conv2d_13,"(0, 2, 24, 36)",24
2832,conv2d_13,"(1, 2, 13, 34)",30
2833,conv2d_13,"(2, 0, 24, 15)",4
2834,conv2d_13,"(0, 2, 31, 56)",31
2835,conv2d_13,"(1, 0, 29, 55)",13
2836,conv2d_13,"(1, 1, 19, 54)",26
2837,conv2d_13,"(0, 2, 20, 21)",9
2838,conv2d_13,"(2, 0, 19, 4)",28
2839,conv2d_13,"(2, 2, 3, 56)",18
2840,conv2d_13,"(2, 2, 22, 62)",20
2841,conv2d_13,"(0, 1, 4, 29)",23
2842,conv2d_13,"(1, 1, 9, 30)",8
2843,conv2d_13,"(1, 0, 4, 21)",15
2844,conv2d_13,"(1, 1, 15, 55)",11
2845,conv2d_13,"(2, 0, 27, 8)",27
2846,conv2d_13,"(1, 0, 22, 35)",26
2847,conv2d_13,"(2, 0, 9, 43)",18
2848,conv2d_13,"(2, 1, 5, 25)",6
2849,conv2d_13,"(1, 2, 30, 23)",15
2850,conv2d_13,"(0, 0, 10, 51)",14
2851,conv2d_13,"(0, 0, 29, 35)",7
2852,conv2d_13,"(2, 0, 13, 37)",16
2853,conv2d_13,"(0, 0, 2, 55)",21
2854,conv2d_13,"(0, 2, 4, 2)",26
2855,conv2d_13,"(1, 1, 2, 13)",28
2856,conv2d_13,"(0, 0, 16, 8)",24
2857,conv2d_13,"(0, 0, 28, 49)",31
2858,conv2d_13,"(0, 1, 25, 34)",2
2859,conv2d_13,"(0, 0, 27, 62)",1
2860,conv2d_13,"(0, 1, 29, 37)",9
2861,conv2d_13,"(2, 2, 9, 2)",26
2862,conv2d_13,"(0, 0, 3, 17)",10
2863,conv2d_13,"(0, 1, 30, 34)",9
2864,conv2d_13,"(0, 1, 14, 44)",10
2865,conv2d_13,"(2, 0, 30, 17)",30
2866,conv2d_13,"(0, 0, 26, 52)",15
2867,conv2d_13,"(1, 1, 4, 46)",10
2868,conv2d_13,"(2, 0, 26, 12)",2
2869,conv2d_13,"(0, 0, 2, 8)",30
2870,conv2d_13,"(2, 0, 8, 19)",8
2871,conv2d_13,"(2, 1, 24, 20)",6
2872,conv2d_13,"(2, 1, 15, 27)",14
2873,conv2d_13,"(2, 1, 31, 32)",23
2874,conv2d_13,"(2, 2, 17, 31)",15
2875,conv2d_13,"(0, 1, 21, 63)",14
2876,conv2d_13,"(1, 2, 11, 34)",23
2877,conv2d_13,"(1, 0, 21, 39)",31
2878,conv2d_13,"(2, 2, 23, 44)",19
2879,conv2d_13,"(0, 2, 14, 50)",29
2880,conv2d_13,"(1, 1, 20, 8)",20
2881,conv2d_13,"(0, 1, 9, 26)",17
2882,conv2d_13,"(0, 1, 3, 27)",3
2883,conv2d_13,"(0, 2, 12, 62)",20
2884,conv2d_13,"(2, 1, 8, 23)",7
2885,conv2d_13,"(0, 0, 31, 46)",25
2886,conv2d_13,"(1, 1, 11, 47)",26
2887,conv2d_13,"(2, 2, 8, 9)",29
2888,conv2d_13,"(2, 1, 1, 42)",31
2889,conv2d_13,"(0, 0, 8, 8)",9
2890,conv2d_13,"(2, 0, 4, 41)",5
2891,conv2d_13,"(2, 0, 3, 62)",2
2892,conv2d_13,"(0, 1, 7, 19)",19
2893,conv2d_13,"(1, 0, 1, 62)",4
2894,conv2d_13,"(2, 2, 1, 25)",19
2895,conv2d_13,"(2, 0, 19, 0)",28
2896,conv2d_13,"(2, 2, 19, 18)",5
2897,conv2d_13,"(2, 0, 31, 11)",10
2898,conv2d_13,"(1, 1, 31, 45)",10
2899,conv2d_13,"(2, 2, 7, 57)",10
2900,conv2d_13,"(0, 0, 21, 45)",5
2901,conv2d_13,"(2, 0, 21, 17)",31
2902,conv2d_13,"(2, 1, 12, 26)",6
2903,conv2d_13,"(1, 2, 14, 27)",10
2904,conv2d_13,"(2, 2, 27, 50)",7
2905,conv2d_13,"(2, 2, 15, 17)",21
2906,conv2d_13,"(0, 2, 23, 36)",12
2907,conv2d_13,"(2, 1, 9, 58)",4
2908,conv2d_13,"(1, 1, 8, 28)",1
2909,conv2d_13,"(0, 0, 3, 14)",8
2910,conv2d_13,"(1, 1, 15, 31)",20
2911,conv2d_13,"(1, 0, 30, 29)",15
2912,conv2d_13,"(1, 2, 4, 2)",21
2913,conv2d_13,"(2, 1, 23, 42)",6
2914,conv2d_13,"(0, 0, 18, 23)",20
2915,conv2d_13,"(1, 0, 27, 57)",29
2916,conv2d_13,"(1, 1, 24, 1)",27
2917,conv2d_13,"(2, 0, 22, 60)",26
2918,conv2d_13,"(2, 1, 0, 48)",8
2919,conv2d_13,"(2, 0, 5, 21)",31
2920,conv2d_13,"(2, 2, 23, 20)",14
2921,conv2d_13,"(2, 0, 19, 57)",8
2922,conv2d_13,"(1, 2, 21, 14)",7
2923,conv2d_13,"(1, 0, 29, 13)",10
2924,conv2d_13,"(1, 1, 15, 26)",12
2925,conv2d_13,"(0, 1, 13, 57)",30
2926,conv2d_13,"(0, 1, 20, 4)",19
2927,conv2d_13,"(2, 1, 7, 39)",18
2928,conv2d_13,"(2, 1, 4, 51)",11
2929,conv2d_13,"(1, 1, 2, 12)",27
2930,conv2d_13,"(0, 0, 19, 37)",12
2931,conv2d_13,"(0, 1, 6, 7)",28
2932,conv2d_13,"(0, 2, 13, 31)",22
2933,conv2d_13,"(2, 0, 30, 59)",1
2934,conv2d_13,"(1, 2, 2, 3)",16
2935,conv2d_13,"(0, 0, 7, 14)",12
2936,conv2d_13,"(0, 1, 13, 48)",8
2937,conv2d_13,"(0, 1, 4, 35)",11
2938,conv2d_13,"(1, 1, 26, 23)",9
2939,conv2d_13,"(2, 2, 15, 50)",6
2940,conv2d_13,"(2, 2, 25, 41)",31
2941,conv2d_13,"(1, 0, 30, 0)",25
2942,conv2d_13,"(2, 0, 29, 25)",9
2943,conv2d_13,"(2, 1, 26, 22)",17
2944,conv2d_13,"(1, 2, 14, 26)",27
2945,conv2d_13,"(1, 1, 13, 47)",25
2946,conv2d_13,"(1, 1, 27, 36)",8
2947,conv2d_13,"(0, 2, 18, 12)",12
2948,conv2d_13,"(2, 1, 12, 4)",28
2949,conv2d_13,"(1, 2, 21, 31)",7
2950,conv2d_13,"(1, 1, 11, 39)",21
2951,conv2d_13,"(2, 2, 19, 45)",30
2952,conv2d_13,"(2, 0, 16, 63)",21
2953,conv2d_13,"(0, 2, 8, 56)",6
2954,conv2d_13,"(2, 1, 25, 33)",25
2955,conv2d_13,"(2, 0, 2, 26)",21
2956,conv2d_13,"(2, 0, 29, 13)",3
2957,conv2d_13,"(2, 1, 26, 12)",1
2958,conv2d_13,"(0, 2, 26, 45)",13
2959,conv2d_13,"(0, 0, 16, 27)",18
2960,conv2d_13,"(1, 1, 23, 38)",24
2961,conv2d_13,"(1, 2, 23, 47)",31
2962,conv2d_13,"(1, 2, 21, 29)",28
2963,conv2d_13,"(1, 1, 15, 36)",22
2964,conv2d_13,"(0, 1, 10, 40)",7
2965,conv2d_13,"(0, 1, 11, 62)",26
2966,conv2d_13,"(0, 1, 20, 53)",30
2967,conv2d_13,"(2, 2, 12, 16)",2
2968,conv2d_13,"(1, 2, 18, 56)",3
2969,conv2d_13,"(2, 0, 2, 49)",4
2970,conv2d_13,"(2, 0, 21, 18)",13
2971,conv2d_13,"(0, 2, 22, 57)",28
2972,conv2d_13,"(1, 0, 15, 21)",27
2973,conv2d_13,"(1, 0, 5, 6)",24
2974,conv2d_13,"(2, 1, 29, 51)",29
2975,conv2d_13,"(1, 1, 3, 39)",20
2976,conv2d_13,"(2, 1, 9, 37)",19
2977,conv2d_13,"(2, 1, 25, 14)",22
2978,conv2d_13,"(2, 2, 21, 18)",8
2979,conv2d_13,"(0, 0, 19, 57)",3
2980,conv2d_13,"(1, 0, 16, 14)",10
2981,conv2d_13,"(2, 2, 2, 10)",22
2982,conv2d_13,"(2, 2, 6, 62)",4
2983,conv2d_13,"(1, 0, 22, 37)",12
2984,conv2d_13,"(0, 0, 2, 28)",24
2985,conv2d_13,"(0, 2, 17, 7)",28
2986,conv2d_13,"(0, 0, 2, 63)",21
2987,conv2d_13,"(0, 2, 18, 1)",16
2988,conv2d_13,"(0, 1, 24, 14)",0
2989,conv2d_13,"(0, 1, 14, 32)",23
2990,conv2d_13,"(2, 2, 26, 12)",11
2991,conv2d_13,"(0, 2, 26, 35)",14
2992,conv2d_13,"(0, 0, 31, 40)",1
2993,conv2d_13,"(1, 1, 3, 36)",21
2994,conv2d_13,"(2, 1, 24, 3)",31
2995,conv2d_13,"(0, 2, 28, 28)",4
2996,conv2d_13,"(2, 0, 4, 43)",6
2997,conv2d_13,"(0, 1, 21, 22)",11
2998,conv2d_13,"(2, 2, 22, 49)",28
2999,conv2d_13,"(1, 0, 31, 3)",12
3000,conv2d_13,"(0, 2, 17, 29)",29
3001,conv2d_13,"(0, 1, 15, 30)",27
3002,conv2d_13,"(0, 0, 14, 4)",14
3003,conv2d_13,"(2, 0, 23, 22)",30
3004,conv2d_13,"(0, 2, 31, 2)",21
3005,conv2d_13,"(2, 0, 7, 54)",7
3006,conv2d_13,"(2, 0, 11, 6)",22
3007,conv2d_13,"(0, 1, 3, 13)",16
3008,conv2d_13,"(1, 1, 31, 8)",23
3009,conv2d_13,"(1, 1, 25, 57)",26
3010,conv2d_13,"(2, 2, 26, 33)",6
3011,conv2d_13,"(2, 0, 25, 24)",7
3012,conv2d_13,"(2, 2, 9, 43)",26
3013,conv2d_13,"(1, 2, 18, 38)",27
3014,conv2d_13,"(2, 1, 7, 60)",12
3015,conv2d_13,"(0, 1, 3, 18)",16
3016,conv2d_13,"(2, 2, 31, 56)",27
3017,conv2d_13,"(1, 0, 6, 53)",22
3018,conv2d_13,"(1, 1, 0, 6)",23
3019,conv2d_13,"(0, 2, 9, 15)",20
3020,conv2d_13,"(2, 1, 19, 19)",2
3021,conv2d_13,"(2, 2, 11, 42)",3
3022,conv2d_13,"(1, 0, 21, 41)",20
3023,conv2d_13,"(0, 0, 7, 32)",4
3024,conv2d_13,"(0, 2, 0, 36)",21
3025,conv2d_13,"(0, 1, 0, 23)",30
3026,conv2d_13,"(1, 1, 31, 28)",25
3027,conv2d_13,"(1, 1, 7, 59)",20
3028,conv2d_13,"(0, 2, 12, 6)",8
3029,conv2d_13,"(0, 1, 17, 22)",21
3030,conv2d_13,"(1, 2, 11, 0)",7
3031,conv2d_13,"(2, 1, 5, 13)",26
3032,conv2d_13,"(0, 2, 8, 57)",29
3033,conv2d_13,"(0, 1, 13, 21)",5
3034,conv2d_13,"(1, 2, 15, 16)",14
3035,conv2d_13,"(1, 2, 19, 49)",29
3036,conv2d_13,"(1, 2, 1, 5)",29
3037,conv2d_13,"(0, 0, 15, 60)",12
3038,conv2d_13,"(1, 1, 21, 20)",27
3039,conv2d_13,"(1, 1, 20, 31)",11
3040,conv2d_13,"(0, 2, 14, 40)",27
3041,conv2d_13,"(2, 1, 15, 28)",20
3042,conv2d_13,"(2, 2, 29, 46)",5
3043,conv2d_13,"(1, 0, 15, 23)",11
3044,conv2d_13,"(0, 2, 18, 46)",19
3045,conv2d_13,"(0, 1, 20, 7)",8
3046,conv2d_13,"(2, 0, 30, 29)",10
3047,conv2d_13,"(2, 0, 18, 4)",14
3048,conv2d_13,"(2, 0, 22, 51)",5
3049,conv2d_13,"(0, 1, 31, 47)",15
3050,conv2d_13,"(2, 2, 14, 22)",21
3051,conv2d_13,"(0, 0, 22, 60)",30
3052,conv2d_13,"(1, 0, 31, 34)",22
3053,conv2d_13,"(2, 0, 3, 14)",22
3054,conv2d_13,"(2, 2, 8, 32)",6
3055,conv2d_13,"(0, 2, 3, 20)",12
3056,conv2d_13,"(0, 1, 21, 7)",9
3057,conv2d_13,"(1, 0, 0, 8)",8
3058,conv2d_13,"(1, 0, 27, 39)",0
3059,conv2d_13,"(2, 1, 22, 6)",21
3060,conv2d_13,"(1, 1, 24, 30)",15
3061,conv2d_13,"(0, 0, 15, 34)",7
3062,conv2d_13,"(2, 1, 20, 31)",2
3063,conv2d_13,"(1, 1, 30, 34)",3
3064,conv2d_13,"(2, 0, 4, 62)",29
3065,conv2d_13,"(0, 2, 2, 21)",12
3066,conv2d_13,"(2, 1, 29, 34)",13
3067,conv2d_13,"(0, 2, 6, 11)",19
3068,conv2d_13,"(0, 0, 22, 14)",29
3069,conv2d_13,"(2, 0, 31, 20)",18
3070,conv2d_13,"(2, 0, 14, 52)",23
3071,conv2d_13,"(2, 2, 4, 30)",16
3072,conv2d_13,"(2, 0, 17, 31)",21
3073,conv2d_13,"(2, 1, 9, 48)",29
3074,conv2d_13,"(1, 2, 15, 37)",24
3075,conv2d_13,"(1, 2, 11, 28)",14
3076,conv2d_13,"(2, 1, 31, 62)",1
3077,conv2d_13,"(0, 2, 16, 32)",18
3078,conv2d_13,"(1, 2, 12, 31)",12
3079,conv2d_13,"(1, 0, 19, 21)",14
3080,conv2d_13,"(0, 2, 30, 39)",7
3081,conv2d_13,"(0, 1, 8, 8)",16
3082,conv2d_13,"(2, 2, 17, 33)",25
3083,conv2d_13,"(1, 2, 22, 17)",17
3084,conv2d_13,"(1, 2, 25, 7)",21
3085,conv2d_13,"(0, 1, 16, 23)",10
3086,conv2d_13,"(2, 0, 14, 23)",28
3087,conv2d_13,"(1, 1, 31, 9)",6
3088,conv2d_13,"(2, 0, 25, 57)",29
3089,conv2d_13,"(2, 0, 25, 35)",26
3090,conv2d_13,"(0, 1, 13, 13)",11
3091,conv2d_13,"(0, 2, 24, 10)",12
3092,conv2d_13,"(0, 0, 9, 56)",25
3093,conv2d_13,"(1, 1, 9, 44)",5
3094,conv2d_13,"(1, 2, 15, 44)",28
3095,conv2d_13,"(2, 2, 26, 55)",0
3096,conv2d_13,"(1, 0, 4, 1)",11
3097,conv2d_13,"(2, 1, 31, 20)",24
3098,conv2d_13,"(2, 0, 29, 35)",21
3099,conv2d_13,"(0, 2, 21, 15)",27
3100,conv2d_13,"(0, 1, 30, 61)",24
3101,conv2d_13,"(2, 2, 22, 7)",30
3102,conv2d_13,"(1, 2, 23, 35)",13
3103,conv2d_13,"(2, 2, 12, 19)",23
3104,conv2d_13,"(1, 0, 27, 24)",5
3105,conv2d_13,"(2, 2, 7, 39)",23
3106,conv2d_13,"(1, 1, 30, 51)",11
3107,conv2d_13,"(1, 2, 5, 27)",0
3108,conv2d_13,"(2, 1, 17, 35)",23
3109,conv2d_13,"(2, 1, 10, 63)",0
3110,conv2d_13,"(2, 1, 24, 63)",4
3111,conv2d_13,"(0, 2, 6, 20)",24
3112,conv2d_14,"(2, 2, 57, 5)",24
3113,conv2d_14,"(2, 1, 42, 58)",30
3114,conv2d_14,"(0, 0, 21, 10)",11
3115,conv2d_14,"(0, 2, 5, 60)",23
3116,conv2d_14,"(1, 2, 13, 23)",14
3117,conv2d_14,"(2, 2, 6, 18)",6
3118,conv2d_14,"(0, 0, 5, 13)",16
3119,conv2d_14,"(2, 2, 41, 18)",25
3120,conv2d_14,"(1, 0, 54, 50)",13
3121,conv2d_14,"(1, 0, 39, 33)",18
3122,conv2d_14,"(2, 0, 50, 63)",7
3123,conv2d_14,"(2, 0, 61, 57)",18
3124,conv2d_14,"(2, 2, 30, 50)",0
3125,conv2d_14,"(2, 1, 32, 38)",0
3126,conv2d_14,"(1, 0, 11, 5)",26
3127,conv2d_14,"(0, 1, 9, 7)",1
3128,conv2d_14,"(2, 1, 13, 1)",26
3129,conv2d_14,"(2, 2, 39, 46)",2
3130,conv2d_14,"(1, 1, 58, 11)",29
3131,conv2d_14,"(1, 2, 22, 7)",25
3132,conv2d_14,"(1, 2, 13, 44)",28
3133,conv2d_14,"(2, 0, 46, 8)",6
3134,conv2d_14,"(2, 0, 25, 46)",3
3135,conv2d_14,"(2, 2, 45, 22)",7
3136,conv2d_14,"(0, 1, 8, 30)",6
3137,conv2d_14,"(1, 1, 62, 6)",28
3138,conv2d_14,"(2, 1, 45, 44)",19
3139,conv2d_14,"(2, 0, 38, 53)",19
3140,conv2d_14,"(0, 0, 25, 26)",30
3141,conv2d_14,"(1, 2, 29, 17)",15
3142,conv2d_14,"(1, 1, 59, 50)",16
3143,conv2d_14,"(1, 1, 25, 31)",26
3144,conv2d_14,"(2, 1, 5, 46)",3
3145,conv2d_14,"(1, 2, 16, 55)",15
3146,conv2d_14,"(2, 0, 44, 20)",1
3147,conv2d_14,"(2, 2, 44, 20)",30
3148,conv2d_14,"(2, 0, 39, 56)",4
3149,conv2d_14,"(1, 2, 42, 1)",31
3150,conv2d_14,"(0, 0, 29, 61)",15
3151,conv2d_14,"(1, 2, 49, 27)",3
3152,conv2d_14,"(0, 2, 38, 42)",14
3153,conv2d_14,"(1, 2, 21, 48)",19
3154,conv2d_14,"(1, 1, 43, 18)",23
3155,conv2d_14,"(2, 2, 30, 2)",7
3156,conv2d_14,"(1, 2, 59, 54)",6
3157,conv2d_14,"(0, 0, 27, 43)",7
3158,conv2d_14,"(0, 0, 10, 54)",17
3159,conv2d_14,"(0, 0, 48, 12)",24
3160,conv2d_14,"(0, 1, 2, 13)",26
3161,conv2d_14,"(1, 0, 58, 29)",17
3162,conv2d_14,"(2, 1, 6, 34)",6
3163,conv2d_14,"(2, 2, 15, 37)",20
3164,conv2d_14,"(1, 2, 54, 56)",28
3165,conv2d_14,"(0, 1, 8, 57)",12
3166,conv2d_14,"(1, 2, 37, 54)",16
3167,conv2d_14,"(1, 0, 49, 12)",5
3168,conv2d_14,"(1, 1, 29, 33)",25
3169,conv2d_14,"(2, 0, 53, 5)",21
3170,conv2d_14,"(2, 1, 11, 63)",14
3171,conv2d_14,"(0, 0, 10, 2)",16
3172,conv2d_14,"(2, 0, 34, 45)",8
3173,conv2d_14,"(0, 0, 21, 5)",4
3174,conv2d_14,"(2, 2, 11, 3)",17
3175,conv2d_14,"(0, 1, 28, 54)",15
3176,conv2d_14,"(0, 1, 39, 19)",30
3177,conv2d_14,"(2, 2, 60, 39)",7
3178,conv2d_14,"(0, 1, 23, 20)",9
3179,conv2d_14,"(0, 2, 47, 14)",15
3180,conv2d_14,"(1, 1, 21, 24)",31
3181,conv2d_14,"(0, 1, 32, 57)",13
3182,conv2d_14,"(0, 0, 32, 17)",21
3183,conv2d_14,"(2, 1, 10, 60)",7
3184,conv2d_14,"(2, 1, 9, 53)",9
3185,conv2d_14,"(0, 2, 17, 19)",7
3186,conv2d_14,"(2, 0, 31, 53)",23
3187,conv2d_14,"(1, 2, 49, 35)",8
3188,conv2d_14,"(0, 1, 34, 36)",5
3189,conv2d_14,"(0, 1, 3, 61)",19
3190,conv2d_14,"(2, 1, 23, 23)",9
3191,conv2d_14,"(1, 2, 36, 9)",25
3192,conv2d_14,"(0, 2, 20, 32)",31
3193,conv2d_14,"(1, 0, 53, 37)",16
3194,conv2d_14,"(0, 2, 37, 31)",25
3195,conv2d_14,"(2, 1, 55, 38)",26
3196,conv2d_14,"(1, 2, 36, 60)",4
3197,conv2d_14,"(2, 1, 63, 46)",29
3198,conv2d_14,"(1, 1, 10, 58)",22
3199,conv2d_14,"(0, 0, 56, 22)",4
3200,conv2d_14,"(1, 0, 19, 23)",3
3201,conv2d_14,"(0, 2, 24, 1)",28
3202,conv2d_14,"(2, 2, 33, 8)",10
3203,conv2d_14,"(0, 2, 36, 45)",28
3204,conv2d_14,"(0, 0, 62, 62)",8
3205,conv2d_14,"(2, 1, 49, 59)",24
3206,conv2d_14,"(0, 2, 0, 60)",22
3207,conv2d_14,"(2, 0, 38, 43)",1
3208,conv2d_14,"(0, 1, 33, 52)",23
3209,conv2d_14,"(2, 0, 16, 56)",22
3210,conv2d_14,"(1, 1, 41, 29)",10
3211,conv2d_14,"(2, 1, 29, 4)",4
3212,conv2d_14,"(2, 1, 45, 55)",31
3213,conv2d_14,"(1, 1, 29, 25)",7
3214,conv2d_14,"(1, 1, 54, 29)",15
3215,conv2d_14,"(2, 2, 14, 52)",31
3216,conv2d_14,"(1, 0, 43, 62)",4
3217,conv2d_14,"(2, 1, 12, 24)",23
3218,conv2d_14,"(0, 0, 43, 54)",1
3219,conv2d_14,"(1, 2, 42, 30)",21
3220,conv2d_14,"(1, 0, 0, 52)",2
3221,conv2d_14,"(0, 0, 40, 51)",9
3222,conv2d_14,"(2, 2, 23, 58)",10
3223,conv2d_14,"(1, 0, 20, 6)",3
3224,conv2d_14,"(2, 2, 55, 25)",19
3225,conv2d_14,"(1, 1, 51, 15)",25
3226,conv2d_14,"(0, 2, 18, 26)",8
3227,conv2d_14,"(0, 0, 47, 7)",15
3228,conv2d_14,"(1, 1, 26, 54)",14
3229,conv2d_14,"(1, 0, 29, 25)",8
3230,conv2d_14,"(0, 2, 34, 51)",4
3231,conv2d_14,"(2, 1, 14, 54)",11
3232,conv2d_14,"(0, 0, 18, 25)",9
3233,conv2d_14,"(0, 1, 18, 5)",3
3234,conv2d_14,"(1, 1, 13, 50)",14
3235,conv2d_14,"(1, 2, 33, 60)",15
3236,conv2d_14,"(1, 1, 43, 25)",7
3237,conv2d_14,"(1, 0, 13, 17)",5
3238,conv2d_14,"(0, 2, 51, 16)",7
3239,conv2d_14,"(2, 0, 25, 9)",29
3240,conv2d_14,"(0, 0, 9, 53)",19
3241,conv2d_14,"(0, 2, 45, 43)",27
3242,conv2d_14,"(1, 0, 40, 41)",27
3243,conv2d_14,"(0, 0, 51, 50)",5
3244,conv2d_14,"(0, 0, 6, 16)",3
3245,conv2d_14,"(2, 1, 35, 37)",17
3246,conv2d_14,"(0, 1, 48, 58)",10
3247,conv2d_14,"(2, 1, 2, 23)",16
3248,conv2d_14,"(0, 1, 5, 10)",3
3249,conv2d_14,"(1, 1, 38, 43)",31
3250,conv2d_14,"(1, 1, 55, 34)",29
3251,conv2d_14,"(0, 0, 9, 60)",21
3252,conv2d_14,"(2, 1, 43, 19)",20
3253,conv2d_14,"(1, 2, 15, 38)",14
3254,conv2d_14,"(1, 0, 32, 57)",10
3255,conv2d_14,"(2, 2, 29, 5)",14
3256,conv2d_14,"(2, 2, 7, 56)",28
3257,conv2d_14,"(0, 1, 56, 33)",16
3258,conv2d_14,"(0, 1, 8, 22)",11
3259,conv2d_14,"(0, 2, 42, 60)",24
3260,conv2d_14,"(0, 1, 32, 8)",16
3261,conv2d_14,"(1, 0, 2, 7)",13
3262,conv2d_14,"(2, 2, 55, 32)",1
3263,conv2d_14,"(1, 2, 43, 17)",0
3264,conv2d_14,"(1, 1, 10, 13)",17
3265,conv2d_14,"(0, 0, 23, 8)",29
3266,conv2d_14,"(0, 1, 51, 40)",11
3267,conv2d_14,"(1, 2, 19, 42)",20
3268,conv2d_14,"(2, 1, 55, 37)",28
3269,conv2d_14,"(2, 1, 21, 4)",20
3270,conv2d_14,"(0, 0, 62, 40)",19
3271,conv2d_14,"(2, 1, 51, 11)",7
3272,conv2d_14,"(0, 0, 52, 22)",2
3273,conv2d_14,"(0, 2, 18, 17)",18
3274,conv2d_14,"(2, 2, 46, 63)",13
3275,conv2d_14,"(2, 0, 28, 5)",28
3276,conv2d_14,"(1, 1, 49, 4)",12
3277,conv2d_14,"(1, 0, 23, 21)",31
3278,conv2d_14,"(1, 0, 32, 30)",7
3279,conv2d_14,"(0, 1, 29, 45)",11
3280,conv2d_14,"(1, 1, 53, 41)",26
3281,conv2d_14,"(1, 1, 26, 7)",3
3282,conv2d_14,"(0, 0, 47, 32)",9
3283,conv2d_14,"(1, 1, 25, 25)",25
3284,conv2d_14,"(2, 1, 8, 15)",6
3285,conv2d_14,"(1, 1, 3, 15)",9
3286,conv2d_14,"(0, 2, 2, 43)",25
3287,conv2d_14,"(1, 2, 59, 43)",11
3288,conv2d_14,"(1, 1, 47, 27)",20
3289,conv2d_14,"(1, 2, 12, 46)",12
3290,conv2d_14,"(2, 2, 61, 3)",23
3291,conv2d_14,"(2, 1, 13, 33)",12
3292,conv2d_14,"(2, 2, 12, 50)",8
3293,conv2d_14,"(2, 2, 18, 50)",4
3294,conv2d_14,"(1, 1, 45, 7)",14
3295,conv2d_14,"(0, 0, 18, 39)",17
3296,conv2d_14,"(0, 0, 39, 23)",26
3297,conv2d_14,"(0, 1, 24, 51)",18
3298,conv2d_14,"(1, 0, 21, 17)",1
3299,conv2d_14,"(2, 1, 51, 6)",29
3300,conv2d_14,"(1, 0, 46, 12)",5
3301,conv2d_14,"(0, 1, 51, 45)",2
3302,conv2d_14,"(0, 0, 60, 63)",18
3303,conv2d_14,"(0, 0, 58, 42)",11
3304,conv2d_14,"(1, 1, 18, 22)",29
3305,conv2d_14,"(2, 0, 19, 52)",10
3306,conv2d_14,"(2, 1, 40, 22)",17
3307,conv2d_14,"(1, 2, 52, 9)",28
3308,conv2d_14,"(1, 0, 15, 28)",3
3309,conv2d_14,"(0, 0, 12, 59)",5
3310,conv2d_14,"(0, 2, 27, 59)",27
3311,conv2d_14,"(2, 0, 13, 43)",28
3312,conv2d_14,"(1, 2, 43, 41)",20
3313,conv2d_14,"(2, 1, 14, 55)",16
3314,conv2d_14,"(1, 2, 62, 35)",17
3315,conv2d_14,"(2, 0, 41, 23)",27
3316,conv2d_14,"(0, 1, 56, 45)",14
3317,conv2d_14,"(2, 2, 45, 8)",0
3318,conv2d_14,"(2, 2, 39, 62)",26
3319,conv2d_14,"(2, 0, 40, 43)",15
3320,conv2d_14,"(1, 1, 32, 45)",2
3321,conv2d_14,"(2, 1, 8, 24)",27
3322,conv2d_14,"(0, 0, 15, 40)",1
3323,conv2d_14,"(2, 2, 31, 51)",5
3324,conv2d_14,"(1, 0, 6, 57)",16
3325,conv2d_14,"(2, 1, 30, 15)",1
3326,conv2d_14,"(1, 2, 33, 3)",25
3327,conv2d_14,"(1, 0, 62, 0)",7
3328,conv2d_14,"(0, 0, 50, 0)",4
3329,conv2d_14,"(0, 2, 42, 10)",1
3330,conv2d_14,"(1, 2, 46, 52)",30
3331,conv2d_14,"(2, 0, 10, 41)",9
3332,conv2d_14,"(2, 0, 18, 58)",17
3333,conv2d_14,"(0, 0, 55, 62)",23
3334,conv2d_14,"(2, 0, 40, 46)",31
3335,conv2d_14,"(2, 0, 61, 40)",20
3336,conv2d_14,"(0, 1, 47, 35)",10
3337,conv2d_14,"(0, 1, 48, 19)",1
3338,conv2d_14,"(0, 1, 41, 58)",25
3339,conv2d_14,"(2, 1, 52, 11)",9
3340,conv2d_14,"(1, 1, 41, 6)",10
3341,conv2d_14,"(0, 1, 11, 39)",4
3342,conv2d_14,"(2, 0, 5, 23)",23
3343,conv2d_14,"(1, 2, 37, 55)",24
3344,conv2d_14,"(0, 0, 25, 27)",29
3345,conv2d_14,"(0, 0, 4, 7)",17
3346,conv2d_14,"(1, 0, 50, 25)",16
3347,conv2d_14,"(0, 2, 62, 30)",5
3348,conv2d_14,"(1, 1, 61, 22)",8
3349,conv2d_14,"(2, 0, 24, 3)",31
3350,conv2d_14,"(2, 0, 55, 35)",0
3351,conv2d_14,"(1, 0, 1, 33)",1
3352,conv2d_14,"(1, 0, 6, 59)",27
3353,conv2d_14,"(0, 0, 50, 60)",5
3354,conv2d_14,"(0, 2, 28, 25)",7
3355,conv2d_14,"(1, 2, 14, 20)",27
3356,conv2d_14,"(1, 2, 40, 59)",27
3357,conv2d_14,"(2, 1, 25, 50)",16
3358,conv2d_14,"(0, 2, 54, 54)",2
3359,conv2d_14,"(1, 1, 46, 30)",19
3360,conv2d_14,"(2, 1, 20, 59)",16
3361,conv2d_14,"(1, 2, 22, 19)",9
3362,conv2d_14,"(0, 1, 44, 60)",12
3363,conv2d_14,"(2, 1, 62, 55)",20
3364,conv2d_14,"(0, 2, 22, 23)",21
3365,conv2d_14,"(2, 1, 60, 22)",10
3366,conv2d_14,"(2, 2, 20, 38)",4
3367,conv2d_14,"(0, 0, 49, 40)",13
3368,conv2d_14,"(0, 1, 28, 32)",26
3369,conv2d_14,"(0, 0, 62, 25)",31
3370,conv2d_14,"(1, 1, 58, 1)",23
3371,conv2d_14,"(1, 1, 5, 0)",23
3372,conv2d_14,"(2, 2, 44, 13)",13
3373,conv2d_14,"(1, 1, 50, 26)",27
3374,conv2d_14,"(1, 1, 2, 19)",12
3375,conv2d_14,"(2, 1, 29, 34)",2
3376,conv2d_14,"(2, 2, 8, 4)",28
3377,conv2d_14,"(1, 2, 55, 16)",19
3378,conv2d_14,"(2, 0, 50, 20)",11
3379,conv2d_14,"(0, 2, 47, 6)",25
3380,conv2d_14,"(0, 2, 29, 22)",12
3381,conv2d_14,"(2, 2, 38, 13)",3
3382,conv2d_14,"(2, 0, 48, 11)",24
3383,conv2d_14,"(1, 0, 59, 16)",14
3384,conv2d_14,"(0, 0, 36, 7)",22
3385,conv2d_14,"(2, 1, 5, 48)",28
3386,conv2d_14,"(1, 0, 13, 12)",17
3387,conv2d_14,"(1, 2, 19, 15)",16
3388,conv2d_14,"(1, 2, 43, 33)",30
3389,conv2d_14,"(0, 2, 33, 30)",31
3390,conv2d_14,"(2, 1, 33, 31)",21
3391,conv2d_14,"(0, 0, 15, 4)",18
3392,conv2d_14,"(1, 2, 57, 48)",26
3393,conv2d_14,"(1, 1, 2, 54)",5
3394,conv2d_14,"(0, 2, 52, 4)",10
3395,conv2d_14,"(1, 1, 56, 62)",27
3396,conv2d_14,"(2, 1, 21, 51)",9
3397,conv2d_14,"(1, 1, 13, 18)",10
3398,conv2d_14,"(0, 2, 53, 26)",12
3399,conv2d_14,"(1, 0, 32, 2)",20
3400,conv2d_14,"(2, 0, 14, 42)",12
3401,conv2d_14,"(2, 0, 21, 0)",21
3402,conv2d_14,"(0, 1, 14, 11)",25
3403,conv2d_14,"(2, 2, 0, 22)",29
3404,conv2d_14,"(1, 1, 59, 29)",5
3405,conv2d_14,"(2, 1, 58, 44)",3
3406,conv2d_14,"(1, 1, 25, 20)",3
3407,conv2d_14,"(2, 2, 61, 10)",20
3408,conv2d_14,"(0, 0, 28, 26)",1
3409,conv2d_14,"(0, 2, 15, 10)",16
3410,conv2d_14,"(1, 0, 13, 31)",20
3411,conv2d_14,"(0, 0, 16, 40)",2
3412,conv2d_14,"(1, 0, 51, 36)",5
3413,conv2d_14,"(0, 0, 3, 25)",23
3414,conv2d_14,"(0, 2, 11, 36)",21
3415,conv2d_14,"(2, 2, 20, 50)",23
3416,conv2d_14,"(1, 2, 38, 55)",21
3417,conv2d_14,"(2, 0, 26, 14)",14
3418,conv2d_14,"(2, 1, 29, 42)",9
3419,conv2d_14,"(1, 1, 26, 3)",1
3420,conv2d_14,"(0, 2, 37, 40)",2
3421,conv2d_14,"(0, 2, 29, 13)",19
3422,conv2d_14,"(2, 2, 22, 14)",13
3423,conv2d_14,"(1, 2, 54, 22)",10
3424,conv2d_14,"(2, 0, 57, 1)",11
3425,conv2d_14,"(1, 2, 30, 45)",7
3426,conv2d_14,"(1, 1, 48, 30)",2
3427,conv2d_14,"(0, 2, 9, 28)",18
3428,conv2d_14,"(1, 0, 8, 60)",18
3429,conv2d_14,"(0, 2, 2, 4)",15
3430,conv2d_14,"(1, 0, 36, 61)",13
3431,conv2d_14,"(1, 0, 46, 14)",8
3432,conv2d_14,"(2, 1, 35, 31)",28
3433,conv2d_14,"(2, 2, 47, 41)",16
3434,conv2d_14,"(2, 2, 7, 36)",28
3435,conv2d_14,"(0, 1, 43, 60)",20
3436,conv2d_14,"(2, 0, 49, 33)",19
3437,conv2d_14,"(0, 2, 44, 42)",28
3438,conv2d_14,"(1, 0, 20, 12)",29
3439,conv2d_14,"(0, 0, 27, 63)",8
3440,conv2d_14,"(0, 2, 51, 35)",30
3441,conv2d_14,"(2, 0, 29, 40)",8
3442,conv2d_14,"(2, 2, 43, 16)",26
3443,conv2d_14,"(0, 0, 49, 42)",5
3444,conv2d_14,"(2, 0, 12, 48)",8
3445,conv2d_14,"(1, 0, 53, 42)",15
3446,conv2d_14,"(1, 2, 9, 38)",19
3447,conv2d_14,"(0, 0, 20, 52)",8
3448,conv2d_14,"(1, 0, 59, 20)",7
3449,conv2d_14,"(2, 1, 17, 58)",13
3450,conv2d_14,"(1, 1, 10, 1)",27
3451,conv2d_14,"(1, 1, 36, 42)",7
3452,conv2d_14,"(2, 2, 54, 8)",30
3453,conv2d_14,"(2, 0, 26, 1)",5
3454,conv2d_14,"(2, 2, 4, 43)",22
3455,conv2d_14,"(1, 0, 3, 47)",15
3456,conv2d_14,"(0, 1, 39, 14)",22
3457,conv2d_14,"(0, 2, 35, 39)",7
3458,conv2d_14,"(2, 2, 8, 46)",5
3459,conv2d_14,"(2, 1, 22, 14)",16
3460,conv2d_14,"(0, 2, 3, 38)",11
3461,conv2d_14,"(2, 0, 46, 61)",0
3462,conv2d_14,"(2, 0, 28, 39)",20
3463,conv2d_14,"(2, 2, 39, 16)",26
3464,conv2d_14,"(2, 0, 52, 38)",2
3465,conv2d_14,"(2, 2, 63, 23)",7
3466,conv2d_14,"(2, 2, 47, 56)",17
3467,conv2d_14,"(0, 0, 2, 53)",31
3468,conv2d_14,"(0, 0, 7, 20)",3
3469,conv2d_14,"(2, 2, 21, 59)",6
3470,conv2d_14,"(1, 2, 5, 48)",21
3471,conv2d_14,"(0, 0, 12, 33)",21
3472,conv2d_14,"(1, 0, 48, 44)",3
3473,conv2d_14,"(1, 1, 53, 9)",22
3474,conv2d_14,"(0, 0, 38, 35)",24
3475,conv2d_14,"(1, 0, 59, 17)",27
3476,conv2d_14,"(1, 1, 39, 1)",5
3477,conv2d_14,"(0, 0, 22, 51)",2
3478,conv2d_14,"(0, 0, 13, 28)",20
3479,conv2d_14,"(2, 0, 18, 9)",6
3480,conv2d_14,"(0, 1, 44, 26)",20
3481,conv2d_14,"(0, 2, 29, 8)",16
3482,conv2d_14,"(2, 2, 11, 18)",26
3483,conv2d_14,"(0, 0, 8, 39)",19
3484,conv2d_14,"(0, 2, 41, 22)",9
3485,conv2d_14,"(2, 1, 48, 52)",13
3486,conv2d_14,"(1, 0, 18, 34)",31
3487,conv2d_14,"(0, 1, 6, 2)",2
3488,conv2d_14,"(1, 1, 44, 7)",18
3489,conv2d_14,"(0, 2, 50, 29)",5
3490,conv2d_14,"(1, 0, 23, 35)",12
3491,conv2d_14,"(0, 2, 17, 11)",16
3492,conv2d_14,"(1, 1, 27, 23)",25
3493,conv2d_14,"(2, 2, 35, 43)",0
3494,conv2d_14,"(1, 0, 19, 56)",21
3495,conv2d_14,"(0, 2, 58, 47)",5
3496,conv2d_14,"(2, 0, 11, 9)",30
3497,conv2d_14,"(2, 1, 33, 20)",6
3498,conv2d_14,"(2, 0, 40, 36)",1
3499,conv2d_14,"(0, 0, 35, 46)",23
3500,conv2d_14,"(2, 2, 26, 56)",9
3501,conv2d_14,"(0, 0, 13, 35)",17
3502,conv2d_14,"(1, 2, 43, 11)",26
3503,conv2d_14,"(1, 2, 43, 6)",3
3504,conv2d_14,"(1, 1, 50, 38)",24
3505,conv2d_14,"(2, 0, 20, 52)",11
3506,conv2d_14,"(2, 0, 45, 0)",27
3507,conv2d_14,"(1, 2, 18, 30)",8
3508,conv2d_14,"(0, 2, 57, 40)",0
3509,conv2d_14,"(0, 0, 58, 19)",9
3510,conv2d_14,"(1, 2, 0, 11)",29
3511,conv2d_14,"(1, 0, 62, 6)",15
3512,conv2d_14,"(1, 2, 29, 8)",3
3513,conv2d_14,"(1, 2, 2, 45)",26
3514,conv2d_14,"(1, 2, 62, 55)",30
3515,conv2d_14,"(2, 1, 31, 63)",16
3516,conv2d_14,"(2, 2, 19, 49)",22
3517,conv2d_14,"(2, 2, 40, 56)",18
3518,conv2d_14,"(1, 0, 27, 11)",8
3519,conv2d_14,"(1, 1, 14, 59)",2
3520,conv2d_14,"(2, 0, 56, 61)",12
3521,conv2d_14,"(2, 2, 23, 60)",23
3522,conv2d_14,"(2, 1, 47, 47)",4
3523,conv2d_14,"(0, 2, 0, 8)",29
3524,conv2d_14,"(2, 1, 62, 43)",27
3525,conv2d_14,"(1, 2, 10, 51)",22
3526,conv2d_14,"(1, 2, 9, 44)",11
3527,conv2d_14,"(1, 2, 36, 37)",10
3528,conv2d_14,"(0, 1, 26, 16)",4
3529,conv2d_14,"(2, 0, 45, 43)",1
3530,conv2d_14,"(2, 2, 19, 25)",21
3531,conv2d_14,"(2, 2, 24, 38)",16
3532,conv2d_14,"(1, 1, 33, 19)",4
3533,conv2d_14,"(1, 2, 20, 7)",31
3534,conv2d_14,"(1, 1, 62, 41)",1
3535,conv2d_14,"(2, 2, 21, 10)",1
3536,conv2d_14,"(0, 0, 21, 54)",22
3537,conv2d_14,"(0, 0, 42, 4)",24
3538,conv2d_14,"(1, 0, 2, 44)",15
3539,conv2d_14,"(2, 1, 38, 18)",3
3540,conv2d_14,"(0, 1, 46, 10)",27
3541,conv2d_14,"(2, 0, 23, 20)",8
3542,conv2d_14,"(0, 1, 24, 10)",9
3543,conv2d_14,"(0, 2, 53, 3)",26
3544,conv2d_14,"(1, 0, 9, 21)",29
3545,conv2d_14,"(1, 0, 5, 17)",20
3546,conv2d_14,"(0, 1, 50, 33)",5
3547,conv2d_14,"(0, 0, 51, 33)",6
3548,conv2d_14,"(2, 1, 41, 21)",11
3549,conv2d_14,"(1, 2, 15, 15)",2
3550,conv2d_14,"(0, 0, 0, 13)",15
3551,conv2d_14,"(1, 1, 59, 4)",19
3552,conv2d_14,"(1, 0, 20, 8)",7
3553,conv2d_14,"(2, 1, 7, 44)",27
3554,conv2d_14,"(1, 1, 22, 2)",29
3555,conv2d_14,"(1, 2, 1, 9)",18
3556,conv2d_14,"(0, 0, 54, 55)",3
3557,conv2d_14,"(0, 1, 22, 59)",24
3558,conv2d_14,"(2, 0, 29, 25)",25
3559,conv2d_14,"(0, 2, 32, 57)",26
3560,conv2d_14,"(1, 1, 35, 27)",14
3561,conv2d_14,"(2, 2, 28, 27)",30
3562,conv2d_14,"(1, 0, 20, 53)",19
3563,conv2d_14,"(2, 2, 30, 38)",14
3564,conv2d_14,"(0, 0, 3, 45)",17
3565,conv2d_14,"(2, 1, 44, 37)",4
3566,conv2d_14,"(1, 1, 48, 56)",21
3567,conv2d_14,"(1, 1, 61, 53)",8
3568,conv2d_14,"(1, 0, 50, 45)",12
3569,conv2d_14,"(1, 2, 9, 20)",23
3570,conv2d_14,"(0, 2, 41, 49)",28
3571,conv2d_14,"(1, 2, 10, 30)",26
3572,conv2d_14,"(1, 0, 51, 5)",9
3573,conv2d_14,"(0, 0, 24, 10)",1
3574,conv2d_14,"(2, 2, 17, 59)",6
3575,conv2d_14,"(0, 0, 23, 27)",7
3576,conv2d_14,"(2, 1, 35, 32)",22
3577,conv2d_14,"(1, 1, 14, 24)",23
3578,conv2d_14,"(0, 2, 27, 32)",22
3579,conv2d_14,"(1, 2, 29, 32)",24
3580,conv2d_14,"(2, 2, 3, 14)",14
3581,conv2d_14,"(2, 1, 56, 1)",18
3582,conv2d_14,"(2, 2, 38, 42)",21
3583,conv2d_14,"(1, 2, 11, 20)",3
3584,conv2d_14,"(1, 0, 22, 48)",6
3585,conv2d_14,"(0, 2, 20, 21)",30
3586,conv2d_14,"(0, 1, 63, 46)",26
3587,conv2d_14,"(1, 1, 33, 62)",7
3588,conv2d_14,"(1, 0, 26, 56)",11
3589,conv2d_14,"(0, 1, 35, 47)",4
3590,conv2d_14,"(1, 2, 59, 19)",7
3591,conv2d_14,"(0, 1, 29, 60)",24
3592,conv2d_14,"(0, 1, 26, 14)",14
3593,conv2d_14,"(0, 2, 31, 39)",7
3594,conv2d_14,"(1, 1, 22, 58)",18
3595,conv2d_14,"(2, 0, 56, 47)",5
3596,conv2d_14,"(2, 1, 59, 29)",9
3597,conv2d_14,"(2, 1, 50, 57)",20
3598,conv2d_14,"(2, 0, 28, 50)",21
3599,conv2d_14,"(2, 1, 21, 45)",19
3600,conv2d_14,"(0, 0, 51, 4)",14
3601,conv2d_14,"(1, 0, 40, 48)",26
3602,conv2d_14,"(2, 2, 21, 5)",11
3603,conv2d_14,"(2, 2, 36, 22)",25
3604,conv2d_14,"(1, 0, 34, 23)",31
3605,conv2d_14,"(2, 1, 29, 44)",11
3606,conv2d_14,"(1, 0, 12, 36)",10
3607,conv2d_14,"(2, 0, 25, 38)",4
3608,conv2d_14,"(1, 2, 54, 59)",19
3609,conv2d_14,"(0, 0, 20, 21)",2
3610,conv2d_14,"(2, 1, 23, 16)",19
3611,conv2d_14,"(1, 2, 4, 28)",20
3612,conv2d_14,"(0, 1, 38, 4)",29
3613,conv2d_14,"(2, 2, 17, 32)",16
3614,conv2d_14,"(0, 2, 36, 5)",18
3615,conv2d_14,"(1, 2, 46, 44)",1
3616,conv2d_14,"(1, 0, 48, 35)",0
3617,conv2d_14,"(2, 2, 57, 28)",5
3618,conv2d_14,"(0, 2, 29, 60)",5
3619,conv2d_14,"(0, 2, 23, 14)",27
3620,conv2d_14,"(0, 2, 59, 14)",2
3621,conv2d_14,"(1, 1, 2, 13)",3
3622,conv2d_14,"(2, 1, 35, 1)",13
3623,conv2d_14,"(1, 1, 52, 50)",28
3624,conv2d_14,"(2, 0, 44, 54)",7
3625,conv2d_14,"(0, 0, 46, 56)",17
3626,conv2d_14,"(0, 0, 56, 29)",27
3627,conv2d_14,"(2, 0, 42, 8)",0
3628,conv2d_14,"(2, 2, 32, 59)",11
3629,conv2d_14,"(2, 2, 63, 21)",7
3630,conv2d_14,"(0, 1, 6, 6)",4
3631,conv2d_14,"(1, 2, 29, 15)",11
3632,conv2d_14,"(0, 0, 4, 5)",29
3633,conv2d_14,"(0, 2, 37, 4)",13
3634,conv2d_14,"(0, 1, 55, 63)",13
3635,conv2d_14,"(1, 0, 20, 9)",19
3636,conv2d_14,"(1, 1, 11, 61)",27
3637,conv2d_14,"(1, 1, 12, 45)",20
3638,conv2d_14,"(1, 2, 46, 61)",15
3639,conv2d_14,"(0, 0, 14, 26)",4
3640,conv2d_14,"(1, 0, 37, 45)",12
3641,conv2d_14,"(1, 0, 32, 15)",7
3642,conv2d_14,"(2, 2, 25, 30)",11
3643,conv2d_14,"(2, 0, 22, 1)",5
3644,conv2d_14,"(1, 1, 33, 22)",20
3645,conv2d_14,"(0, 2, 14, 33)",3
3646,conv2d_14,"(1, 0, 63, 52)",30
3647,conv2d_14,"(1, 1, 53, 29)",21
3648,conv2d_14,"(1, 0, 7, 43)",6
3649,conv2d_14,"(1, 1, 2, 48)",27
3650,conv2d_14,"(0, 1, 47, 28)",2
3651,conv2d_14,"(2, 2, 40, 4)",31
3652,conv2d_14,"(0, 0, 61, 7)",12
3653,conv2d_14,"(2, 1, 26, 25)",27
3654,conv2d_14,"(0, 0, 2, 51)",29
3655,conv2d_14,"(1, 0, 12, 55)",15
3656,conv2d_14,"(1, 2, 24, 20)",19
3657,conv2d_14,"(2, 2, 56, 50)",17
3658,conv2d_14,"(0, 1, 56, 14)",25
3659,conv2d_14,"(1, 0, 36, 58)",5
3660,conv2d_14,"(2, 0, 31, 63)",4
3661,conv2d_14,"(1, 1, 22, 21)",0
3662,conv2d_14,"(1, 0, 53, 16)",23
3663,conv2d_14,"(2, 2, 62, 41)",24
3664,conv2d_14,"(2, 1, 61, 7)",3
3665,conv2d_14,"(2, 2, 35, 59)",26
3666,conv2d_14,"(2, 2, 56, 22)",8
3667,conv2d_14,"(0, 0, 7, 25)",21
3668,conv2d_14,"(0, 2, 23, 48)",22
3669,conv2d_14,"(0, 2, 37, 48)",20
3670,conv2d_14,"(1, 2, 15, 61)",29
3671,conv2d_14,"(1, 2, 53, 15)",20
3672,conv2d_14,"(2, 1, 56, 45)",9
3673,conv2d_14,"(2, 2, 46, 18)",13
3674,conv2d_14,"(0, 2, 47, 32)",12
3675,conv2d_14,"(0, 2, 26, 54)",24
3676,conv2d_14,"(1, 0, 26, 17)",31
3677,conv2d_14,"(2, 2, 27, 63)",12
3678,conv2d_14,"(0, 1, 19, 31)",13
3679,conv2d_14,"(0, 1, 45, 43)",10
3680,conv2d_14,"(1, 2, 43, 19)",24
3681,conv2d_14,"(0, 1, 61, 0)",27
3682,conv2d_14,"(1, 1, 10, 50)",11
3683,conv2d_14,"(2, 2, 9, 32)",6
3684,conv2d_14,"(2, 0, 4, 57)",11
3685,conv2d_14,"(2, 2, 49, 63)",23
3686,conv2d_14,"(0, 2, 47, 11)",19
3687,conv2d_14,"(1, 1, 27, 2)",17
3688,conv2d_14,"(2, 2, 45, 9)",27
3689,conv2d_14,"(2, 2, 29, 53)",13
3690,conv2d_14,"(2, 1, 27, 1)",16
3691,conv2d_14,"(2, 1, 57, 22)",14
3692,conv2d_14,"(1, 0, 23, 29)",9
3693,conv2d_14,"(1, 1, 26, 36)",8
3694,conv2d_14,"(1, 2, 24, 60)",29
3695,conv2d_14,"(0, 0, 44, 10)",4
3696,conv2d_14,"(0, 0, 62, 59)",5
3697,conv2d_14,"(0, 2, 51, 63)",28
3698,conv2d_14,"(2, 1, 53, 42)",5
3699,conv2d_14,"(2, 2, 29, 30)",10
3700,conv2d_14,"(0, 0, 50, 33)",28
3701,conv2d_14,"(0, 1, 61, 11)",3
3702,conv2d_14,"(0, 2, 35, 18)",13
3703,conv2d_14,"(0, 1, 19, 1)",22
3704,conv2d_14,"(2, 2, 20, 7)",27
3705,conv2d_14,"(1, 2, 58, 45)",8
3706,conv2d_14,"(2, 2, 37, 27)",8
3707,conv2d_14,"(0, 0, 22, 53)",1
3708,conv2d_14,"(0, 2, 40, 36)",6
3709,conv2d_14,"(1, 2, 2, 24)",19
3710,conv2d_14,"(2, 0, 62, 47)",5
3711,conv2d_14,"(2, 0, 43, 21)",9
3712,conv2d_14,"(1, 1, 60, 26)",7
3713,conv2d_14,"(1, 0, 43, 24)",26
3714,conv2d_14,"(0, 1, 27, 25)",14
3715,conv2d_14,"(1, 2, 25, 38)",3
3716,conv2d_14,"(0, 0, 45, 31)",17
3717,conv2d_14,"(0, 1, 45, 37)",13
3718,conv2d_14,"(0, 1, 25, 57)",28
3719,conv2d_14,"(2, 2, 16, 20)",10
3720,conv2d_14,"(1, 2, 62, 32)",17
3721,conv2d_14,"(0, 2, 52, 27)",30
3722,conv2d_14,"(2, 1, 14, 62)",2
3723,conv2d_14,"(1, 1, 4, 36)",19
3724,conv2d_14,"(2, 1, 29, 61)",6
3725,conv2d_14,"(2, 0, 32, 32)",7
3726,conv2d_14,"(1, 2, 31, 1)",23
3727,conv2d_14,"(1, 0, 19, 4)",3
3728,conv2d_14,"(2, 2, 54, 6)",0
3729,conv2d_14,"(2, 2, 28, 6)",11
3730,conv2d_14,"(1, 0, 42, 57)",4
3731,conv2d_14,"(0, 2, 48, 38)",4
3732,conv2d_14,"(2, 0, 55, 56)",27
3733,conv2d_14,"(0, 0, 42, 28)",5
3734,conv2d_14,"(0, 0, 29, 4)",10
3735,conv2d_14,"(1, 1, 32, 53)",24
3736,conv2d_14,"(1, 2, 21, 31)",0
3737,conv2d_14,"(2, 0, 4, 17)",6
3738,conv2d_14,"(2, 2, 15, 12)",19
3739,conv2d_14,"(0, 1, 7, 29)",4
3740,conv2d_14,"(1, 0, 31, 38)",18
3741,conv2d_14,"(1, 0, 41, 51)",11
3742,conv2d_14,"(0, 2, 16, 2)",18
3743,conv2d_14,"(2, 2, 18, 7)",1
3744,conv2d_14,"(1, 1, 62, 46)",13
3745,conv2d_14,"(1, 2, 24, 10)",18
3746,conv2d_14,"(2, 1, 41, 50)",29
3747,conv2d_14,"(0, 2, 61, 14)",2
3748,conv2d_14,"(0, 0, 46, 5)",15
3749,conv2d_14,"(1, 0, 27, 33)",0
3750,conv2d_14,"(0, 1, 56, 35)",31
3751,conv2d_14,"(2, 1, 35, 59)",0
3752,conv2d_14,"(1, 2, 24, 53)",24
3753,conv2d_14,"(1, 2, 10, 12)",28
3754,conv2d_14,"(2, 0, 55, 3)",12
3755,conv2d_14,"(1, 0, 29, 9)",19
3756,conv2d_14,"(1, 1, 57, 31)",19
3757,conv2d_14,"(0, 0, 48, 20)",13
3758,conv2d_14,"(2, 1, 62, 23)",20
3759,conv2d_14,"(2, 1, 25, 28)",10
3760,conv2d_14,"(0, 2, 3, 26)",2
3761,conv2d_14,"(2, 0, 58, 62)",2
3762,conv2d_14,"(2, 0, 27, 62)",1
3763,conv2d_14,"(0, 0, 53, 49)",7
3764,conv2d_14,"(0, 2, 12, 53)",8
3765,conv2d_14,"(1, 1, 56, 28)",0
3766,conv2d_14,"(2, 1, 9, 14)",17
3767,conv2d_14,"(0, 2, 13, 8)",17
3768,conv2d_14,"(2, 1, 29, 1)",27
3769,conv2d_14,"(1, 0, 42, 52)",28
3770,conv2d_14,"(1, 1, 24, 35)",18
3771,conv2d_14,"(1, 2, 27, 59)",1
3772,conv2d_14,"(0, 2, 43, 34)",10
3773,conv2d_14,"(2, 2, 63, 33)",11
3774,conv2d_14,"(1, 0, 32, 32)",0
3775,conv2d_14,"(2, 2, 33, 48)",14
3776,conv2d_14,"(2, 2, 54, 28)",26
3777,conv2d_14,"(1, 0, 30, 24)",22
3778,conv2d_14,"(1, 1, 11, 11)",3
3779,conv2d_14,"(2, 1, 20, 3)",3
3780,conv2d_14,"(1, 0, 17, 47)",27
3781,conv2d_14,"(1, 2, 7, 16)",19
3782,conv2d_14,"(2, 1, 45, 52)",4
3783,conv2d_14,"(1, 0, 27, 63)",22
3784,conv2d_14,"(1, 2, 36, 59)",16
3785,conv2d_14,"(0, 2, 4, 56)",4
3786,conv2d_14,"(2, 0, 47, 19)",10
3787,conv2d_14,"(0, 2, 35, 16)",14
3788,conv2d_14,"(2, 2, 62, 9)",27
3789,conv2d_14,"(2, 0, 36, 37)",29
3790,conv2d_14,"(2, 0, 27, 2)",23
3791,conv2d_14,"(0, 0, 51, 15)",17
3792,conv2d_14,"(0, 0, 25, 25)",4
3793,conv2d_14,"(2, 2, 53, 43)",7
3794,conv2d_14,"(2, 2, 21, 30)",12
3795,conv2d_14,"(2, 0, 8, 2)",0
3796,conv2d_14,"(1, 1, 53, 24)",28
3797,conv2d_14,"(2, 1, 2, 8)",19
3798,conv2d_14,"(0, 0, 57, 9)",2
3799,conv2d_14,"(1, 0, 45, 11)",3
3800,conv2d_14,"(2, 0, 20, 2)",14
3801,conv2d_14,"(1, 0, 6, 31)",13
3802,conv2d_14,"(1, 1, 20, 23)",7
3803,conv2d_14,"(2, 0, 44, 4)",23
3804,conv2d_14,"(2, 1, 43, 37)",8
3805,conv2d_14,"(2, 1, 37, 44)",12
3806,conv2d_14,"(2, 1, 44, 4)",19
3807,conv2d_14,"(2, 0, 23, 15)",10
3808,conv2d_14,"(1, 2, 19, 43)",8
3809,conv2d_14,"(1, 1, 8, 12)",2
3810,conv2d_14,"(1, 0, 50, 63)",9
3811,conv2d_14,"(2, 1, 29, 19)",27
3812,conv2d_14,"(1, 2, 35, 52)",27
3813,conv2d_14,"(0, 0, 17, 19)",17
3814,conv2d_14,"(0, 1, 42, 2)",6
3815,conv2d_14,"(1, 2, 25, 1)",30
3816,conv2d_14,"(1, 2, 3, 2)",6
3817,conv2d_14,"(1, 1, 29, 21)",19
3818,conv2d_14,"(1, 1, 24, 20)",5
3819,conv2d_14,"(2, 2, 18, 41)",23
3820,conv2d_14,"(1, 1, 16, 51)",0
3821,conv2d_14,"(2, 2, 61, 44)",13
3822,conv2d_14,"(2, 0, 40, 15)",13
3823,conv2d_14,"(1, 1, 51, 39)",31
3824,conv2d_14,"(1, 1, 42, 50)",19
3825,conv2d_14,"(2, 2, 25, 21)",10
3826,conv2d_14,"(2, 1, 55, 23)",9
3827,conv2d_14,"(2, 2, 43, 26)",7
3828,conv2d_14,"(0, 0, 52, 61)",24
3829,conv2d_14,"(0, 1, 47, 47)",30
3830,conv2d_14,"(2, 2, 23, 15)",0
3831,conv2d_14,"(0, 1, 8, 52)",17
3832,conv2d_14,"(1, 0, 16, 53)",10
3833,conv2d_14,"(2, 1, 10, 56)",22
3834,conv2d_14,"(2, 1, 5, 59)",24
3835,conv2d_14,"(0, 0, 56, 62)",31
3836,conv2d_14,"(0, 2, 46, 57)",0
3837,conv2d_14,"(2, 1, 34, 25)",10
3838,conv2d_14,"(0, 2, 4, 29)",4
3839,conv2d_14,"(0, 2, 45, 31)",6
3840,conv2d_14,"(0, 0, 5, 41)",17
3841,conv2d_14,"(2, 0, 62, 58)",24
3842,conv2d_14,"(2, 1, 56, 33)",1
3843,conv2d_14,"(2, 2, 11, 63)",2
3844,conv2d_14,"(1, 1, 7, 48)",25
3845,conv2d_14,"(2, 2, 58, 23)",25
3846,conv2d_14,"(1, 0, 26, 48)",13
3847,conv2d_14,"(1, 2, 5, 20)",0
3848,conv2d_14,"(1, 0, 55, 25)",2
3849,conv2d_14,"(0, 1, 62, 24)",29
3850,conv2d_14,"(0, 2, 33, 60)",7
3851,conv2d_14,"(2, 2, 26, 23)",5
3852,conv2d_14,"(0, 0, 24, 2)",29
3853,conv2d_14,"(0, 0, 32, 6)",17
3854,conv2d_14,"(1, 1, 4, 62)",0
3855,conv2d_14,"(0, 0, 30, 38)",24
3856,conv2d_14,"(0, 2, 2, 51)",17
3857,conv2d_14,"(2, 0, 31, 2)",16
3858,conv2d_14,"(1, 1, 41, 18)",27
3859,conv2d_14,"(0, 1, 13, 4)",20
3860,conv2d_14,"(0, 1, 23, 16)",8
3861,conv2d_14,"(0, 0, 24, 37)",19
3862,conv2d_14,"(1, 0, 46, 0)",26
3863,conv2d_14,"(0, 0, 3, 33)",14
3864,conv2d_14,"(0, 1, 1, 5)",4
3865,conv2d_14,"(2, 0, 0, 21)",0
3866,conv2d_14,"(0, 2, 41, 56)",6
3867,conv2d_14,"(2, 0, 42, 36)",15
3868,conv2d_14,"(2, 0, 54, 27)",31
3869,conv2d_14,"(0, 1, 29, 23)",21
3870,conv2d_14,"(1, 0, 62, 43)",1
3871,conv2d_14,"(0, 2, 63, 13)",28
3872,conv2d_14,"(0, 1, 17, 7)",17
3873,conv2d_14,"(1, 1, 45, 41)",27
3874,conv2d_14,"(0, 1, 40, 18)",9
3875,conv2d_14,"(1, 2, 62, 38)",15
3876,conv2d_14,"(1, 0, 21, 54)",11
3877,conv2d_14,"(2, 1, 30, 24)",25
3878,conv2d_14,"(0, 2, 56, 28)",10
3879,conv2d_14,"(1, 1, 21, 44)",10
3880,conv2d_14,"(2, 1, 14, 49)",13
3881,conv2d_14,"(1, 0, 37, 51)",0
3882,conv2d_14,"(2, 0, 49, 0)",13
3883,conv2d_14,"(1, 0, 40, 55)",6
3884,conv2d_14,"(1, 2, 3, 51)",11
3885,conv2d_14,"(2, 2, 54, 12)",17
3886,conv2d_14,"(2, 1, 62, 0)",4
3887,conv2d_14,"(0, 2, 6, 48)",29
3888,conv2d_14,"(1, 2, 63, 60)",6
3889,conv2d_14,"(1, 2, 0, 60)",28
3890,conv2d_14,"(0, 1, 25, 34)",4
3891,conv2d_14,"(1, 2, 33, 42)",10
3892,conv2d_14,"(0, 2, 23, 34)",11
3893,conv2d_14,"(0, 0, 30, 45)",3
3894,conv2d_14,"(2, 2, 35, 2)",5
3895,conv2d_14,"(2, 2, 22, 53)",13
3896,conv2d_14,"(0, 0, 12, 54)",5
3897,conv2d_14,"(2, 0, 46, 34)",23
3898,conv2d_14,"(1, 2, 22, 3)",8
3899,conv2d_14,"(2, 0, 37, 33)",19
3900,conv2d_14,"(1, 2, 58, 44)",24
3901,conv2d_14,"(2, 0, 48, 7)",28
3902,conv2d_14,"(1, 0, 24, 15)",30
3903,conv2d_14,"(0, 0, 32, 3)",23
3904,conv2d_14,"(2, 2, 18, 32)",8
3905,conv2d_14,"(1, 2, 16, 51)",9
3906,conv2d_14,"(2, 1, 7, 9)",25
3907,conv2d_14,"(2, 0, 14, 0)",19
3908,conv2d_14,"(0, 0, 5, 4)",25
3909,conv2d_14,"(2, 1, 17, 36)",19
3910,conv2d_14,"(2, 2, 50, 57)",15
3911,conv2d_14,"(1, 0, 52, 43)",4
3912,conv2d_14,"(1, 2, 15, 33)",23
3913,conv2d_14,"(2, 0, 12, 36)",24
3914,conv2d_14,"(1, 2, 51, 62)",3
3915,conv2d_14,"(2, 2, 58, 0)",13
3916,conv2d_14,"(2, 2, 34, 16)",31
3917,conv2d_14,"(0, 0, 5, 48)",17
3918,conv2d_14,"(0, 0, 53, 3)",4
3919,conv2d_14,"(0, 0, 39, 18)",8
3920,conv2d_14,"(1, 1, 32, 16)",10
3921,conv2d_14,"(0, 0, 9, 24)",16
3922,conv2d_14,"(2, 2, 35, 24)",20
3923,conv2d_14,"(0, 2, 43, 17)",30
3924,conv2d_14,"(2, 2, 52, 15)",25
3925,conv2d_14,"(2, 2, 5, 60)",28
3926,conv2d_14,"(0, 0, 6, 38)",8
3927,conv2d_14,"(2, 2, 24, 48)",6
3928,conv2d_14,"(2, 2, 49, 27)",17
3929,conv2d_14,"(0, 2, 53, 60)",31
3930,conv2d_14,"(2, 1, 39, 43)",26
3931,conv2d_14,"(1, 2, 43, 61)",10
3932,conv2d_14,"(2, 0, 14, 26)",24
3933,conv2d_14,"(1, 2, 2, 32)",16
3934,conv2d_14,"(2, 0, 42, 45)",29
3935,conv2d_14,"(2, 2, 24, 37)",2
3936,conv2d_14,"(0, 2, 44, 19)",26
3937,conv2d_14,"(2, 0, 44, 48)",12
3938,conv2d_14,"(0, 2, 55, 40)",25
3939,conv2d_14,"(2, 2, 43, 33)",26
3940,conv2d_14,"(0, 2, 25, 34)",4
3941,conv2d_14,"(1, 2, 9, 7)",10
3942,conv2d_14,"(1, 2, 25, 0)",18
3943,conv2d_14,"(1, 2, 12, 30)",4
3944,conv2d_14,"(0, 1, 45, 58)",10
3945,conv2d_14,"(2, 2, 19, 46)",30
3946,conv2d_14,"(0, 1, 62, 28)",13
3947,conv2d_14,"(1, 2, 5, 5)",23
3948,conv2d_14,"(0, 2, 51, 15)",21
3949,conv2d_14,"(0, 1, 16, 43)",19
3950,conv2d_14,"(1, 0, 49, 31)",4
3951,conv2d_14,"(0, 1, 29, 9)",8
3952,conv2d_14,"(2, 1, 19, 48)",9
3953,conv2d_14,"(0, 1, 47, 30)",5
3954,conv2d_14,"(1, 0, 8, 3)",14
3955,conv2d_14,"(2, 0, 14, 23)",30
3956,conv2d_14,"(2, 0, 20, 32)",21
3957,conv2d_14,"(2, 1, 48, 42)",19
3958,conv2d_14,"(1, 0, 33, 45)",20
3959,conv2d_14,"(0, 2, 37, 36)",13
3960,conv2d_14,"(0, 1, 60, 39)",23
3961,conv2d_14,"(2, 2, 24, 32)",6
3962,conv2d_14,"(1, 1, 47, 15)",2
3963,conv2d_14,"(1, 0, 14, 9)",17
3964,conv2d_14,"(0, 1, 10, 11)",4
3965,conv2d_14,"(0, 0, 33, 6)",1
3966,conv2d_14,"(0, 0, 18, 46)",21
3967,conv2d_14,"(0, 0, 49, 25)",14
3968,conv2d_14,"(1, 1, 40, 48)",9
3969,conv2d_14,"(2, 1, 11, 59)",6
3970,conv2d_14,"(0, 1, 0, 44)",11
3971,conv2d_14,"(1, 1, 27, 10)",29
3972,conv2d_14,"(2, 2, 47, 9)",19
3973,conv2d_14,"(0, 1, 50, 41)",0
3974,conv2d_14,"(1, 2, 0, 7)",22
3975,conv2d_14,"(1, 2, 61, 1)",31
3976,conv2d_14,"(1, 0, 2, 34)",21
3977,conv2d_14,"(0, 0, 56, 7)",20
3978,conv2d_14,"(0, 0, 49, 60)",29
3979,conv2d_14,"(0, 0, 55, 9)",29
3980,conv2d_14,"(1, 1, 12, 50)",3
3981,conv2d_14,"(1, 0, 61, 41)",27
3982,conv2d_14,"(1, 0, 52, 8)",20
3983,conv2d_14,"(0, 1, 22, 7)",24
3984,conv2d_14,"(0, 1, 26, 55)",3
3985,conv2d_14,"(2, 1, 29, 17)",13
3986,conv2d_14,"(0, 1, 29, 47)",23
3987,conv2d_14,"(2, 1, 13, 51)",29
3988,conv2d_14,"(2, 1, 29, 16)",30
3989,conv2d_14,"(2, 1, 55, 13)",16
3990,conv2d_14,"(0, 1, 2, 17)",28
3991,conv2d_14,"(2, 2, 19, 14)",1
3992,conv2d_14,"(1, 0, 9, 51)",26
3993,conv2d_14,"(2, 1, 39, 0)",19
3994,conv2d_14,"(1, 0, 6, 46)",5
3995,conv2d_14,"(1, 0, 17, 25)",13
3996,conv2d_14,"(0, 2, 58, 35)",23
3997,conv2d_14,"(2, 1, 32, 2)",27
3998,conv2d_14,"(0, 1, 53, 0)",10
3999,conv2d_14,"(2, 1, 41, 0)",9
4000,conv2d_14,"(0, 2, 3, 54)",7
4001,conv2d_14,"(1, 2, 6, 48)",2
4002,conv2d_14,"(1, 1, 20, 11)",8
4003,conv2d_14,"(2, 1, 22, 30)",0
4004,conv2d_14,"(0, 2, 17, 5)",21
4005,conv2d_14,"(0, 1, 4, 20)",14
4006,conv2d_14,"(1, 1, 17, 60)",20
4007,conv2d_14,"(2, 1, 61, 52)",11
4008,conv2d_14,"(1, 0, 37, 19)",21
4009,conv2d_14,"(0, 0, 42, 46)",14
4010,conv2d_14,"(0, 1, 16, 12)",28
4011,conv2d_14,"(0, 0, 54, 40)",14
4012,conv2d_14,"(2, 0, 36, 59)",12
4013,conv2d_14,"(2, 2, 6, 63)",12
4014,conv2d_14,"(0, 2, 3, 43)",6
4015,conv2d_14,"(2, 1, 61, 4)",16
4016,conv2d_14,"(1, 2, 49, 37)",24
4017,conv2d_14,"(0, 2, 38, 8)",1
4018,conv2d_14,"(2, 2, 5, 45)",7
4019,conv2d_14,"(2, 1, 26, 44)",20
4020,conv2d_14,"(1, 1, 40, 20)",14
4021,conv2d_14,"(2, 0, 62, 13)",29
4022,conv2d_14,"(2, 2, 27, 38)",17
4023,conv2d_14,"(2, 1, 29, 15)",31
4024,conv2d_14,"(2, 1, 56, 16)",15
4025,conv2d_14,"(1, 0, 8, 26)",15
4026,conv2d_14,"(0, 1, 6, 48)",25
4027,conv2d_14,"(1, 0, 3, 11)",31
4028,conv2d_14,"(1, 2, 56, 55)",27
4029,conv2d_14,"(1, 2, 54, 2)",0
4030,conv2d_14,"(1, 0, 53, 20)",22
4031,conv2d_14,"(2, 1, 47, 38)",10
4032,conv2d_14,"(2, 0, 48, 9)",0
4033,conv2d_14,"(0, 0, 0, 6)",19
4034,conv2d_14,"(2, 1, 12, 52)",11
4035,conv2d_14,"(1, 2, 47, 36)",17
4036,conv2d_14,"(2, 2, 34, 42)",20
4037,conv2d_14,"(1, 2, 63, 17)",10
4038,conv2d_14,"(1, 0, 6, 28)",17
4039,conv2d_14,"(1, 2, 58, 5)",15
4040,conv2d_14,"(1, 0, 38, 34)",18
4041,conv2d_14,"(0, 0, 22, 45)",7
4042,conv2d_14,"(0, 1, 61, 13)",9
4043,conv2d_14,"(1, 1, 59, 48)",3
4044,conv2d_14,"(1, 1, 24, 25)",1
4045,conv2d_14,"(0, 2, 49, 54)",15
4046,conv2d_14,"(2, 0, 17, 31)",29
4047,conv2d_14,"(1, 1, 7, 36)",17
4048,conv2d_14,"(2, 2, 11, 45)",23
4049,conv2d_14,"(1, 0, 4, 15)",22
4050,conv2d_14,"(2, 0, 34, 47)",25
4051,conv2d_14,"(1, 0, 33, 31)",7
4052,conv2d_14,"(0, 2, 22, 17)",6
4053,conv2d_14,"(2, 2, 35, 0)",20
4054,conv2d_14,"(2, 1, 8, 33)",28
4055,conv2d_14,"(0, 0, 10, 14)",18
4056,conv2d_14,"(0, 1, 8, 1)",2
4057,conv2d_14,"(2, 0, 54, 5)",16
4058,conv2d_14,"(2, 1, 13, 60)",20
4059,conv2d_14,"(2, 1, 51, 26)",27
4060,conv2d_14,"(1, 2, 47, 43)",16
4061,conv2d_14,"(2, 1, 36, 1)",16
4062,conv2d_14,"(0, 2, 50, 51)",28
4063,conv2d_14,"(0, 0, 4, 61)",21
4064,conv2d_14,"(1, 0, 21, 2)",1
4065,conv2d_14,"(2, 2, 61, 63)",17
4066,conv2d_14,"(2, 2, 29, 1)",4
4067,conv2d_14,"(1, 1, 54, 3)",10
4068,conv2d_14,"(1, 0, 11, 14)",12
4069,conv2d_14,"(2, 2, 9, 52)",23
4070,conv2d_14,"(2, 1, 0, 62)",28
4071,conv2d_14,"(2, 1, 9, 42)",31
4072,conv2d_14,"(0, 0, 21, 16)",22
4073,conv2d_14,"(2, 0, 3, 12)",10
4074,conv2d_14,"(1, 2, 2, 20)",12
4075,conv2d_14,"(0, 1, 45, 28)",5
4076,conv2d_14,"(1, 0, 14, 37)",28
4077,conv2d_14,"(0, 0, 0, 40)",19
4078,conv2d_14,"(2, 1, 21, 9)",18
4079,conv2d_14,"(1, 2, 9, 13)",29
4080,conv2d_14,"(2, 2, 47, 11)",18
4081,conv2d_14,"(2, 0, 62, 59)",10
4082,conv2d_14,"(1, 1, 47, 26)",9
4083,conv2d_14,"(0, 0, 57, 12)",7
4084,conv2d_14,"(0, 1, 41, 20)",1
4085,conv2d_14,"(1, 2, 26, 31)",26
4086,conv2d_14,"(1, 0, 21, 35)",0
4087,conv2d_14,"(0, 2, 3, 53)",18
4088,conv2d_14,"(1, 2, 63, 48)",0
4089,conv2d_14,"(2, 2, 40, 35)",26
4090,conv2d_14,"(0, 1, 58, 16)",18
4091,conv2d_14,"(2, 0, 41, 18)",6
4092,conv2d_14,"(2, 1, 22, 7)",6
4093,conv2d_14,"(1, 0, 55, 10)",25
4094,conv2d_14,"(0, 1, 11, 28)",30
4095,conv2d_14,"(1, 2, 34, 50)",29
4096,conv2d_14,"(1, 1, 62, 9)",13
4097,conv2d_14,"(2, 2, 17, 58)",21
4098,conv2d_14,"(2, 1, 29, 33)",31
4099,conv2d_14,"(1, 2, 9, 27)",14
4100,conv2d_14,"(0, 0, 53, 2)",20
4101,conv2d_14,"(0, 2, 22, 35)",18
4102,conv2d_14,"(1, 1, 29, 57)",16
4103,conv2d_14,"(1, 0, 63, 54)",6
4104,conv2d_14,"(0, 0, 62, 7)",17
4105,conv2d_14,"(1, 0, 19, 17)",14
4106,conv2d_14,"(1, 0, 56, 58)",20
4107,conv2d_14,"(1, 0, 18, 63)",18
4108,conv2d_14,"(2, 0, 41, 27)",18
4109,conv2d_14,"(0, 0, 0, 54)",4
4110,conv2d_14,"(2, 0, 45, 10)",28
4111,conv2d_14,"(0, 0, 27, 19)",19
4112,conv2d_14,"(1, 1, 13, 41)",27
4113,conv2d_14,"(2, 1, 54, 31)",1
4114,conv2d_14,"(0, 1, 35, 23)",31
4115,conv2d_14,"(0, 0, 43, 48)",0
4116,conv2d_14,"(2, 0, 59, 46)",31
4117,conv2d_14,"(1, 1, 5, 3)",28
4118,conv2d_14,"(2, 0, 43, 51)",15
4119,conv2d_14,"(1, 0, 7, 11)",13
4120,conv2d_14,"(1, 0, 61, 42)",5
4121,conv2d_14,"(2, 0, 9, 0)",17
4122,conv2d_14,"(0, 0, 54, 27)",22
4123,conv2d_14,"(1, 0, 20, 31)",26
4124,conv2d_14,"(0, 0, 9, 57)",12
4125,conv2d_14,"(1, 1, 29, 60)",10
4126,conv2d_14,"(2, 1, 40, 44)",17
4127,conv2d_14,"(0, 1, 3, 57)",21
4128,conv2d_14,"(0, 2, 46, 59)",6
4129,conv2d_14,"(2, 0, 1, 22)",25
4130,conv2d_14,"(0, 0, 63, 42)",1
4131,conv2d_14,"(1, 1, 31, 63)",11
4132,conv2d_14,"(1, 1, 6, 29)",1
4133,conv2d_14,"(0, 1, 54, 4)",29
4134,conv2d_14,"(0, 2, 32, 4)",1
4135,conv2d_14,"(0, 1, 42, 16)",6
4136,conv2d_14,"(0, 1, 29, 13)",20
4137,conv2d_14,"(2, 0, 16, 13)",27
4138,conv2d_14,"(1, 0, 62, 30)",17
4139,conv2d_14,"(2, 1, 29, 31)",5
4140,conv2d_14,"(2, 0, 49, 57)",31
4141,conv2d_14,"(0, 1, 46, 30)",8
4142,conv2d_14,"(2, 2, 44, 7)",30
4143,conv2d_14,"(1, 2, 3, 32)",10
4144,conv2d_14,"(0, 1, 45, 54)",16
4145,conv2d_14,"(0, 2, 23, 55)",24
4146,conv2d_14,"(0, 2, 30, 43)",28
4147,conv2d_14,"(1, 1, 25, 24)",16
4148,conv2d_14,"(1, 0, 22, 12)",13
4149,conv2d_14,"(0, 0, 40, 41)",13
4150,conv2d_14,"(2, 1, 62, 21)",14
4151,conv2d_14,"(0, 2, 44, 17)",5
4152,conv2d_14,"(1, 0, 22, 3)",20
4153,conv2d_14,"(2, 0, 7, 43)",27
4154,conv2d_14,"(2, 1, 1, 59)",20
4155,conv2d_14,"(0, 0, 36, 45)",22
4156,conv2d_14,"(2, 0, 35, 12)",10
4157,conv2d_14,"(1, 2, 50, 50)",28
4158,conv2d_14,"(0, 2, 22, 38)",3
4159,conv2d_14,"(0, 0, 11, 9)",0
4160,conv2d_14,"(1, 0, 1, 54)",6
4161,conv2d_14,"(0, 1, 23, 60)",15
4162,conv2d_14,"(2, 1, 50, 56)",0
4163,conv2d_14,"(2, 2, 54, 54)",22
4164,conv2d_14,"(2, 0, 20, 50)",14
4165,conv2d_14,"(1, 1, 55, 5)",9
4166,conv2d_14,"(0, 0, 4, 47)",5
4167,conv2d_14,"(2, 2, 39, 17)",25
4168,conv2d_14,"(1, 2, 31, 42)",24
4169,conv2d_14,"(0, 1, 61, 60)",14
4170,conv2d_14,"(0, 1, 8, 10)",27
4171,conv2d_14,"(1, 1, 5, 48)",10
4172,conv2d_14,"(0, 1, 12, 62)",0
4173,conv2d_14,"(1, 2, 36, 31)",20
4174,conv2d_14,"(1, 1, 60, 43)",19
4175,conv2d_14,"(2, 2, 34, 50)",23
4176,conv2d_14,"(2, 2, 0, 44)",31
4177,conv2d_14,"(0, 0, 22, 20)",13
4178,conv2d_14,"(1, 1, 20, 45)",1
4179,conv2d_14,"(0, 1, 43, 54)",31
4180,conv2d_14,"(1, 0, 17, 45)",4
4181,conv2d_14,"(1, 1, 43, 57)",15
4182,conv2d_14,"(0, 1, 27, 22)",6
4183,conv2d_14,"(2, 2, 19, 35)",26
4184,conv2d_14,"(1, 1, 62, 51)",13
4185,conv2d_14,"(0, 2, 34, 29)",9
4186,conv2d_14,"(1, 1, 46, 44)",22
4187,conv2d_14,"(1, 2, 10, 18)",18
4188,conv2d_14,"(1, 0, 51, 48)",25
4189,conv2d_14,"(2, 1, 9, 7)",16
4190,conv2d_14,"(0, 0, 55, 13)",3
4191,conv2d_14,"(1, 2, 8, 62)",30
4192,conv2d_14,"(2, 0, 23, 3)",23
4193,conv2d_14,"(1, 0, 53, 22)",20
4194,conv2d_14,"(2, 1, 46, 47)",28
4195,conv2d_14,"(2, 0, 62, 46)",1
4196,conv2d_14,"(2, 1, 35, 0)",14
4197,conv2d_14,"(2, 2, 33, 18)",14
4198,conv2d_14,"(2, 2, 62, 51)",31
4199,conv2d_14,"(2, 1, 44, 2)",13
4200,conv2d_14,"(2, 0, 19, 4)",5
4201,conv2d_14,"(1, 2, 49, 26)",23
4202,conv2d_14,"(0, 0, 22, 55)",24
4203,conv2d_14,"(2, 1, 51, 48)",4
4204,conv2d_14,"(2, 2, 16, 47)",30
4205,conv2d_14,"(0, 2, 46, 7)",9
4206,conv2d_14,"(2, 2, 60, 31)",14
4207,conv2d_14,"(2, 0, 39, 49)",24
4208,conv2d_14,"(2, 2, 12, 24)",23
4209,conv2d_14,"(2, 1, 60, 40)",29
4210,conv2d_14,"(2, 2, 7, 34)",27
4211,conv2d_14,"(0, 0, 61, 59)",27
4212,conv2d_14,"(2, 1, 6, 0)",27
4213,conv2d_14,"(0, 1, 25, 51)",8
4214,conv2d_14,"(0, 0, 59, 26)",3
4215,conv2d_14,"(2, 2, 36, 41)",26
4216,conv2d_14,"(0, 2, 29, 32)",7
4217,conv2d_14,"(0, 0, 38, 11)",29
4218,conv2d_14,"(2, 2, 5, 28)",23
4219,conv2d_14,"(0, 2, 53, 58)",6
4220,conv2d_14,"(2, 2, 34, 35)",6
4221,conv2d_14,"(0, 1, 58, 37)",12
4222,conv2d_14,"(0, 1, 62, 11)",27
4223,conv2d_14,"(0, 1, 25, 18)",2
4224,conv2d_14,"(2, 2, 57, 12)",19
4225,conv2d_14,"(2, 2, 40, 50)",7
4226,conv2d_14,"(0, 2, 21, 12)",21
4227,conv2d_14,"(1, 2, 44, 60)",26
4228,conv2d_14,"(0, 1, 63, 15)",13
4229,conv2d_14,"(0, 1, 22, 9)",26
4230,conv2d_14,"(1, 2, 21, 16)",6
4231,conv2d_14,"(2, 2, 55, 31)",0
4232,conv2d_14,"(0, 0, 45, 36)",24
4233,conv2d_14,"(1, 1, 46, 47)",31
4234,conv2d_14,"(0, 0, 63, 17)",18
4235,conv2d_14,"(2, 0, 9, 22)",26
4236,conv2d_14,"(0, 2, 0, 20)",23
4237,conv2d_14,"(0, 0, 31, 51)",11
4238,conv2d_14,"(2, 0, 1, 31)",9
4239,conv2d_14,"(0, 1, 23, 19)",28
4240,conv2d_14,"(2, 0, 26, 17)",31
4241,conv2d_14,"(2, 0, 3, 2)",16
4242,conv2d_14,"(2, 2, 53, 32)",26
4243,conv2d_14,"(0, 2, 47, 24)",18
4244,conv2d_14,"(1, 2, 45, 7)",15
4245,conv2d_14,"(1, 1, 19, 4)",8
4246,conv2d_14,"(2, 2, 3, 2)",23
4247,conv2d_14,"(1, 0, 15, 15)",29
4248,conv2d_14,"(1, 2, 37, 45)",30
4249,conv2d_14,"(2, 0, 7, 36)",0
4250,conv2d_14,"(1, 1, 2, 34)",8
4251,conv2d_14,"(2, 0, 29, 3)",26
4252,conv2d_14,"(1, 2, 23, 49)",28
4253,conv2d_14,"(1, 2, 50, 26)",22
4254,conv2d_14,"(0, 1, 29, 18)",24
4255,conv2d_14,"(1, 1, 13, 44)",27
4256,conv2d_14,"(0, 2, 33, 8)",24
4257,conv2d_14,"(2, 0, 29, 43)",1
4258,conv2d_14,"(1, 2, 29, 48)",2
4259,conv2d_14,"(0, 2, 0, 5)",11
4260,conv2d_14,"(2, 2, 22, 30)",23
4261,conv2d_14,"(0, 2, 52, 11)",13
4262,conv2d_14,"(1, 1, 36, 23)",26
4263,conv2d_14,"(1, 2, 8, 10)",30
4264,conv2d_14,"(1, 1, 10, 51)",16
4265,conv2d_14,"(0, 1, 21, 1)",27
4266,conv2d_14,"(0, 2, 1, 23)",1
4267,conv2d_14,"(1, 1, 20, 55)",22
4268,conv2d_14,"(1, 2, 29, 7)",6
4269,conv2d_14,"(2, 0, 37, 61)",1
4270,conv2d_14,"(0, 1, 38, 15)",19
4271,conv2d_14,"(0, 1, 55, 38)",31
4272,conv2d_14,"(0, 2, 6, 47)",7
4273,conv2d_14,"(2, 0, 29, 51)",14
4274,conv2d_14,"(0, 2, 61, 19)",0
4275,conv2d_14,"(1, 1, 0, 49)",1
4276,conv2d_14,"(1, 2, 42, 43)",4
4277,conv2d_14,"(2, 1, 34, 13)",16
4278,conv2d_14,"(0, 2, 62, 6)",10
4279,conv2d_14,"(1, 0, 20, 42)",16
4280,conv2d_14,"(1, 2, 20, 27)",14
4281,conv2d_14,"(2, 1, 18, 20)",6
4282,conv2d_14,"(0, 0, 51, 10)",7
4283,conv2d_14,"(0, 0, 57, 32)",13
4284,conv2d_14,"(2, 1, 36, 29)",14
4285,conv2d_14,"(2, 0, 7, 6)",11
4286,conv2d_14,"(2, 0, 54, 41)",21
4287,conv2d_14,"(2, 2, 36, 2)",26
4288,conv2d_14,"(0, 1, 18, 19)",24
4289,conv2d_14,"(0, 0, 27, 56)",3
4290,conv2d_14,"(1, 1, 27, 24)",16
4291,conv2d_14,"(2, 1, 8, 45)",17
4292,conv2d_14,"(1, 2, 43, 2)",9
4293,conv2d_14,"(0, 1, 21, 54)",23
4294,conv2d_14,"(0, 2, 15, 39)",23
4295,conv2d_14,"(2, 2, 58, 21)",4
4296,conv2d_14,"(2, 0, 3, 5)",17
4297,conv2d_14,"(1, 0, 0, 45)",18
4298,conv2d_14,"(1, 2, 46, 5)",4
4299,conv2d_14,"(2, 1, 39, 34)",19
4300,conv2d_14,"(2, 0, 22, 23)",0
4301,conv2d_14,"(2, 0, 0, 49)",18
4302,conv2d_14,"(2, 2, 26, 53)",3
4303,conv2d_14,"(2, 0, 22, 31)",13
4304,conv2d_14,"(2, 1, 23, 44)",0
4305,conv2d_14,"(0, 1, 44, 20)",14
4306,conv2d_14,"(2, 2, 54, 57)",8
4307,conv2d_14,"(1, 2, 51, 56)",2
4308,conv2d_14,"(1, 1, 32, 38)",28
4309,conv2d_14,"(0, 2, 27, 12)",4
4310,conv2d_14,"(1, 0, 48, 0)",17
4311,conv2d_14,"(0, 0, 4, 2)",8
4312,conv2d_14,"(0, 0, 54, 51)",0
4313,conv2d_14,"(0, 0, 28, 50)",21
4314,conv2d_14,"(2, 1, 25, 37)",3
4315,conv2d_14,"(2, 2, 54, 16)",21
4316,conv2d_14,"(2, 0, 24, 1)",9
4317,conv2d_14,"(2, 0, 40, 17)",27
4318,conv2d_14,"(2, 2, 18, 34)",28
4319,conv2d_14,"(1, 1, 19, 37)",30
4320,conv2d_14,"(2, 1, 5, 18)",7
4321,conv2d_14,"(1, 0, 39, 14)",27
4322,conv2d_14,"(2, 2, 17, 40)",5
4323,conv2d_14,"(1, 1, 14, 17)",26
4324,conv2d_14,"(0, 2, 33, 52)",19
4325,conv2d_14,"(0, 1, 10, 34)",8
4326,conv2d_14,"(1, 0, 26, 0)",30
4327,conv2d_14,"(1, 0, 4, 38)",21
4328,conv2d_14,"(2, 0, 19, 24)",8
4329,conv2d_14,"(2, 2, 53, 45)",22
4330,conv2d_14,"(0, 0, 4, 39)",23
4331,conv2d_14,"(0, 0, 12, 49)",13
4332,conv2d_14,"(0, 2, 39, 10)",23
4333,conv2d_14,"(2, 0, 57, 12)",28
4334,conv2d_14,"(2, 2, 6, 30)",11
4335,conv2d_14,"(2, 0, 24, 55)",8
4336,conv2d_14,"(0, 0, 29, 17)",8
4337,conv2d_14,"(1, 1, 19, 7)",4
4338,conv2d_14,"(1, 1, 62, 31)",11
4339,conv2d_14,"(1, 2, 41, 14)",4
4340,conv2d_14,"(0, 0, 37, 53)",0
4341,conv2d_14,"(1, 0, 33, 52)",7
4342,conv2d_14,"(0, 0, 39, 2)",5
4343,conv2d_14,"(0, 0, 47, 53)",1
4344,conv2d_14,"(0, 0, 45, 52)",0
4345,conv2d_14,"(1, 1, 51, 57)",26
4346,conv2d_14,"(0, 2, 3, 17)",1
4347,conv2d_14,"(0, 1, 20, 25)",2
4348,conv2d_14,"(1, 1, 25, 38)",10
4349,conv2d_14,"(0, 2, 32, 1)",4
4350,conv2d_14,"(0, 0, 34, 60)",13
4351,conv2d_14,"(1, 2, 32, 26)",7
4352,conv2d_14,"(2, 2, 40, 57)",30
4353,conv2d_14,"(1, 2, 9, 53)",25
4354,conv2d_14,"(1, 1, 31, 57)",29
4355,conv2d_14,"(2, 1, 14, 38)",21
4356,conv2d_14,"(0, 2, 22, 56)",22
4357,conv2d_14,"(2, 2, 43, 29)",21
4358,conv2d_14,"(0, 2, 7, 14)",19
4359,conv2d_14,"(2, 1, 29, 25)",20
4360,conv2d_14,"(0, 2, 47, 63)",15
4361,conv2d_14,"(2, 1, 3, 21)",25
4362,conv2d_14,"(1, 0, 6, 8)",11
4363,conv2d_14,"(0, 0, 2, 33)",7
4364,conv2d_14,"(0, 0, 32, 27)",3
4365,conv2d_14,"(1, 0, 24, 1)",12
4366,conv2d_14,"(0, 1, 28, 27)",13
4367,conv2d_14,"(0, 1, 63, 44)",8
4368,conv2d_14,"(1, 1, 35, 29)",21
4369,conv2d_14,"(0, 0, 56, 18)",29
4370,conv2d_14,"(0, 0, 2, 31)",19
4371,conv2d_14,"(2, 0, 20, 61)",19
4372,conv2d_14,"(0, 1, 16, 38)",6
4373,conv2d_14,"(2, 1, 7, 56)",12
4374,conv2d_14,"(1, 2, 4, 12)",31
4375,conv2d_14,"(2, 2, 45, 7)",25
4376,conv2d_14,"(0, 1, 43, 48)",4
4377,conv2d_14,"(1, 2, 51, 8)",7
4378,conv2d_14,"(2, 0, 37, 9)",13
4379,conv2d_14,"(2, 2, 55, 7)",3
4380,conv2d_14,"(2, 2, 25, 15)",7
4381,conv2d_14,"(1, 2, 56, 48)",7
4382,conv2d_14,"(2, 2, 5, 24)",20
4383,conv2d_14,"(0, 2, 14, 14)",1
4384,conv2d_14,"(2, 0, 37, 38)",30
4385,conv2d_14,"(0, 2, 60, 50)",20
4386,conv2d_14,"(1, 1, 55, 27)",20
4387,conv2d_14,"(0, 0, 15, 31)",3
4388,conv2d_14,"(2, 1, 40, 12)",15
4389,conv2d_14,"(0, 2, 33, 59)",29
4390,conv2d_14,"(1, 1, 32, 54)",31
4391,conv2d_14,"(1, 1, 46, 56)",18
4392,conv2d_14,"(1, 2, 21, 5)",3
4393,conv2d_14,"(0, 2, 15, 2)",0
4394,conv2d_14,"(0, 1, 22, 43)",3
4395,conv2d_14,"(0, 0, 45, 0)",16
4396,conv2d_14,"(2, 0, 48, 42)",22
4397,conv2d_14,"(2, 0, 8, 44)",18
4398,conv2d_14,"(2, 0, 21, 11)",2
4399,conv2d_14,"(1, 0, 28, 44)",31
4400,conv2d_14,"(1, 0, 23, 14)",19
4401,conv2d_14,"(1, 1, 17, 23)",4
4402,conv2d_14,"(0, 1, 38, 54)",0
4403,conv2d_14,"(0, 0, 60, 40)",6
4404,conv2d_14,"(1, 2, 5, 36)",15
4405,conv2d_14,"(0, 2, 50, 49)",16
4406,conv2d_14,"(0, 2, 29, 36)",7
4407,conv2d_14,"(1, 2, 61, 38)",17
4408,conv2d_14,"(0, 0, 2, 24)",2
4409,conv2d_14,"(0, 2, 52, 59)",15
4410,conv2d_14,"(0, 2, 27, 54)",4
4411,conv2d_14,"(2, 1, 6, 40)",12
4412,conv2d_14,"(2, 0, 40, 24)",6
4413,conv2d_14,"(0, 2, 12, 34)",3
4414,conv2d_14,"(2, 0, 7, 63)",12
4415,conv2d_14,"(0, 2, 0, 38)",20
4416,conv2d_14,"(2, 1, 31, 10)",5
4417,conv2d_14,"(2, 0, 10, 8)",5
4418,conv2d_14,"(0, 1, 7, 46)",27
4419,conv2d_14,"(1, 1, 50, 34)",11
4420,conv2d_14,"(0, 1, 60, 22)",15
4421,conv2d_14,"(1, 2, 63, 6)",4
4422,conv2d_14,"(0, 1, 57, 39)",25
4423,conv2d_14,"(1, 2, 32, 37)",6
4424,conv2d_14,"(2, 1, 4, 38)",13
4425,conv2d_14,"(0, 1, 29, 2)",11
4426,conv2d_14,"(1, 2, 34, 3)",16
4427,conv2d_14,"(0, 2, 52, 32)",24
4428,conv2d_14,"(0, 1, 40, 50)",9
4429,conv2d_14,"(2, 2, 19, 42)",26
4430,conv2d_14,"(1, 2, 26, 30)",9
4431,conv2d_14,"(2, 0, 33, 8)",7
4432,conv2d_14,"(2, 0, 17, 0)",13
4433,conv2d_14,"(1, 2, 48, 55)",2
4434,conv2d_14,"(1, 2, 58, 61)",0
4435,conv2d_14,"(2, 2, 42, 51)",20
4436,conv2d_14,"(1, 2, 47, 12)",15
4437,conv2d_14,"(2, 2, 30, 25)",31
4438,conv2d_14,"(0, 2, 30, 61)",24
4439,conv2d_14,"(1, 1, 62, 57)",2
4440,conv2d_14,"(2, 2, 36, 61)",12
4441,conv2d_14,"(0, 2, 46, 17)",24
4442,conv2d_14,"(0, 2, 35, 33)",28
4443,conv2d_14,"(2, 1, 26, 58)",27
4444,conv2d_14,"(2, 2, 20, 54)",9
4445,conv2d_14,"(2, 0, 43, 44)",1
4446,conv2d_14,"(0, 1, 5, 51)",15
4447,conv2d_14,"(0, 2, 44, 5)",21
4448,conv2d_14,"(1, 1, 2, 32)",11
4449,conv2d_14,"(2, 0, 10, 24)",21
4450,conv2d_14,"(0, 2, 9, 45)",26
4451,conv2d_14,"(0, 1, 4, 32)",0
4452,conv2d_14,"(1, 1, 57, 60)",21
4453,conv2d_14,"(0, 2, 4, 39)",17
4454,conv2d_14,"(2, 0, 50, 22)",12
4455,conv2d_14,"(2, 1, 51, 59)",11
4456,conv2d_14,"(1, 0, 60, 8)",16
4457,conv2d_14,"(2, 0, 60, 13)",2
4458,conv2d_14,"(1, 0, 50, 41)",8
4459,conv2d_14,"(1, 2, 56, 43)",11
4460,conv2d_14,"(1, 1, 7, 5)",31
4461,conv2d_14,"(0, 1, 8, 29)",28
4462,conv2d_14,"(1, 2, 58, 3)",21
4463,conv2d_14,"(0, 1, 56, 10)",19
4464,conv2d_14,"(0, 2, 9, 11)",6
4465,conv2d_14,"(1, 0, 22, 7)",25
4466,conv2d_14,"(1, 0, 25, 50)",14
4467,conv2d_14,"(1, 0, 18, 9)",10
4468,conv2d_14,"(2, 2, 60, 9)",1
4469,conv2d_14,"(0, 0, 14, 44)",1
4470,conv2d_14,"(1, 1, 6, 12)",8
4471,conv2d_14,"(1, 0, 25, 19)",14
4472,conv2d_14,"(0, 1, 41, 27)",31
4473,conv2d_14,"(0, 2, 14, 60)",9
4474,conv2d_14,"(1, 2, 6, 55)",30
4475,conv2d_14,"(1, 1, 4, 28)",21
4476,conv2d_14,"(2, 1, 3, 18)",10
4477,conv2d_14,"(0, 0, 4, 12)",28
4478,conv2d_14,"(2, 2, 14, 46)",6
4479,conv2d_14,"(2, 1, 37, 56)",25
4480,conv2d_14,"(1, 0, 39, 46)",6
4481,conv2d_14,"(2, 2, 22, 54)",23
4482,conv2d_14,"(1, 2, 40, 8)",10
4483,conv2d_14,"(1, 1, 52, 43)",4
4484,conv2d_14,"(1, 0, 11, 41)",12
4485,conv2d_14,"(2, 1, 17, 44)",27
4486,conv2d_15,"(0, 1, 19, 6)",10
4487,conv2d_15,"(1, 1, 58, 14)",3
4488,conv2d_15,"(1, 0, 37, 60)",27
4489,conv2d_15,"(1, 2, 58, 42)",2
4490,conv2d_15,"(1, 0, 43, 37)",10
4491,conv2d_15,"(0, 0, 48, 41)",2
4492,conv2d_15,"(0, 0, 17, 38)",15
4493,conv2d_15,"(0, 2, 11, 40)",11
4494,conv2d_15,"(0, 0, 29, 50)",30
4495,conv2d_15,"(1, 2, 27, 57)",27
4496,conv2d_15,"(2, 1, 57, 10)",8
4497,conv2d_15,"(1, 2, 42, 19)",21
4498,conv2d_15,"(0, 1, 29, 36)",19
4499,conv2d_15,"(1, 2, 56, 4)",26
4500,conv2d_15,"(2, 2, 55, 51)",5
4501,conv2d_15,"(1, 1, 43, 51)",12
4502,conv2d_15,"(2, 1, 51, 49)",23
4503,conv2d_15,"(0, 1, 51, 44)",16
4504,conv2d_15,"(0, 2, 18, 9)",13
4505,conv2d_15,"(1, 1, 12, 19)",23
4506,conv2d_15,"(0, 0, 49, 29)",27
4507,conv2d_15,"(1, 0, 41, 60)",31
4508,conv2d_15,"(0, 1, 36, 14)",14
4509,conv2d_15,"(1, 0, 13, 30)",6
4510,conv2d_15,"(0, 1, 44, 29)",16
4511,conv2d_15,"(2, 0, 41, 26)",13
4512,conv2d_15,"(0, 2, 11, 3)",21
4513,conv2d_15,"(1, 1, 0, 62)",13
4514,conv2d_15,"(0, 2, 6, 33)",6
4515,conv2d_15,"(1, 0, 36, 1)",28
4516,conv2d_15,"(1, 1, 24, 48)",25
4517,conv2d_15,"(0, 1, 42, 61)",25
4518,conv2d_15,"(1, 1, 10, 10)",12
4519,conv2d_15,"(0, 1, 4, 11)",27
4520,conv2d_15,"(1, 0, 17, 59)",28
4521,conv2d_15,"(0, 1, 23, 18)",0
4522,conv2d_15,"(2, 0, 54, 44)",29
4523,conv2d_15,"(2, 1, 6, 30)",5
4524,conv2d_15,"(2, 2, 4, 9)",2
4525,conv2d_15,"(1, 1, 5, 48)",8
4526,conv2d_15,"(0, 2, 36, 6)",15
4527,conv2d_15,"(0, 1, 1, 59)",2
4528,conv2d_15,"(1, 2, 33, 18)",26
4529,conv2d_15,"(2, 2, 15, 18)",7
4530,conv2d_15,"(0, 1, 35, 18)",25
4531,conv2d_15,"(0, 0, 1, 15)",25
4532,conv2d_15,"(0, 0, 25, 15)",28
4533,conv2d_15,"(2, 1, 27, 45)",1
4534,conv2d_15,"(1, 1, 21, 43)",20
4535,conv2d_15,"(1, 1, 12, 28)",21
4536,conv2d_15,"(2, 0, 22, 61)",22
4537,conv2d_15,"(0, 1, 21, 17)",22
4538,conv2d_15,"(2, 2, 53, 29)",28
4539,conv2d_15,"(0, 1, 11, 35)",20
4540,conv2d_15,"(2, 1, 32, 61)",9
4541,conv2d_15,"(0, 1, 38, 48)",20
4542,conv2d_15,"(0, 1, 55, 7)",23
4543,conv2d_15,"(1, 2, 48, 37)",11
4544,conv2d_15,"(0, 1, 41, 58)",30
4545,conv2d_15,"(2, 2, 13, 25)",2
4546,conv2d_15,"(0, 2, 18, 29)",3
4547,conv2d_15,"(2, 2, 28, 35)",27
4548,conv2d_15,"(2, 0, 59, 14)",20
4549,conv2d_15,"(1, 2, 25, 21)",10
4550,conv2d_15,"(2, 2, 3, 62)",15
4551,conv2d_15,"(2, 0, 40, 14)",24
4552,conv2d_15,"(1, 2, 30, 31)",20
4553,conv2d_15,"(2, 2, 20, 7)",15
4554,conv2d_15,"(2, 1, 49, 12)",3
4555,conv2d_15,"(2, 1, 40, 4)",8
4556,conv2d_15,"(1, 0, 53, 3)",3
4557,conv2d_15,"(1, 1, 23, 10)",9
4558,conv2d_15,"(0, 0, 63, 62)",5
4559,conv2d_15,"(0, 1, 27, 52)",17
4560,conv2d_15,"(0, 1, 44, 40)",22
4561,conv2d_15,"(2, 1, 35, 11)",17
4562,conv2d_15,"(2, 2, 29, 53)",16
4563,conv2d_15,"(1, 2, 56, 30)",24
4564,conv2d_15,"(1, 2, 52, 17)",29
4565,conv2d_15,"(2, 2, 40, 49)",2
4566,conv2d_15,"(2, 1, 31, 55)",28
4567,conv2d_15,"(1, 2, 45, 1)",25
4568,conv2d_15,"(2, 1, 42, 35)",13
4569,conv2d_15,"(2, 1, 12, 7)",4
4570,conv2d_15,"(0, 2, 15, 30)",22
4571,conv2d_15,"(2, 2, 57, 14)",27
4572,conv2d_15,"(1, 2, 32, 59)",19
4573,conv2d_15,"(2, 1, 60, 49)",8
4574,conv2d_15,"(0, 1, 1, 43)",17
4575,conv2d_15,"(0, 2, 16, 57)",1
4576,conv2d_15,"(2, 1, 17, 45)",6
4577,conv2d_15,"(0, 0, 13, 13)",22
4578,conv2d_15,"(0, 1, 41, 54)",22
4579,conv2d_15,"(2, 2, 9, 40)",7
4580,conv2d_15,"(2, 0, 53, 53)",2
4581,conv2d_15,"(1, 1, 42, 45)",27
4582,conv2d_15,"(2, 1, 36, 20)",20
4583,conv2d_15,"(1, 1, 55, 42)",30
4584,conv2d_15,"(0, 1, 30, 17)",30
4585,conv2d_15,"(2, 1, 61, 6)",20
4586,conv2d_15,"(1, 1, 19, 24)",28
4587,conv2d_15,"(0, 1, 24, 55)",30
4588,conv2d_15,"(1, 1, 35, 8)",24
4589,conv2d_15,"(0, 1, 30, 11)",16
4590,conv2d_15,"(2, 1, 14, 25)",24
4591,conv2d_15,"(0, 1, 39, 33)",16
4592,conv2d_15,"(0, 0, 5, 52)",20
4593,conv2d_15,"(0, 0, 32, 50)",21
4594,conv2d_15,"(0, 2, 42, 33)",9
4595,conv2d_15,"(2, 0, 51, 3)",23
4596,conv2d_15,"(1, 2, 47, 14)",8
4597,conv2d_15,"(2, 0, 35, 5)",20
4598,conv2d_15,"(1, 2, 21, 8)",2
4599,conv2d_15,"(0, 0, 2, 36)",26
4600,conv2d_15,"(1, 1, 52, 13)",23
4601,conv2d_15,"(1, 0, 3, 14)",12
4602,conv2d_15,"(2, 2, 43, 22)",8
4603,conv2d_15,"(2, 2, 43, 9)",15
4604,conv2d_15,"(2, 2, 7, 36)",1
4605,conv2d_15,"(0, 2, 51, 48)",13
4606,conv2d_15,"(2, 1, 57, 22)",8
4607,conv2d_15,"(1, 0, 11, 26)",13
4608,conv2d_15,"(0, 2, 40, 29)",18
4609,conv2d_15,"(0, 0, 29, 2)",12
4610,conv2d_15,"(0, 0, 23, 15)",17
4611,conv2d_15,"(1, 2, 3, 51)",10
4612,conv2d_15,"(1, 0, 39, 39)",22
4613,conv2d_15,"(2, 2, 28, 15)",19
4614,conv2d_15,"(0, 2, 23, 38)",2
4615,conv2d_15,"(0, 0, 33, 38)",13
4616,conv2d_15,"(1, 2, 37, 17)",15
4617,conv2d_15,"(2, 0, 41, 49)",0
4618,conv2d_15,"(0, 0, 53, 63)",28
4619,conv2d_15,"(1, 1, 40, 36)",22
4620,conv2d_15,"(0, 0, 14, 6)",12
4621,conv2d_15,"(1, 0, 47, 11)",28
4622,conv2d_15,"(2, 0, 6, 26)",30
4623,conv2d_15,"(2, 2, 57, 30)",15
4624,conv2d_15,"(1, 0, 33, 38)",14
4625,conv2d_15,"(2, 2, 44, 38)",26
4626,conv2d_15,"(0, 1, 55, 29)",1
4627,conv2d_15,"(2, 1, 63, 3)",26
4628,conv2d_15,"(0, 0, 63, 56)",8
4629,conv2d_15,"(2, 0, 6, 0)",4
4630,conv2d_15,"(0, 0, 62, 57)",9
4631,conv2d_15,"(1, 1, 56, 21)",28
4632,conv2d_15,"(2, 2, 48, 51)",9
4633,conv2d_15,"(1, 0, 32, 56)",24
4634,conv2d_15,"(2, 0, 62, 2)",10
4635,conv2d_15,"(1, 1, 8, 37)",9
4636,conv2d_15,"(1, 2, 23, 50)",17
4637,conv2d_15,"(0, 0, 37, 11)",7
4638,conv2d_15,"(0, 0, 58, 55)",6
4639,conv2d_15,"(2, 2, 1, 24)",10
4640,conv2d_15,"(1, 1, 20, 18)",28
4641,conv2d_15,"(1, 0, 13, 28)",0
4642,conv2d_15,"(0, 2, 18, 26)",3
4643,conv2d_15,"(2, 0, 0, 39)",25
4644,conv2d_15,"(2, 2, 52, 14)",13
4645,conv2d_15,"(2, 1, 30, 47)",22
4646,conv2d_15,"(0, 0, 47, 19)",8
4647,conv2d_15,"(1, 1, 61, 7)",16
4648,conv2d_15,"(0, 0, 14, 12)",17
4649,conv2d_15,"(1, 2, 40, 16)",12
4650,conv2d_15,"(0, 2, 43, 54)",1
4651,conv2d_15,"(1, 1, 15, 55)",26
4652,conv2d_15,"(0, 0, 30, 50)",14
4653,conv2d_15,"(1, 1, 11, 44)",30
4654,conv2d_15,"(2, 0, 47, 26)",4
4655,conv2d_15,"(1, 0, 44, 57)",2
4656,conv2d_15,"(2, 1, 40, 54)",0
4657,conv2d_15,"(0, 2, 57, 6)",27
4658,conv2d_15,"(1, 2, 45, 23)",8
4659,conv2d_15,"(1, 1, 55, 39)",5
4660,conv2d_15,"(1, 2, 9, 46)",1
4661,conv2d_15,"(2, 2, 21, 51)",4
4662,conv2d_15,"(1, 0, 29, 22)",27
4663,conv2d_15,"(1, 2, 30, 59)",6
4664,conv2d_15,"(2, 2, 39, 17)",15
4665,conv2d_15,"(1, 0, 31, 6)",8
4666,conv2d_15,"(0, 0, 2, 1)",25
4667,conv2d_15,"(0, 2, 59, 43)",10
4668,conv2d_15,"(0, 1, 38, 24)",28
4669,conv2d_15,"(1, 1, 7, 52)",7
4670,conv2d_15,"(1, 2, 63, 49)",8
4671,conv2d_15,"(0, 1, 50, 10)",17
4672,conv2d_15,"(2, 0, 7, 56)",11
4673,conv2d_15,"(0, 0, 32, 26)",8
4674,conv2d_15,"(1, 1, 57, 37)",28
4675,conv2d_15,"(0, 0, 0, 24)",24
4676,conv2d_15,"(1, 0, 44, 52)",2
4677,conv2d_15,"(2, 1, 14, 9)",25
4678,conv2d_15,"(0, 0, 43, 5)",6
4679,conv2d_15,"(2, 0, 56, 51)",9
4680,conv2d_15,"(1, 0, 22, 44)",21
4681,conv2d_15,"(1, 2, 57, 25)",2
4682,conv2d_15,"(0, 0, 18, 37)",29
4683,conv2d_15,"(0, 2, 48, 21)",12
4684,conv2d_15,"(0, 0, 63, 13)",29
4685,conv2d_15,"(2, 0, 1, 24)",5
4686,conv2d_15,"(2, 0, 15, 5)",15
4687,conv2d_15,"(2, 0, 25, 40)",24
4688,conv2d_15,"(0, 1, 62, 0)",12
4689,conv2d_15,"(1, 0, 33, 1)",5
4690,conv2d_15,"(2, 0, 19, 28)",7
4691,conv2d_15,"(0, 2, 55, 10)",1
4692,conv2d_15,"(0, 2, 49, 46)",4
4693,conv2d_15,"(2, 2, 47, 6)",29
4694,conv2d_15,"(0, 1, 56, 42)",31
4695,conv2d_15,"(0, 0, 54, 17)",1
4696,conv2d_15,"(0, 0, 22, 63)",18
4697,conv2d_15,"(2, 0, 51, 2)",17
4698,conv2d_15,"(1, 0, 12, 9)",27
4699,conv2d_15,"(2, 1, 8, 17)",22
4700,conv2d_15,"(0, 1, 63, 57)",18
4701,conv2d_15,"(1, 0, 45, 44)",23
4702,conv2d_15,"(1, 1, 25, 28)",6
4703,conv2d_15,"(0, 1, 5, 56)",20
4704,conv2d_15,"(1, 1, 25, 36)",15
4705,conv2d_15,"(1, 0, 5, 7)",0
4706,conv2d_15,"(2, 1, 16, 47)",0
4707,conv2d_15,"(1, 2, 36, 44)",5
4708,conv2d_15,"(1, 0, 11, 14)",28
4709,conv2d_15,"(2, 0, 54, 12)",0
4710,conv2d_15,"(1, 0, 10, 48)",22
4711,conv2d_15,"(2, 2, 19, 35)",18
4712,conv2d_15,"(2, 2, 21, 35)",31
4713,conv2d_15,"(0, 2, 54, 48)",31
4714,conv2d_15,"(1, 1, 29, 47)",25
4715,conv2d_15,"(0, 2, 26, 43)",22
4716,conv2d_15,"(1, 1, 4, 45)",25
4717,conv2d_15,"(1, 2, 58, 57)",25
4718,conv2d_15,"(1, 0, 33, 53)",6
4719,conv2d_15,"(0, 1, 52, 46)",0
4720,conv2d_15,"(1, 2, 1, 15)",9
4721,conv2d_15,"(2, 1, 23, 57)",19
4722,conv2d_15,"(1, 0, 48, 3)",9
4723,conv2d_15,"(1, 0, 58, 47)",18
4724,conv2d_15,"(1, 2, 38, 10)",11
4725,conv2d_15,"(0, 0, 25, 34)",25
4726,conv2d_15,"(2, 0, 55, 41)",6
4727,conv2d_15,"(2, 2, 43, 15)",0
4728,conv2d_15,"(1, 2, 12, 21)",7
4729,conv2d_15,"(1, 0, 21, 48)",2
4730,conv2d_15,"(2, 1, 17, 38)",29
4731,conv2d_15,"(0, 0, 58, 24)",27
4732,conv2d_15,"(1, 1, 41, 27)",3
4733,conv2d_15,"(1, 2, 16, 52)",0
4734,conv2d_15,"(0, 0, 11, 35)",20
4735,conv2d_15,"(0, 1, 14, 54)",18
4736,conv2d_15,"(1, 0, 37, 24)",24
4737,conv2d_15,"(1, 0, 58, 6)",26
4738,conv2d_15,"(2, 2, 9, 22)",30
4739,conv2d_15,"(2, 1, 43, 8)",22
4740,conv2d_15,"(0, 0, 33, 3)",13
4741,conv2d_15,"(1, 0, 58, 40)",19
4742,conv2d_15,"(0, 0, 9, 9)",5
4743,conv2d_15,"(0, 0, 12, 28)",23
4744,conv2d_15,"(1, 1, 31, 63)",24
4745,conv2d_15,"(0, 1, 13, 18)",8
4746,conv2d_15,"(0, 0, 44, 8)",7
4747,conv2d_15,"(0, 1, 33, 45)",5
4748,conv2d_15,"(1, 0, 56, 40)",18
4749,conv2d_15,"(1, 0, 55, 46)",4
4750,conv2d_15,"(0, 0, 58, 59)",17
4751,conv2d_15,"(0, 1, 58, 48)",13
4752,conv2d_15,"(0, 2, 0, 56)",13
4753,conv2d_15,"(2, 1, 0, 11)",13
4754,conv2d_15,"(2, 0, 21, 10)",14
4755,conv2d_15,"(1, 0, 45, 23)",26
4756,conv2d_15,"(1, 2, 0, 33)",7
4757,conv2d_15,"(0, 0, 63, 44)",11
4758,conv2d_15,"(0, 0, 24, 19)",27
4759,conv2d_15,"(2, 2, 9, 11)",29
4760,conv2d_15,"(1, 0, 44, 55)",3
4761,conv2d_15,"(2, 0, 35, 4)",22
4762,conv2d_15,"(0, 0, 9, 30)",28
4763,conv2d_15,"(2, 0, 55, 45)",23
4764,conv2d_15,"(0, 0, 42, 38)",28
4765,conv2d_15,"(2, 1, 45, 39)",21
4766,conv2d_15,"(1, 1, 40, 46)",9
4767,conv2d_15,"(0, 2, 43, 28)",20
4768,conv2d_15,"(0, 0, 33, 17)",31
4769,conv2d_15,"(1, 0, 57, 20)",24
4770,conv2d_15,"(2, 2, 44, 51)",26
4771,conv2d_15,"(0, 0, 47, 56)",28
4772,conv2d_15,"(2, 0, 16, 43)",15
4773,conv2d_15,"(2, 1, 47, 7)",21
4774,conv2d_15,"(0, 1, 28, 27)",1
4775,conv2d_15,"(1, 2, 40, 28)",3
4776,conv2d_15,"(2, 1, 28, 53)",19
4777,conv2d_15,"(2, 1, 30, 57)",20
4778,conv2d_15,"(0, 0, 32, 47)",2
4779,conv2d_15,"(0, 1, 63, 52)",4
4780,conv2d_15,"(2, 0, 43, 54)",23
4781,conv2d_15,"(2, 0, 48, 1)",27
4782,conv2d_15,"(0, 1, 54, 58)",18
4783,conv2d_15,"(0, 1, 63, 46)",8
4784,conv2d_15,"(2, 0, 1, 16)",16
4785,conv2d_15,"(1, 1, 2, 52)",31
4786,conv2d_15,"(0, 1, 23, 61)",14
4787,conv2d_15,"(0, 0, 22, 52)",26
4788,conv2d_15,"(0, 2, 45, 21)",16
4789,conv2d_15,"(2, 1, 20, 9)",26
4790,conv2d_15,"(1, 0, 10, 60)",28
4791,conv2d_15,"(0, 1, 0, 32)",14
4792,conv2d_15,"(2, 2, 12, 2)",9
4793,conv2d_15,"(0, 2, 12, 57)",3
4794,conv2d_15,"(2, 0, 55, 48)",17
4795,conv2d_15,"(1, 1, 42, 29)",21
4796,conv2d_15,"(0, 0, 27, 25)",20
4797,conv2d_15,"(2, 2, 8, 59)",24
4798,conv2d_15,"(2, 0, 13, 33)",16
4799,conv2d_15,"(0, 2, 50, 50)",11
4800,conv2d_15,"(1, 1, 37, 32)",21
4801,conv2d_15,"(2, 1, 51, 30)",12
4802,conv2d_15,"(1, 0, 14, 39)",4
4803,conv2d_15,"(2, 2, 59, 46)",27
4804,conv2d_15,"(1, 2, 43, 30)",28
4805,conv2d_15,"(1, 2, 53, 42)",28
4806,conv2d_15,"(2, 0, 46, 17)",10
4807,conv2d_15,"(2, 1, 10, 26)",31
4808,conv2d_15,"(0, 2, 9, 50)",13
4809,conv2d_15,"(1, 0, 3, 37)",16
4810,conv2d_15,"(1, 1, 16, 11)",31
4811,conv2d_15,"(0, 1, 61, 14)",18
4812,conv2d_15,"(1, 0, 32, 27)",14
4813,conv2d_15,"(1, 2, 30, 28)",8
4814,conv2d_15,"(2, 2, 43, 39)",16
4815,conv2d_15,"(1, 0, 10, 8)",22
4816,conv2d_15,"(1, 1, 15, 24)",1
4817,conv2d_15,"(2, 0, 36, 39)",22
4818,conv2d_15,"(2, 0, 6, 1)",13
4819,conv2d_15,"(0, 0, 4, 51)",25
4820,conv2d_15,"(2, 1, 15, 50)",28
4821,conv2d_15,"(2, 1, 28, 41)",12
4822,conv2d_15,"(0, 2, 16, 5)",31
4823,conv2d_15,"(0, 2, 1, 22)",21
4824,conv2d_15,"(2, 1, 25, 4)",13
4825,conv2d_15,"(2, 0, 54, 27)",5
4826,conv2d_15,"(0, 0, 36, 42)",30
4827,conv2d_15,"(0, 1, 62, 39)",6
4828,conv2d_15,"(0, 2, 31, 33)",8
4829,conv2d_15,"(1, 2, 57, 41)",7
4830,conv2d_15,"(1, 2, 52, 57)",26
4831,conv2d_15,"(2, 1, 31, 43)",25
4832,conv2d_15,"(2, 2, 36, 47)",23
4833,conv2d_15,"(2, 0, 25, 35)",25
4834,conv2d_15,"(1, 2, 52, 6)",24
4835,conv2d_15,"(2, 0, 57, 52)",14
4836,conv2d_15,"(0, 0, 24, 50)",3
4837,conv2d_15,"(2, 1, 38, 48)",3
4838,conv2d_15,"(2, 2, 3, 59)",17
4839,conv2d_15,"(0, 0, 21, 36)",22
4840,conv2d_15,"(1, 1, 39, 26)",7
4841,conv2d_15,"(1, 2, 32, 16)",19
4842,conv2d_15,"(0, 2, 23, 53)",6
4843,conv2d_15,"(1, 1, 22, 11)",20
4844,conv2d_15,"(0, 2, 15, 46)",14
4845,conv2d_15,"(2, 2, 31, 60)",27
4846,conv2d_15,"(2, 1, 28, 58)",22
4847,conv2d_15,"(1, 2, 54, 54)",10
4848,conv2d_15,"(1, 1, 7, 60)",4
4849,conv2d_15,"(1, 0, 9, 29)",3
4850,conv2d_15,"(0, 0, 7, 2)",13
4851,conv2d_15,"(1, 1, 30, 26)",29
4852,conv2d_15,"(0, 0, 5, 24)",29
4853,conv2d_15,"(0, 0, 63, 60)",19
4854,conv2d_15,"(1, 2, 28, 54)",11
4855,conv2d_15,"(2, 1, 18, 19)",12
4856,conv2d_15,"(1, 0, 17, 7)",29
4857,conv2d_15,"(1, 0, 54, 43)",4
4858,conv2d_15,"(2, 2, 44, 18)",24
4859,conv2d_15,"(0, 0, 40, 61)",0
4860,conv2d_15,"(1, 1, 63, 51)",12
4861,conv2d_15,"(2, 2, 35, 12)",2
4862,conv2d_15,"(0, 2, 53, 22)",24
4863,conv2d_15,"(2, 2, 55, 26)",22
4864,conv2d_15,"(2, 1, 56, 43)",0
4865,conv2d_15,"(2, 1, 24, 63)",26
4866,conv2d_15,"(0, 2, 52, 8)",2
4867,conv2d_15,"(1, 1, 14, 60)",26
4868,conv2d_15,"(0, 0, 33, 34)",10
4869,conv2d_15,"(0, 2, 26, 23)",10
4870,conv2d_15,"(0, 2, 23, 8)",9
4871,conv2d_15,"(0, 2, 14, 40)",31
4872,conv2d_15,"(0, 1, 7, 37)",21
4873,conv2d_15,"(1, 2, 11, 24)",20
4874,conv2d_15,"(1, 2, 37, 48)",1
4875,conv2d_15,"(2, 0, 5, 28)",7
4876,conv2d_15,"(0, 0, 54, 62)",22
4877,conv2d_15,"(1, 0, 38, 44)",7
4878,conv2d_15,"(1, 1, 10, 15)",26
4879,conv2d_15,"(0, 2, 20, 62)",20
4880,conv2d_15,"(1, 1, 30, 54)",20
4881,conv2d_15,"(2, 0, 55, 61)",17
4882,conv2d_15,"(2, 1, 30, 36)",20
4883,conv2d_15,"(1, 1, 17, 60)",29
4884,conv2d_15,"(2, 2, 5, 25)",16
4885,conv2d_15,"(2, 1, 1, 47)",11
4886,conv2d_15,"(2, 1, 2, 17)",25
4887,conv2d_15,"(0, 2, 57, 9)",8
4888,conv2d_15,"(1, 2, 30, 9)",26
4889,conv2d_15,"(0, 0, 17, 16)",31
4890,conv2d_15,"(1, 1, 54, 35)",4
4891,conv2d_15,"(2, 2, 44, 16)",5
4892,conv2d_15,"(1, 0, 54, 34)",10
4893,conv2d_15,"(1, 1, 21, 41)",4
4894,conv2d_15,"(2, 0, 3, 16)",9
4895,conv2d_15,"(0, 0, 23, 51)",29
4896,conv2d_15,"(1, 2, 60, 19)",29
4897,conv2d_15,"(1, 1, 10, 51)",1
4898,conv2d_15,"(2, 0, 36, 49)",23
4899,conv2d_15,"(1, 2, 13, 31)",24
4900,conv2d_15,"(2, 1, 55, 15)",28
4901,conv2d_15,"(1, 0, 14, 13)",3
4902,conv2d_15,"(0, 1, 23, 55)",18
4903,conv2d_15,"(1, 0, 23, 59)",12
4904,conv2d_15,"(0, 0, 6, 35)",1
4905,conv2d_15,"(0, 1, 40, 4)",10
4906,conv2d_15,"(1, 0, 58, 39)",27
4907,conv2d_15,"(1, 1, 55, 46)",20
4908,conv2d_15,"(1, 1, 13, 36)",30
4909,conv2d_15,"(0, 2, 45, 9)",5
4910,conv2d_15,"(1, 0, 27, 39)",6
4911,conv2d_15,"(1, 0, 38, 26)",6
4912,conv2d_15,"(1, 1, 34, 44)",25
4913,conv2d_15,"(2, 0, 55, 22)",0
4914,conv2d_15,"(2, 1, 23, 17)",24
4915,conv2d_15,"(0, 2, 41, 13)",20
4916,conv2d_15,"(1, 1, 38, 25)",27
4917,conv2d_15,"(2, 2, 17, 7)",3
4918,conv2d_15,"(0, 2, 1, 45)",30
4919,conv2d_15,"(2, 0, 55, 59)",3
4920,conv2d_15,"(0, 0, 12, 16)",3
4921,conv2d_15,"(0, 2, 20, 53)",2
4922,conv2d_15,"(1, 1, 11, 11)",15
4923,conv2d_15,"(0, 0, 17, 39)",1
4924,conv2d_15,"(1, 0, 12, 36)",0
4925,conv2d_15,"(1, 1, 14, 10)",26
4926,conv2d_15,"(0, 2, 34, 27)",31
4927,conv2d_15,"(2, 2, 50, 60)",26
4928,conv2d_15,"(1, 1, 18, 6)",24
4929,conv2d_15,"(0, 0, 26, 54)",30
4930,conv2d_15,"(0, 1, 42, 49)",26
4931,conv2d_15,"(0, 1, 61, 7)",21
4932,conv2d_15,"(0, 1, 18, 31)",31
4933,conv2d_15,"(2, 1, 60, 36)",0
4934,conv2d_15,"(0, 1, 50, 1)",10
4935,conv2d_15,"(2, 1, 25, 61)",3
4936,conv2d_15,"(1, 1, 40, 51)",12
4937,conv2d_15,"(2, 0, 58, 13)",29
4938,conv2d_15,"(0, 2, 37, 24)",13
4939,conv2d_15,"(0, 0, 10, 47)",0
4940,conv2d_15,"(0, 0, 34, 10)",8
4941,conv2d_15,"(1, 1, 34, 13)",13
4942,conv2d_15,"(2, 1, 13, 42)",16
4943,conv2d_15,"(0, 1, 17, 45)",3
4944,conv2d_15,"(0, 0, 50, 26)",19
4945,conv2d_15,"(2, 1, 62, 30)",15
4946,conv2d_15,"(2, 2, 16, 60)",31
4947,conv2d_15,"(1, 0, 53, 4)",10
4948,conv2d_15,"(1, 0, 14, 52)",14
4949,conv2d_15,"(1, 1, 30, 5)",9
4950,conv2d_15,"(2, 0, 21, 54)",7
4951,conv2d_15,"(1, 1, 19, 38)",14
4952,conv2d_15,"(2, 1, 53, 52)",29
4953,conv2d_15,"(2, 1, 27, 35)",6
4954,conv2d_15,"(1, 2, 54, 4)",13
4955,conv2d_15,"(2, 1, 59, 19)",30
4956,conv2d_15,"(2, 0, 10, 48)",28
4957,conv2d_15,"(1, 0, 1, 60)",5
4958,conv2d_15,"(1, 1, 35, 4)",24
4959,conv2d_15,"(1, 2, 37, 35)",19
4960,conv2d_15,"(1, 0, 34, 2)",15
4961,conv2d_15,"(1, 2, 41, 62)",0
4962,conv2d_15,"(0, 2, 21, 60)",3
4963,conv2d_15,"(1, 1, 36, 28)",8
4964,conv2d_15,"(1, 0, 33, 47)",9
4965,conv2d_15,"(2, 0, 9, 62)",30
4966,conv2d_15,"(0, 0, 12, 7)",28
4967,conv2d_15,"(0, 0, 31, 36)",8
4968,conv2d_15,"(1, 2, 38, 15)",24
4969,conv2d_15,"(2, 0, 12, 55)",0
4970,conv2d_15,"(0, 0, 39, 35)",6
4971,conv2d_15,"(1, 2, 2, 29)",11
4972,conv2d_15,"(0, 0, 20, 39)",23
4973,conv2d_15,"(1, 2, 51, 43)",10
4974,conv2d_15,"(2, 1, 10, 44)",4
4975,conv2d_15,"(2, 0, 0, 15)",27
4976,conv2d_15,"(2, 1, 26, 46)",2
4977,conv2d_15,"(2, 1, 59, 11)",26
4978,conv2d_15,"(2, 2, 61, 15)",13
4979,conv2d_15,"(0, 1, 62, 44)",30
4980,conv2d_15,"(0, 0, 9, 6)",15
4981,conv2d_15,"(2, 2, 3, 5)",6
4982,conv2d_15,"(1, 0, 51, 19)",20
4983,conv2d_15,"(0, 1, 40, 57)",29
4984,conv2d_15,"(0, 2, 13, 54)",31
4985,conv2d_15,"(0, 2, 12, 32)",17
4986,conv2d_15,"(1, 2, 7, 52)",0
4987,conv2d_15,"(0, 1, 34, 48)",29
4988,conv2d_15,"(1, 0, 7, 44)",15
4989,conv2d_15,"(1, 2, 2, 52)",16
4990,conv2d_15,"(0, 1, 28, 42)",14
4991,conv2d_15,"(1, 0, 8, 25)",30
4992,conv2d_15,"(2, 1, 13, 11)",12
4993,conv2d_15,"(2, 0, 18, 54)",27
4994,conv2d_15,"(0, 0, 6, 53)",17
4995,conv2d_15,"(0, 0, 14, 51)",26
4996,conv2d_15,"(1, 1, 19, 26)",22
4997,conv2d_15,"(2, 2, 19, 20)",31
4998,conv2d_15,"(1, 1, 42, 50)",10
4999,conv2d_15,"(0, 0, 3, 50)",24
5000,conv2d_15,"(2, 2, 26, 35)",20
5001,conv2d_15,"(2, 2, 20, 30)",13
5002,conv2d_15,"(2, 1, 5, 36)",19
5003,conv2d_15,"(0, 2, 5, 2)",2
5004,conv2d_15,"(0, 0, 42, 31)",3
5005,conv2d_15,"(2, 0, 3, 25)",22
5006,conv2d_15,"(2, 2, 55, 58)",14
5007,conv2d_15,"(2, 2, 50, 33)",4
5008,conv2d_15,"(0, 1, 0, 20)",9
5009,conv2d_15,"(2, 1, 59, 58)",25
5010,conv2d_15,"(2, 2, 10, 27)",16
5011,conv2d_15,"(2, 0, 24, 3)",29
5012,conv2d_15,"(0, 2, 60, 5)",25
5013,conv2d_15,"(2, 1, 16, 27)",5
5014,conv2d_15,"(1, 0, 6, 46)",16
5015,conv2d_15,"(1, 1, 42, 12)",15
5016,conv2d_15,"(2, 1, 39, 48)",2
5017,conv2d_15,"(1, 2, 13, 1)",13
5018,conv2d_15,"(1, 2, 39, 36)",4
5019,conv2d_15,"(1, 0, 19, 11)",19
5020,conv2d_15,"(2, 1, 3, 49)",25
5021,conv2d_15,"(2, 0, 63, 12)",24
5022,conv2d_15,"(1, 2, 49, 20)",26
5023,conv2d_15,"(1, 2, 39, 29)",22
5024,conv2d_15,"(0, 2, 50, 9)",5
5025,conv2d_15,"(2, 0, 43, 22)",23
5026,conv2d_15,"(1, 1, 60, 50)",8
5027,conv2d_15,"(1, 2, 35, 36)",19
5028,conv2d_15,"(1, 2, 2, 42)",6
5029,conv2d_15,"(2, 1, 34, 33)",27
5030,conv2d_15,"(2, 2, 19, 50)",7
5031,conv2d_15,"(0, 2, 3, 23)",10
5032,conv2d_15,"(0, 2, 27, 18)",6
5033,conv2d_15,"(1, 0, 3, 23)",12
5034,conv2d_15,"(1, 0, 4, 2)",26
5035,conv2d_15,"(2, 1, 35, 26)",2
5036,conv2d_15,"(1, 2, 18, 41)",11
5037,conv2d_15,"(0, 0, 20, 45)",8
5038,conv2d_15,"(0, 0, 19, 6)",30
5039,conv2d_15,"(1, 2, 15, 63)",6
5040,conv2d_15,"(2, 2, 38, 27)",13
5041,conv2d_15,"(2, 0, 62, 0)",17
5042,conv2d_15,"(2, 0, 1, 63)",30
5043,conv2d_15,"(0, 0, 45, 25)",17
5044,conv2d_15,"(2, 1, 23, 24)",30
5045,conv2d_15,"(2, 1, 58, 30)",19
5046,conv2d_15,"(0, 0, 30, 46)",18
5047,conv2d_15,"(2, 2, 44, 0)",5
5048,conv2d_15,"(1, 1, 58, 54)",17
5049,conv2d_15,"(0, 1, 1, 1)",6
5050,conv2d_15,"(0, 1, 11, 51)",31
5051,conv2d_15,"(1, 2, 26, 5)",28
5052,conv2d_15,"(1, 1, 60, 8)",14
5053,conv2d_15,"(1, 2, 52, 10)",4
5054,conv2d_15,"(0, 2, 5, 21)",5
5055,conv2d_15,"(0, 1, 60, 29)",17
5056,conv2d_15,"(1, 1, 18, 21)",30
5057,conv2d_15,"(2, 0, 33, 22)",27
5058,conv2d_15,"(0, 2, 41, 36)",31
5059,conv2d_15,"(0, 1, 39, 25)",10
5060,conv2d_15,"(1, 0, 22, 36)",26
5061,conv2d_15,"(2, 0, 38, 61)",14
5062,conv2d_15,"(1, 0, 36, 13)",26
5063,conv2d_15,"(0, 2, 28, 18)",27
5064,conv2d_15,"(2, 0, 10, 55)",23
5065,conv2d_15,"(1, 0, 11, 35)",14
5066,conv2d_15,"(1, 0, 35, 3)",31
5067,conv2d_15,"(0, 2, 60, 31)",28
5068,conv2d_15,"(2, 1, 7, 37)",18
5069,conv2d_15,"(0, 2, 50, 6)",31
5070,conv2d_15,"(0, 0, 10, 25)",4
5071,conv2d_15,"(2, 0, 29, 48)",0
5072,conv2d_15,"(0, 2, 29, 1)",14
5073,conv2d_15,"(2, 2, 10, 38)",28
5074,conv2d_15,"(1, 0, 41, 13)",18
5075,conv2d_15,"(2, 2, 53, 9)",16
5076,conv2d_15,"(2, 0, 24, 14)",29
5077,conv2d_15,"(2, 0, 47, 61)",23
5078,conv2d_15,"(1, 0, 25, 62)",16
5079,conv2d_15,"(2, 1, 42, 2)",7
5080,conv2d_15,"(2, 2, 11, 24)",18
5081,conv2d_15,"(2, 0, 51, 21)",18
5082,conv2d_15,"(2, 1, 35, 28)",22
5083,conv2d_15,"(0, 2, 59, 25)",18
5084,conv2d_15,"(1, 2, 21, 49)",15
5085,conv2d_15,"(0, 1, 18, 63)",22
5086,conv2d_15,"(0, 1, 24, 0)",7
5087,conv2d_15,"(1, 1, 56, 17)",10
5088,conv2d_15,"(1, 1, 49, 57)",26
5089,conv2d_15,"(0, 1, 48, 26)",31
5090,conv2d_15,"(2, 0, 10, 6)",12
5091,conv2d_15,"(0, 1, 60, 23)",15
5092,conv2d_15,"(0, 2, 34, 24)",28
5093,conv2d_15,"(0, 0, 13, 11)",9
5094,conv2d_15,"(0, 1, 57, 18)",6
5095,conv2d_15,"(1, 2, 8, 50)",16
5096,conv2d_15,"(1, 0, 29, 13)",19
5097,conv2d_15,"(2, 1, 50, 62)",3
5098,conv2d_15,"(2, 2, 13, 31)",0
5099,conv2d_15,"(0, 0, 25, 56)",15
5100,conv2d_15,"(2, 2, 2, 42)",25
5101,conv2d_15,"(1, 2, 51, 54)",9
5102,conv2d_15,"(0, 1, 48, 10)",6
5103,conv2d_15,"(0, 2, 15, 51)",16
5104,conv2d_15,"(2, 1, 4, 2)",14
5105,conv2d_15,"(1, 0, 3, 39)",4
5106,conv2d_15,"(0, 0, 21, 14)",3
5107,conv2d_15,"(0, 2, 35, 48)",30
5108,conv2d_15,"(1, 2, 44, 59)",31
5109,conv2d_15,"(1, 1, 43, 10)",26
5110,conv2d_15,"(1, 1, 32, 56)",20
5111,conv2d_15,"(0, 1, 0, 17)",2
5112,conv2d_15,"(2, 2, 44, 62)",2
5113,conv2d_15,"(1, 1, 34, 54)",17
5114,conv2d_15,"(2, 0, 53, 63)",1
5115,conv2d_15,"(0, 1, 27, 39)",30
5116,conv2d_15,"(0, 1, 18, 57)",16
5117,conv2d_15,"(2, 0, 46, 2)",29
5118,conv2d_15,"(1, 1, 46, 6)",10
5119,conv2d_15,"(2, 2, 48, 18)",1
5120,conv2d_15,"(1, 0, 48, 56)",27
5121,conv2d_15,"(0, 2, 7, 26)",10
5122,conv2d_15,"(1, 1, 28, 3)",26
5123,conv2d_15,"(2, 1, 15, 33)",16
5124,conv2d_15,"(0, 0, 57, 42)",11
5125,conv2d_15,"(2, 0, 56, 12)",26
5126,conv2d_15,"(0, 0, 59, 36)",11
5127,conv2d_15,"(0, 0, 22, 37)",27
5128,conv2d_15,"(2, 2, 23, 18)",24
5129,conv2d_15,"(2, 1, 11, 51)",26
5130,conv2d_15,"(0, 2, 21, 40)",9
5131,conv2d_15,"(1, 0, 52, 44)",22
5132,conv2d_15,"(1, 0, 47, 42)",1
5133,conv2d_15,"(0, 0, 11, 24)",18
5134,conv2d_15,"(0, 2, 17, 21)",16
5135,conv2d_15,"(2, 0, 48, 4)",27
5136,conv2d_15,"(0, 0, 4, 60)",27
5137,conv2d_15,"(0, 2, 24, 5)",7
5138,conv2d_15,"(0, 0, 12, 11)",0
5139,conv2d_15,"(2, 2, 14, 33)",17
5140,conv2d_15,"(0, 1, 30, 25)",21
5141,conv2d_15,"(2, 0, 43, 33)",25
5142,conv2d_15,"(2, 1, 9, 10)",23
5143,conv2d_15,"(1, 1, 20, 62)",7
5144,conv2d_15,"(2, 1, 4, 33)",26
5145,conv2d_15,"(0, 2, 56, 5)",25
5146,conv2d_15,"(1, 2, 20, 23)",2
5147,conv2d_15,"(2, 1, 23, 45)",1
5148,conv2d_15,"(1, 1, 31, 58)",31
5149,conv2d_15,"(1, 1, 50, 21)",0
5150,conv2d_15,"(2, 0, 13, 51)",4
5151,conv2d_15,"(0, 0, 38, 6)",15
5152,conv2d_15,"(1, 0, 1, 48)",22
5153,conv2d_15,"(1, 2, 34, 32)",6
5154,conv2d_15,"(1, 0, 51, 9)",2
5155,conv2d_15,"(1, 2, 48, 60)",3
5156,conv2d_15,"(1, 0, 44, 8)",26
5157,conv2d_15,"(1, 2, 11, 39)",12
5158,conv2d_15,"(1, 2, 20, 19)",23
5159,conv2d_15,"(1, 2, 34, 62)",6
5160,conv2d_15,"(2, 1, 15, 14)",1
5161,conv2d_15,"(1, 0, 27, 37)",28
5162,conv2d_15,"(1, 2, 39, 48)",21
5163,conv2d_15,"(2, 1, 3, 19)",12
5164,conv2d_15,"(0, 1, 32, 35)",10
5165,conv2d_15,"(1, 1, 30, 52)",14
5166,conv2d_15,"(1, 0, 24, 11)",0
5167,conv2d_15,"(2, 1, 25, 48)",29
5168,conv2d_15,"(0, 1, 25, 40)",18
5169,conv2d_15,"(0, 0, 9, 3)",18
5170,conv2d_15,"(2, 2, 28, 63)",28
5171,conv2d_15,"(2, 2, 49, 15)",7
5172,conv2d_15,"(0, 2, 34, 36)",8
5173,conv2d_15,"(1, 2, 39, 19)",26
5174,conv2d_15,"(0, 2, 10, 16)",10
5175,conv2d_15,"(2, 0, 63, 53)",25
5176,conv2d_15,"(0, 2, 17, 10)",6
5177,conv2d_15,"(1, 2, 1, 29)",31
5178,conv2d_15,"(2, 2, 51, 8)",31
5179,conv2d_15,"(1, 2, 35, 28)",2
5180,conv2d_15,"(2, 1, 19, 11)",26
5181,conv2d_15,"(0, 1, 15, 22)",11
5182,conv2d_15,"(2, 0, 43, 24)",11
5183,conv2d_15,"(0, 1, 52, 36)",14
5184,conv2d_15,"(2, 1, 39, 51)",2
5185,conv2d_15,"(2, 2, 23, 45)",6
5186,conv2d_15,"(0, 0, 17, 63)",15
5187,conv2d_15,"(2, 0, 55, 23)",26
5188,conv2d_15,"(1, 0, 37, 43)",29
5189,conv2d_15,"(0, 0, 2, 30)",11
5190,conv2d_15,"(2, 2, 63, 6)",16
5191,conv2d_15,"(1, 0, 16, 46)",23
5192,conv2d_15,"(0, 1, 34, 20)",22
5193,conv2d_15,"(2, 2, 48, 12)",19
5194,conv2d_15,"(0, 0, 31, 2)",19
5195,conv2d_15,"(2, 0, 48, 62)",18
5196,conv2d_15,"(1, 0, 50, 25)",9
5197,conv2d_15,"(1, 1, 54, 30)",4
5198,conv2d_15,"(1, 1, 4, 35)",21
5199,conv2d_15,"(2, 1, 31, 4)",23
5200,conv2d_15,"(2, 1, 45, 59)",30
5201,conv2d_15,"(1, 0, 35, 30)",10
5202,conv2d_15,"(1, 0, 5, 27)",29
5203,conv2d_15,"(1, 1, 54, 5)",1
5204,conv2d_15,"(0, 2, 27, 58)",16
5205,conv2d_15,"(0, 1, 18, 26)",18
5206,conv2d_15,"(0, 2, 23, 14)",23
5207,conv2d_15,"(1, 0, 48, 27)",19
5208,conv2d_15,"(2, 0, 32, 34)",4
5209,conv2d_15,"(2, 0, 11, 2)",30
5210,conv2d_15,"(1, 1, 9, 11)",5
5211,conv2d_15,"(1, 0, 29, 26)",19
5212,conv2d_15,"(1, 1, 12, 0)",14
5213,conv2d_15,"(2, 1, 40, 21)",0
5214,conv2d_15,"(2, 0, 27, 27)",27
5215,conv2d_15,"(1, 2, 42, 38)",19
5216,conv2d_15,"(0, 1, 2, 25)",11
5217,conv2d_15,"(0, 2, 5, 47)",13
5218,conv2d_15,"(1, 0, 19, 53)",2
5219,conv2d_15,"(0, 1, 9, 48)",1
5220,conv2d_15,"(1, 1, 56, 52)",9
5221,conv2d_15,"(0, 2, 31, 34)",9
5222,conv2d_15,"(0, 0, 8, 32)",4
5223,conv2d_15,"(0, 1, 18, 1)",25
5224,conv2d_15,"(0, 0, 8, 40)",21
5225,conv2d_15,"(1, 0, 8, 29)",11
5226,conv2d_15,"(2, 2, 25, 46)",3
5227,conv2d_15,"(2, 0, 29, 36)",12
5228,conv2d_15,"(1, 1, 1, 33)",0
5229,conv2d_15,"(1, 2, 17, 44)",9
5230,conv2d_15,"(2, 0, 47, 40)",22
5231,conv2d_15,"(2, 1, 9, 36)",24
5232,conv2d_15,"(2, 0, 19, 35)",19
5233,conv2d_15,"(2, 0, 20, 36)",11
5234,conv2d_15,"(0, 0, 62, 43)",12
5235,conv2d_15,"(1, 1, 2, 61)",21
5236,conv2d_15,"(2, 2, 46, 53)",19
5237,conv2d_15,"(0, 2, 53, 49)",1
5238,conv2d_15,"(1, 2, 50, 50)",18
5239,conv2d_15,"(2, 2, 61, 56)",5
5240,conv2d_15,"(2, 2, 41, 41)",8
5241,conv2d_15,"(0, 0, 46, 2)",25
5242,conv2d_15,"(1, 0, 59, 6)",24
5243,conv2d_15,"(2, 0, 50, 18)",19
5244,conv2d_15,"(2, 2, 8, 40)",3
5245,conv2d_15,"(2, 2, 63, 42)",13
5246,conv2d_15,"(2, 2, 7, 24)",11
5247,conv2d_15,"(2, 2, 50, 54)",8
5248,conv2d_15,"(0, 0, 37, 56)",7
5249,conv2d_15,"(0, 0, 36, 31)",13
5250,conv2d_15,"(1, 0, 54, 15)",23
5251,conv2d_15,"(2, 2, 10, 62)",23
5252,conv2d_15,"(2, 0, 46, 25)",31
5253,conv2d_15,"(0, 2, 33, 56)",25
5254,conv2d_15,"(0, 1, 57, 52)",16
5255,conv2d_15,"(2, 2, 53, 63)",1
5256,conv2d_15,"(1, 0, 54, 17)",11
5257,conv2d_15,"(2, 1, 54, 47)",4
5258,conv2d_15,"(2, 2, 24, 49)",17
5259,conv2d_15,"(0, 1, 23, 20)",27
5260,conv2d_15,"(2, 0, 57, 24)",4
5261,conv2d_15,"(2, 2, 58, 16)",17
5262,conv2d_15,"(1, 0, 62, 59)",18
5263,conv2d_15,"(2, 0, 44, 19)",14
5264,conv2d_15,"(2, 0, 22, 34)",4
5265,conv2d_15,"(2, 0, 0, 28)",30
5266,conv2d_15,"(0, 0, 62, 27)",11
5267,conv2d_15,"(0, 0, 51, 45)",22
5268,conv2d_15,"(1, 0, 2, 34)",27
5269,conv2d_15,"(1, 2, 23, 63)",9
5270,conv2d_15,"(1, 2, 54, 21)",1
5271,conv2d_15,"(0, 1, 38, 40)",25
5272,conv2d_15,"(2, 1, 63, 48)",16
5273,conv2d_15,"(0, 1, 54, 44)",26
5274,conv2d_15,"(1, 0, 29, 20)",28
5275,conv2d_15,"(2, 0, 19, 10)",23
5276,conv2d_15,"(0, 0, 25, 38)",22
5277,conv2d_15,"(2, 1, 26, 47)",12
5278,conv2d_15,"(2, 1, 22, 31)",26
5279,conv2d_15,"(1, 0, 34, 4)",4
5280,conv2d_15,"(2, 0, 38, 3)",30
5281,conv2d_15,"(0, 2, 2, 58)",6
5282,conv2d_15,"(1, 1, 16, 3)",9
5283,conv2d_15,"(1, 2, 0, 15)",15
5284,conv2d_15,"(0, 2, 58, 59)",31
5285,conv2d_15,"(0, 0, 63, 20)",21
5286,conv2d_15,"(2, 0, 21, 1)",10
5287,conv2d_15,"(2, 1, 32, 40)",12
5288,conv2d_15,"(1, 2, 34, 28)",11
5289,conv2d_15,"(1, 0, 1, 9)",14
5290,conv2d_15,"(0, 2, 18, 18)",21
5291,conv2d_15,"(2, 2, 11, 2)",14
5292,conv2d_15,"(2, 0, 25, 30)",21
5293,conv2d_15,"(1, 1, 0, 15)",16
5294,conv2d_15,"(0, 1, 14, 6)",23
5295,conv2d_15,"(2, 1, 21, 15)",25
5296,conv2d_15,"(2, 1, 27, 39)",11
5297,conv2d_15,"(2, 1, 1, 40)",11
5298,conv2d_15,"(0, 1, 27, 13)",9
5299,conv2d_15,"(0, 2, 50, 59)",16
5300,conv2d_15,"(1, 1, 18, 20)",11
5301,conv2d_15,"(2, 2, 40, 5)",13
5302,conv2d_15,"(1, 0, 24, 18)",29
5303,conv2d_15,"(2, 1, 24, 50)",7
5304,conv2d_15,"(0, 0, 9, 49)",21
5305,conv2d_15,"(0, 2, 10, 22)",15
5306,conv2d_15,"(0, 0, 2, 29)",18
5307,conv2d_15,"(0, 0, 27, 55)",27
5308,conv2d_15,"(1, 0, 38, 61)",31
5309,conv2d_15,"(0, 2, 41, 7)",11
5310,conv2d_15,"(0, 1, 44, 20)",16
5311,conv2d_15,"(0, 2, 56, 35)",26
5312,conv2d_15,"(1, 1, 18, 53)",13
5313,conv2d_15,"(0, 2, 52, 61)",12
5314,conv2d_15,"(0, 2, 27, 55)",0
5315,conv2d_15,"(0, 0, 3, 35)",20
5316,conv2d_15,"(2, 2, 53, 31)",0
5317,conv2d_15,"(1, 2, 27, 25)",5
5318,conv2d_15,"(1, 2, 3, 53)",16
5319,conv2d_15,"(0, 1, 37, 47)",20
5320,conv2d_15,"(2, 0, 53, 46)",25
5321,conv2d_15,"(1, 2, 5, 1)",18
5322,conv2d_15,"(2, 1, 36, 33)",22
5323,conv2d_15,"(2, 1, 19, 50)",29
5324,conv2d_15,"(0, 0, 43, 1)",8
5325,conv2d_15,"(2, 1, 7, 13)",10
5326,conv2d_15,"(1, 1, 52, 19)",7
5327,conv2d_15,"(1, 0, 6, 42)",14
5328,conv2d_15,"(2, 1, 63, 2)",28
5329,conv2d_15,"(2, 1, 12, 38)",21
5330,conv2d_15,"(2, 0, 55, 56)",30
5331,conv2d_15,"(0, 1, 56, 43)",23
5332,conv2d_15,"(0, 2, 21, 22)",17
5333,conv2d_15,"(1, 2, 11, 52)",20
5334,conv2d_15,"(1, 2, 0, 4)",8
5335,conv2d_15,"(1, 2, 8, 43)",17
5336,conv2d_15,"(2, 1, 29, 31)",26
5337,conv2d_15,"(0, 1, 29, 57)",5
5338,conv2d_15,"(2, 2, 49, 53)",9
5339,conv2d_15,"(2, 1, 63, 55)",30
5340,conv2d_15,"(0, 0, 41, 12)",0
5341,conv2d_15,"(2, 0, 44, 47)",20
5342,conv2d_15,"(0, 0, 60, 46)",5
5343,conv2d_15,"(1, 0, 23, 4)",18
5344,conv2d_15,"(2, 0, 57, 3)",5
5345,conv2d_15,"(1, 1, 12, 51)",18
5346,conv2d_15,"(2, 1, 41, 51)",25
5347,conv2d_15,"(1, 2, 50, 58)",26
5348,conv2d_15,"(1, 2, 4, 12)",7
5349,conv2d_15,"(0, 2, 42, 15)",26
5350,conv2d_15,"(0, 1, 23, 19)",13
5351,conv2d_15,"(1, 1, 37, 45)",14
5352,conv2d_15,"(2, 1, 25, 23)",15
5353,conv2d_15,"(1, 2, 47, 12)",27
5354,conv2d_15,"(1, 2, 20, 43)",1
5355,conv2d_15,"(2, 1, 47, 24)",8
5356,conv2d_15,"(2, 2, 59, 8)",11
5357,conv2d_15,"(0, 0, 50, 36)",21
5358,conv2d_15,"(0, 2, 61, 33)",3
5359,conv2d_15,"(0, 0, 25, 42)",13
5360,conv2d_15,"(1, 1, 39, 33)",6
5361,conv2d_15,"(1, 0, 54, 39)",11
5362,conv2d_15,"(0, 1, 62, 58)",22
5363,conv2d_15,"(1, 1, 23, 56)",30
5364,conv2d_15,"(2, 0, 53, 61)",1
5365,conv2d_15,"(2, 0, 27, 29)",12
5366,conv2d_15,"(0, 2, 23, 13)",30
5367,conv2d_15,"(0, 1, 39, 16)",2
5368,conv2d_15,"(1, 1, 43, 38)",17
5369,conv2d_15,"(1, 0, 47, 40)",5
5370,conv2d_15,"(0, 1, 9, 47)",9
5371,conv2d_15,"(1, 2, 12, 49)",30
5372,conv2d_15,"(2, 2, 32, 36)",13
5373,conv2d_15,"(0, 1, 58, 62)",3
5374,conv2d_15,"(1, 1, 20, 24)",26
5375,conv2d_15,"(0, 0, 54, 53)",6
5376,conv2d_15,"(2, 2, 17, 45)",24
5377,conv2d_15,"(1, 2, 63, 14)",25
5378,conv2d_15,"(1, 1, 53, 2)",2
5379,conv2d_15,"(1, 0, 50, 41)",10
5380,conv2d_15,"(2, 1, 20, 18)",30
5381,conv2d_15,"(2, 2, 48, 30)",17
5382,conv2d_15,"(0, 0, 53, 41)",14
5383,conv2d_15,"(2, 0, 29, 51)",8
5384,conv2d_15,"(1, 2, 24, 45)",18
5385,conv2d_15,"(0, 0, 15, 61)",13
5386,conv2d_15,"(2, 2, 31, 55)",10
5387,conv2d_15,"(2, 0, 15, 56)",15
5388,conv2d_15,"(0, 0, 15, 48)",10
5389,conv2d_15,"(1, 1, 3, 50)",3
5390,conv2d_15,"(0, 1, 5, 1)",15
5391,conv2d_15,"(2, 1, 41, 53)",6
5392,conv2d_15,"(1, 1, 53, 0)",3
5393,conv2d_15,"(0, 0, 22, 56)",31
5394,conv2d_15,"(2, 0, 21, 40)",22
5395,conv2d_15,"(2, 2, 19, 28)",11
5396,conv2d_15,"(1, 2, 4, 63)",29
5397,conv2d_15,"(1, 0, 1, 59)",6
5398,conv2d_15,"(0, 1, 2, 2)",29
5399,conv2d_15,"(0, 0, 31, 26)",1
5400,conv2d_15,"(0, 0, 38, 60)",23
5401,conv2d_15,"(0, 2, 49, 44)",16
5402,conv2d_15,"(2, 1, 2, 4)",4
5403,conv2d_15,"(2, 0, 35, 60)",3
5404,conv2d_15,"(2, 2, 40, 6)",30
5405,conv2d_15,"(1, 1, 8, 12)",7
5406,conv2d_15,"(0, 2, 55, 59)",29
5407,conv2d_15,"(2, 2, 17, 18)",1
5408,conv2d_15,"(2, 2, 7, 60)",15
5409,conv2d_15,"(1, 1, 6, 55)",2
5410,conv2d_15,"(1, 1, 46, 3)",29
5411,conv2d_15,"(0, 2, 14, 39)",25
5412,conv2d_15,"(1, 2, 29, 15)",22
5413,conv2d_15,"(2, 2, 14, 17)",26
5414,conv2d_15,"(1, 0, 12, 61)",9
5415,conv2d_15,"(0, 0, 7, 44)",25
5416,conv2d_15,"(1, 2, 55, 63)",24
5417,conv2d_15,"(1, 0, 40, 32)",23
5418,conv2d_15,"(2, 1, 3, 39)",23
5419,conv2d_15,"(0, 1, 62, 45)",15
5420,conv2d_15,"(2, 0, 3, 27)",31
5421,conv2d_15,"(1, 1, 13, 8)",19
5422,conv2d_15,"(1, 0, 52, 36)",6
5423,conv2d_15,"(1, 0, 23, 21)",29
5424,conv2d_15,"(2, 0, 49, 25)",13
5425,conv2d_15,"(0, 0, 38, 40)",26
5426,conv2d_15,"(1, 0, 15, 36)",2
5427,conv2d_15,"(0, 1, 11, 9)",29
5428,conv2d_15,"(0, 0, 39, 36)",20
5429,conv2d_15,"(0, 1, 11, 59)",22
5430,conv2d_15,"(1, 0, 61, 5)",4
5431,conv2d_15,"(2, 1, 46, 45)",31
5432,conv2d_15,"(0, 2, 27, 16)",27
5433,conv2d_15,"(2, 1, 17, 59)",10
5434,conv2d_15,"(2, 1, 36, 3)",24
5435,conv2d_15,"(0, 0, 18, 8)",16
5436,conv2d_15,"(1, 2, 26, 8)",15
5437,conv2d_15,"(1, 0, 21, 16)",27
5438,conv2d_15,"(2, 1, 20, 56)",10
5439,conv2d_15,"(1, 1, 2, 28)",10
5440,conv2d_15,"(2, 0, 13, 5)",1
5441,conv2d_15,"(0, 0, 15, 27)",30
5442,conv2d_15,"(0, 1, 43, 8)",19
5443,conv2d_15,"(2, 2, 6, 36)",28
5444,conv2d_15,"(0, 0, 16, 56)",9
5445,conv2d_15,"(0, 0, 61, 0)",3
5446,conv2d_15,"(2, 1, 47, 20)",10
5447,conv2d_15,"(1, 2, 4, 48)",19
5448,conv2d_15,"(1, 0, 61, 15)",11
5449,conv2d_15,"(0, 0, 62, 23)",9
5450,conv2d_15,"(0, 2, 28, 22)",3
5451,conv2d_15,"(1, 1, 23, 46)",15
5452,conv2d_15,"(0, 0, 51, 34)",4
5453,conv2d_15,"(1, 2, 40, 4)",25
5454,conv2d_15,"(0, 2, 51, 58)",26
5455,conv2d_15,"(0, 0, 59, 25)",0
5456,conv2d_15,"(0, 2, 50, 46)",1
5457,conv2d_15,"(2, 1, 56, 11)",12
5458,conv2d_15,"(0, 1, 26, 14)",0
5459,conv2d_15,"(2, 1, 60, 26)",11
5460,conv2d_15,"(0, 1, 22, 38)",14
5461,conv2d_15,"(1, 0, 43, 54)",28
5462,conv2d_15,"(0, 0, 26, 37)",30
5463,conv2d_15,"(2, 1, 45, 38)",16
5464,conv2d_15,"(1, 1, 20, 8)",0
5465,conv2d_15,"(0, 0, 52, 3)",9
5466,conv2d_15,"(0, 2, 19, 16)",21
5467,conv2d_15,"(1, 2, 60, 33)",14
5468,conv2d_15,"(2, 1, 0, 42)",31
5469,conv2d_15,"(0, 0, 50, 38)",1
5470,conv2d_15,"(2, 2, 38, 2)",7
5471,conv2d_15,"(0, 0, 53, 14)",27
5472,conv2d_15,"(2, 0, 11, 3)",5
5473,conv2d_15,"(0, 2, 62, 54)",12
5474,conv2d_15,"(0, 1, 47, 60)",28
5475,conv2d_15,"(1, 0, 8, 46)",21
5476,conv2d_15,"(1, 1, 27, 30)",20
5477,conv2d_15,"(0, 1, 61, 11)",14
5478,conv2d_15,"(0, 2, 19, 28)",9
5479,conv2d_15,"(0, 2, 17, 58)",9
5480,conv2d_15,"(1, 2, 19, 19)",27
5481,conv2d_15,"(2, 2, 13, 4)",4
5482,conv2d_15,"(2, 1, 35, 42)",24
5483,conv2d_15,"(2, 0, 54, 8)",14
5484,conv2d_15,"(0, 1, 40, 55)",18
5485,conv2d_15,"(2, 0, 63, 45)",18
5486,conv2d_15,"(1, 0, 58, 10)",8
5487,conv2d_15,"(1, 2, 21, 42)",31
5488,conv2d_15,"(2, 0, 10, 25)",8
5489,conv2d_15,"(0, 1, 11, 15)",19
5490,conv2d_15,"(2, 1, 29, 39)",3
5491,conv2d_15,"(0, 0, 31, 29)",9
5492,conv2d_15,"(2, 2, 52, 41)",2
5493,conv2d_15,"(2, 0, 17, 20)",26
5494,conv2d_15,"(0, 1, 51, 13)",5
5495,conv2d_15,"(2, 2, 61, 25)",19
5496,conv2d_15,"(0, 2, 20, 39)",24
5497,conv2d_15,"(0, 2, 28, 9)",9
5498,conv2d_15,"(0, 0, 54, 36)",20
5499,conv2d_15,"(0, 2, 42, 21)",20
5500,conv2d_15,"(1, 2, 30, 24)",22
5501,conv2d_15,"(1, 1, 1, 16)",27
5502,conv2d_15,"(2, 1, 28, 32)",5
5503,conv2d_15,"(0, 1, 4, 37)",2
5504,conv2d_15,"(2, 2, 12, 24)",28
5505,conv2d_15,"(1, 2, 36, 34)",12
5506,conv2d_15,"(1, 2, 23, 25)",7
5507,conv2d_15,"(0, 1, 31, 23)",11
5508,conv2d_15,"(2, 2, 13, 47)",0
5509,conv2d_15,"(1, 0, 43, 30)",10
5510,conv2d_15,"(1, 1, 62, 14)",16
5511,conv2d_15,"(0, 0, 48, 43)",12
5512,conv2d_15,"(0, 2, 24, 2)",8
5513,conv2d_15,"(2, 1, 2, 6)",18
5514,conv2d_15,"(2, 0, 11, 32)",30
5515,conv2d_15,"(0, 2, 33, 57)",7
5516,conv2d_15,"(1, 0, 16, 16)",7
5517,conv2d_15,"(0, 1, 18, 49)",5
5518,conv2d_15,"(0, 1, 49, 43)",26
5519,conv2d_15,"(2, 1, 48, 54)",19
5520,conv2d_15,"(1, 2, 46, 45)",23
5521,conv2d_15,"(2, 0, 60, 57)",22
5522,conv2d_15,"(0, 2, 46, 17)",23
5523,conv2d_15,"(0, 0, 21, 1)",22
5524,conv2d_15,"(0, 1, 31, 11)",10
5525,conv2d_15,"(1, 1, 58, 9)",0
5526,conv2d_15,"(1, 1, 22, 44)",3
5527,conv2d_15,"(2, 0, 53, 58)",10
5528,conv2d_15,"(0, 2, 47, 48)",26
5529,conv2d_15,"(0, 2, 36, 8)",12
5530,conv2d_15,"(1, 1, 50, 14)",25
5531,conv2d_15,"(0, 1, 60, 18)",17
5532,conv2d_15,"(2, 0, 5, 35)",6
5533,conv2d_15,"(0, 1, 57, 28)",12
5534,conv2d_15,"(2, 0, 35, 11)",2
5535,conv2d_15,"(1, 0, 39, 23)",23
5536,conv2d_15,"(2, 2, 8, 8)",14
5537,conv2d_15,"(1, 2, 46, 47)",13
5538,conv2d_15,"(2, 2, 8, 42)",1
5539,conv2d_15,"(1, 0, 61, 18)",14
5540,conv2d_15,"(1, 1, 5, 16)",15
5541,conv2d_15,"(2, 2, 38, 62)",27
5542,conv2d_15,"(0, 0, 18, 49)",6
5543,conv2d_15,"(2, 2, 9, 9)",13
5544,conv2d_15,"(2, 1, 0, 33)",12
5545,conv2d_15,"(0, 1, 58, 56)",11
5546,conv2d_15,"(0, 0, 3, 62)",11
5547,conv2d_15,"(1, 1, 6, 12)",4
5548,conv2d_15,"(2, 0, 34, 61)",13
5549,conv2d_15,"(0, 2, 41, 53)",17
5550,conv2d_15,"(1, 1, 50, 25)",17
5551,conv2d_15,"(2, 2, 24, 2)",4
5552,conv2d_15,"(1, 0, 34, 39)",7
5553,conv2d_15,"(0, 2, 27, 52)",4
5554,conv2d_15,"(1, 0, 17, 61)",18
5555,conv2d_15,"(1, 2, 1, 9)",13
5556,conv2d_15,"(1, 0, 50, 63)",4
5557,conv2d_15,"(0, 2, 10, 61)",21
5558,conv2d_15,"(1, 2, 32, 54)",14
5559,conv2d_15,"(0, 1, 26, 55)",23
5560,conv2d_15,"(2, 0, 58, 6)",27
5561,conv2d_15,"(0, 2, 36, 42)",29
5562,conv2d_15,"(0, 2, 17, 15)",15
5563,conv2d_15,"(2, 1, 47, 29)",20
5564,conv2d_15,"(2, 2, 13, 60)",30
5565,conv2d_15,"(2, 1, 51, 53)",4
5566,conv2d_15,"(1, 1, 41, 13)",21
5567,conv2d_15,"(2, 0, 10, 43)",11
5568,conv2d_15,"(0, 0, 26, 30)",18
5569,conv2d_15,"(1, 0, 24, 49)",5
5570,conv2d_15,"(2, 2, 62, 39)",17
5571,conv2d_15,"(1, 0, 5, 63)",28
5572,conv2d_15,"(1, 1, 9, 33)",12
5573,conv2d_15,"(1, 2, 62, 6)",6
5574,conv2d_15,"(0, 2, 1, 61)",16
5575,conv2d_15,"(2, 2, 24, 0)",17
5576,conv2d_15,"(1, 2, 39, 50)",11
5577,conv2d_15,"(1, 1, 28, 11)",7
5578,conv2d_15,"(2, 0, 61, 33)",23
5579,conv2d_15,"(1, 1, 3, 13)",18
5580,conv2d_15,"(1, 1, 30, 43)",2
5581,conv2d_15,"(0, 1, 60, 31)",19
5582,conv2d_15,"(1, 2, 17, 32)",13
5583,conv2d_15,"(0, 0, 3, 53)",16
5584,conv2d_15,"(1, 0, 47, 43)",31
5585,conv2d_15,"(0, 1, 26, 61)",26
5586,conv2d_15,"(2, 0, 56, 30)",31
5587,conv2d_15,"(1, 2, 46, 13)",13
5588,conv2d_15,"(0, 2, 48, 51)",8
5589,conv2d_15,"(2, 0, 37, 30)",10
5590,conv2d_15,"(0, 1, 32, 48)",17
5591,conv2d_15,"(0, 2, 36, 62)",7
5592,conv2d_15,"(1, 2, 43, 45)",7
5593,conv2d_15,"(2, 1, 9, 6)",6
5594,conv2d_15,"(2, 1, 10, 55)",0
5595,conv2d_15,"(2, 0, 27, 21)",13
5596,conv2d_15,"(2, 2, 23, 14)",4
5597,conv2d_15,"(2, 2, 34, 47)",1
5598,conv2d_15,"(0, 2, 20, 35)",3
5599,conv2d_15,"(0, 1, 23, 17)",31
5600,conv2d_15,"(0, 0, 49, 20)",13
5601,conv2d_15,"(0, 2, 54, 12)",20
5602,conv2d_15,"(1, 1, 27, 21)",19
5603,conv2d_15,"(1, 0, 30, 59)",9
5604,conv2d_15,"(2, 1, 33, 21)",8
5605,conv2d_15,"(1, 0, 27, 4)",0
5606,conv2d_15,"(2, 1, 39, 27)",6
5607,conv2d_15,"(1, 0, 28, 30)",11
5608,conv2d_15,"(1, 1, 47, 59)",26
5609,conv2d_15,"(2, 1, 1, 13)",29
5610,conv2d_15,"(0, 1, 39, 1)",30
5611,conv2d_15,"(2, 1, 3, 7)",6
5612,conv2d_15,"(1, 0, 20, 14)",5
5613,conv2d_15,"(1, 0, 28, 34)",3
5614,conv2d_15,"(2, 2, 43, 36)",22
5615,conv2d_15,"(1, 0, 45, 32)",2
5616,conv2d_15,"(1, 0, 58, 31)",24
5617,conv2d_15,"(0, 2, 37, 44)",27
5618,conv2d_15,"(2, 2, 29, 40)",30
5619,conv2d_15,"(2, 2, 40, 20)",19
5620,conv2d_15,"(1, 1, 48, 24)",5
5621,conv2d_15,"(1, 0, 35, 26)",16
5622,conv2d_15,"(0, 1, 36, 36)",12
5623,conv2d_15,"(1, 1, 54, 43)",27
5624,conv2d_15,"(1, 2, 1, 23)",18
5625,conv2d_15,"(2, 0, 61, 10)",7
5626,conv2d_15,"(0, 0, 58, 47)",4
5627,conv2d_15,"(0, 1, 4, 43)",16
5628,conv2d_15,"(2, 2, 54, 39)",11
5629,conv2d_15,"(1, 1, 41, 21)",5
5630,conv2d_15,"(1, 2, 31, 46)",27
5631,conv2d_15,"(0, 2, 34, 15)",24
5632,conv2d_15,"(1, 2, 28, 13)",11
5633,conv2d_15,"(1, 1, 27, 27)",25
5634,conv2d_15,"(2, 2, 47, 37)",12
5635,conv2d_15,"(2, 0, 19, 47)",26
5636,conv2d_15,"(0, 1, 20, 6)",12
5637,conv2d_15,"(1, 0, 5, 25)",23
5638,conv2d_15,"(1, 2, 61, 15)",6
5639,conv2d_15,"(0, 1, 14, 36)",14
5640,conv2d_15,"(0, 1, 41, 45)",13
5641,conv2d_15,"(1, 1, 22, 56)",11
5642,conv2d_15,"(2, 1, 2, 3)",30
5643,conv2d_15,"(0, 1, 55, 13)",8
5644,conv2d_15,"(0, 2, 20, 12)",25
5645,conv2d_15,"(1, 1, 5, 6)",17
5646,conv2d_15,"(2, 2, 17, 57)",18
5647,conv2d_15,"(1, 1, 2, 18)",20
5648,conv2d_15,"(1, 0, 20, 7)",16
5649,conv2d_15,"(1, 0, 56, 62)",7
5650,conv2d_15,"(1, 2, 37, 31)",9
5651,conv2d_15,"(1, 1, 50, 20)",13
5652,conv2d_15,"(0, 2, 17, 32)",13
5653,conv2d_15,"(1, 0, 12, 10)",2
5654,conv2d_15,"(1, 1, 48, 47)",12
5655,conv2d_15,"(1, 2, 20, 36)",26
5656,conv2d_15,"(0, 0, 4, 37)",1
5657,conv2d_15,"(0, 2, 2, 25)",3
5658,conv2d_15,"(1, 2, 54, 40)",10
5659,conv2d_15,"(1, 1, 2, 40)",9
5660,conv2d_15,"(2, 1, 61, 15)",25
5661,conv2d_15,"(0, 2, 56, 11)",3
5662,conv2d_15,"(0, 1, 24, 31)",11
5663,conv2d_15,"(0, 2, 37, 54)",8
5664,conv2d_15,"(0, 1, 40, 12)",3
5665,conv2d_15,"(2, 1, 58, 7)",6
5666,conv2d_15,"(1, 2, 50, 34)",27
5667,conv2d_15,"(0, 1, 13, 10)",9
5668,conv2d_15,"(0, 0, 30, 8)",5
5669,conv2d_15,"(0, 1, 16, 59)",27
5670,conv2d_15,"(0, 0, 10, 46)",9
5671,conv2d_15,"(0, 0, 61, 21)",6
5672,conv2d_15,"(1, 1, 46, 24)",17
5673,conv2d_15,"(0, 1, 38, 55)",5
5674,conv2d_15,"(2, 1, 31, 60)",11
5675,conv2d_15,"(2, 1, 18, 9)",19
5676,conv2d_15,"(0, 0, 45, 31)",10
5677,conv2d_15,"(2, 0, 63, 48)",4
5678,conv2d_15,"(1, 0, 31, 57)",27
5679,conv2d_15,"(2, 2, 51, 28)",1
5680,conv2d_15,"(2, 2, 31, 33)",8
5681,conv2d_15,"(0, 2, 55, 33)",28
5682,conv2d_15,"(1, 1, 36, 16)",5
5683,conv2d_15,"(2, 1, 33, 0)",18
5684,conv2d_15,"(1, 2, 57, 10)",23
5685,conv2d_15,"(0, 1, 45, 47)",20
5686,conv2d_15,"(1, 0, 18, 42)",28
5687,conv2d_15,"(2, 0, 61, 30)",23
5688,conv2d_15,"(0, 0, 27, 40)",26
5689,conv2d_15,"(2, 1, 46, 9)",24
5690,conv2d_15,"(2, 2, 1, 34)",17
5691,conv2d_15,"(0, 1, 10, 0)",10
5692,conv2d_15,"(1, 2, 29, 39)",25
5693,conv2d_15,"(1, 1, 55, 37)",12
5694,conv2d_15,"(2, 2, 16, 46)",26
5695,conv2d_15,"(1, 0, 45, 18)",18
5696,conv2d_15,"(0, 1, 54, 23)",7
5697,conv2d_15,"(2, 0, 25, 55)",2
5698,conv2d_15,"(1, 2, 9, 57)",31
5699,conv2d_15,"(1, 2, 34, 16)",27
5700,conv2d_15,"(2, 2, 1, 11)",17
5701,conv2d_15,"(0, 1, 30, 20)",12
5702,conv2d_15,"(2, 2, 42, 13)",3
5703,conv2d_15,"(2, 1, 16, 7)",14
5704,conv2d_15,"(2, 1, 59, 14)",11
5705,conv2d_15,"(1, 1, 16, 2)",28
5706,conv2d_15,"(2, 0, 28, 21)",0
5707,conv2d_15,"(1, 1, 19, 30)",1
5708,conv2d_15,"(1, 1, 4, 22)",5
5709,conv2d_15,"(1, 0, 25, 61)",0
5710,conv2d_15,"(2, 1, 45, 62)",26
5711,conv2d_15,"(1, 0, 11, 16)",9
5712,conv2d_15,"(2, 0, 16, 42)",10
5713,conv2d_15,"(2, 0, 52, 41)",31
5714,conv2d_15,"(2, 1, 40, 32)",30
5715,conv2d_15,"(0, 0, 14, 45)",20
5716,conv2d_15,"(2, 2, 63, 10)",30
5717,conv2d_15,"(2, 2, 29, 25)",27
5718,conv2d_15,"(1, 0, 46, 1)",4
5719,conv2d_15,"(0, 2, 13, 8)",30
5720,conv2d_15,"(2, 1, 24, 15)",5
5721,conv2d_15,"(2, 2, 37, 0)",31
5722,conv2d_15,"(1, 0, 55, 32)",31
5723,conv2d_15,"(0, 2, 56, 42)",9
5724,conv2d_15,"(1, 2, 33, 49)",9
5725,conv2d_15,"(2, 0, 2, 12)",10
5726,conv2d_15,"(2, 0, 55, 5)",1
5727,conv2d_15,"(2, 2, 54, 5)",23
5728,conv2d_15,"(0, 1, 28, 14)",3
5729,conv2d_15,"(0, 2, 5, 19)",7
5730,conv2d_15,"(0, 0, 24, 57)",10
5731,conv2d_15,"(1, 0, 56, 34)",15
5732,conv2d_15,"(1, 2, 47, 56)",11
5733,conv2d_15,"(1, 1, 9, 34)",2
5734,conv2d_15,"(0, 0, 55, 24)",30
5735,conv2d_15,"(2, 2, 0, 24)",22
5736,conv2d_15,"(1, 1, 32, 25)",25
5737,conv2d_15,"(0, 1, 51, 48)",8
5738,conv2d_15,"(1, 1, 10, 60)",24
5739,conv2d_15,"(0, 0, 49, 56)",9
5740,conv2d_15,"(2, 2, 16, 1)",10
5741,conv2d_15,"(1, 0, 63, 17)",14
5742,conv2d_15,"(0, 0, 13, 14)",15
5743,conv2d_15,"(2, 0, 19, 21)",4
5744,conv2d_15,"(0, 2, 8, 54)",17
5745,conv2d_15,"(2, 1, 46, 43)",22
5746,conv2d_15,"(0, 1, 58, 61)",18
5747,conv2d_15,"(1, 0, 21, 37)",23
5748,conv2d_15,"(0, 0, 9, 16)",16
5749,conv2d_15,"(2, 1, 49, 28)",18
5750,conv2d_15,"(0, 0, 55, 8)",7
5751,conv2d_15,"(0, 1, 24, 5)",5
5752,conv2d_15,"(1, 2, 41, 26)",15
5753,conv2d_15,"(1, 0, 49, 25)",6
5754,conv2d_15,"(1, 1, 2, 33)",27
5755,conv2d_15,"(0, 1, 45, 40)",14
5756,conv2d_15,"(0, 1, 63, 43)",3
5757,conv2d_15,"(1, 2, 13, 56)",9
5758,conv2d_15,"(1, 0, 14, 14)",27
5759,conv2d_15,"(2, 2, 60, 23)",27
5760,conv2d_15,"(2, 1, 51, 1)",11
5761,conv2d_15,"(0, 0, 26, 22)",27
5762,conv2d_15,"(2, 0, 44, 63)",7
5763,conv2d_15,"(1, 1, 12, 41)",25
5764,conv2d_15,"(0, 2, 31, 51)",22
5765,conv2d_15,"(0, 0, 19, 20)",20
5766,conv2d_15,"(0, 0, 52, 25)",22
5767,conv2d_15,"(2, 1, 19, 43)",6
5768,conv2d_15,"(0, 2, 39, 47)",14
5769,conv2d_15,"(0, 2, 40, 37)",29
5770,conv2d_15,"(2, 1, 40, 40)",3
5771,conv2d_15,"(0, 0, 56, 23)",25
5772,conv2d_15,"(0, 0, 25, 62)",0
5773,conv2d_15,"(2, 2, 7, 26)",1
5774,conv2d_15,"(0, 1, 53, 58)",1
5775,conv2d_15,"(0, 2, 16, 48)",31
5776,conv2d_15,"(1, 0, 59, 13)",0
5777,conv2d_15,"(1, 0, 57, 7)",19
5778,conv2d_15,"(0, 0, 47, 50)",10
5779,conv2d_15,"(0, 1, 48, 27)",28
5780,conv2d_15,"(2, 0, 37, 63)",12
5781,conv2d_15,"(2, 0, 33, 21)",13
5782,conv2d_15,"(2, 1, 57, 42)",27
5783,conv2d_15,"(0, 1, 14, 17)",11
5784,conv2d_15,"(1, 2, 17, 2)",25
5785,conv2d_15,"(2, 0, 2, 49)",4
5786,conv2d_15,"(2, 2, 18, 56)",26
5787,conv2d_15,"(2, 1, 63, 8)",1
5788,conv2d_15,"(1, 2, 56, 52)",0
5789,conv2d_15,"(2, 1, 62, 20)",6
5790,conv2d_15,"(1, 1, 17, 30)",0
5791,conv2d_15,"(0, 0, 32, 6)",20
5792,conv2d_15,"(2, 2, 23, 32)",4
5793,conv2d_15,"(0, 2, 32, 11)",21
5794,conv2d_15,"(2, 0, 35, 29)",21
5795,conv2d_15,"(0, 0, 11, 52)",5
5796,conv2d_15,"(0, 2, 16, 33)",20
5797,conv2d_15,"(1, 1, 60, 23)",30
5798,conv2d_15,"(1, 1, 52, 58)",5
5799,conv2d_15,"(2, 1, 57, 20)",26
5800,conv2d_15,"(0, 0, 17, 56)",10
5801,conv2d_15,"(1, 2, 4, 42)",31
5802,conv2d_15,"(2, 2, 63, 4)",24
5803,conv2d_15,"(2, 0, 60, 39)",23
5804,conv2d_15,"(2, 2, 0, 60)",30
5805,conv2d_15,"(2, 2, 30, 23)",29
5806,conv2d_15,"(1, 2, 24, 24)",1
5807,conv2d_15,"(1, 1, 0, 32)",26
5808,conv2d_15,"(2, 1, 51, 52)",16
5809,conv2d_15,"(2, 0, 26, 7)",19
5810,conv2d_15,"(0, 2, 32, 42)",12
5811,conv2d_15,"(1, 2, 0, 51)",26
5812,conv2d_15,"(1, 1, 20, 0)",16
5813,conv2d_15,"(2, 1, 37, 43)",12
5814,conv2d_15,"(0, 0, 8, 0)",10
5815,conv2d_15,"(0, 0, 29, 26)",19
5816,conv2d_15,"(2, 2, 57, 47)",11
5817,conv2d_15,"(2, 1, 22, 50)",18
5818,conv2d_15,"(2, 1, 18, 14)",8
5819,conv2d_15,"(0, 1, 4, 36)",13
5820,conv2d_15,"(0, 0, 11, 17)",23
5821,conv2d_15,"(1, 1, 2, 43)",9
5822,conv2d_15,"(0, 1, 26, 52)",23
5823,conv2d_15,"(0, 2, 40, 9)",11
5824,conv2d_15,"(1, 2, 39, 35)",29
5825,conv2d_15,"(2, 1, 18, 36)",22
5826,conv2d_15,"(0, 0, 48, 35)",12
5827,conv2d_15,"(0, 2, 53, 46)",4
5828,conv2d_15,"(0, 0, 63, 18)",4
5829,conv2d_15,"(0, 1, 24, 22)",16
5830,conv2d_15,"(1, 0, 37, 49)",14
5831,conv2d_15,"(1, 1, 57, 18)",24
5832,conv2d_15,"(0, 0, 13, 33)",4
5833,conv2d_15,"(1, 1, 43, 8)",11
5834,conv2d_15,"(1, 2, 42, 58)",1
5835,conv2d_15,"(2, 0, 24, 55)",18
5836,conv2d_15,"(1, 0, 37, 50)",19
5837,conv2d_15,"(0, 0, 31, 22)",27
5838,conv2d_15,"(0, 0, 30, 49)",22
5839,conv2d_15,"(0, 1, 61, 27)",7
5840,conv2d_15,"(2, 0, 2, 7)",25
5841,conv2d_15,"(2, 1, 7, 34)",30
5842,conv2d_15,"(1, 2, 20, 47)",3
5843,conv2d_15,"(0, 0, 22, 62)",21
5844,conv2d_15,"(2, 0, 49, 44)",5
5845,conv2d_15,"(1, 0, 54, 53)",27
5846,conv2d_15,"(0, 1, 7, 44)",22
5847,conv2d_15,"(2, 0, 53, 11)",26
5848,conv2d_15,"(2, 2, 55, 47)",26
5849,conv2d_15,"(1, 0, 25, 52)",14
5850,conv2d_15,"(2, 0, 58, 44)",12
5851,conv2d_15,"(0, 2, 5, 46)",30
5852,conv2d_15,"(1, 0, 43, 0)",5
5853,conv2d_15,"(2, 0, 57, 27)",6
5854,conv2d_15,"(1, 1, 5, 28)",26
5855,conv2d_15,"(0, 2, 59, 30)",4
5856,conv2d_15,"(2, 1, 2, 8)",9
5857,conv2d_15,"(2, 0, 63, 46)",23
5858,conv2d_15,"(2, 1, 20, 44)",6
5859,conv2d_15,"(1, 1, 22, 39)",2
5860,conv2d_16,"(0, 0, 36, 43)",8
5861,conv2d_16,"(0, 1, 55, 31)",11
5862,conv2d_16,"(0, 0, 8, 31)",22
5863,conv2d_16,"(0, 1, 34, 13)",13
5864,conv2d_16,"(1, 1, 0, 11)",3
5865,conv2d_16,"(0, 0, 33, 3)",16
5866,conv2d_16,"(2, 0, 12, 41)",8
5867,conv2d_16,"(0, 1, 40, 9)",31
5868,conv2d_16,"(1, 1, 27, 35)",31
5869,conv2d_16,"(2, 1, 2, 6)",18
5870,conv2d_16,"(0, 2, 27, 27)",3
5871,conv2d_16,"(2, 0, 18, 0)",28
5872,conv2d_16,"(0, 1, 34, 33)",13
5873,conv2d_16,"(2, 1, 26, 38)",6
5874,conv2d_16,"(1, 2, 15, 45)",26
5875,conv2d_16,"(2, 1, 28, 26)",12
5876,conv2d_16,"(1, 1, 62, 35)",4
5877,conv2d_16,"(0, 0, 24, 39)",14
5878,conv2d_16,"(2, 0, 33, 43)",27
5879,conv2d_16,"(2, 2, 44, 59)",16
5880,conv2d_16,"(0, 1, 11, 34)",7
5881,conv2d_16,"(2, 1, 14, 35)",0
5882,conv2d_16,"(0, 0, 60, 41)",14
5883,conv2d_16,"(2, 2, 40, 40)",8
5884,conv2d_16,"(2, 2, 5, 37)",3
5885,conv2d_16,"(2, 1, 18, 36)",4
5886,conv2d_16,"(0, 0, 0, 13)",19
5887,conv2d_16,"(2, 1, 16, 12)",6
5888,conv2d_16,"(2, 2, 41, 36)",5
5889,conv2d_16,"(1, 2, 22, 19)",21
5890,conv2d_16,"(0, 0, 50, 44)",12
5891,conv2d_16,"(0, 2, 49, 57)",15
5892,conv2d_16,"(1, 2, 28, 22)",21
5893,conv2d_16,"(0, 0, 58, 42)",25
5894,conv2d_16,"(0, 1, 61, 14)",27
5895,conv2d_16,"(2, 2, 15, 25)",2
5896,conv2d_16,"(1, 2, 4, 56)",8
5897,conv2d_16,"(2, 1, 37, 10)",3
5898,conv2d_16,"(2, 1, 49, 26)",4
5899,conv2d_16,"(1, 2, 8, 39)",15
5900,conv2d_16,"(0, 0, 25, 15)",25
5901,conv2d_16,"(1, 1, 28, 13)",31
5902,conv2d_16,"(0, 2, 13, 44)",22
5903,conv2d_16,"(2, 1, 46, 47)",11
5904,conv2d_16,"(1, 2, 27, 30)",5
5905,conv2d_16,"(2, 2, 11, 18)",19
5906,conv2d_16,"(0, 2, 20, 32)",30
5907,conv2d_16,"(0, 1, 54, 30)",15
5908,conv2d_16,"(1, 0, 11, 38)",26
5909,conv2d_16,"(1, 2, 14, 55)",23
5910,conv2d_16,"(0, 0, 56, 33)",6
5911,conv2d_16,"(0, 0, 29, 19)",9
5912,conv2d_16,"(0, 2, 62, 18)",21
5913,conv2d_16,"(2, 0, 31, 9)",12
5914,conv2d_16,"(2, 2, 17, 42)",22
5915,conv2d_16,"(2, 1, 51, 63)",15
5916,conv2d_16,"(1, 2, 13, 23)",19
5917,conv2d_16,"(1, 2, 15, 39)",15
5918,conv2d_16,"(2, 2, 38, 7)",6
5919,conv2d_16,"(1, 2, 22, 33)",19
5920,conv2d_16,"(1, 1, 10, 34)",18
5921,conv2d_16,"(1, 2, 26, 35)",30
5922,conv2d_16,"(1, 1, 58, 18)",5
5923,conv2d_16,"(1, 0, 11, 15)",22
5924,conv2d_16,"(1, 1, 19, 0)",16
5925,conv2d_16,"(2, 1, 59, 13)",8
5926,conv2d_16,"(1, 2, 49, 61)",4
5927,conv2d_16,"(0, 2, 15, 8)",24
5928,conv2d_16,"(2, 2, 61, 32)",10
5929,conv2d_16,"(0, 1, 24, 16)",2
5930,conv2d_16,"(1, 2, 1, 48)",11
5931,conv2d_16,"(2, 1, 54, 5)",2
5932,conv2d_16,"(2, 0, 31, 0)",2
5933,conv2d_16,"(1, 2, 32, 22)",31
5934,conv2d_16,"(2, 1, 21, 41)",26
5935,conv2d_16,"(1, 2, 33, 62)",27
5936,conv2d_16,"(0, 2, 59, 17)",6
5937,conv2d_16,"(1, 1, 1, 29)",5
5938,conv2d_16,"(0, 2, 23, 28)",1
5939,conv2d_16,"(0, 1, 19, 45)",31
5940,conv2d_16,"(0, 2, 15, 60)",24
5941,conv2d_16,"(0, 1, 47, 2)",28
5942,conv2d_16,"(0, 1, 35, 8)",23
5943,conv2d_16,"(2, 1, 1, 8)",9
5944,conv2d_16,"(1, 2, 44, 23)",17
5945,conv2d_16,"(0, 2, 59, 4)",31
5946,conv2d_16,"(0, 0, 39, 23)",2
5947,conv2d_16,"(0, 1, 48, 29)",22
5948,conv2d_16,"(0, 1, 51, 54)",25
5949,conv2d_16,"(0, 0, 21, 19)",31
5950,conv2d_16,"(2, 2, 28, 10)",24
5951,conv2d_16,"(2, 0, 59, 9)",21
5952,conv2d_16,"(1, 2, 13, 42)",30
5953,conv2d_16,"(2, 0, 19, 17)",29
5954,conv2d_16,"(2, 0, 1, 37)",29
5955,conv2d_16,"(2, 2, 34, 27)",17
5956,conv2d_16,"(0, 1, 42, 38)",0
5957,conv2d_16,"(0, 0, 59, 46)",2
5958,conv2d_16,"(0, 1, 60, 16)",10
5959,conv2d_16,"(0, 0, 52, 23)",19
5960,conv2d_16,"(1, 0, 48, 10)",27
5961,conv2d_16,"(1, 2, 24, 44)",25
5962,conv2d_16,"(2, 2, 14, 41)",12
5963,conv2d_16,"(0, 0, 63, 5)",10
5964,conv2d_16,"(1, 2, 42, 17)",22
5965,conv2d_16,"(2, 1, 35, 61)",29
5966,conv2d_16,"(1, 0, 62, 34)",25
5967,conv2d_16,"(1, 1, 16, 56)",7
5968,conv2d_16,"(2, 2, 59, 29)",1
5969,conv2d_16,"(2, 2, 17, 9)",12
5970,conv2d_16,"(1, 0, 15, 30)",27
5971,conv2d_16,"(2, 2, 19, 39)",26
5972,conv2d_16,"(0, 0, 37, 46)",18
5973,conv2d_16,"(2, 1, 60, 51)",25
5974,conv2d_16,"(0, 1, 35, 48)",13
5975,conv2d_16,"(0, 0, 3, 15)",0
5976,conv2d_16,"(1, 0, 28, 24)",25
5977,conv2d_16,"(0, 2, 48, 7)",11
5978,conv2d_16,"(2, 1, 16, 9)",28
5979,conv2d_16,"(1, 2, 21, 38)",5
5980,conv2d_16,"(2, 2, 2, 52)",13
5981,conv2d_16,"(1, 2, 57, 55)",10
5982,conv2d_16,"(1, 0, 36, 58)",27
5983,conv2d_16,"(2, 2, 4, 45)",28
5984,conv2d_16,"(1, 2, 22, 15)",6
5985,conv2d_16,"(1, 0, 59, 2)",31
5986,conv2d_16,"(0, 0, 5, 14)",25
5987,conv2d_16,"(0, 1, 27, 1)",14
5988,conv2d_16,"(2, 1, 39, 4)",24
5989,conv2d_16,"(1, 0, 12, 48)",28
5990,conv2d_16,"(2, 1, 59, 30)",11
5991,conv2d_16,"(0, 0, 34, 53)",2
5992,conv2d_16,"(0, 1, 28, 41)",16
5993,conv2d_16,"(0, 1, 0, 34)",13
5994,conv2d_16,"(0, 2, 62, 3)",4
5995,conv2d_16,"(1, 0, 40, 48)",2
5996,conv2d_16,"(2, 2, 7, 2)",24
5997,conv2d_16,"(1, 1, 52, 55)",18
5998,conv2d_16,"(2, 0, 10, 39)",25
5999,conv2d_16,"(1, 1, 13, 8)",26
6000,conv2d_16,"(1, 0, 19, 45)",2
6001,conv2d_16,"(2, 0, 55, 62)",13
6002,conv2d_16,"(2, 0, 15, 4)",14
6003,conv2d_16,"(2, 1, 49, 43)",19
6004,conv2d_16,"(2, 1, 4, 3)",7
6005,conv2d_16,"(2, 0, 47, 47)",16
6006,conv2d_16,"(1, 2, 7, 48)",29
6007,conv2d_16,"(0, 0, 32, 4)",25
6008,conv2d_16,"(0, 2, 14, 45)",17
6009,conv2d_16,"(1, 1, 32, 51)",9
6010,conv2d_16,"(1, 2, 2, 63)",16
6011,conv2d_16,"(1, 1, 33, 13)",18
6012,conv2d_16,"(2, 1, 5, 19)",2
6013,conv2d_16,"(2, 2, 1, 23)",15
6014,conv2d_16,"(2, 0, 23, 53)",7
6015,conv2d_16,"(2, 1, 3, 45)",2
6016,conv2d_16,"(0, 2, 28, 55)",17
6017,conv2d_16,"(2, 2, 52, 33)",24
6018,conv2d_16,"(1, 1, 15, 30)",4
6019,conv2d_16,"(2, 0, 38, 34)",14
6020,conv2d_16,"(2, 1, 2, 24)",24
6021,conv2d_16,"(2, 1, 38, 33)",1
6022,conv2d_16,"(2, 0, 47, 39)",16
6023,conv2d_16,"(1, 2, 43, 33)",25
6024,conv2d_16,"(1, 1, 38, 32)",4
6025,conv2d_16,"(1, 2, 33, 35)",2
6026,conv2d_16,"(1, 1, 0, 29)",2
6027,conv2d_16,"(1, 1, 2, 63)",16
6028,conv2d_16,"(2, 1, 47, 63)",12
6029,conv2d_16,"(2, 1, 59, 39)",11
6030,conv2d_16,"(2, 0, 15, 16)",29
6031,conv2d_16,"(0, 1, 5, 9)",11
6032,conv2d_16,"(1, 2, 11, 42)",28
6033,conv2d_16,"(2, 1, 59, 34)",26
6034,conv2d_16,"(1, 2, 45, 18)",5
6035,conv2d_16,"(2, 0, 0, 45)",22
6036,conv2d_16,"(0, 1, 54, 56)",8
6037,conv2d_16,"(0, 0, 47, 43)",26
6038,conv2d_16,"(2, 0, 37, 30)",6
6039,conv2d_16,"(1, 2, 19, 50)",8
6040,conv2d_16,"(0, 2, 51, 35)",23
6041,conv2d_16,"(2, 1, 33, 8)",10
6042,conv2d_16,"(1, 0, 7, 12)",0
6043,conv2d_16,"(1, 2, 0, 24)",27
6044,conv2d_16,"(0, 2, 28, 31)",11
6045,conv2d_16,"(0, 2, 51, 58)",28
6046,conv2d_16,"(0, 0, 60, 17)",5
6047,conv2d_16,"(1, 2, 17, 36)",19
6048,conv2d_16,"(1, 0, 51, 55)",8
6049,conv2d_16,"(0, 0, 6, 46)",14
6050,conv2d_16,"(1, 2, 10, 48)",10
6051,conv2d_16,"(0, 2, 17, 17)",5
6052,conv2d_16,"(0, 1, 25, 17)",10
6053,conv2d_16,"(0, 1, 23, 44)",4
6054,conv2d_16,"(1, 1, 21, 31)",30
6055,conv2d_16,"(0, 0, 19, 47)",18
6056,conv2d_16,"(0, 0, 13, 50)",17
6057,conv2d_16,"(0, 2, 7, 38)",29
6058,conv2d_16,"(1, 2, 59, 38)",21
6059,conv2d_16,"(2, 2, 55, 12)",27
6060,conv2d_16,"(2, 0, 44, 1)",10
6061,conv2d_16,"(2, 2, 31, 3)",26
6062,conv2d_16,"(0, 1, 34, 27)",11
6063,conv2d_16,"(0, 1, 58, 32)",8
6064,conv2d_16,"(2, 2, 21, 48)",19
6065,conv2d_16,"(2, 2, 59, 25)",23
6066,conv2d_16,"(1, 0, 45, 62)",15
6067,conv2d_16,"(2, 1, 61, 16)",8
6068,conv2d_16,"(2, 1, 59, 32)",5
6069,conv2d_16,"(2, 1, 21, 44)",10
6070,conv2d_16,"(1, 1, 13, 21)",24
6071,conv2d_16,"(1, 1, 50, 19)",0
6072,conv2d_16,"(1, 1, 38, 10)",9
6073,conv2d_16,"(2, 1, 42, 45)",30
6074,conv2d_16,"(1, 0, 16, 6)",20
6075,conv2d_16,"(1, 2, 35, 32)",29
6076,conv2d_16,"(0, 1, 40, 37)",11
6077,conv2d_16,"(0, 2, 30, 61)",16
6078,conv2d_16,"(1, 2, 51, 49)",15
6079,conv2d_16,"(0, 0, 50, 60)",17
6080,conv2d_16,"(0, 0, 0, 14)",4
6081,conv2d_16,"(0, 2, 39, 7)",12
6082,conv2d_16,"(1, 1, 50, 49)",7
6083,conv2d_16,"(0, 0, 28, 58)",26
6084,conv2d_16,"(1, 0, 35, 13)",10
6085,conv2d_16,"(0, 0, 0, 29)",15
6086,conv2d_16,"(2, 1, 46, 25)",22
6087,conv2d_16,"(1, 0, 3, 32)",19
6088,conv2d_16,"(1, 0, 55, 1)",30
6089,conv2d_16,"(0, 1, 54, 50)",27
6090,conv2d_16,"(0, 2, 61, 11)",28
6091,conv2d_16,"(2, 2, 26, 20)",13
6092,conv2d_16,"(1, 0, 61, 52)",28
6093,conv2d_16,"(2, 1, 20, 23)",5
6094,conv2d_16,"(1, 2, 61, 22)",19
6095,conv2d_16,"(1, 1, 21, 58)",26
6096,conv2d_16,"(0, 1, 11, 36)",15
6097,conv2d_16,"(0, 1, 56, 22)",28
6098,conv2d_16,"(1, 1, 13, 22)",26
6099,conv2d_16,"(1, 0, 29, 3)",18
6100,conv2d_16,"(2, 0, 22, 51)",12
6101,conv2d_16,"(0, 0, 54, 12)",8
6102,conv2d_16,"(0, 0, 38, 29)",21
6103,conv2d_16,"(0, 0, 29, 0)",31
6104,conv2d_16,"(1, 0, 19, 54)",13
6105,conv2d_16,"(0, 0, 60, 57)",0
6106,conv2d_16,"(0, 1, 30, 10)",6
6107,conv2d_16,"(2, 2, 37, 57)",22
6108,conv2d_16,"(0, 2, 27, 13)",8
6109,conv2d_16,"(0, 1, 13, 21)",5
6110,conv2d_16,"(2, 1, 36, 59)",17
6111,conv2d_16,"(1, 0, 61, 11)",14
6112,conv2d_16,"(2, 2, 61, 23)",14
6113,conv2d_16,"(1, 1, 20, 51)",15
6114,conv2d_16,"(0, 2, 55, 40)",29
6115,conv2d_16,"(1, 2, 19, 40)",2
6116,conv2d_16,"(0, 1, 23, 3)",2
6117,conv2d_16,"(0, 1, 44, 44)",27
6118,conv2d_16,"(0, 2, 10, 63)",21
6119,conv2d_16,"(2, 2, 30, 8)",27
6120,conv2d_16,"(1, 2, 35, 27)",12
6121,conv2d_16,"(0, 1, 60, 61)",16
6122,conv2d_16,"(0, 0, 28, 36)",11
6123,conv2d_16,"(0, 0, 47, 15)",15
6124,conv2d_16,"(0, 1, 33, 14)",27
6125,conv2d_16,"(1, 0, 62, 63)",4
6126,conv2d_16,"(2, 2, 34, 41)",26
6127,conv2d_16,"(0, 1, 13, 9)",5
6128,conv2d_16,"(0, 2, 2, 1)",12
6129,conv2d_16,"(2, 1, 53, 58)",27
6130,conv2d_16,"(0, 2, 2, 20)",20
6131,conv2d_16,"(1, 0, 62, 5)",9
6132,conv2d_16,"(2, 1, 7, 40)",19
6133,conv2d_16,"(0, 1, 1, 35)",29
6134,conv2d_16,"(0, 1, 54, 9)",3
6135,conv2d_16,"(0, 1, 54, 20)",20
6136,conv2d_16,"(0, 2, 2, 53)",22
6137,conv2d_16,"(0, 1, 22, 34)",28
6138,conv2d_16,"(0, 1, 11, 47)",26
6139,conv2d_16,"(1, 2, 37, 28)",21
6140,conv2d_16,"(2, 0, 30, 5)",1
6141,conv2d_16,"(2, 2, 11, 50)",12
6142,conv2d_16,"(0, 1, 20, 40)",22
6143,conv2d_16,"(2, 1, 56, 26)",28
6144,conv2d_16,"(0, 0, 45, 13)",31
6145,conv2d_16,"(2, 1, 21, 24)",9
6146,conv2d_16,"(0, 1, 10, 8)",30
6147,conv2d_16,"(0, 2, 6, 26)",19
6148,conv2d_16,"(0, 2, 40, 30)",6
6149,conv2d_16,"(0, 0, 19, 29)",31
6150,conv2d_16,"(1, 2, 11, 52)",16
6151,conv2d_16,"(1, 0, 62, 22)",24
6152,conv2d_16,"(0, 2, 46, 48)",0
6153,conv2d_16,"(2, 1, 56, 24)",27
6154,conv2d_16,"(2, 1, 40, 46)",20
6155,conv2d_16,"(0, 1, 54, 21)",28
6156,conv2d_16,"(2, 1, 56, 47)",19
6157,conv2d_16,"(2, 1, 38, 32)",14
6158,conv2d_16,"(1, 1, 51, 59)",19
6159,conv2d_16,"(0, 0, 48, 0)",16
6160,conv2d_16,"(2, 2, 22, 2)",29
6161,conv2d_16,"(1, 0, 28, 47)",23
6162,conv2d_16,"(0, 2, 12, 49)",0
6163,conv2d_16,"(0, 2, 3, 23)",6
6164,conv2d_16,"(0, 0, 60, 24)",6
6165,conv2d_16,"(2, 0, 33, 45)",17
6166,conv2d_16,"(2, 2, 38, 14)",6
6167,conv2d_16,"(1, 0, 9, 6)",2
6168,conv2d_16,"(1, 0, 51, 48)",3
6169,conv2d_16,"(2, 1, 0, 10)",16
6170,conv2d_16,"(0, 1, 57, 23)",22
6171,conv2d_16,"(0, 1, 55, 39)",0
6172,conv2d_16,"(2, 2, 5, 58)",9
6173,conv2d_16,"(1, 0, 12, 2)",10
6174,conv2d_16,"(1, 0, 62, 4)",18
6175,conv2d_16,"(1, 0, 4, 63)",4
6176,conv2d_16,"(1, 1, 26, 23)",24
6177,conv2d_16,"(1, 0, 28, 7)",13
6178,conv2d_16,"(2, 1, 0, 21)",19
6179,conv2d_16,"(2, 1, 46, 22)",24
6180,conv2d_16,"(1, 2, 48, 47)",27
6181,conv2d_16,"(2, 1, 26, 36)",24
6182,conv2d_16,"(1, 2, 59, 43)",10
6183,conv2d_16,"(0, 0, 5, 44)",1
6184,conv2d_16,"(1, 1, 55, 36)",6
6185,conv2d_16,"(1, 0, 41, 9)",3
6186,conv2d_16,"(2, 0, 61, 33)",5
6187,conv2d_16,"(1, 2, 56, 22)",9
6188,conv2d_16,"(2, 0, 32, 21)",20
6189,conv2d_16,"(2, 2, 40, 25)",17
6190,conv2d_16,"(1, 1, 54, 35)",14
6191,conv2d_16,"(0, 0, 43, 38)",16
6192,conv2d_16,"(2, 2, 16, 44)",5
6193,conv2d_16,"(0, 2, 40, 62)",6
6194,conv2d_16,"(1, 2, 4, 31)",25
6195,conv2d_16,"(2, 1, 61, 61)",10
6196,conv2d_16,"(1, 0, 27, 27)",27
6197,conv2d_16,"(0, 0, 48, 54)",3
6198,conv2d_16,"(1, 0, 1, 15)",27
6199,conv2d_16,"(0, 0, 59, 37)",0
6200,conv2d_16,"(1, 0, 44, 4)",15
6201,conv2d_16,"(2, 2, 0, 33)",21
6202,conv2d_16,"(2, 0, 41, 25)",16
6203,conv2d_16,"(1, 0, 26, 2)",3
6204,conv2d_16,"(0, 1, 0, 2)",8
6205,conv2d_16,"(0, 1, 36, 14)",1
6206,conv2d_16,"(0, 0, 37, 28)",1
6207,conv2d_16,"(0, 0, 56, 0)",11
6208,conv2d_16,"(2, 0, 34, 21)",9
6209,conv2d_16,"(2, 2, 31, 19)",21
6210,conv2d_16,"(1, 0, 3, 21)",26
6211,conv2d_16,"(1, 2, 53, 60)",24
6212,conv2d_16,"(2, 2, 33, 60)",0
6213,conv2d_16,"(1, 0, 26, 59)",0
6214,conv2d_16,"(1, 2, 63, 37)",22
6215,conv2d_16,"(2, 0, 43, 49)",20
6216,conv2d_16,"(1, 2, 28, 48)",7
6217,conv2d_16,"(1, 2, 3, 30)",30
6218,conv2d_16,"(1, 2, 55, 24)",3
6219,conv2d_16,"(2, 0, 27, 33)",19
6220,conv2d_16,"(2, 1, 32, 32)",0
6221,conv2d_16,"(0, 0, 62, 18)",21
6222,conv2d_16,"(0, 0, 4, 3)",18
6223,conv2d_16,"(2, 0, 12, 60)",27
6224,conv2d_16,"(2, 1, 22, 60)",0
6225,conv2d_16,"(0, 0, 46, 63)",28
6226,conv2d_16,"(0, 2, 36, 38)",19
6227,conv2d_16,"(0, 1, 6, 57)",4
6228,conv2d_16,"(0, 2, 34, 61)",19
6229,conv2d_16,"(0, 1, 61, 47)",25
6230,conv2d_16,"(2, 0, 15, 10)",23
6231,conv2d_16,"(1, 1, 53, 13)",29
6232,conv2d_16,"(0, 0, 18, 22)",14
6233,conv2d_16,"(1, 1, 19, 28)",2
6234,conv2d_16,"(1, 0, 63, 31)",14
6235,conv2d_16,"(1, 0, 15, 14)",2
6236,conv2d_16,"(1, 0, 0, 43)",20
6237,conv2d_16,"(1, 0, 53, 49)",19
6238,conv2d_16,"(0, 0, 31, 13)",23
6239,conv2d_16,"(0, 0, 34, 9)",27
6240,conv2d_16,"(0, 1, 57, 61)",5
6241,conv2d_16,"(1, 1, 59, 31)",13
6242,conv2d_16,"(1, 2, 24, 32)",8
6243,conv2d_16,"(2, 0, 35, 47)",24
6244,conv2d_16,"(0, 1, 26, 3)",6
6245,conv2d_16,"(0, 0, 18, 31)",22
6246,conv2d_16,"(2, 2, 62, 23)",1
6247,conv2d_16,"(1, 2, 6, 4)",16
6248,conv2d_16,"(1, 0, 40, 22)",28
6249,conv2d_16,"(0, 0, 39, 21)",1
6250,conv2d_16,"(0, 1, 28, 0)",31
6251,conv2d_16,"(0, 1, 47, 56)",18
6252,conv2d_16,"(0, 2, 44, 30)",3
6253,conv2d_16,"(0, 1, 0, 19)",30
6254,conv2d_16,"(0, 0, 35, 21)",3
6255,conv2d_16,"(0, 0, 50, 38)",19
6256,conv2d_16,"(1, 1, 50, 11)",8
6257,conv2d_16,"(1, 1, 58, 41)",11
6258,conv2d_16,"(2, 2, 49, 8)",31
6259,conv2d_16,"(2, 0, 24, 12)",27
6260,conv2d_16,"(0, 1, 2, 17)",9
6261,conv2d_16,"(1, 1, 36, 3)",22
6262,conv2d_16,"(0, 1, 59, 32)",29
6263,conv2d_16,"(0, 2, 31, 19)",11
6264,conv2d_16,"(0, 0, 39, 52)",14
6265,conv2d_16,"(2, 1, 17, 15)",1
6266,conv2d_16,"(1, 0, 9, 17)",19
6267,conv2d_16,"(0, 2, 38, 12)",31
6268,conv2d_16,"(0, 2, 0, 29)",15
6269,conv2d_16,"(1, 2, 39, 38)",21
6270,conv2d_16,"(1, 1, 5, 40)",12
6271,conv2d_16,"(1, 2, 47, 55)",11
6272,conv2d_16,"(2, 0, 56, 19)",30
6273,conv2d_16,"(1, 0, 59, 59)",23
6274,conv2d_16,"(2, 0, 22, 46)",3
6275,conv2d_16,"(1, 2, 54, 55)",20
6276,conv2d_16,"(2, 2, 4, 25)",28
6277,conv2d_16,"(0, 2, 8, 23)",13
6278,conv2d_16,"(2, 0, 34, 27)",27
6279,conv2d_16,"(0, 2, 8, 10)",23
6280,conv2d_16,"(0, 1, 1, 48)",20
6281,conv2d_16,"(1, 2, 49, 1)",1
6282,conv2d_16,"(1, 2, 47, 46)",27
6283,conv2d_16,"(1, 2, 33, 33)",23
6284,conv2d_16,"(1, 0, 26, 56)",30
6285,conv2d_16,"(0, 2, 16, 40)",5
6286,conv2d_16,"(0, 1, 59, 7)",31
6287,conv2d_16,"(2, 1, 59, 43)",11
6288,conv2d_16,"(2, 0, 33, 32)",29
6289,conv2d_16,"(0, 2, 0, 59)",22
6290,conv2d_16,"(1, 0, 62, 49)",20
6291,conv2d_16,"(0, 0, 20, 42)",16
6292,conv2d_16,"(1, 2, 14, 40)",4
6293,conv2d_16,"(2, 2, 63, 17)",7
6294,conv2d_16,"(1, 2, 32, 23)",2
6295,conv2d_16,"(1, 1, 14, 51)",11
6296,conv2d_16,"(0, 1, 25, 44)",16
6297,conv2d_16,"(2, 0, 22, 7)",14
6298,conv2d_16,"(2, 1, 10, 63)",21
6299,conv2d_16,"(1, 1, 19, 32)",9
6300,conv2d_16,"(2, 1, 43, 55)",1
6301,conv2d_16,"(0, 2, 25, 34)",20
6302,conv2d_16,"(2, 0, 46, 30)",3
6303,conv2d_16,"(2, 1, 61, 42)",13
6304,conv2d_16,"(1, 0, 11, 24)",5
6305,conv2d_16,"(1, 1, 4, 17)",2
6306,conv2d_16,"(2, 0, 51, 41)",26
6307,conv2d_16,"(0, 1, 29, 42)",11
6308,conv2d_16,"(2, 0, 43, 4)",7
6309,conv2d_16,"(0, 2, 57, 23)",29
6310,conv2d_16,"(1, 2, 32, 43)",2
6311,conv2d_16,"(1, 2, 37, 50)",15
6312,conv2d_16,"(2, 0, 0, 1)",22
6313,conv2d_16,"(2, 1, 43, 53)",20
6314,conv2d_16,"(1, 1, 6, 46)",24
6315,conv2d_16,"(2, 0, 59, 50)",19
6316,conv2d_16,"(2, 2, 6, 5)",19
6317,conv2d_16,"(0, 0, 6, 52)",18
6318,conv2d_16,"(1, 0, 39, 45)",9
6319,conv2d_16,"(2, 0, 42, 62)",8
6320,conv2d_16,"(2, 2, 44, 37)",12
6321,conv2d_16,"(0, 0, 62, 5)",10
6322,conv2d_16,"(2, 0, 23, 16)",27
6323,conv2d_16,"(1, 0, 24, 39)",3
6324,conv2d_16,"(0, 0, 5, 9)",12
6325,conv2d_16,"(1, 1, 20, 24)",10
6326,conv2d_16,"(2, 2, 50, 13)",23
6327,conv2d_16,"(0, 0, 47, 52)",7
6328,conv2d_16,"(0, 2, 54, 10)",23
6329,conv2d_16,"(0, 0, 12, 47)",0
6330,conv2d_16,"(0, 1, 11, 17)",3
6331,conv2d_16,"(2, 2, 14, 31)",3
6332,conv2d_16,"(2, 0, 42, 51)",19
6333,conv2d_16,"(1, 0, 45, 18)",23
6334,conv2d_16,"(1, 1, 26, 16)",10
6335,conv2d_16,"(0, 2, 27, 37)",7
6336,conv2d_16,"(0, 2, 50, 48)",10
6337,conv2d_16,"(2, 2, 23, 37)",27
6338,conv2d_16,"(2, 0, 43, 38)",2
6339,conv2d_16,"(2, 2, 2, 9)",19
6340,conv2d_16,"(0, 2, 36, 5)",27
6341,conv2d_16,"(1, 0, 20, 26)",4
6342,conv2d_16,"(1, 2, 4, 14)",9
6343,conv2d_16,"(0, 1, 12, 7)",2
6344,conv2d_16,"(1, 1, 59, 2)",22
6345,conv2d_16,"(2, 1, 20, 24)",14
6346,conv2d_16,"(1, 2, 57, 60)",26
6347,conv2d_16,"(1, 0, 24, 43)",23
6348,conv2d_16,"(1, 0, 51, 5)",9
6349,conv2d_16,"(0, 1, 35, 0)",22
6350,conv2d_16,"(2, 1, 44, 58)",9
6351,conv2d_16,"(2, 1, 41, 58)",13
6352,conv2d_16,"(0, 2, 39, 25)",6
6353,conv2d_16,"(1, 2, 63, 53)",25
6354,conv2d_16,"(2, 0, 0, 16)",7
6355,conv2d_16,"(2, 0, 54, 1)",30
6356,conv2d_16,"(1, 2, 21, 49)",16
6357,conv2d_16,"(2, 0, 33, 55)",23
6358,conv2d_16,"(1, 1, 23, 55)",11
6359,conv2d_16,"(0, 1, 59, 11)",30
6360,conv2d_16,"(0, 0, 39, 31)",16
6361,conv2d_16,"(1, 2, 25, 12)",23
6362,conv2d_16,"(0, 2, 33, 6)",30
6363,conv2d_16,"(1, 0, 5, 19)",4
6364,conv2d_16,"(0, 1, 54, 38)",4
6365,conv2d_16,"(2, 2, 20, 51)",0
6366,conv2d_16,"(1, 2, 0, 7)",21
6367,conv2d_16,"(1, 1, 28, 23)",31
6368,conv2d_16,"(1, 0, 17, 59)",4
6369,conv2d_16,"(2, 2, 3, 46)",30
6370,conv2d_16,"(1, 1, 5, 62)",17
6371,conv2d_16,"(2, 2, 56, 33)",1
6372,conv2d_16,"(2, 1, 53, 4)",20
6373,conv2d_16,"(1, 0, 11, 29)",6
6374,conv2d_16,"(1, 2, 59, 24)",8
6375,conv2d_16,"(0, 0, 32, 51)",21
6376,conv2d_16,"(0, 0, 39, 46)",26
6377,conv2d_16,"(0, 2, 56, 22)",11
6378,conv2d_16,"(2, 2, 16, 9)",2
6379,conv2d_16,"(0, 1, 37, 53)",16
6380,conv2d_16,"(2, 1, 46, 59)",22
6381,conv2d_16,"(0, 1, 23, 20)",10
6382,conv2d_16,"(2, 2, 47, 6)",9
6383,conv2d_16,"(1, 2, 33, 45)",13
6384,conv2d_16,"(2, 2, 59, 53)",24
6385,conv2d_16,"(2, 0, 36, 28)",8
6386,conv2d_16,"(2, 0, 6, 29)",30
6387,conv2d_16,"(0, 0, 40, 52)",6
6388,conv2d_16,"(1, 2, 19, 56)",26
6389,conv2d_16,"(1, 0, 32, 12)",28
6390,conv2d_16,"(0, 0, 33, 8)",19
6391,conv2d_16,"(2, 2, 45, 48)",6
6392,conv2d_16,"(1, 0, 19, 40)",7
6393,conv2d_16,"(1, 0, 6, 40)",23
6394,conv2d_16,"(2, 1, 32, 41)",17
6395,conv2d_16,"(2, 1, 11, 33)",2
6396,conv2d_16,"(0, 1, 48, 0)",29
6397,conv2d_16,"(2, 0, 55, 60)",5
6398,conv2d_16,"(1, 1, 33, 43)",28
6399,conv2d_16,"(1, 2, 39, 39)",11
6400,conv2d_16,"(2, 2, 44, 53)",13
6401,conv2d_16,"(1, 1, 2, 16)",9
6402,conv2d_16,"(2, 2, 55, 19)",13
6403,conv2d_16,"(0, 2, 30, 23)",6
6404,conv2d_16,"(0, 1, 43, 28)",21
6405,conv2d_16,"(2, 0, 45, 32)",29
6406,conv2d_16,"(2, 0, 39, 2)",1
6407,conv2d_16,"(2, 2, 54, 3)",26
6408,conv2d_16,"(0, 1, 13, 26)",1
6409,conv2d_16,"(1, 0, 53, 18)",28
6410,conv2d_16,"(0, 2, 49, 10)",24
6411,conv2d_16,"(1, 1, 16, 41)",17
6412,conv2d_16,"(1, 0, 42, 47)",3
6413,conv2d_16,"(1, 2, 0, 36)",6
6414,conv2d_16,"(0, 2, 26, 7)",3
6415,conv2d_16,"(1, 2, 62, 3)",13
6416,conv2d_16,"(0, 1, 32, 52)",31
6417,conv2d_16,"(1, 2, 7, 6)",6
6418,conv2d_16,"(1, 2, 27, 55)",3
6419,conv2d_16,"(0, 2, 16, 62)",21
6420,conv2d_16,"(2, 2, 18, 41)",15
6421,conv2d_16,"(2, 2, 15, 39)",2
6422,conv2d_16,"(0, 1, 53, 12)",4
6423,conv2d_16,"(0, 1, 43, 0)",7
6424,conv2d_16,"(2, 2, 12, 38)",16
6425,conv2d_16,"(0, 2, 49, 24)",11
6426,conv2d_16,"(1, 2, 12, 34)",22
6427,conv2d_16,"(1, 1, 47, 9)",5
6428,conv2d_16,"(0, 2, 26, 35)",20
6429,conv2d_16,"(1, 1, 21, 3)",30
6430,conv2d_16,"(1, 0, 7, 4)",21
6431,conv2d_16,"(2, 2, 10, 15)",27
6432,conv2d_16,"(1, 0, 30, 23)",12
6433,conv2d_16,"(2, 0, 59, 33)",31
6434,conv2d_16,"(1, 2, 41, 60)",8
6435,conv2d_16,"(0, 2, 20, 13)",30
6436,conv2d_16,"(1, 1, 55, 13)",11
6437,conv2d_16,"(0, 2, 34, 63)",26
6438,conv2d_16,"(0, 0, 0, 26)",23
6439,conv2d_16,"(1, 1, 63, 3)",11
6440,conv2d_16,"(2, 0, 50, 47)",31
6441,conv2d_16,"(1, 0, 31, 48)",23
6442,conv2d_16,"(1, 1, 54, 55)",2
6443,conv2d_16,"(0, 0, 11, 18)",12
6444,conv2d_16,"(1, 1, 19, 47)",30
6445,conv2d_16,"(0, 1, 0, 52)",18
6446,conv2d_16,"(1, 0, 42, 63)",19
6447,conv2d_16,"(1, 2, 28, 41)",13
6448,conv2d_16,"(1, 2, 23, 60)",13
6449,conv2d_16,"(2, 1, 32, 20)",10
6450,conv2d_16,"(1, 0, 47, 61)",31
6451,conv2d_16,"(2, 0, 59, 23)",12
6452,conv2d_16,"(0, 0, 33, 41)",17
6453,conv2d_16,"(2, 0, 0, 29)",16
6454,conv2d_16,"(2, 2, 8, 58)",24
6455,conv2d_16,"(1, 0, 61, 16)",3
6456,conv2d_16,"(1, 1, 11, 20)",17
6457,conv2d_16,"(1, 1, 6, 61)",29
6458,conv2d_16,"(0, 1, 58, 2)",12
6459,conv2d_16,"(2, 2, 56, 26)",7
6460,conv2d_16,"(1, 0, 41, 28)",0
6461,conv2d_16,"(1, 1, 59, 50)",24
6462,conv2d_16,"(2, 2, 17, 49)",1
6463,conv2d_16,"(1, 2, 63, 63)",25
6464,conv2d_16,"(0, 1, 38, 37)",31
6465,conv2d_16,"(0, 0, 43, 44)",10
6466,conv2d_16,"(2, 0, 45, 61)",12
6467,conv2d_16,"(0, 1, 22, 14)",8
6468,conv2d_16,"(2, 0, 61, 8)",13
6469,conv2d_16,"(0, 1, 56, 29)",0
6470,conv2d_16,"(2, 0, 0, 18)",3
6471,conv2d_16,"(2, 0, 43, 13)",4
6472,conv2d_16,"(0, 0, 14, 13)",20
6473,conv2d_16,"(2, 0, 17, 13)",17
6474,conv2d_16,"(1, 1, 55, 2)",1
6475,conv2d_16,"(0, 2, 25, 23)",5
6476,conv2d_16,"(0, 1, 44, 50)",21
6477,conv2d_16,"(0, 0, 20, 51)",3
6478,conv2d_16,"(0, 0, 19, 12)",30
6479,conv2d_16,"(1, 2, 4, 27)",14
6480,conv2d_16,"(2, 1, 63, 47)",23
6481,conv2d_16,"(1, 0, 0, 45)",19
6482,conv2d_16,"(0, 1, 41, 36)",0
6483,conv2d_16,"(0, 2, 14, 42)",17
6484,conv2d_16,"(0, 2, 36, 42)",0
6485,conv2d_16,"(1, 2, 0, 40)",3
6486,conv2d_16,"(2, 0, 31, 19)",21
6487,conv2d_16,"(1, 0, 33, 6)",23
6488,conv2d_16,"(2, 1, 42, 0)",30
6489,conv2d_16,"(2, 0, 1, 43)",15
6490,conv2d_16,"(0, 1, 46, 9)",4
6491,conv2d_16,"(1, 0, 53, 0)",10
6492,conv2d_16,"(1, 0, 6, 3)",1
6493,conv2d_16,"(2, 2, 12, 52)",23
6494,conv2d_16,"(1, 2, 20, 15)",26
6495,conv2d_16,"(2, 0, 51, 16)",8
6496,conv2d_16,"(1, 1, 16, 23)",24
6497,conv2d_16,"(1, 2, 47, 61)",29
6498,conv2d_16,"(0, 0, 34, 61)",22
6499,conv2d_16,"(1, 2, 48, 17)",12
6500,conv2d_16,"(2, 0, 14, 7)",18
6501,conv2d_16,"(0, 2, 62, 22)",29
6502,conv2d_16,"(2, 0, 35, 30)",4
6503,conv2d_16,"(1, 0, 51, 44)",22
6504,conv2d_16,"(1, 1, 38, 62)",19
6505,conv2d_16,"(2, 1, 57, 5)",6
6506,conv2d_16,"(2, 0, 0, 49)",7
6507,conv2d_16,"(1, 2, 41, 44)",28
6508,conv2d_16,"(2, 2, 14, 6)",31
6509,conv2d_16,"(0, 0, 23, 8)",14
6510,conv2d_16,"(2, 1, 47, 51)",13
6511,conv2d_16,"(1, 1, 55, 32)",13
6512,conv2d_16,"(1, 2, 6, 49)",1
6513,conv2d_16,"(2, 2, 42, 47)",2
6514,conv2d_16,"(0, 0, 55, 55)",5
6515,conv2d_16,"(2, 0, 12, 5)",24
6516,conv2d_16,"(1, 1, 23, 31)",30
6517,conv2d_16,"(0, 1, 52, 41)",31
6518,conv2d_16,"(1, 2, 39, 48)",17
6519,conv2d_16,"(1, 0, 37, 29)",27
6520,conv2d_16,"(0, 0, 22, 6)",9
6521,conv2d_16,"(2, 0, 28, 43)",6
6522,conv2d_16,"(1, 0, 51, 36)",0
6523,conv2d_16,"(0, 1, 62, 0)",30
6524,conv2d_16,"(1, 1, 7, 19)",31
6525,conv2d_16,"(1, 1, 55, 4)",15
6526,conv2d_16,"(0, 2, 41, 61)",23
6527,conv2d_16,"(2, 2, 33, 56)",17
6528,conv2d_16,"(2, 1, 15, 26)",4
6529,conv2d_16,"(1, 1, 39, 5)",21
6530,conv2d_16,"(0, 1, 36, 6)",24
6531,conv2d_16,"(2, 2, 45, 46)",30
6532,conv2d_16,"(0, 0, 14, 62)",13
6533,conv2d_16,"(1, 2, 60, 47)",26
6534,conv2d_16,"(2, 0, 56, 33)",15
6535,conv2d_16,"(2, 0, 34, 17)",22
6536,conv2d_16,"(2, 2, 27, 26)",27
6537,conv2d_16,"(2, 1, 55, 40)",13
6538,conv2d_16,"(0, 1, 59, 44)",7
6539,conv2d_16,"(0, 0, 40, 16)",9
6540,conv2d_16,"(2, 0, 32, 11)",27
6541,conv2d_16,"(0, 2, 16, 53)",23
6542,conv2d_16,"(2, 2, 20, 46)",6
6543,conv2d_16,"(1, 0, 53, 26)",18
6544,conv2d_16,"(0, 2, 16, 56)",15
6545,conv2d_16,"(1, 2, 49, 32)",23
6546,conv2d_16,"(0, 0, 6, 5)",7
6547,conv2d_16,"(1, 2, 50, 28)",16
6548,conv2d_16,"(2, 0, 63, 2)",20
6549,conv2d_16,"(1, 2, 25, 56)",17
6550,conv2d_16,"(2, 2, 61, 18)",4
6551,conv2d_16,"(1, 0, 23, 23)",23
6552,conv2d_16,"(0, 2, 35, 56)",15
6553,conv2d_16,"(0, 1, 16, 50)",15
6554,conv2d_16,"(1, 2, 30, 51)",10
6555,conv2d_16,"(1, 2, 34, 15)",8
6556,conv2d_16,"(0, 1, 53, 11)",19
6557,conv2d_16,"(0, 2, 17, 29)",27
6558,conv2d_16,"(0, 1, 28, 55)",11
6559,conv2d_16,"(1, 0, 52, 61)",25
6560,conv2d_16,"(0, 2, 22, 56)",27
6561,conv2d_16,"(2, 1, 16, 20)",21
6562,conv2d_16,"(2, 2, 28, 57)",29
6563,conv2d_16,"(0, 2, 10, 25)",20
6564,conv2d_16,"(2, 2, 17, 3)",15
6565,conv2d_16,"(0, 2, 22, 44)",29
6566,conv2d_16,"(2, 0, 43, 9)",29
6567,conv2d_16,"(2, 2, 28, 19)",6
6568,conv2d_16,"(0, 1, 26, 56)",8
6569,conv2d_16,"(2, 2, 5, 32)",1
6570,conv2d_16,"(1, 2, 54, 44)",1
6571,conv2d_16,"(1, 0, 62, 43)",26
6572,conv2d_16,"(1, 1, 14, 44)",27
6573,conv2d_16,"(1, 1, 59, 12)",28
6574,conv2d_16,"(0, 2, 15, 24)",7
6575,conv2d_16,"(0, 2, 50, 43)",24
6576,conv2d_16,"(2, 2, 29, 50)",15
6577,conv2d_16,"(2, 2, 49, 30)",27
6578,conv2d_16,"(2, 2, 59, 17)",20
6579,conv2d_16,"(0, 0, 9, 18)",13
6580,conv2d_16,"(2, 2, 28, 6)",14
6581,conv2d_16,"(1, 2, 37, 16)",17
6582,conv2d_16,"(0, 2, 60, 33)",6
6583,conv2d_16,"(0, 2, 28, 9)",14
6584,conv2d_16,"(1, 2, 54, 30)",20
6585,conv2d_16,"(1, 2, 53, 25)",28
6586,conv2d_16,"(2, 2, 22, 13)",16
6587,conv2d_16,"(2, 0, 44, 60)",6
6588,conv2d_16,"(0, 0, 16, 38)",3
6589,conv2d_16,"(2, 0, 57, 61)",15
6590,conv2d_16,"(2, 2, 41, 37)",11
6591,conv2d_16,"(2, 0, 11, 13)",9
6592,conv2d_16,"(1, 1, 22, 47)",12
6593,conv2d_16,"(2, 0, 44, 63)",20
6594,conv2d_16,"(0, 2, 2, 49)",3
6595,conv2d_16,"(0, 0, 45, 48)",25
6596,conv2d_16,"(2, 0, 17, 44)",3
6597,conv2d_16,"(1, 0, 37, 15)",30
6598,conv2d_16,"(0, 2, 17, 39)",15
6599,conv2d_16,"(1, 2, 56, 34)",15
6600,conv2d_16,"(2, 0, 41, 22)",2
6601,conv2d_16,"(1, 2, 41, 11)",30
6602,conv2d_16,"(1, 1, 58, 4)",3
6603,conv2d_16,"(1, 2, 26, 11)",7
6604,conv2d_16,"(0, 2, 55, 53)",8
6605,conv2d_16,"(1, 0, 13, 29)",30
6606,conv2d_16,"(0, 2, 31, 38)",6
6607,conv2d_16,"(2, 1, 6, 42)",29
6608,conv2d_16,"(1, 2, 8, 16)",25
6609,conv2d_16,"(1, 0, 39, 14)",20
6610,conv2d_16,"(1, 1, 38, 11)",22
6611,conv2d_16,"(2, 0, 62, 36)",17
6612,conv2d_16,"(2, 2, 17, 34)",8
6613,conv2d_16,"(1, 1, 28, 0)",10
6614,conv2d_16,"(2, 0, 22, 2)",13
6615,conv2d_16,"(1, 0, 39, 15)",10
6616,conv2d_16,"(2, 1, 24, 31)",15
6617,conv2d_16,"(2, 0, 33, 3)",3
6618,conv2d_16,"(2, 2, 11, 46)",2
6619,conv2d_16,"(2, 1, 38, 53)",5
6620,conv2d_16,"(0, 1, 31, 0)",8
6621,conv2d_16,"(2, 1, 10, 3)",25
6622,conv2d_16,"(0, 1, 27, 19)",27
6623,conv2d_16,"(0, 1, 23, 27)",13
6624,conv2d_16,"(1, 0, 29, 35)",9
6625,conv2d_16,"(2, 0, 0, 51)",28
6626,conv2d_16,"(1, 2, 39, 31)",31
6627,conv2d_16,"(2, 1, 45, 43)",12
6628,conv2d_16,"(1, 0, 0, 21)",26
6629,conv2d_16,"(2, 2, 16, 60)",15
6630,conv2d_16,"(2, 1, 48, 8)",27
6631,conv2d_16,"(1, 0, 33, 51)",19
6632,conv2d_16,"(1, 2, 59, 14)",24
6633,conv2d_16,"(0, 2, 17, 24)",19
6634,conv2d_16,"(1, 2, 8, 53)",15
6635,conv2d_16,"(0, 0, 35, 14)",3
6636,conv2d_16,"(2, 2, 33, 44)",7
6637,conv2d_16,"(0, 1, 16, 39)",21
6638,conv2d_16,"(0, 0, 36, 18)",20
6639,conv2d_16,"(2, 0, 30, 3)",11
6640,conv2d_16,"(0, 2, 42, 2)",26
6641,conv2d_16,"(2, 0, 49, 3)",23
6642,conv2d_16,"(2, 1, 18, 8)",7
6643,conv2d_16,"(0, 1, 16, 25)",23
6644,conv2d_16,"(1, 1, 21, 52)",17
6645,conv2d_16,"(2, 1, 32, 45)",13
6646,conv2d_16,"(0, 2, 32, 45)",5
6647,conv2d_16,"(1, 2, 13, 10)",28
6648,conv2d_16,"(0, 2, 23, 62)",2
6649,conv2d_16,"(1, 1, 33, 37)",19
6650,conv2d_16,"(0, 1, 12, 10)",31
6651,conv2d_16,"(2, 0, 28, 41)",25
6652,conv2d_16,"(0, 1, 50, 41)",3
6653,conv2d_16,"(0, 2, 47, 15)",28
6654,conv2d_16,"(2, 0, 54, 44)",9
6655,conv2d_16,"(2, 1, 17, 62)",6
6656,conv2d_16,"(2, 1, 0, 26)",7
6657,conv2d_16,"(2, 1, 40, 12)",17
6658,conv2d_16,"(1, 1, 53, 49)",24
6659,conv2d_16,"(0, 0, 40, 28)",7
6660,conv2d_16,"(0, 0, 20, 49)",10
6661,conv2d_16,"(2, 1, 21, 4)",9
6662,conv2d_16,"(0, 2, 1, 9)",19
6663,conv2d_16,"(0, 0, 22, 22)",27
6664,conv2d_16,"(2, 2, 49, 11)",19
6665,conv2d_16,"(2, 1, 17, 43)",19
6666,conv2d_16,"(1, 2, 41, 36)",3
6667,conv2d_16,"(2, 0, 46, 0)",3
6668,conv2d_16,"(1, 0, 19, 58)",28
6669,conv2d_16,"(2, 0, 5, 32)",21
6670,conv2d_16,"(1, 1, 62, 30)",14
6671,conv2d_16,"(2, 2, 23, 51)",2
6672,conv2d_16,"(0, 1, 19, 62)",2
6673,conv2d_16,"(1, 2, 30, 54)",20
6674,conv2d_16,"(0, 0, 18, 62)",19
6675,conv2d_16,"(0, 1, 59, 13)",13
6676,conv2d_16,"(1, 0, 23, 22)",15
6677,conv2d_16,"(0, 0, 34, 58)",29
6678,conv2d_16,"(2, 1, 32, 60)",18
6679,conv2d_16,"(1, 1, 20, 35)",24
6680,conv2d_16,"(2, 2, 15, 30)",14
6681,conv2d_16,"(1, 0, 37, 37)",6
6682,conv2d_16,"(2, 0, 34, 4)",18
6683,conv2d_16,"(0, 1, 43, 14)",3
6684,conv2d_16,"(2, 0, 21, 5)",28
6685,conv2d_16,"(1, 1, 14, 46)",16
6686,conv2d_16,"(1, 0, 59, 63)",7
6687,conv2d_16,"(1, 1, 36, 33)",30
6688,conv2d_16,"(2, 0, 21, 39)",20
6689,conv2d_16,"(2, 1, 50, 54)",22
6690,conv2d_16,"(1, 1, 41, 13)",14
6691,conv2d_16,"(2, 0, 11, 50)",25
6692,conv2d_16,"(1, 0, 34, 55)",25
6693,conv2d_16,"(1, 2, 44, 25)",7
6694,conv2d_16,"(2, 2, 41, 25)",25
6695,conv2d_16,"(0, 0, 1, 27)",23
6696,conv2d_16,"(1, 0, 38, 59)",23
6697,conv2d_16,"(1, 0, 28, 59)",22
6698,conv2d_16,"(0, 0, 50, 19)",18
6699,conv2d_16,"(1, 1, 30, 3)",27
6700,conv2d_16,"(2, 1, 29, 30)",21
6701,conv2d_16,"(1, 0, 20, 38)",20
6702,conv2d_16,"(0, 0, 21, 16)",1
6703,conv2d_16,"(1, 0, 54, 47)",13
6704,conv2d_16,"(1, 0, 31, 7)",5
6705,conv2d_16,"(1, 0, 29, 12)",20
6706,conv2d_16,"(2, 0, 27, 59)",16
6707,conv2d_16,"(1, 1, 12, 48)",14
6708,conv2d_16,"(2, 1, 19, 26)",2
6709,conv2d_16,"(1, 2, 51, 20)",6
6710,conv2d_16,"(1, 0, 39, 49)",18
6711,conv2d_16,"(2, 1, 7, 7)",30
6712,conv2d_16,"(0, 1, 55, 28)",29
6713,conv2d_16,"(0, 2, 61, 52)",5
6714,conv2d_16,"(1, 1, 45, 34)",25
6715,conv2d_16,"(0, 0, 59, 30)",19
6716,conv2d_16,"(2, 2, 16, 33)",15
6717,conv2d_16,"(2, 0, 33, 24)",22
6718,conv2d_16,"(2, 0, 57, 54)",2
6719,conv2d_16,"(2, 2, 16, 47)",2
6720,conv2d_16,"(1, 0, 0, 25)",20
6721,conv2d_16,"(2, 1, 38, 31)",16
6722,conv2d_16,"(2, 0, 39, 48)",28
6723,conv2d_16,"(0, 1, 24, 50)",8
6724,conv2d_16,"(0, 0, 47, 37)",26
6725,conv2d_16,"(2, 0, 4, 52)",2
6726,conv2d_16,"(2, 2, 47, 30)",30
6727,conv2d_16,"(2, 1, 8, 60)",31
6728,conv2d_16,"(2, 0, 44, 8)",9
6729,conv2d_16,"(1, 0, 21, 54)",1
6730,conv2d_16,"(1, 2, 61, 54)",8
6731,conv2d_16,"(1, 2, 38, 39)",0
6732,conv2d_16,"(1, 0, 13, 31)",7
6733,conv2d_16,"(0, 1, 27, 2)",16
6734,conv2d_16,"(2, 0, 39, 57)",4
6735,conv2d_16,"(0, 2, 27, 54)",1
6736,conv2d_16,"(2, 0, 32, 31)",0
6737,conv2d_16,"(0, 2, 12, 20)",11
6738,conv2d_16,"(0, 1, 2, 9)",6
6739,conv2d_16,"(0, 1, 15, 60)",0
6740,conv2d_16,"(2, 0, 42, 57)",28
6741,conv2d_16,"(2, 1, 41, 51)",27
6742,conv2d_16,"(0, 0, 16, 6)",28
6743,conv2d_16,"(1, 1, 46, 40)",0
6744,conv2d_16,"(0, 2, 48, 59)",6
6745,conv2d_16,"(1, 2, 25, 57)",22
6746,conv2d_16,"(2, 0, 8, 12)",11
6747,conv2d_16,"(0, 0, 23, 12)",27
6748,conv2d_16,"(2, 1, 8, 18)",30
6749,conv2d_16,"(2, 0, 29, 32)",9
6750,conv2d_16,"(1, 1, 8, 60)",28
6751,conv2d_16,"(1, 2, 46, 5)",13
6752,conv2d_16,"(1, 2, 38, 41)",18
6753,conv2d_16,"(1, 0, 14, 57)",14
6754,conv2d_16,"(0, 0, 53, 22)",22
6755,conv2d_16,"(2, 2, 8, 55)",15
6756,conv2d_16,"(2, 0, 30, 4)",6
6757,conv2d_16,"(2, 1, 37, 55)",2
6758,conv2d_16,"(2, 1, 11, 47)",11
6759,conv2d_16,"(0, 1, 12, 5)",8
6760,conv2d_16,"(0, 2, 6, 24)",16
6761,conv2d_16,"(2, 1, 37, 24)",18
6762,conv2d_16,"(0, 1, 0, 17)",19
6763,conv2d_16,"(1, 0, 38, 6)",2
6764,conv2d_16,"(2, 1, 35, 22)",17
6765,conv2d_16,"(1, 0, 38, 48)",18
6766,conv2d_16,"(0, 0, 39, 63)",16
6767,conv2d_16,"(1, 1, 37, 14)",13
6768,conv2d_16,"(0, 0, 51, 9)",17
6769,conv2d_16,"(0, 1, 48, 36)",25
6770,conv2d_16,"(1, 2, 55, 1)",3
6771,conv2d_16,"(2, 2, 5, 56)",27
6772,conv2d_16,"(0, 2, 24, 55)",3
6773,conv2d_16,"(2, 0, 16, 35)",30
6774,conv2d_16,"(0, 1, 24, 37)",8
6775,conv2d_16,"(2, 2, 47, 56)",23
6776,conv2d_16,"(1, 1, 14, 13)",11
6777,conv2d_16,"(2, 0, 10, 53)",15
6778,conv2d_16,"(2, 0, 17, 32)",3
6779,conv2d_16,"(1, 0, 3, 58)",18
6780,conv2d_16,"(2, 1, 48, 15)",22
6781,conv2d_16,"(1, 2, 16, 11)",25
6782,conv2d_16,"(0, 1, 39, 23)",12
6783,conv2d_16,"(1, 0, 34, 23)",1
6784,conv2d_16,"(2, 2, 36, 43)",2
6785,conv2d_16,"(0, 2, 9, 60)",22
6786,conv2d_16,"(0, 2, 43, 47)",22
6787,conv2d_16,"(2, 0, 29, 7)",31
6788,conv2d_16,"(2, 0, 22, 23)",3
6789,conv2d_16,"(1, 0, 5, 41)",23
6790,conv2d_16,"(2, 0, 35, 27)",4
6791,conv2d_16,"(2, 1, 53, 6)",31
6792,conv2d_16,"(0, 1, 57, 45)",5
6793,conv2d_16,"(1, 0, 44, 52)",26
6794,conv2d_16,"(1, 0, 38, 55)",3
6795,conv2d_16,"(2, 0, 39, 61)",26
6796,conv2d_16,"(0, 2, 20, 34)",19
6797,conv2d_16,"(2, 2, 18, 47)",26
6798,conv2d_16,"(2, 0, 42, 28)",11
6799,conv2d_16,"(1, 2, 7, 32)",0
6800,conv2d_16,"(1, 0, 12, 43)",12
6801,conv2d_16,"(1, 2, 51, 61)",31
6802,conv2d_16,"(2, 0, 20, 25)",3
6803,conv2d_16,"(2, 0, 23, 58)",5
6804,conv2d_16,"(0, 1, 54, 34)",2
6805,conv2d_16,"(1, 2, 63, 58)",24
6806,conv2d_16,"(1, 0, 27, 48)",23
6807,conv2d_16,"(0, 0, 58, 60)",14
6808,conv2d_16,"(2, 0, 59, 45)",16
6809,conv2d_16,"(1, 2, 0, 60)",14
6810,conv2d_16,"(0, 2, 59, 22)",30
6811,conv2d_16,"(2, 1, 46, 45)",15
6812,conv2d_16,"(2, 0, 9, 15)",17
6813,conv2d_16,"(2, 1, 48, 45)",21
6814,conv2d_16,"(2, 0, 44, 38)",8
6815,conv2d_16,"(0, 2, 47, 61)",23
6816,conv2d_16,"(2, 0, 6, 46)",2
6817,conv2d_16,"(2, 1, 59, 42)",26
6818,conv2d_16,"(0, 1, 46, 12)",0
6819,conv2d_16,"(0, 0, 55, 48)",11
6820,conv2d_16,"(1, 1, 34, 52)",30
6821,conv2d_16,"(0, 0, 40, 19)",0
6822,conv2d_16,"(1, 2, 5, 44)",11
6823,conv2d_16,"(1, 0, 46, 4)",18
6824,conv2d_16,"(1, 0, 17, 5)",21
6825,conv2d_16,"(0, 2, 23, 23)",22
6826,conv2d_16,"(2, 0, 18, 24)",30
6827,conv2d_16,"(1, 0, 15, 33)",8
6828,conv2d_16,"(2, 0, 5, 61)",28
6829,conv2d_16,"(2, 0, 23, 21)",14
6830,conv2d_16,"(0, 1, 18, 37)",12
6831,conv2d_16,"(0, 0, 39, 59)",24
6832,conv2d_16,"(1, 1, 63, 10)",23
6833,conv2d_16,"(2, 0, 52, 7)",28
6834,conv2d_16,"(1, 2, 42, 8)",2
6835,conv2d_16,"(1, 2, 17, 30)",20
6836,conv2d_16,"(2, 0, 20, 20)",29
6837,conv2d_16,"(0, 0, 17, 22)",27
6838,conv2d_16,"(2, 2, 59, 38)",3
6839,conv2d_16,"(1, 2, 51, 53)",2
6840,conv2d_16,"(1, 1, 7, 49)",19
6841,conv2d_16,"(0, 1, 54, 28)",20
6842,conv2d_16,"(0, 0, 44, 31)",19
6843,conv2d_16,"(1, 0, 35, 0)",20
6844,conv2d_16,"(1, 2, 28, 43)",22
6845,conv2d_16,"(1, 0, 18, 48)",4
6846,conv2d_16,"(2, 1, 17, 31)",15
6847,conv2d_16,"(2, 2, 13, 45)",20
6848,conv2d_16,"(0, 2, 6, 47)",23
6849,conv2d_16,"(1, 0, 7, 15)",2
6850,conv2d_16,"(2, 2, 22, 6)",20
6851,conv2d_16,"(0, 1, 42, 55)",12
6852,conv2d_16,"(2, 2, 63, 34)",31
6853,conv2d_16,"(0, 1, 7, 20)",18
6854,conv2d_16,"(2, 1, 29, 40)",14
6855,conv2d_16,"(2, 1, 44, 25)",7
6856,conv2d_16,"(2, 1, 54, 35)",7
6857,conv2d_16,"(2, 1, 38, 38)",26
6858,conv2d_16,"(0, 0, 11, 42)",5
6859,conv2d_16,"(0, 2, 13, 21)",14
6860,conv2d_16,"(0, 0, 8, 59)",8
6861,conv2d_16,"(2, 0, 62, 16)",23
6862,conv2d_16,"(2, 2, 9, 6)",20
6863,conv2d_16,"(1, 0, 55, 36)",28
6864,conv2d_16,"(2, 2, 0, 16)",23
6865,conv2d_16,"(0, 1, 39, 11)",27
6866,conv2d_16,"(1, 0, 37, 60)",7
6867,conv2d_16,"(0, 1, 46, 19)",3
6868,conv2d_16,"(2, 1, 44, 14)",17
6869,conv2d_16,"(2, 2, 52, 25)",9
6870,conv2d_16,"(1, 1, 40, 48)",17
6871,conv2d_16,"(2, 1, 55, 34)",0
6872,conv2d_16,"(1, 2, 60, 11)",4
6873,conv2d_16,"(2, 0, 41, 53)",4
6874,conv2d_16,"(0, 2, 23, 0)",30
6875,conv2d_16,"(2, 0, 44, 2)",1
6876,conv2d_16,"(0, 2, 9, 17)",11
6877,conv2d_16,"(2, 1, 38, 29)",10
6878,conv2d_16,"(2, 0, 35, 8)",14
6879,conv2d_16,"(2, 2, 7, 13)",12
6880,conv2d_16,"(2, 0, 6, 16)",16
6881,conv2d_16,"(0, 2, 14, 12)",22
6882,conv2d_16,"(2, 1, 2, 25)",24
6883,conv2d_16,"(2, 2, 48, 17)",27
6884,conv2d_16,"(2, 2, 1, 1)",22
6885,conv2d_16,"(2, 0, 23, 60)",1
6886,conv2d_16,"(2, 2, 10, 9)",12
6887,conv2d_16,"(1, 0, 28, 50)",7
6888,conv2d_16,"(1, 0, 5, 17)",17
6889,conv2d_16,"(1, 2, 37, 15)",11
6890,conv2d_16,"(1, 0, 1, 29)",27
6891,conv2d_16,"(1, 2, 40, 30)",27
6892,conv2d_16,"(2, 0, 17, 56)",5
6893,conv2d_16,"(1, 0, 2, 20)",9
6894,conv2d_16,"(2, 0, 0, 61)",5
6895,conv2d_16,"(0, 2, 38, 3)",0
6896,conv2d_16,"(1, 1, 13, 24)",23
6897,conv2d_16,"(1, 2, 13, 59)",14
6898,conv2d_16,"(1, 2, 38, 51)",14
6899,conv2d_16,"(1, 1, 15, 61)",23
6900,conv2d_16,"(0, 0, 34, 27)",18
6901,conv2d_16,"(0, 0, 63, 46)",21
6902,conv2d_16,"(1, 1, 2, 53)",10
6903,conv2d_16,"(2, 1, 10, 13)",12
6904,conv2d_16,"(1, 1, 19, 49)",31
6905,conv2d_16,"(2, 2, 44, 28)",19
6906,conv2d_16,"(2, 1, 14, 25)",8
6907,conv2d_16,"(0, 0, 45, 43)",29
6908,conv2d_16,"(2, 0, 53, 10)",22
6909,conv2d_16,"(0, 1, 54, 15)",29
6910,conv2d_16,"(1, 1, 45, 40)",0
6911,conv2d_16,"(1, 2, 42, 25)",11
6912,conv2d_16,"(1, 0, 32, 24)",1
6913,conv2d_16,"(1, 1, 50, 58)",3
6914,conv2d_16,"(1, 2, 11, 49)",15
6915,conv2d_16,"(1, 0, 4, 21)",7
6916,conv2d_16,"(2, 0, 25, 13)",15
6917,conv2d_16,"(2, 0, 60, 0)",20
6918,conv2d_16,"(2, 1, 40, 3)",16
6919,conv2d_16,"(2, 1, 12, 60)",8
6920,conv2d_16,"(2, 2, 51, 32)",7
6921,conv2d_16,"(0, 1, 38, 5)",20
6922,conv2d_16,"(2, 2, 16, 34)",24
6923,conv2d_16,"(0, 0, 46, 3)",1
6924,conv2d_16,"(0, 1, 61, 34)",19
6925,conv2d_16,"(1, 2, 18, 18)",22
6926,conv2d_16,"(1, 1, 0, 6)",1
6927,conv2d_16,"(1, 1, 17, 39)",12
6928,conv2d_16,"(0, 0, 47, 60)",27
6929,conv2d_16,"(1, 1, 43, 44)",25
6930,conv2d_16,"(1, 2, 59, 4)",24
6931,conv2d_16,"(0, 2, 16, 51)",9
6932,conv2d_16,"(1, 0, 2, 62)",4
6933,conv2d_16,"(0, 2, 60, 56)",1
6934,conv2d_16,"(1, 1, 10, 33)",25
6935,conv2d_16,"(1, 2, 63, 11)",25
6936,conv2d_16,"(2, 0, 25, 12)",19
6937,conv2d_16,"(0, 0, 12, 24)",31
6938,conv2d_16,"(0, 1, 39, 32)",8
6939,conv2d_16,"(2, 0, 47, 33)",0
6940,conv2d_16,"(2, 2, 36, 46)",5
6941,conv2d_16,"(2, 2, 53, 57)",24
6942,conv2d_16,"(2, 0, 3, 9)",17
6943,conv2d_16,"(0, 1, 19, 47)",8
6944,conv2d_16,"(1, 1, 36, 44)",19
6945,conv2d_16,"(0, 2, 61, 47)",29
6946,conv2d_16,"(0, 1, 17, 42)",20
6947,conv2d_16,"(0, 2, 39, 47)",30
6948,conv2d_16,"(1, 2, 31, 49)",23
6949,conv2d_16,"(2, 0, 51, 18)",27
6950,conv2d_16,"(1, 1, 32, 32)",28
6951,conv2d_16,"(1, 0, 62, 29)",4
6952,conv2d_16,"(2, 0, 1, 16)",30
6953,conv2d_16,"(1, 1, 38, 59)",2
6954,conv2d_16,"(0, 1, 36, 31)",31
6955,conv2d_16,"(0, 2, 4, 37)",22
6956,conv2d_16,"(0, 2, 40, 3)",2
6957,conv2d_16,"(2, 1, 12, 30)",24
6958,conv2d_16,"(0, 2, 41, 53)",17
6959,conv2d_16,"(0, 0, 9, 17)",3
6960,conv2d_16,"(1, 2, 59, 19)",16
6961,conv2d_16,"(0, 0, 46, 28)",21
6962,conv2d_16,"(0, 1, 53, 42)",11
6963,conv2d_16,"(2, 1, 63, 58)",4
6964,conv2d_16,"(2, 2, 28, 7)",21
6965,conv2d_16,"(1, 0, 50, 21)",19
6966,conv2d_16,"(2, 0, 0, 31)",28
6967,conv2d_16,"(0, 1, 46, 55)",3
6968,conv2d_16,"(0, 1, 13, 44)",6
6969,conv2d_16,"(0, 2, 10, 40)",29
6970,conv2d_16,"(1, 2, 17, 24)",15
6971,conv2d_16,"(1, 2, 54, 52)",21
6972,conv2d_16,"(2, 0, 38, 6)",18
6973,conv2d_16,"(0, 0, 47, 32)",21
6974,conv2d_16,"(0, 0, 34, 2)",2
6975,conv2d_16,"(2, 0, 28, 61)",29
6976,conv2d_16,"(2, 2, 52, 21)",8
6977,conv2d_16,"(2, 0, 49, 43)",9
6978,conv2d_16,"(0, 1, 8, 1)",0
6979,conv2d_16,"(2, 0, 4, 21)",4
6980,conv2d_16,"(0, 1, 46, 38)",7
6981,conv2d_16,"(1, 1, 38, 26)",24
6982,conv2d_16,"(2, 1, 17, 42)",16
6983,conv2d_16,"(0, 0, 38, 2)",8
6984,conv2d_16,"(0, 2, 61, 58)",29
6985,conv2d_16,"(1, 0, 59, 0)",11
6986,conv2d_16,"(0, 2, 57, 30)",12
6987,conv2d_16,"(0, 0, 59, 20)",25
6988,conv2d_16,"(1, 0, 57, 58)",23
6989,conv2d_16,"(0, 0, 13, 15)",27
6990,conv2d_16,"(2, 0, 27, 3)",8
6991,conv2d_16,"(0, 2, 44, 29)",31
6992,conv2d_16,"(2, 1, 42, 44)",18
6993,conv2d_16,"(1, 1, 61, 36)",24
6994,conv2d_16,"(0, 1, 32, 22)",25
6995,conv2d_16,"(2, 0, 55, 53)",6
6996,conv2d_16,"(1, 2, 19, 45)",2
6997,conv2d_16,"(1, 1, 18, 15)",29
6998,conv2d_16,"(2, 0, 37, 13)",14
6999,conv2d_16,"(0, 1, 12, 16)",17
7000,conv2d_16,"(0, 0, 37, 44)",22
7001,conv2d_16,"(2, 0, 20, 63)",30
7002,conv2d_16,"(2, 1, 55, 22)",28
7003,conv2d_16,"(0, 1, 39, 30)",10
7004,conv2d_16,"(0, 1, 8, 16)",30
7005,conv2d_16,"(1, 0, 54, 10)",26
7006,conv2d_16,"(1, 1, 6, 53)",13
7007,conv2d_16,"(1, 0, 1, 36)",19
7008,conv2d_16,"(2, 0, 15, 20)",1
7009,conv2d_16,"(0, 2, 0, 39)",16
7010,conv2d_16,"(2, 1, 54, 44)",20
7011,conv2d_16,"(1, 1, 5, 39)",3
7012,conv2d_16,"(0, 0, 56, 7)",13
7013,conv2d_16,"(2, 0, 0, 23)",26
7014,conv2d_16,"(0, 1, 19, 51)",3
7015,conv2d_16,"(2, 1, 54, 10)",20
7016,conv2d_16,"(1, 1, 29, 50)",0
7017,conv2d_16,"(1, 0, 5, 24)",0
7018,conv2d_16,"(0, 1, 62, 29)",16
7019,conv2d_16,"(2, 2, 19, 11)",3
7020,conv2d_16,"(1, 0, 23, 1)",15
7021,conv2d_16,"(2, 0, 36, 44)",21
7022,conv2d_16,"(0, 0, 40, 44)",16
7023,conv2d_16,"(1, 0, 51, 17)",24
7024,conv2d_16,"(2, 1, 42, 24)",23
7025,conv2d_16,"(2, 2, 59, 22)",4
7026,conv2d_16,"(2, 1, 23, 28)",24
7027,conv2d_16,"(0, 2, 10, 5)",18
7028,conv2d_16,"(2, 2, 49, 57)",7
7029,conv2d_16,"(0, 1, 55, 14)",1
7030,conv2d_16,"(1, 1, 6, 5)",13
7031,conv2d_16,"(1, 1, 59, 49)",29
7032,conv2d_16,"(0, 2, 29, 45)",15
7033,conv2d_16,"(0, 0, 9, 12)",15
7034,conv2d_16,"(2, 0, 11, 3)",19
7035,conv2d_16,"(2, 1, 46, 58)",28
7036,conv2d_16,"(0, 1, 34, 1)",4
7037,conv2d_16,"(0, 0, 45, 63)",7
7038,conv2d_16,"(1, 1, 5, 55)",20
7039,conv2d_16,"(1, 2, 25, 18)",22
7040,conv2d_16,"(1, 1, 13, 2)",6
7041,conv2d_16,"(2, 1, 7, 15)",15
7042,conv2d_16,"(1, 1, 44, 7)",19
7043,conv2d_16,"(1, 0, 63, 18)",15
7044,conv2d_16,"(1, 0, 42, 7)",27
7045,conv2d_16,"(0, 1, 41, 33)",26
7046,conv2d_16,"(1, 1, 49, 38)",19
7047,conv2d_16,"(0, 2, 46, 40)",18
7048,conv2d_16,"(2, 0, 6, 22)",4
7049,conv2d_16,"(0, 0, 9, 33)",11
7050,conv2d_16,"(2, 2, 54, 17)",27
7051,conv2d_16,"(2, 1, 18, 40)",0
7052,conv2d_16,"(1, 2, 50, 2)",1
7053,conv2d_16,"(0, 0, 32, 56)",17
7054,conv2d_16,"(1, 0, 34, 9)",2
7055,conv2d_16,"(0, 1, 10, 52)",13
7056,conv2d_16,"(0, 2, 20, 16)",1
7057,conv2d_16,"(1, 1, 63, 53)",25
7058,conv2d_16,"(2, 2, 35, 49)",0
7059,conv2d_16,"(2, 2, 57, 28)",27
7060,conv2d_16,"(1, 1, 53, 41)",18
7061,conv2d_16,"(2, 0, 48, 19)",29
7062,conv2d_16,"(1, 2, 44, 45)",5
7063,conv2d_16,"(0, 2, 60, 45)",16
7064,conv2d_16,"(0, 2, 56, 27)",20
7065,conv2d_16,"(0, 0, 9, 35)",2
7066,conv2d_16,"(2, 0, 62, 32)",6
7067,conv2d_16,"(0, 2, 40, 36)",2
7068,conv2d_16,"(2, 1, 14, 33)",4
7069,conv2d_16,"(1, 2, 8, 27)",30
7070,conv2d_16,"(0, 2, 32, 55)",6
7071,conv2d_16,"(0, 2, 56, 11)",6
7072,conv2d_16,"(1, 1, 20, 43)",1
7073,conv2d_16,"(1, 2, 6, 53)",13
7074,conv2d_16,"(0, 0, 40, 23)",29
7075,conv2d_16,"(1, 1, 59, 22)",27
7076,conv2d_16,"(2, 2, 23, 29)",15
7077,conv2d_16,"(2, 2, 33, 13)",13
7078,conv2d_16,"(0, 2, 34, 62)",12
7079,conv2d_16,"(2, 2, 43, 36)",11
7080,conv2d_16,"(2, 2, 12, 35)",27
7081,conv2d_16,"(1, 0, 22, 35)",16
7082,conv2d_16,"(2, 0, 45, 23)",4
7083,conv2d_16,"(0, 2, 1, 47)",31
7084,conv2d_16,"(2, 0, 53, 62)",21
7085,conv2d_16,"(1, 1, 15, 31)",3
7086,conv2d_16,"(1, 0, 2, 55)",5
7087,conv2d_16,"(0, 1, 26, 55)",4
7088,conv2d_16,"(1, 2, 40, 12)",31
7089,conv2d_16,"(1, 2, 39, 30)",30
7090,conv2d_16,"(1, 2, 52, 42)",28
7091,conv2d_16,"(2, 1, 19, 32)",3
7092,conv2d_16,"(1, 1, 26, 6)",5
7093,conv2d_16,"(0, 2, 0, 57)",11
7094,conv2d_16,"(2, 1, 35, 53)",26
7095,conv2d_16,"(1, 0, 17, 57)",20
7096,conv2d_16,"(1, 2, 12, 3)",22
7097,conv2d_16,"(1, 0, 21, 56)",18
7098,conv2d_16,"(2, 1, 8, 59)",5
7099,conv2d_16,"(0, 2, 45, 11)",20
7100,conv2d_16,"(2, 0, 41, 59)",6
7101,conv2d_16,"(1, 1, 22, 19)",7
7102,conv2d_16,"(2, 1, 7, 57)",17
7103,conv2d_16,"(0, 1, 63, 59)",15
7104,conv2d_16,"(0, 0, 25, 14)",25
7105,conv2d_16,"(0, 0, 0, 45)",26
7106,conv2d_16,"(1, 2, 40, 34)",23
7107,conv2d_16,"(1, 2, 45, 10)",8
7108,conv2d_16,"(0, 2, 32, 31)",26
7109,conv2d_16,"(1, 0, 22, 39)",24
7110,conv2d_16,"(1, 2, 33, 39)",18
7111,conv2d_16,"(1, 2, 10, 1)",14
7112,conv2d_16,"(1, 2, 6, 52)",18
7113,conv2d_16,"(0, 2, 1, 33)",23
7114,conv2d_16,"(2, 1, 2, 10)",14
7115,conv2d_16,"(2, 0, 24, 37)",23
7116,conv2d_16,"(2, 1, 35, 2)",30
7117,conv2d_16,"(0, 2, 11, 47)",12
7118,conv2d_16,"(0, 2, 23, 5)",18
7119,conv2d_16,"(2, 2, 24, 25)",30
7120,conv2d_16,"(1, 0, 10, 2)",30
7121,conv2d_16,"(2, 2, 11, 6)",18
7122,conv2d_16,"(1, 2, 59, 13)",15
7123,conv2d_16,"(2, 1, 10, 17)",26
7124,conv2d_16,"(1, 1, 0, 60)",12
7125,conv2d_16,"(0, 1, 28, 52)",28
7126,conv2d_16,"(1, 0, 11, 27)",22
7127,conv2d_16,"(0, 1, 5, 20)",4
7128,conv2d_16,"(1, 1, 60, 0)",11
7129,conv2d_16,"(0, 1, 18, 39)",12
7130,conv2d_16,"(0, 2, 35, 55)",3
7131,conv2d_16,"(0, 1, 59, 61)",12
7132,conv2d_16,"(1, 0, 2, 28)",2
7133,conv2d_16,"(2, 2, 57, 48)",1
7134,conv2d_16,"(0, 2, 2, 38)",10
7135,conv2d_16,"(1, 1, 36, 49)",16
7136,conv2d_16,"(0, 0, 42, 13)",16
7137,conv2d_16,"(2, 1, 35, 10)",23
7138,conv2d_16,"(2, 0, 23, 12)",0
7139,conv2d_16,"(1, 0, 62, 23)",11
7140,conv2d_16,"(1, 1, 22, 33)",24
7141,conv2d_16,"(0, 2, 60, 17)",23
7142,conv2d_16,"(1, 1, 59, 10)",27
7143,conv2d_16,"(0, 2, 55, 60)",11
7144,conv2d_16,"(0, 2, 31, 3)",9
7145,conv2d_16,"(2, 0, 29, 27)",21
7146,conv2d_16,"(0, 1, 23, 22)",19
7147,conv2d_16,"(0, 2, 59, 26)",29
7148,conv2d_16,"(0, 2, 50, 44)",28
7149,conv2d_16,"(0, 2, 13, 31)",16
7150,conv2d_16,"(2, 1, 32, 9)",8
7151,conv2d_16,"(2, 1, 17, 5)",25
7152,conv2d_16,"(0, 2, 58, 3)",13
7153,conv2d_16,"(1, 0, 41, 42)",20
7154,conv2d_16,"(2, 1, 21, 3)",19
7155,conv2d_16,"(0, 2, 61, 50)",13
7156,conv2d_16,"(1, 0, 63, 1)",30
7157,conv2d_16,"(2, 0, 38, 58)",18
7158,conv2d_16,"(1, 1, 18, 50)",24
7159,conv2d_16,"(0, 1, 50, 56)",22
7160,conv2d_16,"(2, 2, 11, 63)",11
7161,conv2d_16,"(2, 0, 22, 28)",7
7162,conv2d_16,"(2, 0, 3, 49)",21
7163,conv2d_16,"(2, 2, 59, 46)",3
7164,conv2d_16,"(1, 2, 39, 29)",3
7165,conv2d_16,"(0, 2, 48, 22)",16
7166,conv2d_16,"(1, 0, 41, 61)",15
7167,conv2d_16,"(0, 1, 55, 58)",24
7168,conv2d_16,"(0, 1, 12, 13)",0
7169,conv2d_16,"(2, 1, 51, 27)",18
7170,conv2d_16,"(2, 2, 28, 55)",20
7171,conv2d_16,"(2, 0, 26, 51)",30
7172,conv2d_16,"(1, 0, 38, 57)",27
7173,conv2d_16,"(0, 0, 40, 1)",5
7174,conv2d_16,"(1, 1, 19, 5)",11
7175,conv2d_16,"(2, 0, 40, 27)",14
7176,conv2d_16,"(1, 1, 33, 49)",13
7177,conv2d_16,"(0, 0, 38, 6)",15
7178,conv2d_16,"(0, 0, 23, 34)",9
7179,conv2d_16,"(2, 1, 57, 9)",31
7180,conv2d_16,"(2, 0, 17, 34)",31
7181,conv2d_16,"(1, 1, 33, 47)",4
7182,conv2d_16,"(2, 1, 16, 46)",27
7183,conv2d_16,"(2, 0, 16, 18)",27
7184,conv2d_16,"(0, 2, 7, 54)",25
7185,conv2d_16,"(0, 2, 62, 1)",8
7186,conv2d_16,"(0, 1, 45, 58)",2
7187,conv2d_16,"(0, 1, 21, 39)",20
7188,conv2d_16,"(0, 1, 37, 38)",9
7189,conv2d_16,"(0, 0, 47, 21)",17
7190,conv2d_16,"(0, 2, 5, 44)",10
7191,conv2d_16,"(2, 2, 18, 29)",4
7192,conv2d_16,"(2, 1, 59, 53)",18
7193,conv2d_16,"(0, 0, 18, 35)",15
7194,conv2d_16,"(0, 1, 18, 11)",3
7195,conv2d_16,"(1, 2, 19, 32)",25
7196,conv2d_16,"(0, 1, 19, 24)",3
7197,conv2d_16,"(0, 0, 35, 51)",13
7198,conv2d_16,"(1, 2, 46, 20)",14
7199,conv2d_16,"(2, 0, 15, 15)",23
7200,conv2d_16,"(0, 1, 59, 28)",2
7201,conv2d_16,"(0, 1, 27, 9)",24
7202,conv2d_16,"(1, 2, 5, 61)",28
7203,conv2d_16,"(1, 1, 1, 45)",27
7204,conv2d_16,"(2, 1, 21, 54)",4
7205,conv2d_16,"(0, 0, 21, 11)",26
7206,conv2d_16,"(0, 1, 18, 29)",17
7207,conv2d_16,"(2, 0, 55, 26)",23
7208,conv2d_16,"(1, 2, 6, 57)",18
7209,conv2d_16,"(0, 1, 12, 40)",11
7210,conv2d_16,"(1, 0, 53, 61)",0
7211,conv2d_16,"(0, 2, 10, 22)",23
7212,conv2d_16,"(2, 0, 59, 26)",19
7213,conv2d_16,"(0, 2, 32, 26)",15
7214,conv2d_16,"(0, 0, 0, 2)",3
7215,conv2d_16,"(1, 0, 12, 11)",1
7216,conv2d_16,"(0, 1, 12, 15)",27
7217,conv2d_16,"(0, 2, 28, 51)",10
7218,conv2d_16,"(2, 1, 16, 37)",8
7219,conv2d_16,"(2, 2, 0, 35)",22
7220,conv2d_16,"(0, 1, 0, 21)",27
7221,conv2d_16,"(0, 1, 60, 60)",1
7222,conv2d_16,"(1, 2, 25, 54)",19
7223,conv2d_16,"(2, 2, 0, 25)",10
7224,conv2d_16,"(0, 0, 7, 2)",9
7225,conv2d_16,"(1, 0, 0, 2)",22
7226,conv2d_16,"(0, 1, 62, 11)",11
7227,conv2d_16,"(1, 0, 10, 52)",6
7228,conv2d_16,"(0, 0, 48, 10)",14
7229,conv2d_16,"(0, 1, 7, 27)",7
7230,conv2d_16,"(2, 1, 0, 57)",3
7231,conv2d_16,"(2, 1, 20, 61)",15
7232,conv2d_16,"(0, 2, 53, 29)",30
7233,conv2d_16,"(1, 1, 8, 17)",8
7234,conv2d_17,"(0, 2, 8, 40)",18
7235,conv2d_17,"(1, 1, 55, 47)",20
7236,conv2d_17,"(1, 2, 34, 27)",22
7237,conv2d_17,"(1, 2, 30, 0)",25
7238,conv2d_17,"(2, 1, 10, 60)",23
7239,conv2d_17,"(2, 1, 4, 29)",22
7240,conv2d_17,"(2, 0, 1, 13)",27
7241,conv2d_17,"(0, 2, 62, 28)",0
7242,conv2d_17,"(0, 0, 8, 32)",17
7243,conv2d_17,"(0, 0, 8, 27)",27
7244,conv2d_17,"(2, 1, 16, 29)",29
7245,conv2d_17,"(0, 2, 0, 30)",25
7246,conv2d_17,"(0, 0, 48, 41)",1
7247,conv2d_17,"(2, 0, 41, 2)",16
7248,conv2d_17,"(2, 1, 39, 6)",19
7249,conv2d_17,"(1, 1, 17, 15)",1
7250,conv2d_17,"(0, 0, 11, 47)",18
7251,conv2d_17,"(2, 2, 34, 42)",20
7252,conv2d_17,"(0, 2, 51, 12)",18
7253,conv2d_17,"(2, 0, 40, 35)",31
7254,conv2d_17,"(2, 1, 29, 4)",22
7255,conv2d_17,"(2, 0, 19, 25)",14
7256,conv2d_17,"(0, 2, 61, 37)",25
7257,conv2d_17,"(0, 1, 26, 56)",19
7258,conv2d_17,"(0, 1, 40, 29)",2
7259,conv2d_17,"(0, 0, 59, 37)",4
7260,conv2d_17,"(0, 2, 25, 52)",11
7261,conv2d_17,"(1, 1, 18, 23)",13
7262,conv2d_17,"(2, 1, 24, 45)",10
7263,conv2d_17,"(2, 0, 12, 31)",0
7264,conv2d_17,"(0, 0, 17, 4)",16
7265,conv2d_17,"(2, 0, 16, 35)",17
7266,conv2d_17,"(1, 2, 17, 22)",3
7267,conv2d_17,"(0, 1, 60, 25)",20
7268,conv2d_17,"(2, 1, 9, 33)",3
7269,conv2d_17,"(1, 1, 11, 29)",8
7270,conv2d_17,"(1, 2, 57, 57)",2
7271,conv2d_17,"(1, 1, 61, 53)",11
7272,conv2d_17,"(0, 1, 55, 4)",2
7273,conv2d_17,"(2, 0, 61, 51)",1
7274,conv2d_17,"(2, 2, 58, 19)",31
7275,conv2d_17,"(2, 1, 9, 61)",5
7276,conv2d_17,"(2, 2, 2, 11)",1
7277,conv2d_17,"(0, 0, 5, 41)",12
7278,conv2d_17,"(0, 2, 7, 53)",4
7279,conv2d_17,"(1, 0, 22, 46)",22
7280,conv2d_17,"(1, 0, 60, 4)",10
7281,conv2d_17,"(2, 1, 7, 11)",17
7282,conv2d_17,"(0, 0, 31, 19)",8
7283,conv2d_17,"(1, 0, 33, 50)",20
7284,conv2d_17,"(0, 1, 59, 19)",5
7285,conv2d_17,"(2, 2, 54, 43)",31
7286,conv2d_17,"(1, 2, 3, 35)",12
7287,conv2d_17,"(0, 1, 34, 35)",0
7288,conv2d_17,"(0, 2, 46, 11)",2
7289,conv2d_17,"(1, 2, 54, 21)",25
7290,conv2d_17,"(1, 2, 32, 20)",21
7291,conv2d_17,"(1, 0, 55, 23)",22
7292,conv2d_17,"(1, 0, 7, 30)",29
7293,conv2d_17,"(2, 1, 58, 15)",23
7294,conv2d_17,"(2, 0, 27, 49)",20
7295,conv2d_17,"(1, 0, 32, 45)",22
7296,conv2d_17,"(0, 0, 53, 27)",15
7297,conv2d_17,"(0, 0, 50, 36)",23
7298,conv2d_17,"(1, 2, 56, 59)",20
7299,conv2d_17,"(0, 2, 8, 31)",30
7300,conv2d_17,"(2, 1, 26, 1)",2
7301,conv2d_17,"(2, 2, 59, 58)",16
7302,conv2d_17,"(2, 0, 49, 9)",31
7303,conv2d_17,"(1, 0, 8, 40)",18
7304,conv2d_17,"(2, 2, 1, 44)",15
7305,conv2d_17,"(2, 0, 17, 51)",4
7306,conv2d_17,"(0, 2, 39, 63)",18
7307,conv2d_17,"(2, 1, 13, 56)",6
7308,conv2d_17,"(0, 2, 60, 36)",14
7309,conv2d_17,"(0, 0, 19, 47)",13
7310,conv2d_17,"(1, 2, 22, 54)",17
7311,conv2d_17,"(1, 2, 48, 31)",8
7312,conv2d_17,"(2, 0, 54, 24)",27
7313,conv2d_17,"(1, 1, 2, 31)",9
7314,conv2d_17,"(2, 0, 4, 26)",12
7315,conv2d_17,"(0, 2, 28, 30)",4
7316,conv2d_17,"(0, 2, 48, 34)",6
7317,conv2d_17,"(1, 2, 40, 45)",4
7318,conv2d_17,"(2, 0, 1, 43)",28
7319,conv2d_17,"(0, 2, 28, 2)",9
7320,conv2d_17,"(0, 0, 53, 34)",17
7321,conv2d_17,"(2, 0, 56, 25)",27
7322,conv2d_17,"(1, 1, 13, 26)",29
7323,conv2d_17,"(1, 0, 4, 27)",13
7324,conv2d_17,"(2, 2, 32, 2)",5
7325,conv2d_17,"(1, 0, 47, 42)",22
7326,conv2d_17,"(0, 1, 37, 53)",26
7327,conv2d_17,"(0, 2, 60, 35)",7
7328,conv2d_17,"(2, 1, 4, 33)",7
7329,conv2d_17,"(2, 1, 7, 10)",9
7330,conv2d_17,"(2, 0, 34, 49)",2
7331,conv2d_17,"(0, 1, 39, 20)",19
7332,conv2d_17,"(2, 2, 1, 16)",6
7333,conv2d_17,"(2, 2, 39, 0)",23
7334,conv2d_17,"(0, 1, 24, 25)",11
7335,conv2d_17,"(0, 2, 14, 10)",2
7336,conv2d_17,"(0, 0, 17, 53)",17
7337,conv2d_17,"(1, 1, 9, 58)",22
7338,conv2d_17,"(1, 2, 55, 55)",19
7339,conv2d_17,"(1, 1, 56, 24)",12
7340,conv2d_17,"(1, 1, 3, 28)",11
7341,conv2d_17,"(1, 2, 50, 41)",8
7342,conv2d_17,"(1, 1, 4, 35)",21
7343,conv2d_17,"(0, 1, 49, 16)",29
7344,conv2d_17,"(1, 1, 14, 21)",13
7345,conv2d_17,"(2, 2, 57, 36)",29
7346,conv2d_17,"(1, 2, 49, 19)",15
7347,conv2d_17,"(0, 1, 45, 13)",24
7348,conv2d_17,"(0, 1, 2, 8)",16
7349,conv2d_17,"(0, 0, 22, 5)",8
7350,conv2d_17,"(2, 2, 34, 23)",21
7351,conv2d_17,"(0, 2, 25, 42)",21
7352,conv2d_17,"(2, 0, 3, 45)",8
7353,conv2d_17,"(0, 1, 1, 37)",16
7354,conv2d_17,"(2, 1, 34, 27)",27
7355,conv2d_17,"(2, 0, 50, 16)",2
7356,conv2d_17,"(0, 0, 23, 8)",4
7357,conv2d_17,"(2, 0, 9, 2)",1
7358,conv2d_17,"(2, 1, 31, 55)",21
7359,conv2d_17,"(2, 2, 58, 37)",18
7360,conv2d_17,"(0, 0, 8, 14)",11
7361,conv2d_17,"(0, 1, 32, 42)",5
7362,conv2d_17,"(0, 0, 13, 44)",20
7363,conv2d_17,"(0, 2, 42, 49)",16
7364,conv2d_17,"(0, 0, 5, 55)",29
7365,conv2d_17,"(1, 0, 39, 1)",7
7366,conv2d_17,"(0, 1, 60, 16)",10
7367,conv2d_17,"(0, 0, 34, 31)",25
7368,conv2d_17,"(2, 0, 58, 24)",31
7369,conv2d_17,"(1, 2, 60, 49)",21
7370,conv2d_17,"(1, 1, 37, 23)",11
7371,conv2d_17,"(1, 2, 29, 54)",29
7372,conv2d_17,"(2, 0, 63, 14)",6
7373,conv2d_17,"(0, 2, 25, 11)",21
7374,conv2d_17,"(0, 0, 7, 39)",6
7375,conv2d_17,"(2, 0, 0, 19)",2
7376,conv2d_17,"(0, 1, 36, 6)",3
7377,conv2d_17,"(1, 1, 31, 2)",29
7378,conv2d_17,"(1, 2, 43, 35)",23
7379,conv2d_17,"(1, 0, 39, 26)",7
7380,conv2d_17,"(0, 0, 42, 7)",16
7381,conv2d_17,"(0, 0, 60, 33)",4
7382,conv2d_17,"(1, 1, 13, 44)",4
7383,conv2d_17,"(2, 1, 35, 43)",26
7384,conv2d_17,"(2, 1, 57, 19)",5
7385,conv2d_17,"(1, 2, 47, 25)",30
7386,conv2d_17,"(1, 1, 62, 54)",17
7387,conv2d_17,"(0, 0, 2, 60)",5
7388,conv2d_17,"(0, 2, 7, 38)",30
7389,conv2d_17,"(0, 0, 17, 38)",18
7390,conv2d_17,"(0, 2, 15, 36)",6
7391,conv2d_17,"(0, 1, 46, 31)",16
7392,conv2d_17,"(2, 1, 22, 55)",31
7393,conv2d_17,"(1, 2, 16, 45)",12
7394,conv2d_17,"(2, 0, 2, 25)",30
7395,conv2d_17,"(2, 1, 63, 49)",6
7396,conv2d_17,"(1, 0, 36, 22)",29
7397,conv2d_17,"(2, 0, 45, 26)",20
7398,conv2d_17,"(0, 2, 14, 6)",27
7399,conv2d_17,"(0, 2, 31, 34)",7
7400,conv2d_17,"(0, 0, 20, 21)",4
7401,conv2d_17,"(0, 1, 27, 43)",2
7402,conv2d_17,"(0, 2, 2, 27)",12
7403,conv2d_17,"(1, 1, 41, 13)",16
7404,conv2d_17,"(2, 1, 46, 13)",0
7405,conv2d_17,"(0, 2, 30, 10)",31
7406,conv2d_17,"(2, 1, 35, 61)",17
7407,conv2d_17,"(0, 0, 61, 18)",24
7408,conv2d_17,"(2, 2, 54, 50)",1
7409,conv2d_17,"(2, 0, 46, 10)",15
7410,conv2d_17,"(2, 1, 12, 39)",29
7411,conv2d_17,"(2, 2, 22, 0)",10
7412,conv2d_17,"(1, 1, 56, 37)",13
7413,conv2d_17,"(1, 2, 20, 44)",21
7414,conv2d_17,"(1, 0, 30, 36)",20
7415,conv2d_17,"(2, 1, 50, 49)",17
7416,conv2d_17,"(0, 0, 49, 56)",19
7417,conv2d_17,"(0, 0, 16, 63)",28
7418,conv2d_17,"(2, 1, 45, 8)",1
7419,conv2d_17,"(1, 0, 5, 39)",7
7420,conv2d_17,"(1, 1, 30, 8)",14
7421,conv2d_17,"(2, 1, 55, 55)",5
7422,conv2d_17,"(1, 0, 14, 22)",12
7423,conv2d_17,"(1, 1, 47, 35)",3
7424,conv2d_17,"(1, 2, 11, 12)",2
7425,conv2d_17,"(2, 0, 41, 55)",2
7426,conv2d_17,"(2, 0, 47, 31)",28
7427,conv2d_17,"(1, 2, 20, 63)",15
7428,conv2d_17,"(2, 1, 49, 50)",30
7429,conv2d_17,"(0, 2, 52, 17)",13
7430,conv2d_17,"(0, 0, 50, 18)",21
7431,conv2d_17,"(1, 2, 25, 23)",14
7432,conv2d_17,"(1, 0, 17, 18)",16
7433,conv2d_17,"(1, 1, 27, 50)",30
7434,conv2d_17,"(0, 1, 30, 19)",25
7435,conv2d_17,"(2, 2, 51, 26)",26
7436,conv2d_17,"(2, 0, 43, 32)",13
7437,conv2d_17,"(1, 1, 19, 40)",27
7438,conv2d_17,"(1, 0, 30, 3)",21
7439,conv2d_17,"(1, 1, 43, 52)",12
7440,conv2d_17,"(2, 0, 59, 26)",19
7441,conv2d_17,"(0, 0, 63, 55)",2
7442,conv2d_17,"(1, 1, 11, 36)",18
7443,conv2d_17,"(2, 1, 15, 61)",22
7444,conv2d_17,"(1, 1, 49, 57)",31
7445,conv2d_17,"(1, 2, 32, 32)",16
7446,conv2d_17,"(2, 1, 4, 38)",0
7447,conv2d_17,"(0, 1, 25, 18)",30
7448,conv2d_17,"(0, 1, 47, 25)",20
7449,conv2d_17,"(1, 0, 26, 23)",20
7450,conv2d_17,"(2, 2, 49, 56)",25
7451,conv2d_17,"(2, 0, 38, 49)",19
7452,conv2d_17,"(1, 2, 0, 28)",3
7453,conv2d_17,"(0, 0, 11, 29)",31
7454,conv2d_17,"(2, 1, 55, 48)",16
7455,conv2d_17,"(2, 1, 23, 0)",15
7456,conv2d_17,"(0, 0, 48, 37)",1
7457,conv2d_17,"(2, 0, 19, 29)",31
7458,conv2d_17,"(0, 1, 1, 56)",24
7459,conv2d_17,"(1, 2, 54, 43)",22
7460,conv2d_17,"(2, 2, 49, 3)",3
7461,conv2d_17,"(2, 0, 31, 20)",25
7462,conv2d_17,"(2, 1, 18, 55)",25
7463,conv2d_17,"(0, 2, 7, 63)",9
7464,conv2d_17,"(1, 1, 5, 57)",4
7465,conv2d_17,"(2, 2, 58, 57)",5
7466,conv2d_17,"(1, 1, 43, 61)",22
7467,conv2d_17,"(1, 2, 17, 53)",21
7468,conv2d_17,"(0, 1, 11, 47)",16
7469,conv2d_17,"(0, 0, 38, 11)",19
7470,conv2d_17,"(2, 1, 58, 16)",8
7471,conv2d_17,"(2, 2, 30, 23)",7
7472,conv2d_17,"(1, 0, 19, 6)",27
7473,conv2d_17,"(2, 2, 8, 2)",23
7474,conv2d_17,"(2, 1, 7, 1)",14
7475,conv2d_17,"(0, 2, 33, 6)",19
7476,conv2d_17,"(1, 1, 57, 18)",12
7477,conv2d_17,"(1, 2, 49, 27)",3
7478,conv2d_17,"(1, 0, 50, 48)",28
7479,conv2d_17,"(2, 2, 29, 26)",25
7480,conv2d_17,"(2, 2, 48, 29)",25
7481,conv2d_17,"(0, 0, 18, 57)",4
7482,conv2d_17,"(1, 1, 49, 50)",23
7483,conv2d_17,"(2, 0, 53, 12)",16
7484,conv2d_17,"(2, 2, 48, 46)",11
7485,conv2d_17,"(1, 1, 37, 15)",17
7486,conv2d_17,"(0, 0, 4, 47)",28
7487,conv2d_17,"(2, 2, 58, 1)",5
7488,conv2d_17,"(1, 2, 18, 19)",4
7489,conv2d_17,"(2, 1, 61, 41)",15
7490,conv2d_17,"(0, 0, 4, 15)",27
7491,conv2d_17,"(1, 1, 3, 42)",5
7492,conv2d_17,"(0, 2, 28, 10)",0
7493,conv2d_17,"(0, 0, 16, 55)",21
7494,conv2d_17,"(0, 1, 3, 62)",0
7495,conv2d_17,"(0, 1, 39, 29)",25
7496,conv2d_17,"(1, 0, 62, 39)",31
7497,conv2d_17,"(2, 0, 49, 28)",21
7498,conv2d_17,"(2, 0, 7, 59)",13
7499,conv2d_17,"(1, 0, 12, 26)",4
7500,conv2d_17,"(0, 0, 44, 18)",12
7501,conv2d_17,"(1, 2, 36, 17)",28
7502,conv2d_17,"(2, 2, 48, 16)",9
7503,conv2d_17,"(2, 1, 27, 55)",6
7504,conv2d_17,"(0, 2, 58, 15)",27
7505,conv2d_17,"(0, 0, 62, 31)",4
7506,conv2d_17,"(2, 0, 9, 46)",15
7507,conv2d_17,"(2, 0, 29, 37)",10
7508,conv2d_17,"(2, 0, 20, 32)",22
7509,conv2d_17,"(1, 2, 41, 43)",16
7510,conv2d_17,"(0, 2, 26, 12)",18
7511,conv2d_17,"(2, 0, 5, 26)",13
7512,conv2d_17,"(1, 0, 56, 50)",16
7513,conv2d_17,"(1, 2, 11, 39)",7
7514,conv2d_17,"(1, 1, 27, 35)",31
7515,conv2d_17,"(0, 0, 22, 48)",5
7516,conv2d_17,"(2, 2, 51, 17)",28
7517,conv2d_17,"(2, 1, 18, 46)",29
7518,conv2d_17,"(0, 2, 41, 13)",9
7519,conv2d_17,"(2, 2, 51, 53)",20
7520,conv2d_17,"(1, 2, 4, 20)",7
7521,conv2d_17,"(1, 2, 37, 16)",6
7522,conv2d_17,"(1, 2, 50, 32)",0
7523,conv2d_17,"(0, 1, 25, 47)",25
7524,conv2d_17,"(1, 2, 52, 4)",14
7525,conv2d_17,"(0, 1, 42, 48)",29
7526,conv2d_17,"(2, 2, 13, 29)",2
7527,conv2d_17,"(0, 2, 34, 38)",1
7528,conv2d_17,"(0, 0, 3, 26)",9
7529,conv2d_17,"(0, 2, 32, 30)",19
7530,conv2d_17,"(0, 0, 62, 52)",14
7531,conv2d_17,"(2, 0, 4, 39)",27
7532,conv2d_17,"(1, 0, 33, 49)",9
7533,conv2d_17,"(0, 2, 53, 13)",7
7534,conv2d_17,"(1, 1, 57, 5)",17
7535,conv2d_17,"(1, 0, 17, 28)",1
7536,conv2d_17,"(0, 1, 9, 30)",21
7537,conv2d_17,"(0, 1, 53, 46)",30
7538,conv2d_17,"(0, 0, 13, 3)",28
7539,conv2d_17,"(1, 0, 35, 63)",28
7540,conv2d_17,"(1, 1, 54, 17)",29
7541,conv2d_17,"(2, 0, 23, 13)",25
7542,conv2d_17,"(1, 2, 61, 42)",1
7543,conv2d_17,"(2, 2, 46, 22)",28
7544,conv2d_17,"(0, 1, 52, 10)",19
7545,conv2d_17,"(1, 1, 38, 40)",28
7546,conv2d_17,"(0, 0, 46, 38)",12
7547,conv2d_17,"(0, 0, 48, 59)",25
7548,conv2d_17,"(0, 2, 20, 4)",16
7549,conv2d_17,"(0, 0, 33, 39)",7
7550,conv2d_17,"(1, 1, 5, 58)",12
7551,conv2d_17,"(1, 1, 3, 41)",21
7552,conv2d_17,"(1, 2, 29, 55)",22
7553,conv2d_17,"(1, 2, 37, 17)",7
7554,conv2d_17,"(2, 1, 38, 50)",9
7555,conv2d_17,"(2, 0, 56, 2)",23
7556,conv2d_17,"(1, 1, 36, 51)",1
7557,conv2d_17,"(0, 1, 40, 20)",22
7558,conv2d_17,"(1, 0, 18, 30)",28
7559,conv2d_17,"(2, 1, 5, 2)",11
7560,conv2d_17,"(1, 2, 15, 38)",14
7561,conv2d_17,"(0, 2, 46, 19)",12
7562,conv2d_17,"(1, 1, 10, 4)",8
7563,conv2d_17,"(0, 2, 32, 49)",23
7564,conv2d_17,"(2, 1, 12, 52)",11
7565,conv2d_17,"(0, 2, 51, 17)",4
7566,conv2d_17,"(1, 2, 29, 58)",15
7567,conv2d_17,"(0, 2, 54, 11)",6
7568,conv2d_17,"(0, 0, 60, 32)",4
7569,conv2d_17,"(0, 1, 57, 22)",22
7570,conv2d_17,"(0, 1, 54, 2)",23
7571,conv2d_17,"(1, 0, 59, 39)",30
7572,conv2d_17,"(2, 2, 28, 27)",17
7573,conv2d_17,"(1, 2, 22, 12)",22
7574,conv2d_17,"(2, 2, 48, 40)",4
7575,conv2d_17,"(1, 0, 20, 41)",3
7576,conv2d_17,"(2, 1, 25, 3)",11
7577,conv2d_17,"(2, 2, 24, 22)",20
7578,conv2d_17,"(1, 2, 33, 10)",7
7579,conv2d_17,"(1, 2, 63, 4)",3
7580,conv2d_17,"(2, 1, 25, 0)",17
7581,conv2d_17,"(1, 1, 17, 25)",24
7582,conv2d_17,"(0, 0, 18, 3)",28
7583,conv2d_17,"(0, 0, 41, 50)",3
7584,conv2d_17,"(2, 1, 46, 24)",28
7585,conv2d_17,"(1, 1, 48, 25)",4
7586,conv2d_17,"(2, 2, 35, 26)",24
7587,conv2d_17,"(0, 1, 8, 36)",29
7588,conv2d_17,"(2, 0, 58, 48)",23
7589,conv2d_17,"(0, 2, 41, 33)",13
7590,conv2d_17,"(2, 0, 34, 47)",0
7591,conv2d_17,"(0, 1, 56, 31)",14
7592,conv2d_17,"(0, 0, 63, 17)",24
7593,conv2d_17,"(1, 0, 12, 21)",5
7594,conv2d_17,"(0, 0, 28, 39)",24
7595,conv2d_17,"(0, 1, 38, 41)",2
7596,conv2d_17,"(1, 1, 22, 22)",15
7597,conv2d_17,"(0, 1, 2, 5)",8
7598,conv2d_17,"(2, 1, 23, 37)",19
7599,conv2d_17,"(0, 0, 12, 42)",15
7600,conv2d_17,"(0, 2, 60, 31)",4
7601,conv2d_17,"(0, 0, 62, 63)",12
7602,conv2d_17,"(2, 2, 29, 34)",6
7603,conv2d_17,"(2, 1, 42, 41)",13
7604,conv2d_17,"(0, 2, 21, 13)",27
7605,conv2d_17,"(1, 1, 22, 54)",6
7606,conv2d_17,"(0, 0, 14, 25)",17
7607,conv2d_17,"(1, 0, 40, 38)",26
7608,conv2d_17,"(0, 1, 50, 15)",25
7609,conv2d_17,"(0, 1, 57, 2)",19
7610,conv2d_17,"(1, 1, 2, 11)",5
7611,conv2d_17,"(1, 2, 19, 45)",26
7612,conv2d_17,"(2, 0, 7, 38)",11
7613,conv2d_17,"(0, 1, 33, 11)",3
7614,conv2d_17,"(1, 0, 38, 16)",27
7615,conv2d_17,"(0, 1, 27, 8)",17
7616,conv2d_17,"(0, 1, 40, 50)",28
7617,conv2d_17,"(0, 0, 21, 51)",21
7618,conv2d_17,"(2, 0, 28, 25)",3
7619,conv2d_17,"(2, 0, 23, 50)",0
7620,conv2d_17,"(0, 0, 50, 50)",4
7621,conv2d_17,"(1, 2, 15, 23)",0
7622,conv2d_17,"(1, 2, 47, 56)",4
7623,conv2d_17,"(2, 2, 26, 41)",21
7624,conv2d_17,"(1, 0, 42, 11)",26
7625,conv2d_17,"(1, 0, 1, 30)",21
7626,conv2d_17,"(2, 0, 18, 18)",28
7627,conv2d_17,"(0, 1, 62, 33)",4
7628,conv2d_17,"(0, 1, 1, 3)",29
7629,conv2d_17,"(0, 1, 35, 46)",24
7630,conv2d_17,"(2, 2, 49, 50)",31
7631,conv2d_17,"(0, 2, 26, 0)",17
7632,conv2d_17,"(1, 0, 41, 10)",27
7633,conv2d_17,"(0, 2, 35, 43)",29
7634,conv2d_17,"(0, 1, 2, 2)",2
7635,conv2d_17,"(2, 0, 20, 63)",9
7636,conv2d_17,"(2, 2, 57, 33)",29
7637,conv2d_17,"(2, 2, 24, 54)",21
7638,conv2d_17,"(1, 0, 49, 51)",4
7639,conv2d_17,"(2, 2, 31, 52)",28
7640,conv2d_17,"(1, 1, 41, 28)",30
7641,conv2d_17,"(1, 0, 17, 22)",7
7642,conv2d_17,"(2, 2, 20, 12)",28
7643,conv2d_17,"(2, 0, 31, 2)",17
7644,conv2d_17,"(2, 1, 25, 4)",28
7645,conv2d_17,"(1, 2, 59, 25)",25
7646,conv2d_17,"(0, 2, 0, 17)",26
7647,conv2d_17,"(2, 2, 8, 30)",31
7648,conv2d_17,"(0, 2, 54, 50)",9
7649,conv2d_17,"(1, 0, 31, 33)",20
7650,conv2d_17,"(2, 2, 49, 49)",8
7651,conv2d_17,"(0, 0, 55, 58)",4
7652,conv2d_17,"(1, 0, 57, 5)",18
7653,conv2d_17,"(1, 2, 4, 43)",1
7654,conv2d_17,"(0, 0, 7, 9)",16
7655,conv2d_17,"(1, 0, 1, 60)",15
7656,conv2d_17,"(0, 1, 11, 4)",24
7657,conv2d_17,"(2, 2, 33, 63)",18
7658,conv2d_17,"(1, 1, 10, 19)",15
7659,conv2d_17,"(2, 0, 62, 58)",21
7660,conv2d_17,"(0, 2, 8, 1)",1
7661,conv2d_17,"(2, 1, 63, 50)",4
7662,conv2d_17,"(0, 2, 2, 38)",2
7663,conv2d_17,"(0, 1, 48, 15)",26
7664,conv2d_17,"(1, 0, 43, 6)",6
7665,conv2d_17,"(2, 0, 39, 58)",12
7666,conv2d_17,"(2, 1, 34, 44)",28
7667,conv2d_17,"(1, 1, 51, 63)",20
7668,conv2d_17,"(2, 2, 34, 34)",24
7669,conv2d_17,"(1, 1, 58, 19)",16
7670,conv2d_17,"(1, 2, 25, 13)",24
7671,conv2d_17,"(2, 1, 63, 7)",25
7672,conv2d_17,"(0, 0, 47, 19)",21
7673,conv2d_17,"(0, 1, 34, 56)",23
7674,conv2d_17,"(0, 2, 48, 33)",20
7675,conv2d_17,"(2, 0, 37, 34)",22
7676,conv2d_17,"(2, 1, 58, 31)",9
7677,conv2d_17,"(1, 0, 1, 40)",21
7678,conv2d_17,"(2, 1, 52, 7)",16
7679,conv2d_17,"(2, 1, 63, 14)",0
7680,conv2d_17,"(0, 0, 6, 4)",13
7681,conv2d_17,"(2, 1, 1, 46)",27
7682,conv2d_17,"(0, 0, 6, 23)",25
7683,conv2d_17,"(2, 1, 49, 24)",28
7684,conv2d_17,"(2, 2, 8, 20)",23
7685,conv2d_17,"(0, 2, 26, 2)",26
7686,conv2d_17,"(2, 2, 63, 56)",16
7687,conv2d_17,"(0, 1, 61, 53)",19
7688,conv2d_17,"(0, 0, 27, 25)",29
7689,conv2d_17,"(1, 2, 14, 5)",16
7690,conv2d_17,"(1, 1, 38, 13)",16
7691,conv2d_17,"(0, 2, 25, 6)",26
7692,conv2d_17,"(1, 1, 56, 3)",15
7693,conv2d_17,"(1, 2, 58, 15)",0
7694,conv2d_17,"(2, 0, 41, 16)",31
7695,conv2d_17,"(2, 2, 21, 5)",0
7696,conv2d_17,"(2, 2, 52, 21)",25
7697,conv2d_17,"(2, 0, 38, 40)",31
7698,conv2d_17,"(2, 2, 18, 9)",5
7699,conv2d_17,"(0, 1, 19, 32)",9
7700,conv2d_17,"(0, 2, 21, 27)",22
7701,conv2d_17,"(1, 1, 46, 34)",4
7702,conv2d_17,"(1, 0, 38, 61)",22
7703,conv2d_17,"(2, 1, 4, 2)",21
7704,conv2d_17,"(0, 1, 16, 34)",16
7705,conv2d_17,"(0, 0, 0, 55)",5
7706,conv2d_17,"(2, 1, 5, 43)",18
7707,conv2d_17,"(2, 1, 11, 37)",0
7708,conv2d_17,"(1, 0, 17, 62)",2
7709,conv2d_17,"(1, 1, 36, 20)",17
7710,conv2d_17,"(2, 2, 44, 43)",13
7711,conv2d_17,"(2, 2, 38, 12)",9
7712,conv2d_17,"(1, 1, 51, 39)",14
7713,conv2d_17,"(0, 1, 61, 1)",1
7714,conv2d_17,"(0, 0, 45, 28)",18
7715,conv2d_17,"(0, 1, 21, 27)",14
7716,conv2d_17,"(2, 2, 5, 2)",0
7717,conv2d_17,"(2, 0, 28, 33)",15
7718,conv2d_17,"(0, 2, 54, 23)",10
7719,conv2d_17,"(1, 2, 12, 18)",25
7720,conv2d_17,"(0, 1, 3, 58)",2
7721,conv2d_17,"(0, 1, 10, 19)",3
7722,conv2d_17,"(0, 1, 57, 8)",4
7723,conv2d_17,"(1, 0, 28, 22)",28
7724,conv2d_17,"(1, 0, 39, 14)",31
7725,conv2d_17,"(1, 1, 38, 5)",3
7726,conv2d_17,"(0, 1, 27, 34)",15
7727,conv2d_17,"(1, 0, 60, 26)",7
7728,conv2d_17,"(0, 2, 7, 59)",0
7729,conv2d_17,"(2, 0, 17, 19)",24
7730,conv2d_17,"(1, 0, 63, 22)",29
7731,conv2d_17,"(0, 2, 5, 35)",14
7732,conv2d_17,"(1, 0, 11, 48)",1
7733,conv2d_17,"(1, 2, 15, 56)",14
7734,conv2d_17,"(0, 2, 27, 41)",0
7735,conv2d_17,"(2, 1, 44, 23)",28
7736,conv2d_17,"(1, 1, 1, 3)",22
7737,conv2d_17,"(2, 0, 13, 42)",22
7738,conv2d_17,"(1, 1, 21, 39)",4
7739,conv2d_17,"(0, 0, 54, 54)",0
7740,conv2d_17,"(1, 2, 13, 28)",5
7741,conv2d_17,"(2, 0, 13, 14)",9
7742,conv2d_17,"(2, 2, 29, 54)",16
7743,conv2d_17,"(2, 0, 57, 49)",9
7744,conv2d_17,"(0, 1, 4, 29)",13
7745,conv2d_17,"(2, 2, 5, 55)",10
7746,conv2d_17,"(2, 1, 21, 16)",31
7747,conv2d_17,"(1, 1, 63, 29)",2
7748,conv2d_17,"(1, 1, 22, 29)",28
7749,conv2d_17,"(0, 1, 56, 51)",15
7750,conv2d_17,"(1, 2, 20, 40)",4
7751,conv2d_17,"(0, 2, 16, 34)",15
7752,conv2d_17,"(0, 2, 34, 17)",9
7753,conv2d_17,"(2, 2, 32, 42)",18
7754,conv2d_17,"(2, 0, 31, 45)",1
7755,conv2d_17,"(0, 1, 41, 30)",4
7756,conv2d_17,"(0, 2, 51, 46)",26
7757,conv2d_17,"(1, 0, 34, 42)",7
7758,conv2d_17,"(0, 2, 29, 34)",6
7759,conv2d_17,"(1, 0, 27, 37)",21
7760,conv2d_17,"(1, 1, 27, 60)",10
7761,conv2d_17,"(1, 1, 12, 26)",4
7762,conv2d_17,"(0, 2, 56, 32)",6
7763,conv2d_17,"(2, 2, 22, 11)",26
7764,conv2d_17,"(2, 2, 34, 15)",7
7765,conv2d_17,"(1, 1, 55, 38)",0
7766,conv2d_17,"(0, 1, 49, 57)",8
7767,conv2d_17,"(2, 0, 39, 43)",23
7768,conv2d_17,"(2, 2, 26, 48)",17
7769,conv2d_17,"(1, 2, 4, 9)",13
7770,conv2d_17,"(1, 0, 27, 57)",17
7771,conv2d_17,"(2, 1, 14, 35)",23
7772,conv2d_17,"(0, 2, 16, 49)",22
7773,conv2d_17,"(0, 1, 54, 50)",21
7774,conv2d_17,"(1, 0, 13, 55)",0
7775,conv2d_17,"(1, 0, 59, 43)",7
7776,conv2d_17,"(2, 2, 45, 18)",30
7777,conv2d_17,"(1, 2, 31, 31)",9
7778,conv2d_17,"(2, 0, 16, 50)",9
7779,conv2d_17,"(2, 1, 12, 13)",20
7780,conv2d_17,"(2, 1, 59, 62)",29
7781,conv2d_17,"(1, 2, 24, 1)",26
7782,conv2d_17,"(0, 0, 27, 31)",18
7783,conv2d_17,"(1, 2, 2, 47)",15
7784,conv2d_17,"(0, 2, 50, 43)",5
7785,conv2d_17,"(2, 1, 25, 36)",22
7786,conv2d_17,"(1, 1, 22, 2)",23
7787,conv2d_17,"(2, 2, 2, 43)",30
7788,conv2d_17,"(1, 0, 57, 0)",10
7789,conv2d_17,"(0, 2, 45, 25)",7
7790,conv2d_17,"(0, 1, 47, 5)",20
7791,conv2d_17,"(2, 2, 38, 52)",31
7792,conv2d_17,"(0, 1, 55, 45)",20
7793,conv2d_17,"(2, 2, 37, 37)",25
7794,conv2d_17,"(2, 0, 53, 46)",28
7795,conv2d_17,"(1, 0, 37, 56)",10
7796,conv2d_17,"(1, 1, 6, 23)",31
7797,conv2d_17,"(1, 2, 3, 52)",5
7798,conv2d_17,"(0, 0, 24, 2)",4
7799,conv2d_17,"(0, 0, 1, 0)",0
7800,conv2d_17,"(1, 0, 27, 36)",30
7801,conv2d_17,"(0, 2, 1, 62)",30
7802,conv2d_17,"(2, 0, 28, 46)",23
7803,conv2d_17,"(2, 0, 40, 3)",11
7804,conv2d_17,"(0, 2, 50, 40)",12
7805,conv2d_17,"(2, 2, 33, 18)",6
7806,conv2d_17,"(0, 2, 8, 25)",31
7807,conv2d_17,"(0, 1, 16, 11)",28
7808,conv2d_17,"(1, 2, 45, 18)",29
7809,conv2d_17,"(1, 1, 0, 26)",1
7810,conv2d_17,"(2, 0, 40, 15)",0
7811,conv2d_17,"(0, 0, 3, 41)",29
7812,conv2d_17,"(0, 1, 37, 0)",30
7813,conv2d_17,"(0, 1, 35, 49)",23
7814,conv2d_17,"(0, 1, 63, 59)",14
7815,conv2d_17,"(1, 1, 62, 17)",12
7816,conv2d_17,"(0, 1, 48, 18)",4
7817,conv2d_17,"(2, 0, 51, 17)",4
7818,conv2d_17,"(2, 1, 2, 15)",2
7819,conv2d_17,"(2, 2, 63, 17)",26
7820,conv2d_17,"(1, 2, 50, 48)",13
7821,conv2d_17,"(0, 0, 62, 42)",26
7822,conv2d_17,"(1, 1, 40, 29)",24
7823,conv2d_17,"(2, 1, 0, 3)",26
7824,conv2d_17,"(2, 1, 29, 45)",12
7825,conv2d_17,"(1, 1, 54, 35)",14
7826,conv2d_17,"(2, 0, 45, 30)",20
7827,conv2d_17,"(1, 2, 7, 17)",26
7828,conv2d_17,"(1, 1, 6, 42)",10
7829,conv2d_17,"(2, 2, 1, 39)",6
7830,conv2d_17,"(2, 1, 42, 17)",13
7831,conv2d_17,"(2, 0, 32, 26)",15
7832,conv2d_17,"(0, 1, 31, 59)",30
7833,conv2d_17,"(0, 1, 15, 16)",27
7834,conv2d_17,"(2, 0, 3, 17)",9
7835,conv2d_17,"(2, 1, 63, 55)",14
7836,conv2d_17,"(0, 2, 39, 54)",28
7837,conv2d_17,"(1, 0, 38, 42)",1
7838,conv2d_17,"(0, 0, 54, 14)",26
7839,conv2d_17,"(1, 0, 48, 54)",5
7840,conv2d_17,"(1, 1, 25, 32)",24
7841,conv2d_17,"(0, 0, 14, 50)",5
7842,conv2d_17,"(0, 2, 40, 32)",13
7843,conv2d_17,"(0, 2, 10, 47)",12
7844,conv2d_17,"(2, 1, 63, 24)",17
7845,conv2d_17,"(1, 1, 59, 16)",13
7846,conv2d_17,"(0, 2, 17, 33)",13
7847,conv2d_17,"(0, 2, 30, 8)",25
7848,conv2d_17,"(0, 2, 55, 45)",25
7849,conv2d_17,"(0, 0, 4, 24)",5
7850,conv2d_17,"(0, 1, 22, 40)",31
7851,conv2d_17,"(0, 0, 14, 2)",12
7852,conv2d_17,"(1, 2, 28, 30)",5
7853,conv2d_17,"(1, 2, 20, 59)",18
7854,conv2d_17,"(1, 0, 5, 19)",6
7855,conv2d_17,"(1, 1, 57, 21)",26
7856,conv2d_17,"(1, 0, 59, 11)",27
7857,conv2d_17,"(1, 1, 33, 61)",23
7858,conv2d_17,"(0, 2, 15, 44)",8
7859,conv2d_17,"(2, 0, 26, 49)",3
7860,conv2d_17,"(2, 0, 22, 58)",19
7861,conv2d_17,"(0, 1, 45, 26)",4
7862,conv2d_17,"(1, 0, 24, 35)",26
7863,conv2d_17,"(1, 2, 61, 19)",0
7864,conv2d_17,"(2, 0, 1, 57)",2
7865,conv2d_17,"(1, 2, 63, 62)",21
7866,conv2d_17,"(0, 2, 29, 43)",11
7867,conv2d_17,"(2, 2, 56, 44)",16
7868,conv2d_17,"(2, 0, 16, 60)",15
7869,conv2d_17,"(1, 0, 24, 9)",8
7870,conv2d_17,"(2, 2, 55, 18)",17
7871,conv2d_17,"(0, 1, 24, 23)",31
7872,conv2d_17,"(1, 0, 29, 60)",7
7873,conv2d_17,"(1, 2, 42, 29)",6
7874,conv2d_17,"(1, 1, 48, 2)",30
7875,conv2d_17,"(1, 0, 32, 31)",7
7876,conv2d_17,"(1, 2, 17, 35)",21
7877,conv2d_17,"(2, 2, 48, 15)",28
7878,conv2d_17,"(0, 1, 40, 26)",15
7879,conv2d_17,"(0, 2, 8, 61)",18
7880,conv2d_17,"(0, 0, 39, 17)",30
7881,conv2d_17,"(0, 0, 17, 12)",21
7882,conv2d_17,"(0, 1, 32, 12)",27
7883,conv2d_17,"(1, 0, 38, 12)",26
7884,conv2d_17,"(2, 0, 43, 54)",6
7885,conv2d_17,"(0, 1, 52, 60)",11
7886,conv2d_17,"(1, 0, 37, 20)",10
7887,conv2d_17,"(1, 2, 16, 2)",20
7888,conv2d_17,"(0, 0, 16, 12)",1
7889,conv2d_17,"(0, 0, 41, 14)",30
7890,conv2d_17,"(2, 1, 37, 18)",4
7891,conv2d_17,"(1, 2, 24, 59)",18
7892,conv2d_17,"(2, 0, 47, 63)",17
7893,conv2d_17,"(1, 1, 53, 36)",25
7894,conv2d_17,"(2, 2, 31, 35)",3
7895,conv2d_17,"(0, 0, 48, 3)",21
7896,conv2d_17,"(2, 2, 37, 23)",26
7897,conv2d_17,"(2, 1, 56, 40)",22
7898,conv2d_17,"(1, 2, 19, 14)",15
7899,conv2d_17,"(0, 2, 59, 24)",6
7900,conv2d_17,"(0, 1, 3, 22)",4
7901,conv2d_17,"(2, 2, 37, 41)",21
7902,conv2d_17,"(2, 2, 3, 15)",29
7903,conv2d_17,"(2, 1, 63, 32)",5
7904,conv2d_17,"(0, 0, 1, 39)",14
7905,conv2d_17,"(1, 1, 25, 9)",12
7906,conv2d_17,"(0, 2, 49, 4)",8
7907,conv2d_17,"(0, 1, 41, 2)",30
7908,conv2d_17,"(1, 2, 24, 39)",16
7909,conv2d_17,"(2, 0, 45, 20)",10
7910,conv2d_17,"(2, 2, 37, 56)",4
7911,conv2d_17,"(1, 2, 1, 20)",25
7912,conv2d_17,"(0, 0, 35, 11)",12
7913,conv2d_17,"(2, 2, 13, 46)",25
7914,conv2d_17,"(2, 0, 16, 29)",23
7915,conv2d_17,"(2, 1, 51, 52)",24
7916,conv2d_17,"(1, 0, 7, 4)",16
7917,conv2d_17,"(1, 2, 15, 26)",18
7918,conv2d_17,"(2, 2, 24, 9)",5
7919,conv2d_17,"(1, 2, 16, 28)",22
7920,conv2d_17,"(1, 2, 2, 63)",26
7921,conv2d_17,"(1, 0, 55, 51)",14
7922,conv2d_17,"(0, 0, 8, 26)",13
7923,conv2d_17,"(0, 0, 51, 23)",2
7924,conv2d_17,"(0, 1, 49, 51)",26
7925,conv2d_17,"(0, 0, 29, 51)",8
7926,conv2d_17,"(2, 0, 26, 61)",10
7927,conv2d_17,"(0, 0, 51, 43)",12
7928,conv2d_17,"(0, 1, 28, 24)",31
7929,conv2d_17,"(2, 0, 23, 48)",0
7930,conv2d_17,"(1, 1, 57, 12)",23
7931,conv2d_17,"(1, 0, 46, 52)",20
7932,conv2d_17,"(1, 2, 18, 10)",27
7933,conv2d_17,"(1, 1, 30, 37)",16
7934,conv2d_17,"(1, 1, 35, 53)",15
7935,conv2d_17,"(1, 2, 6, 56)",3
7936,conv2d_17,"(1, 1, 15, 19)",10
7937,conv2d_17,"(2, 1, 61, 34)",2
7938,conv2d_17,"(0, 2, 47, 37)",6
7939,conv2d_17,"(2, 1, 40, 32)",19
7940,conv2d_17,"(1, 0, 54, 53)",18
7941,conv2d_17,"(0, 0, 15, 53)",5
7942,conv2d_17,"(2, 2, 15, 26)",13
7943,conv2d_17,"(2, 2, 36, 45)",0
7944,conv2d_17,"(0, 2, 1, 11)",15
7945,conv2d_17,"(1, 1, 4, 63)",25
7946,conv2d_17,"(2, 2, 27, 25)",27
7947,conv2d_17,"(0, 0, 59, 60)",31
7948,conv2d_17,"(0, 0, 34, 44)",7
7949,conv2d_17,"(2, 2, 31, 59)",2
7950,conv2d_17,"(0, 1, 52, 9)",1
7951,conv2d_17,"(2, 1, 10, 12)",13
7952,conv2d_17,"(0, 0, 10, 33)",29
7953,conv2d_17,"(2, 0, 43, 28)",26
7954,conv2d_17,"(0, 2, 63, 17)",7
7955,conv2d_17,"(0, 1, 36, 63)",8
7956,conv2d_17,"(0, 0, 12, 6)",18
7957,conv2d_17,"(1, 0, 31, 43)",17
7958,conv2d_17,"(1, 0, 53, 26)",13
7959,conv2d_17,"(2, 2, 1, 27)",3
7960,conv2d_17,"(0, 2, 52, 43)",26
7961,conv2d_17,"(1, 2, 19, 41)",13
7962,conv2d_17,"(0, 1, 4, 63)",5
7963,conv2d_17,"(2, 1, 52, 30)",29
7964,conv2d_17,"(1, 0, 22, 57)",27
7965,conv2d_17,"(1, 1, 32, 31)",17
7966,conv2d_17,"(0, 2, 15, 30)",25
7967,conv2d_17,"(1, 1, 61, 34)",7
7968,conv2d_17,"(2, 0, 49, 5)",31
7969,conv2d_17,"(0, 2, 36, 8)",24
7970,conv2d_17,"(2, 1, 1, 36)",11
7971,conv2d_17,"(1, 2, 60, 22)",22
7972,conv2d_17,"(1, 2, 50, 39)",24
7973,conv2d_17,"(2, 2, 13, 63)",9
7974,conv2d_17,"(0, 1, 23, 63)",0
7975,conv2d_17,"(0, 1, 52, 63)",1
7976,conv2d_17,"(1, 2, 9, 58)",28
7977,conv2d_17,"(2, 0, 49, 59)",4
7978,conv2d_17,"(0, 1, 5, 36)",10
7979,conv2d_17,"(2, 2, 41, 38)",24
7980,conv2d_17,"(1, 0, 63, 59)",2
7981,conv2d_17,"(0, 0, 10, 59)",29
7982,conv2d_17,"(1, 0, 8, 5)",12
7983,conv2d_17,"(1, 1, 13, 34)",19
7984,conv2d_17,"(2, 1, 28, 63)",17
7985,conv2d_17,"(2, 1, 62, 17)",31
7986,conv2d_17,"(2, 1, 18, 23)",7
7987,conv2d_17,"(1, 1, 53, 46)",27
7988,conv2d_17,"(2, 1, 4, 8)",5
7989,conv2d_17,"(1, 2, 28, 43)",5
7990,conv2d_17,"(2, 2, 21, 30)",21
7991,conv2d_17,"(2, 1, 62, 54)",19
7992,conv2d_17,"(1, 1, 11, 31)",1
7993,conv2d_17,"(1, 2, 44, 17)",7
7994,conv2d_17,"(0, 2, 37, 48)",28
7995,conv2d_17,"(1, 1, 33, 25)",6
7996,conv2d_17,"(1, 2, 18, 17)",4
7997,conv2d_17,"(1, 0, 48, 32)",24
7998,conv2d_17,"(2, 0, 47, 8)",11
7999,conv2d_17,"(0, 1, 23, 30)",11
8000,conv2d_17,"(2, 2, 35, 9)",13
8001,conv2d_17,"(1, 2, 20, 3)",11
8002,conv2d_17,"(0, 0, 24, 15)",10
8003,conv2d_17,"(2, 1, 49, 44)",2
8004,conv2d_17,"(0, 0, 51, 40)",16
8005,conv2d_17,"(0, 0, 43, 49)",0
8006,conv2d_17,"(2, 1, 50, 30)",24
8007,conv2d_17,"(2, 2, 37, 50)",18
8008,conv2d_17,"(0, 2, 1, 3)",24
8009,conv2d_17,"(2, 0, 23, 1)",4
8010,conv2d_17,"(2, 2, 25, 3)",9
8011,conv2d_17,"(1, 0, 42, 55)",23
8012,conv2d_17,"(1, 1, 30, 32)",12
8013,conv2d_17,"(0, 2, 63, 48)",20
8014,conv2d_17,"(1, 0, 22, 51)",26
8015,conv2d_17,"(1, 2, 54, 58)",26
8016,conv2d_17,"(1, 2, 15, 14)",18
8017,conv2d_17,"(2, 2, 32, 0)",3
8018,conv2d_17,"(2, 0, 15, 19)",14
8019,conv2d_17,"(0, 1, 34, 30)",25
8020,conv2d_17,"(1, 1, 46, 48)",31
8021,conv2d_17,"(0, 0, 21, 39)",17
8022,conv2d_17,"(0, 0, 6, 3)",10
8023,conv2d_17,"(2, 1, 53, 20)",29
8024,conv2d_17,"(2, 2, 59, 7)",12
8025,conv2d_17,"(1, 2, 14, 26)",16
8026,conv2d_17,"(2, 1, 22, 44)",26
8027,conv2d_17,"(0, 0, 20, 61)",29
8028,conv2d_17,"(0, 1, 50, 50)",24
8029,conv2d_17,"(2, 1, 52, 36)",23
8030,conv2d_17,"(1, 0, 23, 45)",25
8031,conv2d_17,"(2, 1, 50, 22)",20
8032,conv2d_17,"(1, 0, 60, 8)",31
8033,conv2d_17,"(0, 1, 17, 58)",13
8034,conv2d_17,"(2, 1, 33, 36)",10
8035,conv2d_17,"(0, 1, 37, 7)",1
8036,conv2d_17,"(0, 0, 52, 9)",13
8037,conv2d_17,"(0, 1, 36, 39)",29
8038,conv2d_17,"(1, 2, 7, 1)",25
8039,conv2d_17,"(1, 1, 13, 8)",26
8040,conv2d_17,"(0, 0, 50, 54)",23
8041,conv2d_17,"(1, 2, 50, 35)",16
8042,conv2d_17,"(2, 0, 20, 25)",9
8043,conv2d_17,"(1, 2, 13, 55)",27
8044,conv2d_17,"(0, 0, 43, 60)",8
8045,conv2d_17,"(1, 0, 14, 47)",29
8046,conv2d_17,"(0, 0, 46, 36)",1
8047,conv2d_17,"(2, 2, 21, 31)",4
8048,conv2d_17,"(0, 2, 37, 60)",3
8049,conv2d_17,"(2, 2, 17, 24)",31
8050,conv2d_17,"(1, 1, 19, 36)",20
8051,conv2d_17,"(2, 2, 23, 26)",11
8052,conv2d_17,"(2, 1, 13, 4)",5
8053,conv2d_17,"(2, 2, 33, 6)",24
8054,conv2d_17,"(1, 0, 4, 32)",27
8055,conv2d_17,"(0, 1, 41, 43)",8
8056,conv2d_17,"(2, 1, 21, 13)",10
8057,conv2d_17,"(0, 0, 4, 28)",19
8058,conv2d_17,"(2, 1, 15, 60)",18
8059,conv2d_17,"(1, 0, 33, 17)",22
8060,conv2d_17,"(2, 2, 53, 56)",25
8061,conv2d_17,"(1, 1, 10, 2)",23
8062,conv2d_17,"(2, 0, 23, 34)",14
8063,conv2d_17,"(1, 1, 13, 9)",8
8064,conv2d_17,"(0, 1, 24, 62)",29
8065,conv2d_17,"(1, 0, 28, 26)",26
8066,conv2d_17,"(1, 1, 35, 47)",7
8067,conv2d_17,"(0, 1, 46, 56)",16
8068,conv2d_17,"(0, 2, 9, 39)",30
8069,conv2d_17,"(1, 1, 57, 29)",15
8070,conv2d_17,"(0, 1, 42, 44)",26
8071,conv2d_17,"(2, 1, 9, 41)",10
8072,conv2d_17,"(1, 1, 30, 9)",3
8073,conv2d_17,"(1, 1, 14, 43)",29
8074,conv2d_17,"(0, 1, 41, 35)",13
8075,conv2d_17,"(0, 0, 2, 51)",31
8076,conv2d_17,"(0, 0, 54, 27)",24
8077,conv2d_17,"(1, 1, 7, 61)",10
8078,conv2d_17,"(1, 0, 28, 14)",0
8079,conv2d_17,"(1, 2, 12, 24)",14
8080,conv2d_17,"(1, 2, 17, 37)",18
8081,conv2d_17,"(1, 1, 55, 52)",14
8082,conv2d_17,"(0, 1, 17, 47)",8
8083,conv2d_17,"(1, 1, 13, 60)",24
8084,conv2d_17,"(0, 0, 52, 16)",8
8085,conv2d_17,"(2, 1, 12, 59)",0
8086,conv2d_17,"(1, 2, 35, 29)",28
8087,conv2d_17,"(1, 2, 2, 58)",18
8088,conv2d_17,"(2, 2, 37, 52)",3
8089,conv2d_17,"(1, 1, 45, 53)",6
8090,conv2d_17,"(1, 1, 62, 53)",10
8091,conv2d_17,"(1, 0, 52, 24)",21
8092,conv2d_17,"(1, 1, 16, 7)",7
8093,conv2d_17,"(1, 2, 22, 44)",1
8094,conv2d_17,"(0, 1, 39, 4)",23
8095,conv2d_17,"(0, 2, 62, 32)",9
8096,conv2d_17,"(0, 0, 46, 57)",22
8097,conv2d_17,"(0, 2, 1, 30)",25
8098,conv2d_17,"(1, 0, 37, 48)",24
8099,conv2d_17,"(0, 2, 61, 1)",17
8100,conv2d_17,"(2, 0, 20, 8)",13
8101,conv2d_17,"(1, 0, 17, 25)",13
8102,conv2d_17,"(0, 1, 1, 55)",20
8103,conv2d_17,"(2, 2, 54, 27)",2
8104,conv2d_17,"(1, 0, 9, 61)",8
8105,conv2d_17,"(1, 0, 17, 55)",27
8106,conv2d_17,"(1, 2, 18, 47)",22
8107,conv2d_17,"(2, 1, 46, 4)",24
8108,conv2d_17,"(1, 0, 39, 19)",19
8109,conv2d_17,"(0, 2, 41, 60)",4
8110,conv2d_17,"(0, 1, 33, 37)",23
8111,conv2d_17,"(2, 1, 25, 39)",22
8112,conv2d_17,"(2, 0, 2, 26)",7
8113,conv2d_17,"(2, 0, 20, 11)",7
8114,conv2d_17,"(1, 1, 50, 22)",27
8115,conv2d_17,"(0, 2, 42, 1)",20
8116,conv2d_17,"(2, 1, 50, 31)",9
8117,conv2d_17,"(0, 2, 20, 46)",30
8118,conv2d_17,"(2, 1, 21, 8)",27
8119,conv2d_17,"(0, 0, 23, 37)",21
8120,conv2d_17,"(1, 0, 52, 10)",13
8121,conv2d_17,"(2, 0, 36, 41)",8
8122,conv2d_17,"(0, 0, 60, 35)",14
8123,conv2d_17,"(2, 1, 9, 30)",24
8124,conv2d_17,"(2, 0, 11, 38)",12
8125,conv2d_17,"(1, 0, 39, 16)",4
8126,conv2d_17,"(2, 1, 54, 50)",26
8127,conv2d_17,"(1, 0, 28, 36)",13
8128,conv2d_17,"(1, 2, 24, 55)",29
8129,conv2d_17,"(0, 1, 4, 62)",8
8130,conv2d_17,"(0, 2, 27, 26)",25
8131,conv2d_17,"(2, 1, 8, 53)",17
8132,conv2d_17,"(2, 0, 56, 55)",12
8133,conv2d_17,"(1, 0, 27, 28)",19
8134,conv2d_17,"(2, 0, 27, 28)",12
8135,conv2d_17,"(2, 2, 4, 52)",18
8136,conv2d_17,"(0, 1, 52, 7)",0
8137,conv2d_17,"(2, 1, 33, 35)",8
8138,conv2d_17,"(2, 2, 38, 36)",8
8139,conv2d_17,"(2, 1, 33, 21)",4
8140,conv2d_17,"(2, 1, 62, 37)",26
8141,conv2d_17,"(2, 1, 12, 46)",6
8142,conv2d_17,"(1, 2, 56, 12)",15
8143,conv2d_17,"(0, 2, 42, 47)",10
8144,conv2d_17,"(0, 0, 12, 54)",14
8145,conv2d_17,"(1, 0, 53, 62)",30
8146,conv2d_17,"(2, 1, 14, 47)",9
8147,conv2d_17,"(1, 0, 58, 19)",14
8148,conv2d_17,"(1, 0, 50, 52)",6
8149,conv2d_17,"(0, 2, 38, 34)",8
8150,conv2d_17,"(0, 0, 38, 8)",29
8151,conv2d_17,"(1, 1, 8, 13)",7
8152,conv2d_17,"(1, 2, 30, 61)",23
8153,conv2d_17,"(0, 1, 24, 8)",16
8154,conv2d_17,"(0, 1, 49, 25)",31
8155,conv2d_17,"(2, 0, 13, 47)",28
8156,conv2d_17,"(2, 2, 20, 55)",1
8157,conv2d_17,"(2, 2, 51, 3)",4
8158,conv2d_17,"(1, 2, 10, 20)",6
8159,conv2d_17,"(2, 0, 6, 3)",1
8160,conv2d_17,"(0, 0, 4, 8)",20
8161,conv2d_17,"(0, 0, 53, 2)",19
8162,conv2d_17,"(2, 0, 54, 63)",14
8163,conv2d_17,"(2, 0, 22, 33)",25
8164,conv2d_17,"(2, 0, 50, 13)",25
8165,conv2d_17,"(2, 2, 6, 56)",14
8166,conv2d_17,"(1, 1, 20, 43)",31
8167,conv2d_17,"(1, 2, 44, 38)",9
8168,conv2d_17,"(2, 2, 27, 6)",16
8169,conv2d_17,"(2, 2, 10, 12)",0
8170,conv2d_17,"(1, 2, 30, 10)",7
8171,conv2d_17,"(1, 2, 42, 2)",0
8172,conv2d_17,"(1, 0, 19, 54)",25
8173,conv2d_17,"(0, 2, 24, 16)",13
8174,conv2d_17,"(0, 1, 37, 62)",27
8175,conv2d_17,"(1, 0, 1, 53)",31
8176,conv2d_17,"(1, 1, 26, 37)",14
8177,conv2d_17,"(1, 2, 15, 27)",15
8178,conv2d_17,"(2, 0, 24, 20)",15
8179,conv2d_17,"(0, 1, 60, 42)",19
8180,conv2d_17,"(0, 2, 4, 7)",26
8181,conv2d_17,"(1, 0, 4, 51)",12
8182,conv2d_17,"(2, 1, 42, 21)",8
8183,conv2d_17,"(1, 1, 3, 48)",26
8184,conv2d_17,"(0, 0, 15, 60)",27
8185,conv2d_17,"(2, 0, 42, 39)",28
8186,conv2d_17,"(0, 2, 8, 33)",1
8187,conv2d_17,"(2, 0, 36, 20)",25
8188,conv2d_17,"(2, 0, 26, 29)",28
8189,conv2d_17,"(0, 0, 52, 52)",10
8190,conv2d_17,"(2, 1, 27, 44)",30
8191,conv2d_17,"(0, 0, 20, 28)",18
8192,conv2d_17,"(0, 1, 26, 36)",30
8193,conv2d_17,"(0, 0, 49, 49)",20
8194,conv2d_17,"(2, 1, 55, 1)",28
8195,conv2d_17,"(0, 2, 35, 46)",16
8196,conv2d_17,"(1, 2, 53, 36)",0
8197,conv2d_17,"(2, 1, 6, 35)",21
8198,conv2d_17,"(1, 2, 47, 6)",1
8199,conv2d_17,"(1, 1, 6, 15)",3
8200,conv2d_17,"(0, 1, 1, 16)",27
8201,conv2d_17,"(2, 0, 60, 6)",10
8202,conv2d_17,"(1, 2, 5, 44)",30
8203,conv2d_17,"(2, 0, 33, 30)",29
8204,conv2d_17,"(2, 2, 46, 12)",28
8205,conv2d_17,"(0, 2, 25, 31)",1
8206,conv2d_17,"(2, 0, 36, 57)",28
8207,conv2d_17,"(1, 1, 48, 55)",21
8208,conv2d_17,"(1, 2, 45, 46)",19
8209,conv2d_17,"(2, 2, 0, 58)",15
8210,conv2d_17,"(1, 1, 11, 63)",1
8211,conv2d_17,"(1, 0, 46, 24)",24
8212,conv2d_17,"(1, 1, 29, 6)",20
8213,conv2d_17,"(0, 1, 26, 52)",18
8214,conv2d_17,"(1, 0, 7, 25)",11
8215,conv2d_17,"(1, 1, 9, 0)",20
8216,conv2d_17,"(0, 2, 54, 20)",15
8217,conv2d_17,"(1, 2, 9, 13)",20
8218,conv2d_17,"(2, 0, 10, 18)",12
8219,conv2d_17,"(2, 2, 24, 13)",2
8220,conv2d_17,"(1, 1, 24, 45)",15
8221,conv2d_17,"(1, 2, 18, 11)",30
8222,conv2d_17,"(2, 1, 18, 3)",10
8223,conv2d_17,"(1, 2, 8, 36)",18
8224,conv2d_17,"(2, 0, 15, 41)",22
8225,conv2d_17,"(0, 0, 39, 0)",15
8226,conv2d_17,"(2, 2, 41, 36)",27
8227,conv2d_17,"(0, 0, 40, 35)",17
8228,conv2d_17,"(2, 1, 42, 52)",31
8229,conv2d_17,"(2, 1, 60, 57)",19
8230,conv2d_17,"(1, 2, 28, 16)",14
8231,conv2d_17,"(0, 2, 9, 33)",7
8232,conv2d_17,"(1, 1, 32, 52)",13
8233,conv2d_17,"(1, 2, 27, 22)",5
8234,conv2d_17,"(0, 0, 25, 6)",31
8235,conv2d_17,"(2, 1, 1, 55)",3
8236,conv2d_17,"(2, 0, 46, 58)",15
8237,conv2d_17,"(1, 0, 60, 60)",15
8238,conv2d_17,"(2, 0, 0, 7)",9
8239,conv2d_17,"(1, 2, 0, 29)",26
8240,conv2d_17,"(0, 2, 61, 34)",5
8241,conv2d_17,"(0, 2, 49, 20)",0
8242,conv2d_17,"(1, 1, 24, 54)",20
8243,conv2d_17,"(1, 1, 16, 1)",12
8244,conv2d_17,"(0, 1, 49, 52)",31
8245,conv2d_17,"(0, 0, 12, 1)",2
8246,conv2d_17,"(0, 1, 17, 44)",31
8247,conv2d_17,"(2, 1, 48, 53)",24
8248,conv2d_17,"(1, 0, 14, 46)",27
8249,conv2d_17,"(2, 0, 49, 6)",26
8250,conv2d_17,"(1, 1, 2, 26)",30
8251,conv2d_17,"(0, 0, 56, 16)",29
8252,conv2d_17,"(1, 2, 10, 41)",13
8253,conv2d_17,"(2, 1, 35, 41)",19
8254,conv2d_17,"(0, 2, 57, 16)",12
8255,conv2d_17,"(2, 2, 36, 57)",14
8256,conv2d_17,"(0, 0, 1, 42)",6
8257,conv2d_17,"(1, 0, 44, 33)",30
8258,conv2d_17,"(2, 0, 9, 4)",13
8259,conv2d_17,"(2, 1, 25, 47)",8
8260,conv2d_17,"(0, 1, 21, 44)",22
8261,conv2d_17,"(1, 0, 44, 49)",18
8262,conv2d_17,"(0, 1, 6, 13)",0
8263,conv2d_17,"(1, 0, 17, 21)",29
8264,conv2d_17,"(0, 0, 41, 18)",4
8265,conv2d_17,"(0, 1, 50, 35)",20
8266,conv2d_17,"(2, 2, 43, 54)",30
8267,conv2d_17,"(2, 2, 31, 4)",23
8268,conv2d_17,"(2, 2, 60, 60)",30
8269,conv2d_17,"(2, 2, 3, 24)",1
8270,conv2d_17,"(2, 2, 30, 18)",24
8271,conv2d_17,"(2, 1, 22, 43)",7
8272,conv2d_17,"(1, 0, 60, 21)",30
8273,conv2d_17,"(1, 0, 52, 59)",12
8274,conv2d_17,"(1, 1, 2, 57)",1
8275,conv2d_17,"(1, 1, 2, 51)",7
8276,conv2d_17,"(0, 1, 61, 21)",17
8277,conv2d_17,"(1, 0, 25, 33)",20
8278,conv2d_17,"(0, 0, 21, 47)",23
8279,conv2d_17,"(1, 2, 22, 25)",30
8280,conv2d_17,"(0, 0, 38, 31)",18
8281,conv2d_17,"(2, 1, 25, 48)",14
8282,conv2d_17,"(1, 0, 32, 42)",15
8283,conv2d_17,"(0, 1, 49, 63)",11
8284,conv2d_17,"(0, 0, 41, 6)",27
8285,conv2d_17,"(1, 1, 62, 3)",15
8286,conv2d_17,"(0, 1, 29, 4)",31
8287,conv2d_17,"(2, 2, 36, 10)",10
8288,conv2d_17,"(2, 0, 8, 48)",24
8289,conv2d_17,"(1, 1, 33, 3)",16
8290,conv2d_17,"(1, 0, 26, 62)",17
8291,conv2d_17,"(2, 1, 4, 31)",29
8292,conv2d_17,"(0, 0, 40, 19)",13
8293,conv2d_17,"(1, 0, 35, 52)",24
8294,conv2d_17,"(1, 2, 41, 31)",30
8295,conv2d_17,"(1, 2, 44, 36)",21
8296,conv2d_17,"(0, 2, 56, 11)",24
8297,conv2d_17,"(1, 2, 23, 58)",21
8298,conv2d_17,"(1, 2, 17, 12)",30
8299,conv2d_17,"(0, 1, 40, 31)",6
8300,conv2d_17,"(0, 0, 42, 27)",11
8301,conv2d_17,"(0, 0, 5, 44)",26
8302,conv2d_17,"(1, 0, 31, 48)",18
8303,conv2d_17,"(2, 2, 57, 3)",27
8304,conv2d_17,"(2, 1, 35, 6)",30
8305,conv2d_17,"(2, 2, 5, 13)",3
8306,conv2d_17,"(0, 2, 10, 59)",0
8307,conv2d_17,"(0, 2, 34, 44)",20
8308,conv2d_17,"(2, 0, 43, 56)",29
8309,conv2d_17,"(2, 0, 5, 13)",16
8310,conv2d_17,"(2, 2, 38, 57)",25
8311,conv2d_17,"(1, 2, 5, 28)",2
8312,conv2d_17,"(1, 0, 12, 54)",6
8313,conv2d_17,"(2, 1, 7, 19)",17
8314,conv2d_17,"(1, 1, 31, 25)",20
8315,conv2d_17,"(2, 2, 1, 48)",9
8316,conv2d_17,"(0, 1, 46, 22)",29
8317,conv2d_17,"(1, 2, 28, 33)",21
8318,conv2d_17,"(0, 1, 10, 2)",22
8319,conv2d_17,"(1, 0, 32, 8)",15
8320,conv2d_17,"(1, 1, 62, 12)",5
8321,conv2d_17,"(1, 0, 24, 4)",3
8322,conv2d_17,"(2, 2, 10, 18)",18
8323,conv2d_17,"(0, 1, 56, 58)",30
8324,conv2d_17,"(2, 0, 41, 29)",17
8325,conv2d_17,"(1, 2, 22, 22)",21
8326,conv2d_17,"(1, 1, 28, 15)",5
8327,conv2d_17,"(0, 0, 46, 22)",12
8328,conv2d_17,"(0, 0, 4, 53)",14
8329,conv2d_17,"(1, 0, 33, 39)",25
8330,conv2d_17,"(0, 2, 5, 48)",21
8331,conv2d_17,"(2, 0, 30, 38)",10
8332,conv2d_17,"(1, 0, 54, 52)",5
8333,conv2d_17,"(1, 0, 57, 41)",7
8334,conv2d_17,"(1, 1, 47, 54)",0
8335,conv2d_17,"(0, 2, 21, 15)",18
8336,conv2d_17,"(1, 1, 32, 8)",9
8337,conv2d_17,"(0, 0, 1, 16)",6
8338,conv2d_17,"(2, 0, 18, 34)",28
8339,conv2d_17,"(0, 0, 20, 36)",12
8340,conv2d_17,"(1, 1, 28, 33)",2
8341,conv2d_17,"(0, 0, 47, 37)",5
8342,conv2d_17,"(2, 0, 49, 60)",29
8343,conv2d_17,"(1, 2, 34, 55)",2
8344,conv2d_17,"(0, 1, 49, 10)",13
8345,conv2d_17,"(2, 2, 38, 11)",12
8346,conv2d_17,"(1, 1, 28, 5)",18
8347,conv2d_17,"(1, 0, 33, 60)",1
8348,conv2d_17,"(1, 2, 38, 54)",5
8349,conv2d_17,"(1, 0, 42, 31)",20
8350,conv2d_17,"(2, 0, 26, 19)",2
8351,conv2d_17,"(1, 2, 43, 63)",31
8352,conv2d_17,"(2, 0, 38, 59)",0
8353,conv2d_17,"(2, 1, 10, 26)",16
8354,conv2d_17,"(1, 2, 14, 3)",18
8355,conv2d_17,"(1, 1, 5, 53)",20
8356,conv2d_17,"(0, 0, 39, 35)",27
8357,conv2d_17,"(2, 0, 13, 4)",13
8358,conv2d_17,"(1, 0, 6, 28)",14
8359,conv2d_17,"(0, 2, 13, 45)",17
8360,conv2d_17,"(2, 2, 3, 6)",10
8361,conv2d_17,"(1, 1, 53, 17)",23
8362,conv2d_17,"(1, 0, 1, 27)",26
8363,conv2d_17,"(2, 1, 13, 59)",25
8364,conv2d_17,"(1, 2, 41, 4)",3
8365,conv2d_17,"(2, 0, 3, 51)",31
8366,conv2d_17,"(1, 0, 48, 42)",31
8367,conv2d_17,"(2, 2, 2, 7)",8
8368,conv2d_17,"(2, 1, 32, 28)",29
8369,conv2d_17,"(0, 1, 55, 52)",13
8370,conv2d_17,"(2, 1, 62, 55)",18
8371,conv2d_17,"(0, 1, 37, 47)",16
8372,conv2d_17,"(1, 2, 32, 59)",31
8373,conv2d_17,"(2, 1, 35, 48)",12
8374,conv2d_17,"(1, 1, 13, 27)",4
8375,conv2d_17,"(1, 1, 29, 59)",29
8376,conv2d_17,"(2, 2, 46, 33)",29
8377,conv2d_17,"(0, 0, 30, 13)",23
8378,conv2d_17,"(2, 1, 13, 35)",21
8379,conv2d_17,"(1, 0, 28, 25)",27
8380,conv2d_17,"(0, 1, 5, 4)",25
8381,conv2d_17,"(1, 0, 34, 21)",19
8382,conv2d_17,"(1, 2, 9, 4)",4
8383,conv2d_17,"(0, 1, 57, 59)",27
8384,conv2d_17,"(1, 1, 56, 62)",28
8385,conv2d_17,"(1, 1, 50, 3)",1
8386,conv2d_17,"(0, 0, 2, 22)",20
8387,conv2d_17,"(2, 1, 32, 55)",14
8388,conv2d_17,"(1, 2, 62, 58)",19
8389,conv2d_17,"(2, 1, 1, 29)",31
8390,conv2d_17,"(2, 1, 51, 38)",6
8391,conv2d_17,"(2, 1, 48, 39)",22
8392,conv2d_17,"(0, 0, 12, 52)",13
8393,conv2d_17,"(1, 2, 10, 44)",18
8394,conv2d_17,"(1, 2, 35, 44)",8
8395,conv2d_17,"(1, 2, 58, 52)",0
8396,conv2d_17,"(0, 1, 21, 19)",5
8397,conv2d_17,"(2, 0, 4, 11)",20
8398,conv2d_17,"(1, 0, 37, 39)",5
8399,conv2d_17,"(2, 2, 21, 21)",22
8400,conv2d_17,"(1, 1, 27, 49)",6
8401,conv2d_17,"(1, 1, 3, 53)",13
8402,conv2d_17,"(1, 1, 47, 13)",4
8403,conv2d_17,"(1, 1, 55, 30)",4
8404,conv2d_17,"(0, 2, 6, 47)",3
8405,conv2d_17,"(0, 1, 37, 9)",21
8406,conv2d_17,"(0, 1, 45, 62)",2
8407,conv2d_17,"(0, 2, 61, 39)",19
8408,conv2d_17,"(2, 2, 56, 62)",11
8409,conv2d_17,"(1, 1, 5, 21)",15
8410,conv2d_17,"(0, 1, 62, 13)",26
8411,conv2d_17,"(0, 1, 46, 15)",13
8412,conv2d_17,"(1, 1, 34, 9)",8
8413,conv2d_17,"(1, 1, 38, 62)",17
8414,conv2d_17,"(1, 1, 57, 20)",22
8415,conv2d_17,"(0, 0, 61, 40)",25
8416,conv2d_17,"(0, 0, 4, 6)",20
8417,conv2d_17,"(2, 1, 44, 38)",22
8418,conv2d_17,"(1, 0, 61, 62)",31
8419,conv2d_17,"(1, 0, 6, 44)",4
8420,conv2d_17,"(0, 1, 19, 14)",1
8421,conv2d_17,"(1, 2, 25, 52)",9
8422,conv2d_17,"(0, 0, 61, 57)",31
8423,conv2d_17,"(1, 0, 0, 29)",6
8424,conv2d_17,"(2, 0, 36, 0)",6
8425,conv2d_17,"(2, 1, 15, 7)",13
8426,conv2d_17,"(2, 1, 7, 43)",31
8427,conv2d_17,"(2, 1, 56, 11)",10
8428,conv2d_17,"(1, 1, 1, 46)",28
8429,conv2d_17,"(2, 0, 43, 62)",17
8430,conv2d_17,"(1, 2, 11, 11)",16
8431,conv2d_17,"(2, 2, 1, 47)",15
8432,conv2d_17,"(1, 2, 4, 17)",20
8433,conv2d_17,"(1, 2, 37, 23)",23
8434,conv2d_17,"(2, 1, 53, 50)",23
8435,conv2d_17,"(0, 1, 46, 33)",22
8436,conv2d_17,"(0, 1, 46, 32)",18
8437,conv2d_17,"(1, 0, 45, 29)",1
8438,conv2d_17,"(1, 2, 47, 44)",1
8439,conv2d_17,"(1, 1, 37, 22)",17
8440,conv2d_17,"(1, 0, 5, 33)",17
8441,conv2d_17,"(0, 2, 33, 44)",19
8442,conv2d_17,"(0, 2, 16, 27)",5
8443,conv2d_17,"(0, 1, 7, 50)",4
8444,conv2d_17,"(1, 0, 35, 23)",31
8445,conv2d_17,"(1, 2, 17, 10)",25
8446,conv2d_17,"(2, 2, 28, 18)",9
8447,conv2d_17,"(0, 1, 54, 47)",15
8448,conv2d_17,"(0, 1, 8, 38)",21
8449,conv2d_17,"(0, 1, 56, 30)",26
8450,conv2d_17,"(1, 0, 29, 56)",2
8451,conv2d_17,"(1, 1, 20, 19)",22
8452,conv2d_17,"(2, 2, 58, 50)",3
8453,conv2d_17,"(1, 0, 10, 56)",24
8454,conv2d_17,"(1, 1, 47, 30)",20
8455,conv2d_17,"(0, 2, 7, 50)",28
8456,conv2d_17,"(0, 2, 57, 21)",8
8457,conv2d_17,"(2, 1, 23, 28)",8
8458,conv2d_17,"(1, 2, 61, 34)",23
8459,conv2d_17,"(0, 0, 49, 2)",18
8460,conv2d_17,"(2, 2, 22, 9)",0
8461,conv2d_17,"(0, 0, 4, 57)",22
8462,conv2d_17,"(1, 1, 44, 20)",24
8463,conv2d_17,"(2, 0, 54, 1)",15
8464,conv2d_17,"(2, 2, 49, 52)",8
8465,conv2d_17,"(0, 2, 14, 45)",6
8466,conv2d_17,"(0, 1, 35, 61)",31
8467,conv2d_17,"(0, 1, 44, 38)",2
8468,conv2d_17,"(0, 1, 47, 48)",21
8469,conv2d_17,"(1, 0, 52, 49)",30
8470,conv2d_17,"(0, 2, 4, 55)",2
8471,conv2d_17,"(0, 2, 47, 3)",15
8472,conv2d_17,"(2, 0, 13, 63)",18
8473,conv2d_17,"(0, 2, 54, 19)",4
8474,conv2d_17,"(1, 2, 9, 48)",2
8475,conv2d_17,"(1, 1, 63, 28)",16
8476,conv2d_17,"(2, 0, 23, 21)",25
8477,conv2d_17,"(2, 2, 13, 53)",5
8478,conv2d_17,"(1, 0, 33, 22)",26
8479,conv2d_17,"(1, 0, 12, 42)",4
8480,conv2d_17,"(0, 0, 25, 59)",23
8481,conv2d_17,"(1, 0, 40, 2)",18
8482,conv2d_17,"(0, 1, 13, 56)",22
8483,conv2d_17,"(1, 1, 33, 49)",25
8484,conv2d_17,"(2, 1, 37, 32)",20
8485,conv2d_17,"(2, 2, 28, 53)",24
8486,conv2d_17,"(0, 0, 58, 39)",13
8487,conv2d_17,"(1, 1, 30, 48)",22
8488,conv2d_17,"(0, 2, 32, 32)",25
8489,conv2d_17,"(0, 2, 53, 22)",9
8490,conv2d_17,"(0, 0, 54, 15)",25
8491,conv2d_17,"(1, 2, 34, 42)",25
8492,conv2d_17,"(2, 2, 12, 24)",0
8493,conv2d_17,"(1, 0, 3, 60)",4
8494,conv2d_17,"(1, 1, 43, 9)",13
8495,conv2d_17,"(1, 2, 17, 46)",11
8496,conv2d_17,"(0, 0, 23, 59)",23
8497,conv2d_17,"(0, 1, 23, 60)",11
8498,conv2d_17,"(0, 1, 29, 5)",31
8499,conv2d_17,"(0, 0, 12, 55)",4
8500,conv2d_17,"(1, 0, 31, 26)",9
8501,conv2d_17,"(1, 0, 43, 53)",3
8502,conv2d_17,"(0, 2, 9, 36)",21
8503,conv2d_17,"(0, 0, 63, 11)",8
8504,conv2d_17,"(2, 2, 26, 3)",8
8505,conv2d_17,"(1, 1, 37, 43)",15
8506,conv2d_17,"(2, 1, 51, 2)",28
8507,conv2d_17,"(0, 2, 62, 19)",12
8508,conv2d_17,"(2, 0, 63, 35)",27
8509,conv2d_17,"(1, 0, 46, 21)",2
8510,conv2d_17,"(0, 1, 50, 55)",2
8511,conv2d_17,"(1, 0, 7, 50)",3
8512,conv2d_17,"(2, 0, 7, 45)",3
8513,conv2d_17,"(0, 1, 28, 23)",13
8514,conv2d_17,"(0, 2, 32, 38)",8
8515,conv2d_17,"(2, 1, 50, 61)",9
8516,conv2d_17,"(2, 2, 51, 57)",7
8517,conv2d_17,"(1, 2, 8, 6)",13
8518,conv2d_17,"(0, 2, 14, 16)",11
8519,conv2d_17,"(0, 2, 43, 12)",25
8520,conv2d_17,"(2, 2, 6, 50)",3
8521,conv2d_17,"(2, 2, 52, 9)",25
8522,conv2d_17,"(0, 1, 42, 37)",10
8523,conv2d_17,"(1, 1, 15, 37)",22
8524,conv2d_17,"(2, 1, 3, 56)",26
8525,conv2d_17,"(1, 1, 26, 28)",17
8526,conv2d_17,"(2, 1, 42, 48)",3
8527,conv2d_17,"(1, 0, 53, 9)",16
8528,conv2d_17,"(0, 1, 48, 56)",30
8529,conv2d_17,"(0, 2, 36, 24)",19
8530,conv2d_17,"(0, 2, 2, 2)",9
8531,conv2d_17,"(2, 0, 13, 17)",28
8532,conv2d_17,"(0, 1, 23, 3)",26
8533,conv2d_17,"(2, 0, 57, 63)",14
8534,conv2d_17,"(0, 1, 48, 9)",9
8535,conv2d_17,"(2, 2, 9, 41)",13
8536,conv2d_17,"(0, 0, 15, 0)",19
8537,conv2d_17,"(2, 2, 61, 59)",25
8538,conv2d_17,"(1, 2, 26, 7)",0
8539,conv2d_17,"(2, 2, 35, 46)",24
8540,conv2d_17,"(1, 1, 1, 16)",11
8541,conv2d_17,"(1, 1, 32, 57)",15
8542,conv2d_17,"(0, 0, 49, 5)",24
8543,conv2d_17,"(1, 1, 43, 1)",0
8544,conv2d_17,"(2, 1, 37, 34)",25
8545,conv2d_17,"(0, 1, 39, 47)",5
8546,conv2d_17,"(2, 2, 8, 39)",9
8547,conv2d_17,"(2, 2, 42, 3)",18
8548,conv2d_17,"(2, 1, 51, 26)",17
8549,conv2d_17,"(0, 1, 27, 59)",29
8550,conv2d_17,"(2, 1, 60, 35)",9
8551,conv2d_17,"(1, 2, 33, 50)",2
8552,conv2d_17,"(0, 2, 1, 42)",24
8553,conv2d_17,"(1, 2, 56, 8)",23
8554,conv2d_17,"(0, 0, 14, 31)",26
8555,conv2d_17,"(1, 0, 11, 29)",20
8556,conv2d_17,"(1, 0, 43, 3)",8
8557,conv2d_17,"(0, 2, 36, 19)",19
8558,conv2d_17,"(2, 2, 5, 50)",27
8559,conv2d_17,"(1, 2, 25, 8)",28
8560,conv2d_17,"(0, 1, 22, 30)",7
8561,conv2d_17,"(1, 0, 20, 8)",11
8562,conv2d_17,"(1, 1, 29, 34)",21
8563,conv2d_17,"(2, 0, 31, 52)",7
8564,conv2d_17,"(0, 2, 7, 49)",13
8565,conv2d_17,"(1, 1, 55, 59)",21
8566,conv2d_17,"(1, 0, 25, 5)",21
8567,conv2d_17,"(2, 0, 42, 47)",7
8568,conv2d_17,"(0, 2, 60, 25)",13
8569,conv2d_17,"(2, 2, 17, 38)",19
8570,conv2d_17,"(1, 0, 55, 44)",5
8571,conv2d_17,"(2, 1, 48, 14)",6
8572,conv2d_17,"(2, 0, 47, 4)",0
8573,conv2d_17,"(1, 1, 23, 34)",21
8574,conv2d_17,"(2, 2, 46, 34)",20
8575,conv2d_17,"(1, 2, 63, 7)",27
8576,conv2d_17,"(2, 2, 57, 18)",26
8577,conv2d_17,"(0, 2, 33, 16)",29
8578,conv2d_17,"(1, 0, 10, 60)",16
8579,conv2d_17,"(2, 1, 60, 29)",22
8580,conv2d_17,"(2, 1, 8, 39)",15
8581,conv2d_17,"(0, 2, 21, 16)",26
8582,conv2d_17,"(1, 2, 42, 55)",5
8583,conv2d_17,"(0, 1, 4, 48)",10
8584,conv2d_17,"(2, 1, 47, 32)",16
8585,conv2d_17,"(0, 2, 15, 2)",19
8586,conv2d_17,"(2, 0, 23, 54)",16
8587,conv2d_17,"(2, 2, 40, 42)",1
8588,conv2d_17,"(1, 0, 36, 62)",15
8589,conv2d_17,"(2, 2, 5, 62)",24
8590,conv2d_17,"(0, 1, 37, 34)",14
8591,conv2d_17,"(0, 2, 32, 18)",15
8592,conv2d_17,"(0, 2, 24, 35)",7
8593,conv2d_17,"(0, 0, 51, 6)",21
8594,conv2d_17,"(2, 2, 35, 51)",25
8595,conv2d_17,"(2, 2, 22, 22)",21
8596,conv2d_17,"(0, 2, 30, 27)",26
8597,conv2d_17,"(2, 2, 61, 32)",21
8598,conv2d_17,"(1, 2, 22, 8)",12
8599,conv2d_17,"(0, 0, 33, 21)",17
8600,conv2d_17,"(0, 2, 1, 14)",3
8601,conv2d_17,"(0, 1, 41, 25)",10
8602,conv2d_17,"(1, 0, 49, 5)",25
8603,conv2d_17,"(2, 0, 30, 54)",11
8604,conv2d_17,"(2, 0, 22, 43)",10
8605,conv2d_17,"(2, 1, 49, 8)",7
8606,conv2d_17,"(2, 2, 32, 52)",10
8607,conv2d_17,"(1, 0, 36, 34)",3
8608,conv2d_18,"(1, 2, 48, 48)",10
8609,conv2d_18,"(1, 1, 25, 40)",30
8610,conv2d_18,"(0, 0, 41, 24)",12
8611,conv2d_18,"(0, 2, 25, 56)",28
8612,conv2d_18,"(1, 0, 25, 48)",25
8613,conv2d_18,"(2, 2, 27, 28)",11
8614,conv2d_18,"(0, 0, 23, 62)",19
8615,conv2d_18,"(1, 0, 16, 33)",31
8616,conv2d_18,"(0, 1, 2, 48)",1
8617,conv2d_18,"(0, 0, 62, 23)",23
8618,conv2d_18,"(0, 0, 30, 45)",1
8619,conv2d_18,"(2, 0, 42, 5)",26
8620,conv2d_18,"(1, 0, 12, 33)",2
8621,conv2d_18,"(1, 1, 50, 30)",24
8622,conv2d_18,"(2, 1, 5, 37)",5
8623,conv2d_18,"(1, 2, 32, 4)",24
8624,conv2d_18,"(2, 0, 38, 26)",23
8625,conv2d_18,"(2, 2, 56, 16)",25
8626,conv2d_18,"(1, 2, 27, 40)",30
8627,conv2d_18,"(2, 0, 55, 10)",26
8628,conv2d_18,"(1, 1, 26, 55)",24
8629,conv2d_18,"(1, 0, 48, 31)",4
8630,conv2d_18,"(2, 2, 18, 44)",4
8631,conv2d_18,"(2, 2, 16, 55)",16
8632,conv2d_18,"(0, 0, 36, 37)",15
8633,conv2d_18,"(1, 0, 56, 47)",31
8634,conv2d_18,"(2, 2, 24, 57)",26
8635,conv2d_18,"(0, 2, 9, 29)",0
8636,conv2d_18,"(0, 2, 26, 6)",10
8637,conv2d_18,"(1, 1, 5, 61)",11
8638,conv2d_18,"(1, 1, 57, 25)",19
8639,conv2d_18,"(1, 2, 1, 3)",16
8640,conv2d_18,"(0, 2, 25, 21)",5
8641,conv2d_18,"(1, 0, 31, 19)",7
8642,conv2d_18,"(1, 0, 42, 7)",11
8643,conv2d_18,"(1, 0, 55, 24)",14
8644,conv2d_18,"(0, 0, 22, 38)",28
8645,conv2d_18,"(2, 1, 40, 40)",11
8646,conv2d_18,"(2, 1, 17, 9)",0
8647,conv2d_18,"(1, 0, 63, 35)",22
8648,conv2d_18,"(1, 1, 4, 10)",2
8649,conv2d_18,"(1, 1, 27, 14)",11
8650,conv2d_18,"(0, 0, 24, 44)",18
8651,conv2d_18,"(0, 0, 17, 12)",1
8652,conv2d_18,"(0, 1, 39, 38)",4
8653,conv2d_18,"(0, 2, 56, 54)",14
8654,conv2d_18,"(2, 2, 63, 46)",24
8655,conv2d_18,"(2, 2, 27, 42)",0
8656,conv2d_18,"(0, 0, 33, 48)",28
8657,conv2d_18,"(2, 0, 42, 46)",19
8658,conv2d_18,"(2, 0, 34, 17)",6
8659,conv2d_18,"(1, 1, 60, 41)",16
8660,conv2d_18,"(1, 1, 38, 56)",14
8661,conv2d_18,"(2, 2, 1, 60)",23
8662,conv2d_18,"(1, 0, 4, 55)",10
8663,conv2d_18,"(1, 1, 44, 5)",14
8664,conv2d_18,"(2, 2, 22, 6)",12
8665,conv2d_18,"(0, 0, 9, 0)",30
8666,conv2d_18,"(0, 1, 53, 10)",4
8667,conv2d_18,"(2, 1, 46, 42)",26
8668,conv2d_18,"(1, 2, 18, 5)",20
8669,conv2d_18,"(0, 1, 48, 37)",2
8670,conv2d_18,"(1, 2, 10, 24)",11
8671,conv2d_18,"(0, 1, 25, 7)",13
8672,conv2d_18,"(1, 2, 30, 11)",11
8673,conv2d_18,"(0, 0, 39, 59)",0
8674,conv2d_18,"(0, 1, 63, 29)",23
8675,conv2d_18,"(0, 2, 59, 13)",6
8676,conv2d_18,"(2, 0, 11, 43)",7
8677,conv2d_18,"(2, 0, 18, 49)",18
8678,conv2d_18,"(2, 0, 53, 17)",21
8679,conv2d_18,"(1, 1, 40, 8)",4
8680,conv2d_18,"(0, 0, 19, 56)",25
8681,conv2d_18,"(1, 2, 6, 1)",24
8682,conv2d_18,"(1, 1, 41, 24)",3
8683,conv2d_18,"(2, 2, 28, 30)",0
8684,conv2d_18,"(0, 1, 57, 29)",10
8685,conv2d_18,"(1, 2, 31, 9)",31
8686,conv2d_18,"(0, 0, 47, 40)",23
8687,conv2d_18,"(1, 0, 24, 48)",17
8688,conv2d_18,"(0, 0, 37, 63)",3
8689,conv2d_18,"(0, 2, 3, 26)",2
8690,conv2d_18,"(1, 0, 33, 47)",0
8691,conv2d_18,"(1, 1, 7, 19)",14
8692,conv2d_18,"(2, 2, 54, 53)",13
8693,conv2d_18,"(1, 0, 55, 2)",10
8694,conv2d_18,"(2, 0, 8, 23)",20
8695,conv2d_18,"(2, 1, 32, 46)",11
8696,conv2d_18,"(1, 1, 17, 61)",24
8697,conv2d_18,"(1, 1, 3, 22)",11
8698,conv2d_18,"(2, 1, 60, 16)",13
8699,conv2d_18,"(2, 0, 0, 22)",25
8700,conv2d_18,"(0, 2, 35, 61)",19
8701,conv2d_18,"(2, 1, 54, 41)",13
8702,conv2d_18,"(2, 2, 46, 33)",28
8703,conv2d_18,"(0, 2, 15, 31)",5
8704,conv2d_18,"(2, 2, 17, 19)",10
8705,conv2d_18,"(0, 2, 3, 54)",12
8706,conv2d_18,"(2, 0, 48, 61)",2
8707,conv2d_18,"(0, 0, 53, 33)",26
8708,conv2d_18,"(1, 2, 42, 19)",5
8709,conv2d_18,"(0, 0, 38, 54)",23
8710,conv2d_18,"(0, 2, 25, 23)",21
8711,conv2d_18,"(0, 2, 7, 62)",5
8712,conv2d_18,"(0, 2, 10, 45)",4
8713,conv2d_18,"(1, 0, 33, 15)",21
8714,conv2d_18,"(2, 1, 12, 22)",12
8715,conv2d_18,"(0, 1, 28, 47)",26
8716,conv2d_18,"(2, 0, 33, 56)",23
8717,conv2d_18,"(2, 1, 12, 34)",14
8718,conv2d_18,"(1, 1, 62, 43)",26
8719,conv2d_18,"(1, 1, 59, 18)",28
8720,conv2d_18,"(0, 0, 37, 9)",28
8721,conv2d_18,"(1, 1, 12, 34)",1
8722,conv2d_18,"(0, 1, 52, 3)",31
8723,conv2d_18,"(2, 1, 43, 63)",9
8724,conv2d_18,"(1, 2, 25, 23)",0
8725,conv2d_18,"(2, 0, 37, 9)",13
8726,conv2d_18,"(0, 0, 34, 5)",8
8727,conv2d_18,"(2, 1, 53, 20)",24
8728,conv2d_18,"(1, 1, 27, 59)",16
8729,conv2d_18,"(2, 1, 55, 61)",27
8730,conv2d_18,"(1, 0, 16, 56)",16
8731,conv2d_18,"(2, 2, 10, 18)",24
8732,conv2d_18,"(2, 2, 49, 11)",16
8733,conv2d_18,"(2, 0, 6, 62)",17
8734,conv2d_18,"(0, 2, 21, 1)",24
8735,conv2d_18,"(0, 0, 11, 19)",23
8736,conv2d_18,"(2, 0, 0, 9)",8
8737,conv2d_18,"(1, 2, 8, 49)",21
8738,conv2d_18,"(0, 0, 31, 18)",9
8739,conv2d_18,"(0, 0, 5, 24)",26
8740,conv2d_18,"(0, 1, 4, 28)",0
8741,conv2d_18,"(0, 1, 47, 1)",26
8742,conv2d_18,"(0, 0, 31, 4)",9
8743,conv2d_18,"(0, 2, 48, 51)",29
8744,conv2d_18,"(1, 0, 43, 5)",9
8745,conv2d_18,"(2, 1, 4, 23)",27
8746,conv2d_18,"(2, 1, 63, 43)",24
8747,conv2d_18,"(1, 0, 45, 23)",21
8748,conv2d_18,"(0, 1, 53, 47)",11
8749,conv2d_18,"(2, 0, 38, 3)",4
8750,conv2d_18,"(1, 2, 14, 48)",4
8751,conv2d_18,"(0, 0, 19, 51)",30
8752,conv2d_18,"(2, 2, 15, 37)",2
8753,conv2d_18,"(0, 0, 58, 2)",11
8754,conv2d_18,"(1, 0, 59, 53)",11
8755,conv2d_18,"(2, 1, 34, 45)",16
8756,conv2d_18,"(0, 2, 10, 17)",15
8757,conv2d_18,"(0, 1, 53, 43)",9
8758,conv2d_18,"(1, 1, 19, 6)",7
8759,conv2d_18,"(1, 2, 28, 60)",2
8760,conv2d_18,"(2, 2, 11, 47)",2
8761,conv2d_18,"(2, 2, 62, 19)",11
8762,conv2d_18,"(1, 2, 55, 60)",11
8763,conv2d_18,"(1, 2, 23, 21)",9
8764,conv2d_18,"(0, 1, 32, 7)",27
8765,conv2d_18,"(0, 1, 59, 35)",24
8766,conv2d_18,"(2, 1, 10, 9)",8
8767,conv2d_18,"(1, 1, 34, 6)",14
8768,conv2d_18,"(0, 0, 44, 7)",30
8769,conv2d_18,"(1, 1, 19, 57)",23
8770,conv2d_18,"(0, 1, 30, 10)",2
8771,conv2d_18,"(1, 2, 33, 53)",7
8772,conv2d_18,"(0, 2, 44, 55)",31
8773,conv2d_18,"(2, 1, 21, 8)",0
8774,conv2d_18,"(1, 2, 11, 5)",12
8775,conv2d_18,"(0, 1, 15, 36)",12
8776,conv2d_18,"(1, 2, 43, 62)",8
8777,conv2d_18,"(1, 1, 8, 32)",25
8778,conv2d_18,"(0, 0, 58, 1)",17
8779,conv2d_18,"(0, 1, 29, 54)",15
8780,conv2d_18,"(1, 0, 31, 20)",30
8781,conv2d_18,"(0, 2, 8, 14)",0
8782,conv2d_18,"(2, 2, 21, 21)",16
8783,conv2d_18,"(2, 2, 1, 38)",27
8784,conv2d_18,"(2, 0, 46, 48)",22
8785,conv2d_18,"(1, 2, 56, 51)",12
8786,conv2d_18,"(0, 0, 54, 37)",8
8787,conv2d_18,"(1, 0, 21, 8)",19
8788,conv2d_18,"(2, 2, 45, 5)",16
8789,conv2d_18,"(2, 1, 15, 52)",7
8790,conv2d_18,"(1, 2, 25, 36)",16
8791,conv2d_18,"(0, 2, 19, 22)",27
8792,conv2d_18,"(1, 1, 5, 21)",13
8793,conv2d_18,"(2, 2, 15, 17)",2
8794,conv2d_18,"(0, 1, 47, 54)",0
8795,conv2d_18,"(1, 0, 22, 23)",2
8796,conv2d_18,"(2, 0, 41, 49)",29
8797,conv2d_18,"(1, 2, 49, 21)",29
8798,conv2d_18,"(2, 2, 57, 59)",11
8799,conv2d_18,"(2, 2, 33, 48)",6
8800,conv2d_18,"(0, 0, 57, 41)",17
8801,conv2d_18,"(2, 1, 7, 21)",13
8802,conv2d_18,"(1, 1, 47, 60)",9
8803,conv2d_18,"(2, 1, 42, 40)",23
8804,conv2d_18,"(2, 2, 35, 54)",9
8805,conv2d_18,"(1, 2, 31, 43)",31
8806,conv2d_18,"(0, 0, 26, 42)",14
8807,conv2d_18,"(0, 0, 41, 53)",14
8808,conv2d_18,"(0, 1, 7, 15)",4
8809,conv2d_18,"(1, 2, 19, 39)",19
8810,conv2d_18,"(1, 1, 42, 59)",3
8811,conv2d_18,"(2, 1, 44, 2)",11
8812,conv2d_18,"(2, 1, 59, 19)",4
8813,conv2d_18,"(2, 0, 49, 53)",8
8814,conv2d_18,"(0, 1, 5, 46)",5
8815,conv2d_18,"(2, 0, 43, 46)",2
8816,conv2d_18,"(2, 0, 16, 35)",21
8817,conv2d_18,"(0, 1, 3, 6)",28
8818,conv2d_18,"(2, 2, 53, 14)",0
8819,conv2d_18,"(0, 2, 41, 53)",7
8820,conv2d_18,"(2, 1, 12, 36)",23
8821,conv2d_18,"(1, 1, 9, 31)",31
8822,conv2d_18,"(1, 2, 34, 18)",25
8823,conv2d_18,"(0, 0, 16, 45)",25
8824,conv2d_18,"(0, 2, 20, 7)",30
8825,conv2d_18,"(2, 1, 21, 40)",26
8826,conv2d_18,"(0, 1, 50, 31)",27
8827,conv2d_18,"(2, 1, 61, 7)",25
8828,conv2d_18,"(2, 1, 43, 14)",2
8829,conv2d_18,"(1, 2, 24, 39)",24
8830,conv2d_18,"(2, 1, 24, 40)",27
8831,conv2d_18,"(2, 1, 8, 59)",9
8832,conv2d_18,"(1, 1, 48, 41)",19
8833,conv2d_18,"(0, 1, 13, 13)",13
8834,conv2d_18,"(2, 1, 55, 35)",26
8835,conv2d_18,"(0, 1, 18, 12)",30
8836,conv2d_18,"(2, 2, 57, 29)",24
8837,conv2d_18,"(2, 1, 10, 49)",15
8838,conv2d_18,"(1, 2, 34, 13)",6
8839,conv2d_18,"(0, 2, 49, 47)",12
8840,conv2d_18,"(1, 1, 17, 48)",18
8841,conv2d_18,"(1, 1, 58, 62)",9
8842,conv2d_18,"(0, 0, 35, 11)",19
8843,conv2d_18,"(0, 2, 2, 43)",19
8844,conv2d_18,"(2, 1, 49, 39)",26
8845,conv2d_18,"(2, 2, 30, 43)",24
8846,conv2d_18,"(0, 0, 14, 38)",3
8847,conv2d_18,"(1, 0, 34, 3)",15
8848,conv2d_18,"(0, 0, 5, 19)",17
8849,conv2d_18,"(0, 2, 10, 21)",0
8850,conv2d_18,"(2, 1, 47, 40)",24
8851,conv2d_18,"(1, 0, 51, 35)",18
8852,conv2d_18,"(0, 0, 50, 54)",25
8853,conv2d_18,"(2, 2, 14, 12)",23
8854,conv2d_18,"(0, 2, 36, 5)",25
8855,conv2d_18,"(0, 2, 40, 10)",29
8856,conv2d_18,"(0, 2, 44, 13)",6
8857,conv2d_18,"(2, 2, 8, 19)",13
8858,conv2d_18,"(1, 1, 19, 23)",26
8859,conv2d_18,"(0, 2, 31, 37)",16
8860,conv2d_18,"(1, 2, 28, 17)",8
8861,conv2d_18,"(2, 1, 62, 27)",19
8862,conv2d_18,"(0, 2, 32, 54)",1
8863,conv2d_18,"(0, 2, 0, 18)",19
8864,conv2d_18,"(2, 2, 24, 62)",7
8865,conv2d_18,"(2, 1, 26, 16)",1
8866,conv2d_18,"(0, 1, 37, 44)",16
8867,conv2d_18,"(1, 2, 40, 23)",29
8868,conv2d_18,"(1, 2, 40, 33)",0
8869,conv2d_18,"(1, 2, 39, 14)",0
8870,conv2d_18,"(1, 0, 4, 0)",6
8871,conv2d_18,"(0, 2, 57, 27)",21
8872,conv2d_18,"(1, 1, 38, 62)",28
8873,conv2d_18,"(2, 0, 34, 15)",29
8874,conv2d_18,"(0, 1, 22, 19)",0
8875,conv2d_18,"(0, 0, 19, 15)",26
8876,conv2d_18,"(0, 0, 10, 37)",22
8877,conv2d_18,"(1, 2, 58, 63)",3
8878,conv2d_18,"(1, 2, 12, 42)",28
8879,conv2d_18,"(1, 0, 32, 56)",29
8880,conv2d_18,"(2, 0, 9, 56)",2
8881,conv2d_18,"(1, 2, 57, 41)",12
8882,conv2d_18,"(2, 2, 12, 41)",2
8883,conv2d_18,"(0, 1, 23, 35)",4
8884,conv2d_18,"(0, 1, 1, 60)",0
8885,conv2d_18,"(2, 1, 22, 44)",15
8886,conv2d_18,"(2, 1, 24, 56)",28
8887,conv2d_18,"(1, 0, 34, 39)",15
8888,conv2d_18,"(1, 1, 11, 62)",12
8889,conv2d_18,"(2, 1, 24, 61)",19
8890,conv2d_18,"(0, 2, 3, 32)",26
8891,conv2d_18,"(0, 1, 6, 63)",27
8892,conv2d_18,"(2, 2, 11, 16)",16
8893,conv2d_18,"(2, 2, 16, 51)",12
8894,conv2d_18,"(2, 2, 39, 16)",29
8895,conv2d_18,"(1, 2, 24, 17)",31
8896,conv2d_18,"(0, 1, 27, 29)",31
8897,conv2d_18,"(1, 2, 19, 50)",14
8898,conv2d_18,"(0, 1, 51, 3)",2
8899,conv2d_18,"(2, 1, 7, 42)",19
8900,conv2d_18,"(2, 1, 16, 12)",27
8901,conv2d_18,"(2, 1, 18, 35)",7
8902,conv2d_18,"(1, 1, 20, 32)",8
8903,conv2d_18,"(0, 0, 19, 63)",19
8904,conv2d_18,"(1, 0, 39, 36)",22
8905,conv2d_18,"(1, 1, 30, 39)",28
8906,conv2d_18,"(0, 1, 43, 38)",22
8907,conv2d_18,"(1, 2, 18, 10)",16
8908,conv2d_18,"(2, 0, 24, 23)",8
8909,conv2d_18,"(1, 0, 18, 52)",0
8910,conv2d_18,"(0, 2, 10, 60)",22
8911,conv2d_18,"(1, 0, 41, 25)",19
8912,conv2d_18,"(0, 0, 12, 20)",14
8913,conv2d_18,"(1, 2, 6, 39)",9
8914,conv2d_18,"(2, 1, 34, 23)",13
8915,conv2d_18,"(0, 1, 45, 15)",15
8916,conv2d_18,"(2, 0, 15, 14)",1
8917,conv2d_18,"(2, 1, 47, 19)",7
8918,conv2d_18,"(0, 0, 60, 59)",5
8919,conv2d_18,"(1, 0, 30, 16)",22
8920,conv2d_18,"(2, 1, 32, 60)",24
8921,conv2d_18,"(0, 1, 47, 20)",14
8922,conv2d_18,"(1, 2, 53, 29)",6
8923,conv2d_18,"(0, 1, 59, 34)",7
8924,conv2d_18,"(0, 1, 28, 34)",11
8925,conv2d_18,"(1, 1, 10, 35)",27
8926,conv2d_18,"(2, 2, 24, 36)",20
8927,conv2d_18,"(2, 1, 23, 62)",30
8928,conv2d_18,"(1, 0, 57, 2)",11
8929,conv2d_18,"(0, 0, 3, 62)",30
8930,conv2d_18,"(1, 2, 47, 15)",19
8931,conv2d_18,"(2, 2, 53, 3)",26
8932,conv2d_18,"(1, 2, 58, 56)",19
8933,conv2d_18,"(1, 0, 31, 32)",4
8934,conv2d_18,"(1, 0, 15, 33)",7
8935,conv2d_18,"(2, 1, 38, 26)",24
8936,conv2d_18,"(0, 1, 2, 24)",24
8937,conv2d_18,"(0, 2, 52, 7)",27
8938,conv2d_18,"(1, 0, 63, 32)",21
8939,conv2d_18,"(2, 2, 15, 52)",7
8940,conv2d_18,"(1, 1, 30, 24)",27
8941,conv2d_18,"(0, 0, 49, 17)",24
8942,conv2d_18,"(2, 0, 2, 60)",13
8943,conv2d_18,"(1, 2, 13, 23)",30
8944,conv2d_18,"(2, 1, 15, 61)",10
8945,conv2d_18,"(2, 2, 42, 31)",19
8946,conv2d_18,"(0, 1, 28, 8)",9
8947,conv2d_18,"(2, 0, 40, 6)",9
8948,conv2d_18,"(0, 0, 42, 46)",2
8949,conv2d_18,"(1, 2, 11, 43)",0
8950,conv2d_18,"(0, 2, 55, 15)",19
8951,conv2d_18,"(2, 2, 31, 39)",2
8952,conv2d_18,"(1, 2, 34, 44)",29
8953,conv2d_18,"(0, 0, 37, 13)",2
8954,conv2d_18,"(0, 0, 31, 26)",4
8955,conv2d_18,"(1, 0, 39, 18)",17
8956,conv2d_18,"(0, 0, 9, 28)",6
8957,conv2d_18,"(1, 1, 13, 54)",9
8958,conv2d_18,"(0, 1, 21, 52)",25
8959,conv2d_18,"(2, 2, 56, 20)",6
8960,conv2d_18,"(0, 1, 13, 62)",18
8961,conv2d_18,"(1, 0, 63, 56)",10
8962,conv2d_18,"(2, 0, 4, 48)",17
8963,conv2d_18,"(2, 2, 18, 1)",30
8964,conv2d_18,"(1, 2, 37, 31)",5
8965,conv2d_18,"(2, 1, 25, 3)",27
8966,conv2d_18,"(1, 1, 34, 3)",11
8967,conv2d_18,"(2, 0, 42, 19)",23
8968,conv2d_18,"(1, 0, 41, 56)",15
8969,conv2d_18,"(2, 0, 26, 16)",11
8970,conv2d_18,"(2, 2, 40, 28)",16
8971,conv2d_18,"(0, 2, 32, 20)",9
8972,conv2d_18,"(0, 0, 31, 47)",13
8973,conv2d_18,"(2, 2, 31, 59)",18
8974,conv2d_18,"(0, 1, 27, 27)",26
8975,conv2d_18,"(0, 2, 27, 11)",18
8976,conv2d_18,"(0, 0, 40, 55)",26
8977,conv2d_18,"(0, 0, 8, 32)",6
8978,conv2d_18,"(2, 1, 38, 9)",27
8979,conv2d_18,"(0, 0, 46, 63)",8
8980,conv2d_18,"(0, 1, 48, 0)",8
8981,conv2d_18,"(2, 1, 10, 57)",19
8982,conv2d_18,"(2, 0, 40, 52)",4
8983,conv2d_18,"(2, 0, 57, 17)",9
8984,conv2d_18,"(1, 2, 40, 17)",4
8985,conv2d_18,"(1, 2, 34, 33)",5
8986,conv2d_18,"(2, 2, 61, 9)",19
8987,conv2d_18,"(2, 1, 27, 14)",8
8988,conv2d_18,"(1, 1, 5, 0)",16
8989,conv2d_18,"(0, 0, 35, 3)",15
8990,conv2d_18,"(1, 1, 62, 59)",21
8991,conv2d_18,"(0, 2, 19, 15)",17
8992,conv2d_18,"(0, 2, 14, 5)",18
8993,conv2d_18,"(2, 2, 3, 61)",28
8994,conv2d_18,"(2, 2, 52, 42)",24
8995,conv2d_18,"(0, 0, 42, 51)",0
8996,conv2d_18,"(1, 0, 5, 10)",15
8997,conv2d_18,"(2, 1, 46, 56)",6
8998,conv2d_18,"(0, 0, 18, 24)",18
8999,conv2d_18,"(1, 2, 22, 19)",20
9000,conv2d_18,"(1, 2, 3, 6)",15
9001,conv2d_18,"(1, 1, 25, 23)",12
9002,conv2d_18,"(1, 0, 25, 62)",15
9003,conv2d_18,"(0, 0, 21, 13)",6
9004,conv2d_18,"(1, 0, 18, 20)",1
9005,conv2d_18,"(1, 0, 39, 37)",23
9006,conv2d_18,"(2, 1, 37, 3)",21
9007,conv2d_18,"(0, 0, 23, 8)",9
9008,conv2d_18,"(1, 1, 62, 62)",15
9009,conv2d_18,"(0, 1, 55, 62)",23
9010,conv2d_18,"(1, 1, 25, 12)",29
9011,conv2d_18,"(0, 1, 10, 19)",27
9012,conv2d_18,"(0, 0, 34, 39)",30
9013,conv2d_18,"(1, 1, 41, 41)",14
9014,conv2d_18,"(0, 0, 26, 23)",10
9015,conv2d_18,"(0, 1, 17, 60)",7
9016,conv2d_18,"(1, 2, 25, 16)",24
9017,conv2d_18,"(2, 0, 24, 11)",10
9018,conv2d_18,"(0, 1, 36, 30)",8
9019,conv2d_18,"(2, 1, 30, 63)",20
9020,conv2d_18,"(2, 2, 62, 56)",14
9021,conv2d_18,"(1, 1, 4, 11)",17
9022,conv2d_18,"(1, 1, 63, 12)",20
9023,conv2d_18,"(1, 1, 12, 29)",25
9024,conv2d_18,"(2, 2, 42, 39)",13
9025,conv2d_18,"(2, 2, 57, 24)",4
9026,conv2d_18,"(1, 0, 29, 36)",31
9027,conv2d_18,"(2, 0, 35, 61)",7
9028,conv2d_18,"(1, 2, 53, 36)",30
9029,conv2d_18,"(2, 2, 8, 60)",5
9030,conv2d_18,"(2, 2, 58, 42)",20
9031,conv2d_18,"(0, 2, 15, 24)",30
9032,conv2d_18,"(0, 1, 18, 57)",22
9033,conv2d_18,"(0, 1, 43, 58)",17
9034,conv2d_18,"(2, 2, 10, 42)",10
9035,conv2d_18,"(1, 0, 24, 11)",10
9036,conv2d_18,"(1, 1, 20, 51)",6
9037,conv2d_18,"(1, 0, 31, 53)",15
9038,conv2d_18,"(1, 0, 7, 37)",10
9039,conv2d_18,"(1, 1, 26, 2)",22
9040,conv2d_18,"(0, 2, 29, 25)",1
9041,conv2d_18,"(0, 2, 41, 49)",21
9042,conv2d_18,"(2, 1, 55, 53)",19
9043,conv2d_18,"(0, 2, 59, 0)",1
9044,conv2d_18,"(1, 0, 61, 15)",14
9045,conv2d_18,"(1, 0, 42, 43)",8
9046,conv2d_18,"(2, 2, 33, 53)",13
9047,conv2d_18,"(0, 1, 25, 37)",22
9048,conv2d_18,"(2, 1, 51, 28)",9
9049,conv2d_18,"(2, 1, 45, 26)",3
9050,conv2d_18,"(1, 0, 43, 15)",1
9051,conv2d_18,"(2, 0, 7, 0)",20
9052,conv2d_18,"(2, 0, 58, 46)",19
9053,conv2d_18,"(2, 0, 52, 34)",26
9054,conv2d_18,"(1, 2, 16, 13)",11
9055,conv2d_18,"(0, 1, 1, 33)",6
9056,conv2d_18,"(1, 2, 55, 13)",9
9057,conv2d_18,"(1, 0, 61, 4)",4
9058,conv2d_18,"(2, 0, 52, 62)",13
9059,conv2d_18,"(0, 1, 15, 31)",6
9060,conv2d_18,"(1, 0, 27, 24)",14
9061,conv2d_18,"(0, 2, 20, 42)",14
9062,conv2d_18,"(1, 1, 5, 52)",0
9063,conv2d_18,"(1, 1, 43, 5)",17
9064,conv2d_18,"(0, 1, 62, 50)",14
9065,conv2d_18,"(1, 2, 10, 53)",15
9066,conv2d_18,"(0, 1, 36, 22)",1
9067,conv2d_18,"(1, 1, 27, 45)",22
9068,conv2d_18,"(1, 0, 50, 19)",16
9069,conv2d_18,"(1, 2, 13, 9)",1
9070,conv2d_18,"(1, 2, 22, 41)",30
9071,conv2d_18,"(0, 2, 38, 35)",13
9072,conv2d_18,"(2, 2, 46, 8)",25
9073,conv2d_18,"(1, 1, 16, 30)",3
9074,conv2d_18,"(0, 1, 32, 17)",28
9075,conv2d_18,"(0, 2, 6, 15)",17
9076,conv2d_18,"(2, 1, 17, 2)",18
9077,conv2d_18,"(1, 1, 23, 17)",1
9078,conv2d_18,"(2, 1, 50, 27)",29
9079,conv2d_18,"(0, 2, 38, 13)",30
9080,conv2d_18,"(1, 0, 26, 44)",4
9081,conv2d_18,"(1, 0, 51, 11)",27
9082,conv2d_18,"(1, 0, 53, 43)",23
9083,conv2d_18,"(0, 0, 6, 17)",22
9084,conv2d_18,"(0, 0, 37, 42)",29
9085,conv2d_18,"(1, 1, 33, 26)",11
9086,conv2d_18,"(2, 1, 53, 45)",29
9087,conv2d_18,"(2, 0, 46, 30)",1
9088,conv2d_18,"(2, 2, 18, 51)",21
9089,conv2d_18,"(0, 2, 15, 47)",31
9090,conv2d_18,"(0, 1, 37, 25)",17
9091,conv2d_18,"(2, 1, 39, 60)",19
9092,conv2d_18,"(0, 0, 34, 13)",12
9093,conv2d_18,"(2, 0, 59, 54)",17
9094,conv2d_18,"(0, 2, 46, 35)",4
9095,conv2d_18,"(2, 2, 60, 51)",11
9096,conv2d_18,"(2, 0, 48, 18)",25
9097,conv2d_18,"(0, 2, 32, 27)",23
9098,conv2d_18,"(1, 0, 6, 16)",20
9099,conv2d_18,"(1, 2, 19, 20)",26
9100,conv2d_18,"(2, 2, 10, 5)",27
9101,conv2d_18,"(0, 0, 27, 34)",9
9102,conv2d_18,"(2, 1, 62, 5)",15
9103,conv2d_18,"(1, 2, 27, 26)",26
9104,conv2d_18,"(2, 1, 44, 21)",14
9105,conv2d_18,"(0, 1, 14, 23)",23
9106,conv2d_18,"(1, 0, 43, 42)",10
9107,conv2d_18,"(1, 0, 18, 37)",4
9108,conv2d_18,"(2, 2, 25, 38)",1
9109,conv2d_18,"(2, 0, 53, 24)",17
9110,conv2d_18,"(2, 0, 47, 9)",14
9111,conv2d_18,"(1, 2, 12, 32)",10
9112,conv2d_18,"(2, 0, 49, 2)",6
9113,conv2d_18,"(0, 0, 29, 12)",13
9114,conv2d_18,"(1, 2, 47, 42)",17
9115,conv2d_18,"(1, 1, 13, 51)",29
9116,conv2d_18,"(2, 1, 49, 14)",24
9117,conv2d_18,"(1, 2, 6, 49)",30
9118,conv2d_18,"(1, 0, 22, 18)",7
9119,conv2d_18,"(1, 2, 21, 3)",16
9120,conv2d_18,"(0, 0, 25, 61)",18
9121,conv2d_18,"(1, 0, 11, 51)",15
9122,conv2d_18,"(0, 2, 62, 33)",11
9123,conv2d_18,"(1, 1, 47, 10)",2
9124,conv2d_18,"(1, 2, 36, 29)",28
9125,conv2d_18,"(0, 2, 38, 54)",6
9126,conv2d_18,"(0, 1, 35, 17)",25
9127,conv2d_18,"(2, 0, 45, 34)",1
9128,conv2d_18,"(2, 2, 59, 61)",4
9129,conv2d_18,"(1, 1, 56, 18)",6
9130,conv2d_18,"(1, 2, 54, 4)",8
9131,conv2d_18,"(2, 1, 28, 10)",19
9132,conv2d_18,"(0, 1, 59, 49)",16
9133,conv2d_18,"(1, 0, 8, 60)",27
9134,conv2d_18,"(1, 2, 32, 8)",8
9135,conv2d_18,"(0, 1, 56, 37)",1
9136,conv2d_18,"(2, 0, 34, 46)",4
9137,conv2d_18,"(0, 0, 2, 4)",28
9138,conv2d_18,"(0, 2, 35, 20)",27
9139,conv2d_18,"(1, 0, 38, 13)",26
9140,conv2d_18,"(0, 0, 0, 2)",18
9141,conv2d_18,"(0, 1, 41, 61)",25
9142,conv2d_18,"(1, 0, 2, 28)",20
9143,conv2d_18,"(2, 0, 24, 24)",2
9144,conv2d_18,"(1, 0, 51, 3)",12
9145,conv2d_18,"(0, 0, 12, 52)",30
9146,conv2d_18,"(0, 2, 38, 19)",4
9147,conv2d_18,"(1, 1, 53, 52)",28
9148,conv2d_18,"(0, 1, 0, 48)",29
9149,conv2d_18,"(1, 0, 46, 52)",20
9150,conv2d_18,"(1, 1, 23, 25)",17
9151,conv2d_18,"(1, 1, 18, 29)",15
9152,conv2d_18,"(0, 1, 19, 22)",11
9153,conv2d_18,"(0, 2, 58, 20)",23
9154,conv2d_18,"(1, 1, 55, 52)",2
9155,conv2d_18,"(1, 1, 62, 27)",10
9156,conv2d_18,"(0, 0, 6, 28)",8
9157,conv2d_18,"(0, 1, 54, 0)",30
9158,conv2d_18,"(1, 1, 40, 20)",26
9159,conv2d_18,"(2, 2, 14, 59)",17
9160,conv2d_18,"(1, 0, 23, 61)",12
9161,conv2d_18,"(1, 0, 47, 3)",19
9162,conv2d_18,"(1, 2, 14, 2)",24
9163,conv2d_18,"(1, 2, 7, 29)",6
9164,conv2d_18,"(1, 2, 38, 33)",2
9165,conv2d_18,"(2, 2, 50, 24)",7
9166,conv2d_18,"(1, 2, 61, 15)",5
9167,conv2d_18,"(2, 1, 34, 0)",6
9168,conv2d_18,"(2, 0, 30, 18)",13
9169,conv2d_18,"(2, 2, 20, 36)",8
9170,conv2d_18,"(0, 1, 41, 62)",30
9171,conv2d_18,"(1, 1, 53, 43)",27
9172,conv2d_18,"(2, 0, 15, 20)",5
9173,conv2d_18,"(1, 1, 14, 42)",14
9174,conv2d_18,"(2, 0, 14, 6)",8
9175,conv2d_18,"(2, 0, 17, 53)",30
9176,conv2d_18,"(1, 1, 32, 43)",12
9177,conv2d_18,"(1, 0, 60, 26)",14
9178,conv2d_18,"(0, 0, 30, 34)",4
9179,conv2d_18,"(1, 1, 48, 54)",23
9180,conv2d_18,"(0, 2, 38, 22)",22
9181,conv2d_18,"(0, 0, 45, 39)",6
9182,conv2d_18,"(1, 0, 3, 29)",14
9183,conv2d_18,"(2, 2, 31, 13)",19
9184,conv2d_18,"(2, 1, 35, 41)",27
9185,conv2d_18,"(0, 0, 33, 54)",3
9186,conv2d_18,"(0, 1, 42, 1)",3
9187,conv2d_18,"(0, 2, 33, 31)",23
9188,conv2d_18,"(2, 1, 22, 40)",30
9189,conv2d_18,"(1, 1, 11, 8)",4
9190,conv2d_18,"(0, 0, 38, 0)",26
9191,conv2d_18,"(2, 0, 61, 59)",31
9192,conv2d_18,"(2, 2, 54, 37)",3
9193,conv2d_18,"(0, 2, 28, 43)",19
9194,conv2d_18,"(2, 0, 60, 16)",8
9195,conv2d_18,"(1, 0, 62, 5)",9
9196,conv2d_18,"(1, 2, 63, 44)",9
9197,conv2d_18,"(1, 2, 2, 25)",28
9198,conv2d_18,"(1, 0, 47, 55)",1
9199,conv2d_18,"(1, 1, 26, 59)",18
9200,conv2d_18,"(1, 0, 15, 53)",26
9201,conv2d_18,"(1, 0, 30, 26)",3
9202,conv2d_18,"(0, 0, 45, 58)",7
9203,conv2d_18,"(2, 1, 6, 61)",16
9204,conv2d_18,"(0, 0, 61, 10)",19
9205,conv2d_18,"(0, 2, 46, 19)",8
9206,conv2d_18,"(0, 1, 44, 55)",23
9207,conv2d_18,"(0, 1, 2, 27)",23
9208,conv2d_18,"(0, 0, 62, 44)",16
9209,conv2d_18,"(0, 1, 54, 57)",27
9210,conv2d_18,"(2, 1, 15, 8)",21
9211,conv2d_18,"(2, 1, 2, 10)",0
9212,conv2d_18,"(0, 2, 33, 32)",24
9213,conv2d_18,"(1, 0, 44, 32)",9
9214,conv2d_18,"(0, 0, 55, 38)",14
9215,conv2d_18,"(2, 2, 58, 53)",2
9216,conv2d_18,"(2, 2, 16, 37)",2
9217,conv2d_18,"(2, 0, 16, 12)",0
9218,conv2d_18,"(2, 2, 32, 46)",1
9219,conv2d_18,"(1, 0, 43, 19)",9
9220,conv2d_18,"(2, 2, 42, 43)",0
9221,conv2d_18,"(0, 2, 33, 58)",21
9222,conv2d_18,"(1, 0, 55, 26)",16
9223,conv2d_18,"(2, 2, 60, 28)",10
9224,conv2d_18,"(1, 1, 60, 16)",2
9225,conv2d_18,"(2, 1, 3, 51)",25
9226,conv2d_18,"(0, 1, 60, 25)",16
9227,conv2d_18,"(2, 1, 7, 30)",24
9228,conv2d_18,"(0, 2, 57, 6)",29
9229,conv2d_18,"(1, 0, 57, 30)",14
9230,conv2d_18,"(2, 0, 21, 54)",27
9231,conv2d_18,"(1, 1, 41, 20)",30
9232,conv2d_18,"(0, 1, 38, 6)",27
9233,conv2d_18,"(0, 1, 45, 39)",12
9234,conv2d_18,"(1, 2, 56, 32)",13
9235,conv2d_18,"(1, 1, 22, 4)",8
9236,conv2d_18,"(0, 1, 23, 11)",24
9237,conv2d_18,"(2, 1, 20, 30)",12
9238,conv2d_18,"(0, 1, 4, 39)",5
9239,conv2d_18,"(0, 0, 11, 43)",18
9240,conv2d_18,"(0, 1, 36, 11)",5
9241,conv2d_18,"(1, 0, 59, 46)",29
9242,conv2d_18,"(0, 2, 51, 1)",2
9243,conv2d_18,"(2, 2, 26, 63)",18
9244,conv2d_18,"(2, 1, 5, 20)",8
9245,conv2d_18,"(2, 2, 19, 32)",19
9246,conv2d_18,"(1, 1, 59, 8)",2
9247,conv2d_18,"(1, 0, 49, 7)",7
9248,conv2d_18,"(2, 1, 50, 37)",3
9249,conv2d_18,"(0, 2, 63, 28)",7
9250,conv2d_18,"(1, 0, 7, 34)",2
9251,conv2d_18,"(2, 1, 62, 49)",19
9252,conv2d_18,"(1, 2, 48, 12)",31
9253,conv2d_18,"(1, 2, 47, 48)",10
9254,conv2d_18,"(0, 1, 60, 38)",20
9255,conv2d_18,"(0, 2, 23, 7)",6
9256,conv2d_18,"(1, 2, 5, 45)",3
9257,conv2d_18,"(0, 1, 50, 58)",20
9258,conv2d_18,"(0, 0, 29, 24)",8
9259,conv2d_18,"(1, 2, 54, 34)",22
9260,conv2d_18,"(2, 0, 48, 19)",29
9261,conv2d_18,"(1, 1, 57, 15)",24
9262,conv2d_18,"(0, 1, 61, 40)",2
9263,conv2d_18,"(1, 0, 2, 59)",2
9264,conv2d_18,"(1, 0, 20, 14)",8
9265,conv2d_18,"(0, 1, 31, 47)",5
9266,conv2d_18,"(1, 2, 1, 7)",3
9267,conv2d_18,"(2, 1, 49, 48)",23
9268,conv2d_18,"(2, 1, 22, 14)",25
9269,conv2d_18,"(1, 2, 54, 62)",26
9270,conv2d_18,"(1, 0, 48, 61)",23
9271,conv2d_18,"(2, 2, 62, 50)",19
9272,conv2d_18,"(2, 1, 22, 42)",24
9273,conv2d_18,"(1, 1, 43, 55)",6
9274,conv2d_18,"(1, 2, 8, 36)",2
9275,conv2d_18,"(1, 1, 23, 28)",27
9276,conv2d_18,"(0, 0, 52, 23)",10
9277,conv2d_18,"(0, 2, 39, 47)",21
9278,conv2d_18,"(0, 2, 40, 59)",4
9279,conv2d_18,"(2, 2, 59, 47)",20
9280,conv2d_18,"(2, 1, 10, 54)",29
9281,conv2d_18,"(2, 0, 32, 33)",16
9282,conv2d_18,"(0, 1, 34, 6)",1
9283,conv2d_18,"(1, 2, 24, 57)",4
9284,conv2d_18,"(2, 1, 63, 63)",1
9285,conv2d_18,"(2, 2, 63, 63)",21
9286,conv2d_18,"(0, 0, 61, 49)",16
9287,conv2d_18,"(1, 0, 11, 36)",18
9288,conv2d_18,"(2, 2, 35, 19)",14
9289,conv2d_18,"(1, 1, 17, 25)",20
9290,conv2d_18,"(0, 1, 2, 47)",21
9291,conv2d_18,"(2, 0, 54, 53)",9
9292,conv2d_18,"(2, 1, 42, 36)",14
9293,conv2d_18,"(1, 0, 6, 38)",31
9294,conv2d_18,"(1, 1, 58, 45)",13
9295,conv2d_18,"(2, 0, 58, 61)",18
9296,conv2d_18,"(1, 1, 35, 0)",12
9297,conv2d_18,"(2, 1, 36, 39)",15
9298,conv2d_18,"(2, 0, 53, 27)",7
9299,conv2d_18,"(2, 0, 62, 50)",7
9300,conv2d_18,"(2, 1, 31, 30)",19
9301,conv2d_18,"(1, 0, 53, 24)",27
9302,conv2d_18,"(2, 1, 47, 20)",0
9303,conv2d_18,"(1, 2, 2, 11)",27
9304,conv2d_18,"(1, 1, 4, 39)",3
9305,conv2d_18,"(2, 2, 47, 38)",21
9306,conv2d_18,"(2, 1, 43, 2)",7
9307,conv2d_18,"(2, 0, 60, 9)",15
9308,conv2d_18,"(0, 0, 53, 58)",21
9309,conv2d_18,"(2, 0, 56, 55)",23
9310,conv2d_18,"(1, 1, 11, 13)",8
9311,conv2d_18,"(1, 1, 55, 14)",5
9312,conv2d_18,"(1, 0, 2, 52)",17
9313,conv2d_18,"(0, 0, 17, 31)",30
9314,conv2d_18,"(2, 0, 17, 20)",6
9315,conv2d_18,"(2, 2, 14, 19)",3
9316,conv2d_18,"(1, 2, 23, 16)",11
9317,conv2d_18,"(2, 1, 49, 55)",7
9318,conv2d_18,"(0, 0, 26, 5)",13
9319,conv2d_18,"(2, 1, 11, 47)",20
9320,conv2d_18,"(1, 1, 60, 34)",21
9321,conv2d_18,"(2, 1, 48, 60)",24
9322,conv2d_18,"(2, 1, 48, 21)",10
9323,conv2d_18,"(1, 0, 31, 23)",19
9324,conv2d_18,"(2, 0, 21, 52)",25
9325,conv2d_18,"(2, 2, 9, 10)",22
9326,conv2d_18,"(1, 0, 42, 39)",10
9327,conv2d_18,"(2, 2, 33, 23)",22
9328,conv2d_18,"(2, 0, 31, 39)",8
9329,conv2d_18,"(1, 1, 44, 39)",16
9330,conv2d_18,"(2, 2, 43, 14)",25
9331,conv2d_18,"(0, 1, 46, 49)",26
9332,conv2d_18,"(0, 2, 30, 54)",19
9333,conv2d_18,"(0, 2, 13, 8)",19
9334,conv2d_18,"(0, 0, 19, 40)",8
9335,conv2d_18,"(1, 2, 9, 8)",25
9336,conv2d_18,"(1, 2, 16, 23)",20
9337,conv2d_18,"(1, 1, 43, 2)",3
9338,conv2d_18,"(0, 2, 36, 51)",15
9339,conv2d_18,"(1, 0, 48, 59)",0
9340,conv2d_18,"(2, 2, 17, 14)",7
9341,conv2d_18,"(1, 1, 61, 31)",27
9342,conv2d_18,"(0, 0, 21, 2)",6
9343,conv2d_18,"(1, 1, 45, 34)",3
9344,conv2d_18,"(1, 1, 48, 30)",1
9345,conv2d_18,"(2, 2, 30, 4)",31
9346,conv2d_18,"(2, 1, 16, 3)",29
9347,conv2d_18,"(0, 2, 52, 35)",10
9348,conv2d_18,"(2, 1, 45, 51)",13
9349,conv2d_18,"(1, 0, 33, 17)",13
9350,conv2d_18,"(0, 1, 40, 49)",12
9351,conv2d_18,"(1, 2, 5, 55)",5
9352,conv2d_18,"(2, 2, 31, 18)",30
9353,conv2d_18,"(1, 2, 48, 8)",8
9354,conv2d_18,"(0, 1, 17, 2)",2
9355,conv2d_18,"(0, 0, 36, 29)",0
9356,conv2d_18,"(0, 2, 16, 6)",12
9357,conv2d_18,"(1, 0, 31, 38)",17
9358,conv2d_18,"(0, 0, 60, 15)",25
9359,conv2d_18,"(2, 0, 58, 53)",28
9360,conv2d_18,"(1, 2, 17, 60)",12
9361,conv2d_18,"(1, 1, 41, 56)",18
9362,conv2d_18,"(0, 0, 45, 7)",4
9363,conv2d_18,"(2, 0, 24, 22)",11
9364,conv2d_18,"(2, 0, 31, 20)",17
9365,conv2d_18,"(0, 0, 42, 34)",22
9366,conv2d_18,"(0, 2, 62, 47)",15
9367,conv2d_18,"(0, 1, 61, 7)",14
9368,conv2d_18,"(0, 2, 25, 43)",16
9369,conv2d_18,"(0, 1, 23, 10)",13
9370,conv2d_18,"(2, 0, 27, 10)",21
9371,conv2d_18,"(1, 2, 47, 29)",7
9372,conv2d_18,"(2, 2, 31, 52)",0
9373,conv2d_18,"(0, 2, 62, 56)",16
9374,conv2d_18,"(0, 1, 32, 42)",22
9375,conv2d_18,"(2, 1, 4, 25)",4
9376,conv2d_18,"(1, 2, 25, 24)",13
9377,conv2d_18,"(1, 0, 28, 62)",24
9378,conv2d_18,"(2, 2, 20, 29)",24
9379,conv2d_18,"(0, 2, 6, 14)",27
9380,conv2d_18,"(1, 0, 14, 7)",13
9381,conv2d_18,"(1, 0, 40, 12)",4
9382,conv2d_18,"(1, 2, 4, 28)",9
9383,conv2d_18,"(1, 2, 47, 55)",15
9384,conv2d_18,"(0, 2, 32, 10)",13
9385,conv2d_18,"(1, 2, 30, 13)",0
9386,conv2d_18,"(2, 0, 29, 8)",29
9387,conv2d_18,"(2, 2, 27, 34)",28
9388,conv2d_18,"(1, 0, 41, 6)",7
9389,conv2d_18,"(2, 1, 34, 29)",19
9390,conv2d_18,"(0, 2, 22, 39)",19
9391,conv2d_18,"(0, 1, 44, 4)",9
9392,conv2d_18,"(0, 2, 34, 39)",8
9393,conv2d_18,"(1, 1, 33, 63)",1
9394,conv2d_18,"(0, 0, 3, 15)",28
9395,conv2d_18,"(0, 2, 58, 28)",17
9396,conv2d_18,"(2, 0, 59, 57)",4
9397,conv2d_18,"(2, 0, 28, 57)",29
9398,conv2d_18,"(2, 0, 34, 36)",4
9399,conv2d_18,"(2, 1, 33, 24)",5
9400,conv2d_18,"(2, 1, 40, 3)",10
9401,conv2d_18,"(1, 0, 5, 27)",6
9402,conv2d_18,"(1, 2, 26, 32)",11
9403,conv2d_18,"(1, 0, 26, 42)",17
9404,conv2d_18,"(2, 2, 36, 15)",28
9405,conv2d_18,"(2, 1, 23, 15)",20
9406,conv2d_18,"(0, 1, 25, 16)",25
9407,conv2d_18,"(0, 1, 11, 60)",5
9408,conv2d_18,"(1, 1, 30, 10)",26
9409,conv2d_18,"(2, 0, 33, 57)",7
9410,conv2d_18,"(1, 1, 37, 44)",27
9411,conv2d_18,"(2, 0, 4, 50)",27
9412,conv2d_18,"(0, 0, 33, 16)",20
9413,conv2d_18,"(0, 2, 15, 38)",29
9414,conv2d_18,"(0, 2, 57, 43)",13
9415,conv2d_18,"(1, 2, 19, 46)",24
9416,conv2d_18,"(2, 1, 55, 11)",5
9417,conv2d_18,"(2, 0, 20, 30)",21
9418,conv2d_18,"(0, 0, 33, 34)",9
9419,conv2d_18,"(1, 1, 45, 14)",20
9420,conv2d_18,"(2, 2, 39, 44)",28
9421,conv2d_18,"(1, 0, 33, 27)",31
9422,conv2d_18,"(1, 0, 59, 34)",16
9423,conv2d_18,"(0, 1, 1, 46)",8
9424,conv2d_18,"(0, 0, 4, 63)",3
9425,conv2d_18,"(0, 0, 33, 15)",29
9426,conv2d_18,"(0, 0, 35, 18)",3
9427,conv2d_18,"(2, 0, 30, 48)",19
9428,conv2d_18,"(1, 1, 34, 21)",6
9429,conv2d_18,"(0, 2, 34, 21)",22
9430,conv2d_18,"(2, 1, 31, 51)",29
9431,conv2d_18,"(1, 0, 29, 39)",19
9432,conv2d_18,"(2, 0, 44, 40)",19
9433,conv2d_18,"(2, 0, 58, 15)",23
9434,conv2d_18,"(2, 1, 16, 1)",15
9435,conv2d_18,"(0, 1, 7, 14)",24
9436,conv2d_18,"(0, 0, 24, 3)",3
9437,conv2d_18,"(0, 1, 24, 63)",10
9438,conv2d_18,"(1, 0, 12, 55)",2
9439,conv2d_18,"(2, 0, 62, 48)",10
9440,conv2d_18,"(0, 1, 31, 51)",9
9441,conv2d_18,"(1, 0, 39, 39)",18
9442,conv2d_18,"(2, 2, 62, 4)",21
9443,conv2d_18,"(1, 2, 33, 45)",27
9444,conv2d_18,"(2, 0, 9, 8)",24
9445,conv2d_18,"(2, 2, 26, 29)",23
9446,conv2d_18,"(2, 0, 45, 38)",7
9447,conv2d_18,"(1, 2, 63, 23)",28
9448,conv2d_18,"(0, 2, 28, 57)",9
9449,conv2d_18,"(1, 0, 8, 45)",27
9450,conv2d_18,"(2, 1, 1, 51)",28
9451,conv2d_18,"(1, 0, 17, 5)",30
9452,conv2d_18,"(0, 2, 23, 34)",13
9453,conv2d_18,"(0, 0, 2, 53)",20
9454,conv2d_18,"(1, 1, 23, 5)",22
9455,conv2d_18,"(0, 1, 9, 9)",26
9456,conv2d_18,"(2, 0, 20, 26)",27
9457,conv2d_18,"(2, 1, 9, 14)",3
9458,conv2d_18,"(0, 1, 52, 54)",3
9459,conv2d_18,"(0, 2, 39, 18)",10
9460,conv2d_18,"(1, 0, 13, 30)",12
9461,conv2d_18,"(1, 2, 47, 24)",2
9462,conv2d_18,"(2, 0, 59, 50)",26
9463,conv2d_18,"(1, 1, 27, 54)",13
9464,conv2d_18,"(2, 1, 31, 60)",7
9465,conv2d_18,"(1, 0, 29, 41)",30
9466,conv2d_18,"(2, 2, 31, 14)",26
9467,conv2d_18,"(2, 2, 19, 15)",2
9468,conv2d_18,"(2, 0, 47, 26)",13
9469,conv2d_18,"(1, 2, 37, 19)",25
9470,conv2d_18,"(2, 0, 32, 46)",17
9471,conv2d_18,"(1, 0, 42, 4)",26
9472,conv2d_18,"(2, 2, 46, 52)",30
9473,conv2d_18,"(0, 0, 16, 5)",0
9474,conv2d_18,"(2, 0, 58, 31)",13
9475,conv2d_18,"(0, 2, 18, 24)",25
9476,conv2d_18,"(2, 0, 16, 56)",18
9477,conv2d_18,"(0, 0, 21, 49)",6
9478,conv2d_18,"(2, 0, 26, 26)",5
9479,conv2d_18,"(1, 1, 50, 35)",19
9480,conv2d_18,"(2, 0, 52, 12)",20
9481,conv2d_18,"(0, 0, 42, 12)",11
9482,conv2d_18,"(2, 1, 33, 48)",0
9483,conv2d_18,"(0, 0, 43, 32)",4
9484,conv2d_18,"(0, 0, 49, 3)",20
9485,conv2d_18,"(0, 2, 53, 5)",7
9486,conv2d_18,"(1, 1, 23, 46)",22
9487,conv2d_18,"(0, 1, 60, 13)",4
9488,conv2d_18,"(0, 2, 2, 35)",29
9489,conv2d_18,"(1, 1, 55, 62)",21
9490,conv2d_18,"(0, 2, 39, 15)",19
9491,conv2d_18,"(0, 1, 3, 23)",6
9492,conv2d_18,"(2, 0, 21, 39)",20
9493,conv2d_18,"(0, 0, 60, 55)",2
9494,conv2d_18,"(0, 0, 23, 34)",15
9495,conv2d_18,"(0, 0, 10, 36)",13
9496,conv2d_18,"(1, 0, 45, 57)",8
9497,conv2d_18,"(1, 1, 26, 38)",9
9498,conv2d_18,"(2, 1, 17, 61)",20
9499,conv2d_18,"(2, 2, 10, 56)",25
9500,conv2d_18,"(2, 2, 7, 51)",10
9501,conv2d_18,"(2, 2, 2, 39)",21
9502,conv2d_18,"(0, 1, 9, 17)",4
9503,conv2d_18,"(0, 0, 41, 58)",13
9504,conv2d_18,"(0, 1, 4, 49)",1
9505,conv2d_18,"(1, 1, 45, 49)",1
9506,conv2d_18,"(1, 2, 27, 14)",19
9507,conv2d_18,"(0, 0, 38, 23)",10
9508,conv2d_18,"(0, 1, 38, 9)",16
9509,conv2d_18,"(0, 2, 7, 2)",2
9510,conv2d_18,"(1, 2, 52, 49)",24
9511,conv2d_18,"(1, 2, 34, 30)",18
9512,conv2d_18,"(2, 0, 1, 37)",1
9513,conv2d_18,"(2, 1, 7, 53)",14
9514,conv2d_18,"(2, 2, 41, 20)",2
9515,conv2d_18,"(2, 2, 38, 54)",19
9516,conv2d_18,"(0, 0, 29, 46)",10
9517,conv2d_18,"(0, 1, 48, 41)",24
9518,conv2d_18,"(2, 0, 31, 41)",8
9519,conv2d_18,"(0, 2, 23, 29)",25
9520,conv2d_18,"(0, 0, 36, 22)",21
9521,conv2d_18,"(0, 2, 46, 15)",14
9522,conv2d_18,"(2, 0, 59, 39)",19
9523,conv2d_18,"(2, 2, 36, 16)",13
9524,conv2d_18,"(2, 2, 6, 62)",20
9525,conv2d_18,"(0, 0, 18, 47)",11
9526,conv2d_18,"(2, 0, 31, 30)",16
9527,conv2d_18,"(1, 0, 32, 46)",24
9528,conv2d_18,"(2, 2, 21, 46)",25
9529,conv2d_18,"(1, 0, 22, 29)",19
9530,conv2d_18,"(0, 1, 45, 12)",29
9531,conv2d_18,"(0, 2, 21, 12)",7
9532,conv2d_18,"(2, 1, 23, 58)",24
9533,conv2d_18,"(0, 1, 11, 62)",30
9534,conv2d_18,"(2, 0, 6, 45)",29
9535,conv2d_18,"(0, 0, 46, 39)",5
9536,conv2d_18,"(0, 2, 37, 53)",29
9537,conv2d_18,"(1, 2, 15, 38)",27
9538,conv2d_18,"(2, 0, 35, 24)",12
9539,conv2d_18,"(0, 1, 27, 59)",24
9540,conv2d_18,"(0, 2, 20, 62)",1
9541,conv2d_18,"(1, 2, 26, 38)",22
9542,conv2d_18,"(0, 0, 53, 4)",10
9543,conv2d_18,"(2, 0, 49, 37)",13
9544,conv2d_18,"(2, 2, 5, 45)",29
9545,conv2d_18,"(2, 1, 63, 27)",10
9546,conv2d_18,"(0, 1, 55, 14)",22
9547,conv2d_18,"(1, 1, 59, 51)",27
9548,conv2d_18,"(2, 0, 7, 38)",3
9549,conv2d_18,"(1, 2, 59, 34)",21
9550,conv2d_18,"(0, 2, 3, 29)",7
9551,conv2d_18,"(2, 1, 48, 46)",13
9552,conv2d_18,"(0, 2, 31, 34)",3
9553,conv2d_18,"(1, 0, 42, 8)",20
9554,conv2d_18,"(0, 2, 50, 54)",18
9555,conv2d_18,"(2, 0, 47, 43)",29
9556,conv2d_18,"(0, 2, 39, 14)",27
9557,conv2d_18,"(0, 0, 45, 48)",14
9558,conv2d_18,"(2, 0, 55, 38)",5
9559,conv2d_18,"(1, 2, 6, 11)",0
9560,conv2d_18,"(1, 2, 52, 6)",13
9561,conv2d_18,"(0, 2, 40, 23)",14
9562,conv2d_18,"(2, 0, 33, 9)",11
9563,conv2d_18,"(1, 1, 8, 1)",24
9564,conv2d_18,"(1, 1, 28, 36)",7
9565,conv2d_18,"(2, 1, 20, 36)",27
9566,conv2d_18,"(1, 1, 54, 53)",8
9567,conv2d_18,"(2, 2, 11, 34)",26
9568,conv2d_18,"(1, 1, 25, 38)",31
9569,conv2d_18,"(0, 0, 41, 54)",7
9570,conv2d_18,"(2, 0, 12, 54)",22
9571,conv2d_18,"(0, 1, 24, 44)",21
9572,conv2d_18,"(2, 1, 34, 35)",31
9573,conv2d_18,"(0, 2, 36, 21)",31
9574,conv2d_18,"(1, 0, 40, 41)",10
9575,conv2d_18,"(1, 0, 49, 50)",28
9576,conv2d_18,"(2, 1, 48, 38)",0
9577,conv2d_18,"(0, 2, 12, 12)",30
9578,conv2d_18,"(2, 2, 52, 36)",23
9579,conv2d_18,"(0, 2, 20, 13)",10
9580,conv2d_18,"(2, 1, 50, 21)",17
9581,conv2d_18,"(1, 0, 51, 54)",28
9582,conv2d_18,"(1, 2, 56, 59)",30
9583,conv2d_18,"(1, 0, 26, 58)",20
9584,conv2d_18,"(1, 2, 58, 2)",14
9585,conv2d_18,"(1, 2, 26, 23)",27
9586,conv2d_18,"(2, 0, 4, 0)",23
9587,conv2d_18,"(0, 0, 49, 7)",7
9588,conv2d_18,"(1, 0, 37, 46)",4
9589,conv2d_18,"(2, 1, 31, 34)",12
9590,conv2d_18,"(2, 0, 44, 30)",22
9591,conv2d_18,"(2, 2, 16, 57)",7
9592,conv2d_18,"(1, 1, 22, 6)",10
9593,conv2d_18,"(1, 0, 57, 55)",21
9594,conv2d_18,"(2, 0, 5, 12)",25
9595,conv2d_18,"(2, 1, 56, 34)",25
9596,conv2d_18,"(1, 2, 60, 51)",28
9597,conv2d_18,"(0, 2, 40, 55)",3
9598,conv2d_18,"(1, 0, 38, 7)",7
9599,conv2d_18,"(1, 0, 3, 19)",4
9600,conv2d_18,"(0, 1, 53, 53)",2
9601,conv2d_18,"(2, 2, 11, 8)",29
9602,conv2d_18,"(0, 1, 5, 21)",11
9603,conv2d_18,"(2, 1, 18, 37)",20
9604,conv2d_18,"(0, 1, 31, 34)",4
9605,conv2d_18,"(2, 2, 5, 58)",9
9606,conv2d_18,"(2, 0, 56, 14)",26
9607,conv2d_18,"(0, 2, 19, 4)",26
9608,conv2d_18,"(1, 1, 33, 52)",27
9609,conv2d_18,"(2, 1, 3, 22)",5
9610,conv2d_18,"(0, 0, 1, 30)",30
9611,conv2d_18,"(2, 0, 22, 9)",15
9612,conv2d_18,"(1, 0, 30, 35)",6
9613,conv2d_18,"(1, 1, 34, 19)",29
9614,conv2d_18,"(2, 1, 8, 27)",19
9615,conv2d_18,"(1, 1, 36, 37)",30
9616,conv2d_18,"(1, 0, 56, 63)",6
9617,conv2d_18,"(1, 0, 21, 34)",6
9618,conv2d_18,"(0, 1, 15, 4)",26
9619,conv2d_18,"(2, 2, 42, 24)",12
9620,conv2d_18,"(1, 1, 5, 50)",18
9621,conv2d_18,"(1, 1, 23, 48)",26
9622,conv2d_18,"(2, 2, 51, 19)",26
9623,conv2d_18,"(2, 0, 15, 31)",4
9624,conv2d_18,"(2, 1, 50, 42)",24
9625,conv2d_18,"(2, 0, 50, 5)",16
9626,conv2d_18,"(2, 0, 31, 34)",23
9627,conv2d_18,"(2, 0, 29, 29)",19
9628,conv2d_18,"(0, 2, 57, 4)",1
9629,conv2d_18,"(1, 1, 15, 26)",17
9630,conv2d_18,"(0, 0, 43, 18)",11
9631,conv2d_18,"(2, 0, 31, 55)",12
9632,conv2d_18,"(1, 2, 8, 33)",1
9633,conv2d_18,"(1, 2, 37, 45)",21
9634,conv2d_18,"(1, 0, 33, 35)",18
9635,conv2d_18,"(1, 0, 63, 14)",31
9636,conv2d_18,"(1, 1, 14, 16)",3
9637,conv2d_18,"(0, 2, 5, 61)",16
9638,conv2d_18,"(1, 1, 0, 52)",20
9639,conv2d_18,"(0, 1, 44, 56)",7
9640,conv2d_18,"(1, 2, 11, 11)",6
9641,conv2d_18,"(1, 1, 51, 7)",5
9642,conv2d_18,"(0, 1, 31, 55)",16
9643,conv2d_18,"(1, 2, 57, 45)",24
9644,conv2d_18,"(2, 0, 2, 47)",3
9645,conv2d_18,"(1, 1, 11, 61)",16
9646,conv2d_18,"(0, 2, 29, 28)",7
9647,conv2d_18,"(1, 2, 9, 51)",14
9648,conv2d_18,"(2, 2, 39, 42)",6
9649,conv2d_18,"(0, 1, 6, 44)",14
9650,conv2d_18,"(0, 2, 16, 16)",8
9651,conv2d_18,"(1, 0, 58, 42)",30
9652,conv2d_18,"(0, 2, 40, 54)",10
9653,conv2d_18,"(0, 2, 6, 40)",7
9654,conv2d_18,"(0, 1, 27, 53)",28
9655,conv2d_18,"(2, 2, 23, 15)",3
9656,conv2d_18,"(1, 1, 16, 6)",20
9657,conv2d_18,"(0, 0, 36, 11)",27
9658,conv2d_18,"(0, 2, 8, 21)",22
9659,conv2d_18,"(2, 1, 61, 46)",27
9660,conv2d_18,"(2, 0, 13, 47)",13
9661,conv2d_18,"(0, 0, 27, 28)",18
9662,conv2d_18,"(1, 0, 14, 57)",19
9663,conv2d_18,"(0, 1, 47, 45)",10
9664,conv2d_18,"(0, 0, 11, 25)",24
9665,conv2d_18,"(0, 0, 4, 22)",29
9666,conv2d_18,"(0, 2, 30, 10)",0
9667,conv2d_18,"(1, 2, 39, 25)",9
9668,conv2d_18,"(1, 0, 21, 62)",29
9669,conv2d_18,"(0, 0, 59, 13)",19
9670,conv2d_18,"(2, 1, 34, 44)",7
9671,conv2d_18,"(2, 1, 43, 17)",21
9672,conv2d_18,"(0, 0, 59, 18)",0
9673,conv2d_18,"(2, 2, 61, 6)",2
9674,conv2d_18,"(2, 1, 29, 45)",5
9675,conv2d_18,"(1, 1, 35, 15)",30
9676,conv2d_18,"(0, 0, 38, 63)",18
9677,conv2d_18,"(0, 0, 23, 35)",8
9678,conv2d_18,"(0, 1, 22, 49)",23
9679,conv2d_18,"(2, 1, 2, 59)",18
9680,conv2d_18,"(0, 0, 9, 41)",4
9681,conv2d_18,"(2, 0, 15, 49)",19
9682,conv2d_18,"(1, 2, 1, 2)",20
9683,conv2d_18,"(0, 0, 53, 16)",7
9684,conv2d_18,"(0, 1, 39, 2)",11
9685,conv2d_18,"(0, 2, 2, 12)",31
9686,conv2d_18,"(0, 2, 48, 59)",6
9687,conv2d_18,"(1, 1, 1, 51)",4
9688,conv2d_18,"(1, 0, 39, 0)",22
9689,conv2d_18,"(1, 1, 50, 53)",10
9690,conv2d_18,"(0, 2, 24, 6)",10
9691,conv2d_18,"(0, 2, 33, 56)",22
9692,conv2d_18,"(1, 0, 42, 61)",10
9693,conv2d_18,"(0, 2, 0, 8)",16
9694,conv2d_18,"(0, 2, 59, 17)",7
9695,conv2d_18,"(2, 2, 15, 16)",29
9696,conv2d_18,"(0, 2, 50, 13)",29
9697,conv2d_18,"(2, 0, 38, 11)",13
9698,conv2d_18,"(2, 2, 42, 10)",9
9699,conv2d_18,"(0, 2, 24, 2)",21
9700,conv2d_18,"(1, 2, 56, 56)",18
9701,conv2d_18,"(2, 0, 23, 12)",4
9702,conv2d_18,"(1, 2, 17, 21)",18
9703,conv2d_18,"(1, 1, 23, 43)",17
9704,conv2d_18,"(1, 1, 47, 18)",6
9705,conv2d_18,"(0, 1, 43, 39)",27
9706,conv2d_18,"(1, 1, 35, 2)",18
9707,conv2d_18,"(1, 1, 45, 56)",31
9708,conv2d_18,"(0, 2, 41, 50)",30
9709,conv2d_18,"(2, 2, 52, 0)",1
9710,conv2d_18,"(2, 1, 50, 35)",29
9711,conv2d_18,"(1, 1, 35, 61)",0
9712,conv2d_18,"(2, 1, 7, 34)",16
9713,conv2d_18,"(0, 0, 21, 51)",13
9714,conv2d_18,"(2, 0, 24, 19)",15
9715,conv2d_18,"(0, 0, 36, 50)",2
9716,conv2d_18,"(1, 2, 0, 41)",14
9717,conv2d_18,"(1, 2, 1, 6)",14
9718,conv2d_18,"(2, 2, 15, 23)",31
9719,conv2d_18,"(1, 1, 6, 1)",16
9720,conv2d_18,"(2, 0, 60, 7)",3
9721,conv2d_18,"(1, 1, 32, 46)",30
9722,conv2d_18,"(1, 0, 17, 39)",0
9723,conv2d_18,"(2, 0, 49, 57)",28
9724,conv2d_18,"(0, 2, 35, 40)",20
9725,conv2d_18,"(1, 2, 9, 17)",8
9726,conv2d_18,"(1, 0, 56, 6)",9
9727,conv2d_18,"(2, 0, 18, 50)",5
9728,conv2d_18,"(2, 2, 2, 10)",21
9729,conv2d_18,"(1, 1, 61, 25)",22
9730,conv2d_18,"(2, 1, 41, 43)",24
9731,conv2d_18,"(1, 2, 19, 34)",3
9732,conv2d_18,"(0, 2, 56, 53)",27
9733,conv2d_18,"(2, 0, 40, 13)",26
9734,conv2d_18,"(1, 2, 1, 4)",8
9735,conv2d_18,"(2, 0, 54, 36)",0
9736,conv2d_18,"(0, 2, 18, 25)",21
9737,conv2d_18,"(2, 1, 52, 28)",9
9738,conv2d_18,"(2, 2, 3, 42)",13
9739,conv2d_18,"(2, 2, 32, 63)",29
9740,conv2d_18,"(1, 0, 30, 28)",0
9741,conv2d_18,"(0, 0, 38, 20)",22
9742,conv2d_18,"(1, 2, 50, 53)",10
9743,conv2d_18,"(1, 1, 34, 55)",4
9744,conv2d_18,"(2, 0, 0, 18)",25
9745,conv2d_18,"(0, 2, 54, 27)",11
9746,conv2d_18,"(1, 2, 54, 63)",31
9747,conv2d_18,"(1, 0, 50, 2)",29
9748,conv2d_18,"(0, 0, 27, 55)",16
9749,conv2d_18,"(1, 2, 56, 34)",8
9750,conv2d_18,"(1, 2, 15, 31)",31
9751,conv2d_18,"(2, 1, 17, 19)",29
9752,conv2d_18,"(0, 0, 59, 29)",25
9753,conv2d_18,"(0, 1, 31, 52)",12
9754,conv2d_18,"(1, 2, 34, 43)",29
9755,conv2d_18,"(1, 1, 10, 47)",20
9756,conv2d_18,"(2, 0, 12, 50)",27
9757,conv2d_18,"(2, 1, 60, 15)",30
9758,conv2d_18,"(0, 0, 19, 1)",23
9759,conv2d_18,"(2, 2, 10, 46)",24
9760,conv2d_18,"(0, 1, 5, 0)",1
9761,conv2d_18,"(2, 0, 46, 61)",4
9762,conv2d_18,"(1, 0, 15, 14)",8
9763,conv2d_18,"(0, 0, 39, 40)",30
9764,conv2d_18,"(0, 1, 6, 2)",20
9765,conv2d_18,"(2, 1, 4, 48)",1
9766,conv2d_18,"(2, 0, 56, 57)",31
9767,conv2d_18,"(0, 1, 1, 57)",28
9768,conv2d_18,"(1, 0, 56, 59)",13
9769,conv2d_18,"(0, 0, 46, 54)",25
9770,conv2d_18,"(1, 2, 21, 44)",15
9771,conv2d_18,"(2, 2, 60, 25)",24
9772,conv2d_18,"(0, 1, 32, 32)",8
9773,conv2d_18,"(1, 1, 20, 10)",14
9774,conv2d_18,"(2, 1, 46, 57)",9
9775,conv2d_18,"(0, 0, 12, 17)",21
9776,conv2d_18,"(1, 0, 47, 22)",3
9777,conv2d_18,"(0, 0, 44, 55)",22
9778,conv2d_18,"(2, 0, 18, 13)",15
9779,conv2d_18,"(0, 2, 13, 49)",10
9780,conv2d_18,"(0, 2, 48, 16)",22
9781,conv2d_18,"(0, 0, 15, 14)",24
9782,conv2d_18,"(1, 1, 41, 3)",13
9783,conv2d_18,"(2, 0, 61, 39)",31
9784,conv2d_18,"(2, 0, 62, 40)",16
9785,conv2d_18,"(2, 1, 62, 18)",23
9786,conv2d_18,"(1, 2, 25, 52)",30
9787,conv2d_18,"(0, 2, 21, 45)",0
9788,conv2d_18,"(1, 1, 12, 38)",11
9789,conv2d_18,"(2, 1, 48, 41)",16
9790,conv2d_18,"(0, 0, 21, 29)",4
9791,conv2d_18,"(0, 0, 29, 25)",6
9792,conv2d_18,"(2, 2, 11, 55)",30
9793,conv2d_18,"(0, 0, 46, 26)",3
9794,conv2d_18,"(0, 1, 63, 5)",8
9795,conv2d_18,"(2, 1, 12, 52)",25
9796,conv2d_18,"(0, 1, 18, 55)",9
9797,conv2d_18,"(2, 0, 31, 15)",19
9798,conv2d_18,"(1, 2, 39, 49)",0
9799,conv2d_18,"(1, 1, 23, 59)",4
9800,conv2d_18,"(2, 0, 8, 16)",17
9801,conv2d_18,"(0, 2, 13, 51)",9
9802,conv2d_18,"(1, 1, 49, 32)",21
9803,conv2d_18,"(0, 1, 5, 45)",9
9804,conv2d_18,"(1, 0, 44, 10)",11
9805,conv2d_18,"(2, 1, 37, 22)",22
9806,conv2d_18,"(1, 1, 1, 62)",30
9807,conv2d_18,"(2, 1, 8, 55)",31
9808,conv2d_18,"(1, 0, 23, 54)",5
9809,conv2d_18,"(2, 1, 11, 22)",6
9810,conv2d_18,"(0, 1, 3, 61)",18
9811,conv2d_18,"(0, 1, 18, 26)",14
9812,conv2d_18,"(0, 1, 56, 8)",25
9813,conv2d_18,"(2, 1, 27, 42)",2
9814,conv2d_18,"(0, 2, 47, 59)",20
9815,conv2d_18,"(1, 0, 44, 45)",17
9816,conv2d_18,"(0, 2, 51, 33)",9
9817,conv2d_18,"(0, 2, 49, 57)",16
9818,conv2d_18,"(1, 1, 31, 46)",8
9819,conv2d_18,"(0, 1, 36, 18)",21
9820,conv2d_18,"(2, 2, 5, 35)",21
9821,conv2d_18,"(2, 2, 18, 4)",26
9822,conv2d_18,"(2, 2, 45, 37)",29
9823,conv2d_18,"(1, 2, 22, 63)",9
9824,conv2d_18,"(2, 1, 17, 5)",2
9825,conv2d_18,"(0, 0, 33, 17)",10
9826,conv2d_18,"(1, 1, 54, 50)",29
9827,conv2d_18,"(2, 2, 31, 35)",17
9828,conv2d_18,"(2, 2, 0, 62)",27
9829,conv2d_18,"(0, 2, 41, 32)",21
9830,conv2d_18,"(1, 0, 63, 20)",25
9831,conv2d_18,"(2, 0, 23, 15)",27
9832,conv2d_18,"(1, 2, 32, 22)",15
9833,conv2d_18,"(2, 2, 21, 36)",2
9834,conv2d_18,"(2, 2, 53, 10)",11
9835,conv2d_18,"(1, 1, 45, 53)",17
9836,conv2d_18,"(0, 0, 55, 47)",15
9837,conv2d_18,"(1, 1, 19, 62)",18
9838,conv2d_18,"(0, 1, 51, 17)",15
9839,conv2d_18,"(0, 2, 35, 19)",14
9840,conv2d_18,"(1, 0, 25, 23)",5
9841,conv2d_18,"(0, 1, 40, 46)",25
9842,conv2d_18,"(1, 2, 45, 52)",1
9843,conv2d_18,"(1, 2, 63, 26)",26
9844,conv2d_18,"(1, 0, 55, 38)",30
9845,conv2d_18,"(0, 0, 6, 2)",15
9846,conv2d_18,"(2, 1, 53, 1)",25
9847,conv2d_18,"(1, 2, 51, 4)",5
9848,conv2d_18,"(1, 2, 63, 32)",30
9849,conv2d_18,"(0, 1, 17, 17)",25
9850,conv2d_18,"(1, 0, 32, 38)",25
9851,conv2d_18,"(1, 2, 47, 26)",14
9852,conv2d_18,"(0, 1, 54, 41)",12
9853,conv2d_18,"(1, 1, 10, 26)",26
9854,conv2d_18,"(0, 2, 22, 19)",3
9855,conv2d_18,"(2, 0, 45, 27)",12
9856,conv2d_18,"(1, 1, 43, 34)",2
9857,conv2d_18,"(2, 1, 16, 32)",16
9858,conv2d_18,"(0, 1, 53, 4)",18
9859,conv2d_18,"(0, 2, 55, 18)",2
9860,conv2d_18,"(2, 0, 17, 0)",25
9861,conv2d_18,"(2, 0, 31, 44)",30
9862,conv2d_18,"(0, 2, 54, 22)",31
9863,conv2d_18,"(2, 2, 45, 30)",22
9864,conv2d_18,"(2, 0, 31, 4)",28
9865,conv2d_18,"(2, 2, 20, 0)",29
9866,conv2d_18,"(2, 2, 34, 41)",5
9867,conv2d_18,"(0, 0, 24, 37)",31
9868,conv2d_18,"(2, 1, 31, 54)",17
9869,conv2d_18,"(0, 1, 23, 13)",5
9870,conv2d_18,"(2, 0, 31, 33)",23
9871,conv2d_18,"(2, 1, 15, 13)",25
9872,conv2d_18,"(2, 2, 32, 3)",24
9873,conv2d_18,"(2, 1, 10, 0)",12
9874,conv2d_18,"(0, 0, 58, 58)",23
9875,conv2d_18,"(0, 1, 39, 55)",24
9876,conv2d_18,"(0, 0, 58, 40)",20
9877,conv2d_18,"(0, 0, 11, 24)",13
9878,conv2d_18,"(2, 1, 16, 25)",6
9879,conv2d_18,"(0, 2, 4, 0)",14
9880,conv2d_18,"(2, 1, 55, 59)",26
9881,conv2d_18,"(2, 1, 55, 19)",1
9882,conv2d_18,"(2, 1, 53, 28)",23
9883,conv2d_18,"(2, 2, 27, 37)",0
9884,conv2d_18,"(2, 2, 16, 38)",29
9885,conv2d_18,"(2, 0, 42, 17)",8
9886,conv2d_18,"(0, 2, 0, 27)",16
9887,conv2d_18,"(1, 0, 36, 45)",22
9888,conv2d_18,"(0, 2, 62, 50)",13
9889,conv2d_18,"(0, 1, 45, 13)",30
9890,conv2d_18,"(1, 1, 33, 28)",10
9891,conv2d_18,"(2, 0, 7, 24)",2
9892,conv2d_18,"(0, 0, 6, 29)",13
9893,conv2d_18,"(0, 0, 22, 45)",14
9894,conv2d_18,"(1, 0, 57, 8)",4
9895,conv2d_18,"(1, 1, 61, 1)",25
9896,conv2d_18,"(2, 1, 47, 30)",0
9897,conv2d_18,"(1, 1, 27, 11)",1
9898,conv2d_18,"(1, 0, 29, 22)",2
9899,conv2d_18,"(0, 0, 3, 10)",22
9900,conv2d_18,"(1, 0, 60, 44)",23
9901,conv2d_18,"(0, 1, 17, 54)",23
9902,conv2d_18,"(0, 1, 58, 20)",13
9903,conv2d_18,"(0, 0, 22, 54)",20
9904,conv2d_18,"(0, 1, 57, 30)",13
9905,conv2d_18,"(0, 1, 23, 57)",21
9906,conv2d_18,"(0, 0, 55, 37)",30
9907,conv2d_18,"(0, 1, 51, 32)",3
9908,conv2d_18,"(0, 1, 19, 51)",13
9909,conv2d_18,"(1, 2, 39, 18)",9
9910,conv2d_18,"(0, 0, 58, 19)",25
9911,conv2d_18,"(0, 1, 1, 1)",2
9912,conv2d_18,"(2, 1, 23, 57)",13
9913,conv2d_18,"(2, 0, 40, 16)",25
9914,conv2d_18,"(1, 1, 42, 2)",30
9915,conv2d_18,"(0, 1, 20, 28)",6
9916,conv2d_18,"(1, 0, 58, 37)",18
9917,conv2d_18,"(0, 2, 21, 51)",12
9918,conv2d_18,"(1, 2, 0, 0)",4
9919,conv2d_18,"(0, 0, 36, 55)",19
9920,conv2d_18,"(2, 1, 17, 23)",13
9921,conv2d_18,"(1, 2, 35, 3)",23
9922,conv2d_18,"(0, 2, 5, 35)",28
9923,conv2d_18,"(1, 1, 45, 6)",25
9924,conv2d_18,"(1, 0, 27, 7)",0
9925,conv2d_18,"(1, 0, 16, 16)",15
9926,conv2d_18,"(1, 1, 36, 56)",13
9927,conv2d_18,"(1, 1, 3, 41)",15
9928,conv2d_18,"(0, 2, 22, 62)",30
9929,conv2d_18,"(2, 2, 38, 57)",1
9930,conv2d_18,"(1, 1, 3, 18)",31
9931,conv2d_18,"(2, 1, 23, 24)",23
9932,conv2d_18,"(0, 0, 9, 8)",17
9933,conv2d_18,"(0, 1, 36, 16)",14
9934,conv2d_18,"(0, 1, 11, 43)",3
9935,conv2d_18,"(1, 0, 23, 34)",13
9936,conv2d_18,"(0, 2, 1, 11)",17
9937,conv2d_18,"(0, 1, 26, 58)",23
9938,conv2d_18,"(2, 0, 59, 48)",13
9939,conv2d_18,"(0, 1, 44, 44)",18
9940,conv2d_18,"(1, 2, 36, 5)",29
9941,conv2d_18,"(1, 0, 0, 18)",2
9942,conv2d_18,"(0, 0, 17, 21)",6
9943,conv2d_18,"(1, 2, 39, 24)",12
9944,conv2d_18,"(0, 1, 48, 55)",21
9945,conv2d_18,"(1, 2, 62, 47)",0
9946,conv2d_18,"(0, 2, 21, 22)",21
9947,conv2d_18,"(1, 2, 15, 6)",31
9948,conv2d_18,"(2, 0, 27, 11)",17
9949,conv2d_18,"(0, 2, 0, 0)",6
9950,conv2d_18,"(2, 0, 55, 3)",16
9951,conv2d_18,"(2, 0, 43, 63)",23
9952,conv2d_18,"(1, 0, 14, 12)",17
9953,conv2d_18,"(0, 0, 55, 62)",22
9954,conv2d_18,"(2, 0, 32, 52)",31
9955,conv2d_18,"(1, 1, 3, 23)",5
9956,conv2d_18,"(1, 2, 10, 43)",19
9957,conv2d_18,"(1, 0, 13, 15)",3
9958,conv2d_18,"(1, 1, 13, 56)",5
9959,conv2d_18,"(2, 2, 5, 12)",30
9960,conv2d_18,"(0, 0, 39, 36)",6
9961,conv2d_18,"(2, 1, 15, 11)",12
9962,conv2d_18,"(1, 1, 44, 31)",15
9963,conv2d_18,"(0, 0, 9, 9)",1
9964,conv2d_18,"(2, 1, 23, 32)",31
9965,conv2d_18,"(1, 2, 39, 16)",12
9966,conv2d_18,"(0, 2, 31, 22)",27
9967,conv2d_18,"(0, 2, 6, 54)",19
9968,conv2d_18,"(0, 2, 9, 33)",3
9969,conv2d_18,"(1, 1, 54, 12)",22
9970,conv2d_18,"(1, 1, 8, 27)",11
9971,conv2d_18,"(1, 2, 8, 2)",24
9972,conv2d_18,"(2, 1, 6, 9)",19
9973,conv2d_18,"(1, 0, 5, 52)",6
9974,conv2d_18,"(0, 1, 5, 20)",11
9975,conv2d_18,"(0, 2, 28, 31)",6
9976,conv2d_18,"(1, 1, 58, 10)",2
9977,conv2d_18,"(1, 2, 14, 50)",7
9978,conv2d_18,"(1, 0, 3, 14)",13
9979,conv2d_18,"(1, 2, 57, 4)",20
9980,conv2d_18,"(1, 0, 44, 39)",17
9981,conv2d_18,"(2, 0, 43, 5)",20
9982,dense,"(3, 9)",21
9983,dense,"(59, 6)",21
9984,dense,"(18, 8)",30
9985,dense,"(7, 4)",2
9986,dense,"(48, 5)",11
9987,dense,"(42, 0)",16
9988,dense,"(3, 5)",22
9989,dense,"(4, 0)",21
9990,dense,"(19, 9)",26
9991,dense,"(5, 0)",10
9992,dense,"(4, 9)",18
9993,dense,"(2, 5)",10
9994,dense,"(49, 0)",19
9995,dense,"(23, 5)",15
9996,dense,"(18, 7)",17
9997,dense,"(12, 3)",10
9998,dense,"(57, 1)",1
9999,dense,"(39, 2)",28
10000,dense,"(40, 8)",21
10001,dense,"(1, 7)",18
10002,dense,"(23, 1)",23
10003,dense,"(14, 3)",21
10004,dense,"(60, 0)",5
10005,dense,"(32, 2)",4
