inj_id,target_layer,layer_weigths,bit_pos,n_injections,top_1_correct,top_5_correct,top_1_robust,top_5_robust,masked,non_critical,critical
GOLDEN,,,,10,10,10,,,,
0,conv2d,"(2, 1, 0, 3)",15,10,10,10,10,10,0,10,0
1,conv2d,"(2, 0, 0, 7)",5,10,10,10,10,10,0,10,0
2,conv2d,"(0, 0, 0, 13)",30,10,2,5,2,5,0,2,8
3,conv2d,"(2, 0, 2, 7)",12,10,10,10,10,10,0,10,0
4,conv2d,"(1, 2, 0, 13)",17,10,10,10,10,10,0,10,0
5,conv2d,"(2, 1, 0, 0)",21,10,10,10,10,10,0,10,0
6,conv2d,"(0, 1, 0, 8)",6,10,10,10,10,10,0,10,0
7,conv2d,"(0, 1, 1, 2)",22,10,10,10,10,10,0,10,0
8,conv2d,"(2, 1, 0, 8)",7,10,10,10,10,10,0,10,0
9,conv2d,"(2, 1, 0, 12)",23,10,10,10,10,10,0,10,0
10,conv2d,"(0, 0, 2, 6)",14,10,10,10,10,10,10,0,0
11,conv2d,"(0, 0, 0, 9)",24,10,10,10,10,10,0,10,0
12,conv2d,"(2, 1, 1, 8)",10,10,10,10,10,10,0,10,0
13,conv2d,"(0, 2, 1, 11)",17,10,10,10,10,10,0,10,0
14,conv2d,"(2, 0, 2, 2)",15,10,10,10,10,10,0,10,0
15,conv2d,"(1, 1, 1, 5)",14,10,10,10,10,10,0,10,0
16,conv2d,"(0, 0, 0, 10)",20,10,10,10,10,10,0,10,0
17,conv2d,"(0, 0, 1, 12)",20,10,10,10,10,10,0,10,0
18,conv2d,"(1, 1, 2, 6)",29,10,10,10,10,10,10,0,0
19,conv2d,"(0, 0, 1, 4)",16,10,10,10,10,10,0,10,0
20,conv2d,"(1, 1, 2, 13)",14,10,10,10,10,10,0,10,0
21,conv2d,"(1, 0, 2, 4)",3,10,10,10,10,10,0,10,0
22,conv2d,"(2, 0, 0, 3)",27,10,10,10,10,10,0,10,0
23,conv2d,"(1, 2, 1, 2)",29,10,10,10,10,10,0,10,0
24,conv2d,"(0, 2, 2, 8)",7,10,10,10,10,10,0,10,0
25,conv2d,"(1, 0, 2, 8)",18,10,10,10,10,10,0,10,0
26,conv2d,"(1, 0, 0, 13)",16,10,10,10,10,10,0,10,0
27,conv2d_1,"(2, 1, 3, 5)",12,10,10,10,10,10,0,10,0
28,conv2d_1,"(0, 2, 11, 4)",0,10,10,10,10,10,0,10,0
29,conv2d_1,"(0, 0, 15, 10)",23,10,10,10,10,10,0,10,0
30,conv2d_1,"(0, 0, 7, 9)",5,10,10,10,10,10,0,10,0
31,conv2d_1,"(0, 2, 15, 2)",8,10,10,10,10,10,10,0,0
32,conv2d_1,"(2, 0, 15, 4)",16,10,10,10,10,10,0,10,0
33,conv2d_1,"(2, 2, 6, 13)",12,10,10,10,10,10,10,0,0
34,conv2d_1,"(2, 2, 12, 9)",23,10,10,10,10,10,0,10,0
35,conv2d_1,"(0, 0, 14, 14)",14,10,10,10,10,10,10,0,0
36,conv2d_1,"(0, 2, 10, 2)",14,10,10,10,10,10,10,0,0
37,conv2d_1,"(0, 2, 0, 7)",3,10,10,10,10,10,0,10,0
38,conv2d_1,"(0, 1, 2, 7)",4,10,10,10,10,10,0,10,0
39,conv2d_1,"(2, 1, 8, 7)",13,10,10,10,10,10,0,10,0
40,conv2d_1,"(0, 1, 15, 4)",26,10,10,10,10,10,0,10,0
41,conv2d_1,"(0, 2, 3, 6)",27,10,10,10,10,10,0,10,0
42,conv2d_1,"(1, 1, 13, 11)",3,10,10,10,10,10,0,10,0
43,conv2d_1,"(1, 2, 1, 3)",21,10,10,10,10,10,0,10,0
44,conv2d_1,"(0, 0, 7, 3)",28,10,10,10,10,10,0,10,0
45,conv2d_1,"(0, 1, 13, 4)",29,10,10,10,10,10,0,10,0
46,conv2d_1,"(1, 2, 2, 7)",6,10,10,10,10,10,0,10,0
47,conv2d_1,"(0, 0, 0, 1)",10,10,10,10,10,10,1,9,0
48,conv2d_1,"(1, 0, 15, 13)",25,10,10,10,10,10,0,10,0
49,conv2d_1,"(1, 0, 5, 1)",24,10,10,10,10,10,1,9,0
50,conv2d_1,"(1, 1, 14, 8)",31,10,10,10,10,10,10,0,0
51,conv2d_1,"(1, 0, 6, 4)",3,10,10,10,10,10,10,0,0
52,conv2d_1,"(0, 0, 10, 1)",30,10,2,7,2,7,0,2,8
53,conv2d_1,"(2, 0, 1, 5)",11,10,10,10,10,10,0,10,0
54,conv2d_1,"(2, 0, 2, 2)",25,10,10,10,10,10,10,0,0
55,conv2d_1,"(2, 2, 7, 3)",2,10,10,10,10,10,1,9,0
56,conv2d_1,"(2, 2, 13, 2)",20,10,10,10,10,10,10,0,0
57,conv2d_1,"(2, 2, 6, 8)",20,10,10,10,10,10,10,0,0
58,conv2d_1,"(1, 0, 8, 7)",19,10,10,10,10,10,0,10,0
59,conv2d_1,"(0, 0, 10, 14)",29,10,10,10,10,10,0,10,0
60,conv2d_1,"(2, 0, 2, 3)",16,10,10,10,10,10,0,10,0
61,conv2d_1,"(0, 0, 11, 4)",23,10,10,10,10,10,0,10,0
62,conv2d_1,"(1, 2, 5, 9)",19,10,10,10,10,10,0,10,0
63,conv2d_1,"(2, 0, 9, 0)",8,10,10,10,10,10,0,10,0
64,conv2d_1,"(0, 2, 3, 8)",9,10,10,10,10,10,10,0,0
65,conv2d_1,"(2, 0, 9, 8)",21,10,10,10,10,10,10,0,0
66,conv2d_1,"(2, 1, 8, 6)",16,10,10,10,10,10,0,10,0
67,conv2d_1,"(2, 1, 2, 1)",17,10,10,10,10,10,0,10,0
68,conv2d_1,"(1, 0, 0, 1)",16,10,10,10,10,10,0,10,0
69,conv2d_1,"(2, 2, 14, 5)",27,10,10,10,10,10,10,0,0
70,conv2d_1,"(0, 2, 3, 0)",9,10,10,10,10,10,0,10,0
71,conv2d_1,"(2, 2, 11, 1)",9,10,10,10,10,10,1,9,0
72,conv2d_1,"(0, 1, 4, 13)",23,10,10,10,10,10,0,10,0
73,conv2d_1,"(0, 2, 11, 1)",15,10,10,10,10,10,1,9,0
74,conv2d_1,"(2, 1, 11, 3)",9,10,10,10,10,10,0,10,0
75,conv2d_1,"(0, 1, 5, 7)",1,10,10,10,10,10,9,1,0
76,conv2d_1,"(1, 2, 10, 5)",15,10,10,10,10,10,0,10,0
77,conv2d_1,"(2, 0, 5, 8)",24,10,10,10,10,10,10,0,0
78,conv2d_1,"(0, 0, 15, 1)",29,10,10,10,10,10,0,10,0
79,conv2d_1,"(0, 0, 9, 11)",1,10,10,10,10,10,0,10,0
80,conv2d_1,"(1, 1, 12, 6)",4,10,10,10,10,10,0,10,0
81,conv2d_1,"(2, 2, 11, 8)",25,10,10,10,10,10,10,0,0
82,conv2d_1,"(0, 1, 0, 10)",11,10,10,10,10,10,0,10,0
83,conv2d_1,"(0, 2, 1, 8)",27,10,10,10,10,10,10,0,0
84,conv2d_1,"(1, 2, 10, 11)",7,10,10,10,10,10,0,10,0
85,conv2d_1,"(1, 0, 6, 12)",27,10,10,10,10,10,10,0,0
86,conv2d_1,"(1, 1, 6, 0)",4,10,10,10,10,10,10,0,0
87,conv2d_1,"(2, 0, 10, 10)",19,10,10,10,10,10,0,10,0
88,conv2d_1,"(1, 1, 13, 9)",18,10,10,10,10,10,0,10,0
89,conv2d_1,"(1, 2, 6, 4)",24,10,10,10,10,10,10,0,0
90,conv2d_1,"(1, 2, 9, 5)",0,10,10,10,10,10,0,10,0
91,conv2d_1,"(0, 1, 9, 9)",20,10,10,10,10,10,0,10,0
92,conv2d_1,"(1, 2, 14, 14)",13,10,10,10,10,10,10,0,0
93,conv2d_1,"(2, 0, 5, 15)",18,10,10,10,10,10,0,10,0
94,conv2d_1,"(0, 2, 2, 10)",19,10,10,10,10,10,0,10,0
95,conv2d_1,"(0, 0, 6, 7)",2,10,10,10,10,10,10,0,0
96,conv2d_1,"(2, 0, 15, 7)",29,10,10,10,10,10,0,10,0
97,conv2d_1,"(2, 2, 6, 13)",24,10,10,10,10,10,10,0,0
98,conv2d_1,"(0, 0, 12, 15)",0,10,10,10,10,10,0,10,0
99,conv2d_1,"(0, 0, 13, 3)",29,10,10,10,10,10,0,10,0
100,conv2d_1,"(0, 1, 7, 1)",8,10,10,10,10,10,0,10,0
101,conv2d_1,"(1, 2, 10, 14)",27,10,10,10,10,10,0,10,0
102,conv2d_1,"(2, 1, 5, 14)",28,10,10,10,10,10,2,8,0
103,conv2d_1,"(2, 1, 7, 8)",31,10,10,10,10,10,10,0,0
104,conv2d_1,"(1, 0, 8, 7)",18,10,10,10,10,10,0,10,0
105,conv2d_1,"(1, 1, 8, 7)",5,10,10,10,10,10,0,10,0
106,conv2d_1,"(0, 1, 4, 4)",9,10,10,10,10,10,0,10,0
107,conv2d_1,"(1, 1, 2, 6)",21,10,10,10,10,10,0,10,0
108,conv2d_1,"(0, 0, 13, 14)",26,10,10,10,10,10,0,10,0
109,conv2d_1,"(2, 1, 0, 12)",30,10,2,7,2,7,0,2,8
110,conv2d_1,"(1, 1, 11, 0)",26,10,10,10,10,10,0,10,0
111,conv2d_1,"(0, 1, 15, 7)",27,10,10,10,10,10,0,10,0
112,conv2d_1,"(1, 1, 0, 15)",25,10,10,10,10,10,0,10,0
113,conv2d_1,"(0, 2, 14, 5)",1,10,10,10,10,10,10,0,0
114,conv2d_1,"(0, 2, 0, 12)",27,10,10,10,10,10,0,10,0
115,conv2d_1,"(0, 0, 14, 4)",16,10,10,10,10,10,10,0,0
116,conv2d_1,"(0, 1, 10, 12)",20,10,10,10,10,10,0,10,0
117,conv2d_1,"(1, 1, 12, 10)",16,10,10,10,10,10,0,10,0
118,conv2d_1,"(0, 2, 15, 2)",3,10,10,10,10,10,10,0,0
119,conv2d_1,"(2, 0, 7, 11)",2,10,10,10,10,10,0,10,0
120,conv2d_1,"(0, 0, 7, 0)",9,10,10,10,10,10,0,10,0
121,conv2d_1,"(1, 2, 4, 7)",7,10,10,10,10,10,0,10,0
122,conv2d_1,"(2, 1, 14, 6)",23,10,10,10,10,10,10,0,0
123,conv2d_1,"(0, 1, 3, 5)",6,10,10,10,10,10,0,10,0
124,conv2d_1,"(2, 2, 9, 0)",24,10,10,10,10,10,0,10,0
125,conv2d_1,"(0, 2, 6, 12)",15,10,10,10,10,10,10,0,0
126,conv2d_1,"(2, 2, 9, 3)",7,10,10,10,10,10,0,10,0
127,conv2d_1,"(2, 1, 11, 1)",23,10,10,10,10,10,0,10,0
128,conv2d_1,"(0, 1, 10, 2)",31,10,10,10,10,10,10,0,0
129,conv2d_1,"(1, 2, 13, 3)",29,10,10,10,10,10,0,10,0
130,conv2d_1,"(0, 2, 13, 4)",17,10,10,10,10,10,0,10,0
131,conv2d_1,"(1, 2, 14, 15)",17,10,10,10,10,10,10,0,0
132,conv2d_1,"(0, 1, 7, 10)",28,10,10,10,10,10,0,10,0
133,conv2d_1,"(2, 2, 14, 7)",24,10,10,10,10,10,10,0,0
134,conv2d_1,"(1, 1, 0, 10)",11,10,10,10,10,10,0,10,0
135,conv2d_1,"(1, 1, 6, 15)",21,10,10,10,10,10,10,0,0
136,conv2d_1,"(2, 0, 8, 8)",12,10,10,10,10,10,10,0,0
137,conv2d_1,"(2, 1, 7, 2)",31,10,10,10,10,10,10,0,0
138,conv2d_1,"(2, 2, 15, 7)",31,10,10,10,10,10,0,10,0
139,conv2d_1,"(0, 1, 0, 14)",14,10,10,10,10,10,0,10,0
140,conv2d_1,"(1, 2, 7, 12)",23,10,10,10,10,10,0,10,0
141,conv2d_1,"(1, 2, 11, 15)",21,10,10,10,10,10,0,10,0
142,conv2d_1,"(1, 1, 14, 11)",16,10,10,10,10,10,10,0,0
143,conv2d_1,"(2, 0, 3, 7)",20,10,10,10,10,10,0,10,0
144,conv2d_1,"(0, 0, 5, 3)",30,10,2,7,2,7,0,2,8
145,conv2d_1,"(0, 0, 9, 8)",18,10,10,10,10,10,10,0,0
146,conv2d_1,"(0, 1, 11, 7)",0,10,10,10,10,10,10,0,0
147,conv2d_1,"(0, 0, 8, 4)",18,10,10,10,10,10,0,10,0
148,conv2d_1,"(0, 0, 15, 4)",18,10,10,10,10,10,0,10,0
149,conv2d_1,"(1, 1, 15, 15)",11,10,10,10,10,10,0,10,0
150,conv2d_1,"(1, 0, 8, 1)",4,10,10,10,10,10,2,8,0
151,conv2d_1,"(0, 2, 15, 12)",3,10,10,10,10,10,7,3,0
152,conv2d_1,"(2, 1, 4, 4)",5,10,10,10,10,10,0,10,0
153,conv2d_1,"(2, 1, 3, 7)",14,10,10,10,10,10,0,10,0
154,conv2d_1,"(1, 1, 14, 12)",27,10,10,10,10,10,10,0,0
155,conv2d_1,"(2, 2, 1, 9)",6,10,10,10,10,10,0,10,0
156,conv2d_1,"(1, 2, 6, 6)",5,10,10,10,10,10,10,0,0
157,conv2d_1,"(0, 2, 7, 5)",4,10,10,10,10,10,0,10,0
158,conv2d_1,"(1, 1, 0, 5)",30,10,2,6,2,6,0,2,8
159,conv2d_1,"(0, 1, 1, 9)",18,10,10,10,10,10,0,10,0
160,conv2d_1,"(2, 0, 2, 14)",16,10,10,10,10,10,0,10,0
161,conv2d_1,"(0, 2, 13, 6)",14,10,10,10,10,10,0,10,0
162,conv2d_1,"(0, 0, 8, 4)",3,10,10,10,10,10,0,10,0
163,conv2d_1,"(2, 2, 9, 5)",18,10,10,10,10,10,0,10,0
164,conv2d_1,"(1, 2, 3, 14)",19,10,10,10,10,10,0,10,0
165,conv2d_1,"(2, 2, 8, 12)",31,10,10,10,10,10,1,9,0
166,conv2d_1,"(2, 0, 2, 14)",27,10,10,10,10,10,0,10,0
167,conv2d_1,"(0, 0, 8, 10)",14,10,10,10,10,10,0,10,0
168,conv2d_1,"(2, 0, 8, 0)",11,10,10,10,10,10,0,10,0
169,conv2d_1,"(1, 0, 14, 15)",27,10,10,10,10,10,10,0,0
170,conv2d_2,"(1, 1, 2, 15)",26,10,10,10,10,10,10,0,0
171,conv2d_2,"(2, 0, 10, 10)",10,10,10,10,10,10,0,10,0
172,conv2d_2,"(2, 1, 13, 10)",18,10,10,10,10,10,0,10,0
173,conv2d_2,"(1, 0, 1, 12)",20,10,10,10,10,10,1,9,0
174,conv2d_2,"(0, 1, 10, 8)",0,10,10,10,10,10,0,10,0
175,conv2d_2,"(0, 0, 13, 14)",23,10,10,10,10,10,10,0,0
176,conv2d_2,"(0, 0, 14, 15)",17,10,10,10,10,10,0,10,0
177,conv2d_2,"(1, 2, 9, 4)",31,10,10,10,10,10,0,10,0
178,conv2d_2,"(2, 2, 0, 3)",15,10,10,10,10,10,0,10,0
179,conv2d_2,"(2, 0, 9, 5)",26,10,10,10,10,10,0,10,0
180,conv2d_2,"(0, 1, 7, 2)",7,10,10,10,10,10,0,10,0
181,conv2d_2,"(2, 1, 15, 4)",17,10,10,10,10,10,0,10,0
182,conv2d_2,"(1, 0, 15, 13)",29,10,10,10,10,10,0,10,0
183,conv2d_2,"(0, 2, 12, 4)",8,10,10,10,10,10,1,9,0
184,conv2d_2,"(1, 1, 8, 2)",17,10,10,10,10,10,10,0,0
185,conv2d_2,"(2, 1, 9, 0)",31,10,10,10,10,10,0,10,0
186,conv2d_2,"(2, 1, 14, 4)",22,10,10,10,10,10,1,9,0
187,conv2d_2,"(1, 1, 12, 10)",12,10,10,10,10,10,0,10,0
188,conv2d_2,"(0, 1, 12, 7)",2,10,10,10,10,10,0,10,0
189,conv2d_2,"(2, 1, 15, 10)",24,10,10,10,10,10,0,10,0
190,conv2d_2,"(0, 0, 15, 4)",21,10,10,10,10,10,0,10,0
191,conv2d_2,"(0, 2, 14, 3)",29,10,10,10,10,10,0,10,0
192,conv2d_2,"(1, 2, 4, 0)",9,10,10,10,10,10,0,10,0
193,conv2d_2,"(1, 1, 15, 2)",25,10,10,10,10,10,0,10,0
194,conv2d_2,"(2, 2, 10, 2)",24,10,10,10,10,10,0,10,0
195,conv2d_2,"(2, 0, 15, 10)",4,10,10,10,10,10,0,10,0
196,conv2d_2,"(0, 2, 9, 7)",5,10,10,10,10,10,0,10,0
197,conv2d_2,"(2, 2, 3, 13)",6,10,10,10,10,10,0,10,0
198,conv2d_2,"(2, 1, 5, 14)",1,10,10,10,10,10,10,0,0
199,conv2d_2,"(0, 1, 10, 1)",22,10,10,10,10,10,0,10,0
200,conv2d_2,"(0, 0, 13, 11)",26,10,10,10,10,10,0,10,0
201,conv2d_2,"(0, 0, 5, 5)",24,10,10,10,10,10,6,4,0
202,conv2d_2,"(2, 0, 15, 7)",14,10,10,10,10,10,0,10,0
203,conv2d_2,"(1, 1, 8, 14)",0,10,10,10,10,10,10,0,0
204,conv2d_2,"(2, 2, 9, 14)",10,10,10,10,10,10,10,0,0
205,conv2d_2,"(1, 2, 14, 2)",19,10,10,10,10,10,0,10,0
206,conv2d_2,"(1, 1, 8, 13)",12,10,10,10,10,10,10,0,0
207,conv2d_2,"(0, 0, 15, 12)",24,10,10,10,10,10,0,10,0
208,conv2d_2,"(2, 1, 9, 11)",1,10,10,10,10,10,1,9,0
209,conv2d_2,"(0, 2, 8, 12)",3,10,10,10,10,10,10,0,0
210,conv2d_2,"(0, 2, 9, 15)",22,10,10,10,10,10,0,10,0
211,conv2d_2,"(2, 1, 6, 7)",8,10,10,10,10,10,0,10,0
212,conv2d_2,"(1, 1, 1, 3)",2,10,10,10,10,10,1,9,0
213,conv2d_2,"(0, 1, 4, 11)",20,10,10,10,10,10,0,10,0
214,conv2d_2,"(0, 0, 5, 13)",23,10,10,10,10,10,0,10,0
215,conv2d_2,"(1, 1, 5, 8)",18,10,10,10,10,10,0,10,0
216,conv2d_2,"(1, 0, 3, 10)",9,10,10,10,10,10,0,10,0
217,conv2d_2,"(2, 1, 12, 7)",5,10,10,10,10,10,0,10,0
218,conv2d_2,"(1, 2, 0, 12)",7,10,10,10,10,10,0,10,0
219,conv2d_2,"(2, 2, 11, 14)",16,10,10,10,10,10,10,0,0
220,conv2d_2,"(0, 2, 11, 12)",14,10,10,10,10,10,0,10,0
221,conv2d_2,"(2, 2, 0, 15)",20,10,10,10,10,10,0,10,0
222,conv2d_2,"(2, 1, 2, 7)",19,10,10,10,10,10,10,0,0
223,conv2d_2,"(0, 0, 3, 13)",2,10,10,10,10,10,0,10,0
224,conv2d_2,"(0, 0, 15, 9)",15,10,10,10,10,10,0,10,0
225,conv2d_2,"(1, 1, 12, 4)",26,10,10,10,10,10,1,9,0
226,conv2d_2,"(2, 0, 13, 4)",31,10,10,10,10,10,0,10,0
227,conv2d_2,"(0, 2, 8, 13)",23,10,10,10,10,10,10,0,0
228,conv2d_2,"(1, 0, 14, 6)",23,10,10,10,10,10,0,10,0
229,conv2d_2,"(2, 2, 11, 3)",22,10,10,10,10,10,0,10,0
230,conv2d_2,"(1, 0, 12, 1)",7,10,10,10,10,10,1,9,0
231,conv2d_2,"(2, 0, 2, 14)",1,10,10,10,10,10,10,0,0
232,conv2d_2,"(0, 0, 10, 1)",13,10,10,10,10,10,0,10,0
233,conv2d_2,"(2, 0, 6, 2)",14,10,10,10,10,10,0,10,0
234,conv2d_2,"(2, 0, 4, 10)",17,10,10,10,10,10,0,10,0
235,conv2d_2,"(2, 1, 4, 4)",11,10,10,10,10,10,0,10,0
236,conv2d_2,"(0, 0, 0, 3)",22,10,10,10,10,10,0,10,0
237,conv2d_2,"(0, 0, 10, 7)",16,10,10,10,10,10,0,10,0
238,conv2d_2,"(2, 1, 4, 1)",7,10,10,10,10,10,0,10,0
239,conv2d_2,"(1, 1, 15, 2)",6,10,10,10,10,10,0,10,0
240,conv2d_2,"(2, 0, 7, 14)",19,10,10,10,10,10,10,0,0
241,conv2d_2,"(0, 1, 0, 14)",25,10,10,10,10,10,10,0,0
242,conv2d_2,"(1, 2, 3, 13)",28,10,10,10,10,10,0,10,0
243,conv2d_2,"(1, 2, 2, 2)",9,10,10,10,10,10,10,0,0
244,conv2d_2,"(1, 2, 4, 2)",20,10,10,10,10,10,0,10,0
245,conv2d_2,"(1, 2, 9, 12)",27,10,10,10,10,10,0,10,0
246,conv2d_2,"(2, 2, 3, 3)",13,10,10,10,10,10,0,10,0
247,conv2d_2,"(0, 1, 14, 13)",21,10,10,10,10,10,0,10,0
248,conv2d_2,"(1, 2, 12, 14)",6,10,10,10,10,10,10,0,0
249,conv2d_2,"(1, 2, 13, 10)",16,10,10,10,10,10,0,10,0
250,conv2d_2,"(2, 1, 4, 11)",4,10,10,10,10,10,0,10,0
251,conv2d_2,"(0, 1, 2, 2)",6,10,10,10,10,10,10,0,0
252,conv2d_2,"(2, 0, 4, 11)",21,10,10,10,10,10,0,10,0
253,conv2d_2,"(1, 2, 13, 3)",27,10,10,10,10,10,0,10,0
254,conv2d_2,"(2, 1, 9, 1)",22,10,10,10,10,10,0,10,0
255,conv2d_2,"(0, 2, 6, 3)",30,10,1,5,1,5,0,1,9
256,conv2d_2,"(1, 2, 3, 7)",23,10,10,10,10,10,0,10,0
257,conv2d_2,"(2, 0, 8, 3)",27,10,10,10,10,10,10,0,0
258,conv2d_2,"(0, 0, 8, 0)",17,10,10,10,10,10,10,0,0
259,conv2d_2,"(1, 0, 10, 9)",11,10,10,10,10,10,0,10,0
260,conv2d_2,"(0, 0, 12, 4)",1,10,10,10,10,10,1,9,0
261,conv2d_2,"(1, 1, 6, 2)",29,10,10,10,10,10,0,10,0
262,conv2d_2,"(1, 1, 5, 10)",20,10,10,10,10,10,0,10,0
263,conv2d_2,"(0, 0, 1, 2)",3,10,10,10,10,10,1,9,0
264,conv2d_2,"(1, 2, 8, 2)",27,10,10,10,10,10,10,0,0
265,conv2d_2,"(1, 1, 14, 15)",13,10,10,10,10,10,0,10,0
266,conv2d_2,"(1, 0, 11, 3)",18,10,10,10,10,10,0,10,0
267,conv2d_2,"(0, 0, 9, 15)",25,10,10,10,10,10,0,10,0
268,conv2d_2,"(0, 1, 0, 1)",13,10,10,10,10,10,0,10,0
269,conv2d_2,"(1, 1, 8, 4)",7,10,10,10,10,10,10,0,0
270,conv2d_2,"(2, 1, 15, 0)",11,10,10,10,10,10,0,10,0
271,conv2d_2,"(2, 2, 12, 4)",14,10,10,10,10,10,0,10,0
272,conv2d_2,"(1, 2, 2, 11)",2,10,10,10,10,10,10,0,0
273,conv2d_2,"(1, 0, 0, 13)",20,10,10,10,10,10,0,10,0
274,conv2d_2,"(2, 2, 12, 13)",26,10,10,10,10,10,0,10,0
275,conv2d_2,"(1, 0, 3, 9)",20,10,10,10,10,10,0,10,0
276,conv2d_2,"(2, 1, 14, 5)",5,10,10,10,10,10,10,0,0
277,conv2d_2,"(0, 1, 3, 13)",25,10,10,10,10,10,0,10,0
278,conv2d_2,"(1, 2, 12, 2)",21,10,10,10,10,10,0,10,0
279,conv2d_2,"(0, 0, 10, 7)",7,10,10,10,10,10,0,10,0
280,conv2d_2,"(1, 2, 11, 6)",9,10,10,10,10,10,0,10,0
281,conv2d_2,"(0, 1, 3, 7)",12,10,10,10,10,10,0,10,0
282,conv2d_2,"(2, 0, 4, 5)",11,10,10,10,10,10,9,1,0
283,conv2d_2,"(2, 2, 14, 15)",28,10,10,10,10,10,0,10,0
284,conv2d_2,"(0, 1, 10, 10)",4,10,10,10,10,10,0,10,0
285,conv2d_2,"(2, 1, 14, 15)",17,10,10,10,10,10,0,10,0
286,conv2d_2,"(2, 0, 11, 1)",19,10,10,10,10,10,0,10,0
287,conv2d_2,"(0, 0, 14, 14)",23,10,10,10,10,10,10,0,0
288,conv2d_2,"(2, 0, 2, 9)",24,10,10,10,10,10,10,0,0
289,conv2d_2,"(1, 2, 1, 14)",12,10,10,10,10,10,10,0,0
290,conv2d_2,"(2, 0, 15, 10)",3,10,10,10,10,10,0,10,0
291,conv2d_2,"(1, 2, 3, 14)",5,10,10,10,10,10,10,0,0
292,conv2d_2,"(0, 2, 1, 5)",28,10,10,10,10,10,5,5,0
293,conv2d_2,"(1, 1, 5, 14)",18,10,10,10,10,10,10,0,0
294,conv2d_2,"(1, 2, 13, 12)",3,10,10,10,10,10,0,10,0
295,conv2d_2,"(1, 0, 2, 10)",24,10,10,10,10,10,10,0,0
296,conv2d_2,"(2, 2, 8, 9)",9,10,10,10,10,10,10,0,0
297,conv2d_2,"(2, 2, 2, 10)",9,10,10,10,10,10,10,0,0
298,conv2d_2,"(2, 2, 9, 11)",25,10,10,10,10,10,0,10,0
299,conv2d_2,"(1, 2, 2, 4)",24,10,10,10,10,10,10,0,0
300,conv2d_2,"(2, 2, 4, 10)",5,10,10,10,10,10,0,10,0
301,conv2d_2,"(0, 1, 11, 13)",19,10,10,10,10,10,0,10,0
302,conv2d_2,"(1, 1, 6, 5)",12,10,10,10,10,10,3,7,0
303,conv2d_2,"(0, 0, 4, 7)",18,10,10,10,10,10,0,10,0
304,conv2d_2,"(2, 1, 1, 3)",8,10,10,10,10,10,1,9,0
305,conv2d_2,"(0, 0, 4, 12)",10,10,10,10,10,10,0,10,0
306,conv2d_2,"(1, 1, 1, 14)",15,10,10,10,10,10,10,0,0
307,conv2d_2,"(2, 1, 9, 14)",14,10,10,10,10,10,10,0,0
308,conv2d_2,"(1, 0, 9, 7)",23,10,10,10,10,10,0,10,0
309,conv2d_2,"(1, 1, 14, 14)",26,10,10,10,10,10,10,0,0
310,conv2d_2,"(2, 0, 6, 5)",16,10,10,10,10,10,7,3,0
311,conv2d_2,"(1, 2, 15, 1)",6,10,10,10,10,10,0,10,0
312,conv2d_2,"(0, 0, 9, 3)",17,10,10,10,10,10,0,10,0
313,conv2d_3,"(1, 0, 4, 14)",14,10,10,10,10,10,0,10,0
314,conv2d_3,"(0, 1, 11, 14)",3,10,10,10,10,10,0,10,0
315,conv2d_3,"(0, 1, 11, 12)",5,10,10,10,10,10,0,10,0
316,conv2d_3,"(0, 1, 7, 11)",6,10,10,10,10,10,0,10,0
317,conv2d_3,"(0, 0, 4, 10)",18,10,10,10,10,10,1,9,0
318,conv2d_3,"(2, 1, 4, 15)",28,10,10,10,10,10,0,10,0
319,conv2d_3,"(0, 1, 2, 0)",13,10,10,10,10,10,0,10,0
320,conv2d_3,"(0, 1, 13, 4)",15,10,10,10,10,10,0,10,0
321,conv2d_3,"(0, 0, 3, 9)",26,10,10,10,10,10,0,10,0
322,conv2d_3,"(0, 1, 2, 14)",1,10,10,10,10,10,0,10,0
323,conv2d_3,"(1, 1, 4, 7)",0,10,10,10,10,10,10,0,0
324,conv2d_3,"(2, 1, 7, 11)",11,10,10,10,10,10,0,10,0
325,conv2d_3,"(0, 2, 11, 2)",1,10,10,10,10,10,0,10,0
326,conv2d_3,"(0, 2, 15, 12)",24,10,10,10,10,10,0,10,0
327,conv2d_3,"(2, 0, 8, 11)",22,10,10,10,10,10,0,10,0
328,conv2d_3,"(0, 2, 11, 2)",6,10,10,10,10,10,0,10,0
329,conv2d_3,"(0, 1, 4, 10)",21,10,10,10,10,10,1,9,0
330,conv2d_3,"(2, 1, 14, 5)",11,10,10,10,10,10,10,0,0
331,conv2d_3,"(2, 1, 2, 4)",2,10,10,10,10,10,0,10,0
332,conv2d_3,"(0, 0, 6, 9)",2,10,10,10,10,10,0,10,0
333,conv2d_3,"(2, 1, 9, 10)",30,10,1,5,1,5,0,1,9
334,conv2d_3,"(2, 0, 1, 8)",18,10,10,10,10,10,0,10,0
335,conv2d_3,"(2, 1, 1, 11)",17,10,10,10,10,10,0,10,0
336,conv2d_3,"(1, 1, 11, 3)",28,10,10,10,10,10,0,10,0
337,conv2d_3,"(0, 1, 10, 12)",31,10,10,10,10,10,0,10,0
338,conv2d_3,"(0, 2, 8, 11)",27,10,10,10,10,10,0,10,0
339,conv2d_3,"(2, 0, 13, 2)",18,10,10,10,10,10,0,10,0
340,conv2d_3,"(0, 1, 3, 10)",18,10,10,10,10,10,0,10,0
341,conv2d_3,"(2, 2, 14, 9)",27,10,10,10,10,10,10,0,0
342,conv2d_3,"(1, 1, 14, 5)",2,10,10,10,10,10,10,0,0
343,conv2d_3,"(1, 2, 13, 11)",3,10,10,10,10,10,1,9,0
344,conv2d_3,"(1, 2, 12, 2)",10,10,10,10,10,10,0,10,0
345,conv2d_3,"(2, 2, 4, 0)",28,10,10,10,10,10,0,10,0
346,conv2d_3,"(0, 0, 4, 1)",23,10,10,10,10,10,1,9,0
347,conv2d_3,"(2, 0, 12, 11)",9,10,10,10,10,10,0,10,0
348,conv2d_3,"(1, 1, 11, 14)",4,10,10,10,10,10,0,10,0
349,conv2d_3,"(1, 1, 11, 4)",17,10,10,10,10,10,0,10,0
350,conv2d_3,"(0, 2, 3, 7)",11,10,10,10,10,10,0,10,0
351,conv2d_3,"(2, 0, 12, 15)",16,10,10,10,10,10,0,10,0
352,conv2d_3,"(0, 2, 14, 8)",18,10,10,10,10,10,10,0,0
353,conv2d_3,"(0, 0, 6, 15)",4,10,10,10,10,10,0,10,0
354,conv2d_3,"(2, 1, 5, 14)",5,10,10,10,10,10,10,0,0
355,conv2d_3,"(2, 0, 11, 10)",18,10,10,10,10,10,0,10,0
356,conv2d_3,"(2, 2, 5, 9)",11,10,10,10,10,10,7,3,0
357,conv2d_3,"(0, 0, 7, 11)",8,10,10,10,10,10,0,10,0
358,conv2d_3,"(0, 1, 15, 7)",23,10,10,10,10,10,0,10,0
359,conv2d_3,"(2, 0, 4, 14)",4,10,10,10,10,10,0,10,0
360,conv2d_3,"(2, 2, 12, 9)",30,10,3,7,3,7,0,3,7
361,conv2d_3,"(2, 0, 13, 13)",8,10,10,10,10,10,0,10,0
362,conv2d_3,"(1, 1, 2, 10)",22,10,10,10,10,10,0,10,0
363,conv2d_3,"(0, 1, 5, 4)",3,10,10,10,10,10,10,0,0
364,conv2d_3,"(1, 0, 4, 3)",10,10,10,10,10,10,0,10,0
365,conv2d_3,"(1, 2, 7, 10)",18,10,10,10,10,10,0,10,0
366,conv2d_3,"(0, 2, 8, 2)",17,10,10,10,10,10,0,10,0
367,conv2d_3,"(2, 2, 9, 4)",5,10,10,10,10,10,0,10,0
368,conv2d_3,"(0, 2, 4, 5)",21,10,10,10,10,10,0,10,0
369,conv2d_3,"(0, 0, 0, 1)",16,10,10,10,10,10,0,10,0
370,conv2d_3,"(2, 2, 13, 6)",1,10,10,10,10,10,0,10,0
371,conv2d_3,"(2, 1, 9, 15)",30,10,2,7,2,7,0,2,8
372,conv2d_3,"(1, 1, 12, 7)",4,10,10,10,10,10,0,10,0
373,conv2d_3,"(1, 1, 5, 1)",30,10,5,9,5,9,3,2,5
374,conv2d_3,"(1, 2, 6, 14)",9,10,10,10,10,10,0,10,0
375,conv2d_3,"(2, 1, 10, 10)",25,10,10,10,10,10,0,10,0
376,conv2d_3,"(2, 2, 11, 4)",6,10,10,10,10,10,0,10,0
377,conv2d_3,"(1, 0, 7, 10)",17,10,10,10,10,10,0,10,0
378,conv2d_3,"(0, 0, 7, 14)",3,10,10,10,10,10,0,10,0
379,conv2d_3,"(2, 1, 12, 9)",15,10,10,10,10,10,0,10,0
380,conv2d_3,"(2, 2, 10, 5)",20,10,10,10,10,10,0,10,0
381,conv2d_3,"(1, 2, 5, 6)",29,10,10,10,10,10,3,7,0
382,conv2d_3,"(1, 0, 9, 15)",5,10,10,10,10,10,0,10,0
383,conv2d_3,"(0, 0, 14, 12)",22,10,10,10,10,10,10,0,0
384,conv2d_3,"(1, 1, 1, 1)",30,10,2,7,2,7,0,2,8
385,conv2d_3,"(0, 1, 0, 9)",8,10,10,10,10,10,0,10,0
386,conv2d_3,"(1, 1, 11, 8)",2,10,10,10,10,10,0,10,0
387,conv2d_3,"(2, 2, 1, 12)",12,10,10,10,10,10,0,10,0
388,conv2d_3,"(0, 1, 9, 11)",28,10,10,10,10,10,0,10,0
389,conv2d_3,"(0, 0, 3, 8)",25,10,10,10,10,10,0,10,0
390,conv2d_3,"(2, 1, 10, 11)",9,10,10,10,10,10,0,10,0
391,conv2d_3,"(2, 0, 12, 6)",2,10,10,10,10,10,3,7,0
392,conv2d_3,"(2, 1, 4, 1)",30,10,2,6,2,6,0,2,8
393,conv2d_3,"(2, 2, 4, 14)",8,10,10,10,10,10,0,10,0
394,conv2d_3,"(0, 1, 10, 10)",19,10,10,10,10,10,0,10,0
395,conv2d_3,"(2, 2, 15, 10)",19,10,10,10,10,10,0,10,0
396,conv2d_3,"(1, 1, 0, 15)",7,10,10,10,10,10,0,10,0
397,conv2d_3,"(2, 2, 9, 13)",1,10,10,10,10,10,0,10,0
398,conv2d_3,"(2, 2, 8, 15)",14,10,10,10,10,10,0,10,0
399,conv2d_3,"(0, 2, 15, 1)",24,10,10,10,10,10,0,10,0
400,conv2d_3,"(0, 2, 7, 4)",7,10,10,10,10,10,0,10,0
401,conv2d_3,"(1, 1, 0, 6)",26,10,10,10,10,10,0,10,0
402,conv2d_3,"(2, 0, 13, 4)",26,10,10,10,10,10,0,10,0
403,conv2d_3,"(2, 0, 1, 15)",13,10,10,10,10,10,0,10,0
404,conv2d_3,"(2, 1, 15, 10)",20,10,10,10,10,10,0,10,0
405,conv2d_3,"(2, 1, 14, 5)",22,10,10,10,10,10,10,0,0
406,conv2d_3,"(0, 0, 15, 8)",17,10,10,10,10,10,0,10,0
407,conv2d_3,"(1, 1, 7, 9)",13,10,10,10,10,10,0,10,0
408,conv2d_3,"(1, 1, 10, 15)",17,10,10,10,10,10,0,10,0
409,conv2d_3,"(2, 2, 3, 9)",24,10,10,10,10,10,0,10,0
410,conv2d_3,"(0, 1, 11, 12)",2,10,10,10,10,10,0,10,0
411,conv2d_3,"(1, 1, 2, 9)",16,10,10,10,10,10,0,10,0
412,conv2d_3,"(0, 2, 6, 15)",17,10,10,10,10,10,0,10,0
413,conv2d_3,"(0, 2, 4, 8)",15,10,10,10,10,10,0,10,0
414,conv2d_3,"(2, 2, 1, 7)",14,10,10,10,10,10,0,10,0
415,conv2d_3,"(0, 1, 1, 7)",21,10,10,10,10,10,0,10,0
416,conv2d_3,"(2, 0, 3, 15)",0,10,10,10,10,10,0,10,0
417,conv2d_3,"(2, 1, 13, 5)",30,10,0,4,0,4,0,0,10
418,conv2d_3,"(1, 1, 9, 6)",3,10,10,10,10,10,0,10,0
419,conv2d_3,"(2, 2, 7, 2)",2,10,10,10,10,10,0,10,0
420,conv2d_3,"(0, 0, 13, 5)",25,10,10,10,10,10,0,10,0
421,conv2d_3,"(2, 1, 5, 15)",2,10,10,10,10,10,10,0,0
422,conv2d_3,"(2, 2, 9, 0)",6,10,10,10,10,10,0,10,0
423,conv2d_3,"(1, 2, 9, 10)",31,10,10,10,10,10,0,10,0
424,conv2d_3,"(1, 0, 14, 4)",7,10,10,10,10,10,10,0,0
425,conv2d_3,"(2, 1, 5, 10)",16,10,10,10,10,10,5,5,0
426,conv2d_3,"(2, 1, 0, 5)",18,10,10,10,10,10,0,10,0
427,conv2d_3,"(2, 2, 5, 6)",25,10,10,10,10,10,3,7,0
428,conv2d_3,"(0, 1, 10, 13)",6,10,10,10,10,10,0,10,0
429,conv2d_3,"(1, 1, 4, 5)",15,10,10,10,10,10,0,10,0
430,conv2d_3,"(1, 0, 8, 0)",28,10,10,10,10,10,0,10,0
431,conv2d_3,"(1, 2, 10, 8)",0,10,10,10,10,10,4,6,0
432,conv2d_3,"(2, 0, 11, 8)",3,10,10,10,10,10,0,10,0
433,conv2d_3,"(1, 0, 14, 3)",25,10,10,10,10,10,10,0,0
434,conv2d_3,"(2, 1, 3, 9)",23,10,10,10,10,10,0,10,0
435,conv2d_3,"(0, 1, 7, 7)",9,10,10,10,10,10,0,10,0
436,conv2d_3,"(1, 2, 11, 14)",30,10,2,7,2,7,0,2,8
437,conv2d_3,"(2, 2, 7, 6)",5,10,10,10,10,10,0,10,0
438,conv2d_3,"(0, 2, 11, 14)",7,10,10,10,10,10,0,10,0
439,conv2d_3,"(2, 2, 6, 1)",9,10,10,10,10,10,0,10,0
440,conv2d_3,"(2, 1, 10, 5)",7,10,10,10,10,10,0,10,0
441,conv2d_3,"(0, 2, 15, 6)",28,10,10,10,10,10,0,10,0
442,conv2d_3,"(0, 2, 14, 1)",26,10,10,10,10,10,10,0,0
443,conv2d_3,"(2, 1, 1, 14)",19,10,10,10,10,10,0,10,0
444,conv2d_3,"(1, 0, 12, 0)",13,10,10,10,10,10,0,10,0
445,conv2d_3,"(1, 1, 1, 2)",4,10,10,10,10,10,0,10,0
446,conv2d_3,"(1, 0, 2, 1)",18,10,10,10,10,10,0,10,0
447,conv2d_3,"(0, 2, 5, 13)",26,10,10,10,10,10,5,5,0
448,conv2d_3,"(1, 1, 12, 11)",24,10,10,10,10,10,0,10,0
449,conv2d_3,"(2, 1, 4, 2)",7,10,10,10,10,10,0,10,0
450,conv2d_3,"(2, 0, 12, 5)",14,10,10,10,10,10,0,10,0
451,conv2d_3,"(1, 1, 0, 0)",27,10,10,10,10,10,0,10,0
452,conv2d_3,"(0, 1, 7, 12)",22,10,10,10,10,10,0,10,0
453,conv2d_3,"(0, 2, 8, 4)",7,10,10,10,10,10,0,10,0
454,conv2d_3,"(2, 0, 13, 1)",15,10,10,10,10,10,0,10,0
455,conv2d_3,"(0, 2, 2, 6)",2,10,10,10,10,10,0,10,0
456,conv2d_4,"(0, 2, 1, 14)",2,10,10,10,10,10,0,10,0
457,conv2d_4,"(0, 2, 14, 12)",13,10,10,10,10,10,0,10,0
458,conv2d_4,"(2, 1, 4, 1)",14,10,10,10,10,10,0,10,0
459,conv2d_4,"(0, 1, 10, 10)",9,10,10,10,10,10,0,10,0
460,conv2d_4,"(1, 1, 13, 7)",3,10,10,10,10,10,0,10,0
461,conv2d_4,"(2, 1, 13, 5)",3,10,10,10,10,10,0,10,0
462,conv2d_4,"(2, 1, 12, 11)",26,10,10,10,10,10,0,10,0
463,conv2d_4,"(1, 1, 4, 13)",11,10,10,10,10,10,0,10,0
464,conv2d_4,"(0, 1, 7, 15)",9,10,10,10,10,10,0,10,0
465,conv2d_4,"(2, 1, 1, 14)",26,10,10,10,10,10,0,10,0
466,conv2d_4,"(0, 1, 12, 4)",13,10,10,10,10,10,0,10,0
467,conv2d_4,"(1, 1, 2, 10)",5,10,10,10,10,10,0,10,0
468,conv2d_4,"(1, 1, 1, 6)",2,10,10,10,10,10,10,0,0
469,conv2d_4,"(2, 2, 6, 2)",13,10,10,10,10,10,0,10,0
470,conv2d_4,"(1, 1, 6, 15)",0,10,10,10,10,10,0,10,0
471,conv2d_4,"(2, 0, 6, 6)",30,10,0,4,0,4,0,0,10
472,conv2d_4,"(1, 0, 6, 7)",20,10,10,10,10,10,0,10,0
473,conv2d_4,"(1, 2, 12, 9)",22,10,10,10,10,10,0,10,0
474,conv2d_4,"(1, 2, 8, 9)",31,10,10,10,10,10,0,10,0
475,conv2d_4,"(2, 1, 3, 14)",20,10,10,10,10,10,0,10,0
476,conv2d_4,"(1, 1, 11, 6)",2,10,10,10,10,10,1,9,0
477,conv2d_4,"(0, 1, 4, 7)",26,10,10,10,10,10,0,10,0
478,conv2d_4,"(0, 1, 4, 9)",14,10,10,10,10,10,0,10,0
479,conv2d_4,"(1, 2, 7, 12)",21,10,10,10,10,10,0,10,0
480,conv2d_4,"(2, 2, 15, 8)",31,10,10,10,10,10,0,10,0
481,conv2d_4,"(2, 1, 5, 14)",10,10,10,10,10,10,0,10,0
482,conv2d_4,"(0, 2, 15, 4)",3,10,10,10,10,10,10,0,0
483,conv2d_4,"(2, 0, 2, 1)",0,10,10,10,10,10,2,8,0
484,conv2d_4,"(2, 0, 4, 13)",4,10,10,10,10,10,0,10,0
485,conv2d_4,"(0, 2, 0, 4)",29,10,10,10,10,10,0,10,0
486,conv2d_4,"(2, 2, 1, 11)",30,10,1,7,1,7,0,1,9
487,conv2d_4,"(0, 2, 0, 15)",26,10,10,10,10,10,0,10,0
488,conv2d_4,"(2, 2, 0, 0)",17,10,10,10,10,10,0,10,0
489,conv2d_4,"(2, 2, 0, 9)",27,10,10,10,10,10,0,10,0
490,conv2d_4,"(0, 2, 3, 5)",9,10,10,10,10,10,0,10,0
491,conv2d_4,"(2, 2, 6, 7)",16,10,10,10,10,10,0,10,0
492,conv2d_4,"(1, 0, 8, 11)",23,10,10,10,10,10,0,10,0
493,conv2d_4,"(2, 0, 14, 12)",14,10,10,10,10,10,0,10,0
494,conv2d_4,"(2, 2, 2, 9)",2,10,10,10,10,10,0,10,0
495,conv2d_4,"(1, 1, 12, 2)",30,10,0,7,0,7,0,0,10
496,conv2d_4,"(2, 0, 0, 1)",5,10,10,10,10,10,0,10,0
497,conv2d_4,"(2, 1, 13, 15)",6,10,10,10,10,10,0,10,0
498,conv2d_4,"(0, 2, 7, 1)",30,10,3,7,3,7,0,3,7
499,conv2d_4,"(0, 2, 1, 8)",17,10,10,10,10,10,0,10,0
500,conv2d_4,"(1, 0, 5, 1)",13,10,10,10,10,10,0,10,0
501,conv2d_4,"(0, 1, 12, 4)",10,10,10,10,10,10,0,10,0
502,conv2d_4,"(2, 2, 12, 7)",21,10,10,10,10,10,0,10,0
503,conv2d_4,"(2, 2, 4, 12)",5,10,10,10,10,10,0,10,0
504,conv2d_4,"(0, 1, 1, 11)",14,10,10,10,10,10,0,10,0
505,conv2d_4,"(2, 2, 10, 2)",25,10,10,10,10,10,0,10,0
506,conv2d_4,"(2, 1, 0, 10)",28,10,10,10,10,10,0,10,0
507,conv2d_4,"(1, 2, 7, 15)",24,10,10,10,10,10,0,10,0
508,conv2d_4,"(2, 2, 5, 13)",24,10,10,10,10,10,0,10,0
509,conv2d_4,"(0, 2, 9, 2)",4,10,10,10,10,10,0,10,0
510,conv2d_4,"(0, 1, 8, 2)",9,10,10,10,10,10,0,10,0
511,conv2d_4,"(1, 0, 10, 12)",5,10,10,10,10,10,0,10,0
512,conv2d_4,"(1, 1, 9, 0)",17,10,10,10,10,10,0,10,0
513,conv2d_4,"(0, 0, 4, 3)",27,10,10,10,10,10,0,10,0
514,conv2d_4,"(0, 0, 13, 14)",5,10,10,10,10,10,0,10,0
515,conv2d_4,"(2, 2, 2, 11)",20,10,10,10,10,10,0,10,0
516,conv2d_4,"(1, 1, 0, 12)",24,10,10,10,10,10,0,10,0
517,conv2d_4,"(2, 2, 7, 2)",10,10,10,10,10,10,0,10,0
518,conv2d_4,"(0, 1, 5, 12)",19,10,10,10,10,10,0,10,0
519,conv2d_4,"(0, 0, 15, 8)",10,10,10,10,10,10,0,10,0
520,conv2d_4,"(1, 1, 8, 13)",30,10,1,5,1,5,0,1,9
521,conv2d_4,"(1, 0, 11, 2)",31,10,10,10,10,10,0,10,0
522,conv2d_4,"(0, 0, 14, 6)",19,10,10,10,10,10,0,10,0
523,conv2d_4,"(1, 2, 12, 0)",24,10,10,10,10,10,0,10,0
524,conv2d_4,"(1, 1, 14, 10)",8,10,10,10,10,10,0,10,0
525,conv2d_4,"(2, 2, 10, 9)",12,10,10,10,10,10,0,10,0
526,conv2d_4,"(0, 1, 10, 15)",20,10,10,10,10,10,0,10,0
527,conv2d_4,"(2, 0, 15, 9)",20,10,10,10,10,10,0,10,0
528,conv2d_4,"(1, 1, 8, 12)",7,10,10,10,10,10,0,10,0
529,conv2d_4,"(2, 2, 5, 6)",1,10,10,10,10,10,0,10,0
530,conv2d_4,"(1, 1, 6, 14)",4,10,10,10,10,10,0,10,0
531,conv2d_4,"(0, 2, 15, 13)",19,10,10,10,10,10,0,10,0
532,conv2d_4,"(2, 0, 8, 7)",27,10,10,10,10,10,0,10,0
533,conv2d_4,"(1, 2, 2, 12)",30,10,0,4,0,4,0,0,10
534,conv2d_4,"(2, 0, 13, 12)",23,10,10,10,10,10,0,10,0
535,conv2d_4,"(0, 2, 3, 2)",22,10,10,10,10,10,0,10,0
536,conv2d_4,"(2, 2, 1, 5)",25,10,10,10,10,10,0,10,0
537,conv2d_4,"(0, 0, 13, 10)",6,10,10,10,10,10,0,10,0
538,conv2d_4,"(2, 2, 7, 8)",14,10,10,10,10,10,0,10,0
539,conv2d_4,"(1, 1, 11, 14)",9,10,10,10,10,10,0,10,0
540,conv2d_4,"(1, 0, 0, 11)",18,10,10,10,10,10,0,10,0
541,conv2d_4,"(0, 2, 2, 13)",9,10,10,10,10,10,0,10,0
542,conv2d_4,"(1, 1, 9, 11)",13,10,10,10,10,10,0,10,0
543,conv2d_4,"(1, 0, 11, 15)",28,10,10,10,10,10,0,10,0
544,conv2d_4,"(0, 1, 10, 14)",2,10,10,10,10,10,1,9,0
545,conv2d_4,"(1, 2, 0, 3)",6,10,10,10,10,10,0,10,0
546,conv2d_4,"(2, 0, 7, 5)",10,10,10,10,10,10,0,10,0
547,conv2d_4,"(1, 0, 13, 10)",25,10,10,10,10,10,0,10,0
548,conv2d_4,"(2, 2, 5, 5)",27,10,10,10,10,10,0,10,0
549,conv2d_4,"(2, 2, 0, 12)",12,10,10,10,10,10,0,10,0
550,conv2d_4,"(1, 0, 13, 14)",13,10,10,10,10,10,0,10,0
551,conv2d_4,"(2, 0, 8, 6)",6,10,10,10,10,10,0,10,0
552,conv2d_4,"(1, 0, 11, 5)",29,10,10,10,10,10,0,10,0
553,conv2d_4,"(2, 1, 8, 3)",20,10,10,10,10,10,0,10,0
554,conv2d_4,"(2, 0, 12, 12)",22,10,10,10,10,10,0,10,0
555,conv2d_4,"(2, 0, 14, 11)",19,10,10,10,10,10,0,10,0
556,conv2d_4,"(1, 0, 4, 2)",15,10,10,10,10,10,0,10,0
557,conv2d_4,"(0, 1, 3, 9)",9,10,10,10,10,10,0,10,0
558,conv2d_4,"(2, 0, 13, 12)",24,10,10,10,10,10,0,10,0
559,conv2d_4,"(1, 2, 5, 13)",11,10,10,10,10,10,0,10,0
560,conv2d_4,"(1, 0, 15, 5)",11,10,10,10,10,10,0,10,0
561,conv2d_4,"(2, 0, 14, 10)",22,10,10,10,10,10,0,10,0
562,conv2d_4,"(0, 0, 15, 0)",24,10,10,10,10,10,0,10,0
563,conv2d_4,"(2, 1, 13, 15)",26,10,10,10,10,10,0,10,0
564,conv2d_4,"(0, 0, 15, 14)",1,10,10,10,10,10,0,10,0
565,conv2d_4,"(0, 1, 9, 7)",14,10,10,10,10,10,0,10,0
566,conv2d_4,"(1, 2, 5, 9)",31,10,10,10,10,10,0,10,0
567,conv2d_4,"(1, 2, 3, 3)",23,10,10,10,10,10,0,10,0
568,conv2d_4,"(2, 0, 14, 1)",27,10,10,10,10,10,0,10,0
569,conv2d_4,"(1, 0, 7, 3)",28,10,10,10,10,10,0,10,0
570,conv2d_4,"(0, 1, 11, 8)",7,10,10,10,10,10,0,10,0
571,conv2d_4,"(2, 2, 6, 7)",22,10,10,10,10,10,0,10,0
572,conv2d_4,"(2, 0, 5, 13)",13,10,10,10,10,10,0,10,0
573,conv2d_4,"(2, 1, 1, 6)",17,10,10,10,10,10,0,10,0
574,conv2d_4,"(2, 1, 10, 5)",18,10,10,10,10,10,0,10,0
575,conv2d_4,"(0, 1, 3, 8)",3,10,10,10,10,10,0,10,0
576,conv2d_4,"(2, 0, 4, 8)",15,10,10,10,10,10,0,10,0
577,conv2d_4,"(0, 2, 10, 4)",25,10,10,10,10,10,1,9,0
578,conv2d_4,"(2, 2, 4, 15)",17,10,10,10,10,10,0,10,0
579,conv2d_4,"(1, 0, 12, 13)",5,10,10,10,10,10,0,10,0
580,conv2d_4,"(2, 1, 8, 12)",29,10,10,10,10,10,0,10,0
581,conv2d_4,"(2, 0, 10, 15)",5,10,10,10,10,10,0,10,0
582,conv2d_4,"(0, 2, 11, 14)",25,10,10,10,10,10,0,10,0
583,conv2d_4,"(0, 1, 13, 6)",17,10,10,10,10,10,0,10,0
584,conv2d_4,"(1, 2, 9, 10)",8,10,10,10,10,10,0,10,0
585,conv2d_4,"(2, 0, 10, 15)",2,10,10,10,10,10,3,7,0
586,conv2d_4,"(0, 0, 14, 3)",10,10,10,10,10,10,0,10,0
587,conv2d_4,"(0, 1, 14, 14)",12,10,10,10,10,10,0,10,0
588,conv2d_4,"(0, 1, 9, 4)",5,10,10,10,10,10,0,10,0
589,conv2d_4,"(0, 1, 8, 11)",10,10,10,10,10,10,0,10,0
590,conv2d_4,"(2, 1, 12, 1)",14,10,10,10,10,10,0,10,0
591,conv2d_4,"(2, 0, 2, 13)",0,10,10,10,10,10,0,10,0
592,conv2d_4,"(0, 0, 15, 6)",14,10,10,10,10,10,0,10,0
593,conv2d_4,"(0, 2, 0, 14)",21,10,10,10,10,10,0,10,0
594,conv2d_4,"(2, 0, 13, 3)",30,10,1,7,1,7,0,1,9
595,conv2d_4,"(1, 0, 7, 2)",6,10,10,10,10,10,0,10,0
596,conv2d_4,"(1, 1, 10, 3)",8,10,10,10,10,10,0,10,0
597,conv2d_4,"(2, 2, 4, 12)",9,10,10,10,10,10,0,10,0
598,conv2d_4,"(2, 2, 0, 2)",10,10,10,10,10,10,0,10,0
599,conv2d_5,"(2, 0, 11, 14)",9,10,10,10,10,10,0,10,0
600,conv2d_5,"(0, 0, 14, 13)",6,10,10,10,10,10,0,10,0
601,conv2d_5,"(2, 2, 3, 4)",24,10,10,10,10,10,0,10,0
602,conv2d_5,"(1, 0, 13, 11)",15,10,10,10,10,10,10,0,0
603,conv2d_5,"(0, 2, 2, 8)",18,10,10,10,10,10,0,10,0
604,conv2d_5,"(0, 2, 9, 0)",12,10,10,10,10,10,0,10,0
605,conv2d_5,"(2, 0, 9, 12)",15,10,10,10,10,10,0,10,0
606,conv2d_5,"(0, 0, 12, 15)",31,10,10,10,10,10,0,10,0
607,conv2d_5,"(1, 1, 0, 2)",8,10,10,10,10,10,0,10,0
608,conv2d_5,"(1, 2, 13, 12)",11,10,10,10,10,10,0,10,0
609,conv2d_5,"(0, 2, 2, 15)",4,10,10,10,10,10,0,10,0
610,conv2d_5,"(0, 0, 8, 0)",3,10,10,10,10,10,0,10,0
611,conv2d_5,"(2, 2, 9, 12)",26,10,10,10,10,10,0,10,0
612,conv2d_5,"(0, 2, 12, 13)",9,10,10,10,10,10,0,10,0
613,conv2d_5,"(1, 0, 2, 8)",13,10,10,10,10,10,0,10,0
614,conv2d_5,"(1, 2, 10, 4)",4,10,10,10,10,10,0,10,0
615,conv2d_5,"(2, 0, 13, 9)",3,10,10,10,10,10,0,10,0
616,conv2d_5,"(1, 0, 2, 7)",29,10,10,10,10,10,0,10,0
617,conv2d_5,"(2, 2, 9, 1)",11,10,10,10,10,10,0,10,0
618,conv2d_5,"(2, 0, 0, 3)",0,10,10,10,10,10,0,10,0
619,conv2d_5,"(1, 2, 15, 5)",16,10,10,10,10,10,10,0,0
620,conv2d_5,"(0, 2, 11, 5)",17,10,10,10,10,10,10,0,0
621,conv2d_5,"(1, 1, 0, 3)",17,10,10,10,10,10,0,10,0
622,conv2d_5,"(2, 2, 8, 2)",4,10,10,10,10,10,0,10,0
623,conv2d_5,"(2, 1, 14, 15)",3,10,10,10,10,10,0,10,0
624,conv2d_5,"(1, 0, 5, 15)",16,10,10,10,10,10,0,10,0
625,conv2d_5,"(0, 2, 3, 3)",0,10,10,10,10,10,8,2,0
626,conv2d_5,"(0, 0, 0, 1)",30,10,4,6,4,6,0,4,6
627,conv2d_5,"(0, 0, 12, 11)",2,10,10,10,10,10,10,0,0
628,conv2d_5,"(1, 0, 7, 13)",26,10,10,10,10,10,0,10,0
629,conv2d_5,"(0, 2, 8, 10)",23,10,10,10,10,10,0,10,0
630,conv2d_5,"(0, 0, 1, 3)",2,10,10,10,10,10,0,10,0
631,conv2d_5,"(1, 1, 2, 12)",19,10,10,10,10,10,0,10,0
632,conv2d_5,"(2, 1, 2, 10)",0,10,10,10,10,10,0,10,0
633,conv2d_5,"(1, 2, 6, 11)",19,10,10,10,10,10,10,0,0
634,conv2d_5,"(1, 2, 14, 7)",31,10,10,10,10,10,0,10,0
635,conv2d_5,"(0, 0, 7, 6)",26,10,10,10,10,10,0,10,0
636,conv2d_5,"(2, 1, 7, 0)",0,10,10,10,10,10,0,10,0
637,conv2d_5,"(2, 1, 0, 10)",19,10,10,10,10,10,0,10,0
638,conv2d_5,"(2, 0, 6, 3)",26,10,10,10,10,10,0,10,0
639,conv2d_5,"(0, 2, 1, 15)",17,10,10,10,10,10,0,10,0
640,conv2d_5,"(0, 2, 1, 2)",26,10,10,10,10,10,0,10,0
641,conv2d_5,"(2, 0, 14, 11)",6,10,10,10,10,10,10,0,0
642,conv2d_5,"(0, 2, 12, 4)",3,10,10,10,10,10,0,10,0
643,conv2d_5,"(0, 1, 4, 13)",16,10,10,10,10,10,0,10,0
644,conv2d_5,"(2, 2, 12, 10)",20,10,10,10,10,10,0,10,0
645,conv2d_5,"(1, 0, 14, 10)",4,10,10,10,10,10,0,10,0
646,conv2d_5,"(2, 0, 4, 6)",9,10,10,10,10,10,0,10,0
647,conv2d_5,"(1, 1, 5, 3)",20,10,10,10,10,10,0,10,0
648,conv2d_5,"(2, 1, 3, 13)",13,10,10,10,10,10,0,10,0
649,conv2d_5,"(1, 1, 9, 14)",7,10,10,10,10,10,0,10,0
650,conv2d_5,"(2, 1, 5, 2)",2,10,10,10,10,10,10,0,0
651,conv2d_5,"(0, 0, 10, 6)",15,10,10,10,10,10,0,10,0
652,conv2d_5,"(2, 0, 12, 11)",19,10,10,10,10,10,10,0,0
653,conv2d_5,"(0, 1, 5, 8)",28,10,10,10,10,10,0,10,0
654,conv2d_5,"(1, 0, 3, 7)",8,10,10,10,10,10,0,10,0
655,conv2d_5,"(0, 0, 0, 3)",8,10,10,10,10,10,0,10,0
656,conv2d_5,"(1, 2, 12, 6)",5,10,10,10,10,10,0,10,0
657,conv2d_5,"(0, 0, 2, 8)",12,10,10,10,10,10,0,10,0
658,conv2d_5,"(0, 1, 4, 14)",7,10,10,10,10,10,1,9,0
659,conv2d_5,"(0, 0, 14, 1)",27,10,10,10,10,10,0,10,0
660,conv2d_5,"(0, 1, 15, 12)",27,10,10,10,10,10,0,10,0
661,conv2d_5,"(0, 0, 11, 5)",17,10,10,10,10,10,10,0,0
662,conv2d_5,"(0, 0, 14, 8)",15,10,10,10,10,10,0,10,0
663,conv2d_5,"(1, 2, 15, 9)",30,10,0,4,0,4,0,0,10
664,conv2d_5,"(1, 1, 2, 1)",8,10,10,10,10,10,0,10,0
665,conv2d_5,"(2, 2, 6, 13)",15,10,10,10,10,10,0,10,0
666,conv2d_5,"(2, 1, 12, 0)",30,10,2,4,2,4,0,2,8
667,conv2d_5,"(2, 2, 11, 15)",20,10,10,10,10,10,0,10,0
668,conv2d_5,"(0, 0, 8, 12)",20,10,10,10,10,10,0,10,0
669,conv2d_5,"(1, 0, 0, 7)",30,10,1,7,1,7,0,1,9
670,conv2d_5,"(0, 0, 7, 11)",15,10,10,10,10,10,10,0,0
671,conv2d_5,"(2, 2, 8, 7)",3,10,10,10,10,10,0,10,0
672,conv2d_5,"(1, 0, 12, 7)",11,10,10,10,10,10,0,10,0
673,conv2d_5,"(2, 2, 10, 7)",22,10,10,10,10,10,0,10,0
674,conv2d_5,"(2, 2, 11, 0)",9,10,10,10,10,10,0,10,0
675,conv2d_5,"(2, 1, 15, 6)",11,10,10,10,10,10,0,10,0
676,conv2d_5,"(0, 0, 1, 15)",14,10,10,10,10,10,0,10,0
677,conv2d_5,"(2, 1, 0, 7)",0,10,10,10,10,10,1,9,0
678,conv2d_5,"(0, 1, 6, 10)",11,10,10,10,10,10,0,10,0
679,conv2d_5,"(0, 0, 1, 10)",9,10,10,10,10,10,0,10,0
680,conv2d_5,"(0, 1, 11, 3)",25,10,10,10,10,10,0,10,0
681,conv2d_5,"(1, 1, 10, 3)",8,10,10,10,10,10,0,10,0
682,conv2d_5,"(2, 1, 13, 5)",20,10,10,10,10,10,10,0,0
683,conv2d_5,"(0, 2, 11, 5)",11,10,10,10,10,10,10,0,0
684,conv2d_5,"(2, 2, 9, 12)",18,10,10,10,10,10,0,10,0
685,conv2d_5,"(2, 0, 5, 4)",25,10,10,10,10,10,0,10,0
686,conv2d_5,"(2, 1, 5, 1)",14,10,10,10,10,10,0,10,0
687,conv2d_5,"(0, 1, 15, 3)",4,10,10,10,10,10,0,10,0
688,conv2d_5,"(1, 0, 11, 7)",5,10,10,10,10,10,0,10,0
689,conv2d_5,"(0, 1, 14, 10)",13,10,10,10,10,10,0,10,0
690,conv2d_5,"(1, 1, 2, 7)",6,10,10,10,10,10,0,10,0
691,conv2d_5,"(1, 1, 1, 0)",26,10,10,10,10,10,0,10,0
692,conv2d_5,"(1, 1, 13, 5)",22,10,10,10,10,10,10,0,0
693,conv2d_5,"(1, 2, 3, 12)",14,10,10,10,10,10,0,10,0
694,conv2d_5,"(0, 0, 14, 5)",18,10,10,10,10,10,10,0,0
695,conv2d_5,"(1, 0, 10, 0)",4,10,10,10,10,10,0,10,0
696,conv2d_5,"(1, 0, 5, 10)",4,10,10,10,10,10,0,10,0
697,conv2d_5,"(2, 2, 10, 2)",30,10,2,6,2,6,0,2,8
698,conv2d_5,"(2, 0, 13, 0)",27,10,10,10,10,10,0,10,0
699,conv2d_5,"(0, 1, 1, 5)",13,10,10,10,10,10,10,0,0
700,conv2d_5,"(2, 2, 13, 6)",16,10,10,10,10,10,0,10,0
701,conv2d_5,"(0, 0, 9, 9)",3,10,10,10,10,10,0,10,0
702,conv2d_5,"(0, 0, 15, 12)",23,10,10,10,10,10,0,10,0
703,conv2d_5,"(0, 1, 13, 0)",30,10,2,6,2,6,0,2,8
704,conv2d_5,"(0, 0, 3, 6)",10,10,10,10,10,10,0,10,0
705,conv2d_5,"(1, 0, 2, 9)",19,10,10,10,10,10,0,10,0
706,conv2d_5,"(1, 2, 15, 12)",16,10,10,10,10,10,0,10,0
707,conv2d_5,"(0, 1, 12, 2)",24,10,10,10,10,10,0,10,0
708,conv2d_5,"(1, 0, 5, 11)",16,10,10,10,10,10,10,0,0
709,conv2d_5,"(1, 0, 14, 14)",17,10,10,10,10,10,0,10,0
710,conv2d_5,"(2, 2, 4, 1)",6,10,10,10,10,10,0,10,0
711,conv2d_5,"(2, 1, 11, 2)",14,10,10,10,10,10,0,10,0
712,conv2d_5,"(2, 1, 12, 1)",30,10,2,5,2,5,0,2,8
713,conv2d_5,"(1, 0, 15, 7)",25,10,10,10,10,10,0,10,0
714,conv2d_5,"(0, 1, 4, 1)",11,10,10,10,10,10,0,10,0
715,conv2d_5,"(0, 0, 6, 5)",2,10,10,10,10,10,10,0,0
716,conv2d_5,"(2, 1, 2, 13)",12,10,10,10,10,10,0,10,0
717,conv2d_5,"(1, 2, 8, 4)",4,10,10,10,10,10,0,10,0
718,conv2d_5,"(2, 1, 12, 2)",20,10,10,10,10,10,0,10,0
719,conv2d_5,"(0, 2, 14, 8)",26,10,10,10,10,10,0,10,0
720,conv2d_5,"(0, 0, 13, 3)",6,10,10,10,10,10,0,10,0
721,conv2d_5,"(1, 2, 3, 3)",22,10,10,10,10,10,0,10,0
722,conv2d_5,"(1, 2, 8, 13)",31,10,10,10,10,10,0,10,0
723,conv2d_5,"(0, 1, 1, 15)",25,10,10,10,10,10,0,10,0
724,conv2d_5,"(0, 1, 12, 4)",21,10,10,10,10,10,0,10,0
725,conv2d_5,"(2, 1, 1, 7)",17,10,10,10,10,10,0,10,0
726,conv2d_5,"(1, 1, 0, 11)",19,10,10,10,10,10,10,0,0
727,conv2d_5,"(2, 2, 15, 8)",6,10,10,10,10,10,0,10,0
728,conv2d_5,"(1, 2, 4, 7)",28,10,10,10,10,10,0,10,0
729,conv2d_5,"(2, 1, 8, 10)",5,10,10,10,10,10,0,10,0
730,conv2d_5,"(0, 1, 14, 6)",31,10,10,10,10,10,0,10,0
731,conv2d_5,"(2, 0, 1, 11)",4,10,10,10,10,10,10,0,0
732,conv2d_5,"(0, 2, 12, 9)",1,10,10,10,10,10,0,10,0
733,conv2d_5,"(0, 0, 6, 5)",15,10,10,10,10,10,10,0,0
734,conv2d_5,"(0, 1, 14, 1)",12,10,10,10,10,10,0,10,0
735,conv2d_5,"(1, 2, 11, 8)",25,10,10,10,10,10,0,10,0
736,conv2d_5,"(0, 1, 0, 3)",31,10,10,10,10,10,0,10,0
737,conv2d_5,"(1, 2, 5, 14)",22,10,10,10,10,10,0,10,0
738,conv2d_5,"(1, 2, 5, 11)",5,10,10,10,10,10,10,0,0
739,conv2d_5,"(1, 0, 0, 9)",10,10,10,10,10,10,0,10,0
740,conv2d_5,"(2, 0, 7, 6)",13,10,10,10,10,10,0,10,0
741,conv2d_5,"(2, 0, 13, 8)",0,10,10,10,10,10,0,10,0
742,conv2d_6,"(2, 0, 4, 15)",0,10,10,10,10,10,0,10,0
743,conv2d_6,"(2, 1, 8, 7)",17,10,10,10,10,10,0,10,0
744,conv2d_6,"(1, 1, 12, 13)",16,10,10,10,10,10,0,10,0
745,conv2d_6,"(1, 2, 14, 6)",25,10,10,10,10,10,0,10,0
746,conv2d_6,"(2, 2, 0, 3)",23,10,10,10,10,10,0,10,0
747,conv2d_6,"(2, 0, 9, 9)",30,10,0,4,0,4,0,0,10
748,conv2d_6,"(1, 2, 10, 2)",20,10,10,10,10,10,0,10,0
749,conv2d_6,"(2, 2, 8, 8)",19,10,10,10,10,10,0,10,0
750,conv2d_6,"(2, 0, 4, 6)",3,10,10,10,10,10,0,10,0
751,conv2d_6,"(2, 0, 10, 12)",1,10,10,10,10,10,9,1,0
752,conv2d_6,"(1, 1, 9, 15)",25,10,10,10,10,10,0,10,0
753,conv2d_6,"(2, 2, 1, 12)",12,10,10,10,10,10,0,10,0
754,conv2d_6,"(2, 2, 7, 10)",30,10,0,4,0,4,0,0,10
755,conv2d_6,"(0, 2, 9, 11)",11,10,10,10,10,10,0,10,0
756,conv2d_6,"(1, 0, 3, 9)",16,10,10,10,10,10,0,10,0
757,conv2d_6,"(2, 0, 10, 5)",14,10,10,10,10,10,0,10,0
758,conv2d_6,"(2, 1, 7, 11)",26,10,10,10,10,10,0,10,0
759,conv2d_6,"(1, 2, 11, 10)",18,10,10,10,10,10,10,0,0
760,conv2d_6,"(1, 0, 3, 14)",4,10,10,10,10,10,0,10,0
761,conv2d_6,"(2, 0, 6, 15)",24,10,10,10,10,10,0,10,0
762,conv2d_6,"(0, 0, 13, 9)",8,10,10,10,10,10,0,10,0
763,conv2d_6,"(1, 2, 10, 6)",29,10,10,10,10,10,0,10,0
764,conv2d_6,"(2, 0, 10, 4)",5,10,10,10,10,10,0,10,0
765,conv2d_6,"(2, 0, 10, 15)",20,10,10,10,10,10,0,10,0
766,conv2d_6,"(1, 1, 0, 1)",13,10,10,10,10,10,0,10,0
767,conv2d_6,"(1, 0, 5, 5)",8,10,10,10,10,10,10,0,0
768,conv2d_6,"(1, 1, 13, 13)",30,10,1,7,1,7,0,1,9
769,conv2d_6,"(0, 2, 0, 12)",12,10,10,10,10,10,0,10,0
770,conv2d_6,"(1, 2, 0, 11)",12,10,10,10,10,10,0,10,0
771,conv2d_6,"(2, 2, 0, 0)",15,10,10,10,10,10,0,10,0
772,conv2d_6,"(1, 0, 11, 7)",6,10,10,10,10,10,10,0,0
773,conv2d_6,"(0, 0, 9, 12)",2,10,10,10,10,10,0,10,0
774,conv2d_6,"(1, 2, 9, 9)",21,10,10,10,10,10,0,10,0
775,conv2d_6,"(1, 1, 4, 13)",22,10,10,10,10,10,0,10,0
776,conv2d_6,"(1, 0, 5, 6)",14,10,10,10,10,10,10,0,0
777,conv2d_6,"(0, 2, 4, 7)",1,10,10,10,10,10,10,0,0
778,conv2d_6,"(1, 2, 3, 5)",2,10,10,10,10,10,0,10,0
779,conv2d_6,"(2, 2, 8, 12)",3,10,10,10,10,10,10,0,0
780,conv2d_6,"(2, 0, 3, 1)",3,10,10,10,10,10,0,10,0
781,conv2d_6,"(1, 1, 13, 3)",7,10,10,10,10,10,0,10,0
782,conv2d_6,"(2, 0, 15, 8)",13,10,10,10,10,10,0,10,0
783,conv2d_6,"(1, 2, 9, 0)",6,10,10,10,10,10,0,10,0
784,conv2d_6,"(1, 0, 4, 8)",7,10,10,10,10,10,0,10,0
785,conv2d_6,"(0, 1, 3, 9)",12,10,10,10,10,10,0,10,0
786,conv2d_6,"(2, 0, 8, 6)",22,10,10,10,10,10,0,10,0
787,conv2d_6,"(0, 0, 9, 13)",31,10,10,10,10,10,0,10,0
788,conv2d_6,"(1, 0, 15, 6)",0,10,10,10,10,10,0,10,0
789,conv2d_6,"(0, 2, 2, 0)",31,10,10,10,10,10,0,10,0
790,conv2d_6,"(2, 0, 2, 4)",6,10,10,10,10,10,0,10,0
791,conv2d_6,"(1, 1, 7, 8)",16,10,10,10,10,10,0,10,0
792,conv2d_6,"(0, 0, 1, 14)",2,10,10,10,10,10,0,10,0
793,conv2d_6,"(2, 1, 11, 9)",27,10,10,10,10,10,10,0,0
794,conv2d_6,"(0, 0, 3, 3)",8,10,10,10,10,10,0,10,0
795,conv2d_6,"(1, 1, 10, 5)",17,10,10,10,10,10,0,10,0
796,conv2d_6,"(1, 0, 11, 2)",7,10,10,10,10,10,10,0,0
797,conv2d_6,"(1, 1, 12, 12)",24,10,10,10,10,10,0,10,0
798,conv2d_6,"(2, 0, 13, 15)",7,10,10,10,10,10,0,10,0
799,conv2d_6,"(0, 0, 1, 4)",26,10,10,10,10,10,0,10,0
800,conv2d_6,"(0, 2, 14, 15)",24,10,10,10,10,10,0,10,0
801,conv2d_6,"(2, 2, 0, 11)",8,10,10,10,10,10,0,10,0
802,conv2d_6,"(0, 1, 15, 15)",28,10,10,10,10,10,0,10,0
803,conv2d_6,"(1, 2, 2, 1)",20,10,10,10,10,10,0,10,0
804,conv2d_6,"(2, 1, 7, 0)",6,10,10,10,10,10,0,10,0
805,conv2d_6,"(1, 1, 7, 13)",24,10,10,10,10,10,0,10,0
806,conv2d_6,"(0, 2, 1, 4)",10,10,10,10,10,10,0,10,0
807,conv2d_6,"(0, 0, 15, 15)",31,10,10,10,10,10,0,10,0
808,conv2d_6,"(1, 1, 7, 10)",3,10,10,10,10,10,0,10,0
809,conv2d_6,"(1, 0, 12, 7)",5,10,10,10,10,10,0,10,0
810,conv2d_6,"(2, 1, 14, 14)",5,10,10,10,10,10,0,10,0
811,conv2d_6,"(1, 0, 14, 15)",31,10,10,10,10,10,0,10,0
812,conv2d_6,"(1, 1, 3, 0)",2,10,10,10,10,10,0,10,0
813,conv2d_6,"(2, 2, 2, 0)",19,10,10,10,10,10,0,10,0
814,conv2d_6,"(1, 1, 14, 6)",3,10,10,10,10,10,0,10,0
815,conv2d_6,"(1, 2, 14, 7)",30,10,2,7,2,7,0,2,8
816,conv2d_6,"(0, 0, 14, 11)",14,10,10,10,10,10,0,10,0
817,conv2d_6,"(1, 2, 10, 0)",18,10,10,10,10,10,0,10,0
818,conv2d_6,"(0, 0, 3, 11)",31,10,10,10,10,10,0,10,0
819,conv2d_6,"(0, 1, 13, 4)",12,10,10,10,10,10,0,10,0
820,conv2d_6,"(1, 0, 3, 6)",29,10,10,10,10,10,0,10,0
821,conv2d_6,"(0, 1, 10, 6)",2,10,10,10,10,10,0,10,0
822,conv2d_6,"(1, 2, 14, 3)",8,10,10,10,10,10,0,10,0
823,conv2d_6,"(2, 2, 0, 15)",3,10,10,10,10,10,0,10,0
824,conv2d_6,"(2, 0, 15, 13)",11,10,10,10,10,10,0,10,0
825,conv2d_6,"(1, 2, 3, 4)",20,10,10,10,10,10,0,10,0
826,conv2d_6,"(2, 2, 13, 12)",15,10,10,10,10,10,0,10,0
827,conv2d_6,"(1, 1, 12, 8)",28,10,10,10,10,10,0,10,0
828,conv2d_6,"(1, 2, 4, 4)",19,10,10,10,10,10,0,10,0
829,conv2d_6,"(0, 0, 6, 10)",18,10,10,10,10,10,0,10,0
830,conv2d_6,"(2, 2, 4, 11)",11,10,10,10,10,10,0,10,0
831,conv2d_6,"(1, 2, 3, 10)",30,10,0,5,0,5,0,0,10
832,conv2d_6,"(1, 0, 9, 13)",6,10,10,10,10,10,0,10,0
833,conv2d_6,"(0, 0, 12, 0)",3,10,10,10,10,10,0,10,0
834,conv2d_6,"(0, 1, 8, 6)",16,10,10,10,10,10,0,10,0
835,conv2d_6,"(2, 1, 1, 4)",13,10,10,10,10,10,0,10,0
836,conv2d_6,"(1, 0, 11, 1)",14,10,10,10,10,10,10,0,0
837,conv2d_6,"(2, 2, 7, 12)",18,10,10,10,10,10,0,10,0
838,conv2d_6,"(1, 1, 12, 1)",20,10,10,10,10,10,0,10,0
839,conv2d_6,"(2, 1, 0, 1)",12,10,10,10,10,10,0,10,0
840,conv2d_6,"(2, 2, 7, 14)",23,10,10,10,10,10,0,10,0
841,conv2d_6,"(1, 1, 6, 6)",11,10,10,10,10,10,0,10,0
842,conv2d_6,"(0, 2, 5, 2)",7,10,10,10,10,10,10,0,0
843,conv2d_6,"(1, 1, 1, 12)",16,10,10,10,10,10,0,10,0
844,conv2d_6,"(2, 1, 5, 4)",0,10,10,10,10,10,10,0,0
845,conv2d_6,"(2, 0, 14, 10)",2,10,10,10,10,10,0,10,0
846,conv2d_6,"(2, 0, 10, 4)",19,10,10,10,10,10,0,10,0
847,conv2d_6,"(0, 2, 11, 15)",20,10,10,10,10,10,10,0,0
848,conv2d_6,"(2, 0, 5, 7)",10,10,10,10,10,10,10,0,0
849,conv2d_6,"(0, 1, 12, 13)",14,10,10,10,10,10,0,10,0
850,conv2d_6,"(1, 1, 10, 6)",18,10,10,10,10,10,0,10,0
851,conv2d_6,"(2, 2, 15, 6)",0,10,10,10,10,10,0,10,0
852,conv2d_6,"(1, 0, 11, 3)",15,10,10,10,10,10,10,0,0
853,conv2d_6,"(1, 0, 10, 1)",24,10,10,10,10,10,0,10,0
854,conv2d_6,"(0, 2, 9, 8)",23,10,10,10,10,10,0,10,0
855,conv2d_6,"(0, 1, 15, 14)",12,10,10,10,10,10,0,10,0
856,conv2d_6,"(0, 0, 2, 10)",0,10,10,10,10,10,0,10,0
857,conv2d_6,"(2, 2, 6, 2)",13,10,10,10,10,10,0,10,0
858,conv2d_6,"(0, 2, 3, 13)",27,10,10,10,10,10,0,10,0
859,conv2d_6,"(0, 1, 4, 2)",21,10,10,10,10,10,0,10,0
860,conv2d_6,"(0, 0, 2, 1)",11,10,10,10,10,10,0,10,0
861,conv2d_6,"(2, 0, 2, 8)",16,10,10,10,10,10,0,10,0
862,conv2d_6,"(1, 2, 12, 13)",25,10,10,10,10,10,0,10,0
863,conv2d_6,"(0, 1, 10, 13)",7,10,10,10,10,10,0,10,0
864,conv2d_6,"(2, 2, 2, 0)",2,10,10,10,10,10,1,9,0
865,conv2d_6,"(2, 0, 11, 2)",18,10,10,10,10,10,10,0,0
866,conv2d_6,"(1, 1, 2, 9)",24,10,10,10,10,10,0,10,0
867,conv2d_6,"(1, 0, 0, 12)",14,10,10,10,10,10,0,10,0
868,conv2d_6,"(2, 1, 12, 4)",9,10,10,10,10,10,0,10,0
869,conv2d_6,"(0, 2, 11, 9)",9,10,10,10,10,10,10,0,0
870,conv2d_6,"(0, 2, 1, 3)",25,10,10,10,10,10,0,10,0
871,conv2d_6,"(0, 2, 9, 2)",22,10,10,10,10,10,0,10,0
872,conv2d_6,"(2, 2, 13, 6)",9,10,10,10,10,10,0,10,0
873,conv2d_6,"(0, 2, 5, 5)",16,10,10,10,10,10,10,0,0
874,conv2d_6,"(0, 2, 3, 6)",3,10,10,10,10,10,0,10,0
875,conv2d_6,"(1, 2, 2, 14)",4,10,10,10,10,10,0,10,0
876,conv2d_6,"(0, 2, 3, 8)",31,10,10,10,10,10,0,10,0
877,conv2d_6,"(0, 2, 11, 10)",15,10,10,10,10,10,10,0,0
878,conv2d_6,"(2, 0, 9, 3)",12,10,10,10,10,10,0,10,0
879,conv2d_6,"(1, 1, 15, 10)",19,10,10,10,10,10,0,10,0
880,conv2d_6,"(1, 1, 11, 4)",10,10,10,10,10,10,10,0,0
881,conv2d_6,"(0, 0, 10, 0)",27,10,10,10,10,10,0,10,0
882,conv2d_6,"(0, 2, 11, 8)",21,10,10,10,10,10,10,0,0
883,conv2d_6,"(1, 1, 14, 15)",19,10,10,10,10,10,0,10,0
884,conv2d_6,"(0, 2, 3, 15)",5,10,10,10,10,10,0,10,0
885,conv2d_7,"(2, 0, 4, 17)",16,10,10,10,10,10,0,10,0
886,conv2d_7,"(0, 2, 2, 4)",1,10,10,10,10,10,3,7,0
887,conv2d_7,"(0, 2, 6, 25)",16,10,10,10,10,10,0,10,0
888,conv2d_7,"(1, 1, 4, 30)",14,10,10,10,10,10,0,10,0
889,conv2d_7,"(1, 2, 4, 18)",5,10,10,10,10,10,0,10,0
890,conv2d_7,"(2, 0, 11, 25)",15,10,10,10,10,10,0,10,0
891,conv2d_7,"(1, 0, 4, 10)",11,10,10,10,10,10,0,10,0
892,conv2d_7,"(1, 0, 15, 9)",14,10,10,10,10,10,0,10,0
893,conv2d_7,"(0, 1, 7, 31)",23,10,10,10,10,10,0,10,0
894,conv2d_7,"(2, 0, 1, 14)",23,10,10,10,10,10,0,10,0
895,conv2d_7,"(1, 0, 15, 24)",2,10,10,10,10,10,0,10,0
896,conv2d_7,"(2, 2, 3, 20)",17,10,10,10,10,10,0,10,0
897,conv2d_7,"(1, 2, 5, 16)",24,10,10,10,10,10,0,10,0
898,conv2d_7,"(2, 1, 2, 23)",24,10,10,10,10,10,0,10,0
899,conv2d_7,"(1, 1, 12, 14)",31,10,10,10,10,10,0,10,0
900,conv2d_7,"(2, 0, 0, 30)",28,10,10,10,10,10,0,10,0
901,conv2d_7,"(0, 2, 7, 10)",17,10,10,10,10,10,0,10,0
902,conv2d_7,"(0, 0, 4, 13)",23,10,10,10,10,10,0,10,0
903,conv2d_7,"(1, 1, 7, 7)",7,10,10,10,10,10,0,10,0
904,conv2d_7,"(1, 0, 15, 30)",10,10,10,10,10,10,0,10,0
905,conv2d_7,"(0, 0, 0, 26)",8,10,10,10,10,10,0,10,0
906,conv2d_7,"(2, 2, 4, 10)",2,10,10,10,10,10,0,10,0
907,conv2d_7,"(0, 1, 1, 9)",11,10,10,10,10,10,0,10,0
908,conv2d_7,"(2, 2, 0, 25)",18,10,10,10,10,10,0,10,0
909,conv2d_7,"(1, 2, 6, 5)",30,10,10,10,10,10,0,10,0
910,conv2d_7,"(0, 1, 5, 30)",9,10,10,10,10,10,0,10,0
911,conv2d_7,"(0, 2, 8, 11)",21,10,10,10,10,10,0,10,0
912,conv2d_7,"(0, 1, 2, 29)",24,10,10,10,10,10,0,10,0
913,conv2d_7,"(0, 0, 3, 8)",26,10,10,10,10,10,0,10,0
914,conv2d_7,"(0, 1, 3, 9)",2,10,10,10,10,10,0,10,0
915,conv2d_7,"(1, 2, 2, 7)",8,10,10,10,10,10,0,10,0
916,conv2d_7,"(2, 1, 13, 0)",23,10,10,10,10,10,0,10,0
917,conv2d_7,"(0, 1, 13, 2)",24,10,10,10,10,10,0,10,0
918,conv2d_7,"(1, 0, 3, 22)",16,10,10,10,10,10,0,10,0
919,conv2d_7,"(0, 1, 7, 30)",26,10,10,10,10,10,0,10,0
920,conv2d_7,"(0, 2, 6, 16)",0,10,10,10,10,10,0,10,0
921,conv2d_7,"(1, 2, 0, 7)",13,10,10,10,10,10,0,10,0
922,conv2d_7,"(1, 0, 13, 20)",9,10,10,10,10,10,0,10,0
923,conv2d_7,"(1, 2, 8, 27)",27,10,10,10,10,10,0,10,0
924,conv2d_7,"(2, 1, 8, 23)",13,10,10,10,10,10,0,10,0
925,conv2d_7,"(0, 1, 15, 26)",30,10,2,6,2,6,0,2,8
926,conv2d_7,"(2, 1, 9, 16)",25,10,10,10,10,10,0,10,0
927,conv2d_7,"(2, 0, 3, 8)",28,10,10,10,10,10,0,10,0
928,conv2d_7,"(0, 2, 3, 10)",25,10,10,10,10,10,0,10,0
929,conv2d_7,"(0, 1, 1, 21)",0,10,10,10,10,10,0,10,0
930,conv2d_7,"(1, 2, 4, 5)",27,10,10,10,10,10,0,10,0
931,conv2d_7,"(1, 0, 2, 5)",23,10,10,10,10,10,0,10,0
932,conv2d_7,"(2, 1, 1, 5)",25,10,10,10,10,10,0,10,0
933,conv2d_7,"(0, 2, 1, 18)",31,10,10,10,10,10,0,10,0
934,conv2d_7,"(0, 2, 0, 28)",18,10,10,10,10,10,0,10,0
935,conv2d_7,"(2, 2, 1, 12)",14,10,10,10,10,10,0,10,0
936,conv2d_7,"(1, 0, 1, 10)",0,10,10,10,10,10,0,10,0
937,conv2d_7,"(1, 1, 2, 10)",22,10,10,10,10,10,0,10,0
938,conv2d_7,"(2, 0, 12, 25)",0,10,10,10,10,10,5,5,0
939,conv2d_7,"(2, 1, 2, 4)",22,10,10,10,10,10,0,10,0
940,conv2d_7,"(0, 2, 8, 22)",12,10,10,10,10,10,0,10,0
941,conv2d_7,"(2, 0, 12, 29)",16,10,10,10,10,10,0,10,0
942,conv2d_7,"(2, 0, 13, 11)",4,10,10,10,10,10,0,10,0
943,conv2d_7,"(0, 2, 10, 18)",16,10,10,10,10,10,0,10,0
944,conv2d_7,"(1, 2, 14, 16)",30,10,2,6,2,6,0,2,8
945,conv2d_7,"(1, 2, 10, 15)",29,10,10,10,10,10,0,10,0
946,conv2d_7,"(0, 1, 15, 1)",4,10,10,10,10,10,0,10,0
947,conv2d_7,"(2, 2, 7, 24)",14,10,10,10,10,10,0,10,0
948,conv2d_7,"(1, 2, 13, 20)",0,10,10,10,10,10,0,10,0
949,conv2d_7,"(1, 0, 7, 16)",25,10,10,10,10,10,0,10,0
950,conv2d_7,"(2, 0, 2, 21)",30,10,0,3,0,3,0,0,10
951,conv2d_7,"(0, 2, 11, 20)",17,10,10,10,10,10,0,10,0
952,conv2d_7,"(1, 2, 6, 11)",12,10,10,10,10,10,0,10,0
953,conv2d_7,"(1, 0, 7, 15)",14,10,10,10,10,10,0,10,0
954,conv2d_7,"(2, 1, 7, 12)",9,10,10,10,10,10,0,10,0
955,conv2d_7,"(0, 2, 3, 6)",31,10,10,10,10,10,0,10,0
956,conv2d_7,"(1, 1, 1, 0)",20,10,10,10,10,10,0,10,0
957,conv2d_7,"(1, 0, 8, 31)",17,10,10,10,10,10,0,10,0
958,conv2d_7,"(2, 0, 7, 25)",3,10,10,10,10,10,0,10,0
959,conv2d_7,"(2, 0, 15, 27)",22,10,10,10,10,10,0,10,0
960,conv2d_7,"(1, 0, 5, 25)",29,10,10,10,10,10,0,10,0
961,conv2d_7,"(0, 2, 0, 20)",13,10,10,10,10,10,0,10,0
962,conv2d_7,"(1, 1, 3, 24)",16,10,10,10,10,10,0,10,0
963,conv2d_7,"(0, 1, 8, 11)",30,10,10,10,10,10,0,10,0
964,conv2d_7,"(0, 1, 11, 21)",27,10,10,10,10,10,0,10,0
965,conv2d_7,"(2, 1, 13, 13)",23,10,10,10,10,10,0,10,0
966,conv2d_7,"(1, 0, 8, 25)",8,10,10,10,10,10,0,10,0
967,conv2d_7,"(2, 1, 3, 14)",15,10,10,10,10,10,0,10,0
968,conv2d_7,"(0, 0, 12, 27)",9,10,10,10,10,10,0,10,0
969,conv2d_7,"(0, 1, 0, 30)",31,10,10,10,10,10,0,10,0
970,conv2d_7,"(1, 1, 10, 8)",16,10,10,10,10,10,0,10,0
971,conv2d_7,"(0, 2, 12, 3)",10,10,10,10,10,10,0,10,0
972,conv2d_7,"(1, 1, 6, 3)",6,10,10,10,10,10,0,10,0
973,conv2d_7,"(1, 1, 10, 28)",23,10,10,10,10,10,0,10,0
974,conv2d_7,"(0, 1, 11, 16)",7,10,10,10,10,10,0,10,0
975,conv2d_7,"(2, 2, 6, 22)",11,10,10,10,10,10,0,10,0
976,conv2d_7,"(1, 2, 11, 18)",31,10,10,10,10,10,0,10,0
977,conv2d_7,"(1, 2, 2, 28)",18,10,10,10,10,10,0,10,0
978,conv2d_7,"(0, 2, 4, 29)",21,10,10,10,10,10,0,10,0
979,conv2d_7,"(0, 0, 12, 26)",10,10,10,10,10,10,0,10,0
980,conv2d_7,"(1, 1, 7, 21)",18,10,10,10,10,10,0,10,0
981,conv2d_7,"(1, 1, 12, 17)",23,10,10,10,10,10,0,10,0
982,conv2d_7,"(0, 0, 13, 28)",1,10,10,10,10,10,2,8,0
983,conv2d_7,"(2, 1, 7, 8)",5,10,10,10,10,10,0,10,0
984,conv2d_7,"(1, 0, 5, 13)",6,10,10,10,10,10,0,10,0
985,conv2d_7,"(2, 0, 15, 4)",1,10,10,10,10,10,0,10,0
986,conv2d_7,"(0, 1, 2, 25)",9,10,10,10,10,10,0,10,0
987,conv2d_7,"(1, 0, 12, 5)",15,10,10,10,10,10,0,10,0
988,conv2d_7,"(2, 0, 14, 18)",8,10,10,10,10,10,0,10,0
989,conv2d_7,"(0, 2, 0, 10)",22,10,10,10,10,10,0,10,0
990,conv2d_7,"(1, 2, 15, 20)",17,10,10,10,10,10,0,10,0
991,conv2d_7,"(2, 2, 4, 28)",11,10,10,10,10,10,0,10,0
992,conv2d_7,"(2, 2, 13, 29)",19,10,10,10,10,10,0,10,0
993,conv2d_7,"(2, 0, 15, 22)",5,10,10,10,10,10,0,10,0
994,conv2d_7,"(1, 1, 9, 28)",16,10,10,10,10,10,0,10,0
995,conv2d_7,"(0, 0, 9, 9)",8,10,10,10,10,10,0,10,0
996,conv2d_7,"(1, 2, 9, 22)",0,10,10,10,10,10,7,3,0
997,conv2d_7,"(1, 0, 15, 31)",27,10,10,10,10,10,0,10,0
998,conv2d_7,"(0, 2, 7, 18)",23,10,10,10,10,10,0,10,0
999,conv2d_7,"(2, 1, 13, 12)",25,10,10,10,10,10,0,10,0
1000,conv2d_7,"(2, 2, 5, 15)",24,10,10,10,10,10,1,9,0
1001,conv2d_7,"(1, 0, 7, 24)",27,10,10,10,10,10,0,10,0
1002,conv2d_7,"(1, 2, 8, 15)",17,10,10,10,10,10,0,10,0
1003,conv2d_7,"(0, 0, 6, 26)",8,10,10,10,10,10,0,10,0
1004,conv2d_7,"(2, 1, 3, 18)",28,10,10,10,10,10,0,10,0
1005,conv2d_7,"(0, 1, 15, 17)",1,10,10,10,10,10,0,10,0
1006,conv2d_7,"(2, 0, 1, 9)",11,10,10,10,10,10,0,10,0
1007,conv2d_7,"(1, 0, 9, 6)",28,10,10,10,10,10,0,10,0
1008,conv2d_7,"(0, 0, 7, 0)",0,10,10,10,10,10,1,9,0
1009,conv2d_7,"(1, 1, 6, 31)",19,10,10,10,10,10,0,10,0
1010,conv2d_7,"(1, 2, 11, 31)",2,10,10,10,10,10,0,10,0
1011,conv2d_7,"(0, 0, 2, 21)",17,10,10,10,10,10,0,10,0
1012,conv2d_7,"(2, 1, 2, 25)",11,10,10,10,10,10,0,10,0
1013,conv2d_7,"(1, 0, 8, 12)",7,10,10,10,10,10,0,10,0
1014,conv2d_7,"(1, 0, 12, 15)",2,10,10,10,10,10,1,9,0
1015,conv2d_7,"(2, 0, 14, 12)",13,10,10,10,10,10,0,10,0
1016,conv2d_7,"(2, 1, 12, 30)",20,10,10,10,10,10,0,10,0
1017,conv2d_7,"(2, 2, 1, 10)",7,10,10,10,10,10,0,10,0
1018,conv2d_7,"(2, 1, 15, 16)",12,10,10,10,10,10,0,10,0
1019,conv2d_7,"(2, 0, 1, 23)",7,10,10,10,10,10,0,10,0
1020,conv2d_7,"(1, 0, 13, 15)",10,10,10,10,10,10,1,9,0
1021,conv2d_7,"(1, 0, 3, 17)",0,10,10,10,10,10,3,7,0
1022,conv2d_7,"(2, 2, 15, 2)",9,10,10,10,10,10,0,10,0
1023,conv2d_7,"(0, 0, 2, 23)",31,10,10,10,10,10,0,10,0
1024,conv2d_7,"(2, 0, 10, 5)",3,10,10,10,10,10,0,10,0
1025,conv2d_7,"(2, 2, 4, 22)",6,10,10,10,10,10,0,10,0
1026,conv2d_7,"(0, 1, 15, 8)",22,10,10,10,10,10,0,10,0
1027,conv2d_7,"(0, 2, 6, 28)",24,10,10,10,10,10,0,10,0
1028,conv2d_7,"(1, 0, 4, 22)",31,10,10,10,10,10,0,10,0
1029,conv2d_7,"(2, 2, 9, 28)",31,10,10,10,10,10,0,10,0
1030,conv2d_7,"(2, 1, 5, 12)",20,10,10,10,10,10,0,10,0
1031,conv2d_7,"(2, 2, 8, 29)",10,10,10,10,10,10,0,10,0
1032,conv2d_7,"(1, 1, 4, 4)",16,10,10,10,10,10,0,10,0
1033,conv2d_7,"(0, 2, 14, 23)",24,10,10,10,10,10,0,10,0
1034,conv2d_7,"(2, 1, 0, 11)",15,10,10,10,10,10,0,10,0
1035,conv2d_7,"(2, 2, 2, 20)",24,10,10,10,10,10,0,10,0
1036,conv2d_7,"(2, 0, 15, 12)",18,10,10,10,10,10,0,10,0
1037,conv2d_7,"(2, 1, 13, 20)",7,10,10,10,10,10,0,10,0
1038,conv2d_7,"(0, 0, 2, 6)",11,10,10,10,10,10,0,10,0
1039,conv2d_7,"(0, 1, 6, 2)",12,10,10,10,10,10,0,10,0
1040,conv2d_7,"(2, 2, 1, 6)",24,10,10,10,10,10,0,10,0
1041,conv2d_7,"(0, 1, 8, 31)",14,10,10,10,10,10,0,10,0
1042,conv2d_7,"(0, 2, 0, 4)",31,10,10,10,10,10,0,10,0
1043,conv2d_7,"(2, 0, 14, 5)",23,10,10,10,10,10,0,10,0
1044,conv2d_7,"(2, 0, 11, 26)",17,10,10,10,10,10,0,10,0
1045,conv2d_7,"(1, 0, 2, 2)",13,10,10,10,10,10,0,10,0
1046,conv2d_7,"(2, 0, 3, 6)",24,10,10,10,10,10,0,10,0
1047,conv2d_7,"(2, 2, 6, 12)",15,10,10,10,10,10,0,10,0
1048,conv2d_7,"(2, 0, 13, 11)",22,10,10,10,10,10,0,10,0
1049,conv2d_7,"(0, 0, 13, 29)",11,10,10,10,10,10,0,10,0
1050,conv2d_7,"(2, 0, 10, 25)",28,10,10,10,10,10,0,10,0
1051,conv2d_7,"(2, 1, 10, 22)",23,10,10,10,10,10,0,10,0
1052,conv2d_7,"(2, 1, 13, 26)",15,10,10,10,10,10,0,10,0
1053,conv2d_7,"(2, 2, 12, 13)",16,10,10,10,10,10,0,10,0
1054,conv2d_7,"(1, 1, 14, 23)",0,10,10,10,10,10,4,6,0
1055,conv2d_7,"(2, 0, 9, 2)",8,10,10,10,10,10,0,10,0
1056,conv2d_7,"(1, 0, 0, 19)",13,10,10,10,10,10,0,10,0
1057,conv2d_7,"(2, 1, 0, 20)",9,10,10,10,10,10,0,10,0
1058,conv2d_7,"(1, 1, 1, 6)",9,10,10,10,10,10,0,10,0
1059,conv2d_7,"(1, 2, 8, 8)",15,10,10,10,10,10,0,10,0
1060,conv2d_7,"(1, 0, 8, 14)",25,10,10,10,10,10,0,10,0
1061,conv2d_7,"(2, 1, 2, 13)",30,10,10,10,10,10,0,10,0
1062,conv2d_7,"(2, 2, 15, 11)",6,10,10,10,10,10,0,10,0
1063,conv2d_7,"(2, 2, 1, 19)",24,10,10,10,10,10,0,10,0
1064,conv2d_7,"(1, 1, 1, 5)",27,10,10,10,10,10,0,10,0
1065,conv2d_7,"(0, 2, 3, 26)",0,10,10,10,10,10,2,8,0
1066,conv2d_7,"(1, 2, 1, 24)",2,10,10,10,10,10,0,10,0
1067,conv2d_7,"(1, 2, 4, 20)",14,10,10,10,10,10,0,10,0
1068,conv2d_7,"(2, 2, 1, 9)",25,10,10,10,10,10,0,10,0
1069,conv2d_7,"(0, 1, 2, 28)",18,10,10,10,10,10,0,10,0
1070,conv2d_7,"(0, 1, 4, 25)",5,10,10,10,10,10,0,10,0
1071,conv2d_7,"(2, 1, 1, 30)",16,10,10,10,10,10,0,10,0
1072,conv2d_7,"(2, 1, 12, 5)",8,10,10,10,10,10,0,10,0
1073,conv2d_7,"(2, 0, 15, 8)",31,10,10,10,10,10,0,10,0
1074,conv2d_7,"(2, 2, 6, 25)",15,10,10,10,10,10,0,10,0
1075,conv2d_7,"(1, 1, 2, 15)",20,10,10,10,10,10,0,10,0
1076,conv2d_7,"(2, 1, 3, 5)",27,10,10,10,10,10,0,10,0
1077,conv2d_7,"(0, 1, 11, 23)",22,10,10,10,10,10,0,10,0
1078,conv2d_7,"(0, 1, 9, 1)",28,10,10,10,10,10,0,10,0
1079,conv2d_7,"(0, 0, 14, 9)",12,10,10,10,10,10,0,10,0
1080,conv2d_7,"(2, 0, 4, 23)",7,10,10,10,10,10,0,10,0
1081,conv2d_7,"(2, 0, 7, 3)",18,10,10,10,10,10,0,10,0
1082,conv2d_7,"(2, 0, 10, 0)",19,10,10,10,10,10,0,10,0
1083,conv2d_7,"(0, 1, 15, 28)",13,10,10,10,10,10,0,10,0
1084,conv2d_7,"(2, 2, 6, 13)",16,10,10,10,10,10,0,10,0
1085,conv2d_7,"(2, 2, 4, 30)",1,10,10,10,10,10,4,6,0
1086,conv2d_7,"(1, 0, 1, 24)",3,10,10,10,10,10,0,10,0
1087,conv2d_7,"(2, 2, 6, 18)",17,10,10,10,10,10,0,10,0
1088,conv2d_7,"(2, 0, 14, 3)",4,10,10,10,10,10,0,10,0
1089,conv2d_7,"(2, 2, 8, 24)",23,10,10,10,10,10,0,10,0
1090,conv2d_7,"(1, 2, 0, 6)",24,10,10,10,10,10,0,10,0
1091,conv2d_7,"(2, 2, 12, 14)",6,10,10,10,10,10,0,10,0
1092,conv2d_7,"(2, 2, 15, 20)",5,10,10,10,10,10,0,10,0
1093,conv2d_7,"(2, 1, 6, 11)",1,10,10,10,10,10,3,7,0
1094,conv2d_7,"(2, 1, 7, 2)",21,10,10,10,10,10,0,10,0
1095,conv2d_7,"(2, 0, 12, 31)",1,10,10,10,10,10,1,9,0
1096,conv2d_7,"(1, 2, 11, 22)",19,10,10,10,10,10,0,10,0
1097,conv2d_7,"(0, 2, 8, 15)",16,10,10,10,10,10,0,10,0
1098,conv2d_7,"(2, 1, 0, 24)",14,10,10,10,10,10,0,10,0
1099,conv2d_7,"(1, 2, 10, 9)",8,10,10,10,10,10,0,10,0
1100,conv2d_7,"(2, 2, 12, 5)",14,10,10,10,10,10,0,10,0
1101,conv2d_7,"(2, 0, 7, 26)",27,10,10,10,10,10,0,10,0
1102,conv2d_7,"(1, 2, 10, 19)",8,10,10,10,10,10,0,10,0
1103,conv2d_7,"(2, 2, 4, 13)",12,10,10,10,10,10,0,10,0
1104,conv2d_7,"(2, 2, 9, 8)",8,10,10,10,10,10,0,10,0
1105,conv2d_7,"(2, 2, 4, 27)",10,10,10,10,10,10,0,10,0
1106,conv2d_7,"(2, 2, 2, 20)",7,10,10,10,10,10,0,10,0
1107,conv2d_7,"(0, 2, 10, 11)",1,10,10,10,10,10,4,6,0
1108,conv2d_7,"(1, 1, 13, 20)",28,10,10,10,10,10,0,10,0
1109,conv2d_7,"(0, 0, 4, 17)",8,10,10,10,10,10,0,10,0
1110,conv2d_7,"(2, 2, 0, 11)",17,10,10,10,10,10,0,10,0
1111,conv2d_7,"(0, 2, 7, 14)",1,10,10,10,10,10,0,10,0
1112,conv2d_7,"(2, 1, 2, 22)",8,10,10,10,10,10,0,10,0
1113,conv2d_7,"(0, 1, 11, 30)",31,10,10,10,10,10,0,10,0
1114,conv2d_7,"(0, 0, 4, 30)",14,10,10,10,10,10,0,10,0
1115,conv2d_7,"(0, 1, 13, 2)",26,10,10,10,10,10,0,10,0
1116,conv2d_7,"(0, 0, 6, 14)",11,10,10,10,10,10,0,10,0
1117,conv2d_7,"(2, 1, 15, 28)",29,10,10,10,10,10,0,10,0
1118,conv2d_7,"(1, 0, 13, 15)",24,10,10,10,10,10,1,9,0
1119,conv2d_7,"(2, 2, 12, 20)",2,10,10,10,10,10,0,10,0
1120,conv2d_7,"(1, 0, 14, 6)",15,10,10,10,10,10,0,10,0
1121,conv2d_7,"(2, 1, 1, 25)",3,10,10,10,10,10,1,9,0
1122,conv2d_7,"(1, 1, 9, 12)",19,10,10,10,10,10,0,10,0
1123,conv2d_7,"(0, 1, 14, 18)",18,10,10,10,10,10,0,10,0
1124,conv2d_7,"(1, 2, 4, 3)",28,10,10,10,10,10,0,10,0
1125,conv2d_7,"(0, 2, 3, 5)",8,10,10,10,10,10,0,10,0
1126,conv2d_7,"(1, 1, 13, 25)",1,10,10,10,10,10,0,10,0
1127,conv2d_7,"(2, 2, 14, 11)",12,10,10,10,10,10,0,10,0
1128,conv2d_7,"(1, 1, 2, 29)",10,10,10,10,10,10,0,10,0
1129,conv2d_7,"(0, 2, 2, 7)",28,10,10,10,10,10,0,10,0
1130,conv2d_7,"(2, 2, 2, 23)",24,10,10,10,10,10,0,10,0
1131,conv2d_7,"(2, 1, 12, 10)",2,10,10,10,10,10,0,10,0
1132,conv2d_7,"(2, 2, 10, 10)",9,10,10,10,10,10,0,10,0
1133,conv2d_7,"(0, 2, 4, 10)",3,10,10,10,10,10,0,10,0
1134,conv2d_7,"(1, 2, 9, 26)",28,10,10,10,10,10,0,10,0
1135,conv2d_7,"(0, 0, 5, 18)",12,10,10,10,10,10,0,10,0
1136,conv2d_7,"(0, 1, 8, 0)",31,10,10,10,10,10,0,10,0
1137,conv2d_7,"(2, 1, 0, 31)",15,10,10,10,10,10,0,10,0
1138,conv2d_7,"(1, 1, 15, 13)",28,10,10,10,10,10,0,10,0
1139,conv2d_7,"(0, 2, 0, 5)",17,10,10,10,10,10,0,10,0
1140,conv2d_7,"(0, 0, 1, 13)",3,10,10,10,10,10,0,10,0
1141,conv2d_7,"(0, 0, 1, 22)",19,10,10,10,10,10,0,10,0
1142,conv2d_7,"(0, 0, 2, 21)",26,10,10,10,10,10,0,10,0
1143,conv2d_7,"(2, 1, 5, 11)",11,10,10,10,10,10,0,10,0
1144,conv2d_7,"(0, 0, 11, 29)",19,10,10,10,10,10,0,10,0
1145,conv2d_7,"(1, 0, 11, 20)",27,10,10,10,10,10,0,10,0
1146,conv2d_7,"(1, 0, 9, 4)",7,10,10,10,10,10,1,9,0
1147,conv2d_7,"(2, 1, 10, 17)",13,10,10,10,10,10,0,10,0
1148,conv2d_7,"(0, 2, 1, 13)",5,10,10,10,10,10,0,10,0
1149,conv2d_7,"(1, 2, 9, 30)",20,10,10,10,10,10,0,10,0
1150,conv2d_7,"(0, 2, 11, 16)",31,10,10,10,10,10,0,10,0
1151,conv2d_7,"(0, 2, 15, 31)",14,10,10,10,10,10,0,10,0
1152,conv2d_7,"(0, 0, 6, 18)",1,10,10,10,10,10,9,1,0
1153,conv2d_7,"(2, 0, 3, 29)",26,10,10,10,10,10,0,10,0
1154,conv2d_7,"(1, 1, 1, 26)",13,10,10,10,10,10,0,10,0
1155,conv2d_7,"(2, 1, 6, 0)",16,10,10,10,10,10,0,10,0
1156,conv2d_7,"(1, 2, 9, 4)",20,10,10,10,10,10,0,10,0
1157,conv2d_7,"(2, 1, 3, 0)",21,10,10,10,10,10,0,10,0
1158,conv2d_7,"(0, 0, 0, 25)",21,10,10,10,10,10,0,10,0
1159,conv2d_7,"(1, 0, 15, 21)",8,10,10,10,10,10,0,10,0
1160,conv2d_7,"(2, 1, 4, 30)",21,10,10,10,10,10,0,10,0
1161,conv2d_7,"(2, 0, 13, 29)",19,10,10,10,10,10,0,10,0
1162,conv2d_7,"(0, 2, 0, 20)",21,10,10,10,10,10,0,10,0
1163,conv2d_7,"(0, 1, 2, 22)",1,10,10,10,10,10,0,10,0
1164,conv2d_7,"(2, 2, 12, 21)",10,10,10,10,10,10,0,10,0
1165,conv2d_7,"(2, 0, 5, 24)",19,10,10,10,10,10,0,10,0
1166,conv2d_7,"(1, 1, 1, 20)",5,10,10,10,10,10,0,10,0
1167,conv2d_7,"(1, 1, 7, 31)",19,10,10,10,10,10,0,10,0
1168,conv2d_7,"(0, 0, 9, 13)",23,10,10,10,10,10,0,10,0
1169,conv2d_7,"(0, 1, 6, 2)",1,10,10,10,10,10,4,6,0
1170,conv2d_8,"(0, 1, 9, 30)",30,10,0,4,0,4,0,0,10
1171,conv2d_8,"(0, 0, 20, 19)",8,10,10,10,10,10,0,10,0
1172,conv2d_8,"(1, 1, 2, 13)",7,10,10,10,10,10,0,10,0
1173,conv2d_8,"(0, 2, 19, 0)",5,10,10,10,10,10,0,10,0
1174,conv2d_8,"(0, 0, 29, 21)",19,10,10,10,10,10,0,10,0
1175,conv2d_8,"(2, 0, 19, 1)",20,10,10,10,10,10,0,10,0
1176,conv2d_8,"(1, 1, 12, 12)",20,10,10,10,10,10,0,10,0
1177,conv2d_8,"(1, 0, 7, 28)",10,10,10,10,10,10,0,10,0
1178,conv2d_8,"(0, 2, 7, 17)",6,10,10,10,10,10,0,10,0
1179,conv2d_8,"(2, 1, 22, 13)",17,10,10,10,10,10,0,10,0
1180,conv2d_8,"(2, 0, 18, 9)",10,10,10,10,10,10,0,10,0
1181,conv2d_8,"(2, 1, 19, 4)",28,10,10,10,10,10,0,10,0
1182,conv2d_8,"(0, 1, 8, 3)",3,10,10,10,10,10,1,9,0
1183,conv2d_8,"(0, 0, 24, 6)",27,10,10,10,10,10,0,10,0
1184,conv2d_8,"(2, 2, 11, 25)",28,10,10,10,10,10,0,10,0
1185,conv2d_8,"(1, 0, 19, 22)",5,10,10,10,10,10,4,6,0
1186,conv2d_8,"(0, 2, 8, 29)",29,10,10,10,10,10,0,10,0
1187,conv2d_8,"(1, 2, 29, 6)",29,10,10,10,10,10,0,10,0
1188,conv2d_8,"(0, 0, 14, 30)",16,10,10,10,10,10,0,10,0
1189,conv2d_8,"(0, 2, 25, 23)",21,10,10,10,10,10,0,10,0
1190,conv2d_8,"(1, 0, 29, 20)",4,10,10,10,10,10,0,10,0
1191,conv2d_8,"(1, 1, 7, 30)",29,10,10,10,10,10,0,10,0
1192,conv2d_8,"(1, 2, 18, 10)",8,10,10,10,10,10,0,10,0
1193,conv2d_8,"(2, 0, 25, 6)",20,10,10,10,10,10,0,10,0
1194,conv2d_8,"(2, 1, 19, 4)",25,10,10,10,10,10,0,10,0
1195,conv2d_8,"(2, 0, 15, 26)",10,10,10,10,10,10,0,10,0
1196,conv2d_8,"(0, 1, 24, 30)",13,10,10,10,10,10,0,10,0
1197,conv2d_8,"(2, 1, 27, 27)",15,10,10,10,10,10,0,10,0
1198,conv2d_8,"(2, 2, 4, 11)",31,10,10,10,10,10,0,10,0
1199,conv2d_8,"(1, 2, 29, 7)",6,10,10,10,10,10,0,10,0
1200,conv2d_8,"(1, 1, 11, 28)",4,10,10,10,10,10,0,10,0
1201,conv2d_8,"(1, 1, 24, 6)",3,10,10,10,10,10,0,10,0
1202,conv2d_8,"(0, 2, 13, 5)",0,10,10,10,10,10,10,0,0
1203,conv2d_8,"(1, 2, 9, 9)",18,10,10,10,10,10,0,10,0
1204,conv2d_8,"(0, 0, 28, 24)",20,10,10,10,10,10,0,10,0
1205,conv2d_8,"(1, 2, 19, 19)",22,10,10,10,10,10,0,10,0
1206,conv2d_8,"(2, 2, 0, 5)",25,10,10,10,10,10,10,0,0
1207,conv2d_8,"(0, 1, 18, 8)",3,10,10,10,10,10,0,10,0
1208,conv2d_8,"(0, 1, 22, 0)",1,10,10,10,10,10,0,10,0
1209,conv2d_8,"(2, 2, 27, 15)",25,10,10,10,10,10,0,10,0
1210,conv2d_8,"(1, 1, 24, 20)",27,10,10,10,10,10,0,10,0
1211,conv2d_8,"(1, 0, 11, 13)",12,10,10,10,10,10,0,10,0
1212,conv2d_8,"(1, 0, 23, 24)",18,10,10,10,10,10,0,10,0
1213,conv2d_8,"(0, 0, 8, 8)",1,10,10,10,10,10,0,10,0
1214,conv2d_8,"(2, 1, 31, 9)",8,10,10,10,10,10,0,10,0
1215,conv2d_8,"(2, 1, 8, 5)",29,10,10,10,10,10,10,0,0
1216,conv2d_8,"(1, 2, 11, 27)",27,10,10,10,10,10,0,10,0
1217,conv2d_8,"(1, 0, 24, 28)",11,10,10,10,10,10,0,10,0
1218,conv2d_8,"(2, 1, 0, 27)",15,10,10,10,10,10,0,10,0
1219,conv2d_8,"(2, 2, 26, 17)",23,10,10,10,10,10,0,10,0
1220,conv2d_8,"(2, 1, 2, 2)",23,10,10,10,10,10,0,10,0
1221,conv2d_8,"(2, 0, 30, 7)",9,10,10,10,10,10,0,10,0
1222,conv2d_8,"(2, 0, 29, 17)",5,10,10,10,10,10,0,10,0
1223,conv2d_8,"(2, 2, 30, 15)",4,10,10,10,10,10,0,10,0
1224,conv2d_8,"(1, 2, 3, 19)",0,10,10,10,10,10,0,10,0
1225,conv2d_8,"(2, 1, 29, 30)",21,10,10,10,10,10,0,10,0
1226,conv2d_8,"(1, 1, 22, 26)",10,10,10,10,10,10,0,10,0
1227,conv2d_8,"(2, 2, 19, 2)",16,10,10,10,10,10,0,10,0
1228,conv2d_8,"(2, 0, 30, 3)",3,10,10,10,10,10,4,6,0
1229,conv2d_8,"(1, 1, 1, 18)",5,10,10,10,10,10,0,10,0
1230,conv2d_8,"(1, 1, 4, 8)",8,10,10,10,10,10,0,10,0
1231,conv2d_8,"(1, 0, 17, 17)",7,10,10,10,10,10,0,10,0
1232,conv2d_8,"(2, 1, 9, 11)",23,10,10,10,10,10,0,10,0
1233,conv2d_8,"(2, 0, 16, 11)",31,10,10,10,10,10,0,10,0
1234,conv2d_8,"(1, 0, 2, 11)",9,10,10,10,10,10,0,10,0
1235,conv2d_8,"(1, 1, 31, 9)",15,10,10,10,10,10,0,10,0
1236,conv2d_8,"(0, 2, 10, 28)",22,10,10,10,10,10,0,10,0
1237,conv2d_8,"(0, 0, 16, 3)",10,10,10,10,10,10,0,10,0
1238,conv2d_8,"(1, 1, 25, 29)",30,10,2,7,2,7,0,2,8
1239,conv2d_8,"(2, 2, 24, 14)",24,10,10,10,10,10,0,10,0
1240,conv2d_8,"(0, 2, 16, 30)",27,10,10,10,10,10,0,10,0
1241,conv2d_8,"(1, 1, 18, 0)",20,10,10,10,10,10,0,10,0
1242,conv2d_8,"(2, 2, 6, 2)",22,10,10,10,10,10,0,10,0
1243,conv2d_8,"(1, 1, 17, 27)",17,10,10,10,10,10,0,10,0
1244,conv2d_8,"(2, 2, 16, 6)",25,10,10,10,10,10,0,10,0
1245,conv2d_8,"(2, 2, 15, 29)",12,10,10,10,10,10,0,10,0
1246,conv2d_8,"(1, 2, 11, 21)",0,10,10,10,10,10,1,9,0
1247,conv2d_8,"(0, 1, 4, 0)",6,10,10,10,10,10,0,10,0
1248,conv2d_8,"(1, 0, 28, 6)",18,10,10,10,10,10,0,10,0
1249,conv2d_8,"(0, 0, 12, 16)",5,10,10,10,10,10,0,10,0
1250,conv2d_8,"(2, 2, 13, 3)",7,10,10,10,10,10,0,10,0
1251,conv2d_8,"(2, 0, 5, 7)",24,10,10,10,10,10,0,10,0
1252,conv2d_8,"(2, 0, 7, 11)",16,10,10,10,10,10,0,10,0
1253,conv2d_8,"(2, 0, 29, 18)",29,10,10,10,10,10,0,10,0
1254,conv2d_8,"(2, 2, 27, 17)",20,10,10,10,10,10,0,10,0
1255,conv2d_8,"(0, 1, 10, 16)",3,10,10,10,10,10,0,10,0
1256,conv2d_8,"(1, 0, 24, 24)",16,10,10,10,10,10,0,10,0
1257,conv2d_8,"(1, 0, 11, 16)",31,10,10,10,10,10,0,10,0
1258,conv2d_8,"(0, 2, 25, 12)",31,10,10,10,10,10,0,10,0
1259,conv2d_8,"(2, 1, 9, 6)",13,10,10,10,10,10,0,10,0
1260,conv2d_8,"(2, 1, 28, 6)",6,10,10,10,10,10,0,10,0
1261,conv2d_8,"(0, 2, 4, 2)",16,10,10,10,10,10,0,10,0
1262,conv2d_8,"(1, 0, 1, 28)",0,10,10,10,10,10,10,0,0
1263,conv2d_8,"(1, 0, 24, 2)",21,10,10,10,10,10,0,10,0
1264,conv2d_8,"(2, 2, 0, 25)",31,10,10,10,10,10,0,10,0
1265,conv2d_8,"(1, 2, 27, 30)",4,10,10,10,10,10,0,10,0
1266,conv2d_8,"(1, 2, 0, 14)",30,10,0,6,0,6,0,0,10
1267,conv2d_8,"(1, 2, 22, 7)",19,10,10,10,10,10,0,10,0
1268,conv2d_8,"(2, 2, 3, 25)",5,10,10,10,10,10,0,10,0
1269,conv2d_8,"(0, 1, 21, 23)",18,10,10,10,10,10,0,10,0
1270,conv2d_8,"(2, 0, 11, 12)",24,10,10,10,10,10,0,10,0
1271,conv2d_8,"(2, 1, 19, 12)",6,10,10,10,10,10,0,10,0
1272,conv2d_8,"(0, 2, 31, 22)",28,10,10,10,10,10,0,10,0
1273,conv2d_8,"(0, 0, 8, 12)",1,10,10,10,10,10,0,10,0
1274,conv2d_8,"(1, 0, 31, 15)",19,10,10,10,10,10,0,10,0
1275,conv2d_8,"(0, 0, 28, 31)",21,10,10,10,10,10,0,10,0
1276,conv2d_8,"(2, 0, 21, 3)",25,10,10,10,10,10,0,10,0
1277,conv2d_8,"(2, 2, 13, 7)",29,10,10,10,10,10,0,10,0
1278,conv2d_8,"(0, 0, 14, 9)",9,10,10,10,10,10,0,10,0
1279,conv2d_8,"(1, 2, 1, 31)",2,10,10,10,10,10,0,10,0
1280,conv2d_8,"(0, 0, 8, 15)",3,10,10,10,10,10,0,10,0
1281,conv2d_8,"(1, 2, 6, 19)",10,10,10,10,10,10,0,10,0
1282,conv2d_8,"(0, 1, 6, 4)",14,10,10,10,10,10,0,10,0
1283,conv2d_8,"(1, 1, 12, 4)",25,10,10,10,10,10,0,10,0
1284,conv2d_8,"(2, 2, 7, 20)",8,10,10,10,10,10,0,10,0
1285,conv2d_8,"(0, 2, 13, 20)",11,10,10,10,10,10,0,10,0
1286,conv2d_8,"(0, 1, 4, 21)",9,10,10,10,10,10,0,10,0
1287,conv2d_8,"(2, 1, 10, 26)",10,10,10,10,10,10,0,10,0
1288,conv2d_8,"(2, 0, 15, 28)",8,10,10,10,10,10,1,9,0
1289,conv2d_8,"(0, 0, 24, 6)",31,10,10,10,10,10,0,10,0
1290,conv2d_8,"(0, 0, 0, 5)",5,10,10,10,10,10,10,0,0
1291,conv2d_8,"(2, 1, 26, 18)",8,10,10,10,10,10,0,10,0
1292,conv2d_8,"(2, 1, 9, 13)",28,10,10,10,10,10,0,10,0
1293,conv2d_8,"(0, 2, 15, 26)",2,10,10,10,10,10,0,10,0
1294,conv2d_8,"(2, 0, 31, 11)",19,10,10,10,10,10,0,10,0
1295,conv2d_8,"(0, 2, 26, 22)",15,10,10,10,10,10,0,10,0
1296,conv2d_8,"(2, 0, 7, 12)",23,10,10,10,10,10,0,10,0
1297,conv2d_8,"(2, 2, 29, 14)",13,10,10,10,10,10,0,10,0
1298,conv2d_8,"(0, 0, 3, 17)",9,10,10,10,10,10,0,10,0
1299,conv2d_8,"(0, 0, 31, 30)",2,10,10,10,10,10,0,10,0
1300,conv2d_8,"(1, 0, 23, 3)",27,10,10,10,10,10,0,10,0
1301,conv2d_8,"(2, 1, 21, 16)",2,10,10,10,10,10,0,10,0
1302,conv2d_8,"(2, 0, 3, 6)",10,10,10,10,10,10,0,10,0
1303,conv2d_8,"(2, 0, 31, 1)",4,10,10,10,10,10,0,10,0
1304,conv2d_8,"(2, 2, 28, 15)",20,10,10,10,10,10,0,10,0
1305,conv2d_8,"(2, 2, 12, 26)",20,10,10,10,10,10,0,10,0
1306,conv2d_8,"(1, 0, 7, 14)",6,10,10,10,10,10,0,10,0
1307,conv2d_8,"(0, 1, 26, 15)",14,10,10,10,10,10,0,10,0
1308,conv2d_8,"(2, 1, 30, 4)",3,10,10,10,10,10,5,5,0
1309,conv2d_8,"(0, 2, 9, 27)",29,10,10,10,10,10,0,10,0
1310,conv2d_8,"(1, 0, 24, 11)",29,10,10,10,10,10,0,10,0
1311,conv2d_8,"(1, 0, 22, 12)",21,10,10,10,10,10,0,10,0
1312,conv2d_8,"(2, 2, 2, 8)",3,10,10,10,10,10,0,10,0
1313,conv2d_8,"(0, 1, 8, 17)",29,10,10,10,10,10,0,10,0
1314,conv2d_8,"(1, 0, 10, 26)",18,10,10,10,10,10,0,10,0
1315,conv2d_8,"(2, 2, 10, 10)",14,10,10,10,10,10,0,10,0
1316,conv2d_8,"(2, 1, 26, 5)",13,10,10,10,10,10,10,0,0
1317,conv2d_8,"(1, 0, 29, 30)",27,10,10,10,10,10,0,10,0
1318,conv2d_8,"(1, 1, 15, 15)",14,10,10,10,10,10,0,10,0
1319,conv2d_8,"(1, 0, 0, 9)",2,10,10,10,10,10,1,9,0
1320,conv2d_8,"(1, 2, 2, 30)",25,10,10,10,10,10,0,10,0
1321,conv2d_8,"(1, 1, 6, 30)",15,10,10,10,10,10,0,10,0
1322,conv2d_8,"(2, 2, 0, 5)",26,10,10,10,10,10,0,10,0
1323,conv2d_8,"(1, 1, 8, 13)",15,10,10,10,10,10,0,10,0
1324,conv2d_8,"(1, 2, 1, 5)",19,10,10,10,10,10,10,0,0
1325,conv2d_8,"(2, 2, 29, 10)",1,10,10,10,10,10,1,9,0
1326,conv2d_8,"(0, 2, 29, 29)",25,10,10,10,10,10,0,10,0
1327,conv2d_8,"(2, 1, 23, 11)",0,10,10,10,10,10,0,10,0
1328,conv2d_8,"(2, 1, 24, 4)",2,10,10,10,10,10,1,9,0
1329,conv2d_8,"(1, 2, 27, 18)",13,10,10,10,10,10,0,10,0
1330,conv2d_8,"(2, 0, 21, 5)",23,10,10,10,10,10,10,0,0
1331,conv2d_8,"(1, 1, 7, 3)",29,10,10,10,10,10,0,10,0
1332,conv2d_8,"(1, 0, 23, 2)",4,10,10,10,10,10,0,10,0
1333,conv2d_8,"(1, 0, 8, 13)",7,10,10,10,10,10,0,10,0
1334,conv2d_8,"(2, 0, 13, 30)",20,10,10,10,10,10,0,10,0
1335,conv2d_8,"(2, 2, 17, 22)",27,10,10,10,10,10,0,10,0
1336,conv2d_8,"(0, 1, 3, 17)",22,10,10,10,10,10,0,10,0
1337,conv2d_8,"(2, 2, 31, 28)",7,10,10,10,10,10,0,10,0
1338,conv2d_8,"(1, 2, 18, 30)",23,10,10,10,10,10,0,10,0
1339,conv2d_8,"(1, 0, 12, 4)",5,10,10,10,10,10,0,10,0
1340,conv2d_8,"(1, 0, 11, 25)",6,10,10,10,10,10,0,10,0
1341,conv2d_8,"(0, 2, 17, 10)",9,10,10,10,10,10,0,10,0
1342,conv2d_8,"(0, 2, 9, 31)",1,10,10,10,10,10,0,10,0
1343,conv2d_8,"(2, 2, 26, 18)",8,10,10,10,10,10,0,10,0
1344,conv2d_8,"(1, 1, 22, 30)",1,10,10,10,10,10,0,10,0
1345,conv2d_8,"(0, 0, 12, 18)",14,10,10,10,10,10,0,10,0
1346,conv2d_8,"(2, 1, 26, 21)",20,10,10,10,10,10,0,10,0
1347,conv2d_8,"(1, 1, 28, 31)",8,10,10,10,10,10,0,10,0
1348,conv2d_8,"(1, 0, 10, 19)",30,10,2,7,2,7,0,2,8
1349,conv2d_8,"(0, 0, 18, 23)",22,10,10,10,10,10,0,10,0
1350,conv2d_8,"(0, 2, 29, 18)",10,10,10,10,10,10,0,10,0
1351,conv2d_8,"(0, 2, 11, 18)",9,10,10,10,10,10,0,10,0
1352,conv2d_8,"(0, 0, 15, 10)",20,10,10,10,10,10,0,10,0
1353,conv2d_8,"(1, 1, 28, 8)",11,10,10,10,10,10,0,10,0
1354,conv2d_8,"(2, 1, 2, 13)",22,10,10,10,10,10,0,10,0
1355,conv2d_8,"(1, 2, 23, 9)",10,10,10,10,10,10,0,10,0
1356,conv2d_8,"(0, 1, 7, 19)",31,10,10,10,10,10,0,10,0
1357,conv2d_8,"(1, 0, 29, 9)",0,10,10,10,10,10,10,0,0
1358,conv2d_8,"(1, 1, 18, 21)",9,10,10,10,10,10,0,10,0
1359,conv2d_8,"(2, 0, 21, 28)",30,10,2,5,2,5,0,2,8
1360,conv2d_8,"(2, 2, 8, 2)",7,10,10,10,10,10,0,10,0
1361,conv2d_8,"(1, 2, 1, 19)",14,10,10,10,10,10,0,10,0
1362,conv2d_8,"(0, 1, 22, 28)",3,10,10,10,10,10,0,10,0
1363,conv2d_8,"(1, 0, 14, 12)",1,10,10,10,10,10,0,10,0
1364,conv2d_8,"(2, 2, 28, 5)",5,10,10,10,10,10,10,0,0
1365,conv2d_8,"(1, 1, 12, 25)",3,10,10,10,10,10,1,9,0
1366,conv2d_8,"(0, 2, 25, 23)",27,10,10,10,10,10,0,10,0
1367,conv2d_8,"(1, 0, 24, 23)",18,10,10,10,10,10,0,10,0
1368,conv2d_8,"(1, 1, 22, 22)",5,10,10,10,10,10,0,10,0
1369,conv2d_8,"(2, 1, 28, 13)",28,10,10,10,10,10,0,10,0
1370,conv2d_8,"(2, 1, 10, 18)",26,10,10,10,10,10,0,10,0
1371,conv2d_8,"(0, 0, 5, 8)",19,10,10,10,10,10,0,10,0
1372,conv2d_8,"(0, 2, 21, 30)",24,10,10,10,10,10,0,10,0
1373,conv2d_8,"(1, 2, 0, 5)",17,10,10,10,10,10,10,0,0
1374,conv2d_8,"(2, 1, 11, 26)",8,10,10,10,10,10,0,10,0
1375,conv2d_8,"(1, 1, 11, 12)",31,10,10,10,10,10,0,10,0
1376,conv2d_8,"(2, 1, 19, 2)",31,10,10,10,10,10,0,10,0
1377,conv2d_8,"(0, 0, 14, 29)",9,10,10,10,10,10,0,10,0
1378,conv2d_8,"(2, 2, 19, 16)",30,10,3,5,3,5,0,3,7
1379,conv2d_8,"(1, 0, 18, 7)",31,10,10,10,10,10,0,10,0
1380,conv2d_8,"(0, 1, 1, 15)",31,10,10,10,10,10,0,10,0
1381,conv2d_8,"(2, 1, 23, 4)",27,10,10,10,10,10,0,10,0
1382,conv2d_8,"(2, 0, 30, 16)",23,10,10,10,10,10,0,10,0
1383,conv2d_8,"(0, 2, 16, 1)",3,10,10,10,10,10,0,10,0
1384,conv2d_8,"(1, 2, 20, 9)",8,10,10,10,10,10,0,10,0
1385,conv2d_8,"(0, 1, 10, 22)",23,10,10,10,10,10,0,10,0
1386,conv2d_8,"(0, 1, 22, 26)",18,10,10,10,10,10,0,10,0
1387,conv2d_8,"(2, 0, 12, 4)",6,10,10,10,10,10,0,10,0
1388,conv2d_8,"(1, 2, 20, 10)",19,10,10,10,10,10,0,10,0
1389,conv2d_8,"(0, 2, 23, 17)",22,10,10,10,10,10,0,10,0
1390,conv2d_8,"(0, 2, 0, 9)",18,10,10,10,10,10,0,10,0
1391,conv2d_8,"(1, 1, 31, 23)",10,10,10,10,10,10,0,10,0
1392,conv2d_8,"(0, 2, 13, 6)",14,10,10,10,10,10,0,10,0
1393,conv2d_8,"(1, 1, 7, 12)",4,10,10,10,10,10,0,10,0
1394,conv2d_8,"(0, 1, 8, 7)",22,10,10,10,10,10,0,10,0
1395,conv2d_8,"(0, 1, 23, 19)",21,10,10,10,10,10,0,10,0
1396,conv2d_8,"(0, 2, 19, 11)",7,10,10,10,10,10,0,10,0
1397,conv2d_8,"(2, 0, 8, 14)",14,10,10,10,10,10,0,10,0
1398,conv2d_8,"(0, 0, 8, 19)",5,10,10,10,10,10,0,10,0
1399,conv2d_8,"(0, 0, 7, 27)",30,10,1,5,1,5,0,1,9
1400,conv2d_8,"(0, 0, 2, 27)",2,10,10,10,10,10,0,10,0
1401,conv2d_8,"(0, 1, 30, 3)",2,10,10,10,10,10,0,10,0
1402,conv2d_8,"(2, 0, 19, 4)",6,10,10,10,10,10,0,10,0
1403,conv2d_8,"(2, 0, 13, 7)",11,10,10,10,10,10,0,10,0
1404,conv2d_8,"(0, 0, 1, 22)",17,10,10,10,10,10,0,10,0
1405,conv2d_8,"(0, 2, 22, 22)",15,10,10,10,10,10,0,10,0
1406,conv2d_8,"(2, 0, 6, 4)",13,10,10,10,10,10,0,10,0
1407,conv2d_8,"(0, 2, 18, 12)",0,10,10,10,10,10,0,10,0
1408,conv2d_8,"(2, 2, 13, 6)",30,10,2,7,2,7,0,2,8
1409,conv2d_8,"(1, 2, 11, 23)",6,10,10,10,10,10,0,10,0
1410,conv2d_8,"(1, 1, 22, 11)",13,10,10,10,10,10,0,10,0
1411,conv2d_8,"(0, 1, 26, 14)",7,10,10,10,10,10,0,10,0
1412,conv2d_8,"(2, 0, 7, 29)",31,10,10,10,10,10,0,10,0
1413,conv2d_8,"(2, 2, 18, 23)",2,10,10,10,10,10,0,10,0
1414,conv2d_8,"(1, 0, 20, 5)",24,10,10,10,10,10,10,0,0
1415,conv2d_8,"(2, 2, 29, 18)",19,10,10,10,10,10,0,10,0
1416,conv2d_8,"(2, 1, 14, 28)",18,10,10,10,10,10,0,10,0
1417,conv2d_8,"(0, 1, 12, 27)",23,10,10,10,10,10,0,10,0
1418,conv2d_8,"(2, 1, 0, 11)",6,10,10,10,10,10,0,10,0
1419,conv2d_8,"(2, 2, 28, 25)",5,10,10,10,10,10,0,10,0
1420,conv2d_8,"(1, 1, 9, 7)",6,10,10,10,10,10,0,10,0
1421,conv2d_8,"(1, 0, 4, 10)",21,10,10,10,10,10,0,10,0
1422,conv2d_8,"(0, 0, 25, 12)",27,10,10,10,10,10,0,10,0
1423,conv2d_8,"(2, 2, 17, 31)",17,10,10,10,10,10,0,10,0
1424,conv2d_8,"(1, 2, 22, 25)",25,10,10,10,10,10,0,10,0
1425,conv2d_8,"(0, 1, 17, 31)",6,10,10,10,10,10,0,10,0
1426,conv2d_8,"(1, 1, 16, 7)",14,10,10,10,10,10,0,10,0
1427,conv2d_8,"(0, 2, 1, 8)",3,10,10,10,10,10,0,10,0
1428,conv2d_8,"(2, 0, 31, 4)",11,10,10,10,10,10,0,10,0
1429,conv2d_8,"(0, 1, 20, 24)",6,10,10,10,10,10,0,10,0
1430,conv2d_8,"(1, 0, 31, 4)",18,10,10,10,10,10,0,10,0
1431,conv2d_8,"(2, 1, 31, 31)",21,10,10,10,10,10,0,10,0
1432,conv2d_8,"(1, 0, 2, 1)",24,10,10,10,10,10,0,10,0
1433,conv2d_8,"(1, 1, 20, 28)",29,10,10,10,10,10,0,10,0
1434,conv2d_8,"(0, 2, 2, 2)",19,10,10,10,10,10,0,10,0
1435,conv2d_8,"(1, 0, 31, 10)",19,10,10,10,10,10,0,10,0
1436,conv2d_8,"(0, 2, 31, 24)",31,10,10,10,10,10,0,10,0
1437,conv2d_8,"(2, 0, 30, 30)",3,10,10,10,10,10,0,10,0
1438,conv2d_8,"(1, 2, 16, 25)",24,10,10,10,10,10,0,10,0
1439,conv2d_8,"(1, 0, 18, 22)",1,10,10,10,10,10,0,10,0
1440,conv2d_8,"(1, 1, 8, 2)",1,10,10,10,10,10,0,10,0
1441,conv2d_8,"(0, 1, 24, 21)",22,10,10,10,10,10,0,10,0
1442,conv2d_8,"(1, 0, 26, 22)",15,10,10,10,10,10,0,10,0
1443,conv2d_8,"(2, 1, 15, 15)",5,10,10,10,10,10,0,10,0
1444,conv2d_8,"(0, 1, 19, 4)",10,10,10,10,10,10,0,10,0
1445,conv2d_8,"(0, 1, 20, 1)",27,10,10,10,10,10,0,10,0
1446,conv2d_8,"(0, 2, 17, 26)",30,10,0,7,0,7,0,0,10
1447,conv2d_8,"(1, 2, 20, 1)",24,10,10,10,10,10,0,10,0
1448,conv2d_8,"(1, 0, 6, 20)",13,10,10,10,10,10,0,10,0
1449,conv2d_8,"(2, 2, 31, 21)",21,10,10,10,10,10,0,10,0
1450,conv2d_8,"(1, 1, 19, 10)",12,10,10,10,10,10,0,10,0
1451,conv2d_8,"(2, 0, 4, 31)",18,10,10,10,10,10,0,10,0
1452,conv2d_8,"(1, 2, 3, 16)",25,10,10,10,10,10,0,10,0
1453,conv2d_8,"(2, 2, 5, 14)",6,10,10,10,10,10,0,10,0
1454,conv2d_8,"(0, 2, 17, 21)",30,10,3,7,3,7,0,3,7
1455,conv2d_8,"(1, 0, 13, 27)",19,10,10,10,10,10,0,10,0
1456,conv2d_8,"(2, 2, 27, 19)",20,10,10,10,10,10,0,10,0
1457,conv2d_8,"(1, 1, 26, 12)",29,10,10,10,10,10,0,10,0
1458,conv2d_8,"(2, 2, 1, 11)",11,10,10,10,10,10,0,10,0
1459,conv2d_8,"(2, 2, 13, 31)",29,10,10,10,10,10,0,10,0
1460,conv2d_8,"(2, 2, 27, 17)",3,10,10,10,10,10,0,10,0
1461,conv2d_8,"(1, 0, 23, 12)",15,10,10,10,10,10,0,10,0
1462,conv2d_8,"(1, 1, 19, 9)",20,10,10,10,10,10,0,10,0
1463,conv2d_8,"(1, 1, 13, 4)",18,10,10,10,10,10,0,10,0
1464,conv2d_8,"(2, 2, 16, 10)",15,10,10,10,10,10,0,10,0
1465,conv2d_8,"(0, 0, 15, 25)",12,10,10,10,10,10,1,9,0
1466,conv2d_8,"(1, 1, 15, 1)",31,10,10,10,10,10,0,10,0
1467,conv2d_8,"(2, 0, 27, 27)",12,10,10,10,10,10,0,10,0
1468,conv2d_8,"(0, 0, 17, 10)",16,10,10,10,10,10,0,10,0
1469,conv2d_8,"(2, 0, 11, 17)",31,10,10,10,10,10,0,10,0
1470,conv2d_8,"(0, 1, 3, 1)",19,10,10,10,10,10,0,10,0
1471,conv2d_8,"(1, 2, 26, 4)",5,10,10,10,10,10,4,6,0
1472,conv2d_8,"(0, 0, 8, 25)",7,10,10,10,10,10,0,10,0
1473,conv2d_8,"(0, 0, 31, 16)",7,10,10,10,10,10,0,10,0
1474,conv2d_8,"(2, 2, 21, 20)",24,10,10,10,10,10,0,10,0
1475,conv2d_8,"(0, 0, 27, 15)",6,10,10,10,10,10,0,10,0
1476,conv2d_8,"(1, 1, 13, 11)",26,10,10,10,10,10,0,10,0
1477,conv2d_8,"(1, 2, 3, 16)",23,10,10,10,10,10,0,10,0
1478,conv2d_8,"(2, 1, 20, 7)",30,10,2,5,2,5,0,2,8
1479,conv2d_8,"(0, 1, 17, 15)",30,10,2,5,2,5,0,2,8
1480,conv2d_8,"(0, 2, 19, 23)",2,10,10,10,10,10,0,10,0
1481,conv2d_8,"(1, 2, 15, 3)",24,10,10,10,10,10,0,10,0
1482,conv2d_8,"(2, 0, 23, 19)",15,10,10,10,10,10,0,10,0
1483,conv2d_8,"(0, 1, 24, 28)",16,10,10,10,10,10,0,10,0
1484,conv2d_8,"(0, 1, 5, 19)",13,10,10,10,10,10,0,10,0
1485,conv2d_8,"(2, 1, 28, 10)",26,10,10,10,10,10,0,10,0
1486,conv2d_8,"(0, 1, 17, 2)",30,10,0,5,0,5,0,0,10
1487,conv2d_8,"(2, 1, 21, 26)",6,10,10,10,10,10,0,10,0
1488,conv2d_8,"(2, 0, 16, 10)",22,10,10,10,10,10,0,10,0
1489,conv2d_8,"(1, 2, 20, 26)",1,10,10,10,10,10,0,10,0
1490,conv2d_8,"(2, 1, 11, 3)",8,10,10,10,10,10,0,10,0
1491,conv2d_8,"(0, 2, 25, 0)",19,10,10,10,10,10,0,10,0
1492,conv2d_8,"(0, 0, 5, 20)",15,10,10,10,10,10,0,10,0
1493,conv2d_8,"(1, 1, 26, 8)",30,10,2,5,2,5,0,2,8
1494,conv2d_8,"(0, 2, 16, 8)",20,10,10,10,10,10,0,10,0
1495,conv2d_8,"(0, 1, 12, 18)",23,10,10,10,10,10,0,10,0
1496,conv2d_8,"(1, 2, 25, 11)",14,10,10,10,10,10,0,10,0
1497,conv2d_8,"(2, 2, 1, 1)",14,10,10,10,10,10,0,10,0
1498,conv2d_8,"(0, 1, 29, 5)",10,10,10,10,10,10,10,0,0
1499,conv2d_8,"(2, 1, 25, 3)",16,10,10,10,10,10,0,10,0
1500,conv2d_8,"(1, 0, 5, 9)",7,10,10,10,10,10,0,10,0
1501,conv2d_8,"(1, 2, 27, 0)",31,10,10,10,10,10,0,10,0
1502,conv2d_8,"(2, 0, 14, 7)",12,10,10,10,10,10,0,10,0
1503,conv2d_8,"(2, 1, 18, 17)",24,10,10,10,10,10,0,10,0
1504,conv2d_8,"(0, 2, 27, 8)",13,10,10,10,10,10,0,10,0
1505,conv2d_8,"(1, 0, 12, 18)",26,10,10,10,10,10,0,10,0
1506,conv2d_8,"(1, 1, 1, 9)",15,10,10,10,10,10,0,10,0
1507,conv2d_8,"(1, 2, 15, 28)",29,10,10,10,10,10,1,9,0
1508,conv2d_8,"(1, 0, 0, 5)",20,10,10,10,10,10,10,0,0
1509,conv2d_8,"(2, 1, 13, 25)",27,10,10,10,10,10,0,10,0
1510,conv2d_8,"(0, 2, 4, 16)",3,10,10,10,10,10,0,10,0
1511,conv2d_8,"(0, 1, 21, 3)",22,10,10,10,10,10,0,10,0
1512,conv2d_8,"(1, 2, 0, 2)",24,10,10,10,10,10,0,10,0
1513,conv2d_8,"(2, 1, 25, 19)",8,10,10,10,10,10,0,10,0
1514,conv2d_8,"(1, 0, 11, 2)",31,10,10,10,10,10,0,10,0
1515,conv2d_8,"(0, 0, 29, 21)",20,10,10,10,10,10,0,10,0
1516,conv2d_8,"(1, 0, 9, 27)",20,10,10,10,10,10,0,10,0
1517,conv2d_8,"(1, 1, 8, 2)",23,10,10,10,10,10,0,10,0
1518,conv2d_8,"(1, 2, 18, 27)",16,10,10,10,10,10,0,10,0
1519,conv2d_8,"(0, 1, 27, 20)",31,10,10,10,10,10,0,10,0
1520,conv2d_8,"(0, 0, 28, 9)",9,10,10,10,10,10,0,10,0
1521,conv2d_8,"(0, 0, 14, 3)",30,10,1,5,1,5,0,1,9
1522,conv2d_8,"(2, 1, 10, 16)",27,10,10,10,10,10,0,10,0
1523,conv2d_8,"(0, 1, 31, 7)",22,10,10,10,10,10,0,10,0
1524,conv2d_8,"(1, 0, 29, 31)",9,10,10,10,10,10,0,10,0
1525,conv2d_8,"(0, 0, 22, 7)",18,10,10,10,10,10,0,10,0
1526,conv2d_8,"(2, 2, 10, 11)",17,10,10,10,10,10,0,10,0
1527,conv2d_8,"(2, 2, 0, 13)",11,10,10,10,10,10,0,10,0
1528,conv2d_8,"(0, 1, 4, 26)",6,10,10,10,10,10,0,10,0
1529,conv2d_8,"(1, 2, 1, 21)",7,10,10,10,10,10,0,10,0
1530,conv2d_8,"(2, 0, 23, 25)",20,10,10,10,10,10,0,10,0
1531,conv2d_8,"(0, 1, 1, 9)",30,10,1,7,1,7,0,1,9
1532,conv2d_8,"(2, 2, 17, 29)",0,10,10,10,10,10,0,10,0
1533,conv2d_8,"(2, 2, 2, 21)",28,10,10,10,10,10,0,10,0
1534,conv2d_8,"(0, 0, 8, 20)",18,10,10,10,10,10,0,10,0
1535,conv2d_8,"(2, 0, 3, 20)",24,10,10,10,10,10,0,10,0
1536,conv2d_8,"(1, 0, 25, 5)",15,10,10,10,10,10,10,0,0
1537,conv2d_8,"(0, 0, 5, 25)",10,10,10,10,10,10,0,10,0
1538,conv2d_8,"(1, 2, 25, 24)",9,10,10,10,10,10,0,10,0
1539,conv2d_8,"(1, 1, 19, 7)",19,10,10,10,10,10,0,10,0
1540,conv2d_8,"(2, 0, 22, 8)",23,10,10,10,10,10,0,10,0
1541,conv2d_8,"(1, 1, 31, 12)",30,10,3,6,3,6,0,3,7
1542,conv2d_8,"(0, 1, 27, 17)",23,10,10,10,10,10,0,10,0
1543,conv2d_8,"(2, 1, 27, 11)",5,10,10,10,10,10,0,10,0
1544,conv2d_8,"(1, 2, 21, 2)",14,10,10,10,10,10,0,10,0
1545,conv2d_8,"(2, 2, 31, 9)",5,10,10,10,10,10,0,10,0
1546,conv2d_8,"(1, 0, 29, 18)",30,10,0,5,0,5,0,0,10
1547,conv2d_8,"(0, 2, 9, 19)",19,10,10,10,10,10,0,10,0
1548,conv2d_8,"(1, 2, 27, 15)",3,10,10,10,10,10,0,10,0
1549,conv2d_8,"(2, 0, 2, 4)",27,10,10,10,10,10,0,10,0
1550,conv2d_8,"(1, 2, 6, 26)",16,10,10,10,10,10,0,10,0
1551,conv2d_8,"(2, 0, 16, 22)",1,10,10,10,10,10,0,10,0
1552,conv2d_8,"(0, 0, 29, 7)",25,10,10,10,10,10,0,10,0
1553,conv2d_8,"(1, 2, 5, 2)",19,10,10,10,10,10,0,10,0
1554,conv2d_8,"(2, 1, 29, 20)",16,10,10,10,10,10,0,10,0
1555,conv2d_8,"(0, 0, 11, 21)",5,10,10,10,10,10,0,10,0
1556,conv2d_8,"(1, 2, 6, 16)",1,10,10,10,10,10,0,10,0
1557,conv2d_8,"(0, 0, 25, 0)",10,10,10,10,10,10,0,10,0
1558,conv2d_8,"(2, 1, 29, 30)",31,10,10,10,10,10,0,10,0
1559,conv2d_8,"(2, 2, 23, 19)",25,10,10,10,10,10,0,10,0
1560,conv2d_8,"(0, 0, 5, 19)",0,10,10,10,10,10,0,10,0
1561,conv2d_8,"(0, 2, 7, 12)",12,10,10,10,10,10,0,10,0
1562,conv2d_8,"(1, 2, 13, 1)",9,10,10,10,10,10,0,10,0
1563,conv2d_8,"(2, 2, 27, 15)",12,10,10,10,10,10,0,10,0
1564,conv2d_8,"(1, 0, 19, 5)",30,10,1,6,1,6,0,1,9
1565,conv2d_8,"(0, 0, 1, 27)",9,10,10,10,10,10,0,10,0
1566,conv2d_8,"(1, 0, 31, 28)",28,10,10,10,10,10,0,10,0
1567,conv2d_8,"(1, 2, 12, 15)",25,10,10,10,10,10,0,10,0
1568,conv2d_8,"(0, 0, 21, 3)",27,10,10,10,10,10,0,10,0
1569,conv2d_8,"(2, 2, 31, 26)",18,10,10,10,10,10,0,10,0
1570,conv2d_8,"(1, 1, 31, 2)",31,10,10,10,10,10,0,10,0
1571,conv2d_8,"(2, 0, 3, 14)",27,10,10,10,10,10,0,10,0
1572,conv2d_8,"(1, 2, 4, 20)",26,10,10,10,10,10,0,10,0
1573,conv2d_8,"(1, 2, 7, 30)",22,10,10,10,10,10,0,10,0
1574,conv2d_8,"(0, 0, 27, 28)",18,10,10,10,10,10,0,10,0
1575,conv2d_8,"(1, 1, 30, 12)",14,10,10,10,10,10,0,10,0
1576,conv2d_8,"(2, 2, 21, 14)",29,10,10,10,10,10,0,10,0
1577,conv2d_8,"(2, 2, 18, 8)",24,10,10,10,10,10,0,10,0
1578,conv2d_8,"(1, 0, 23, 26)",13,10,10,10,10,10,0,10,0
1579,conv2d_8,"(2, 1, 5, 18)",8,10,10,10,10,10,0,10,0
1580,conv2d_8,"(0, 2, 12, 11)",31,10,10,10,10,10,0,10,0
1581,conv2d_8,"(1, 1, 26, 6)",15,10,10,10,10,10,0,10,0
1582,conv2d_8,"(0, 1, 3, 13)",16,10,10,10,10,10,0,10,0
1583,conv2d_8,"(0, 2, 10, 22)",2,10,10,10,10,10,0,10,0
1584,conv2d_8,"(1, 0, 21, 4)",14,10,10,10,10,10,0,10,0
1585,conv2d_8,"(1, 1, 14, 7)",21,10,10,10,10,10,0,10,0
1586,conv2d_8,"(2, 1, 2, 22)",9,10,10,10,10,10,0,10,0
1587,conv2d_8,"(1, 1, 3, 6)",7,10,10,10,10,10,0,10,0
1588,conv2d_8,"(2, 0, 6, 6)",6,10,10,10,10,10,0,10,0
1589,conv2d_8,"(0, 1, 7, 10)",10,10,10,10,10,10,0,10,0
1590,conv2d_8,"(2, 1, 28, 18)",6,10,10,10,10,10,0,10,0
1591,conv2d_8,"(1, 0, 23, 9)",7,10,10,10,10,10,0,10,0
1592,conv2d_8,"(1, 0, 28, 12)",15,10,10,10,10,10,0,10,0
1593,conv2d_8,"(1, 2, 21, 30)",10,10,10,10,10,10,0,10,0
1594,conv2d_8,"(1, 2, 17, 5)",26,10,10,10,10,10,10,0,0
1595,conv2d_8,"(0, 2, 15, 23)",26,10,10,10,10,10,0,10,0
1596,conv2d_8,"(1, 1, 8, 14)",26,10,10,10,10,10,0,10,0
1597,conv2d_8,"(0, 1, 23, 29)",9,10,10,10,10,10,0,10,0
1598,conv2d_8,"(0, 1, 4, 0)",20,10,10,10,10,10,0,10,0
1599,conv2d_8,"(1, 0, 10, 25)",25,10,10,10,10,10,0,10,0
1600,conv2d_8,"(2, 0, 9, 2)",18,10,10,10,10,10,0,10,0
1601,conv2d_8,"(2, 2, 25, 26)",19,10,10,10,10,10,0,10,0
1602,conv2d_8,"(0, 1, 22, 20)",9,10,10,10,10,10,0,10,0
1603,conv2d_8,"(2, 0, 28, 25)",28,10,10,10,10,10,0,10,0
1604,conv2d_8,"(0, 1, 25, 22)",5,10,10,10,10,10,0,10,0
1605,conv2d_8,"(1, 2, 21, 2)",8,10,10,10,10,10,0,10,0
1606,conv2d_8,"(0, 2, 13, 18)",19,10,10,10,10,10,0,10,0
1607,conv2d_8,"(0, 0, 10, 21)",16,10,10,10,10,10,0,10,0
1608,conv2d_8,"(2, 1, 19, 15)",7,10,10,10,10,10,0,10,0
1609,conv2d_8,"(1, 2, 23, 3)",22,10,10,10,10,10,0,10,0
1610,conv2d_8,"(2, 0, 3, 7)",28,10,10,10,10,10,0,10,0
1611,conv2d_8,"(1, 1, 0, 19)",15,10,10,10,10,10,0,10,0
1612,conv2d_8,"(1, 1, 22, 14)",8,10,10,10,10,10,0,10,0
1613,conv2d_8,"(0, 1, 15, 24)",12,10,10,10,10,10,1,9,0
1614,conv2d_8,"(0, 0, 29, 23)",27,10,10,10,10,10,0,10,0
1615,conv2d_8,"(0, 0, 5, 26)",27,10,10,10,10,10,0,10,0
1616,conv2d_8,"(0, 1, 30, 8)",4,10,10,10,10,10,0,10,0
1617,conv2d_8,"(2, 2, 25, 23)",25,10,10,10,10,10,0,10,0
1618,conv2d_8,"(2, 1, 31, 16)",28,10,10,10,10,10,0,10,0
1619,conv2d_8,"(0, 0, 26, 31)",8,10,10,10,10,10,0,10,0
1620,conv2d_8,"(0, 2, 29, 31)",7,10,10,10,10,10,0,10,0
1621,conv2d_8,"(1, 0, 29, 13)",10,10,10,10,10,10,0,10,0
1622,conv2d_8,"(2, 1, 7, 23)",7,10,10,10,10,10,0,10,0
1623,conv2d_8,"(2, 1, 23, 7)",2,10,10,10,10,10,0,10,0
1624,conv2d_8,"(1, 1, 7, 9)",23,10,10,10,10,10,0,10,0
1625,conv2d_8,"(1, 0, 18, 19)",9,10,10,10,10,10,0,10,0
1626,conv2d_8,"(0, 1, 26, 9)",18,10,10,10,10,10,0,10,0
1627,conv2d_8,"(2, 1, 11, 13)",0,10,10,10,10,10,10,0,0
1628,conv2d_8,"(0, 0, 22, 7)",26,10,10,10,10,10,0,10,0
1629,conv2d_8,"(2, 1, 19, 30)",21,10,10,10,10,10,0,10,0
1630,conv2d_8,"(2, 2, 30, 24)",8,10,10,10,10,10,0,10,0
1631,conv2d_8,"(1, 2, 29, 8)",28,10,10,10,10,10,0,10,0
1632,conv2d_8,"(0, 2, 20, 9)",26,10,10,10,10,10,0,10,0
1633,conv2d_8,"(1, 1, 14, 24)",2,10,10,10,10,10,0,10,0
1634,conv2d_8,"(2, 0, 17, 28)",10,10,10,10,10,10,0,10,0
1635,conv2d_8,"(2, 2, 19, 1)",7,10,10,10,10,10,0,10,0
1636,conv2d_8,"(2, 2, 12, 5)",3,10,10,10,10,10,10,0,0
1637,conv2d_8,"(2, 0, 30, 12)",7,10,10,10,10,10,0,10,0
1638,conv2d_8,"(1, 0, 1, 11)",15,10,10,10,10,10,0,10,0
1639,conv2d_8,"(2, 2, 5, 28)",20,10,10,10,10,10,0,10,0
1640,conv2d_8,"(1, 0, 2, 25)",21,10,10,10,10,10,0,10,0
1641,conv2d_8,"(1, 0, 11, 27)",20,10,10,10,10,10,0,10,0
1642,conv2d_8,"(0, 0, 16, 24)",6,10,10,10,10,10,0,10,0
1643,conv2d_8,"(0, 0, 18, 10)",16,10,10,10,10,10,0,10,0
1644,conv2d_8,"(1, 1, 9, 5)",10,10,10,10,10,10,10,0,0
1645,conv2d_8,"(0, 0, 20, 3)",3,10,10,10,10,10,0,10,0
1646,conv2d_8,"(0, 1, 24, 19)",9,10,10,10,10,10,0,10,0
1647,conv2d_8,"(1, 1, 20, 26)",7,10,10,10,10,10,0,10,0
1648,conv2d_8,"(0, 2, 12, 3)",15,10,10,10,10,10,0,10,0
1649,conv2d_8,"(0, 1, 24, 31)",3,10,10,10,10,10,0,10,0
1650,conv2d_8,"(2, 1, 29, 20)",4,10,10,10,10,10,0,10,0
1651,conv2d_8,"(1, 2, 1, 30)",14,10,10,10,10,10,0,10,0
1652,conv2d_8,"(2, 2, 17, 1)",6,10,10,10,10,10,0,10,0
1653,conv2d_8,"(1, 2, 8, 15)",26,10,10,10,10,10,0,10,0
1654,conv2d_8,"(2, 2, 5, 28)",13,10,10,10,10,10,0,10,0
1655,conv2d_8,"(2, 0, 23, 9)",15,10,10,10,10,10,0,10,0
1656,conv2d_8,"(0, 0, 28, 27)",29,10,10,10,10,10,0,10,0
1657,conv2d_8,"(0, 0, 10, 18)",30,10,0,7,0,7,0,0,10
1658,conv2d_8,"(2, 1, 16, 17)",22,10,10,10,10,10,0,10,0
1659,conv2d_8,"(0, 0, 18, 13)",4,10,10,10,10,10,0,10,0
1660,conv2d_8,"(1, 2, 5, 19)",7,10,10,10,10,10,0,10,0
1661,conv2d_8,"(1, 0, 17, 8)",20,10,10,10,10,10,0,10,0
1662,conv2d_8,"(2, 1, 16, 21)",17,10,10,10,10,10,0,10,0
1663,conv2d_8,"(1, 0, 20, 15)",29,10,10,10,10,10,0,10,0
1664,conv2d_8,"(2, 0, 1, 21)",0,10,10,10,10,10,10,0,0
1665,conv2d_8,"(0, 2, 0, 30)",11,10,10,10,10,10,0,10,0
1666,conv2d_8,"(1, 2, 31, 26)",5,10,10,10,10,10,0,10,0
1667,conv2d_8,"(2, 1, 1, 4)",7,10,10,10,10,10,0,10,0
1668,conv2d_8,"(2, 1, 24, 22)",24,10,10,10,10,10,0,10,0
1669,conv2d_8,"(0, 1, 0, 11)",23,10,10,10,10,10,0,10,0
1670,conv2d_8,"(0, 0, 28, 12)",1,10,10,10,10,10,8,2,0
1671,conv2d_8,"(0, 0, 22, 17)",19,10,10,10,10,10,0,10,0
1672,conv2d_8,"(1, 1, 14, 14)",2,10,10,10,10,10,0,10,0
1673,conv2d_8,"(2, 2, 31, 17)",13,10,10,10,10,10,0,10,0
1674,conv2d_8,"(2, 1, 12, 0)",7,10,10,10,10,10,0,10,0
1675,conv2d_8,"(0, 2, 31, 17)",12,10,10,10,10,10,0,10,0
1676,conv2d_8,"(2, 0, 4, 11)",4,10,10,10,10,10,0,10,0
1677,conv2d_8,"(2, 0, 16, 8)",17,10,10,10,10,10,0,10,0
1678,conv2d_8,"(2, 2, 1, 12)",16,10,10,10,10,10,0,10,0
1679,conv2d_8,"(1, 2, 0, 29)",3,10,10,10,10,10,0,10,0
1680,conv2d_8,"(1, 1, 27, 20)",7,10,10,10,10,10,0,10,0
1681,conv2d_8,"(1, 2, 31, 29)",2,10,10,10,10,10,0,10,0
1682,conv2d_8,"(1, 1, 3, 14)",28,10,10,10,10,10,0,10,0
1683,conv2d_8,"(1, 0, 0, 20)",21,10,10,10,10,10,0,10,0
1684,conv2d_8,"(2, 0, 1, 5)",27,10,10,10,10,10,10,0,0
1685,conv2d_8,"(0, 0, 15, 4)",21,10,10,10,10,10,1,9,0
1686,conv2d_8,"(2, 2, 4, 19)",6,10,10,10,10,10,0,10,0
1687,conv2d_8,"(1, 0, 30, 1)",21,10,10,10,10,10,0,10,0
1688,conv2d_8,"(0, 1, 15, 16)",15,10,10,10,10,10,0,10,0
1689,conv2d_8,"(1, 2, 3, 21)",15,10,10,10,10,10,0,10,0
1690,conv2d_8,"(0, 2, 28, 4)",28,10,10,10,10,10,0,10,0
1691,conv2d_8,"(0, 0, 5, 7)",24,10,10,10,10,10,0,10,0
1692,conv2d_8,"(0, 0, 4, 20)",28,10,10,10,10,10,0,10,0
1693,conv2d_8,"(2, 2, 19, 3)",27,10,10,10,10,10,0,10,0
1694,conv2d_8,"(2, 0, 6, 4)",3,10,10,10,10,10,2,8,0
1695,conv2d_8,"(1, 0, 24, 18)",26,10,10,10,10,10,0,10,0
1696,conv2d_8,"(1, 1, 0, 14)",29,10,10,10,10,10,0,10,0
1697,conv2d_8,"(1, 2, 6, 27)",1,10,10,10,10,10,4,6,0
1698,conv2d_8,"(2, 0, 21, 29)",6,10,10,10,10,10,0,10,0
1699,conv2d_8,"(2, 2, 0, 6)",4,10,10,10,10,10,0,10,0
1700,conv2d_8,"(2, 2, 8, 12)",16,10,10,10,10,10,0,10,0
1701,conv2d_8,"(1, 2, 26, 22)",28,10,10,10,10,10,0,10,0
1702,conv2d_8,"(0, 0, 15, 11)",3,10,10,10,10,10,1,9,0
1703,conv2d_8,"(2, 1, 19, 8)",22,10,10,10,10,10,0,10,0
1704,conv2d_8,"(0, 1, 9, 19)",19,10,10,10,10,10,0,10,0
1705,conv2d_8,"(1, 0, 18, 21)",9,10,10,10,10,10,0,10,0
1706,conv2d_8,"(2, 2, 15, 3)",3,10,10,10,10,10,1,9,0
1707,conv2d_8,"(0, 0, 22, 27)",12,10,10,10,10,10,0,10,0
1708,conv2d_8,"(0, 2, 21, 4)",30,10,5,7,5,7,0,5,5
1709,conv2d_8,"(2, 2, 21, 29)",21,10,10,10,10,10,0,10,0
1710,conv2d_8,"(1, 0, 26, 19)",6,10,10,10,10,10,0,10,0
1711,conv2d_8,"(1, 0, 2, 29)",0,10,10,10,10,10,0,10,0
1712,conv2d_8,"(1, 2, 14, 14)",13,10,10,10,10,10,0,10,0
1713,conv2d_8,"(2, 1, 30, 15)",24,10,10,10,10,10,0,10,0
1714,conv2d_8,"(0, 0, 25, 13)",23,10,10,10,10,10,0,10,0
1715,conv2d_8,"(1, 0, 4, 0)",7,10,10,10,10,10,0,10,0
1716,conv2d_8,"(1, 0, 18, 9)",23,10,10,10,10,10,0,10,0
1717,conv2d_8,"(0, 0, 1, 2)",18,10,10,10,10,10,0,10,0
1718,conv2d_8,"(1, 2, 14, 11)",11,10,10,10,10,10,0,10,0
1719,conv2d_8,"(0, 0, 15, 21)",1,10,10,10,10,10,0,10,0
1720,conv2d_8,"(0, 0, 16, 11)",8,10,10,10,10,10,0,10,0
1721,conv2d_8,"(1, 0, 7, 24)",19,10,10,10,10,10,0,10,0
1722,conv2d_8,"(1, 1, 15, 29)",10,10,10,10,10,10,0,10,0
1723,conv2d_8,"(0, 0, 4, 27)",8,10,10,10,10,10,0,10,0
1724,conv2d_8,"(2, 1, 12, 12)",23,10,10,10,10,10,0,10,0
1725,conv2d_8,"(2, 0, 27, 20)",2,10,10,10,10,10,0,10,0
1726,conv2d_8,"(0, 1, 18, 12)",15,10,10,10,10,10,0,10,0
1727,conv2d_8,"(0, 2, 17, 3)",31,10,10,10,10,10,0,10,0
1728,conv2d_8,"(1, 2, 5, 13)",4,10,10,10,10,10,0,10,0
1729,conv2d_8,"(2, 2, 24, 10)",23,10,10,10,10,10,0,10,0
1730,conv2d_8,"(0, 1, 29, 31)",23,10,10,10,10,10,0,10,0
1731,conv2d_8,"(1, 1, 31, 30)",25,10,10,10,10,10,0,10,0
1732,conv2d_8,"(0, 0, 13, 2)",28,10,10,10,10,10,0,10,0
1733,conv2d_8,"(0, 1, 25, 15)",27,10,10,10,10,10,0,10,0
1734,conv2d_8,"(1, 1, 10, 24)",5,10,10,10,10,10,0,10,0
1735,conv2d_8,"(1, 1, 5, 8)",22,10,10,10,10,10,0,10,0
1736,conv2d_8,"(1, 2, 2, 14)",21,10,10,10,10,10,0,10,0
1737,conv2d_8,"(1, 1, 28, 27)",26,10,10,10,10,10,0,10,0
1738,conv2d_8,"(1, 1, 31, 23)",24,10,10,10,10,10,0,10,0
1739,conv2d_8,"(1, 0, 11, 1)",16,10,10,10,10,10,0,10,0
1740,conv2d_8,"(0, 1, 22, 4)",5,10,10,10,10,10,0,10,0
1741,conv2d_9,"(0, 0, 14, 17)",4,10,10,10,10,10,0,10,0
1742,conv2d_9,"(2, 0, 2, 23)",21,10,10,10,10,10,0,10,0
1743,conv2d_9,"(1, 1, 21, 12)",17,10,10,10,10,10,0,10,0
1744,conv2d_9,"(2, 2, 8, 12)",16,10,10,10,10,10,0,10,0
1745,conv2d_9,"(1, 1, 19, 0)",25,10,10,10,10,10,0,10,0
1746,conv2d_9,"(1, 2, 0, 25)",9,10,10,10,10,10,0,10,0
1747,conv2d_9,"(0, 2, 14, 25)",13,10,10,10,10,10,0,10,0
1748,conv2d_9,"(2, 2, 14, 30)",29,10,10,10,10,10,0,10,0
1749,conv2d_9,"(0, 1, 21, 29)",12,10,10,10,10,10,0,10,0
1750,conv2d_9,"(0, 1, 26, 27)",28,10,10,10,10,10,0,10,0
1751,conv2d_9,"(0, 2, 23, 1)",8,10,10,10,10,10,0,10,0
1752,conv2d_9,"(1, 2, 0, 19)",22,10,10,10,10,10,0,10,0
1753,conv2d_9,"(1, 1, 14, 21)",25,10,10,10,10,10,10,0,0
1754,conv2d_9,"(2, 0, 20, 19)",2,10,10,10,10,10,0,10,0
1755,conv2d_9,"(1, 2, 9, 8)",25,10,10,10,10,10,0,10,0
1756,conv2d_9,"(1, 0, 13, 24)",24,10,10,10,10,10,0,10,0
1757,conv2d_9,"(0, 1, 30, 12)",28,10,10,10,10,10,0,10,0
1758,conv2d_9,"(0, 0, 5, 19)",11,10,10,10,10,10,10,0,0
1759,conv2d_9,"(0, 0, 31, 2)",12,10,10,10,10,10,0,10,0
1760,conv2d_9,"(1, 0, 24, 4)",14,10,10,10,10,10,0,10,0
1761,conv2d_9,"(1, 0, 4, 18)",23,10,10,10,10,10,0,10,0
1762,conv2d_9,"(1, 1, 10, 0)",25,10,10,10,10,10,0,10,0
1763,conv2d_9,"(0, 2, 7, 10)",26,10,10,10,10,10,0,10,0
1764,conv2d_9,"(1, 0, 4, 30)",8,10,10,10,10,10,0,10,0
1765,conv2d_9,"(1, 2, 19, 13)",30,10,4,6,4,6,0,4,6
1766,conv2d_9,"(2, 0, 19, 10)",29,10,10,10,10,10,0,10,0
1767,conv2d_9,"(0, 0, 12, 17)",28,10,10,10,10,10,0,10,0
1768,conv2d_9,"(2, 0, 25, 4)",21,10,10,10,10,10,0,10,0
1769,conv2d_9,"(1, 2, 29, 31)",2,10,10,10,10,10,0,10,0
1770,conv2d_9,"(2, 1, 18, 5)",22,10,10,10,10,10,0,10,0
1771,conv2d_9,"(2, 0, 25, 19)",26,10,10,10,10,10,0,10,0
1772,conv2d_9,"(2, 2, 11, 15)",27,10,10,10,10,10,0,10,0
1773,conv2d_9,"(2, 0, 24, 29)",6,10,10,10,10,10,0,10,0
1774,conv2d_9,"(0, 0, 2, 25)",17,10,10,10,10,10,0,10,0
1775,conv2d_9,"(2, 2, 4, 18)",13,10,10,10,10,10,0,10,0
1776,conv2d_9,"(2, 0, 26, 31)",23,10,10,10,10,10,0,10,0
1777,conv2d_9,"(2, 1, 6, 4)",26,10,10,10,10,10,0,10,0
1778,conv2d_9,"(1, 0, 10, 28)",2,10,10,10,10,10,0,10,0
1779,conv2d_9,"(0, 2, 1, 29)",29,10,10,10,10,10,0,10,0
1780,conv2d_9,"(2, 1, 21, 24)",12,10,10,10,10,10,0,10,0
1781,conv2d_9,"(0, 1, 2, 25)",7,10,10,10,10,10,0,10,0
1782,conv2d_9,"(2, 2, 20, 8)",29,10,10,10,10,10,0,10,0
1783,conv2d_9,"(0, 0, 29, 31)",15,10,10,10,10,10,0,10,0
1784,conv2d_9,"(1, 1, 8, 28)",10,10,10,10,10,10,0,10,0
1785,conv2d_9,"(2, 0, 1, 10)",11,10,10,10,10,10,0,10,0
1786,conv2d_9,"(2, 2, 7, 18)",25,10,10,10,10,10,0,10,0
1787,conv2d_9,"(2, 0, 4, 10)",17,10,10,10,10,10,0,10,0
1788,conv2d_9,"(1, 0, 28, 9)",13,10,10,10,10,10,0,10,0
1789,conv2d_9,"(1, 2, 13, 2)",3,10,10,10,10,10,0,10,0
1790,conv2d_9,"(2, 1, 24, 6)",28,10,10,10,10,10,0,10,0
1791,conv2d_9,"(0, 1, 0, 3)",12,10,10,10,10,10,0,10,0
1792,conv2d_9,"(0, 0, 23, 15)",5,10,10,10,10,10,0,10,0
1793,conv2d_9,"(0, 0, 26, 1)",21,10,10,10,10,10,0,10,0
1794,conv2d_9,"(0, 0, 4, 12)",10,10,10,10,10,10,1,9,0
1795,conv2d_9,"(1, 2, 2, 10)",6,10,10,10,10,10,0,10,0
1796,conv2d_9,"(2, 2, 20, 20)",12,10,10,10,10,10,0,10,0
1797,conv2d_9,"(1, 0, 25, 13)",14,10,10,10,10,10,10,0,0
1798,conv2d_9,"(1, 1, 6, 13)",11,10,10,10,10,10,10,0,0
1799,conv2d_9,"(2, 1, 25, 0)",0,10,10,10,10,10,3,7,0
1800,conv2d_9,"(1, 0, 13, 24)",4,10,10,10,10,10,0,10,0
1801,conv2d_9,"(0, 0, 23, 17)",13,10,10,10,10,10,0,10,0
1802,conv2d_9,"(2, 1, 19, 26)",6,10,10,10,10,10,0,10,0
1803,conv2d_9,"(0, 2, 16, 10)",20,10,10,10,10,10,0,10,0
1804,conv2d_9,"(1, 0, 8, 24)",20,10,10,10,10,10,0,10,0
1805,conv2d_9,"(1, 0, 4, 30)",28,10,10,10,10,10,0,10,0
1806,conv2d_9,"(2, 2, 14, 24)",0,10,10,10,10,10,0,10,0
1807,conv2d_9,"(2, 0, 1, 14)",19,10,10,10,10,10,0,10,0
1808,conv2d_9,"(0, 2, 27, 15)",5,10,10,10,10,10,3,7,0
1809,conv2d_9,"(1, 1, 8, 3)",18,10,10,10,10,10,0,10,0
1810,conv2d_9,"(1, 0, 9, 12)",2,10,10,10,10,10,0,10,0
1811,conv2d_9,"(2, 1, 28, 15)",8,10,10,10,10,10,0,10,0
1812,conv2d_9,"(2, 0, 20, 17)",26,10,10,10,10,10,0,10,0
1813,conv2d_9,"(0, 2, 1, 18)",21,10,10,10,10,10,0,10,0
1814,conv2d_9,"(0, 2, 15, 21)",3,10,10,10,10,10,10,0,0
1815,conv2d_9,"(2, 1, 14, 15)",20,10,10,10,10,10,0,10,0
1816,conv2d_9,"(2, 0, 28, 11)",4,10,10,10,10,10,0,10,0
1817,conv2d_9,"(0, 0, 4, 31)",9,10,10,10,10,10,0,10,0
1818,conv2d_9,"(0, 0, 8, 13)",13,10,10,10,10,10,10,0,0
1819,conv2d_9,"(1, 2, 5, 15)",29,10,10,10,10,10,10,0,0
1820,conv2d_9,"(2, 0, 10, 19)",15,10,10,10,10,10,0,10,0
1821,conv2d_9,"(2, 0, 11, 27)",19,10,10,10,10,10,0,10,0
1822,conv2d_9,"(2, 0, 28, 18)",17,10,10,10,10,10,0,10,0
1823,conv2d_9,"(1, 1, 5, 30)",24,10,10,10,10,10,10,0,0
1824,conv2d_9,"(1, 1, 30, 10)",27,10,10,10,10,10,0,10,0
1825,conv2d_9,"(0, 1, 30, 9)",27,10,10,10,10,10,0,10,0
1826,conv2d_9,"(2, 2, 19, 5)",9,10,10,10,10,10,0,10,0
1827,conv2d_9,"(1, 1, 16, 11)",19,10,10,10,10,10,0,10,0
1828,conv2d_9,"(1, 2, 18, 29)",30,10,4,7,4,7,0,4,6
1829,conv2d_9,"(0, 2, 21, 4)",30,10,0,3,0,3,0,0,10
1830,conv2d_9,"(0, 0, 9, 12)",0,10,10,10,10,10,4,6,0
1831,conv2d_9,"(1, 1, 31, 23)",25,10,10,10,10,10,0,10,0
1832,conv2d_9,"(1, 1, 24, 23)",4,10,10,10,10,10,0,10,0
1833,conv2d_9,"(0, 1, 2, 26)",10,10,10,10,10,10,0,10,0
1834,conv2d_9,"(1, 2, 27, 12)",22,10,10,10,10,10,0,10,0
1835,conv2d_9,"(2, 0, 23, 31)",24,10,10,10,10,10,0,10,0
1836,conv2d_9,"(0, 1, 15, 27)",2,10,10,10,10,10,0,10,0
1837,conv2d_9,"(2, 2, 1, 23)",9,10,10,10,10,10,0,10,0
1838,conv2d_9,"(2, 0, 29, 16)",16,10,10,10,10,10,0,10,0
1839,conv2d_9,"(0, 0, 10, 15)",5,10,10,10,10,10,0,10,0
1840,conv2d_9,"(2, 2, 25, 24)",5,10,10,10,10,10,0,10,0
1841,conv2d_9,"(0, 1, 27, 12)",16,10,10,10,10,10,0,10,0
1842,conv2d_9,"(2, 1, 24, 19)",26,10,10,10,10,10,0,10,0
1843,conv2d_9,"(2, 2, 6, 5)",22,10,10,10,10,10,0,10,0
1844,conv2d_9,"(2, 0, 17, 9)",25,10,10,10,10,10,0,10,0
1845,conv2d_9,"(0, 1, 0, 19)",0,10,10,10,10,10,10,0,0
1846,conv2d_9,"(2, 1, 4, 6)",26,10,10,10,10,10,0,10,0
1847,conv2d_9,"(0, 0, 27, 18)",23,10,10,10,10,10,0,10,0
1848,conv2d_9,"(0, 1, 8, 11)",11,10,10,10,10,10,0,10,0
1849,conv2d_9,"(2, 0, 28, 7)",11,10,10,10,10,10,0,10,0
1850,conv2d_9,"(2, 0, 3, 12)",12,10,10,10,10,10,0,10,0
1851,conv2d_9,"(1, 2, 26, 16)",6,10,10,10,10,10,0,10,0
1852,conv2d_9,"(1, 0, 5, 10)",24,10,10,10,10,10,10,0,0
1853,conv2d_9,"(0, 1, 17, 7)",1,10,10,10,10,10,0,10,0
1854,conv2d_9,"(1, 2, 30, 15)",6,10,10,10,10,10,0,10,0
1855,conv2d_9,"(1, 0, 3, 0)",2,10,10,10,10,10,4,6,0
1856,conv2d_9,"(2, 0, 13, 6)",24,10,10,10,10,10,0,10,0
1857,conv2d_9,"(1, 1, 31, 17)",27,10,10,10,10,10,0,10,0
1858,conv2d_9,"(2, 1, 23, 21)",20,10,10,10,10,10,10,0,0
1859,conv2d_9,"(2, 1, 23, 15)",24,10,10,10,10,10,0,10,0
1860,conv2d_9,"(1, 0, 22, 3)",0,10,10,10,10,10,1,9,0
1861,conv2d_9,"(2, 0, 25, 29)",1,10,10,10,10,10,3,7,0
1862,conv2d_9,"(2, 0, 17, 7)",23,10,10,10,10,10,0,10,0
1863,conv2d_9,"(2, 1, 30, 28)",12,10,10,10,10,10,0,10,0
1864,conv2d_9,"(0, 2, 20, 0)",23,10,10,10,10,10,0,10,0
1865,conv2d_9,"(2, 1, 20, 2)",14,10,10,10,10,10,0,10,0
1866,conv2d_9,"(2, 2, 25, 31)",5,10,10,10,10,10,0,10,0
1867,conv2d_9,"(1, 2, 27, 22)",6,10,10,10,10,10,0,10,0
1868,conv2d_9,"(2, 0, 18, 24)",9,10,10,10,10,10,0,10,0
1869,conv2d_9,"(1, 0, 8, 2)",19,10,10,10,10,10,0,10,0
1870,conv2d_9,"(1, 0, 10, 29)",30,10,0,4,0,4,0,0,10
1871,conv2d_9,"(0, 0, 15, 15)",5,10,10,10,10,10,0,10,0
1872,conv2d_9,"(2, 0, 27, 6)",10,10,10,10,10,10,0,10,0
1873,conv2d_9,"(1, 0, 24, 20)",16,10,10,10,10,10,0,10,0
1874,conv2d_9,"(2, 0, 7, 30)",31,10,10,10,10,10,0,10,0
1875,conv2d_9,"(0, 2, 21, 5)",4,10,10,10,10,10,1,9,0
1876,conv2d_9,"(2, 2, 24, 21)",24,10,10,10,10,10,10,0,0
1877,conv2d_9,"(0, 1, 14, 27)",7,10,10,10,10,10,0,10,0
1878,conv2d_9,"(0, 0, 5, 18)",21,10,10,10,10,10,10,0,0
1879,conv2d_9,"(2, 1, 7, 12)",8,10,10,10,10,10,0,10,0
1880,conv2d_9,"(2, 2, 24, 20)",0,10,10,10,10,10,3,7,0
1881,conv2d_9,"(2, 2, 3, 19)",12,10,10,10,10,10,0,10,0
1882,conv2d_9,"(1, 1, 27, 24)",8,10,10,10,10,10,0,10,0
1883,conv2d_9,"(1, 0, 6, 14)",29,10,10,10,10,10,0,10,0
1884,conv2d_9,"(1, 0, 9, 20)",31,10,10,10,10,10,0,10,0
1885,conv2d_9,"(2, 1, 9, 29)",9,10,10,10,10,10,0,10,0
1886,conv2d_9,"(1, 2, 20, 2)",7,10,10,10,10,10,0,10,0
1887,conv2d_9,"(2, 0, 30, 17)",31,10,10,10,10,10,0,10,0
1888,conv2d_9,"(0, 1, 24, 18)",9,10,10,10,10,10,0,10,0
1889,conv2d_9,"(2, 2, 14, 13)",3,10,10,10,10,10,10,0,0
1890,conv2d_9,"(2, 1, 31, 11)",19,10,10,10,10,10,0,10,0
1891,conv2d_9,"(2, 1, 1, 10)",21,10,10,10,10,10,0,10,0
1892,conv2d_9,"(1, 1, 30, 27)",25,10,10,10,10,10,0,10,0
1893,conv2d_9,"(1, 2, 18, 4)",12,10,10,10,10,10,0,10,0
1894,conv2d_9,"(0, 1, 6, 25)",3,10,10,10,10,10,1,9,0
1895,conv2d_9,"(2, 0, 29, 19)",8,10,10,10,10,10,0,10,0
1896,conv2d_9,"(1, 0, 30, 28)",13,10,10,10,10,10,0,10,0
1897,conv2d_9,"(2, 2, 12, 13)",0,10,10,10,10,10,10,0,0
1898,conv2d_9,"(2, 0, 6, 23)",24,10,10,10,10,10,0,10,0
1899,conv2d_9,"(0, 0, 10, 27)",22,10,10,10,10,10,0,10,0
1900,conv2d_9,"(0, 0, 11, 30)",21,10,10,10,10,10,0,10,0
1901,conv2d_9,"(2, 2, 9, 27)",25,10,10,10,10,10,0,10,0
1902,conv2d_9,"(0, 0, 2, 15)",25,10,10,10,10,10,0,10,0
1903,conv2d_9,"(2, 2, 19, 31)",11,10,10,10,10,10,0,10,0
1904,conv2d_9,"(1, 2, 5, 24)",24,10,10,10,10,10,10,0,0
1905,conv2d_9,"(1, 0, 28, 17)",7,10,10,10,10,10,0,10,0
1906,conv2d_9,"(0, 1, 5, 7)",14,10,10,10,10,10,10,0,0
1907,conv2d_9,"(1, 2, 30, 1)",6,10,10,10,10,10,0,10,0
1908,conv2d_9,"(1, 2, 24, 11)",27,10,10,10,10,10,0,10,0
1909,conv2d_9,"(0, 1, 8, 19)",4,10,10,10,10,10,0,10,0
1910,conv2d_9,"(2, 0, 25, 11)",25,10,10,10,10,10,0,10,0
1911,conv2d_9,"(2, 2, 4, 31)",7,10,10,10,10,10,0,10,0
1912,conv2d_9,"(0, 2, 7, 13)",11,10,10,10,10,10,10,0,0
1913,conv2d_9,"(1, 0, 28, 0)",2,10,10,10,10,10,1,9,0
1914,conv2d_9,"(2, 0, 13, 8)",5,10,10,10,10,10,0,10,0
1915,conv2d_9,"(0, 0, 2, 16)",19,10,10,10,10,10,0,10,0
1916,conv2d_9,"(1, 2, 10, 23)",0,10,10,10,10,10,0,10,0
1917,conv2d_9,"(0, 2, 19, 15)",18,10,10,10,10,10,0,10,0
1918,conv2d_9,"(2, 1, 8, 28)",20,10,10,10,10,10,0,10,0
1919,conv2d_9,"(2, 0, 13, 22)",2,10,10,10,10,10,0,10,0
1920,conv2d_9,"(0, 0, 2, 15)",19,10,10,10,10,10,0,10,0
1921,conv2d_9,"(2, 2, 8, 13)",13,10,10,10,10,10,10,0,0
1922,conv2d_9,"(0, 2, 17, 22)",27,10,10,10,10,10,0,10,0
1923,conv2d_9,"(1, 1, 16, 4)",10,10,10,10,10,10,0,10,0
1924,conv2d_9,"(0, 1, 29, 25)",27,10,10,10,10,10,0,10,0
1925,conv2d_9,"(0, 2, 13, 9)",17,10,10,10,10,10,0,10,0
1926,conv2d_9,"(2, 2, 23, 12)",10,10,10,10,10,10,0,10,0
1927,conv2d_9,"(1, 1, 9, 26)",24,10,10,10,10,10,0,10,0
1928,conv2d_9,"(0, 1, 15, 1)",7,10,10,10,10,10,0,10,0
1929,conv2d_9,"(0, 1, 26, 7)",5,10,10,10,10,10,0,10,0
1930,conv2d_9,"(1, 0, 21, 23)",14,10,10,10,10,10,0,10,0
1931,conv2d_9,"(0, 1, 0, 17)",14,10,10,10,10,10,0,10,0
1932,conv2d_9,"(0, 0, 6, 24)",19,10,10,10,10,10,0,10,0
1933,conv2d_9,"(2, 1, 6, 31)",18,10,10,10,10,10,0,10,0
1934,conv2d_9,"(0, 0, 6, 17)",20,10,10,10,10,10,0,10,0
1935,conv2d_9,"(1, 2, 11, 24)",25,10,10,10,10,10,0,10,0
1936,conv2d_9,"(1, 0, 8, 30)",9,10,10,10,10,10,0,10,0
1937,conv2d_9,"(1, 2, 9, 8)",17,10,10,10,10,10,0,10,0
1938,conv2d_9,"(2, 0, 23, 3)",26,10,10,10,10,10,0,10,0
1939,conv2d_9,"(1, 1, 11, 29)",29,10,10,10,10,10,0,10,0
1940,conv2d_9,"(1, 2, 17, 18)",14,10,10,10,10,10,0,10,0
1941,conv2d_9,"(1, 1, 5, 19)",20,10,10,10,10,10,10,0,0
1942,conv2d_9,"(0, 2, 5, 5)",15,10,10,10,10,10,10,0,0
1943,conv2d_9,"(2, 0, 10, 5)",5,10,10,10,10,10,0,10,0
1944,conv2d_9,"(0, 1, 31, 18)",8,10,10,10,10,10,0,10,0
1945,conv2d_9,"(2, 2, 31, 30)",7,10,10,10,10,10,0,10,0
1946,conv2d_9,"(2, 0, 0, 25)",0,10,10,10,10,10,9,1,0
1947,conv2d_9,"(0, 2, 22, 27)",2,10,10,10,10,10,0,10,0
1948,conv2d_9,"(2, 2, 10, 28)",14,10,10,10,10,10,0,10,0
1949,conv2d_9,"(1, 0, 4, 11)",22,10,10,10,10,10,0,10,0
1950,conv2d_9,"(1, 1, 27, 3)",10,10,10,10,10,10,0,10,0
1951,conv2d_9,"(1, 2, 7, 23)",15,10,10,10,10,10,0,10,0
1952,conv2d_9,"(1, 1, 18, 7)",18,10,10,10,10,10,0,10,0
1953,conv2d_9,"(0, 2, 13, 16)",25,10,10,10,10,10,0,10,0
1954,conv2d_9,"(2, 2, 19, 13)",2,10,10,10,10,10,10,0,0
1955,conv2d_9,"(0, 1, 31, 29)",0,10,10,10,10,10,2,8,0
1956,conv2d_9,"(1, 1, 21, 29)",6,10,10,10,10,10,0,10,0
1957,conv2d_9,"(2, 0, 22, 0)",25,10,10,10,10,10,0,10,0
1958,conv2d_9,"(0, 1, 0, 22)",31,10,10,10,10,10,0,10,0
1959,conv2d_9,"(2, 2, 5, 12)",9,10,10,10,10,10,10,0,0
1960,conv2d_9,"(1, 0, 7, 26)",9,10,10,10,10,10,0,10,0
1961,conv2d_9,"(1, 1, 14, 16)",23,10,10,10,10,10,0,10,0
1962,conv2d_9,"(1, 0, 23, 19)",17,10,10,10,10,10,0,10,0
1963,conv2d_9,"(2, 1, 28, 6)",10,10,10,10,10,10,0,10,0
1964,conv2d_9,"(2, 1, 22, 8)",0,10,10,10,10,10,3,7,0
1965,conv2d_9,"(0, 0, 12, 22)",18,10,10,10,10,10,0,10,0
1966,conv2d_9,"(1, 1, 8, 2)",21,10,10,10,10,10,0,10,0
1967,conv2d_9,"(2, 0, 10, 2)",30,10,0,4,0,4,0,0,10
1968,conv2d_9,"(1, 1, 7, 17)",31,10,10,10,10,10,0,10,0
1969,conv2d_9,"(1, 2, 20, 8)",24,10,10,10,10,10,0,10,0
1970,conv2d_9,"(0, 0, 7, 8)",8,10,10,10,10,10,0,10,0
1971,conv2d_9,"(2, 0, 22, 9)",15,10,10,10,10,10,0,10,0
1972,conv2d_9,"(1, 2, 21, 3)",0,10,10,10,10,10,10,0,0
1973,conv2d_9,"(1, 1, 30, 27)",31,10,10,10,10,10,0,10,0
1974,conv2d_9,"(0, 2, 27, 5)",9,10,10,10,10,10,1,9,0
1975,conv2d_9,"(1, 0, 15, 11)",16,10,10,10,10,10,0,10,0
1976,conv2d_9,"(0, 1, 27, 15)",6,10,10,10,10,10,0,10,0
1977,conv2d_9,"(2, 2, 12, 11)",9,10,10,10,10,10,0,10,0
1978,conv2d_9,"(0, 1, 7, 14)",2,10,10,10,10,10,3,7,0
1979,conv2d_9,"(0, 1, 12, 17)",1,10,10,10,10,10,1,9,0
1980,conv2d_9,"(0, 1, 5, 12)",26,10,10,10,10,10,10,0,0
1981,conv2d_9,"(0, 1, 14, 19)",27,10,10,10,10,10,0,10,0
1982,conv2d_9,"(2, 1, 3, 30)",3,10,10,10,10,10,0,10,0
1983,conv2d_9,"(1, 1, 7, 19)",17,10,10,10,10,10,0,10,0
1984,conv2d_9,"(0, 1, 26, 22)",3,10,10,10,10,10,0,10,0
1985,conv2d_9,"(0, 0, 2, 11)",20,10,10,10,10,10,0,10,0
1986,conv2d_9,"(1, 1, 18, 13)",6,10,10,10,10,10,10,0,0
1987,conv2d_9,"(1, 1, 11, 27)",23,10,10,10,10,10,0,10,0
1988,conv2d_9,"(0, 0, 19, 21)",0,10,10,10,10,10,10,0,0
1989,conv2d_9,"(1, 2, 21, 8)",23,10,10,10,10,10,0,10,0
1990,conv2d_9,"(2, 1, 15, 23)",13,10,10,10,10,10,0,10,0
1991,conv2d_9,"(0, 0, 5, 24)",7,10,10,10,10,10,10,0,0
1992,conv2d_9,"(0, 2, 12, 2)",28,10,10,10,10,10,0,10,0
1993,conv2d_9,"(2, 2, 4, 6)",21,10,10,10,10,10,0,10,0
1994,conv2d_9,"(0, 2, 30, 19)",9,10,10,10,10,10,0,10,0
1995,conv2d_9,"(0, 1, 8, 2)",16,10,10,10,10,10,0,10,0
1996,conv2d_9,"(1, 2, 23, 22)",7,10,10,10,10,10,0,10,0
1997,conv2d_9,"(1, 1, 4, 27)",1,10,10,10,10,10,10,0,0
1998,conv2d_9,"(2, 0, 17, 10)",18,10,10,10,10,10,0,10,0
1999,conv2d_9,"(2, 0, 3, 2)",25,10,10,10,10,10,0,10,0
2000,conv2d_9,"(0, 1, 4, 31)",24,10,10,10,10,10,0,10,0
2001,conv2d_9,"(2, 1, 25, 24)",13,10,10,10,10,10,0,10,0
2002,conv2d_9,"(0, 2, 0, 11)",13,10,10,10,10,10,0,10,0
2003,conv2d_9,"(2, 2, 29, 0)",16,10,10,10,10,10,0,10,0
2004,conv2d_9,"(1, 2, 14, 19)",17,10,10,10,10,10,0,10,0
2005,conv2d_9,"(0, 0, 10, 7)",15,10,10,10,10,10,0,10,0
2006,conv2d_9,"(2, 0, 2, 18)",17,10,10,10,10,10,0,10,0
2007,conv2d_9,"(0, 2, 17, 8)",15,10,10,10,10,10,0,10,0
2008,conv2d_9,"(0, 2, 7, 13)",22,10,10,10,10,10,10,0,0
2009,conv2d_9,"(0, 2, 20, 23)",16,10,10,10,10,10,0,10,0
2010,conv2d_9,"(2, 1, 26, 8)",20,10,10,10,10,10,0,10,0
2011,conv2d_9,"(1, 0, 0, 3)",17,10,10,10,10,10,0,10,0
2012,conv2d_9,"(0, 2, 16, 11)",6,10,10,10,10,10,0,10,0
2013,conv2d_9,"(2, 2, 16, 24)",13,10,10,10,10,10,0,10,0
2014,conv2d_9,"(1, 1, 14, 28)",13,10,10,10,10,10,0,10,0
2015,conv2d_9,"(1, 0, 9, 25)",27,10,10,10,10,10,0,10,0
2016,conv2d_9,"(1, 0, 9, 23)",31,10,10,10,10,10,0,10,0
2017,conv2d_9,"(0, 0, 29, 11)",12,10,10,10,10,10,0,10,0
2018,conv2d_9,"(2, 1, 11, 31)",1,10,10,10,10,10,0,10,0
2019,conv2d_9,"(0, 1, 10, 19)",12,10,10,10,10,10,0,10,0
2020,conv2d_9,"(0, 1, 9, 4)",15,10,10,10,10,10,0,10,0
2021,conv2d_9,"(0, 2, 25, 29)",8,10,10,10,10,10,0,10,0
2022,conv2d_9,"(1, 1, 6, 0)",1,10,10,10,10,10,6,4,0
2023,conv2d_9,"(2, 0, 0, 7)",8,10,10,10,10,10,0,10,0
2024,conv2d_9,"(1, 0, 5, 15)",0,10,10,10,10,10,10,0,0
2025,conv2d_9,"(2, 2, 6, 0)",21,10,10,10,10,10,0,10,0
2026,conv2d_9,"(0, 1, 12, 5)",28,10,10,10,10,10,0,10,0
2027,conv2d_9,"(1, 1, 19, 10)",9,10,10,10,10,10,0,10,0
2028,conv2d_9,"(2, 2, 3, 15)",17,10,10,10,10,10,0,10,0
2029,conv2d_9,"(0, 0, 1, 7)",18,10,10,10,10,10,0,10,0
2030,conv2d_9,"(0, 0, 26, 6)",14,10,10,10,10,10,0,10,0
2031,conv2d_9,"(1, 1, 14, 1)",9,10,10,10,10,10,0,10,0
2032,conv2d_9,"(0, 2, 18, 22)",24,10,10,10,10,10,0,10,0
2033,conv2d_9,"(0, 0, 31, 7)",14,10,10,10,10,10,0,10,0
2034,conv2d_9,"(1, 0, 18, 6)",21,10,10,10,10,10,0,10,0
2035,conv2d_9,"(0, 0, 23, 7)",9,10,10,10,10,10,0,10,0
2036,conv2d_9,"(2, 1, 27, 11)",11,10,10,10,10,10,0,10,0
2037,conv2d_9,"(2, 2, 9, 27)",19,10,10,10,10,10,0,10,0
2038,conv2d_9,"(0, 1, 22, 18)",31,10,10,10,10,10,0,10,0
2039,conv2d_9,"(2, 0, 16, 23)",0,10,10,10,10,10,1,9,0
2040,conv2d_9,"(1, 0, 9, 9)",24,10,10,10,10,10,0,10,0
2041,conv2d_9,"(0, 0, 30, 28)",27,10,10,10,10,10,0,10,0
2042,conv2d_9,"(0, 1, 9, 17)",8,10,10,10,10,10,0,10,0
2043,conv2d_9,"(1, 1, 24, 11)",31,10,10,10,10,10,0,10,0
2044,conv2d_9,"(2, 1, 30, 27)",21,10,10,10,10,10,0,10,0
2045,conv2d_9,"(1, 1, 15, 8)",31,10,10,10,10,10,0,10,0
2046,conv2d_9,"(1, 0, 14, 31)",26,10,10,10,10,10,0,10,0
2047,conv2d_9,"(0, 1, 5, 14)",0,10,10,10,10,10,10,0,0
2048,conv2d_9,"(1, 2, 1, 13)",30,10,2,7,2,7,0,2,8
2049,conv2d_9,"(0, 1, 7, 8)",23,10,10,10,10,10,0,10,0
2050,conv2d_9,"(1, 0, 18, 8)",26,10,10,10,10,10,0,10,0
2051,conv2d_9,"(0, 0, 13, 15)",8,10,10,10,10,10,0,10,0
2052,conv2d_9,"(1, 2, 9, 7)",1,10,10,10,10,10,0,10,0
2053,conv2d_9,"(0, 2, 23, 27)",6,10,10,10,10,10,0,10,0
2054,conv2d_9,"(2, 0, 30, 4)",1,10,10,10,10,10,0,10,0
2055,conv2d_9,"(0, 0, 23, 9)",15,10,10,10,10,10,0,10,0
2056,conv2d_9,"(2, 1, 0, 4)",9,10,10,10,10,10,0,10,0
2057,conv2d_9,"(2, 0, 30, 11)",19,10,10,10,10,10,0,10,0
2058,conv2d_9,"(2, 1, 26, 30)",28,10,10,10,10,10,0,10,0
2059,conv2d_9,"(0, 0, 18, 0)",3,10,10,10,10,10,0,10,0
2060,conv2d_9,"(2, 0, 11, 2)",0,10,10,10,10,10,0,10,0
2061,conv2d_9,"(2, 1, 27, 25)",16,10,10,10,10,10,0,10,0
2062,conv2d_9,"(1, 0, 14, 19)",17,10,10,10,10,10,0,10,0
2063,conv2d_9,"(0, 2, 24, 5)",13,10,10,10,10,10,0,10,0
2064,conv2d_9,"(0, 1, 3, 25)",11,10,10,10,10,10,0,10,0
2065,conv2d_9,"(1, 1, 29, 4)",25,10,10,10,10,10,0,10,0
2066,conv2d_9,"(0, 1, 10, 24)",27,10,10,10,10,10,0,10,0
2067,conv2d_9,"(0, 0, 17, 12)",4,10,10,10,10,10,0,10,0
2068,conv2d_9,"(0, 0, 21, 23)",18,10,10,10,10,10,0,10,0
2069,conv2d_9,"(0, 0, 6, 10)",0,10,10,10,10,10,3,7,0
2070,conv2d_9,"(2, 0, 12, 19)",2,10,10,10,10,10,0,10,0
2071,conv2d_9,"(0, 2, 17, 15)",2,10,10,10,10,10,0,10,0
2072,conv2d_9,"(0, 1, 2, 30)",5,10,10,10,10,10,0,10,0
2073,conv2d_9,"(1, 1, 0, 19)",25,10,10,10,10,10,0,10,0
2074,conv2d_9,"(1, 2, 20, 12)",22,10,10,10,10,10,0,10,0
2075,conv2d_9,"(1, 1, 6, 8)",6,10,10,10,10,10,0,10,0
2076,conv2d_9,"(2, 1, 1, 9)",30,10,2,6,2,6,0,2,8
2077,conv2d_9,"(0, 0, 18, 2)",29,10,10,10,10,10,0,10,0
2078,conv2d_9,"(2, 0, 5, 5)",13,10,10,10,10,10,10,0,0
2079,conv2d_9,"(2, 2, 10, 9)",21,10,10,10,10,10,0,10,0
2080,conv2d_9,"(1, 1, 8, 28)",23,10,10,10,10,10,0,10,0
2081,conv2d_9,"(2, 2, 2, 27)",24,10,10,10,10,10,0,10,0
2082,conv2d_9,"(2, 2, 13, 15)",4,10,10,10,10,10,0,10,0
2083,conv2d_9,"(0, 0, 31, 9)",9,10,10,10,10,10,0,10,0
2084,conv2d_9,"(1, 0, 5, 19)",29,10,10,10,10,10,10,0,0
2085,conv2d_9,"(1, 0, 10, 20)",4,10,10,10,10,10,0,10,0
2086,conv2d_9,"(1, 0, 23, 17)",4,10,10,10,10,10,0,10,0
2087,conv2d_9,"(1, 1, 29, 11)",16,10,10,10,10,10,0,10,0
2088,conv2d_9,"(0, 2, 8, 28)",31,10,10,10,10,10,0,10,0
2089,conv2d_9,"(1, 1, 23, 2)",26,10,10,10,10,10,0,10,0
2090,conv2d_9,"(1, 2, 28, 8)",20,10,10,10,10,10,0,10,0
2091,conv2d_9,"(2, 1, 5, 23)",28,10,10,10,10,10,10,0,0
2092,conv2d_9,"(2, 2, 2, 16)",3,10,10,10,10,10,0,10,0
2093,conv2d_9,"(0, 0, 0, 15)",18,10,10,10,10,10,0,10,0
2094,conv2d_9,"(2, 1, 10, 24)",4,10,10,10,10,10,0,10,0
2095,conv2d_9,"(1, 2, 24, 14)",5,10,10,10,10,10,0,10,0
2096,conv2d_9,"(1, 2, 29, 22)",29,10,10,10,10,10,0,10,0
2097,conv2d_9,"(0, 2, 5, 6)",6,10,10,10,10,10,10,0,0
2098,conv2d_9,"(0, 1, 27, 25)",21,10,10,10,10,10,0,10,0
2099,conv2d_9,"(1, 2, 20, 4)",31,10,10,10,10,10,0,10,0
2100,conv2d_9,"(0, 1, 30, 13)",29,10,10,10,10,10,10,0,0
2101,conv2d_9,"(1, 0, 9, 2)",13,10,10,10,10,10,0,10,0
2102,conv2d_9,"(2, 1, 2, 20)",3,10,10,10,10,10,0,10,0
2103,conv2d_9,"(1, 0, 27, 23)",3,10,10,10,10,10,2,8,0
2104,conv2d_9,"(2, 1, 1, 13)",17,10,10,10,10,10,10,0,0
2105,conv2d_9,"(0, 0, 11, 16)",4,10,10,10,10,10,0,10,0
2106,conv2d_9,"(0, 1, 25, 17)",28,10,10,10,10,10,0,10,0
2107,conv2d_9,"(2, 1, 13, 26)",11,10,10,10,10,10,0,10,0
2108,conv2d_9,"(1, 1, 5, 3)",19,10,10,10,10,10,10,0,0
2109,conv2d_9,"(1, 1, 12, 10)",30,10,0,4,0,4,0,0,10
2110,conv2d_9,"(2, 1, 10, 30)",22,10,10,10,10,10,0,10,0
2111,conv2d_9,"(2, 2, 0, 24)",12,10,10,10,10,10,0,10,0
2112,conv2d_9,"(1, 2, 9, 4)",20,10,10,10,10,10,0,10,0
2113,conv2d_9,"(1, 0, 9, 0)",31,10,10,10,10,10,0,10,0
2114,conv2d_9,"(2, 1, 7, 20)",16,10,10,10,10,10,0,10,0
2115,conv2d_9,"(0, 2, 28, 0)",28,10,10,10,10,10,0,10,0
2116,conv2d_9,"(0, 2, 2, 6)",12,10,10,10,10,10,0,10,0
2117,conv2d_9,"(2, 1, 10, 26)",13,10,10,10,10,10,0,10,0
2118,conv2d_9,"(0, 2, 13, 22)",0,10,10,10,10,10,3,7,0
2119,conv2d_9,"(0, 1, 23, 23)",19,10,10,10,10,10,0,10,0
2120,conv2d_9,"(2, 1, 31, 7)",26,10,10,10,10,10,0,10,0
2121,conv2d_9,"(1, 2, 22, 26)",27,10,10,10,10,10,0,10,0
2122,conv2d_9,"(0, 1, 7, 21)",27,10,10,10,10,10,10,0,0
2123,conv2d_9,"(2, 2, 11, 23)",10,10,10,10,10,10,0,10,0
2124,conv2d_9,"(1, 2, 24, 27)",27,10,10,10,10,10,0,10,0
2125,conv2d_9,"(0, 0, 6, 18)",5,10,10,10,10,10,0,10,0
2126,conv2d_9,"(0, 1, 26, 1)",6,10,10,10,10,10,0,10,0
2127,conv2d_9,"(2, 1, 2, 28)",26,10,10,10,10,10,0,10,0
2128,conv2d_9,"(1, 2, 14, 13)",24,10,10,10,10,10,10,0,0
2129,conv2d_9,"(1, 0, 12, 7)",22,10,10,10,10,10,0,10,0
2130,conv2d_9,"(2, 2, 26, 29)",25,10,10,10,10,10,0,10,0
2131,conv2d_9,"(0, 2, 23, 0)",18,10,10,10,10,10,0,10,0
2132,conv2d_9,"(1, 1, 16, 17)",15,10,10,10,10,10,0,10,0
2133,conv2d_9,"(0, 0, 26, 0)",1,10,10,10,10,10,0,10,0
2134,conv2d_9,"(2, 2, 23, 9)",20,10,10,10,10,10,0,10,0
2135,conv2d_9,"(2, 1, 10, 21)",15,10,10,10,10,10,10,0,0
2136,conv2d_9,"(2, 2, 12, 25)",25,10,10,10,10,10,0,10,0
2137,conv2d_9,"(0, 2, 27, 3)",24,10,10,10,10,10,0,10,0
2138,conv2d_9,"(1, 2, 25, 11)",10,10,10,10,10,10,0,10,0
2139,conv2d_9,"(0, 2, 14, 27)",8,10,10,10,10,10,0,10,0
2140,conv2d_9,"(2, 1, 25, 7)",10,10,10,10,10,10,0,10,0
2141,conv2d_9,"(0, 0, 13, 20)",1,10,10,10,10,10,4,6,0
2142,conv2d_9,"(2, 2, 0, 27)",9,10,10,10,10,10,0,10,0
2143,conv2d_9,"(2, 1, 5, 1)",1,10,10,10,10,10,10,0,0
2144,conv2d_9,"(2, 2, 29, 8)",22,10,10,10,10,10,0,10,0
2145,conv2d_9,"(2, 0, 15, 11)",19,10,10,10,10,10,0,10,0
2146,conv2d_9,"(2, 1, 15, 12)",16,10,10,10,10,10,0,10,0
2147,conv2d_9,"(0, 0, 17, 3)",1,10,10,10,10,10,0,10,0
2148,conv2d_9,"(1, 2, 7, 6)",7,10,10,10,10,10,0,10,0
2149,conv2d_9,"(1, 1, 9, 6)",11,10,10,10,10,10,0,10,0
2150,conv2d_9,"(1, 1, 4, 5)",13,10,10,10,10,10,0,10,0
2151,conv2d_9,"(1, 0, 6, 25)",26,10,10,10,10,10,0,10,0
2152,conv2d_9,"(2, 0, 31, 4)",13,10,10,10,10,10,0,10,0
2153,conv2d_9,"(1, 2, 24, 26)",28,10,10,10,10,10,0,10,0
2154,conv2d_9,"(1, 0, 11, 10)",11,10,10,10,10,10,0,10,0
2155,conv2d_9,"(1, 1, 7, 2)",30,10,2,7,2,7,0,2,8
2156,conv2d_9,"(2, 2, 10, 0)",16,10,10,10,10,10,0,10,0
2157,conv2d_9,"(2, 0, 12, 7)",1,10,10,10,10,10,0,10,0
2158,conv2d_9,"(1, 0, 13, 9)",13,10,10,10,10,10,0,10,0
2159,conv2d_9,"(0, 0, 20, 1)",5,10,10,10,10,10,0,10,0
2160,conv2d_9,"(1, 1, 17, 8)",12,10,10,10,10,10,0,10,0
2161,conv2d_9,"(2, 2, 22, 5)",18,10,10,10,10,10,0,10,0
2162,conv2d_9,"(1, 2, 31, 29)",25,10,10,10,10,10,0,10,0
2163,conv2d_9,"(0, 0, 16, 12)",17,10,10,10,10,10,0,10,0
2164,conv2d_9,"(2, 2, 6, 25)",19,10,10,10,10,10,0,10,0
2165,conv2d_9,"(2, 1, 13, 10)",27,10,10,10,10,10,0,10,0
2166,conv2d_9,"(2, 2, 27, 28)",17,10,10,10,10,10,0,10,0
2167,conv2d_9,"(2, 1, 6, 20)",27,10,10,10,10,10,0,10,0
2168,conv2d_9,"(1, 2, 22, 12)",4,10,10,10,10,10,0,10,0
2169,conv2d_9,"(0, 2, 10, 28)",16,10,10,10,10,10,0,10,0
2170,conv2d_9,"(2, 2, 18, 26)",22,10,10,10,10,10,0,10,0
2171,conv2d_9,"(0, 0, 1, 25)",20,10,10,10,10,10,0,10,0
2172,conv2d_9,"(1, 0, 11, 27)",4,10,10,10,10,10,0,10,0
2173,conv2d_9,"(1, 0, 23, 13)",20,10,10,10,10,10,10,0,0
2174,conv2d_9,"(1, 2, 0, 7)",0,10,10,10,10,10,10,0,0
2175,conv2d_9,"(1, 2, 13, 21)",20,10,10,10,10,10,10,0,0
2176,conv2d_9,"(1, 1, 4, 14)",13,10,10,10,10,10,0,10,0
2177,conv2d_9,"(2, 1, 6, 13)",4,10,10,10,10,10,10,0,0
2178,conv2d_9,"(1, 1, 27, 26)",12,10,10,10,10,10,0,10,0
2179,conv2d_9,"(1, 1, 3, 12)",2,10,10,10,10,10,10,0,0
2180,conv2d_9,"(0, 0, 26, 17)",28,10,10,10,10,10,0,10,0
2181,conv2d_9,"(2, 1, 20, 10)",15,10,10,10,10,10,0,10,0
2182,conv2d_9,"(0, 2, 18, 1)",0,10,10,10,10,10,1,9,0
2183,conv2d_9,"(0, 1, 18, 29)",2,10,10,10,10,10,0,10,0
2184,conv2d_9,"(2, 0, 21, 2)",4,10,10,10,10,10,0,10,0
2185,conv2d_9,"(1, 2, 6, 30)",19,10,10,10,10,10,0,10,0
2186,conv2d_9,"(1, 1, 20, 17)",5,10,10,10,10,10,0,10,0
2187,conv2d_9,"(2, 0, 31, 20)",25,10,10,10,10,10,0,10,0
2188,conv2d_9,"(1, 2, 29, 19)",7,10,10,10,10,10,0,10,0
2189,conv2d_9,"(0, 0, 6, 23)",3,10,10,10,10,10,0,10,0
2190,conv2d_9,"(0, 1, 8, 0)",27,10,10,10,10,10,0,10,0
2191,conv2d_9,"(0, 0, 10, 14)",23,10,10,10,10,10,0,10,0
2192,conv2d_9,"(1, 0, 3, 0)",7,10,10,10,10,10,0,10,0
2193,conv2d_9,"(0, 1, 19, 3)",21,10,10,10,10,10,0,10,0
2194,conv2d_9,"(2, 0, 17, 24)",8,10,10,10,10,10,0,10,0
2195,conv2d_9,"(0, 1, 7, 29)",9,10,10,10,10,10,0,10,0
2196,conv2d_9,"(2, 0, 28, 26)",15,10,10,10,10,10,0,10,0
2197,conv2d_9,"(1, 1, 31, 30)",30,10,3,6,3,6,0,3,7
2198,conv2d_9,"(1, 1, 5, 14)",5,10,10,10,10,10,10,0,0
2199,conv2d_9,"(2, 2, 15, 22)",13,10,10,10,10,10,0,10,0
2200,conv2d_9,"(1, 0, 4, 4)",13,10,10,10,10,10,0,10,0
2201,conv2d_9,"(1, 1, 13, 0)",12,10,10,10,10,10,0,10,0
2202,conv2d_9,"(1, 0, 6, 31)",20,10,10,10,10,10,0,10,0
2203,conv2d_9,"(2, 0, 29, 19)",6,10,10,10,10,10,0,10,0
2204,conv2d_9,"(1, 1, 14, 8)",28,10,10,10,10,10,0,10,0
2205,conv2d_9,"(0, 0, 25, 12)",17,10,10,10,10,10,0,10,0
2206,conv2d_9,"(2, 1, 10, 27)",6,10,10,10,10,10,0,10,0
2207,conv2d_9,"(0, 2, 29, 9)",7,10,10,10,10,10,0,10,0
2208,conv2d_9,"(1, 0, 1, 15)",17,10,10,10,10,10,0,10,0
2209,conv2d_9,"(2, 2, 30, 1)",28,10,10,10,10,10,0,10,0
2210,conv2d_9,"(0, 2, 16, 22)",5,10,10,10,10,10,0,10,0
2211,conv2d_9,"(0, 0, 27, 22)",25,10,10,10,10,10,0,10,0
2212,conv2d_9,"(0, 1, 21, 27)",17,10,10,10,10,10,0,10,0
2213,conv2d_9,"(0, 2, 6, 23)",24,10,10,10,10,10,0,10,0
2214,conv2d_9,"(1, 0, 12, 27)",25,10,10,10,10,10,0,10,0
2215,conv2d_9,"(2, 2, 17, 11)",31,10,10,10,10,10,0,10,0
2216,conv2d_9,"(2, 0, 6, 27)",15,10,10,10,10,10,0,10,0
2217,conv2d_9,"(0, 0, 14, 7)",2,10,10,10,10,10,0,10,0
2218,conv2d_9,"(0, 2, 15, 17)",6,10,10,10,10,10,0,10,0
2219,conv2d_9,"(2, 2, 14, 17)",25,10,10,10,10,10,0,10,0
2220,conv2d_9,"(0, 0, 25, 25)",17,10,10,10,10,10,0,10,0
2221,conv2d_9,"(0, 0, 13, 31)",22,10,10,10,10,10,0,10,0
2222,conv2d_9,"(2, 0, 18, 18)",6,10,10,10,10,10,0,10,0
2223,conv2d_9,"(2, 1, 30, 11)",15,10,10,10,10,10,0,10,0
2224,conv2d_9,"(2, 0, 20, 10)",10,10,10,10,10,10,0,10,0
2225,conv2d_9,"(1, 0, 21, 11)",0,10,10,10,10,10,0,10,0
2226,conv2d_9,"(1, 0, 27, 30)",11,10,10,10,10,10,0,10,0
2227,conv2d_9,"(0, 2, 4, 16)",0,10,10,10,10,10,4,6,0
2228,conv2d_9,"(2, 0, 30, 22)",31,10,10,10,10,10,0,10,0
2229,conv2d_9,"(0, 0, 30, 15)",1,10,10,10,10,10,0,10,0
2230,conv2d_9,"(2, 2, 14, 18)",10,10,10,10,10,10,0,10,0
2231,conv2d_9,"(0, 1, 6, 9)",21,10,10,10,10,10,0,10,0
2232,conv2d_9,"(2, 1, 31, 28)",16,10,10,10,10,10,0,10,0
2233,conv2d_9,"(1, 1, 16, 31)",0,10,10,10,10,10,2,8,0
2234,conv2d_9,"(2, 1, 19, 22)",30,10,0,5,0,5,0,0,10
2235,conv2d_9,"(2, 2, 17, 7)",1,10,10,10,10,10,0,10,0
2236,conv2d_9,"(0, 2, 26, 9)",9,10,10,10,10,10,0,10,0
2237,conv2d_9,"(0, 0, 31, 22)",27,10,10,10,10,10,0,10,0
2238,conv2d_9,"(2, 0, 13, 23)",12,10,10,10,10,10,0,10,0
2239,conv2d_9,"(1, 2, 6, 24)",28,10,10,10,10,10,0,10,0
2240,conv2d_9,"(2, 1, 16, 11)",21,10,10,10,10,10,0,10,0
2241,conv2d_9,"(1, 1, 26, 25)",12,10,10,10,10,10,0,10,0
2242,conv2d_9,"(2, 0, 21, 2)",27,10,10,10,10,10,0,10,0
2243,conv2d_9,"(1, 0, 22, 29)",0,10,10,10,10,10,4,6,0
2244,conv2d_9,"(1, 2, 9, 31)",9,10,10,10,10,10,0,10,0
2245,conv2d_9,"(1, 1, 10, 18)",18,10,10,10,10,10,0,10,0
2246,conv2d_9,"(0, 1, 18, 4)",2,10,10,10,10,10,0,10,0
2247,conv2d_9,"(2, 0, 18, 13)",3,10,10,10,10,10,10,0,0
2248,conv2d_9,"(0, 1, 19, 31)",22,10,10,10,10,10,0,10,0
2249,conv2d_9,"(1, 0, 3, 0)",22,10,10,10,10,10,0,10,0
2250,conv2d_9,"(0, 2, 9, 18)",17,10,10,10,10,10,0,10,0
2251,conv2d_9,"(1, 2, 12, 9)",5,10,10,10,10,10,0,10,0
2252,conv2d_9,"(0, 1, 14, 18)",22,10,10,10,10,10,0,10,0
2253,conv2d_9,"(1, 1, 24, 15)",6,10,10,10,10,10,0,10,0
2254,conv2d_9,"(2, 1, 19, 16)",11,10,10,10,10,10,0,10,0
2255,conv2d_9,"(2, 0, 20, 27)",12,10,10,10,10,10,0,10,0
2256,conv2d_9,"(1, 2, 8, 16)",12,10,10,10,10,10,0,10,0
2257,conv2d_9,"(0, 1, 19, 19)",29,10,10,10,10,10,0,10,0
2258,conv2d_9,"(1, 0, 24, 11)",8,10,10,10,10,10,0,10,0
2259,conv2d_9,"(2, 2, 20, 28)",22,10,10,10,10,10,0,10,0
2260,conv2d_9,"(1, 1, 22, 29)",26,10,10,10,10,10,0,10,0
2261,conv2d_9,"(0, 2, 29, 26)",1,10,10,10,10,10,1,9,0
2262,conv2d_9,"(0, 2, 5, 26)",19,10,10,10,10,10,10,0,0
2263,conv2d_9,"(0, 2, 23, 15)",18,10,10,10,10,10,0,10,0
2264,conv2d_9,"(0, 1, 25, 3)",0,10,10,10,10,10,10,0,0
2265,conv2d_9,"(0, 0, 29, 29)",3,10,10,10,10,10,0,10,0
2266,conv2d_9,"(1, 2, 6, 17)",6,10,10,10,10,10,0,10,0
2267,conv2d_9,"(2, 1, 30, 18)",3,10,10,10,10,10,0,10,0
2268,conv2d_9,"(2, 0, 3, 7)",9,10,10,10,10,10,0,10,0
2269,conv2d_9,"(0, 2, 8, 31)",9,10,10,10,10,10,0,10,0
2270,conv2d_9,"(2, 0, 19, 19)",31,10,10,10,10,10,0,10,0
2271,conv2d_9,"(0, 0, 7, 12)",9,10,10,10,10,10,0,10,0
2272,conv2d_9,"(0, 0, 6, 7)",6,10,10,10,10,10,0,10,0
2273,conv2d_9,"(2, 1, 1, 30)",25,10,10,10,10,10,0,10,0
2274,conv2d_9,"(1, 1, 7, 3)",30,10,1,5,1,5,0,1,9
2275,conv2d_9,"(2, 1, 15, 11)",28,10,10,10,10,10,0,10,0
2276,conv2d_9,"(0, 2, 27, 7)",1,10,10,10,10,10,0,10,0
2277,conv2d_9,"(2, 2, 9, 11)",15,10,10,10,10,10,0,10,0
2278,conv2d_9,"(1, 1, 12, 10)",18,10,10,10,10,10,0,10,0
2279,conv2d_9,"(2, 1, 6, 18)",23,10,10,10,10,10,0,10,0
2280,conv2d_9,"(1, 2, 25, 17)",6,10,10,10,10,10,0,10,0
2281,conv2d_9,"(1, 0, 26, 29)",1,10,10,10,10,10,5,5,0
2282,conv2d_9,"(0, 2, 29, 18)",24,10,10,10,10,10,0,10,0
2283,conv2d_9,"(0, 2, 19, 0)",28,10,10,10,10,10,0,10,0
2284,conv2d_9,"(0, 1, 22, 2)",29,10,10,10,10,10,0,10,0
2285,conv2d_9,"(0, 1, 0, 17)",13,10,10,10,10,10,0,10,0
2286,conv2d_9,"(2, 0, 24, 22)",11,10,10,10,10,10,0,10,0
2287,conv2d_9,"(2, 2, 22, 9)",21,10,10,10,10,10,0,10,0
2288,conv2d_9,"(1, 2, 8, 29)",19,10,10,10,10,10,0,10,0
2289,conv2d_9,"(2, 1, 4, 25)",24,10,10,10,10,10,0,10,0
2290,conv2d_9,"(2, 2, 11, 30)",16,10,10,10,10,10,0,10,0
2291,conv2d_9,"(2, 2, 20, 8)",22,10,10,10,10,10,0,10,0
2292,conv2d_9,"(0, 0, 4, 25)",10,10,10,10,10,10,0,10,0
2293,conv2d_9,"(2, 0, 6, 14)",31,10,10,10,10,10,0,10,0
2294,conv2d_9,"(0, 2, 20, 30)",15,10,10,10,10,10,0,10,0
2295,conv2d_9,"(2, 1, 11, 6)",26,10,10,10,10,10,0,10,0
2296,conv2d_9,"(2, 1, 3, 4)",7,10,10,10,10,10,0,10,0
2297,conv2d_9,"(1, 1, 4, 2)",1,10,10,10,10,10,5,5,0
2298,conv2d_9,"(0, 2, 20, 11)",28,10,10,10,10,10,0,10,0
2299,conv2d_9,"(2, 2, 8, 24)",12,10,10,10,10,10,0,10,0
2300,conv2d_9,"(1, 1, 16, 12)",18,10,10,10,10,10,0,10,0
2301,conv2d_9,"(2, 0, 12, 14)",27,10,10,10,10,10,0,10,0
2302,conv2d_9,"(2, 0, 5, 12)",6,10,10,10,10,10,10,0,0
2303,conv2d_9,"(0, 0, 2, 13)",23,10,10,10,10,10,10,0,0
2304,conv2d_9,"(1, 0, 4, 26)",31,10,10,10,10,10,0,10,0
2305,conv2d_9,"(2, 1, 13, 12)",22,10,10,10,10,10,0,10,0
2306,conv2d_9,"(0, 1, 8, 22)",27,10,10,10,10,10,0,10,0
2307,conv2d_9,"(2, 0, 4, 24)",8,10,10,10,10,10,0,10,0
2308,conv2d_9,"(0, 1, 6, 19)",14,10,10,10,10,10,0,10,0
2309,conv2d_9,"(0, 0, 21, 3)",18,10,10,10,10,10,0,10,0
2310,conv2d_9,"(2, 1, 24, 16)",4,10,10,10,10,10,0,10,0
2311,conv2d_9,"(0, 2, 18, 10)",15,10,10,10,10,10,0,10,0
2312,conv2d_10,"(2, 0, 25, 19)",7,10,10,10,10,10,0,10,0
2313,conv2d_10,"(2, 0, 16, 30)",2,10,10,10,10,10,0,10,0
2314,conv2d_10,"(1, 0, 26, 21)",21,10,10,10,10,10,0,10,0
2315,conv2d_10,"(0, 2, 8, 3)",21,10,10,10,10,10,0,10,0
2316,conv2d_10,"(1, 0, 15, 3)",2,10,10,10,10,10,0,10,0
2317,conv2d_10,"(1, 2, 4, 22)",5,10,10,10,10,10,0,10,0
2318,conv2d_10,"(1, 2, 8, 30)",2,10,10,10,10,10,0,10,0
2319,conv2d_10,"(1, 2, 2, 6)",14,10,10,10,10,10,0,10,0
2320,conv2d_10,"(1, 1, 27, 22)",14,10,10,10,10,10,0,10,0
2321,conv2d_10,"(0, 0, 3, 1)",24,10,10,10,10,10,0,10,0
2322,conv2d_10,"(0, 1, 30, 1)",24,10,10,10,10,10,0,10,0
2323,conv2d_10,"(2, 1, 27, 8)",8,10,10,10,10,10,0,10,0
2324,conv2d_10,"(0, 2, 28, 7)",23,10,10,10,10,10,0,10,0
2325,conv2d_10,"(1, 1, 12, 22)",3,10,10,10,10,10,0,10,0
2326,conv2d_10,"(0, 2, 14, 15)",0,10,10,10,10,10,10,0,0
2327,conv2d_10,"(2, 2, 26, 14)",2,10,10,10,10,10,0,10,0
2328,conv2d_10,"(0, 0, 15, 0)",3,10,10,10,10,10,0,10,0
2329,conv2d_10,"(0, 1, 28, 8)",2,10,10,10,10,10,5,5,0
2330,conv2d_10,"(2, 2, 22, 20)",15,10,10,10,10,10,0,10,0
2331,conv2d_10,"(2, 1, 8, 18)",30,10,0,4,0,4,0,0,10
2332,conv2d_10,"(0, 1, 4, 7)",13,10,10,10,10,10,0,10,0
2333,conv2d_10,"(0, 1, 22, 31)",19,10,10,10,10,10,0,10,0
2334,conv2d_10,"(2, 0, 18, 23)",17,10,10,10,10,10,0,10,0
2335,conv2d_10,"(0, 1, 6, 20)",26,10,10,10,10,10,0,10,0
2336,conv2d_10,"(0, 0, 17, 31)",8,10,10,10,10,10,0,10,0
2337,conv2d_10,"(2, 2, 19, 14)",13,10,10,10,10,10,0,10,0
2338,conv2d_10,"(2, 0, 23, 7)",2,10,10,10,10,10,0,10,0
2339,conv2d_10,"(2, 1, 28, 15)",7,10,10,10,10,10,0,10,0
2340,conv2d_10,"(0, 1, 31, 1)",17,10,10,10,10,10,0,10,0
2341,conv2d_10,"(0, 0, 19, 24)",17,10,10,10,10,10,0,10,0
2342,conv2d_10,"(0, 1, 31, 24)",24,10,10,10,10,10,0,10,0
2343,conv2d_10,"(0, 0, 2, 28)",24,10,10,10,10,10,0,10,0
2344,conv2d_10,"(2, 0, 27, 11)",19,10,10,10,10,10,0,10,0
2345,conv2d_10,"(0, 2, 22, 2)",21,10,10,10,10,10,0,10,0
2346,conv2d_10,"(0, 1, 13, 16)",27,10,10,10,10,10,10,0,0
2347,conv2d_10,"(0, 2, 3, 27)",24,10,10,10,10,10,0,10,0
2348,conv2d_10,"(1, 2, 29, 18)",16,10,10,10,10,10,0,10,0
2349,conv2d_10,"(1, 2, 24, 10)",15,10,10,10,10,10,0,10,0
2350,conv2d_10,"(1, 2, 0, 8)",17,10,10,10,10,10,0,10,0
2351,conv2d_10,"(2, 1, 15, 5)",21,10,10,10,10,10,0,10,0
2352,conv2d_10,"(2, 1, 2, 25)",23,10,10,10,10,10,0,10,0
2353,conv2d_10,"(2, 2, 16, 17)",0,10,10,10,10,10,0,10,0
2354,conv2d_10,"(2, 2, 19, 7)",20,10,10,10,10,10,0,10,0
2355,conv2d_10,"(1, 1, 11, 16)",1,10,10,10,10,10,2,8,0
2356,conv2d_10,"(1, 0, 0, 28)",22,10,10,10,10,10,0,10,0
2357,conv2d_10,"(1, 0, 13, 30)",5,10,10,10,10,10,10,0,0
2358,conv2d_10,"(0, 1, 20, 17)",11,10,10,10,10,10,0,10,0
2359,conv2d_10,"(1, 1, 17, 16)",8,10,10,10,10,10,0,10,0
2360,conv2d_10,"(0, 2, 11, 14)",3,10,10,10,10,10,0,10,0
2361,conv2d_10,"(2, 0, 7, 14)",11,10,10,10,10,10,0,10,0
2362,conv2d_10,"(0, 2, 20, 28)",14,10,10,10,10,10,0,10,0
2363,conv2d_10,"(1, 0, 16, 3)",22,10,10,10,10,10,0,10,0
2364,conv2d_10,"(1, 0, 15, 2)",4,10,10,10,10,10,0,10,0
2365,conv2d_10,"(2, 0, 7, 28)",15,10,10,10,10,10,0,10,0
2366,conv2d_10,"(2, 1, 20, 13)",26,10,10,10,10,10,0,10,0
2367,conv2d_10,"(1, 0, 27, 4)",1,10,10,10,10,10,10,0,0
2368,conv2d_10,"(1, 1, 23, 20)",23,10,10,10,10,10,0,10,0
2369,conv2d_10,"(2, 0, 18, 30)",10,10,10,10,10,10,0,10,0
2370,conv2d_10,"(1, 0, 2, 23)",1,10,10,10,10,10,10,0,0
2371,conv2d_10,"(1, 2, 13, 6)",22,10,10,10,10,10,10,0,0
2372,conv2d_10,"(2, 0, 24, 13)",9,10,10,10,10,10,0,10,0
2373,conv2d_10,"(0, 0, 5, 24)",26,10,10,10,10,10,0,10,0
2374,conv2d_10,"(2, 1, 3, 7)",28,10,10,10,10,10,0,10,0
2375,conv2d_10,"(0, 2, 17, 20)",18,10,10,10,10,10,0,10,0
2376,conv2d_10,"(0, 1, 21, 15)",14,10,10,10,10,10,10,0,0
2377,conv2d_10,"(2, 0, 20, 29)",15,10,10,10,10,10,0,10,0
2378,conv2d_10,"(1, 0, 26, 28)",22,10,10,10,10,10,0,10,0
2379,conv2d_10,"(2, 1, 23, 4)",14,10,10,10,10,10,0,10,0
2380,conv2d_10,"(0, 2, 26, 28)",8,10,10,10,10,10,0,10,0
2381,conv2d_10,"(2, 2, 26, 15)",8,10,10,10,10,10,0,10,0
2382,conv2d_10,"(1, 1, 18, 16)",7,10,10,10,10,10,0,10,0
2383,conv2d_10,"(1, 2, 26, 5)",9,10,10,10,10,10,0,10,0
2384,conv2d_10,"(0, 1, 12, 31)",0,10,10,10,10,10,0,10,0
2385,conv2d_10,"(1, 1, 7, 10)",30,10,5,8,5,8,0,5,5
2386,conv2d_10,"(0, 1, 8, 6)",1,10,10,10,10,10,1,9,0
2387,conv2d_10,"(0, 2, 4, 10)",24,10,10,10,10,10,0,10,0
2388,conv2d_10,"(0, 1, 22, 27)",15,10,10,10,10,10,0,10,0
2389,conv2d_10,"(1, 1, 7, 18)",6,10,10,10,10,10,0,10,0
2390,conv2d_10,"(2, 1, 4, 2)",28,10,10,10,10,10,0,10,0
2391,conv2d_10,"(2, 1, 28, 26)",18,10,10,10,10,10,0,10,0
2392,conv2d_10,"(2, 0, 8, 30)",5,10,10,10,10,10,0,10,0
2393,conv2d_10,"(2, 2, 0, 9)",23,10,10,10,10,10,0,10,0
2394,conv2d_10,"(1, 1, 24, 29)",11,10,10,10,10,10,0,10,0
2395,conv2d_10,"(0, 1, 6, 17)",31,10,10,10,10,10,0,10,0
2396,conv2d_10,"(2, 2, 3, 21)",27,10,10,10,10,10,0,10,0
2397,conv2d_10,"(1, 1, 20, 18)",11,10,10,10,10,10,0,10,0
2398,conv2d_10,"(2, 2, 2, 9)",13,10,10,10,10,10,0,10,0
2399,conv2d_10,"(2, 2, 17, 27)",20,10,10,10,10,10,0,10,0
2400,conv2d_10,"(1, 0, 22, 6)",7,10,10,10,10,10,0,10,0
2401,conv2d_10,"(1, 1, 17, 18)",14,10,10,10,10,10,0,10,0
2402,conv2d_10,"(1, 2, 18, 10)",6,10,10,10,10,10,0,10,0
2403,conv2d_10,"(0, 0, 17, 14)",13,10,10,10,10,10,0,10,0
2404,conv2d_10,"(2, 0, 1, 10)",12,10,10,10,10,10,0,10,0
2405,conv2d_10,"(0, 1, 31, 0)",13,10,10,10,10,10,0,10,0
2406,conv2d_10,"(2, 1, 27, 18)",8,10,10,10,10,10,0,10,0
2407,conv2d_10,"(0, 2, 18, 29)",7,10,10,10,10,10,0,10,0
2408,conv2d_10,"(1, 1, 27, 28)",5,10,10,10,10,10,0,10,0
2409,conv2d_10,"(2, 2, 17, 8)",7,10,10,10,10,10,0,10,0
2410,conv2d_10,"(2, 0, 5, 22)",4,10,10,10,10,10,0,10,0
2411,conv2d_10,"(2, 1, 10, 20)",17,10,10,10,10,10,0,10,0
2412,conv2d_10,"(2, 2, 4, 29)",20,10,10,10,10,10,0,10,0
2413,conv2d_10,"(0, 2, 27, 2)",20,10,10,10,10,10,0,10,0
2414,conv2d_10,"(2, 2, 2, 12)",0,10,10,10,10,10,2,8,0
2415,conv2d_10,"(2, 1, 8, 15)",14,10,10,10,10,10,0,10,0
2416,conv2d_10,"(1, 0, 16, 12)",31,10,10,10,10,10,0,10,0
2417,conv2d_10,"(1, 0, 31, 11)",12,10,10,10,10,10,0,10,0
2418,conv2d_10,"(0, 1, 13, 5)",4,10,10,10,10,10,10,0,0
2419,conv2d_10,"(2, 0, 13, 31)",2,10,10,10,10,10,10,0,0
2420,conv2d_10,"(2, 1, 16, 26)",15,10,10,10,10,10,0,10,0
2421,conv2d_10,"(2, 2, 30, 22)",11,10,10,10,10,10,0,10,0
2422,conv2d_10,"(1, 2, 14, 19)",31,10,10,10,10,10,0,10,0
2423,conv2d_10,"(2, 1, 25, 31)",30,10,2,5,2,5,0,2,8
2424,conv2d_10,"(0, 0, 6, 18)",18,10,10,10,10,10,0,10,0
2425,conv2d_10,"(1, 0, 28, 26)",27,10,10,10,10,10,0,10,0
2426,conv2d_10,"(1, 1, 11, 7)",7,10,10,10,10,10,0,10,0
2427,conv2d_10,"(2, 0, 25, 22)",30,10,2,4,2,4,0,2,8
2428,conv2d_10,"(2, 0, 26, 31)",1,10,10,10,10,10,0,10,0
2429,conv2d_10,"(2, 0, 17, 18)",26,10,10,10,10,10,0,10,0
2430,conv2d_10,"(1, 2, 20, 3)",20,10,10,10,10,10,0,10,0
2431,conv2d_10,"(1, 1, 25, 26)",25,10,10,10,10,10,0,10,0
2432,conv2d_10,"(1, 1, 3, 16)",14,10,10,10,10,10,0,10,0
2433,conv2d_10,"(1, 1, 2, 21)",26,10,10,10,10,10,0,10,0
2434,conv2d_10,"(2, 0, 10, 14)",7,10,10,10,10,10,0,10,0
2435,conv2d_10,"(2, 2, 8, 21)",1,10,10,10,10,10,0,10,0
2436,conv2d_10,"(0, 2, 24, 1)",21,10,10,10,10,10,0,10,0
2437,conv2d_10,"(2, 0, 4, 22)",13,10,10,10,10,10,0,10,0
2438,conv2d_10,"(0, 2, 12, 23)",25,10,10,10,10,10,0,10,0
2439,conv2d_10,"(0, 1, 18, 14)",21,10,10,10,10,10,0,10,0
2440,conv2d_10,"(2, 2, 13, 26)",15,10,10,10,10,10,10,0,0
2441,conv2d_10,"(0, 2, 2, 0)",6,10,10,10,10,10,0,10,0
2442,conv2d_10,"(0, 0, 31, 25)",18,10,10,10,10,10,0,10,0
2443,conv2d_10,"(0, 2, 1, 19)",15,10,10,10,10,10,0,10,0
2444,conv2d_10,"(2, 0, 17, 2)",24,10,10,10,10,10,0,10,0
2445,conv2d_10,"(2, 1, 8, 25)",5,10,10,10,10,10,0,10,0
2446,conv2d_10,"(2, 2, 4, 4)",26,10,10,10,10,10,0,10,0
2447,conv2d_10,"(2, 2, 0, 1)",9,10,10,10,10,10,0,10,0
2448,conv2d_10,"(0, 2, 25, 6)",19,10,10,10,10,10,0,10,0
2449,conv2d_10,"(2, 2, 27, 20)",1,10,10,10,10,10,0,10,0
2450,conv2d_10,"(1, 0, 17, 19)",6,10,10,10,10,10,0,10,0
2451,conv2d_10,"(1, 1, 30, 16)",27,10,10,10,10,10,0,10,0
2452,conv2d_10,"(1, 2, 14, 5)",17,10,10,10,10,10,0,10,0
2453,conv2d_10,"(2, 2, 18, 30)",15,10,10,10,10,10,0,10,0
2454,conv2d_10,"(1, 2, 1, 24)",25,10,10,10,10,10,0,10,0
2455,conv2d_10,"(1, 0, 6, 23)",1,10,10,10,10,10,0,10,0
2456,conv2d_10,"(1, 1, 14, 25)",30,10,3,7,3,7,0,3,7
2457,conv2d_10,"(1, 0, 19, 6)",5,10,10,10,10,10,0,10,0
2458,conv2d_10,"(0, 1, 10, 6)",15,10,10,10,10,10,0,10,0
2459,conv2d_10,"(1, 2, 9, 5)",30,10,2,4,2,4,0,2,8
2460,conv2d_10,"(1, 1, 3, 14)",26,10,10,10,10,10,0,10,0
2461,conv2d_10,"(0, 0, 21, 19)",20,10,10,10,10,10,10,0,0
2462,conv2d_10,"(1, 2, 0, 26)",13,10,10,10,10,10,0,10,0
2463,conv2d_10,"(1, 2, 31, 31)",15,10,10,10,10,10,0,10,0
2464,conv2d_10,"(2, 1, 29, 20)",5,10,10,10,10,10,0,10,0
2465,conv2d_10,"(2, 0, 27, 6)",24,10,10,10,10,10,0,10,0
2466,conv2d_10,"(0, 2, 0, 8)",7,10,10,10,10,10,0,10,0
2467,conv2d_10,"(1, 0, 12, 10)",2,10,10,10,10,10,1,9,0
2468,conv2d_10,"(0, 2, 31, 27)",31,10,10,10,10,10,0,10,0
2469,conv2d_10,"(1, 0, 26, 8)",18,10,10,10,10,10,0,10,0
2470,conv2d_10,"(1, 2, 27, 7)",17,10,10,10,10,10,0,10,0
2471,conv2d_10,"(2, 2, 23, 20)",10,10,10,10,10,10,0,10,0
2472,conv2d_10,"(2, 2, 18, 9)",13,10,10,10,10,10,0,10,0
2473,conv2d_10,"(1, 1, 16, 23)",13,10,10,10,10,10,0,10,0
2474,conv2d_10,"(0, 2, 8, 21)",30,10,2,5,2,5,0,2,8
2475,conv2d_10,"(1, 0, 20, 0)",9,10,10,10,10,10,0,10,0
2476,conv2d_10,"(0, 1, 4, 30)",12,10,10,10,10,10,0,10,0
2477,conv2d_10,"(2, 1, 6, 12)",21,10,10,10,10,10,0,10,0
2478,conv2d_10,"(2, 1, 3, 6)",10,10,10,10,10,10,0,10,0
2479,conv2d_10,"(2, 2, 22, 4)",14,10,10,10,10,10,0,10,0
2480,conv2d_10,"(0, 1, 0, 22)",18,10,10,10,10,10,0,10,0
2481,conv2d_10,"(1, 2, 19, 27)",25,10,10,10,10,10,0,10,0
2482,conv2d_10,"(0, 2, 12, 16)",9,10,10,10,10,10,0,10,0
2483,conv2d_10,"(1, 0, 13, 6)",16,10,10,10,10,10,10,0,0
2484,conv2d_10,"(2, 2, 8, 6)",24,10,10,10,10,10,0,10,0
2485,conv2d_10,"(2, 2, 17, 21)",30,10,1,7,1,7,0,1,9
2486,conv2d_10,"(0, 0, 10, 13)",13,10,10,10,10,10,0,10,0
2487,conv2d_10,"(0, 0, 9, 5)",30,10,1,6,1,6,0,1,9
2488,conv2d_10,"(0, 0, 20, 0)",8,10,10,10,10,10,0,10,0
2489,conv2d_10,"(2, 1, 27, 28)",20,10,10,10,10,10,0,10,0
2490,conv2d_10,"(0, 2, 7, 19)",25,10,10,10,10,10,0,10,0
2491,conv2d_10,"(2, 1, 24, 24)",22,10,10,10,10,10,0,10,0
2492,conv2d_10,"(2, 0, 20, 19)",13,10,10,10,10,10,0,10,0
2493,conv2d_10,"(2, 0, 17, 10)",27,10,10,10,10,10,0,10,0
2494,conv2d_10,"(2, 1, 31, 28)",7,10,10,10,10,10,0,10,0
2495,conv2d_10,"(0, 0, 22, 27)",23,10,10,10,10,10,0,10,0
2496,conv2d_10,"(2, 1, 22, 29)",13,10,10,10,10,10,0,10,0
2497,conv2d_10,"(1, 0, 24, 12)",0,10,10,10,10,10,3,7,0
2498,conv2d_10,"(1, 2, 28, 12)",12,10,10,10,10,10,0,10,0
2499,conv2d_10,"(1, 0, 19, 0)",23,10,10,10,10,10,0,10,0
2500,conv2d_10,"(2, 1, 0, 16)",2,10,10,10,10,10,0,10,0
2501,conv2d_10,"(1, 0, 30, 17)",16,10,10,10,10,10,0,10,0
2502,conv2d_10,"(2, 0, 3, 17)",30,10,2,4,2,4,0,2,8
2503,conv2d_10,"(0, 1, 31, 29)",6,10,10,10,10,10,0,10,0
2504,conv2d_10,"(0, 2, 23, 2)",9,10,10,10,10,10,0,10,0
2505,conv2d_10,"(0, 1, 8, 11)",7,10,10,10,10,10,0,10,0
2506,conv2d_10,"(2, 2, 28, 3)",3,10,10,10,10,10,0,10,0
2507,conv2d_10,"(2, 1, 6, 20)",12,10,10,10,10,10,0,10,0
2508,conv2d_10,"(2, 1, 21, 1)",10,10,10,10,10,10,10,0,0
2509,conv2d_10,"(2, 1, 0, 23)",26,10,10,10,10,10,0,10,0
2510,conv2d_10,"(0, 2, 4, 3)",9,10,10,10,10,10,0,10,0
2511,conv2d_10,"(0, 1, 5, 17)",2,10,10,10,10,10,0,10,0
2512,conv2d_10,"(2, 2, 12, 17)",26,10,10,10,10,10,0,10,0
2513,conv2d_10,"(1, 1, 0, 11)",22,10,10,10,10,10,0,10,0
2514,conv2d_10,"(1, 2, 21, 7)",5,10,10,10,10,10,10,0,0
2515,conv2d_10,"(0, 0, 5, 29)",11,10,10,10,10,10,0,10,0
2516,conv2d_10,"(1, 2, 11, 5)",1,10,10,10,10,10,0,10,0
2517,conv2d_10,"(0, 2, 0, 10)",23,10,10,10,10,10,0,10,0
2518,conv2d_10,"(2, 0, 5, 29)",19,10,10,10,10,10,0,10,0
2519,conv2d_10,"(1, 0, 8, 12)",24,10,10,10,10,10,0,10,0
2520,conv2d_10,"(1, 0, 11, 18)",20,10,10,10,10,10,0,10,0
2521,conv2d_10,"(0, 1, 14, 26)",12,10,10,10,10,10,0,10,0
2522,conv2d_10,"(1, 2, 18, 11)",28,10,10,10,10,10,0,10,0
2523,conv2d_10,"(1, 1, 5, 16)",23,10,10,10,10,10,0,10,0
2524,conv2d_10,"(2, 2, 28, 22)",10,10,10,10,10,10,0,10,0
2525,conv2d_10,"(0, 2, 24, 2)",13,10,10,10,10,10,0,10,0
2526,conv2d_10,"(2, 2, 22, 27)",18,10,10,10,10,10,0,10,0
2527,conv2d_10,"(2, 2, 21, 13)",17,10,10,10,10,10,10,0,0
2528,conv2d_10,"(1, 0, 13, 5)",29,10,10,10,10,10,10,0,0
2529,conv2d_10,"(0, 2, 2, 16)",11,10,10,10,10,10,0,10,0
2530,conv2d_10,"(1, 2, 8, 30)",20,10,10,10,10,10,0,10,0
2531,conv2d_10,"(2, 2, 24, 23)",2,10,10,10,10,10,0,10,0
2532,conv2d_10,"(2, 1, 6, 20)",0,10,10,10,10,10,3,7,0
2533,conv2d_10,"(1, 1, 26, 10)",21,10,10,10,10,10,0,10,0
2534,conv2d_10,"(1, 1, 11, 6)",10,10,10,10,10,10,0,10,0
2535,conv2d_10,"(0, 1, 11, 29)",29,10,10,10,10,10,0,10,0
2536,conv2d_10,"(1, 0, 25, 27)",16,10,10,10,10,10,0,10,0
2537,conv2d_10,"(1, 2, 21, 23)",25,10,10,10,10,10,10,0,0
2538,conv2d_10,"(0, 2, 2, 19)",6,10,10,10,10,10,0,10,0
2539,conv2d_10,"(1, 2, 27, 26)",25,10,10,10,10,10,0,10,0
2540,conv2d_10,"(2, 0, 10, 1)",19,10,10,10,10,10,0,10,0
2541,conv2d_10,"(0, 2, 8, 12)",21,10,10,10,10,10,0,10,0
2542,conv2d_10,"(1, 0, 5, 3)",22,10,10,10,10,10,0,10,0
2543,conv2d_10,"(0, 1, 25, 29)",0,10,10,10,10,10,10,0,0
2544,conv2d_10,"(0, 1, 12, 9)",19,10,10,10,10,10,0,10,0
2545,conv2d_10,"(0, 0, 11, 5)",27,10,10,10,10,10,0,10,0
2546,conv2d_10,"(0, 2, 15, 5)",23,10,10,10,10,10,0,10,0
2547,conv2d_10,"(0, 1, 30, 0)",6,10,10,10,10,10,0,10,0
2548,conv2d_10,"(2, 0, 25, 30)",30,10,1,6,1,6,0,1,9
2549,conv2d_10,"(2, 0, 29, 24)",6,10,10,10,10,10,0,10,0
2550,conv2d_10,"(1, 0, 8, 24)",25,10,10,10,10,10,0,10,0
2551,conv2d_10,"(2, 2, 18, 20)",27,10,10,10,10,10,0,10,0
2552,conv2d_10,"(1, 1, 4, 25)",1,10,10,10,10,10,0,10,0
2553,conv2d_10,"(0, 1, 11, 14)",23,10,10,10,10,10,0,10,0
2554,conv2d_10,"(2, 2, 0, 21)",25,10,10,10,10,10,0,10,0
2555,conv2d_10,"(0, 1, 14, 4)",12,10,10,10,10,10,0,10,0
2556,conv2d_10,"(1, 1, 13, 2)",5,10,10,10,10,10,10,0,0
2557,conv2d_10,"(2, 0, 24, 21)",27,10,10,10,10,10,0,10,0
2558,conv2d_10,"(1, 1, 18, 9)",30,10,3,7,3,7,0,3,7
2559,conv2d_10,"(1, 0, 16, 2)",10,10,10,10,10,10,0,10,0
2560,conv2d_10,"(1, 0, 6, 25)",22,10,10,10,10,10,0,10,0
2561,conv2d_10,"(0, 0, 25, 6)",20,10,10,10,10,10,0,10,0
2562,conv2d_10,"(2, 1, 24, 8)",0,10,10,10,10,10,5,5,0
2563,conv2d_10,"(1, 0, 25, 31)",19,10,10,10,10,10,0,10,0
2564,conv2d_10,"(2, 2, 16, 27)",7,10,10,10,10,10,0,10,0
2565,conv2d_10,"(1, 2, 23, 28)",21,10,10,10,10,10,0,10,0
2566,conv2d_10,"(0, 1, 7, 23)",24,10,10,10,10,10,0,10,0
2567,conv2d_10,"(0, 1, 9, 5)",16,10,10,10,10,10,0,10,0
2568,conv2d_10,"(1, 0, 29, 12)",29,10,10,10,10,10,0,10,0
2569,conv2d_10,"(0, 1, 2, 18)",29,10,10,10,10,10,0,10,0
2570,conv2d_10,"(2, 2, 3, 23)",23,10,10,10,10,10,0,10,0
2571,conv2d_10,"(1, 2, 27, 16)",18,10,10,10,10,10,0,10,0
2572,conv2d_10,"(0, 1, 17, 1)",22,10,10,10,10,10,0,10,0
2573,conv2d_10,"(1, 1, 1, 26)",19,10,10,10,10,10,0,10,0
2574,conv2d_10,"(1, 2, 7, 2)",2,10,10,10,10,10,0,10,0
2575,conv2d_10,"(0, 0, 15, 25)",6,10,10,10,10,10,0,10,0
2576,conv2d_10,"(2, 1, 9, 8)",27,10,10,10,10,10,0,10,0
2577,conv2d_10,"(1, 2, 22, 17)",15,10,10,10,10,10,0,10,0
2578,conv2d_10,"(0, 1, 2, 29)",23,10,10,10,10,10,0,10,0
2579,conv2d_10,"(2, 2, 9, 2)",6,10,10,10,10,10,0,10,0
2580,conv2d_10,"(1, 2, 5, 24)",19,10,10,10,10,10,0,10,0
2581,conv2d_10,"(0, 0, 25, 27)",16,10,10,10,10,10,0,10,0
2582,conv2d_10,"(0, 0, 27, 5)",16,10,10,10,10,10,0,10,0
2583,conv2d_10,"(2, 0, 15, 19)",23,10,10,10,10,10,0,10,0
2584,conv2d_10,"(1, 1, 13, 30)",11,10,10,10,10,10,10,0,0
2585,conv2d_10,"(2, 1, 2, 17)",11,10,10,10,10,10,0,10,0
2586,conv2d_10,"(0, 1, 17, 18)",13,10,10,10,10,10,0,10,0
2587,conv2d_10,"(2, 0, 26, 1)",17,10,10,10,10,10,0,10,0
2588,conv2d_10,"(2, 2, 29, 17)",20,10,10,10,10,10,0,10,0
2589,conv2d_10,"(0, 0, 14, 6)",20,10,10,10,10,10,0,10,0
2590,conv2d_10,"(2, 1, 4, 14)",29,10,10,10,10,10,0,10,0
2591,conv2d_10,"(2, 1, 21, 26)",30,10,10,10,10,10,10,0,0
2592,conv2d_10,"(1, 1, 21, 0)",22,10,10,10,10,10,10,0,0
2593,conv2d_10,"(1, 2, 9, 28)",31,10,10,10,10,10,0,10,0
2594,conv2d_10,"(2, 1, 10, 13)",16,10,10,10,10,10,0,10,0
2595,conv2d_10,"(2, 2, 2, 25)",5,10,10,10,10,10,0,10,0
2596,conv2d_10,"(0, 0, 22, 31)",23,10,10,10,10,10,0,10,0
2597,conv2d_10,"(1, 1, 18, 19)",29,10,10,10,10,10,0,10,0
2598,conv2d_10,"(2, 2, 9, 1)",10,10,10,10,10,10,0,10,0
2599,conv2d_10,"(1, 0, 27, 22)",18,10,10,10,10,10,0,10,0
2600,conv2d_10,"(1, 2, 15, 31)",8,10,10,10,10,10,0,10,0
2601,conv2d_10,"(0, 1, 7, 24)",13,10,10,10,10,10,0,10,0
2602,conv2d_10,"(2, 1, 7, 13)",11,10,10,10,10,10,0,10,0
2603,conv2d_10,"(2, 1, 25, 10)",22,10,10,10,10,10,0,10,0
2604,conv2d_10,"(2, 1, 26, 13)",20,10,10,10,10,10,0,10,0
2605,conv2d_10,"(2, 2, 6, 23)",20,10,10,10,10,10,0,10,0
2606,conv2d_10,"(1, 1, 14, 25)",29,10,10,10,10,10,0,10,0
2607,conv2d_10,"(0, 0, 28, 18)",25,10,10,10,10,10,0,10,0
2608,conv2d_10,"(2, 1, 0, 18)",29,10,10,10,10,10,0,10,0
2609,conv2d_10,"(1, 2, 6, 11)",26,10,10,10,10,10,0,10,0
2610,conv2d_10,"(0, 2, 26, 26)",1,10,10,10,10,10,0,10,0
2611,conv2d_10,"(2, 2, 8, 14)",5,10,10,10,10,10,0,10,0
2612,conv2d_10,"(1, 2, 1, 26)",15,10,10,10,10,10,0,10,0
2613,conv2d_10,"(2, 0, 30, 10)",23,10,10,10,10,10,0,10,0
2614,conv2d_10,"(2, 2, 24, 1)",12,10,10,10,10,10,0,10,0
2615,conv2d_10,"(1, 2, 29, 10)",15,10,10,10,10,10,0,10,0
2616,conv2d_10,"(2, 0, 30, 11)",20,10,10,10,10,10,0,10,0
2617,conv2d_10,"(0, 0, 18, 8)",13,10,10,10,10,10,0,10,0
2618,conv2d_10,"(0, 2, 29, 29)",28,10,10,10,10,10,0,10,0
2619,conv2d_10,"(1, 2, 11, 15)",7,10,10,10,10,10,0,10,0
2620,conv2d_10,"(0, 1, 10, 21)",4,10,10,10,10,10,0,10,0
2621,conv2d_10,"(2, 2, 2, 0)",26,10,10,10,10,10,0,10,0
2622,conv2d_10,"(0, 1, 24, 30)",16,10,10,10,10,10,0,10,0
2623,conv2d_10,"(1, 1, 1, 7)",3,10,10,10,10,10,0,10,0
2624,conv2d_10,"(2, 0, 25, 18)",23,10,10,10,10,10,0,10,0
2625,conv2d_10,"(1, 0, 28, 25)",6,10,10,10,10,10,0,10,0
2626,conv2d_10,"(2, 0, 16, 9)",10,10,10,10,10,10,0,10,0
2627,conv2d_10,"(2, 1, 26, 23)",9,10,10,10,10,10,0,10,0
2628,conv2d_10,"(0, 1, 30, 15)",6,10,10,10,10,10,0,10,0
2629,conv2d_10,"(1, 2, 4, 21)",31,10,10,10,10,10,0,10,0
2630,conv2d_10,"(1, 1, 16, 15)",28,10,10,10,10,10,0,10,0
2631,conv2d_10,"(2, 1, 28, 21)",17,10,10,10,10,10,0,10,0
2632,conv2d_10,"(0, 2, 8, 2)",18,10,10,10,10,10,0,10,0
2633,conv2d_10,"(1, 2, 14, 1)",23,10,10,10,10,10,0,10,0
2634,conv2d_10,"(2, 0, 19, 18)",19,10,10,10,10,10,0,10,0
2635,conv2d_10,"(2, 1, 28, 30)",9,10,10,10,10,10,0,10,0
2636,conv2d_10,"(2, 1, 9, 8)",24,10,10,10,10,10,0,10,0
2637,conv2d_10,"(0, 0, 14, 16)",19,10,10,10,10,10,0,10,0
2638,conv2d_10,"(1, 1, 0, 9)",25,10,10,10,10,10,0,10,0
2639,conv2d_10,"(1, 2, 10, 30)",9,10,10,10,10,10,0,10,0
2640,conv2d_10,"(1, 1, 23, 20)",10,10,10,10,10,10,0,10,0
2641,conv2d_10,"(1, 1, 11, 30)",0,10,10,10,10,10,0,10,0
2642,conv2d_10,"(0, 1, 21, 4)",13,10,10,10,10,10,10,0,0
2643,conv2d_10,"(1, 2, 9, 14)",7,10,10,10,10,10,0,10,0
2644,conv2d_10,"(1, 1, 22, 12)",0,10,10,10,10,10,3,7,0
2645,conv2d_10,"(1, 2, 12, 14)",2,10,10,10,10,10,0,10,0
2646,conv2d_10,"(1, 2, 6, 25)",4,10,10,10,10,10,0,10,0
2647,conv2d_10,"(0, 1, 5, 17)",15,10,10,10,10,10,0,10,0
2648,conv2d_10,"(2, 0, 16, 15)",15,10,10,10,10,10,0,10,0
2649,conv2d_10,"(0, 0, 29, 14)",17,10,10,10,10,10,0,10,0
2650,conv2d_10,"(2, 0, 5, 17)",4,10,10,10,10,10,0,10,0
2651,conv2d_10,"(0, 0, 19, 8)",14,10,10,10,10,10,0,10,0
2652,conv2d_10,"(1, 0, 30, 15)",3,10,10,10,10,10,2,8,0
2653,conv2d_10,"(0, 1, 4, 20)",7,10,10,10,10,10,0,10,0
2654,conv2d_10,"(1, 0, 5, 28)",6,10,10,10,10,10,0,10,0
2655,conv2d_10,"(1, 2, 31, 13)",0,10,10,10,10,10,0,10,0
2656,conv2d_10,"(2, 1, 7, 27)",12,10,10,10,10,10,0,10,0
2657,conv2d_10,"(1, 1, 0, 29)",17,10,10,10,10,10,0,10,0
2658,conv2d_10,"(1, 2, 11, 31)",30,10,0,4,0,4,0,0,10
2659,conv2d_10,"(1, 2, 19, 18)",15,10,10,10,10,10,0,10,0
2660,conv2d_10,"(2, 2, 17, 21)",19,10,10,10,10,10,0,10,0
2661,conv2d_10,"(0, 1, 7, 28)",0,10,10,10,10,10,1,9,0
2662,conv2d_10,"(1, 0, 30, 20)",11,10,10,10,10,10,0,10,0
2663,conv2d_10,"(2, 1, 27, 4)",6,10,10,10,10,10,0,10,0
2664,conv2d_10,"(2, 2, 21, 28)",11,10,10,10,10,10,10,0,0
2665,conv2d_10,"(0, 0, 6, 12)",19,10,10,10,10,10,0,10,0
2666,conv2d_10,"(2, 1, 20, 19)",6,10,10,10,10,10,0,10,0
2667,conv2d_10,"(2, 2, 13, 19)",9,10,10,10,10,10,10,0,0
2668,conv2d_10,"(0, 1, 10, 20)",10,10,10,10,10,10,0,10,0
2669,conv2d_10,"(1, 2, 10, 10)",30,10,2,4,2,4,0,2,8
2670,conv2d_10,"(0, 1, 17, 26)",30,10,0,4,0,4,0,0,10
2671,conv2d_10,"(0, 1, 23, 19)",21,10,10,10,10,10,0,10,0
2672,conv2d_10,"(1, 1, 20, 22)",27,10,10,10,10,10,0,10,0
2673,conv2d_10,"(0, 1, 26, 25)",3,10,10,10,10,10,0,10,0
2674,conv2d_10,"(2, 0, 22, 26)",29,10,10,10,10,10,0,10,0
2675,conv2d_10,"(2, 0, 1, 17)",13,10,10,10,10,10,0,10,0
2676,conv2d_10,"(1, 0, 18, 16)",20,10,10,10,10,10,0,10,0
2677,conv2d_10,"(1, 2, 24, 27)",12,10,10,10,10,10,0,10,0
2678,conv2d_10,"(1, 0, 28, 13)",4,10,10,10,10,10,0,10,0
2679,conv2d_10,"(1, 2, 10, 15)",30,10,0,4,0,4,0,0,10
2680,conv2d_10,"(2, 1, 2, 30)",31,10,10,10,10,10,0,10,0
2681,conv2d_10,"(2, 2, 17, 15)",24,10,10,10,10,10,0,10,0
2682,conv2d_10,"(0, 2, 6, 3)",21,10,10,10,10,10,0,10,0
2683,conv2d_10,"(1, 1, 23, 17)",7,10,10,10,10,10,0,10,0
2684,conv2d_10,"(2, 0, 8, 30)",20,10,10,10,10,10,0,10,0
2685,conv2d_10,"(0, 2, 9, 26)",19,10,10,10,10,10,0,10,0
2686,conv2d_10,"(1, 0, 5, 12)",20,10,10,10,10,10,0,10,0
2687,conv2d_10,"(2, 0, 18, 16)",8,10,10,10,10,10,0,10,0
2688,conv2d_10,"(1, 1, 20, 4)",13,10,10,10,10,10,0,10,0
2689,conv2d_10,"(1, 0, 20, 11)",29,10,10,10,10,10,0,10,0
2690,conv2d_10,"(0, 2, 21, 23)",16,10,10,10,10,10,10,0,0
2691,conv2d_10,"(0, 0, 1, 16)",26,10,10,10,10,10,0,10,0
2692,conv2d_10,"(1, 0, 25, 27)",3,10,10,10,10,10,0,10,0
2693,conv2d_10,"(2, 1, 1, 23)",2,10,10,10,10,10,0,10,0
2694,conv2d_10,"(1, 2, 31, 20)",21,10,10,10,10,10,0,10,0
2695,conv2d_10,"(2, 0, 4, 4)",7,10,10,10,10,10,0,10,0
2696,conv2d_10,"(2, 1, 5, 10)",12,10,10,10,10,10,0,10,0
2697,conv2d_10,"(1, 1, 27, 4)",28,10,10,10,10,10,0,10,0
2698,conv2d_10,"(0, 0, 21, 9)",21,10,10,10,10,10,10,0,0
2699,conv2d_10,"(0, 1, 27, 29)",18,10,10,10,10,10,0,10,0
2700,conv2d_10,"(0, 0, 24, 0)",14,10,10,10,10,10,0,10,0
2701,conv2d_10,"(0, 1, 27, 20)",14,10,10,10,10,10,0,10,0
2702,conv2d_10,"(2, 2, 29, 20)",12,10,10,10,10,10,0,10,0
2703,conv2d_10,"(0, 0, 9, 22)",13,10,10,10,10,10,0,10,0
2704,conv2d_10,"(0, 0, 11, 19)",2,10,10,10,10,10,0,10,0
2705,conv2d_10,"(0, 1, 22, 8)",20,10,10,10,10,10,0,10,0
2706,conv2d_10,"(0, 1, 13, 14)",10,10,10,10,10,10,10,0,0
2707,conv2d_10,"(0, 0, 17, 27)",22,10,10,10,10,10,0,10,0
2708,conv2d_10,"(1, 0, 8, 1)",24,10,10,10,10,10,0,10,0
2709,conv2d_10,"(2, 2, 28, 1)",13,10,10,10,10,10,0,10,0
2710,conv2d_10,"(1, 1, 3, 24)",25,10,10,10,10,10,0,10,0
2711,conv2d_10,"(1, 2, 13, 12)",7,10,10,10,10,10,10,0,0
2712,conv2d_10,"(2, 2, 11, 5)",7,10,10,10,10,10,0,10,0
2713,conv2d_10,"(0, 1, 13, 10)",22,10,10,10,10,10,10,0,0
2714,conv2d_10,"(0, 0, 26, 20)",5,10,10,10,10,10,0,10,0
2715,conv2d_10,"(1, 2, 30, 23)",7,10,10,10,10,10,0,10,0
2716,conv2d_10,"(0, 1, 1, 29)",26,10,10,10,10,10,0,10,0
2717,conv2d_10,"(1, 1, 6, 25)",19,10,10,10,10,10,0,10,0
2718,conv2d_10,"(2, 1, 27, 4)",14,10,10,10,10,10,0,10,0
2719,conv2d_10,"(1, 0, 24, 5)",17,10,10,10,10,10,0,10,0
2720,conv2d_10,"(0, 0, 2, 20)",11,10,10,10,10,10,0,10,0
2721,conv2d_10,"(2, 0, 8, 0)",8,10,10,10,10,10,0,10,0
2722,conv2d_10,"(0, 2, 2, 30)",13,10,10,10,10,10,0,10,0
2723,conv2d_10,"(2, 1, 23, 18)",10,10,10,10,10,10,0,10,0
2724,conv2d_10,"(0, 2, 11, 26)",9,10,10,10,10,10,0,10,0
2725,conv2d_10,"(0, 0, 23, 11)",1,10,10,10,10,10,0,10,0
2726,conv2d_10,"(1, 1, 13, 31)",23,10,10,10,10,10,10,0,0
2727,conv2d_10,"(0, 0, 20, 16)",21,10,10,10,10,10,0,10,0
2728,conv2d_10,"(0, 2, 30, 1)",9,10,10,10,10,10,0,10,0
2729,conv2d_10,"(2, 1, 2, 26)",10,10,10,10,10,10,0,10,0
2730,conv2d_10,"(0, 1, 6, 10)",14,10,10,10,10,10,0,10,0
2731,conv2d_10,"(0, 0, 26, 5)",30,10,2,4,2,4,0,2,8
2732,conv2d_10,"(2, 1, 26, 29)",8,10,10,10,10,10,0,10,0
2733,conv2d_10,"(1, 1, 19, 0)",16,10,10,10,10,10,0,10,0
2734,conv2d_10,"(2, 2, 20, 8)",23,10,10,10,10,10,0,10,0
2735,conv2d_10,"(1, 2, 30, 6)",12,10,10,10,10,10,0,10,0
2736,conv2d_10,"(2, 0, 14, 8)",9,10,10,10,10,10,0,10,0
2737,conv2d_10,"(2, 0, 5, 14)",25,10,10,10,10,10,0,10,0
2738,conv2d_10,"(0, 0, 6, 18)",16,10,10,10,10,10,0,10,0
2739,conv2d_10,"(1, 2, 19, 11)",29,10,10,10,10,10,0,10,0
2740,conv2d_10,"(1, 1, 8, 17)",23,10,10,10,10,10,0,10,0
2741,conv2d_10,"(2, 1, 2, 9)",3,10,10,10,10,10,0,10,0
2742,conv2d_10,"(0, 0, 11, 12)",2,10,10,10,10,10,6,4,0
2743,conv2d_10,"(1, 1, 10, 15)",0,10,10,10,10,10,1,9,0
2744,conv2d_10,"(1, 0, 30, 30)",25,10,10,10,10,10,0,10,0
2745,conv2d_10,"(1, 2, 13, 28)",16,10,10,10,10,10,10,0,0
2746,conv2d_10,"(2, 1, 7, 28)",21,10,10,10,10,10,0,10,0
2747,conv2d_10,"(1, 1, 11, 21)",31,10,10,10,10,10,0,10,0
2748,conv2d_10,"(2, 1, 6, 29)",16,10,10,10,10,10,0,10,0
2749,conv2d_10,"(1, 2, 23, 4)",1,10,10,10,10,10,4,6,0
2750,conv2d_10,"(0, 1, 6, 8)",7,10,10,10,10,10,0,10,0
2751,conv2d_10,"(0, 1, 18, 7)",19,10,10,10,10,10,0,10,0
2752,conv2d_10,"(2, 0, 27, 28)",11,10,10,10,10,10,0,10,0
2753,conv2d_10,"(0, 2, 12, 25)",14,10,10,10,10,10,0,10,0
2754,conv2d_10,"(2, 2, 12, 1)",22,10,10,10,10,10,0,10,0
2755,conv2d_10,"(2, 1, 3, 9)",14,10,10,10,10,10,0,10,0
2756,conv2d_10,"(0, 0, 23, 10)",10,10,10,10,10,10,0,10,0
2757,conv2d_10,"(2, 2, 9, 14)",27,10,10,10,10,10,0,10,0
2758,conv2d_10,"(0, 1, 17, 12)",18,10,10,10,10,10,0,10,0
2759,conv2d_10,"(1, 1, 26, 24)",20,10,10,10,10,10,0,10,0
2760,conv2d_10,"(0, 0, 19, 8)",16,10,10,10,10,10,0,10,0
2761,conv2d_10,"(2, 2, 13, 19)",4,10,10,10,10,10,10,0,0
2762,conv2d_10,"(0, 0, 26, 3)",30,10,3,6,3,6,0,3,7
2763,conv2d_10,"(1, 0, 15, 10)",26,10,10,10,10,10,0,10,0
2764,conv2d_10,"(0, 1, 12, 25)",4,10,10,10,10,10,0,10,0
2765,conv2d_10,"(0, 1, 17, 14)",7,10,10,10,10,10,0,10,0
2766,conv2d_10,"(1, 0, 13, 9)",17,10,10,10,10,10,10,0,0
2767,conv2d_10,"(2, 0, 0, 20)",19,10,10,10,10,10,0,10,0
2768,conv2d_10,"(0, 2, 30, 6)",28,10,10,10,10,10,0,10,0
2769,conv2d_10,"(2, 2, 7, 19)",29,10,10,10,10,10,0,10,0
2770,conv2d_10,"(2, 1, 4, 9)",17,10,10,10,10,10,0,10,0
2771,conv2d_10,"(1, 0, 24, 2)",29,10,10,10,10,10,0,10,0
2772,conv2d_10,"(2, 2, 10, 27)",31,10,10,10,10,10,0,10,0
2773,conv2d_10,"(2, 0, 14, 18)",5,10,10,10,10,10,0,10,0
2774,conv2d_10,"(2, 1, 15, 23)",27,10,10,10,10,10,0,10,0
2775,conv2d_10,"(2, 0, 3, 26)",17,10,10,10,10,10,0,10,0
2776,conv2d_10,"(2, 2, 16, 17)",21,10,10,10,10,10,0,10,0
2777,conv2d_10,"(1, 0, 16, 26)",0,10,10,10,10,10,7,3,0
2778,conv2d_10,"(0, 2, 31, 6)",31,10,10,10,10,10,0,10,0
2779,conv2d_10,"(2, 1, 27, 14)",6,10,10,10,10,10,0,10,0
2780,conv2d_10,"(2, 2, 24, 31)",24,10,10,10,10,10,0,10,0
2781,conv2d_10,"(2, 2, 6, 2)",6,10,10,10,10,10,0,10,0
2782,conv2d_10,"(0, 1, 7, 6)",26,10,10,10,10,10,0,10,0
2783,conv2d_10,"(1, 2, 2, 25)",28,10,10,10,10,10,0,10,0
2784,conv2d_10,"(1, 2, 2, 29)",27,10,10,10,10,10,0,10,0
2785,conv2d_10,"(2, 0, 13, 1)",1,10,10,10,10,10,10,0,0
2786,conv2d_10,"(1, 1, 6, 21)",1,10,10,10,10,10,1,9,0
2787,conv2d_10,"(1, 2, 16, 29)",22,10,10,10,10,10,0,10,0
2788,conv2d_10,"(1, 1, 15, 22)",3,10,10,10,10,10,0,10,0
2789,conv2d_10,"(2, 2, 29, 20)",16,10,10,10,10,10,0,10,0
2790,conv2d_10,"(2, 2, 13, 10)",20,10,10,10,10,10,10,0,0
2791,conv2d_10,"(0, 1, 22, 25)",5,10,10,10,10,10,0,10,0
2792,conv2d_10,"(2, 2, 22, 21)",14,10,10,10,10,10,0,10,0
2793,conv2d_10,"(0, 2, 19, 20)",5,10,10,10,10,10,0,10,0
2794,conv2d_10,"(2, 1, 20, 25)",11,10,10,10,10,10,0,10,0
2795,conv2d_10,"(1, 2, 12, 24)",31,10,10,10,10,10,0,10,0
2796,conv2d_10,"(1, 1, 21, 22)",10,10,10,10,10,10,10,0,0
2797,conv2d_10,"(0, 0, 20, 10)",12,10,10,10,10,10,0,10,0
2798,conv2d_10,"(2, 2, 18, 19)",11,10,10,10,10,10,0,10,0
2799,conv2d_10,"(0, 0, 4, 25)",5,10,10,10,10,10,10,0,0
2800,conv2d_10,"(0, 2, 16, 25)",21,10,10,10,10,10,0,10,0
2801,conv2d_10,"(0, 1, 25, 22)",6,10,10,10,10,10,0,10,0
2802,conv2d_10,"(1, 0, 5, 18)",28,10,10,10,10,10,0,10,0
2803,conv2d_10,"(2, 0, 15, 2)",17,10,10,10,10,10,0,10,0
2804,conv2d_10,"(0, 2, 31, 1)",14,10,10,10,10,10,0,10,0
2805,conv2d_10,"(1, 2, 14, 15)",13,10,10,10,10,10,0,10,0
2806,conv2d_10,"(1, 0, 0, 9)",1,10,10,10,10,10,0,10,0
2807,conv2d_10,"(1, 2, 28, 30)",12,10,10,10,10,10,0,10,0
2808,conv2d_10,"(2, 2, 11, 26)",25,10,10,10,10,10,0,10,0
2809,conv2d_10,"(2, 1, 16, 24)",16,10,10,10,10,10,0,10,0
2810,conv2d_10,"(1, 0, 23, 27)",20,10,10,10,10,10,0,10,0
2811,conv2d_10,"(2, 0, 4, 22)",20,10,10,10,10,10,0,10,0
2812,conv2d_10,"(0, 2, 8, 15)",30,10,2,5,2,5,0,2,8
2813,conv2d_10,"(2, 0, 6, 20)",22,10,10,10,10,10,0,10,0
2814,conv2d_10,"(1, 2, 29, 14)",3,10,10,10,10,10,0,10,0
2815,conv2d_10,"(1, 2, 28, 29)",27,10,10,10,10,10,0,10,0
2816,conv2d_10,"(0, 2, 10, 4)",28,10,10,10,10,10,0,10,0
2817,conv2d_10,"(1, 2, 22, 3)",9,10,10,10,10,10,0,10,0
2818,conv2d_10,"(0, 2, 22, 4)",17,10,10,10,10,10,0,10,0
2819,conv2d_10,"(2, 2, 1, 16)",31,10,10,10,10,10,0,10,0
2820,conv2d_10,"(1, 0, 8, 27)",28,10,10,10,10,10,0,10,0
2821,conv2d_10,"(1, 0, 19, 19)",26,10,10,10,10,10,0,10,0
2822,conv2d_10,"(0, 2, 20, 9)",3,10,10,10,10,10,0,10,0
2823,conv2d_10,"(0, 2, 7, 22)",4,10,10,10,10,10,0,10,0
2824,conv2d_10,"(2, 0, 10, 26)",15,10,10,10,10,10,0,10,0
2825,conv2d_10,"(0, 2, 11, 11)",31,10,10,10,10,10,0,10,0
2826,conv2d_10,"(0, 0, 21, 7)",25,10,10,10,10,10,10,0,0
2827,conv2d_10,"(1, 2, 26, 24)",30,10,0,5,0,5,0,0,10
2828,conv2d_10,"(0, 0, 21, 8)",19,10,10,10,10,10,10,0,0
2829,conv2d_10,"(2, 1, 11, 22)",16,10,10,10,10,10,0,10,0
2830,conv2d_10,"(0, 1, 5, 31)",25,10,10,10,10,10,0,10,0
2831,conv2d_10,"(1, 2, 14, 12)",5,10,10,10,10,10,0,10,0
2832,conv2d_10,"(0, 2, 28, 21)",16,10,10,10,10,10,0,10,0
2833,conv2d_10,"(2, 0, 3, 1)",23,10,10,10,10,10,0,10,0
2834,conv2d_10,"(0, 2, 10, 6)",0,10,10,10,10,10,0,10,0
2835,conv2d_10,"(1, 1, 20, 0)",1,10,10,10,10,10,0,10,0
2836,conv2d_10,"(0, 0, 4, 23)",31,10,10,10,10,10,0,10,0
2837,conv2d_10,"(1, 0, 13, 11)",9,10,10,10,10,10,10,0,0
2838,conv2d_10,"(1, 2, 11, 23)",11,10,10,10,10,10,0,10,0
2839,conv2d_10,"(0, 2, 28, 9)",2,10,10,10,10,10,0,10,0
2840,conv2d_10,"(1, 0, 19, 7)",22,10,10,10,10,10,0,10,0
2841,conv2d_10,"(0, 1, 10, 11)",12,10,10,10,10,10,0,10,0
2842,conv2d_10,"(1, 2, 21, 9)",24,10,10,10,10,10,10,0,0
2843,conv2d_10,"(2, 2, 7, 28)",4,10,10,10,10,10,0,10,0
2844,conv2d_10,"(1, 0, 15, 21)",15,10,10,10,10,10,0,10,0
2845,conv2d_10,"(1, 0, 12, 31)",22,10,10,10,10,10,0,10,0
2846,conv2d_10,"(2, 2, 30, 3)",6,10,10,10,10,10,0,10,0
2847,conv2d_10,"(2, 2, 20, 5)",25,10,10,10,10,10,0,10,0
2848,conv2d_10,"(1, 0, 18, 12)",28,10,10,10,10,10,0,10,0
2849,conv2d_10,"(2, 1, 18, 12)",25,10,10,10,10,10,0,10,0
2850,conv2d_10,"(0, 1, 24, 27)",1,10,10,10,10,10,10,0,0
2851,conv2d_10,"(1, 2, 6, 31)",30,10,0,4,0,4,0,0,10
2852,conv2d_10,"(1, 1, 19, 24)",3,10,10,10,10,10,0,10,0
2853,conv2d_10,"(0, 1, 12, 2)",11,10,10,10,10,10,0,10,0
2854,conv2d_10,"(2, 0, 3, 20)",3,10,10,10,10,10,0,10,0
2855,conv2d_10,"(0, 1, 24, 19)",3,10,10,10,10,10,0,10,0
2856,conv2d_10,"(2, 1, 11, 27)",2,10,10,10,10,10,0,10,0
2857,conv2d_10,"(1, 0, 6, 13)",14,10,10,10,10,10,0,10,0
2858,conv2d_10,"(2, 0, 4, 20)",31,10,10,10,10,10,0,10,0
2859,conv2d_10,"(0, 1, 0, 13)",13,10,10,10,10,10,0,10,0
2860,conv2d_10,"(0, 0, 18, 7)",21,10,10,10,10,10,0,10,0
2861,conv2d_10,"(0, 1, 24, 11)",25,10,10,10,10,10,0,10,0
2862,conv2d_10,"(0, 2, 9, 2)",15,10,10,10,10,10,0,10,0
2863,conv2d_10,"(2, 2, 27, 16)",19,10,10,10,10,10,0,10,0
2864,conv2d_10,"(1, 2, 17, 13)",0,10,10,10,10,10,6,4,0
2865,conv2d_10,"(1, 1, 26, 26)",12,10,10,10,10,10,0,10,0
2866,conv2d_10,"(2, 0, 16, 31)",25,10,10,10,10,10,0,10,0
2867,conv2d_10,"(0, 2, 28, 2)",14,10,10,10,10,10,0,10,0
2868,conv2d_10,"(0, 0, 7, 4)",31,10,10,10,10,10,0,10,0
2869,conv2d_10,"(2, 1, 11, 4)",10,10,10,10,10,10,0,10,0
2870,conv2d_10,"(1, 2, 25, 16)",18,10,10,10,10,10,0,10,0
2871,conv2d_10,"(0, 0, 16, 18)",25,10,10,10,10,10,0,10,0
2872,conv2d_10,"(2, 1, 5, 12)",12,10,10,10,10,10,0,10,0
2873,conv2d_10,"(1, 1, 2, 8)",6,10,10,10,10,10,0,10,0
2874,conv2d_10,"(0, 1, 14, 7)",11,10,10,10,10,10,0,10,0
2875,conv2d_10,"(0, 1, 4, 5)",23,10,10,10,10,10,0,10,0
2876,conv2d_10,"(1, 2, 9, 28)",2,10,10,10,10,10,0,10,0
2877,conv2d_10,"(2, 1, 13, 12)",2,10,10,10,10,10,10,0,0
2878,conv2d_10,"(1, 1, 9, 0)",11,10,10,10,10,10,0,10,0
2879,conv2d_10,"(0, 2, 29, 22)",3,10,10,10,10,10,0,10,0
2880,conv2d_10,"(0, 1, 24, 25)",4,10,10,10,10,10,1,9,0
2881,conv2d_10,"(2, 0, 11, 14)",21,10,10,10,10,10,0,10,0
2882,conv2d_10,"(1, 0, 1, 28)",15,10,10,10,10,10,0,10,0
2883,conv2d_11,"(0, 2, 10, 18)",20,10,10,10,10,10,0,10,0
2884,conv2d_11,"(2, 0, 7, 3)",26,10,10,10,10,10,0,10,0
2885,conv2d_11,"(2, 1, 10, 1)",23,10,10,10,10,10,0,10,0
2886,conv2d_11,"(0, 2, 9, 2)",14,10,10,10,10,10,0,10,0
2887,conv2d_11,"(0, 2, 24, 0)",3,10,10,10,10,10,0,10,0
2888,conv2d_11,"(0, 2, 7, 24)",2,10,10,10,10,10,0,10,0
2889,conv2d_11,"(2, 1, 1, 4)",24,10,10,10,10,10,0,10,0
2890,conv2d_11,"(1, 2, 24, 18)",15,10,10,10,10,10,0,10,0
2891,conv2d_11,"(1, 2, 16, 31)",29,10,10,10,10,10,10,0,0
2892,conv2d_11,"(1, 2, 9, 30)",23,10,10,10,10,10,0,10,0
2893,conv2d_11,"(1, 2, 9, 14)",11,10,10,10,10,10,0,10,0
2894,conv2d_11,"(0, 1, 16, 24)",1,10,10,10,10,10,2,8,0
2895,conv2d_11,"(0, 0, 19, 27)",29,10,10,10,10,10,0,10,0
2896,conv2d_11,"(1, 0, 14, 26)",22,10,10,10,10,10,0,10,0
2897,conv2d_11,"(1, 1, 25, 13)",29,10,10,10,10,10,0,10,0
2898,conv2d_11,"(1, 1, 28, 28)",23,10,10,10,10,10,0,10,0
2899,conv2d_11,"(2, 1, 20, 21)",8,10,10,10,10,10,0,10,0
2900,conv2d_11,"(0, 2, 15, 13)",12,10,10,10,10,10,0,10,0
2901,conv2d_11,"(1, 2, 23, 12)",26,10,10,10,10,10,0,10,0
2902,conv2d_11,"(0, 1, 19, 23)",9,10,10,10,10,10,0,10,0
2903,conv2d_11,"(2, 2, 6, 30)",28,10,10,10,10,10,0,10,0
2904,conv2d_11,"(0, 0, 26, 19)",13,10,10,10,10,10,0,10,0
2905,conv2d_11,"(2, 1, 10, 21)",27,10,10,10,10,10,0,10,0
2906,conv2d_11,"(0, 2, 28, 11)",13,10,10,10,10,10,0,10,0
2907,conv2d_11,"(1, 2, 11, 24)",9,10,10,10,10,10,0,10,0
2908,conv2d_11,"(0, 1, 12, 25)",20,10,10,10,10,10,0,10,0
2909,conv2d_11,"(2, 0, 15, 29)",31,10,10,10,10,10,0,10,0
2910,conv2d_11,"(2, 0, 2, 20)",4,10,10,10,10,10,0,10,0
2911,conv2d_11,"(0, 0, 1, 5)",21,10,10,10,10,10,0,10,0
2912,conv2d_11,"(1, 0, 20, 5)",9,10,10,10,10,10,0,10,0
2913,conv2d_11,"(0, 1, 19, 13)",20,10,10,10,10,10,0,10,0
2914,conv2d_11,"(1, 2, 30, 28)",11,10,10,10,10,10,0,10,0
2915,conv2d_11,"(0, 2, 19, 18)",10,10,10,10,10,10,0,10,0
2916,conv2d_11,"(1, 0, 10, 9)",26,10,10,10,10,10,0,10,0
2917,conv2d_11,"(2, 1, 30, 10)",15,10,10,10,10,10,0,10,0
2918,conv2d_11,"(1, 0, 9, 7)",2,10,10,10,10,10,0,10,0
2919,conv2d_11,"(1, 1, 24, 8)",30,10,2,6,2,6,0,2,8
2920,conv2d_11,"(2, 2, 1, 10)",23,10,10,10,10,10,0,10,0
2921,conv2d_11,"(1, 0, 11, 28)",31,10,10,10,10,10,0,10,0
2922,conv2d_11,"(0, 1, 21, 22)",4,10,10,10,10,10,1,9,0
2923,conv2d_11,"(2, 1, 8, 11)",25,10,10,10,10,10,0,10,0
2924,conv2d_11,"(2, 0, 7, 9)",20,10,10,10,10,10,0,10,0
2925,conv2d_11,"(1, 2, 5, 18)",31,10,10,10,10,10,0,10,0
2926,conv2d_11,"(0, 1, 26, 1)",16,10,10,10,10,10,0,10,0
2927,conv2d_11,"(2, 0, 17, 12)",31,10,10,10,10,10,0,10,0
2928,conv2d_11,"(0, 2, 10, 20)",15,10,10,10,10,10,0,10,0
2929,conv2d_11,"(1, 1, 16, 19)",21,10,10,10,10,10,0,10,0
2930,conv2d_11,"(2, 2, 17, 2)",29,10,10,10,10,10,0,10,0
2931,conv2d_11,"(2, 0, 21, 5)",8,10,10,10,10,10,0,10,0
2932,conv2d_11,"(1, 1, 1, 0)",12,10,10,10,10,10,0,10,0
2933,conv2d_11,"(1, 0, 24, 30)",17,10,10,10,10,10,0,10,0
2934,conv2d_11,"(1, 2, 21, 24)",27,10,10,10,10,10,0,10,0
2935,conv2d_11,"(0, 1, 21, 26)",16,10,10,10,10,10,0,10,0
2936,conv2d_11,"(1, 1, 31, 12)",5,10,10,10,10,10,0,10,0
2937,conv2d_11,"(2, 1, 5, 28)",7,10,10,10,10,10,0,10,0
2938,conv2d_11,"(0, 0, 8, 1)",4,10,10,10,10,10,0,10,0
2939,conv2d_11,"(0, 0, 23, 11)",15,10,10,10,10,10,0,10,0
2940,conv2d_11,"(0, 2, 4, 5)",0,10,10,10,10,10,1,9,0
2941,conv2d_11,"(0, 2, 4, 21)",29,10,10,10,10,10,0,10,0
2942,conv2d_11,"(2, 0, 6, 21)",3,10,10,10,10,10,0,10,0
2943,conv2d_11,"(2, 0, 12, 8)",11,10,10,10,10,10,0,10,0
2944,conv2d_11,"(0, 1, 5, 5)",14,10,10,10,10,10,0,10,0
2945,conv2d_11,"(2, 0, 3, 13)",24,10,10,10,10,10,0,10,0
2946,conv2d_11,"(1, 0, 12, 20)",31,10,10,10,10,10,0,10,0
2947,conv2d_11,"(1, 2, 30, 11)",3,10,10,10,10,10,0,10,0
2948,conv2d_11,"(2, 0, 11, 28)",5,10,10,10,10,10,0,10,0
2949,conv2d_11,"(1, 0, 12, 11)",12,10,10,10,10,10,0,10,0
2950,conv2d_11,"(0, 0, 4, 7)",20,10,10,10,10,10,0,10,0
2951,conv2d_11,"(1, 2, 10, 14)",18,10,10,10,10,10,0,10,0
2952,conv2d_11,"(0, 1, 18, 26)",16,10,10,10,10,10,0,10,0
2953,conv2d_11,"(2, 0, 15, 22)",16,10,10,10,10,10,0,10,0
2954,conv2d_11,"(0, 0, 10, 18)",4,10,10,10,10,10,0,10,0
2955,conv2d_11,"(2, 0, 22, 31)",27,10,10,10,10,10,10,0,0
2956,conv2d_11,"(0, 2, 28, 5)",5,10,10,10,10,10,0,10,0
2957,conv2d_11,"(2, 2, 23, 20)",4,10,10,10,10,10,0,10,0
2958,conv2d_11,"(1, 1, 20, 16)",30,10,0,4,0,4,0,0,10
2959,conv2d_11,"(1, 1, 31, 23)",20,10,10,10,10,10,0,10,0
2960,conv2d_11,"(2, 0, 14, 12)",2,10,10,10,10,10,0,10,0
2961,conv2d_11,"(1, 1, 26, 22)",20,10,10,10,10,10,0,10,0
2962,conv2d_11,"(1, 1, 29, 25)",9,10,10,10,10,10,0,10,0
2963,conv2d_11,"(1, 0, 24, 9)",8,10,10,10,10,10,0,10,0
2964,conv2d_11,"(2, 0, 24, 20)",25,10,10,10,10,10,0,10,0
2965,conv2d_11,"(1, 2, 0, 23)",11,10,10,10,10,10,0,10,0
2966,conv2d_11,"(0, 0, 11, 9)",1,10,10,10,10,10,7,3,0
2967,conv2d_11,"(0, 1, 30, 25)",21,10,10,10,10,10,0,10,0
2968,conv2d_11,"(1, 1, 1, 12)",10,10,10,10,10,10,0,10,0
2969,conv2d_11,"(0, 0, 17, 19)",31,10,10,10,10,10,0,10,0
2970,conv2d_11,"(1, 0, 27, 31)",31,10,10,10,10,10,10,0,0
2971,conv2d_11,"(0, 0, 22, 3)",20,10,10,10,10,10,0,10,0
2972,conv2d_11,"(0, 0, 18, 30)",31,10,10,10,10,10,0,10,0
2973,conv2d_11,"(1, 0, 26, 13)",19,10,10,10,10,10,0,10,0
2974,conv2d_11,"(2, 1, 21, 10)",27,10,10,10,10,10,0,10,0
2975,conv2d_11,"(2, 1, 8, 7)",21,10,10,10,10,10,0,10,0
2976,conv2d_11,"(1, 2, 8, 23)",30,10,3,7,3,7,0,3,7
2977,conv2d_11,"(1, 1, 1, 4)",26,10,10,10,10,10,0,10,0
2978,conv2d_11,"(1, 2, 13, 15)",14,10,10,10,10,10,0,10,0
2979,conv2d_11,"(1, 2, 30, 20)",21,10,10,10,10,10,0,10,0
2980,conv2d_11,"(0, 1, 12, 21)",14,10,10,10,10,10,0,10,0
2981,conv2d_11,"(1, 2, 15, 15)",30,10,0,4,0,4,0,0,10
2982,conv2d_11,"(2, 0, 20, 1)",24,10,10,10,10,10,0,10,0
2983,conv2d_11,"(0, 2, 20, 9)",31,10,10,10,10,10,0,10,0
2984,conv2d_11,"(0, 1, 17, 29)",24,10,10,10,10,10,0,10,0
2985,conv2d_11,"(2, 0, 17, 12)",23,10,10,10,10,10,0,10,0
2986,conv2d_11,"(0, 0, 30, 3)",0,10,10,10,10,10,10,0,0
2987,conv2d_11,"(2, 1, 22, 20)",9,10,10,10,10,10,0,10,0
2988,conv2d_11,"(1, 1, 20, 17)",12,10,10,10,10,10,0,10,0
2989,conv2d_11,"(1, 2, 7, 12)",3,10,10,10,10,10,0,10,0
2990,conv2d_11,"(0, 1, 18, 12)",27,10,10,10,10,10,0,10,0
2991,conv2d_11,"(1, 0, 19, 0)",9,10,10,10,10,10,0,10,0
2992,conv2d_11,"(0, 2, 1, 18)",26,10,10,10,10,10,0,10,0
2993,conv2d_11,"(1, 0, 23, 5)",28,10,10,10,10,10,0,10,0
2994,conv2d_11,"(2, 1, 10, 24)",20,10,10,10,10,10,0,10,0
2995,conv2d_11,"(1, 1, 17, 6)",12,10,10,10,10,10,0,10,0
2996,conv2d_11,"(0, 2, 18, 29)",8,10,10,10,10,10,0,10,0
2997,conv2d_11,"(0, 0, 1, 20)",20,10,10,10,10,10,0,10,0
2998,conv2d_11,"(0, 1, 23, 30)",24,10,10,10,10,10,0,10,0
2999,conv2d_11,"(2, 1, 27, 1)",25,10,10,10,10,10,0,10,0
3000,conv2d_11,"(2, 0, 20, 11)",18,10,10,10,10,10,0,10,0
3001,conv2d_11,"(2, 0, 2, 20)",8,10,10,10,10,10,0,10,0
3002,conv2d_11,"(0, 0, 4, 31)",9,10,10,10,10,10,10,0,0
3003,conv2d_11,"(2, 0, 10, 6)",5,10,10,10,10,10,0,10,0
3004,conv2d_11,"(1, 0, 22, 23)",26,10,10,10,10,10,0,10,0
3005,conv2d_11,"(1, 1, 4, 21)",3,10,10,10,10,10,5,5,0
3006,conv2d_11,"(2, 0, 25, 26)",5,10,10,10,10,10,0,10,0
3007,conv2d_11,"(0, 0, 28, 13)",16,10,10,10,10,10,0,10,0
3008,conv2d_11,"(0, 2, 15, 14)",1,10,10,10,10,10,0,10,0
3009,conv2d_11,"(1, 0, 14, 3)",2,10,10,10,10,10,0,10,0
3010,conv2d_11,"(0, 0, 14, 14)",20,10,10,10,10,10,0,10,0
3011,conv2d_11,"(2, 2, 24, 20)",25,10,10,10,10,10,0,10,0
3012,conv2d_11,"(1, 0, 18, 1)",26,10,10,10,10,10,0,10,0
3013,conv2d_11,"(0, 2, 2, 4)",2,10,10,10,10,10,0,10,0
3014,conv2d_11,"(2, 1, 14, 13)",0,10,10,10,10,10,1,9,0
3015,conv2d_11,"(2, 1, 5, 22)",10,10,10,10,10,10,0,10,0
3016,conv2d_11,"(0, 2, 13, 25)",0,10,10,10,10,10,0,10,0
3017,conv2d_11,"(2, 1, 17, 18)",24,10,10,10,10,10,0,10,0
3018,conv2d_11,"(2, 1, 12, 10)",21,10,10,10,10,10,0,10,0
3019,conv2d_11,"(1, 1, 20, 12)",7,10,10,10,10,10,0,10,0
3020,conv2d_11,"(0, 1, 28, 18)",25,10,10,10,10,10,0,10,0
3021,conv2d_11,"(0, 0, 11, 13)",24,10,10,10,10,10,0,10,0
3022,conv2d_11,"(0, 2, 13, 6)",19,10,10,10,10,10,0,10,0
3023,conv2d_11,"(1, 1, 19, 13)",3,10,10,10,10,10,0,10,0
3024,conv2d_11,"(0, 2, 16, 14)",1,10,10,10,10,10,1,9,0
3025,conv2d_11,"(0, 0, 0, 19)",21,10,10,10,10,10,0,10,0
3026,conv2d_11,"(2, 1, 31, 13)",20,10,10,10,10,10,0,10,0
3027,conv2d_11,"(2, 0, 25, 29)",31,10,10,10,10,10,0,10,0
3028,conv2d_11,"(2, 0, 18, 30)",4,10,10,10,10,10,0,10,0
3029,conv2d_11,"(0, 2, 0, 6)",3,10,10,10,10,10,1,9,0
3030,conv2d_11,"(0, 1, 17, 0)",28,10,10,10,10,10,0,10,0
3031,conv2d_11,"(0, 0, 10, 24)",23,10,10,10,10,10,0,10,0
3032,conv2d_11,"(1, 2, 12, 13)",23,10,10,10,10,10,0,10,0
3033,conv2d_11,"(1, 2, 17, 4)",1,10,10,10,10,10,10,0,0
3034,conv2d_11,"(0, 1, 2, 19)",9,10,10,10,10,10,0,10,0
3035,conv2d_11,"(0, 0, 29, 16)",1,10,10,10,10,10,2,8,0
3036,conv2d_11,"(0, 0, 11, 30)",5,10,10,10,10,10,0,10,0
3037,conv2d_11,"(2, 2, 29, 15)",17,10,10,10,10,10,0,10,0
3038,conv2d_11,"(2, 2, 1, 17)",30,10,1,6,1,6,0,1,9
3039,conv2d_11,"(0, 0, 9, 4)",25,10,10,10,10,10,0,10,0
3040,conv2d_11,"(0, 1, 1, 24)",27,10,10,10,10,10,0,10,0
3041,conv2d_11,"(0, 0, 26, 29)",2,10,10,10,10,10,0,10,0
3042,conv2d_11,"(2, 1, 17, 4)",30,10,0,4,0,4,0,0,10
3043,conv2d_11,"(0, 2, 17, 12)",17,10,10,10,10,10,0,10,0
3044,conv2d_11,"(2, 1, 15, 12)",0,10,10,10,10,10,1,9,0
3045,conv2d_11,"(2, 2, 27, 2)",31,10,10,10,10,10,0,10,0
3046,conv2d_11,"(1, 1, 3, 14)",5,10,10,10,10,10,0,10,0
3047,conv2d_11,"(1, 2, 29, 23)",10,10,10,10,10,10,0,10,0
3048,conv2d_11,"(2, 2, 23, 23)",9,10,10,10,10,10,0,10,0
3049,conv2d_11,"(1, 0, 22, 20)",25,10,10,10,10,10,0,10,0
3050,conv2d_11,"(1, 1, 29, 23)",9,10,10,10,10,10,0,10,0
3051,conv2d_11,"(1, 1, 26, 31)",5,10,10,10,10,10,10,0,0
3052,conv2d_11,"(1, 1, 8, 16)",29,10,10,10,10,10,0,10,0
3053,conv2d_11,"(0, 1, 10, 28)",9,10,10,10,10,10,0,10,0
3054,conv2d_11,"(2, 0, 10, 21)",13,10,10,10,10,10,0,10,0
3055,conv2d_11,"(1, 0, 5, 25)",2,10,10,10,10,10,9,1,0
3056,conv2d_11,"(1, 2, 0, 6)",10,10,10,10,10,10,0,10,0
3057,conv2d_11,"(1, 0, 21, 14)",20,10,10,10,10,10,0,10,0
3058,conv2d_11,"(2, 2, 25, 23)",25,10,10,10,10,10,0,10,0
3059,conv2d_11,"(2, 1, 22, 14)",6,10,10,10,10,10,0,10,0
3060,conv2d_11,"(0, 2, 29, 14)",12,10,10,10,10,10,0,10,0
3061,conv2d_11,"(1, 0, 6, 0)",4,10,10,10,10,10,0,10,0
3062,conv2d_11,"(1, 1, 15, 19)",13,10,10,10,10,10,0,10,0
3063,conv2d_11,"(0, 0, 12, 6)",1,10,10,10,10,10,3,7,0
3064,conv2d_11,"(0, 0, 7, 18)",4,10,10,10,10,10,3,7,0
3065,conv2d_11,"(1, 0, 16, 4)",27,10,10,10,10,10,0,10,0
3066,conv2d_11,"(0, 2, 25, 22)",19,10,10,10,10,10,0,10,0
3067,conv2d_11,"(1, 0, 24, 21)",19,10,10,10,10,10,0,10,0
3068,conv2d_11,"(2, 2, 30, 27)",2,10,10,10,10,10,0,10,0
3069,conv2d_11,"(1, 1, 2, 31)",22,10,10,10,10,10,10,0,0
3070,conv2d_11,"(2, 1, 16, 1)",24,10,10,10,10,10,0,10,0
3071,conv2d_11,"(2, 2, 27, 6)",22,10,10,10,10,10,0,10,0
3072,conv2d_11,"(1, 0, 1, 31)",31,10,10,10,10,10,10,0,0
3073,conv2d_11,"(1, 2, 30, 5)",5,10,10,10,10,10,0,10,0
3074,conv2d_11,"(2, 2, 15, 5)",6,10,10,10,10,10,0,10,0
3075,conv2d_11,"(2, 1, 24, 29)",15,10,10,10,10,10,0,10,0
3076,conv2d_11,"(1, 1, 2, 30)",28,10,10,10,10,10,0,10,0
3077,conv2d_11,"(0, 0, 26, 13)",8,10,10,10,10,10,0,10,0
3078,conv2d_11,"(0, 2, 28, 1)",11,10,10,10,10,10,0,10,0
3079,conv2d_11,"(2, 2, 17, 29)",24,10,10,10,10,10,0,10,0
3080,conv2d_11,"(2, 0, 16, 3)",31,10,10,10,10,10,0,10,0
3081,conv2d_11,"(1, 0, 28, 11)",2,10,10,10,10,10,0,10,0
3082,conv2d_11,"(1, 0, 21, 18)",9,10,10,10,10,10,1,9,0
3083,conv2d_11,"(1, 1, 12, 4)",15,10,10,10,10,10,0,10,0
3084,conv2d_11,"(2, 2, 24, 0)",11,10,10,10,10,10,0,10,0
3085,conv2d_11,"(1, 0, 2, 24)",14,10,10,10,10,10,0,10,0
3086,conv2d_11,"(0, 2, 31, 21)",28,10,10,10,10,10,0,10,0
3087,conv2d_11,"(0, 0, 6, 7)",8,10,10,10,10,10,0,10,0
3088,conv2d_11,"(1, 1, 28, 1)",27,10,10,10,10,10,0,10,0
3089,conv2d_11,"(2, 2, 23, 1)",6,10,10,10,10,10,0,10,0
3090,conv2d_11,"(0, 1, 30, 26)",27,10,10,10,10,10,0,10,0
3091,conv2d_11,"(0, 0, 4, 27)",16,10,10,10,10,10,0,10,0
3092,conv2d_11,"(1, 2, 30, 22)",15,10,10,10,10,10,0,10,0
3093,conv2d_11,"(0, 0, 7, 8)",5,10,10,10,10,10,0,10,0
3094,conv2d_11,"(1, 2, 12, 11)",23,10,10,10,10,10,0,10,0
3095,conv2d_11,"(0, 2, 30, 16)",11,10,10,10,10,10,0,10,0
3096,conv2d_11,"(2, 0, 7, 26)",14,10,10,10,10,10,0,10,0
3097,conv2d_11,"(1, 0, 9, 12)",25,10,10,10,10,10,0,10,0
3098,conv2d_11,"(0, 2, 23, 0)",0,10,10,10,10,10,0,10,0
3099,conv2d_11,"(2, 2, 17, 7)",0,10,10,10,10,10,2,8,0
3100,conv2d_11,"(1, 0, 8, 19)",30,10,0,5,0,5,0,0,10
3101,conv2d_11,"(2, 1, 12, 13)",30,10,2,8,2,8,0,2,8
3102,conv2d_11,"(0, 0, 13, 30)",24,10,10,10,10,10,0,10,0
3103,conv2d_11,"(2, 0, 9, 4)",9,10,10,10,10,10,0,10,0
3104,conv2d_11,"(2, 0, 30, 4)",10,10,10,10,10,10,0,10,0
3105,conv2d_11,"(2, 1, 26, 15)",14,10,10,10,10,10,0,10,0
3106,conv2d_11,"(0, 1, 26, 16)",2,10,10,10,10,10,2,8,0
3107,conv2d_11,"(0, 0, 25, 20)",23,10,10,10,10,10,0,10,0
3108,conv2d_11,"(2, 0, 28, 25)",8,10,10,10,10,10,0,10,0
3109,conv2d_11,"(2, 2, 26, 30)",10,10,10,10,10,10,0,10,0
3110,conv2d_11,"(1, 0, 18, 15)",27,10,10,10,10,10,0,10,0
3111,conv2d_11,"(0, 2, 26, 1)",5,10,10,10,10,10,0,10,0
3112,conv2d_11,"(1, 1, 2, 9)",25,10,10,10,10,10,0,10,0
3113,conv2d_11,"(2, 1, 29, 17)",19,10,10,10,10,10,0,10,0
3114,conv2d_11,"(1, 2, 19, 20)",31,10,10,10,10,10,0,10,0
3115,conv2d_11,"(1, 1, 8, 24)",5,10,10,10,10,10,0,10,0
3116,conv2d_11,"(2, 2, 21, 31)",4,10,10,10,10,10,10,0,0
3117,conv2d_11,"(1, 1, 17, 16)",14,10,10,10,10,10,0,10,0
3118,conv2d_11,"(0, 2, 20, 20)",12,10,10,10,10,10,0,10,0
3119,conv2d_11,"(0, 1, 19, 22)",26,10,10,10,10,10,0,10,0
3120,conv2d_11,"(2, 1, 16, 17)",12,10,10,10,10,10,0,10,0
3121,conv2d_11,"(0, 2, 18, 8)",23,10,10,10,10,10,0,10,0
3122,conv2d_11,"(1, 2, 13, 20)",11,10,10,10,10,10,0,10,0
3123,conv2d_11,"(2, 0, 18, 7)",13,10,10,10,10,10,0,10,0
3124,conv2d_11,"(2, 1, 11, 21)",23,10,10,10,10,10,0,10,0
3125,conv2d_11,"(1, 2, 25, 15)",17,10,10,10,10,10,0,10,0
3126,conv2d_11,"(0, 1, 21, 29)",4,10,10,10,10,10,0,10,0
3127,conv2d_11,"(1, 2, 7, 16)",25,10,10,10,10,10,0,10,0
3128,conv2d_11,"(0, 1, 4, 0)",31,10,10,10,10,10,0,10,0
3129,conv2d_11,"(2, 2, 17, 29)",26,10,10,10,10,10,0,10,0
3130,conv2d_11,"(0, 1, 17, 12)",31,10,10,10,10,10,0,10,0
3131,conv2d_11,"(1, 1, 30, 6)",20,10,10,10,10,10,0,10,0
3132,conv2d_11,"(0, 0, 8, 7)",23,10,10,10,10,10,0,10,0
3133,conv2d_11,"(0, 1, 2, 3)",6,10,10,10,10,10,0,10,0
3134,conv2d_11,"(0, 2, 8, 17)",27,10,10,10,10,10,0,10,0
3135,conv2d_11,"(2, 2, 2, 13)",3,10,10,10,10,10,2,8,0
3136,conv2d_11,"(1, 2, 7, 0)",17,10,10,10,10,10,0,10,0
3137,conv2d_11,"(0, 0, 27, 18)",14,10,10,10,10,10,0,10,0
3138,conv2d_11,"(0, 0, 22, 17)",1,10,10,10,10,10,9,1,0
3139,conv2d_11,"(0, 1, 14, 20)",13,10,10,10,10,10,0,10,0
3140,conv2d_11,"(0, 2, 10, 1)",17,10,10,10,10,10,0,10,0
3141,conv2d_11,"(0, 0, 7, 31)",26,10,10,10,10,10,10,0,0
3142,conv2d_11,"(1, 2, 15, 14)",10,10,10,10,10,10,0,10,0
3143,conv2d_11,"(1, 0, 14, 11)",0,10,10,10,10,10,9,1,0
3144,conv2d_11,"(1, 2, 19, 15)",24,10,10,10,10,10,0,10,0
3145,conv2d_11,"(0, 0, 13, 28)",5,10,10,10,10,10,0,10,0
3146,conv2d_11,"(1, 0, 28, 26)",24,10,10,10,10,10,0,10,0
3147,conv2d_11,"(2, 1, 1, 24)",13,10,10,10,10,10,0,10,0
3148,conv2d_11,"(2, 1, 27, 31)",20,10,10,10,10,10,10,0,0
3149,conv2d_11,"(2, 2, 31, 1)",24,10,10,10,10,10,0,10,0
3150,conv2d_11,"(1, 0, 13, 28)",4,10,10,10,10,10,0,10,0
3151,conv2d_11,"(1, 0, 10, 24)",13,10,10,10,10,10,0,10,0
3152,conv2d_11,"(1, 1, 22, 20)",15,10,10,10,10,10,0,10,0
3153,conv2d_11,"(1, 2, 14, 18)",30,10,2,6,2,6,0,2,8
3154,conv2d_11,"(2, 2, 15, 1)",4,10,10,10,10,10,0,10,0
3155,conv2d_11,"(1, 2, 1, 28)",22,10,10,10,10,10,0,10,0
3156,conv2d_11,"(0, 1, 24, 23)",27,10,10,10,10,10,0,10,0
3157,conv2d_11,"(0, 1, 27, 28)",16,10,10,10,10,10,0,10,0
3158,conv2d_11,"(1, 1, 14, 22)",16,10,10,10,10,10,0,10,0
3159,conv2d_11,"(0, 0, 10, 30)",12,10,10,10,10,10,0,10,0
3160,conv2d_11,"(1, 0, 24, 2)",14,10,10,10,10,10,0,10,0
3161,conv2d_11,"(0, 2, 10, 5)",3,10,10,10,10,10,0,10,0
3162,conv2d_11,"(2, 1, 5, 16)",28,10,10,10,10,10,0,10,0
3163,conv2d_11,"(0, 1, 18, 9)",17,10,10,10,10,10,0,10,0
3164,conv2d_11,"(1, 1, 14, 11)",10,10,10,10,10,10,0,10,0
3165,conv2d_11,"(0, 2, 14, 4)",3,10,10,10,10,10,0,10,0
3166,conv2d_11,"(2, 1, 18, 11)",27,10,10,10,10,10,0,10,0
3167,conv2d_11,"(0, 0, 15, 10)",4,10,10,10,10,10,0,10,0
3168,conv2d_11,"(1, 0, 6, 4)",7,10,10,10,10,10,0,10,0
3169,conv2d_11,"(2, 0, 23, 29)",9,10,10,10,10,10,0,10,0
3170,conv2d_11,"(0, 1, 15, 11)",10,10,10,10,10,10,0,10,0
3171,conv2d_11,"(2, 2, 1, 17)",3,10,10,10,10,10,0,10,0
3172,conv2d_11,"(0, 0, 8, 25)",30,10,0,5,0,5,0,0,10
3173,conv2d_11,"(0, 2, 8, 9)",23,10,10,10,10,10,0,10,0
3174,conv2d_11,"(0, 1, 29, 17)",11,10,10,10,10,10,0,10,0
3175,conv2d_11,"(0, 2, 15, 7)",2,10,10,10,10,10,0,10,0
3176,conv2d_11,"(0, 0, 24, 4)",18,10,10,10,10,10,0,10,0
3177,conv2d_11,"(2, 1, 31, 29)",25,10,10,10,10,10,0,10,0
3178,conv2d_11,"(2, 2, 22, 29)",25,10,10,10,10,10,0,10,0
3179,conv2d_11,"(0, 2, 26, 16)",31,10,10,10,10,10,0,10,0
3180,conv2d_11,"(0, 0, 2, 8)",23,10,10,10,10,10,0,10,0
3181,conv2d_11,"(2, 1, 7, 19)",24,10,10,10,10,10,0,10,0
3182,conv2d_11,"(1, 0, 19, 24)",20,10,10,10,10,10,0,10,0
3183,conv2d_11,"(0, 0, 12, 31)",27,10,10,10,10,10,10,0,0
3184,conv2d_11,"(2, 2, 28, 9)",8,10,10,10,10,10,0,10,0
3185,conv2d_11,"(0, 0, 25, 19)",1,10,10,10,10,10,0,10,0
3186,conv2d_11,"(1, 1, 28, 14)",25,10,10,10,10,10,0,10,0
3187,conv2d_11,"(1, 0, 29, 29)",29,10,10,10,10,10,0,10,0
3188,conv2d_11,"(0, 0, 26, 8)",9,10,10,10,10,10,0,10,0
3189,conv2d_11,"(1, 0, 18, 6)",22,10,10,10,10,10,0,10,0
3190,conv2d_11,"(2, 1, 24, 29)",4,10,10,10,10,10,0,10,0
3191,conv2d_11,"(2, 2, 22, 18)",30,10,1,6,1,6,0,1,9
3192,conv2d_11,"(0, 1, 30, 2)",21,10,10,10,10,10,0,10,0
3193,conv2d_11,"(2, 0, 19, 12)",0,10,10,10,10,10,10,0,0
3194,conv2d_11,"(2, 2, 9, 6)",17,10,10,10,10,10,0,10,0
3195,conv2d_11,"(2, 0, 1, 3)",23,10,10,10,10,10,0,10,0
3196,conv2d_11,"(1, 1, 28, 1)",29,10,10,10,10,10,0,10,0
3197,conv2d_11,"(1, 1, 20, 22)",3,10,10,10,10,10,0,10,0
3198,conv2d_11,"(1, 1, 28, 7)",2,10,10,10,10,10,4,6,0
3199,conv2d_11,"(1, 1, 9, 4)",28,10,10,10,10,10,0,10,0
3200,conv2d_11,"(0, 0, 9, 17)",5,10,10,10,10,10,0,10,0
3201,conv2d_11,"(1, 0, 17, 24)",2,10,10,10,10,10,0,10,0
3202,conv2d_11,"(0, 0, 19, 2)",12,10,10,10,10,10,0,10,0
3203,conv2d_11,"(1, 0, 12, 26)",27,10,10,10,10,10,0,10,0
3204,conv2d_11,"(0, 0, 13, 16)",10,10,10,10,10,10,0,10,0
3205,conv2d_11,"(2, 1, 16, 2)",4,10,10,10,10,10,1,9,0
3206,conv2d_11,"(0, 2, 29, 14)",31,10,10,10,10,10,0,10,0
3207,conv2d_11,"(2, 1, 5, 7)",21,10,10,10,10,10,0,10,0
3208,conv2d_11,"(1, 2, 30, 23)",21,10,10,10,10,10,0,10,0
3209,conv2d_11,"(2, 2, 9, 20)",17,10,10,10,10,10,0,10,0
3210,conv2d_11,"(0, 1, 14, 15)",30,10,0,4,0,4,0,0,10
3211,conv2d_11,"(2, 1, 21, 17)",31,10,10,10,10,10,0,10,0
3212,conv2d_11,"(2, 1, 3, 25)",16,10,10,10,10,10,0,10,0
3213,conv2d_11,"(2, 0, 9, 6)",14,10,10,10,10,10,0,10,0
3214,conv2d_11,"(0, 0, 29, 15)",23,10,10,10,10,10,0,10,0
3215,conv2d_11,"(1, 2, 25, 26)",21,10,10,10,10,10,0,10,0
3216,conv2d_11,"(0, 0, 5, 19)",30,10,2,5,2,5,0,2,8
3217,conv2d_11,"(0, 1, 20, 4)",25,10,10,10,10,10,0,10,0
3218,conv2d_11,"(1, 1, 9, 27)",1,10,10,10,10,10,1,9,0
3219,conv2d_11,"(0, 1, 23, 21)",15,10,10,10,10,10,0,10,0
3220,conv2d_11,"(1, 2, 31, 31)",13,10,10,10,10,10,10,0,0
3221,conv2d_11,"(0, 1, 27, 25)",15,10,10,10,10,10,0,10,0
3222,conv2d_11,"(0, 2, 21, 10)",20,10,10,10,10,10,0,10,0
3223,conv2d_11,"(0, 0, 5, 24)",5,10,10,10,10,10,0,10,0
3224,conv2d_11,"(2, 1, 9, 0)",31,10,10,10,10,10,0,10,0
3225,conv2d_11,"(0, 0, 9, 5)",30,10,0,4,0,4,0,0,10
3226,conv2d_11,"(0, 1, 2, 11)",23,10,10,10,10,10,0,10,0
3227,conv2d_11,"(0, 0, 5, 22)",19,10,10,10,10,10,0,10,0
3228,conv2d_11,"(0, 2, 6, 21)",5,10,10,10,10,10,0,10,0
3229,conv2d_11,"(0, 0, 0, 2)",25,10,10,10,10,10,0,10,0
3230,conv2d_11,"(1, 2, 6, 31)",18,10,10,10,10,10,10,0,0
3231,conv2d_11,"(0, 0, 18, 4)",29,10,10,10,10,10,0,10,0
3232,conv2d_11,"(2, 2, 10, 16)",6,10,10,10,10,10,2,8,0
3233,conv2d_11,"(2, 1, 14, 31)",2,10,10,10,10,10,10,0,0
3234,conv2d_11,"(2, 0, 21, 25)",30,10,0,4,0,4,0,0,10
3235,conv2d_11,"(2, 1, 22, 28)",18,10,10,10,10,10,0,10,0
3236,conv2d_11,"(0, 1, 26, 25)",20,10,10,10,10,10,0,10,0
3237,conv2d_11,"(1, 0, 15, 13)",9,10,10,10,10,10,0,10,0
3238,conv2d_11,"(0, 2, 5, 2)",7,10,10,10,10,10,0,10,0
3239,conv2d_11,"(1, 0, 6, 9)",9,10,10,10,10,10,0,10,0
3240,conv2d_11,"(1, 2, 18, 4)",20,10,10,10,10,10,0,10,0
3241,conv2d_11,"(1, 1, 30, 15)",7,10,10,10,10,10,0,10,0
3242,conv2d_11,"(1, 2, 13, 19)",2,10,10,10,10,10,0,10,0
3243,conv2d_11,"(1, 0, 10, 23)",22,10,10,10,10,10,0,10,0
3244,conv2d_11,"(0, 1, 3, 4)",24,10,10,10,10,10,0,10,0
3245,conv2d_11,"(1, 2, 31, 11)",25,10,10,10,10,10,0,10,0
3246,conv2d_11,"(0, 1, 28, 20)",27,10,10,10,10,10,0,10,0
3247,conv2d_11,"(0, 0, 11, 20)",16,10,10,10,10,10,0,10,0
3248,conv2d_11,"(1, 1, 5, 26)",9,10,10,10,10,10,0,10,0
3249,conv2d_11,"(0, 2, 8, 2)",31,10,10,10,10,10,0,10,0
3250,conv2d_11,"(2, 0, 12, 17)",26,10,10,10,10,10,0,10,0
3251,conv2d_11,"(2, 1, 0, 2)",21,10,10,10,10,10,0,10,0
3252,conv2d_11,"(0, 0, 21, 23)",30,10,1,7,1,7,0,1,9
3253,conv2d_11,"(0, 1, 13, 12)",17,10,10,10,10,10,0,10,0
3254,conv2d_11,"(1, 2, 12, 25)",2,10,10,10,10,10,0,10,0
3255,conv2d_11,"(2, 1, 18, 29)",2,10,10,10,10,10,1,9,0
3256,conv2d_11,"(0, 1, 21, 18)",4,10,10,10,10,10,0,10,0
3257,conv2d_11,"(1, 2, 26, 30)",14,10,10,10,10,10,0,10,0
3258,conv2d_11,"(1, 1, 14, 20)",19,10,10,10,10,10,0,10,0
3259,conv2d_11,"(2, 2, 14, 2)",16,10,10,10,10,10,0,10,0
3260,conv2d_11,"(0, 2, 16, 25)",14,10,10,10,10,10,0,10,0
3261,conv2d_11,"(1, 0, 14, 2)",25,10,10,10,10,10,0,10,0
3262,conv2d_11,"(0, 0, 27, 0)",17,10,10,10,10,10,0,10,0
3263,conv2d_11,"(2, 2, 1, 26)",19,10,10,10,10,10,0,10,0
3264,conv2d_11,"(2, 0, 31, 3)",18,10,10,10,10,10,0,10,0
3265,conv2d_11,"(1, 2, 15, 7)",21,10,10,10,10,10,0,10,0
3266,conv2d_11,"(0, 2, 12, 11)",27,10,10,10,10,10,0,10,0
3267,conv2d_11,"(2, 0, 21, 5)",30,10,1,5,1,5,0,1,9
3268,conv2d_11,"(0, 2, 6, 1)",16,10,10,10,10,10,0,10,0
3269,conv2d_11,"(2, 1, 18, 10)",26,10,10,10,10,10,0,10,0
3270,conv2d_11,"(0, 2, 27, 10)",10,10,10,10,10,10,0,10,0
3271,conv2d_11,"(1, 1, 6, 23)",4,10,10,10,10,10,0,10,0
3272,conv2d_11,"(0, 0, 9, 4)",15,10,10,10,10,10,0,10,0
3273,conv2d_11,"(0, 0, 17, 4)",28,10,10,10,10,10,0,10,0
3274,conv2d_11,"(2, 2, 7, 21)",29,10,10,10,10,10,0,10,0
3275,conv2d_11,"(2, 2, 30, 7)",17,10,10,10,10,10,0,10,0
3276,conv2d_11,"(0, 1, 22, 5)",11,10,10,10,10,10,0,10,0
3277,conv2d_11,"(2, 1, 12, 24)",1,10,10,10,10,10,2,8,0
3278,conv2d_11,"(0, 0, 4, 5)",21,10,10,10,10,10,0,10,0
3279,conv2d_11,"(1, 2, 12, 10)",22,10,10,10,10,10,0,10,0
3280,conv2d_11,"(1, 1, 21, 1)",6,10,10,10,10,10,0,10,0
3281,conv2d_11,"(0, 0, 13, 25)",30,10,0,5,0,5,0,0,10
3282,conv2d_11,"(2, 1, 14, 4)",29,10,10,10,10,10,0,10,0
3283,conv2d_11,"(2, 1, 20, 24)",12,10,10,10,10,10,0,10,0
3284,conv2d_11,"(1, 0, 2, 2)",0,10,10,10,10,10,0,10,0
3285,conv2d_11,"(2, 1, 1, 22)",21,10,10,10,10,10,0,10,0
3286,conv2d_11,"(1, 1, 0, 26)",5,10,10,10,10,10,0,10,0
3287,conv2d_11,"(2, 2, 6, 8)",7,10,10,10,10,10,0,10,0
3288,conv2d_11,"(1, 2, 30, 8)",21,10,10,10,10,10,0,10,0
3289,conv2d_11,"(2, 1, 2, 7)",15,10,10,10,10,10,0,10,0
3290,conv2d_11,"(1, 0, 27, 19)",6,10,10,10,10,10,0,10,0
3291,conv2d_11,"(2, 0, 19, 3)",16,10,10,10,10,10,0,10,0
3292,conv2d_11,"(1, 1, 9, 24)",26,10,10,10,10,10,0,10,0
3293,conv2d_11,"(0, 1, 23, 4)",19,10,10,10,10,10,0,10,0
3294,conv2d_11,"(0, 0, 26, 19)",18,10,10,10,10,10,0,10,0
3295,conv2d_11,"(2, 0, 11, 20)",8,10,10,10,10,10,0,10,0
3296,conv2d_11,"(0, 0, 23, 6)",16,10,10,10,10,10,0,10,0
3297,conv2d_11,"(0, 0, 20, 21)",13,10,10,10,10,10,0,10,0
3298,conv2d_11,"(0, 1, 14, 5)",19,10,10,10,10,10,0,10,0
3299,conv2d_11,"(2, 2, 19, 5)",19,10,10,10,10,10,0,10,0
3300,conv2d_11,"(0, 1, 25, 6)",26,10,10,10,10,10,0,10,0
3301,conv2d_11,"(1, 2, 21, 5)",3,10,10,10,10,10,1,9,0
3302,conv2d_11,"(0, 2, 4, 8)",0,10,10,10,10,10,2,8,0
3303,conv2d_11,"(0, 1, 30, 6)",23,10,10,10,10,10,0,10,0
3304,conv2d_11,"(1, 0, 6, 25)",15,10,10,10,10,10,0,10,0
3305,conv2d_11,"(0, 0, 21, 5)",6,10,10,10,10,10,0,10,0
3306,conv2d_11,"(0, 2, 30, 1)",8,10,10,10,10,10,0,10,0
3307,conv2d_11,"(1, 0, 15, 10)",17,10,10,10,10,10,0,10,0
3308,conv2d_11,"(2, 0, 31, 12)",3,10,10,10,10,10,0,10,0
3309,conv2d_11,"(2, 2, 13, 27)",24,10,10,10,10,10,0,10,0
3310,conv2d_11,"(1, 0, 18, 12)",25,10,10,10,10,10,0,10,0
3311,conv2d_11,"(1, 0, 18, 26)",7,10,10,10,10,10,0,10,0
3312,conv2d_11,"(2, 2, 16, 26)",31,10,10,10,10,10,0,10,0
3313,conv2d_11,"(1, 2, 7, 0)",12,10,10,10,10,10,0,10,0
3314,conv2d_11,"(2, 0, 8, 16)",7,10,10,10,10,10,0,10,0
3315,conv2d_11,"(2, 0, 8, 15)",14,10,10,10,10,10,0,10,0
3316,conv2d_11,"(2, 0, 2, 15)",25,10,10,10,10,10,0,10,0
3317,conv2d_11,"(1, 0, 13, 8)",0,10,10,10,10,10,10,0,0
3318,conv2d_11,"(2, 0, 7, 13)",26,10,10,10,10,10,0,10,0
3319,conv2d_11,"(0, 1, 21, 6)",9,10,10,10,10,10,0,10,0
3320,conv2d_11,"(1, 1, 7, 9)",26,10,10,10,10,10,0,10,0
3321,conv2d_11,"(1, 2, 17, 24)",12,10,10,10,10,10,0,10,0
3322,conv2d_11,"(1, 1, 13, 9)",12,10,10,10,10,10,0,10,0
3323,conv2d_11,"(1, 1, 31, 15)",27,10,10,10,10,10,0,10,0
3324,conv2d_11,"(0, 1, 16, 3)",29,10,10,10,10,10,0,10,0
3325,conv2d_11,"(0, 2, 3, 10)",29,10,10,10,10,10,0,10,0
3326,conv2d_11,"(1, 0, 13, 18)",18,10,10,10,10,10,0,10,0
3327,conv2d_11,"(1, 0, 18, 9)",27,10,10,10,10,10,0,10,0
3328,conv2d_11,"(2, 0, 30, 0)",29,10,10,10,10,10,0,10,0
3329,conv2d_11,"(2, 0, 19, 22)",28,10,10,10,10,10,0,10,0
3330,conv2d_11,"(1, 1, 17, 12)",17,10,10,10,10,10,0,10,0
3331,conv2d_11,"(0, 1, 30, 10)",8,10,10,10,10,10,0,10,0
3332,conv2d_11,"(2, 1, 15, 1)",24,10,10,10,10,10,0,10,0
3333,conv2d_11,"(0, 1, 9, 14)",23,10,10,10,10,10,0,10,0
3334,conv2d_11,"(1, 2, 6, 16)",19,10,10,10,10,10,0,10,0
3335,conv2d_11,"(0, 2, 1, 25)",6,10,10,10,10,10,0,10,0
3336,conv2d_11,"(1, 0, 18, 15)",11,10,10,10,10,10,0,10,0
3337,conv2d_11,"(0, 0, 0, 31)",20,10,10,10,10,10,10,0,0
3338,conv2d_11,"(0, 1, 21, 26)",12,10,10,10,10,10,0,10,0
3339,conv2d_11,"(2, 1, 6, 11)",27,10,10,10,10,10,0,10,0
3340,conv2d_11,"(2, 0, 17, 16)",25,10,10,10,10,10,0,10,0
3341,conv2d_11,"(1, 1, 6, 22)",12,10,10,10,10,10,0,10,0
3342,conv2d_11,"(0, 1, 20, 15)",22,10,10,10,10,10,0,10,0
3343,conv2d_11,"(2, 1, 15, 30)",31,10,10,10,10,10,0,10,0
3344,conv2d_11,"(2, 0, 27, 14)",4,10,10,10,10,10,0,10,0
3345,conv2d_11,"(0, 1, 8, 6)",2,10,10,10,10,10,0,10,0
3346,conv2d_11,"(1, 2, 29, 13)",4,10,10,10,10,10,1,9,0
3347,conv2d_11,"(2, 0, 28, 6)",14,10,10,10,10,10,0,10,0
3348,conv2d_11,"(1, 0, 13, 13)",2,10,10,10,10,10,0,10,0
3349,conv2d_11,"(2, 1, 0, 16)",7,10,10,10,10,10,0,10,0
3350,conv2d_11,"(0, 0, 28, 17)",21,10,10,10,10,10,0,10,0
3351,conv2d_11,"(0, 1, 7, 15)",15,10,10,10,10,10,0,10,0
3352,conv2d_11,"(2, 1, 30, 2)",10,10,10,10,10,10,0,10,0
3353,conv2d_11,"(0, 1, 31, 0)",21,10,10,10,10,10,0,10,0
3354,conv2d_11,"(2, 2, 5, 6)",14,10,10,10,10,10,0,10,0
3355,conv2d_11,"(1, 2, 0, 17)",22,10,10,10,10,10,0,10,0
3356,conv2d_11,"(2, 2, 28, 22)",10,10,10,10,10,10,0,10,0
3357,conv2d_11,"(2, 2, 6, 1)",1,10,10,10,10,10,8,2,0
3358,conv2d_11,"(0, 0, 12, 17)",14,10,10,10,10,10,0,10,0
3359,conv2d_11,"(0, 0, 11, 2)",12,10,10,10,10,10,0,10,0
3360,conv2d_11,"(1, 0, 18, 8)",28,10,10,10,10,10,0,10,0
3361,conv2d_11,"(0, 0, 8, 14)",13,10,10,10,10,10,0,10,0
3362,conv2d_11,"(2, 1, 19, 23)",9,10,10,10,10,10,0,10,0
3363,conv2d_11,"(1, 1, 10, 4)",0,10,10,10,10,10,7,3,0
3364,conv2d_11,"(0, 2, 23, 10)",11,10,10,10,10,10,0,10,0
3365,conv2d_11,"(0, 0, 6, 26)",13,10,10,10,10,10,0,10,0
3366,conv2d_11,"(1, 0, 9, 4)",27,10,10,10,10,10,0,10,0
3367,conv2d_11,"(1, 2, 10, 14)",21,10,10,10,10,10,0,10,0
3368,conv2d_11,"(2, 2, 10, 28)",13,10,10,10,10,10,0,10,0
3369,conv2d_11,"(0, 2, 27, 28)",28,10,10,10,10,10,0,10,0
3370,conv2d_11,"(1, 2, 20, 17)",13,10,10,10,10,10,0,10,0
3371,conv2d_11,"(1, 1, 12, 1)",24,10,10,10,10,10,0,10,0
3372,conv2d_11,"(2, 0, 5, 29)",8,10,10,10,10,10,0,10,0
3373,conv2d_11,"(2, 2, 14, 3)",7,10,10,10,10,10,0,10,0
3374,conv2d_11,"(2, 2, 25, 30)",8,10,10,10,10,10,0,10,0
3375,conv2d_11,"(2, 0, 11, 3)",8,10,10,10,10,10,0,10,0
3376,conv2d_11,"(2, 2, 3, 15)",4,10,10,10,10,10,0,10,0
3377,conv2d_11,"(1, 2, 5, 15)",5,10,10,10,10,10,0,10,0
3378,conv2d_11,"(1, 2, 16, 16)",8,10,10,10,10,10,0,10,0
3379,conv2d_11,"(1, 1, 2, 11)",13,10,10,10,10,10,0,10,0
3380,conv2d_11,"(2, 2, 14, 8)",5,10,10,10,10,10,0,10,0
3381,conv2d_11,"(0, 1, 28, 9)",5,10,10,10,10,10,0,10,0
3382,conv2d_11,"(0, 2, 29, 20)",17,10,10,10,10,10,0,10,0
3383,conv2d_11,"(0, 0, 1, 21)",1,10,10,10,10,10,2,8,0
3384,conv2d_11,"(0, 1, 1, 1)",10,10,10,10,10,10,0,10,0
3385,conv2d_11,"(2, 0, 5, 5)",30,10,0,5,0,5,0,0,10
3386,conv2d_11,"(2, 2, 28, 6)",23,10,10,10,10,10,0,10,0
3387,conv2d_11,"(2, 0, 1, 3)",22,10,10,10,10,10,0,10,0
3388,conv2d_11,"(2, 0, 24, 20)",18,10,10,10,10,10,0,10,0
3389,conv2d_11,"(0, 0, 16, 18)",9,10,10,10,10,10,0,10,0
3390,conv2d_11,"(1, 2, 18, 30)",4,10,10,10,10,10,0,10,0
3391,conv2d_11,"(1, 2, 11, 9)",2,10,10,10,10,10,0,10,0
3392,conv2d_11,"(1, 0, 24, 20)",27,10,10,10,10,10,0,10,0
3393,conv2d_11,"(0, 2, 1, 29)",3,10,10,10,10,10,0,10,0
3394,conv2d_11,"(0, 1, 16, 0)",22,10,10,10,10,10,0,10,0
3395,conv2d_11,"(1, 2, 5, 21)",17,10,10,10,10,10,0,10,0
3396,conv2d_11,"(1, 2, 25, 9)",7,10,10,10,10,10,0,10,0
3397,conv2d_11,"(0, 1, 26, 15)",14,10,10,10,10,10,0,10,0
3398,conv2d_11,"(2, 0, 23, 20)",23,10,10,10,10,10,0,10,0
3399,conv2d_11,"(2, 1, 10, 19)",2,10,10,10,10,10,0,10,0
3400,conv2d_11,"(0, 1, 30, 2)",13,10,10,10,10,10,0,10,0
3401,conv2d_11,"(2, 2, 26, 15)",29,10,10,10,10,10,0,10,0
3402,conv2d_11,"(2, 2, 1, 22)",11,10,10,10,10,10,0,10,0
3403,conv2d_11,"(0, 1, 4, 8)",3,10,10,10,10,10,0,10,0
3404,conv2d_11,"(1, 2, 25, 7)",7,10,10,10,10,10,0,10,0
3405,conv2d_11,"(2, 2, 16, 0)",16,10,10,10,10,10,0,10,0
3406,conv2d_11,"(1, 0, 30, 11)",12,10,10,10,10,10,0,10,0
3407,conv2d_11,"(2, 2, 12, 24)",4,10,10,10,10,10,0,10,0
3408,conv2d_11,"(0, 0, 17, 25)",4,10,10,10,10,10,0,10,0
3409,conv2d_11,"(2, 2, 25, 9)",18,10,10,10,10,10,0,10,0
3410,conv2d_11,"(1, 1, 19, 10)",10,10,10,10,10,10,0,10,0
3411,conv2d_11,"(1, 2, 15, 1)",8,10,10,10,10,10,0,10,0
3412,conv2d_11,"(0, 0, 27, 23)",19,10,10,10,10,10,0,10,0
3413,conv2d_11,"(1, 0, 5, 16)",24,10,10,10,10,10,0,10,0
3414,conv2d_11,"(0, 1, 24, 18)",23,10,10,10,10,10,0,10,0
3415,conv2d_11,"(0, 1, 2, 18)",14,10,10,10,10,10,0,10,0
3416,conv2d_11,"(2, 2, 21, 23)",11,10,10,10,10,10,0,10,0
3417,conv2d_11,"(2, 0, 12, 18)",5,10,10,10,10,10,0,10,0
3418,conv2d_11,"(1, 1, 24, 30)",17,10,10,10,10,10,0,10,0
3419,conv2d_11,"(0, 2, 1, 18)",6,10,10,10,10,10,0,10,0
3420,conv2d_11,"(2, 2, 15, 23)",11,10,10,10,10,10,0,10,0
3421,conv2d_11,"(2, 0, 21, 17)",29,10,10,10,10,10,0,10,0
3422,conv2d_11,"(0, 1, 21, 3)",3,10,10,10,10,10,0,10,0
3423,conv2d_11,"(0, 0, 15, 18)",13,10,10,10,10,10,0,10,0
3424,conv2d_11,"(2, 1, 12, 22)",20,10,10,10,10,10,0,10,0
3425,conv2d_11,"(2, 0, 25, 7)",9,10,10,10,10,10,0,10,0
3426,conv2d_11,"(0, 2, 5, 6)",29,10,10,10,10,10,0,10,0
3427,conv2d_11,"(2, 0, 7, 29)",12,10,10,10,10,10,0,10,0
3428,conv2d_11,"(2, 2, 5, 15)",12,10,10,10,10,10,0,10,0
3429,conv2d_11,"(0, 1, 13, 31)",20,10,10,10,10,10,10,0,0
3430,conv2d_11,"(1, 0, 2, 14)",4,10,10,10,10,10,0,10,0
3431,conv2d_11,"(1, 1, 31, 5)",6,10,10,10,10,10,0,10,0
3432,conv2d_11,"(2, 2, 26, 29)",0,10,10,10,10,10,0,10,0
3433,conv2d_11,"(0, 0, 11, 0)",1,10,10,10,10,10,0,10,0
3434,conv2d_11,"(1, 0, 21, 6)",8,10,10,10,10,10,0,10,0
3435,conv2d_11,"(2, 1, 15, 0)",21,10,10,10,10,10,0,10,0
3436,conv2d_11,"(1, 2, 31, 30)",18,10,10,10,10,10,0,10,0
3437,conv2d_11,"(0, 2, 26, 7)",13,10,10,10,10,10,0,10,0
3438,conv2d_11,"(2, 1, 23, 25)",8,10,10,10,10,10,0,10,0
3439,conv2d_11,"(1, 2, 4, 3)",4,10,10,10,10,10,0,10,0
3440,conv2d_11,"(0, 2, 18, 7)",18,10,10,10,10,10,0,10,0
3441,conv2d_11,"(1, 2, 14, 14)",30,10,2,7,2,7,0,2,8
3442,conv2d_11,"(2, 0, 1, 21)",26,10,10,10,10,10,0,10,0
3443,conv2d_11,"(2, 0, 10, 12)",13,10,10,10,10,10,0,10,0
3444,conv2d_11,"(0, 1, 4, 9)",17,10,10,10,10,10,0,10,0
3445,conv2d_11,"(1, 0, 21, 21)",5,10,10,10,10,10,0,10,0
3446,conv2d_11,"(2, 2, 2, 16)",18,10,10,10,10,10,0,10,0
3447,conv2d_11,"(2, 0, 26, 8)",23,10,10,10,10,10,0,10,0
3448,conv2d_11,"(0, 1, 21, 1)",25,10,10,10,10,10,0,10,0
3449,conv2d_11,"(2, 0, 27, 27)",6,10,10,10,10,10,0,10,0
3450,conv2d_11,"(1, 0, 8, 7)",2,10,10,10,10,10,0,10,0
3451,conv2d_11,"(2, 0, 3, 12)",23,10,10,10,10,10,0,10,0
3452,conv2d_11,"(2, 0, 25, 24)",1,10,10,10,10,10,0,10,0
3453,conv2d_11,"(2, 1, 9, 24)",4,10,10,10,10,10,0,10,0
3454,conv2d_12,"(0, 0, 13, 20)",13,10,10,10,10,10,0,10,0
3455,conv2d_12,"(1, 0, 21, 16)",27,10,10,10,10,10,0,10,0
3456,conv2d_12,"(2, 0, 27, 11)",31,10,10,10,10,10,0,10,0
3457,conv2d_12,"(2, 2, 27, 31)",9,10,10,10,10,10,0,10,0
3458,conv2d_12,"(1, 2, 16, 13)",2,10,10,10,10,10,0,10,0
3459,conv2d_12,"(1, 2, 15, 7)",0,10,10,10,10,10,2,8,0
3460,conv2d_12,"(1, 1, 12, 28)",15,10,10,10,10,10,0,10,0
3461,conv2d_12,"(1, 0, 8, 30)",13,10,10,10,10,10,0,10,0
3462,conv2d_12,"(2, 2, 23, 14)",7,10,10,10,10,10,0,10,0
3463,conv2d_12,"(2, 1, 6, 3)",28,10,10,10,10,10,0,10,0
3464,conv2d_12,"(2, 1, 3, 1)",4,10,10,10,10,10,0,10,0
3465,conv2d_12,"(2, 0, 18, 18)",1,10,10,10,10,10,10,0,0
3466,conv2d_12,"(2, 0, 16, 28)",25,10,10,10,10,10,0,10,0
3467,conv2d_12,"(2, 1, 24, 26)",29,10,10,10,10,10,0,10,0
3468,conv2d_12,"(0, 2, 18, 5)",23,10,10,10,10,10,0,10,0
3469,conv2d_12,"(0, 1, 15, 24)",6,10,10,10,10,10,0,10,0
3470,conv2d_12,"(2, 1, 1, 18)",12,10,10,10,10,10,0,10,0
3471,conv2d_12,"(0, 0, 12, 11)",14,10,10,10,10,10,0,10,0
3472,conv2d_12,"(1, 1, 9, 18)",3,10,10,10,10,10,0,10,0
3473,conv2d_12,"(2, 1, 1, 26)",9,10,10,10,10,10,0,10,0
3474,conv2d_12,"(1, 1, 7, 25)",1,10,10,10,10,10,10,0,0
3475,conv2d_12,"(2, 0, 11, 28)",19,10,10,10,10,10,0,10,0
3476,conv2d_12,"(1, 2, 14, 14)",23,10,10,10,10,10,0,10,0
3477,conv2d_12,"(2, 2, 8, 15)",1,10,10,10,10,10,1,9,0
3478,conv2d_12,"(1, 1, 0, 18)",7,10,10,10,10,10,0,10,0
3479,conv2d_12,"(1, 0, 27, 9)",9,10,10,10,10,10,0,10,0
3480,conv2d_12,"(2, 2, 22, 25)",9,10,10,10,10,10,0,10,0
3481,conv2d_12,"(0, 2, 17, 27)",24,10,10,10,10,10,0,10,0
3482,conv2d_12,"(1, 2, 22, 24)",4,10,10,10,10,10,2,8,0
3483,conv2d_12,"(2, 1, 0, 13)",27,10,10,10,10,10,0,10,0
3484,conv2d_12,"(0, 2, 9, 6)",20,10,10,10,10,10,0,10,0
3485,conv2d_12,"(1, 0, 7, 21)",17,10,10,10,10,10,0,10,0
3486,conv2d_12,"(0, 2, 9, 25)",19,10,10,10,10,10,0,10,0
3487,conv2d_12,"(0, 0, 2, 17)",30,10,0,7,0,7,0,0,10
3488,conv2d_12,"(0, 2, 0, 14)",27,10,10,10,10,10,0,10,0
3489,conv2d_12,"(0, 0, 24, 25)",7,10,10,10,10,10,0,10,0
3490,conv2d_12,"(0, 0, 12, 24)",12,10,10,10,10,10,0,10,0
3491,conv2d_12,"(0, 0, 1, 21)",24,10,10,10,10,10,0,10,0
3492,conv2d_12,"(0, 1, 17, 3)",4,10,10,10,10,10,1,9,0
3493,conv2d_12,"(1, 1, 3, 20)",11,10,10,10,10,10,0,10,0
3494,conv2d_12,"(2, 1, 28, 12)",9,10,10,10,10,10,0,10,0
3495,conv2d_12,"(0, 2, 23, 3)",17,10,10,10,10,10,0,10,0
3496,conv2d_12,"(1, 1, 1, 17)",28,10,10,10,10,10,0,10,0
3497,conv2d_12,"(0, 0, 25, 18)",28,10,10,10,10,10,0,10,0
3498,conv2d_12,"(1, 2, 25, 8)",8,10,10,10,10,10,0,10,0
3499,conv2d_12,"(0, 2, 22, 8)",5,10,10,10,10,10,0,10,0
3500,conv2d_12,"(1, 0, 30, 31)",10,10,10,10,10,10,0,10,0
3501,conv2d_12,"(0, 1, 16, 4)",16,10,10,10,10,10,0,10,0
3502,conv2d_12,"(0, 0, 12, 4)",29,10,10,10,10,10,0,10,0
3503,conv2d_12,"(0, 1, 5, 14)",22,10,10,10,10,10,0,10,0
3504,conv2d_12,"(1, 1, 12, 10)",6,10,10,10,10,10,0,10,0
3505,conv2d_12,"(1, 0, 5, 29)",13,10,10,10,10,10,0,10,0
3506,conv2d_12,"(0, 2, 6, 10)",10,10,10,10,10,10,0,10,0
3507,conv2d_12,"(0, 0, 24, 0)",27,10,10,10,10,10,0,10,0
3508,conv2d_12,"(0, 1, 20, 15)",31,10,10,10,10,10,0,10,0
3509,conv2d_12,"(0, 0, 24, 22)",13,10,10,10,10,10,0,10,0
3510,conv2d_12,"(2, 2, 4, 28)",18,10,10,10,10,10,0,10,0
3511,conv2d_12,"(2, 0, 16, 19)",10,10,10,10,10,10,0,10,0
3512,conv2d_12,"(0, 1, 3, 20)",18,10,10,10,10,10,0,10,0
3513,conv2d_12,"(1, 1, 6, 2)",18,10,10,10,10,10,0,10,0
3514,conv2d_12,"(1, 0, 15, 3)",16,10,10,10,10,10,0,10,0
3515,conv2d_12,"(1, 2, 25, 6)",6,10,10,10,10,10,0,10,0
3516,conv2d_12,"(2, 1, 29, 9)",10,10,10,10,10,10,0,10,0
3517,conv2d_12,"(0, 0, 4, 11)",5,10,10,10,10,10,0,10,0
3518,conv2d_12,"(0, 2, 11, 31)",12,10,10,10,10,10,0,10,0
3519,conv2d_12,"(0, 2, 26, 16)",21,10,10,10,10,10,0,10,0
3520,conv2d_12,"(0, 1, 28, 31)",14,10,10,10,10,10,0,10,0
3521,conv2d_12,"(2, 0, 7, 15)",20,10,10,10,10,10,0,10,0
3522,conv2d_12,"(1, 0, 1, 26)",28,10,10,10,10,10,0,10,0
3523,conv2d_12,"(2, 2, 31, 1)",27,10,10,10,10,10,10,0,0
3524,conv2d_12,"(1, 1, 7, 25)",3,10,10,10,10,10,0,10,0
3525,conv2d_12,"(0, 1, 31, 25)",9,10,10,10,10,10,10,0,0
3526,conv2d_12,"(0, 1, 23, 0)",9,10,10,10,10,10,0,10,0
3527,conv2d_12,"(0, 0, 10, 5)",22,10,10,10,10,10,0,10,0
3528,conv2d_12,"(0, 1, 10, 20)",23,10,10,10,10,10,0,10,0
3529,conv2d_12,"(2, 1, 21, 0)",6,10,10,10,10,10,3,7,0
3530,conv2d_12,"(2, 0, 25, 16)",4,10,10,10,10,10,0,10,0
3531,conv2d_12,"(2, 0, 4, 11)",20,10,10,10,10,10,0,10,0
3532,conv2d_12,"(2, 0, 29, 25)",17,10,10,10,10,10,0,10,0
3533,conv2d_12,"(2, 2, 27, 15)",18,10,10,10,10,10,0,10,0
3534,conv2d_12,"(0, 0, 10, 1)",21,10,10,10,10,10,0,10,0
3535,conv2d_12,"(2, 2, 14, 2)",27,10,10,10,10,10,0,10,0
3536,conv2d_12,"(2, 0, 18, 16)",19,10,10,10,10,10,0,10,0
3537,conv2d_12,"(2, 0, 4, 21)",18,10,10,10,10,10,0,10,0
3538,conv2d_12,"(2, 2, 28, 22)",29,10,10,10,10,10,0,10,0
3539,conv2d_12,"(0, 1, 28, 2)",11,10,10,10,10,10,0,10,0
3540,conv2d_12,"(1, 1, 25, 15)",30,10,1,4,1,4,0,1,9
3541,conv2d_12,"(0, 2, 11, 12)",28,10,10,10,10,10,0,10,0
3542,conv2d_12,"(0, 2, 24, 17)",4,10,10,10,10,10,1,9,0
3543,conv2d_12,"(2, 2, 31, 29)",31,10,10,10,10,10,10,0,0
3544,conv2d_12,"(2, 2, 9, 24)",27,10,10,10,10,10,0,10,0
3545,conv2d_12,"(0, 1, 9, 31)",12,10,10,10,10,10,0,10,0
3546,conv2d_12,"(2, 2, 2, 31)",20,10,10,10,10,10,0,10,0
3547,conv2d_12,"(2, 0, 25, 0)",15,10,10,10,10,10,0,10,0
3548,conv2d_12,"(2, 1, 3, 23)",1,10,10,10,10,10,2,8,0
3549,conv2d_12,"(1, 2, 24, 23)",21,10,10,10,10,10,0,10,0
3550,conv2d_12,"(0, 2, 2, 29)",7,10,10,10,10,10,0,10,0
3551,conv2d_12,"(2, 0, 17, 10)",21,10,10,10,10,10,0,10,0
3552,conv2d_12,"(1, 0, 17, 23)",25,10,10,10,10,10,0,10,0
3553,conv2d_12,"(0, 0, 25, 29)",22,10,10,10,10,10,0,10,0
3554,conv2d_12,"(2, 0, 11, 18)",8,10,10,10,10,10,0,10,0
3555,conv2d_12,"(0, 0, 25, 17)",6,10,10,10,10,10,0,10,0
3556,conv2d_12,"(0, 1, 25, 21)",5,10,10,10,10,10,0,10,0
3557,conv2d_12,"(2, 1, 11, 20)",30,10,3,8,3,8,0,3,7
3558,conv2d_12,"(1, 0, 21, 11)",10,10,10,10,10,10,0,10,0
3559,conv2d_12,"(2, 0, 14, 25)",21,10,10,10,10,10,0,10,0
3560,conv2d_12,"(0, 2, 6, 23)",6,10,10,10,10,10,0,10,0
3561,conv2d_12,"(1, 0, 23, 25)",31,10,10,10,10,10,0,10,0
3562,conv2d_12,"(2, 1, 24, 16)",1,10,10,10,10,10,0,10,0
3563,conv2d_12,"(2, 1, 31, 20)",16,10,10,10,10,10,10,0,0
3564,conv2d_12,"(0, 1, 0, 14)",7,10,10,10,10,10,0,10,0
3565,conv2d_12,"(1, 2, 7, 4)",30,10,2,6,2,6,0,2,8
3566,conv2d_12,"(0, 2, 3, 10)",21,10,10,10,10,10,0,10,0
3567,conv2d_12,"(0, 0, 17, 15)",23,10,10,10,10,10,0,10,0
3568,conv2d_12,"(1, 0, 25, 13)",20,10,10,10,10,10,0,10,0
3569,conv2d_12,"(0, 1, 29, 18)",20,10,10,10,10,10,0,10,0
3570,conv2d_12,"(0, 2, 6, 12)",11,10,10,10,10,10,0,10,0
3571,conv2d_12,"(1, 1, 13, 23)",6,10,10,10,10,10,0,10,0
3572,conv2d_12,"(1, 1, 27, 15)",2,10,10,10,10,10,0,10,0
3573,conv2d_12,"(0, 2, 17, 1)",6,10,10,10,10,10,0,10,0
3574,conv2d_12,"(0, 1, 5, 18)",11,10,10,10,10,10,0,10,0
3575,conv2d_12,"(2, 2, 24, 29)",7,10,10,10,10,10,0,10,0
3576,conv2d_12,"(2, 2, 3, 30)",8,10,10,10,10,10,0,10,0
3577,conv2d_12,"(1, 1, 0, 30)",8,10,10,10,10,10,0,10,0
3578,conv2d_12,"(1, 0, 22, 15)",8,10,10,10,10,10,0,10,0
3579,conv2d_12,"(1, 0, 27, 21)",20,10,10,10,10,10,0,10,0
3580,conv2d_12,"(2, 1, 28, 26)",17,10,10,10,10,10,0,10,0
3581,conv2d_12,"(0, 1, 10, 19)",21,10,10,10,10,10,0,10,0
3582,conv2d_12,"(2, 2, 17, 21)",21,10,10,10,10,10,0,10,0
3583,conv2d_12,"(1, 2, 23, 27)",18,10,10,10,10,10,0,10,0
3584,conv2d_12,"(1, 2, 8, 11)",7,10,10,10,10,10,0,10,0
3585,conv2d_12,"(1, 0, 27, 5)",8,10,10,10,10,10,0,10,0
3586,conv2d_12,"(0, 0, 2, 0)",19,10,10,10,10,10,0,10,0
3587,conv2d_12,"(2, 2, 14, 23)",14,10,10,10,10,10,0,10,0
3588,conv2d_12,"(0, 2, 15, 4)",7,10,10,10,10,10,0,10,0
3589,conv2d_12,"(0, 0, 20, 20)",0,10,10,10,10,10,2,8,0
3590,conv2d_12,"(1, 0, 21, 20)",13,10,10,10,10,10,0,10,0
3591,conv2d_12,"(2, 0, 11, 27)",18,10,10,10,10,10,0,10,0
3592,conv2d_12,"(2, 2, 18, 19)",24,10,10,10,10,10,0,10,0
3593,conv2d_12,"(0, 1, 31, 24)",14,10,10,10,10,10,10,0,0
3594,conv2d_12,"(2, 1, 28, 27)",18,10,10,10,10,10,0,10,0
3595,conv2d_12,"(2, 0, 9, 26)",8,10,10,10,10,10,0,10,0
3596,conv2d_12,"(1, 1, 10, 23)",13,10,10,10,10,10,0,10,0
3597,conv2d_12,"(0, 2, 13, 4)",6,10,10,10,10,10,0,10,0
3598,conv2d_12,"(0, 0, 12, 8)",12,10,10,10,10,10,0,10,0
3599,conv2d_12,"(2, 1, 0, 9)",5,10,10,10,10,10,0,10,0
3600,conv2d_12,"(2, 0, 24, 3)",5,10,10,10,10,10,0,10,0
3601,conv2d_12,"(1, 1, 26, 15)",10,10,10,10,10,10,2,8,0
3602,conv2d_12,"(1, 0, 29, 13)",10,10,10,10,10,10,0,10,0
3603,conv2d_12,"(2, 2, 25, 30)",5,10,10,10,10,10,0,10,0
3604,conv2d_12,"(0, 1, 11, 29)",30,10,2,7,2,7,0,2,8
3605,conv2d_12,"(1, 2, 20, 29)",23,10,10,10,10,10,0,10,0
3606,conv2d_12,"(0, 1, 30, 17)",9,10,10,10,10,10,0,10,0
3607,conv2d_12,"(0, 2, 20, 2)",5,10,10,10,10,10,0,10,0
3608,conv2d_12,"(2, 2, 24, 29)",15,10,10,10,10,10,0,10,0
3609,conv2d_12,"(0, 2, 25, 6)",11,10,10,10,10,10,0,10,0
3610,conv2d_12,"(2, 1, 7, 28)",11,10,10,10,10,10,0,10,0
3611,conv2d_12,"(2, 0, 29, 4)",12,10,10,10,10,10,0,10,0
3612,conv2d_12,"(2, 2, 13, 28)",11,10,10,10,10,10,0,10,0
3613,conv2d_12,"(0, 0, 20, 1)",9,10,10,10,10,10,0,10,0
3614,conv2d_12,"(0, 0, 26, 13)",27,10,10,10,10,10,0,10,0
3615,conv2d_12,"(2, 1, 4, 20)",15,10,10,10,10,10,0,10,0
3616,conv2d_12,"(0, 1, 15, 9)",23,10,10,10,10,10,0,10,0
3617,conv2d_12,"(1, 2, 13, 15)",19,10,10,10,10,10,0,10,0
3618,conv2d_12,"(0, 1, 26, 17)",29,10,10,10,10,10,0,10,0
3619,conv2d_12,"(0, 1, 14, 31)",18,10,10,10,10,10,0,10,0
3620,conv2d_12,"(2, 1, 1, 15)",16,10,10,10,10,10,0,10,0
3621,conv2d_12,"(2, 2, 31, 16)",7,10,10,10,10,10,10,0,0
3622,conv2d_12,"(2, 2, 28, 11)",28,10,10,10,10,10,0,10,0
3623,conv2d_12,"(2, 0, 11, 0)",28,10,10,10,10,10,0,10,0
3624,conv2d_12,"(0, 1, 10, 4)",15,10,10,10,10,10,0,10,0
3625,conv2d_12,"(2, 0, 31, 29)",13,10,10,10,10,10,10,0,0
3626,conv2d_12,"(0, 2, 20, 31)",15,10,10,10,10,10,0,10,0
3627,conv2d_12,"(0, 2, 9, 8)",6,10,10,10,10,10,0,10,0
3628,conv2d_12,"(1, 2, 23, 8)",3,10,10,10,10,10,0,10,0
3629,conv2d_12,"(0, 0, 11, 12)",16,10,10,10,10,10,0,10,0
3630,conv2d_12,"(2, 2, 29, 31)",28,10,10,10,10,10,0,10,0
3631,conv2d_12,"(2, 2, 13, 22)",23,10,10,10,10,10,0,10,0
3632,conv2d_12,"(0, 2, 11, 22)",25,10,10,10,10,10,0,10,0
3633,conv2d_12,"(0, 0, 2, 3)",17,10,10,10,10,10,0,10,0
3634,conv2d_12,"(1, 2, 15, 19)",5,10,10,10,10,10,0,10,0
3635,conv2d_12,"(1, 0, 7, 20)",22,10,10,10,10,10,0,10,0
3636,conv2d_12,"(2, 2, 13, 10)",5,10,10,10,10,10,0,10,0
3637,conv2d_12,"(2, 2, 9, 1)",10,10,10,10,10,10,0,10,0
3638,conv2d_12,"(0, 1, 1, 22)",12,10,10,10,10,10,0,10,0
3639,conv2d_12,"(2, 2, 17, 30)",12,10,10,10,10,10,0,10,0
3640,conv2d_12,"(0, 2, 12, 3)",26,10,10,10,10,10,0,10,0
3641,conv2d_12,"(0, 2, 5, 30)",31,10,10,10,10,10,0,10,0
3642,conv2d_12,"(0, 1, 7, 5)",3,10,10,10,10,10,1,9,0
3643,conv2d_12,"(0, 0, 9, 9)",10,10,10,10,10,10,0,10,0
3644,conv2d_12,"(1, 1, 29, 7)",8,10,10,10,10,10,0,10,0
3645,conv2d_12,"(2, 2, 7, 3)",5,10,10,10,10,10,0,10,0
3646,conv2d_12,"(1, 1, 7, 7)",6,10,10,10,10,10,0,10,0
3647,conv2d_12,"(0, 0, 11, 8)",2,10,10,10,10,10,0,10,0
3648,conv2d_12,"(2, 1, 8, 28)",28,10,10,10,10,10,0,10,0
3649,conv2d_12,"(2, 2, 12, 15)",13,10,10,10,10,10,0,10,0
3650,conv2d_12,"(2, 0, 18, 2)",27,10,10,10,10,10,0,10,0
3651,conv2d_12,"(0, 2, 21, 24)",0,10,10,10,10,10,1,9,0
3652,conv2d_12,"(2, 2, 29, 11)",19,10,10,10,10,10,0,10,0
3653,conv2d_12,"(1, 0, 9, 6)",6,10,10,10,10,10,0,10,0
3654,conv2d_12,"(0, 2, 18, 5)",25,10,10,10,10,10,0,10,0
3655,conv2d_12,"(0, 2, 21, 8)",20,10,10,10,10,10,0,10,0
3656,conv2d_12,"(2, 1, 9, 8)",24,10,10,10,10,10,0,10,0
3657,conv2d_12,"(2, 0, 1, 8)",23,10,10,10,10,10,0,10,0
3658,conv2d_12,"(0, 2, 24, 22)",0,10,10,10,10,10,0,10,0
3659,conv2d_12,"(0, 2, 22, 13)",31,10,10,10,10,10,0,10,0
3660,conv2d_12,"(0, 1, 6, 1)",7,10,10,10,10,10,0,10,0
3661,conv2d_12,"(0, 1, 17, 9)",22,10,10,10,10,10,0,10,0
3662,conv2d_12,"(1, 1, 23, 20)",8,10,10,10,10,10,0,10,0
3663,conv2d_12,"(1, 0, 1, 13)",9,10,10,10,10,10,0,10,0
3664,conv2d_12,"(1, 0, 9, 1)",27,10,10,10,10,10,0,10,0
3665,conv2d_12,"(2, 0, 23, 7)",30,10,2,8,2,8,0,2,8
3666,conv2d_12,"(1, 0, 31, 14)",10,10,10,10,10,10,10,0,0
3667,conv2d_12,"(2, 2, 28, 3)",5,10,10,10,10,10,0,10,0
3668,conv2d_12,"(2, 0, 27, 27)",26,10,10,10,10,10,0,10,0
3669,conv2d_12,"(0, 1, 8, 14)",6,10,10,10,10,10,0,10,0
3670,conv2d_12,"(1, 0, 20, 21)",0,10,10,10,10,10,5,5,0
3671,conv2d_12,"(0, 0, 18, 14)",3,10,10,10,10,10,2,8,0
3672,conv2d_12,"(2, 1, 1, 7)",25,10,10,10,10,10,0,10,0
3673,conv2d_12,"(1, 1, 28, 31)",19,10,10,10,10,10,0,10,0
3674,conv2d_12,"(1, 2, 23, 4)",22,10,10,10,10,10,0,10,0
3675,conv2d_12,"(1, 0, 18, 23)",15,10,10,10,10,10,0,10,0
3676,conv2d_12,"(0, 0, 30, 16)",16,10,10,10,10,10,0,10,0
3677,conv2d_12,"(0, 0, 27, 29)",2,10,10,10,10,10,0,10,0
3678,conv2d_12,"(2, 0, 7, 3)",2,10,10,10,10,10,0,10,0
3679,conv2d_12,"(2, 1, 1, 13)",14,10,10,10,10,10,0,10,0
3680,conv2d_12,"(1, 1, 28, 6)",5,10,10,10,10,10,0,10,0
3681,conv2d_12,"(1, 2, 10, 31)",2,10,10,10,10,10,0,10,0
3682,conv2d_12,"(2, 2, 6, 0)",23,10,10,10,10,10,0,10,0
3683,conv2d_12,"(0, 2, 6, 28)",1,10,10,10,10,10,0,10,0
3684,conv2d_12,"(2, 0, 21, 6)",29,10,10,10,10,10,0,10,0
3685,conv2d_12,"(2, 0, 12, 5)",26,10,10,10,10,10,0,10,0
3686,conv2d_12,"(0, 0, 6, 28)",29,10,10,10,10,10,0,10,0
3687,conv2d_12,"(0, 0, 21, 14)",18,10,10,10,10,10,0,10,0
3688,conv2d_12,"(1, 1, 17, 23)",12,10,10,10,10,10,0,10,0
3689,conv2d_12,"(0, 2, 11, 25)",12,10,10,10,10,10,0,10,0
3690,conv2d_12,"(2, 1, 1, 1)",11,10,10,10,10,10,0,10,0
3691,conv2d_12,"(1, 1, 22, 22)",27,10,10,10,10,10,0,10,0
3692,conv2d_12,"(0, 0, 31, 16)",7,10,10,10,10,10,10,0,0
3693,conv2d_12,"(0, 2, 21, 0)",12,10,10,10,10,10,0,10,0
3694,conv2d_12,"(1, 1, 10, 25)",27,10,10,10,10,10,0,10,0
3695,conv2d_12,"(0, 0, 27, 25)",22,10,10,10,10,10,0,10,0
3696,conv2d_12,"(0, 2, 15, 4)",30,10,3,7,3,7,0,3,7
3697,conv2d_12,"(0, 1, 2, 1)",25,10,10,10,10,10,0,10,0
3698,conv2d_12,"(0, 1, 27, 26)",21,10,10,10,10,10,0,10,0
3699,conv2d_12,"(0, 0, 4, 1)",28,10,10,10,10,10,0,10,0
3700,conv2d_12,"(0, 1, 29, 31)",2,10,10,10,10,10,0,10,0
3701,conv2d_12,"(2, 0, 16, 1)",4,10,10,10,10,10,0,10,0
3702,conv2d_12,"(1, 0, 0, 17)",4,10,10,10,10,10,0,10,0
3703,conv2d_12,"(0, 1, 11, 20)",2,10,10,10,10,10,0,10,0
3704,conv2d_12,"(1, 2, 31, 19)",31,10,10,10,10,10,10,0,0
3705,conv2d_12,"(0, 1, 4, 14)",28,10,10,10,10,10,0,10,0
3706,conv2d_12,"(1, 2, 26, 7)",18,10,10,10,10,10,0,10,0
3707,conv2d_12,"(1, 0, 26, 6)",9,10,10,10,10,10,0,10,0
3708,conv2d_12,"(1, 0, 31, 13)",31,10,10,10,10,10,10,0,0
3709,conv2d_12,"(0, 0, 17, 30)",11,10,10,10,10,10,0,10,0
3710,conv2d_12,"(0, 0, 27, 20)",18,10,10,10,10,10,0,10,0
3711,conv2d_12,"(0, 0, 28, 7)",16,10,10,10,10,10,0,10,0
3712,conv2d_12,"(2, 0, 27, 10)",1,10,10,10,10,10,4,6,0
3713,conv2d_12,"(0, 2, 29, 13)",29,10,10,10,10,10,0,10,0
3714,conv2d_12,"(0, 1, 6, 10)",3,10,10,10,10,10,1,9,0
3715,conv2d_12,"(2, 2, 1, 10)",16,10,10,10,10,10,0,10,0
3716,conv2d_12,"(0, 1, 5, 6)",28,10,10,10,10,10,0,10,0
3717,conv2d_12,"(0, 1, 7, 9)",1,10,10,10,10,10,0,10,0
3718,conv2d_12,"(0, 2, 1, 18)",25,10,10,10,10,10,0,10,0
3719,conv2d_12,"(2, 0, 19, 16)",10,10,10,10,10,10,0,10,0
3720,conv2d_12,"(1, 2, 28, 7)",14,10,10,10,10,10,0,10,0
3721,conv2d_12,"(1, 0, 23, 28)",11,10,10,10,10,10,0,10,0
3722,conv2d_12,"(1, 2, 1, 3)",2,10,10,10,10,10,0,10,0
3723,conv2d_12,"(1, 1, 30, 26)",5,10,10,10,10,10,0,10,0
3724,conv2d_12,"(1, 2, 12, 11)",5,10,10,10,10,10,0,10,0
3725,conv2d_12,"(0, 2, 25, 19)",5,10,10,10,10,10,0,10,0
3726,conv2d_12,"(2, 2, 31, 10)",17,10,10,10,10,10,10,0,0
3727,conv2d_12,"(2, 2, 27, 10)",9,10,10,10,10,10,0,10,0
3728,conv2d_12,"(2, 2, 25, 29)",30,10,2,5,2,5,0,2,8
3729,conv2d_12,"(0, 2, 17, 3)",22,10,10,10,10,10,0,10,0
3730,conv2d_12,"(1, 0, 7, 14)",27,10,10,10,10,10,0,10,0
3731,conv2d_12,"(1, 0, 22, 7)",31,10,10,10,10,10,0,10,0
3732,conv2d_12,"(1, 1, 11, 15)",14,10,10,10,10,10,0,10,0
3733,conv2d_12,"(1, 0, 24, 21)",29,10,10,10,10,10,0,10,0
3734,conv2d_12,"(1, 2, 11, 25)",2,10,10,10,10,10,10,0,0
3735,conv2d_12,"(2, 1, 18, 26)",24,10,10,10,10,10,0,10,0
3736,conv2d_12,"(2, 1, 16, 15)",1,10,10,10,10,10,10,0,0
3737,conv2d_12,"(2, 1, 28, 17)",9,10,10,10,10,10,0,10,0
3738,conv2d_12,"(0, 0, 28, 4)",21,10,10,10,10,10,0,10,0
3739,conv2d_12,"(0, 0, 24, 6)",22,10,10,10,10,10,0,10,0
3740,conv2d_12,"(1, 2, 26, 15)",8,10,10,10,10,10,0,10,0
3741,conv2d_12,"(1, 2, 14, 0)",25,10,10,10,10,10,0,10,0
3742,conv2d_12,"(1, 0, 2, 14)",16,10,10,10,10,10,0,10,0
3743,conv2d_12,"(0, 2, 30, 25)",28,10,10,10,10,10,0,10,0
3744,conv2d_12,"(0, 2, 27, 4)",4,10,10,10,10,10,0,10,0
3745,conv2d_12,"(0, 0, 19, 5)",7,10,10,10,10,10,0,10,0
3746,conv2d_12,"(2, 2, 22, 15)",10,10,10,10,10,10,0,10,0
3747,conv2d_12,"(0, 0, 26, 13)",13,10,10,10,10,10,0,10,0
3748,conv2d_12,"(0, 1, 26, 30)",11,10,10,10,10,10,0,10,0
3749,conv2d_12,"(1, 1, 2, 15)",6,10,10,10,10,10,0,10,0
3750,conv2d_12,"(2, 0, 21, 25)",10,10,10,10,10,10,0,10,0
3751,conv2d_12,"(1, 1, 17, 23)",9,10,10,10,10,10,0,10,0
3752,conv2d_12,"(2, 0, 7, 16)",27,10,10,10,10,10,0,10,0
3753,conv2d_12,"(0, 2, 2, 20)",18,10,10,10,10,10,0,10,0
3754,conv2d_12,"(2, 1, 1, 17)",25,10,10,10,10,10,0,10,0
3755,conv2d_12,"(2, 1, 30, 4)",4,10,10,10,10,10,0,10,0
3756,conv2d_12,"(2, 2, 16, 8)",2,10,10,10,10,10,0,10,0
3757,conv2d_12,"(1, 2, 25, 0)",9,10,10,10,10,10,0,10,0
3758,conv2d_12,"(0, 1, 17, 6)",17,10,10,10,10,10,0,10,0
3759,conv2d_12,"(0, 1, 6, 26)",11,10,10,10,10,10,0,10,0
3760,conv2d_12,"(1, 2, 24, 25)",27,10,10,10,10,10,0,10,0
3761,conv2d_12,"(2, 2, 25, 15)",28,10,10,10,10,10,0,10,0
3762,conv2d_12,"(2, 1, 24, 19)",5,10,10,10,10,10,0,10,0
3763,conv2d_12,"(2, 1, 21, 20)",20,10,10,10,10,10,0,10,0
3764,conv2d_12,"(0, 2, 7, 3)",8,10,10,10,10,10,0,10,0
3765,conv2d_12,"(2, 1, 3, 11)",23,10,10,10,10,10,0,10,0
3766,conv2d_12,"(2, 0, 24, 15)",22,10,10,10,10,10,0,10,0
3767,conv2d_12,"(1, 0, 4, 7)",27,10,10,10,10,10,0,10,0
3768,conv2d_12,"(2, 2, 14, 3)",25,10,10,10,10,10,0,10,0
3769,conv2d_12,"(1, 0, 26, 13)",26,10,10,10,10,10,0,10,0
3770,conv2d_12,"(2, 2, 6, 8)",16,10,10,10,10,10,0,10,0
3771,conv2d_12,"(2, 0, 23, 20)",24,10,10,10,10,10,0,10,0
3772,conv2d_12,"(0, 0, 0, 31)",19,10,10,10,10,10,0,10,0
3773,conv2d_12,"(2, 2, 19, 8)",16,10,10,10,10,10,0,10,0
3774,conv2d_12,"(1, 1, 3, 11)",24,10,10,10,10,10,0,10,0
3775,conv2d_12,"(1, 1, 27, 17)",26,10,10,10,10,10,0,10,0
3776,conv2d_12,"(1, 1, 20, 3)",10,10,10,10,10,10,0,10,0
3777,conv2d_12,"(1, 1, 19, 0)",23,10,10,10,10,10,0,10,0
3778,conv2d_12,"(1, 2, 28, 31)",1,10,10,10,10,10,0,10,0
3779,conv2d_12,"(1, 0, 19, 28)",12,10,10,10,10,10,0,10,0
3780,conv2d_12,"(0, 0, 27, 1)",23,10,10,10,10,10,0,10,0
3781,conv2d_12,"(1, 0, 25, 16)",11,10,10,10,10,10,0,10,0
3782,conv2d_12,"(2, 1, 21, 26)",3,10,10,10,10,10,0,10,0
3783,conv2d_12,"(2, 1, 25, 6)",22,10,10,10,10,10,0,10,0
3784,conv2d_12,"(0, 2, 3, 14)",27,10,10,10,10,10,0,10,0
3785,conv2d_12,"(0, 0, 11, 10)",9,10,10,10,10,10,0,10,0
3786,conv2d_12,"(1, 1, 11, 18)",30,10,7,9,7,9,0,7,3
3787,conv2d_12,"(1, 0, 19, 30)",20,10,10,10,10,10,0,10,0
3788,conv2d_12,"(0, 0, 24, 4)",5,10,10,10,10,10,0,10,0
3789,conv2d_12,"(2, 0, 17, 11)",5,10,10,10,10,10,0,10,0
3790,conv2d_12,"(2, 2, 16, 23)",24,10,10,10,10,10,0,10,0
3791,conv2d_12,"(2, 0, 0, 3)",6,10,10,10,10,10,0,10,0
3792,conv2d_12,"(1, 2, 25, 30)",31,10,10,10,10,10,0,10,0
3793,conv2d_12,"(0, 0, 12, 8)",22,10,10,10,10,10,0,10,0
3794,conv2d_12,"(1, 1, 0, 28)",8,10,10,10,10,10,0,10,0
3795,conv2d_12,"(0, 2, 16, 26)",27,10,10,10,10,10,0,10,0
3796,conv2d_12,"(2, 0, 9, 4)",10,10,10,10,10,10,0,10,0
3797,conv2d_12,"(2, 1, 13, 3)",14,10,10,10,10,10,0,10,0
3798,conv2d_12,"(0, 1, 21, 30)",22,10,10,10,10,10,0,10,0
3799,conv2d_12,"(1, 2, 3, 24)",22,10,10,10,10,10,0,10,0
3800,conv2d_12,"(1, 2, 23, 10)",11,10,10,10,10,10,0,10,0
3801,conv2d_12,"(0, 2, 8, 19)",14,10,10,10,10,10,0,10,0
3802,conv2d_12,"(1, 1, 16, 20)",3,10,10,10,10,10,3,7,0
3803,conv2d_12,"(1, 1, 27, 2)",23,10,10,10,10,10,0,10,0
3804,conv2d_12,"(1, 2, 29, 18)",9,10,10,10,10,10,0,10,0
3805,conv2d_12,"(0, 0, 4, 12)",12,10,10,10,10,10,0,10,0
3806,conv2d_12,"(1, 2, 28, 9)",31,10,10,10,10,10,0,10,0
3807,conv2d_12,"(1, 1, 28, 5)",13,10,10,10,10,10,0,10,0
3808,conv2d_12,"(2, 2, 18, 15)",10,10,10,10,10,10,0,10,0
3809,conv2d_12,"(0, 0, 10, 31)",24,10,10,10,10,10,0,10,0
3810,conv2d_12,"(1, 1, 4, 10)",0,10,10,10,10,10,1,9,0
3811,conv2d_12,"(2, 1, 4, 3)",15,10,10,10,10,10,0,10,0
3812,conv2d_12,"(1, 2, 16, 2)",12,10,10,10,10,10,0,10,0
3813,conv2d_12,"(2, 0, 24, 2)",20,10,10,10,10,10,0,10,0
3814,conv2d_12,"(2, 0, 17, 9)",21,10,10,10,10,10,0,10,0
3815,conv2d_12,"(0, 0, 19, 14)",6,10,10,10,10,10,0,10,0
3816,conv2d_12,"(1, 1, 25, 4)",18,10,10,10,10,10,0,10,0
3817,conv2d_12,"(1, 0, 27, 4)",17,10,10,10,10,10,0,10,0
3818,conv2d_12,"(2, 1, 16, 16)",16,10,10,10,10,10,0,10,0
3819,conv2d_12,"(0, 2, 27, 16)",13,10,10,10,10,10,0,10,0
3820,conv2d_12,"(1, 2, 4, 23)",13,10,10,10,10,10,0,10,0
3821,conv2d_12,"(0, 2, 6, 28)",20,10,10,10,10,10,0,10,0
3822,conv2d_12,"(0, 2, 7, 15)",29,10,10,10,10,10,0,10,0
3823,conv2d_12,"(2, 2, 24, 16)",27,10,10,10,10,10,0,10,0
3824,conv2d_12,"(1, 1, 3, 9)",30,10,4,9,4,9,0,4,6
3825,conv2d_12,"(0, 1, 30, 8)",28,10,10,10,10,10,0,10,0
3826,conv2d_12,"(1, 0, 16, 8)",2,10,10,10,10,10,5,5,0
3827,conv2d_12,"(2, 1, 24, 5)",11,10,10,10,10,10,0,10,0
3828,conv2d_12,"(0, 2, 8, 17)",14,10,10,10,10,10,0,10,0
3829,conv2d_12,"(2, 0, 10, 28)",15,10,10,10,10,10,0,10,0
3830,conv2d_12,"(0, 2, 9, 6)",31,10,10,10,10,10,0,10,0
3831,conv2d_12,"(0, 2, 25, 1)",13,10,10,10,10,10,0,10,0
3832,conv2d_12,"(2, 2, 3, 11)",13,10,10,10,10,10,0,10,0
3833,conv2d_12,"(0, 0, 9, 10)",7,10,10,10,10,10,0,10,0
3834,conv2d_12,"(0, 0, 11, 0)",0,10,10,10,10,10,10,0,0
3835,conv2d_12,"(2, 2, 4, 1)",24,10,10,10,10,10,0,10,0
3836,conv2d_12,"(1, 0, 27, 29)",2,10,10,10,10,10,0,10,0
3837,conv2d_12,"(2, 1, 30, 1)",7,10,10,10,10,10,0,10,0
3838,conv2d_12,"(1, 0, 5, 0)",23,10,10,10,10,10,0,10,0
3839,conv2d_12,"(1, 0, 5, 24)",15,10,10,10,10,10,0,10,0
3840,conv2d_12,"(2, 0, 20, 18)",5,10,10,10,10,10,0,10,0
3841,conv2d_12,"(1, 1, 30, 3)",8,10,10,10,10,10,0,10,0
3842,conv2d_12,"(1, 1, 20, 12)",20,10,10,10,10,10,0,10,0
3843,conv2d_12,"(0, 0, 2, 6)",1,10,10,10,10,10,0,10,0
3844,conv2d_12,"(0, 0, 25, 29)",23,10,10,10,10,10,0,10,0
3845,conv2d_12,"(2, 2, 21, 17)",24,10,10,10,10,10,0,10,0
3846,conv2d_12,"(1, 0, 4, 28)",2,10,10,10,10,10,0,10,0
3847,conv2d_12,"(2, 1, 27, 27)",27,10,10,10,10,10,0,10,0
3848,conv2d_12,"(0, 0, 5, 17)",25,10,10,10,10,10,0,10,0
3849,conv2d_12,"(0, 2, 19, 23)",5,10,10,10,10,10,1,9,0
3850,conv2d_12,"(0, 1, 18, 14)",20,10,10,10,10,10,0,10,0
3851,conv2d_12,"(2, 2, 25, 6)",17,10,10,10,10,10,0,10,0
3852,conv2d_12,"(2, 2, 2, 30)",0,10,10,10,10,10,1,9,0
3853,conv2d_12,"(1, 1, 12, 23)",12,10,10,10,10,10,0,10,0
3854,conv2d_12,"(1, 2, 9, 18)",25,10,10,10,10,10,0,10,0
3855,conv2d_12,"(2, 1, 24, 10)",0,10,10,10,10,10,2,8,0
3856,conv2d_12,"(2, 2, 27, 14)",7,10,10,10,10,10,0,10,0
3857,conv2d_12,"(2, 0, 31, 30)",23,10,10,10,10,10,10,0,0
3858,conv2d_12,"(2, 1, 23, 1)",11,10,10,10,10,10,0,10,0
3859,conv2d_12,"(0, 2, 29, 23)",29,10,10,10,10,10,0,10,0
3860,conv2d_12,"(2, 2, 1, 24)",15,10,10,10,10,10,0,10,0
3861,conv2d_12,"(0, 0, 1, 8)",27,10,10,10,10,10,0,10,0
3862,conv2d_12,"(2, 2, 29, 22)",11,10,10,10,10,10,0,10,0
3863,conv2d_12,"(1, 0, 0, 24)",0,10,10,10,10,10,0,10,0
3864,conv2d_12,"(0, 1, 8, 23)",23,10,10,10,10,10,0,10,0
3865,conv2d_12,"(0, 1, 20, 21)",31,10,10,10,10,10,0,10,0
3866,conv2d_12,"(2, 0, 18, 29)",8,10,10,10,10,10,0,10,0
3867,conv2d_12,"(1, 2, 18, 31)",11,10,10,10,10,10,0,10,0
3868,conv2d_12,"(2, 2, 6, 4)",9,10,10,10,10,10,0,10,0
3869,conv2d_12,"(2, 2, 5, 17)",25,10,10,10,10,10,0,10,0
3870,conv2d_12,"(1, 0, 27, 8)",10,10,10,10,10,10,0,10,0
3871,conv2d_12,"(1, 2, 30, 9)",4,10,10,10,10,10,1,9,0
3872,conv2d_12,"(2, 1, 3, 28)",23,10,10,10,10,10,0,10,0
3873,conv2d_12,"(0, 2, 8, 17)",22,10,10,10,10,10,0,10,0
3874,conv2d_12,"(1, 0, 23, 18)",20,10,10,10,10,10,0,10,0
3875,conv2d_12,"(0, 2, 8, 27)",9,10,10,10,10,10,0,10,0
3876,conv2d_12,"(1, 0, 23, 8)",1,10,10,10,10,10,7,3,0
3877,conv2d_12,"(2, 1, 4, 3)",14,10,10,10,10,10,0,10,0
3878,conv2d_12,"(1, 0, 26, 21)",29,10,10,10,10,10,0,10,0
3879,conv2d_12,"(0, 1, 13, 10)",30,10,1,5,1,5,0,1,9
3880,conv2d_12,"(2, 2, 10, 11)",20,10,10,10,10,10,0,10,0
3881,conv2d_12,"(0, 0, 0, 17)",31,10,10,10,10,10,0,10,0
3882,conv2d_12,"(2, 1, 10, 11)",28,10,10,10,10,10,0,10,0
3883,conv2d_12,"(0, 1, 5, 15)",4,10,10,10,10,10,0,10,0
3884,conv2d_12,"(0, 1, 23, 24)",4,10,10,10,10,10,0,10,0
3885,conv2d_12,"(2, 2, 22, 3)",3,10,10,10,10,10,0,10,0
3886,conv2d_12,"(2, 1, 7, 5)",0,10,10,10,10,10,10,0,0
3887,conv2d_12,"(0, 2, 29, 11)",5,10,10,10,10,10,0,10,0
3888,conv2d_12,"(1, 0, 11, 20)",2,10,10,10,10,10,1,9,0
3889,conv2d_12,"(1, 0, 14, 23)",8,10,10,10,10,10,0,10,0
3890,conv2d_12,"(0, 1, 2, 12)",4,10,10,10,10,10,0,10,0
3891,conv2d_12,"(2, 0, 20, 27)",0,10,10,10,10,10,4,6,0
3892,conv2d_12,"(2, 2, 16, 30)",5,10,10,10,10,10,0,10,0
3893,conv2d_12,"(2, 1, 20, 19)",14,10,10,10,10,10,0,10,0
3894,conv2d_12,"(1, 2, 29, 9)",13,10,10,10,10,10,0,10,0
3895,conv2d_12,"(0, 2, 22, 26)",16,10,10,10,10,10,0,10,0
3896,conv2d_12,"(0, 1, 30, 17)",5,10,10,10,10,10,0,10,0
3897,conv2d_12,"(0, 1, 30, 9)",5,10,10,10,10,10,6,4,0
3898,conv2d_12,"(0, 1, 4, 13)",21,10,10,10,10,10,0,10,0
3899,conv2d_12,"(1, 2, 9, 2)",25,10,10,10,10,10,0,10,0
3900,conv2d_12,"(0, 1, 11, 14)",18,10,10,10,10,10,0,10,0
3901,conv2d_12,"(1, 1, 23, 13)",15,10,10,10,10,10,0,10,0
3902,conv2d_12,"(1, 2, 9, 21)",3,10,10,10,10,10,0,10,0
3903,conv2d_12,"(2, 1, 17, 25)",2,10,10,10,10,10,0,10,0
3904,conv2d_12,"(0, 2, 28, 27)",14,10,10,10,10,10,0,10,0
3905,conv2d_12,"(2, 2, 19, 16)",12,10,10,10,10,10,0,10,0
3906,conv2d_12,"(1, 0, 11, 19)",24,10,10,10,10,10,0,10,0
3907,conv2d_12,"(0, 2, 25, 19)",3,10,10,10,10,10,0,10,0
3908,conv2d_12,"(0, 1, 21, 21)",28,10,10,10,10,10,0,10,0
3909,conv2d_12,"(1, 1, 3, 17)",28,10,10,10,10,10,0,10,0
3910,conv2d_12,"(0, 1, 22, 21)",25,10,10,10,10,10,0,10,0
3911,conv2d_12,"(2, 0, 13, 10)",0,10,10,10,10,10,4,6,0
3912,conv2d_12,"(1, 0, 21, 2)",2,10,10,10,10,10,0,10,0
3913,conv2d_12,"(2, 0, 19, 31)",6,10,10,10,10,10,0,10,0
3914,conv2d_12,"(0, 0, 6, 14)",29,10,10,10,10,10,0,10,0
3915,conv2d_12,"(2, 2, 6, 24)",1,10,10,10,10,10,0,10,0
3916,conv2d_12,"(1, 2, 21, 9)",28,10,10,10,10,10,0,10,0
3917,conv2d_12,"(2, 2, 3, 24)",11,10,10,10,10,10,0,10,0
3918,conv2d_12,"(1, 2, 1, 10)",23,10,10,10,10,10,0,10,0
3919,conv2d_12,"(1, 2, 20, 14)",5,10,10,10,10,10,0,10,0
3920,conv2d_12,"(0, 2, 0, 11)",8,10,10,10,10,10,0,10,0
3921,conv2d_12,"(1, 2, 28, 11)",22,10,10,10,10,10,0,10,0
3922,conv2d_12,"(0, 1, 0, 3)",3,10,10,10,10,10,0,10,0
3923,conv2d_12,"(0, 1, 20, 5)",13,10,10,10,10,10,0,10,0
3924,conv2d_12,"(2, 2, 22, 11)",16,10,10,10,10,10,0,10,0
3925,conv2d_12,"(0, 1, 21, 28)",18,10,10,10,10,10,0,10,0
3926,conv2d_12,"(0, 1, 31, 2)",12,10,10,10,10,10,10,0,0
3927,conv2d_12,"(2, 2, 29, 8)",3,10,10,10,10,10,0,10,0
3928,conv2d_12,"(2, 0, 23, 22)",14,10,10,10,10,10,0,10,0
3929,conv2d_12,"(0, 1, 3, 4)",18,10,10,10,10,10,0,10,0
3930,conv2d_12,"(2, 0, 19, 13)",13,10,10,10,10,10,0,10,0
3931,conv2d_12,"(1, 1, 0, 7)",8,10,10,10,10,10,0,10,0
3932,conv2d_12,"(1, 0, 13, 2)",18,10,10,10,10,10,0,10,0
3933,conv2d_12,"(2, 1, 4, 4)",6,10,10,10,10,10,0,10,0
3934,conv2d_12,"(2, 2, 21, 14)",11,10,10,10,10,10,0,10,0
3935,conv2d_12,"(0, 1, 22, 22)",21,10,10,10,10,10,0,10,0
3936,conv2d_12,"(1, 1, 2, 9)",4,10,10,10,10,10,0,10,0
3937,conv2d_12,"(1, 1, 3, 2)",0,10,10,10,10,10,10,0,0
3938,conv2d_12,"(2, 1, 25, 1)",3,10,10,10,10,10,0,10,0
3939,conv2d_12,"(2, 1, 24, 4)",30,10,1,7,1,7,0,1,9
3940,conv2d_12,"(2, 0, 2, 16)",30,10,2,5,2,5,0,2,8
3941,conv2d_12,"(2, 0, 8, 17)",12,10,10,10,10,10,0,10,0
3942,conv2d_12,"(2, 2, 19, 18)",23,10,10,10,10,10,0,10,0
3943,conv2d_12,"(0, 1, 1, 14)",31,10,10,10,10,10,0,10,0
3944,conv2d_12,"(0, 1, 24, 29)",20,10,10,10,10,10,0,10,0
3945,conv2d_12,"(0, 2, 13, 0)",22,10,10,10,10,10,0,10,0
3946,conv2d_12,"(1, 0, 4, 0)",24,10,10,10,10,10,0,10,0
3947,conv2d_12,"(0, 1, 16, 20)",11,10,10,10,10,10,0,10,0
3948,conv2d_12,"(1, 2, 6, 18)",16,10,10,10,10,10,0,10,0
3949,conv2d_12,"(2, 0, 3, 11)",9,10,10,10,10,10,0,10,0
3950,conv2d_12,"(1, 1, 14, 14)",6,10,10,10,10,10,0,10,0
3951,conv2d_12,"(2, 0, 0, 4)",2,10,10,10,10,10,0,10,0
3952,conv2d_12,"(1, 0, 2, 26)",0,10,10,10,10,10,3,7,0
3953,conv2d_12,"(0, 0, 16, 26)",9,10,10,10,10,10,0,10,0
3954,conv2d_12,"(1, 1, 5, 7)",28,10,10,10,10,10,0,10,0
3955,conv2d_12,"(2, 0, 8, 14)",18,10,10,10,10,10,0,10,0
3956,conv2d_12,"(1, 2, 29, 21)",28,10,10,10,10,10,0,10,0
3957,conv2d_12,"(0, 0, 11, 20)",27,10,10,10,10,10,0,10,0
3958,conv2d_12,"(1, 0, 10, 19)",14,10,10,10,10,10,0,10,0
3959,conv2d_12,"(2, 0, 26, 15)",0,10,10,10,10,10,0,10,0
3960,conv2d_12,"(1, 1, 29, 9)",11,10,10,10,10,10,0,10,0
3961,conv2d_12,"(1, 1, 16, 4)",1,10,10,10,10,10,4,6,0
3962,conv2d_12,"(1, 0, 0, 8)",5,10,10,10,10,10,0,10,0
3963,conv2d_12,"(0, 2, 10, 22)",0,10,10,10,10,10,0,10,0
3964,conv2d_12,"(1, 2, 12, 11)",10,10,10,10,10,10,0,10,0
3965,conv2d_12,"(0, 1, 10, 6)",7,10,10,10,10,10,0,10,0
3966,conv2d_12,"(2, 1, 0, 31)",6,10,10,10,10,10,0,10,0
3967,conv2d_12,"(0, 2, 6, 27)",27,10,10,10,10,10,0,10,0
3968,conv2d_12,"(1, 2, 23, 13)",5,10,10,10,10,10,0,10,0
3969,conv2d_12,"(2, 1, 29, 20)",10,10,10,10,10,10,0,10,0
3970,conv2d_12,"(2, 2, 24, 6)",2,10,10,10,10,10,0,10,0
3971,conv2d_12,"(0, 1, 21, 3)",13,10,10,10,10,10,0,10,0
3972,conv2d_12,"(2, 0, 24, 4)",30,10,3,7,3,7,0,3,7
3973,conv2d_12,"(1, 1, 17, 11)",3,10,10,10,10,10,2,8,0
3974,conv2d_12,"(0, 2, 8, 6)",30,10,2,5,2,5,0,2,8
3975,conv2d_12,"(0, 0, 0, 10)",13,10,10,10,10,10,0,10,0
3976,conv2d_12,"(2, 0, 8, 18)",8,10,10,10,10,10,0,10,0
3977,conv2d_12,"(1, 0, 3, 9)",17,10,10,10,10,10,0,10,0
3978,conv2d_12,"(1, 2, 31, 17)",13,10,10,10,10,10,10,0,0
3979,conv2d_12,"(0, 1, 7, 8)",23,10,10,10,10,10,0,10,0
3980,conv2d_12,"(2, 0, 0, 12)",0,10,10,10,10,10,1,9,0
3981,conv2d_12,"(2, 0, 2, 8)",3,10,10,10,10,10,0,10,0
3982,conv2d_12,"(0, 0, 9, 17)",8,10,10,10,10,10,0,10,0
3983,conv2d_12,"(1, 0, 31, 28)",6,10,10,10,10,10,10,0,0
3984,conv2d_12,"(2, 0, 23, 15)",2,10,10,10,10,10,1,9,0
3985,conv2d_12,"(1, 1, 5, 8)",3,10,10,10,10,10,0,10,0
3986,conv2d_12,"(1, 0, 16, 26)",0,10,10,10,10,10,2,8,0
3987,conv2d_12,"(2, 2, 22, 3)",14,10,10,10,10,10,0,10,0
3988,conv2d_12,"(1, 1, 29, 28)",25,10,10,10,10,10,0,10,0
3989,conv2d_12,"(0, 0, 14, 6)",1,10,10,10,10,10,0,10,0
3990,conv2d_12,"(1, 2, 5, 10)",4,10,10,10,10,10,0,10,0
3991,conv2d_12,"(1, 2, 19, 30)",2,10,10,10,10,10,1,9,0
3992,conv2d_12,"(0, 0, 13, 10)",16,10,10,10,10,10,0,10,0
3993,conv2d_12,"(0, 2, 17, 15)",24,10,10,10,10,10,0,10,0
3994,conv2d_12,"(0, 2, 10, 25)",5,10,10,10,10,10,0,10,0
3995,conv2d_12,"(1, 1, 7, 12)",0,10,10,10,10,10,8,2,0
3996,conv2d_12,"(1, 2, 23, 3)",23,10,10,10,10,10,0,10,0
3997,conv2d_12,"(1, 0, 25, 26)",24,10,10,10,10,10,0,10,0
3998,conv2d_12,"(0, 0, 25, 14)",25,10,10,10,10,10,0,10,0
3999,conv2d_12,"(0, 1, 23, 23)",18,10,10,10,10,10,0,10,0
4000,conv2d_12,"(2, 0, 19, 16)",28,10,10,10,10,10,0,10,0
4001,conv2d_12,"(0, 2, 25, 27)",19,10,10,10,10,10,0,10,0
4002,conv2d_12,"(2, 1, 14, 12)",22,10,10,10,10,10,0,10,0
4003,conv2d_12,"(2, 2, 19, 0)",24,10,10,10,10,10,0,10,0
4004,conv2d_12,"(0, 0, 29, 10)",10,10,10,10,10,10,0,10,0
4005,conv2d_12,"(1, 0, 8, 24)",5,10,10,10,10,10,0,10,0
4006,conv2d_12,"(1, 0, 9, 18)",26,10,10,10,10,10,0,10,0
4007,conv2d_12,"(2, 2, 21, 8)",20,10,10,10,10,10,0,10,0
4008,conv2d_12,"(0, 2, 9, 17)",2,10,10,10,10,10,0,10,0
4009,conv2d_12,"(2, 2, 6, 31)",26,10,10,10,10,10,0,10,0
4010,conv2d_12,"(2, 1, 15, 9)",5,10,10,10,10,10,0,10,0
4011,conv2d_12,"(0, 0, 16, 24)",21,10,10,10,10,10,0,10,0
4012,conv2d_12,"(2, 1, 8, 15)",29,10,10,10,10,10,0,10,0
4013,conv2d_12,"(2, 0, 23, 11)",23,10,10,10,10,10,0,10,0
4014,conv2d_12,"(0, 1, 14, 15)",12,10,10,10,10,10,0,10,0
4015,conv2d_12,"(0, 0, 15, 2)",23,10,10,10,10,10,0,10,0
4016,conv2d_12,"(0, 1, 25, 31)",17,10,10,10,10,10,0,10,0
4017,conv2d_12,"(2, 1, 29, 23)",17,10,10,10,10,10,0,10,0
4018,conv2d_12,"(1, 1, 21, 31)",17,10,10,10,10,10,0,10,0
4019,conv2d_12,"(1, 0, 12, 21)",27,10,10,10,10,10,0,10,0
4020,conv2d_12,"(1, 1, 30, 23)",24,10,10,10,10,10,0,10,0
4021,conv2d_12,"(1, 0, 4, 24)",17,10,10,10,10,10,0,10,0
4022,conv2d_12,"(0, 1, 5, 8)",18,10,10,10,10,10,0,10,0
4023,conv2d_12,"(2, 2, 1, 23)",0,10,10,10,10,10,10,0,0
4024,conv2d_12,"(2, 0, 19, 21)",21,10,10,10,10,10,0,10,0
4025,conv2d_13,"(2, 0, 25, 23)",20,10,10,10,10,10,0,10,0
4026,conv2d_13,"(1, 1, 24, 47)",28,10,10,10,10,10,0,10,0
4027,conv2d_13,"(0, 0, 7, 23)",29,10,10,10,10,10,0,10,0
4028,conv2d_13,"(0, 1, 8, 35)",7,10,10,10,10,10,0,10,0
4029,conv2d_13,"(1, 0, 11, 34)",18,10,10,10,10,10,0,10,0
4030,conv2d_13,"(2, 2, 16, 6)",12,10,10,10,10,10,0,10,0
4031,conv2d_13,"(1, 0, 10, 31)",19,10,10,10,10,10,0,10,0
4032,conv2d_13,"(0, 2, 19, 40)",3,10,10,10,10,10,10,0,0
4033,conv2d_13,"(0, 2, 26, 57)",29,10,10,10,10,10,0,10,0
4034,conv2d_13,"(2, 0, 6, 28)",1,10,10,10,10,10,9,1,0
4035,conv2d_13,"(2, 1, 31, 15)",10,10,10,10,10,10,0,10,0
4036,conv2d_13,"(0, 1, 7, 18)",28,10,10,10,10,10,0,10,0
4037,conv2d_13,"(1, 0, 17, 11)",13,10,10,10,10,10,0,10,0
4038,conv2d_13,"(2, 0, 17, 46)",27,10,10,10,10,10,0,10,0
4039,conv2d_13,"(1, 2, 16, 58)",31,10,10,10,10,10,0,10,0
4040,conv2d_13,"(1, 0, 7, 6)",10,10,10,10,10,10,0,10,0
4041,conv2d_13,"(1, 2, 26, 3)",9,10,10,10,10,10,0,10,0
4042,conv2d_13,"(1, 1, 28, 28)",8,10,10,10,10,10,0,10,0
4043,conv2d_13,"(2, 1, 25, 55)",26,10,10,10,10,10,0,10,0
4044,conv2d_13,"(1, 0, 12, 24)",7,10,10,10,10,10,0,10,0
4045,conv2d_13,"(2, 0, 3, 35)",22,10,10,10,10,10,0,10,0
4046,conv2d_13,"(2, 0, 28, 19)",1,10,10,10,10,10,10,0,0
4047,conv2d_13,"(2, 2, 20, 47)",2,10,10,10,10,10,0,10,0
4048,conv2d_13,"(0, 1, 1, 4)",11,10,10,10,10,10,0,10,0
4049,conv2d_13,"(1, 0, 4, 16)",20,10,10,10,10,10,0,10,0
4050,conv2d_13,"(0, 1, 12, 59)",1,10,10,10,10,10,2,8,0
4051,conv2d_13,"(2, 2, 14, 38)",7,10,10,10,10,10,0,10,0
4052,conv2d_13,"(2, 2, 25, 27)",5,10,10,10,10,10,3,7,0
4053,conv2d_13,"(0, 0, 10, 63)",7,10,10,10,10,10,1,9,0
4054,conv2d_13,"(2, 1, 24, 25)",22,10,10,10,10,10,0,10,0
4055,conv2d_13,"(0, 2, 25, 19)",1,10,10,10,10,10,7,3,0
4056,conv2d_13,"(0, 1, 31, 23)",8,10,10,10,10,10,0,10,0
4057,conv2d_13,"(2, 2, 22, 47)",13,10,10,10,10,10,0,10,0
4058,conv2d_13,"(0, 0, 9, 30)",28,10,10,10,10,10,2,8,0
4059,conv2d_13,"(2, 2, 12, 29)",11,10,10,10,10,10,10,0,0
4060,conv2d_13,"(1, 1, 18, 0)",14,10,10,10,10,10,0,10,0
4061,conv2d_13,"(0, 0, 14, 45)",27,10,10,10,10,10,0,10,0
4062,conv2d_13,"(2, 1, 5, 54)",2,10,10,10,10,10,7,3,0
4063,conv2d_13,"(0, 0, 25, 60)",29,10,10,10,10,10,0,10,0
4064,conv2d_13,"(1, 2, 11, 5)",31,10,10,10,10,10,0,10,0
4065,conv2d_13,"(0, 1, 10, 15)",2,10,10,10,10,10,4,6,0
4066,conv2d_13,"(1, 0, 0, 12)",9,10,10,10,10,10,0,10,0
4067,conv2d_13,"(1, 2, 6, 50)",14,10,10,10,10,10,0,10,0
4068,conv2d_13,"(1, 2, 5, 23)",27,10,10,10,10,10,0,10,0
4069,conv2d_13,"(1, 1, 16, 33)",12,10,10,10,10,10,0,10,0
4070,conv2d_13,"(1, 0, 28, 41)",9,10,10,10,10,10,0,10,0
4071,conv2d_13,"(2, 0, 13, 26)",9,10,10,10,10,10,0,10,0
4072,conv2d_13,"(2, 0, 1, 20)",18,10,10,10,10,10,0,10,0
4073,conv2d_13,"(1, 2, 9, 32)",9,10,10,10,10,10,0,10,0
4074,conv2d_13,"(2, 1, 11, 23)",25,10,10,10,10,10,0,10,0
4075,conv2d_13,"(0, 2, 24, 7)",21,10,10,10,10,10,0,10,0
4076,conv2d_13,"(2, 0, 23, 27)",24,10,10,10,10,10,0,10,0
4077,conv2d_13,"(0, 0, 30, 31)",7,10,10,10,10,10,0,10,0
4078,conv2d_13,"(1, 2, 17, 7)",31,10,10,10,10,10,0,10,0
4079,conv2d_13,"(0, 0, 6, 35)",31,10,10,10,10,10,0,10,0
4080,conv2d_13,"(2, 1, 14, 40)",7,10,10,10,10,10,10,0,0
4081,conv2d_13,"(0, 2, 9, 41)",4,10,10,10,10,10,0,10,0
4082,conv2d_13,"(0, 1, 24, 28)",3,10,10,10,10,10,2,8,0
4083,conv2d_13,"(0, 2, 25, 36)",30,10,10,10,10,10,0,10,0
4084,conv2d_13,"(0, 1, 24, 46)",17,10,10,10,10,10,0,10,0
4085,conv2d_13,"(1, 1, 2, 60)",16,10,10,10,10,10,0,10,0
4086,conv2d_13,"(2, 2, 11, 9)",4,10,10,10,10,10,1,9,0
4087,conv2d_13,"(1, 2, 5, 47)",17,10,10,10,10,10,0,10,0
4088,conv2d_13,"(2, 2, 4, 9)",21,10,10,10,10,10,0,10,0
4089,conv2d_13,"(1, 0, 27, 42)",5,10,10,10,10,10,4,6,0
4090,conv2d_13,"(2, 1, 13, 48)",28,10,10,10,10,10,0,10,0
4091,conv2d_13,"(0, 0, 22, 63)",30,10,10,10,10,10,1,9,0
4092,conv2d_13,"(0, 1, 8, 0)",10,10,10,10,10,10,0,10,0
4093,conv2d_13,"(2, 0, 10, 55)",4,10,10,10,10,10,2,8,0
4094,conv2d_13,"(0, 2, 6, 63)",5,10,10,10,10,10,0,10,0
4095,conv2d_13,"(0, 0, 19, 19)",15,10,10,10,10,10,0,10,0
4096,conv2d_13,"(1, 2, 25, 55)",29,10,10,10,10,10,0,10,0
4097,conv2d_13,"(2, 2, 2, 51)",30,10,1,4,1,4,0,1,9
4098,conv2d_13,"(0, 1, 4, 27)",31,10,10,10,10,10,0,10,0
4099,conv2d_13,"(0, 2, 14, 61)",11,10,10,10,10,10,0,10,0
4100,conv2d_13,"(2, 1, 28, 16)",1,10,10,10,10,10,3,7,0
4101,conv2d_13,"(2, 2, 21, 58)",30,10,0,6,0,6,0,0,10
4102,conv2d_13,"(0, 2, 22, 53)",13,10,10,10,10,10,0,10,0
4103,conv2d_13,"(0, 2, 12, 39)",5,10,10,10,10,10,0,10,0
4104,conv2d_13,"(1, 0, 21, 48)",1,10,10,10,10,10,8,2,0
4105,conv2d_13,"(0, 0, 11, 42)",9,10,10,10,10,10,1,9,0
4106,conv2d_13,"(0, 2, 10, 5)",4,10,10,10,10,10,1,9,0
4107,conv2d_13,"(1, 1, 1, 45)",24,10,10,10,10,10,0,10,0
4108,conv2d_13,"(2, 2, 18, 34)",29,10,10,10,10,10,0,10,0
4109,conv2d_13,"(0, 2, 30, 36)",3,10,10,10,10,10,5,5,0
4110,conv2d_13,"(1, 2, 8, 0)",29,10,10,10,10,10,0,10,0
4111,conv2d_13,"(1, 2, 19, 50)",27,10,10,10,10,10,0,10,0
4112,conv2d_13,"(1, 2, 25, 63)",28,10,10,10,10,10,0,10,0
4113,conv2d_13,"(0, 1, 19, 57)",12,10,10,10,10,10,0,10,0
4114,conv2d_13,"(1, 2, 22, 49)",2,10,10,10,10,10,3,7,0
4115,conv2d_13,"(0, 0, 21, 32)",26,10,10,10,10,10,0,10,0
4116,conv2d_13,"(1, 2, 22, 31)",14,10,10,10,10,10,0,10,0
4117,conv2d_13,"(0, 2, 12, 60)",24,10,10,10,10,10,0,10,0
4118,conv2d_13,"(2, 0, 27, 34)",29,10,10,10,10,10,0,10,0
4119,conv2d_13,"(0, 2, 5, 56)",22,10,10,10,10,10,0,10,0
4120,conv2d_13,"(0, 1, 24, 17)",13,10,10,10,10,10,0,10,0
4121,conv2d_13,"(2, 1, 23, 6)",0,10,10,10,10,10,1,9,0
4122,conv2d_13,"(1, 0, 23, 22)",10,10,10,10,10,10,0,10,0
4123,conv2d_13,"(1, 2, 29, 20)",13,10,10,10,10,10,0,10,0
4124,conv2d_13,"(0, 0, 19, 54)",20,10,10,10,10,10,0,10,0
4125,conv2d_13,"(2, 1, 21, 37)",22,10,10,10,10,10,0,10,0
4126,conv2d_13,"(2, 1, 26, 36)",15,10,10,10,10,10,0,10,0
4127,conv2d_13,"(1, 1, 21, 38)",14,10,10,10,10,10,0,10,0
4128,conv2d_13,"(0, 1, 16, 39)",7,10,10,10,10,10,0,10,0
4129,conv2d_13,"(2, 0, 15, 50)",16,10,10,10,10,10,0,10,0
4130,conv2d_13,"(1, 0, 28, 35)",17,10,10,10,10,10,0,10,0
4131,conv2d_13,"(0, 2, 16, 52)",10,10,10,10,10,10,0,10,0
4132,conv2d_13,"(0, 2, 14, 18)",21,10,10,10,10,10,0,10,0
4133,conv2d_13,"(2, 2, 8, 53)",30,10,2,3,2,3,0,2,8
4134,conv2d_13,"(0, 0, 17, 27)",10,10,10,10,10,10,0,10,0
4135,conv2d_13,"(2, 1, 0, 13)",8,10,10,10,10,10,0,10,0
4136,conv2d_13,"(0, 1, 11, 7)",2,10,10,10,10,10,4,6,0
4137,conv2d_13,"(1, 2, 20, 61)",22,10,10,10,10,10,0,10,0
4138,conv2d_13,"(2, 2, 18, 24)",26,10,10,10,10,10,0,10,0
4139,conv2d_13,"(1, 2, 21, 47)",8,10,10,10,10,10,0,10,0
4140,conv2d_13,"(0, 0, 2, 16)",2,10,10,10,10,10,3,7,0
4141,conv2d_13,"(2, 1, 17, 38)",19,10,10,10,10,10,0,10,0
4142,conv2d_13,"(0, 2, 4, 48)",14,10,10,10,10,10,0,10,0
4143,conv2d_13,"(0, 2, 1, 6)",22,10,10,10,10,10,0,10,0
4144,conv2d_13,"(0, 0, 8, 13)",29,10,10,10,10,10,0,10,0
4145,conv2d_13,"(1, 2, 25, 42)",25,10,10,10,10,10,0,10,0
4146,conv2d_13,"(2, 1, 21, 24)",30,10,10,10,10,10,0,10,0
4147,conv2d_13,"(0, 2, 27, 0)",13,10,10,10,10,10,0,10,0
4148,conv2d_13,"(2, 1, 16, 8)",19,10,10,10,10,10,0,10,0
4149,conv2d_13,"(2, 1, 16, 24)",25,10,10,10,10,10,0,10,0
4150,conv2d_13,"(0, 0, 14, 49)",14,10,10,10,10,10,0,10,0
4151,conv2d_13,"(0, 1, 3, 47)",11,10,10,10,10,10,0,10,0
4152,conv2d_13,"(0, 2, 26, 24)",8,10,10,10,10,10,0,10,0
4153,conv2d_13,"(0, 1, 15, 4)",29,10,10,10,10,10,1,9,0
4154,conv2d_13,"(1, 1, 11, 37)",13,10,10,10,10,10,0,10,0
4155,conv2d_13,"(1, 0, 1, 13)",28,10,10,10,10,10,0,10,0
4156,conv2d_13,"(2, 0, 25, 53)",2,10,10,10,10,10,3,7,0
4157,conv2d_13,"(2, 1, 9, 40)",24,10,10,10,10,10,0,10,0
4158,conv2d_13,"(2, 0, 9, 6)",31,10,10,10,10,10,0,10,0
4159,conv2d_13,"(0, 1, 18, 56)",16,10,10,10,10,10,0,10,0
4160,conv2d_13,"(1, 0, 2, 24)",20,10,10,10,10,10,0,10,0
4161,conv2d_13,"(0, 2, 9, 7)",23,10,10,10,10,10,0,10,0
4162,conv2d_13,"(0, 2, 10, 6)",17,10,10,10,10,10,0,10,0
4163,conv2d_13,"(1, 0, 25, 54)",28,10,10,10,10,10,0,10,0
4164,conv2d_13,"(0, 0, 10, 43)",8,10,10,10,10,10,0,10,0
4165,conv2d_13,"(0, 0, 14, 19)",1,10,10,10,10,10,6,4,0
4166,conv2d_13,"(1, 2, 21, 17)",6,10,10,10,10,10,0,10,0
4167,conv2d_13,"(0, 0, 13, 27)",1,10,10,10,10,10,9,1,0
4168,conv2d_13,"(1, 1, 12, 28)",29,10,10,10,10,10,0,10,0
4169,conv2d_13,"(2, 2, 4, 56)",7,10,10,10,10,10,1,9,0
4170,conv2d_13,"(1, 0, 29, 54)",28,10,10,10,10,10,0,10,0
4171,conv2d_13,"(1, 2, 9, 54)",22,10,10,10,10,10,2,8,0
4172,conv2d_13,"(2, 0, 15, 40)",11,10,10,10,10,10,0,10,0
4173,conv2d_13,"(0, 0, 23, 35)",5,10,10,10,10,10,10,0,0
4174,conv2d_13,"(2, 2, 14, 22)",16,10,10,10,10,10,0,10,0
4175,conv2d_13,"(0, 0, 10, 62)",13,10,10,10,10,10,10,0,0
4176,conv2d_13,"(0, 0, 8, 34)",18,10,10,10,10,10,1,9,0
4177,conv2d_13,"(2, 2, 4, 58)",1,10,10,10,10,10,3,7,0
4178,conv2d_13,"(2, 0, 29, 11)",10,10,10,10,10,10,0,10,0
4179,conv2d_13,"(0, 1, 18, 16)",3,10,10,10,10,10,0,10,0
4180,conv2d_13,"(1, 2, 26, 56)",29,10,10,10,10,10,0,10,0
4181,conv2d_13,"(2, 2, 30, 13)",31,10,10,10,10,10,0,10,0
4182,conv2d_13,"(1, 0, 16, 41)",11,10,10,10,10,10,0,10,0
4183,conv2d_13,"(1, 1, 3, 33)",14,10,10,10,10,10,0,10,0
4184,conv2d_13,"(2, 1, 9, 56)",9,10,10,10,10,10,0,10,0
4185,conv2d_13,"(0, 0, 4, 43)",20,10,10,10,10,10,0,10,0
4186,conv2d_13,"(1, 1, 21, 5)",18,10,10,10,10,10,0,10,0
4187,conv2d_13,"(0, 1, 9, 32)",15,10,10,10,10,10,0,10,0
4188,conv2d_13,"(2, 0, 28, 24)",11,10,10,10,10,10,0,10,0
4189,conv2d_13,"(0, 0, 8, 12)",3,10,10,10,10,10,3,7,0
4190,conv2d_13,"(2, 0, 29, 15)",15,10,10,10,10,10,0,10,0
4191,conv2d_13,"(2, 2, 26, 44)",3,10,10,10,10,10,4,6,0
4192,conv2d_13,"(0, 1, 29, 9)",18,10,10,10,10,10,0,10,0
4193,conv2d_13,"(2, 0, 14, 4)",22,10,10,10,10,10,1,9,0
4194,conv2d_13,"(2, 1, 16, 13)",11,10,10,10,10,10,0,10,0
4195,conv2d_13,"(1, 0, 7, 40)",11,10,10,10,10,10,0,10,0
4196,conv2d_13,"(1, 1, 9, 22)",16,10,10,10,10,10,0,10,0
4197,conv2d_13,"(2, 1, 14, 31)",11,10,10,10,10,10,0,10,0
4198,conv2d_13,"(1, 1, 1, 20)",9,10,10,10,10,10,0,10,0
4199,conv2d_13,"(1, 0, 7, 18)",24,10,10,10,10,10,0,10,0
4200,conv2d_13,"(2, 2, 16, 41)",24,10,10,10,10,10,0,10,0
4201,conv2d_13,"(2, 2, 12, 24)",0,10,10,10,10,10,6,4,0
4202,conv2d_13,"(1, 1, 12, 25)",19,10,10,10,10,10,0,10,0
4203,conv2d_13,"(1, 2, 1, 56)",31,10,10,10,10,10,0,10,0
4204,conv2d_13,"(1, 1, 0, 42)",1,10,10,10,10,10,7,3,0
4205,conv2d_13,"(1, 2, 0, 21)",24,10,10,10,10,10,0,10,0
4206,conv2d_13,"(2, 1, 4, 44)",12,10,10,10,10,10,0,10,0
4207,conv2d_13,"(1, 2, 31, 57)",11,10,10,10,10,10,0,10,0
4208,conv2d_13,"(2, 2, 27, 50)",13,10,10,10,10,10,0,10,0
4209,conv2d_13,"(1, 0, 20, 20)",17,10,10,10,10,10,0,10,0
4210,conv2d_13,"(1, 1, 28, 23)",20,10,10,10,10,10,0,10,0
4211,conv2d_13,"(1, 2, 10, 21)",9,10,10,10,10,10,0,10,0
4212,conv2d_13,"(0, 1, 26, 2)",22,10,10,10,10,10,0,10,0
4213,conv2d_13,"(2, 0, 9, 10)",1,10,10,10,10,10,9,1,0
4214,conv2d_13,"(0, 2, 10, 47)",18,10,10,10,10,10,0,10,0
4215,conv2d_13,"(1, 1, 4, 14)",13,10,10,10,10,10,0,10,0
4216,conv2d_13,"(2, 1, 9, 5)",20,10,10,10,10,10,0,10,0
4217,conv2d_13,"(1, 0, 14, 51)",29,10,10,10,10,10,0,10,0
4218,conv2d_13,"(0, 2, 26, 19)",18,10,10,10,10,10,0,10,0
4219,conv2d_13,"(1, 1, 2, 23)",4,10,10,10,10,10,7,3,0
4220,conv2d_13,"(2, 2, 16, 42)",1,10,10,10,10,10,10,0,0
4221,conv2d_13,"(0, 0, 6, 43)",6,10,10,10,10,10,0,10,0
4222,conv2d_13,"(0, 1, 2, 28)",14,10,10,10,10,10,0,10,0
4223,conv2d_13,"(2, 0, 4, 20)",11,10,10,10,10,10,0,10,0
4224,conv2d_13,"(0, 0, 6, 19)",23,10,10,10,10,10,0,10,0
4225,conv2d_13,"(2, 1, 7, 37)",9,10,10,10,10,10,0,10,0
4226,conv2d_13,"(2, 1, 26, 55)",25,10,10,10,10,10,0,10,0
4227,conv2d_13,"(0, 2, 0, 38)",7,10,10,10,10,10,0,10,0
4228,conv2d_13,"(2, 2, 16, 41)",3,10,10,10,10,10,4,6,0
4229,conv2d_13,"(1, 0, 19, 49)",0,10,10,10,10,10,10,0,0
4230,conv2d_13,"(0, 2, 24, 5)",31,10,10,10,10,10,0,10,0
4231,conv2d_13,"(0, 1, 30, 56)",20,10,10,10,10,10,0,10,0
4232,conv2d_13,"(1, 1, 25, 49)",19,10,10,10,10,10,0,10,0
4233,conv2d_13,"(2, 0, 27, 15)",13,10,10,10,10,10,0,10,0
4234,conv2d_13,"(0, 2, 11, 37)",9,10,10,10,10,10,0,10,0
4235,conv2d_13,"(0, 0, 9, 55)",12,10,10,10,10,10,0,10,0
4236,conv2d_13,"(1, 2, 1, 23)",4,10,10,10,10,10,0,10,0
4237,conv2d_13,"(0, 2, 18, 5)",16,10,10,10,10,10,0,10,0
4238,conv2d_13,"(1, 2, 7, 27)",31,10,10,10,10,10,0,10,0
4239,conv2d_13,"(1, 2, 5, 14)",28,10,10,10,10,10,0,10,0
4240,conv2d_13,"(2, 2, 26, 19)",17,10,10,10,10,10,0,10,0
4241,conv2d_13,"(2, 2, 10, 12)",12,10,10,10,10,10,0,10,0
4242,conv2d_13,"(0, 0, 1, 14)",27,10,10,10,10,10,0,10,0
4243,conv2d_13,"(0, 2, 26, 54)",10,10,10,10,10,10,0,10,0
4244,conv2d_13,"(0, 1, 3, 0)",12,10,10,10,10,10,0,10,0
4245,conv2d_13,"(0, 2, 21, 20)",25,10,10,10,10,10,0,10,0
4246,conv2d_13,"(0, 1, 6, 24)",2,10,10,10,10,10,3,7,0
4247,conv2d_13,"(1, 0, 11, 41)",15,10,10,10,10,10,0,10,0
4248,conv2d_13,"(2, 2, 22, 0)",10,10,10,10,10,10,0,10,0
4249,conv2d_13,"(2, 2, 10, 53)",3,10,10,10,10,10,5,5,0
4250,conv2d_13,"(1, 2, 28, 7)",27,10,10,10,10,10,0,10,0
4251,conv2d_13,"(1, 0, 29, 20)",14,10,10,10,10,10,0,10,0
4252,conv2d_13,"(2, 2, 13, 22)",24,10,10,10,10,10,0,10,0
4253,conv2d_13,"(1, 1, 13, 26)",5,10,10,10,10,10,0,10,0
4254,conv2d_13,"(2, 2, 7, 43)",25,10,10,10,10,10,0,10,0
4255,conv2d_13,"(1, 0, 25, 22)",15,10,10,10,10,10,0,10,0
4256,conv2d_13,"(0, 0, 19, 55)",4,10,10,10,10,10,2,8,0
4257,conv2d_13,"(2, 2, 9, 24)",10,10,10,10,10,10,0,10,0
4258,conv2d_13,"(2, 2, 14, 25)",9,10,10,10,10,10,0,10,0
4259,conv2d_13,"(1, 0, 14, 12)",29,10,10,10,10,10,0,10,0
4260,conv2d_13,"(1, 2, 30, 8)",1,10,10,10,10,10,3,7,0
4261,conv2d_13,"(1, 1, 30, 51)",6,10,10,10,10,10,0,10,0
4262,conv2d_13,"(2, 2, 27, 5)",23,10,10,10,10,10,0,10,0
4263,conv2d_13,"(2, 2, 0, 21)",6,10,10,10,10,10,0,10,0
4264,conv2d_13,"(0, 2, 15, 34)",8,10,10,10,10,10,0,10,0
4265,conv2d_13,"(1, 0, 28, 59)",29,10,10,10,10,10,0,10,0
4266,conv2d_13,"(2, 1, 22, 14)",15,10,10,10,10,10,0,10,0
4267,conv2d_13,"(2, 1, 22, 38)",11,10,10,10,10,10,0,10,0
4268,conv2d_13,"(2, 1, 9, 2)",24,10,10,10,10,10,0,10,0
4269,conv2d_13,"(2, 1, 25, 47)",10,10,10,10,10,10,0,10,0
4270,conv2d_13,"(0, 1, 6, 45)",28,10,10,10,10,10,0,10,0
4271,conv2d_13,"(2, 2, 19, 26)",10,10,10,10,10,10,0,10,0
4272,conv2d_13,"(0, 2, 20, 43)",17,10,10,10,10,10,0,10,0
4273,conv2d_13,"(1, 2, 0, 55)",19,10,10,10,10,10,0,10,0
4274,conv2d_13,"(1, 1, 1, 17)",30,10,10,10,10,10,0,10,0
4275,conv2d_13,"(1, 2, 26, 18)",19,10,10,10,10,10,0,10,0
4276,conv2d_13,"(2, 2, 28, 8)",25,10,10,10,10,10,0,10,0
4277,conv2d_13,"(2, 0, 1, 62)",29,10,10,10,10,10,10,0,0
4278,conv2d_13,"(1, 2, 31, 39)",22,10,10,10,10,10,0,10,0
4279,conv2d_13,"(1, 0, 25, 36)",12,10,10,10,10,10,0,10,0
4280,conv2d_13,"(1, 1, 7, 38)",15,10,10,10,10,10,0,10,0
4281,conv2d_13,"(2, 2, 29, 36)",21,10,10,10,10,10,0,10,0
4282,conv2d_13,"(2, 2, 25, 26)",6,10,10,10,10,10,0,10,0
4283,conv2d_13,"(2, 2, 18, 48)",1,10,10,10,10,10,9,1,0
4284,conv2d_13,"(1, 0, 18, 33)",10,10,10,10,10,10,0,10,0
4285,conv2d_13,"(1, 0, 0, 50)",7,10,10,10,10,10,4,6,0
4286,conv2d_13,"(1, 0, 10, 4)",29,10,10,10,10,10,0,10,0
4287,conv2d_13,"(1, 1, 25, 5)",3,10,10,10,10,10,4,6,0
4288,conv2d_13,"(1, 2, 11, 2)",16,10,10,10,10,10,0,10,0
4289,conv2d_13,"(0, 0, 6, 45)",12,10,10,10,10,10,0,10,0
4290,conv2d_13,"(1, 1, 21, 5)",15,10,10,10,10,10,0,10,0
4291,conv2d_13,"(2, 0, 16, 60)",22,10,10,10,10,10,0,10,0
4292,conv2d_13,"(0, 0, 15, 53)",28,10,10,10,10,10,0,10,0
4293,conv2d_13,"(0, 0, 0, 47)",13,10,10,10,10,10,0,10,0
4294,conv2d_13,"(2, 1, 22, 5)",25,10,10,10,10,10,0,10,0
4295,conv2d_13,"(2, 0, 22, 13)",1,10,10,10,10,10,9,1,0
4296,conv2d_13,"(1, 0, 24, 45)",16,10,10,10,10,10,0,10,0
4297,conv2d_13,"(2, 2, 28, 24)",18,10,10,10,10,10,0,10,0
4298,conv2d_13,"(2, 0, 28, 55)",30,10,10,10,10,10,0,10,0
4299,conv2d_13,"(2, 1, 7, 2)",10,10,10,10,10,10,0,10,0
4300,conv2d_13,"(0, 0, 2, 53)",13,10,10,10,10,10,0,10,0
4301,conv2d_13,"(2, 0, 23, 54)",3,10,10,10,10,10,4,6,0
4302,conv2d_13,"(1, 1, 17, 29)",16,10,10,10,10,10,10,0,0
4303,conv2d_13,"(1, 1, 2, 16)",17,10,10,10,10,10,0,10,0
4304,conv2d_13,"(2, 1, 27, 43)",23,10,10,10,10,10,0,10,0
4305,conv2d_13,"(0, 1, 19, 21)",9,10,10,10,10,10,1,9,0
4306,conv2d_13,"(1, 1, 7, 16)",27,10,10,10,10,10,0,10,0
4307,conv2d_13,"(1, 1, 8, 61)",11,10,10,10,10,10,0,10,0
4308,conv2d_13,"(0, 2, 11, 23)",0,10,10,10,10,10,10,0,0
4309,conv2d_13,"(0, 2, 15, 42)",18,10,10,10,10,10,0,10,0
4310,conv2d_13,"(1, 1, 1, 56)",19,10,10,10,10,10,0,10,0
4311,conv2d_13,"(1, 2, 24, 61)",18,10,10,10,10,10,0,10,0
4312,conv2d_13,"(2, 0, 23, 41)",27,10,10,10,10,10,0,10,0
4313,conv2d_13,"(0, 0, 10, 41)",14,10,10,10,10,10,0,10,0
4314,conv2d_13,"(1, 0, 0, 40)",8,10,10,10,10,10,0,10,0
4315,conv2d_13,"(2, 1, 21, 36)",13,10,10,10,10,10,0,10,0
4316,conv2d_13,"(2, 2, 10, 13)",3,10,10,10,10,10,0,10,0
4317,conv2d_13,"(1, 0, 15, 0)",11,10,10,10,10,10,0,10,0
4318,conv2d_13,"(2, 1, 4, 11)",15,10,10,10,10,10,0,10,0
4319,conv2d_13,"(1, 0, 29, 18)",27,10,10,10,10,10,0,10,0
4320,conv2d_13,"(2, 1, 15, 34)",20,10,10,10,10,10,0,10,0
4321,conv2d_13,"(0, 0, 20, 41)",19,10,10,10,10,10,0,10,0
4322,conv2d_13,"(0, 2, 22, 21)",20,10,10,10,10,10,0,10,0
4323,conv2d_13,"(0, 2, 25, 12)",20,10,10,10,10,10,0,10,0
4324,conv2d_13,"(2, 0, 23, 62)",28,10,10,10,10,10,10,0,0
4325,conv2d_13,"(1, 0, 3, 8)",3,10,10,10,10,10,1,9,0
4326,conv2d_13,"(2, 0, 19, 46)",16,10,10,10,10,10,0,10,0
4327,conv2d_13,"(1, 1, 29, 57)",30,10,10,10,10,10,0,10,0
4328,conv2d_13,"(2, 0, 23, 29)",22,10,10,10,10,10,10,0,0
4329,conv2d_13,"(1, 2, 19, 18)",18,10,10,10,10,10,0,10,0
4330,conv2d_13,"(0, 1, 29, 14)",19,10,10,10,10,10,0,10,0
4331,conv2d_13,"(1, 1, 12, 58)",13,10,10,10,10,10,0,10,0
4332,conv2d_13,"(0, 1, 21, 4)",1,10,10,10,10,10,8,2,0
4333,conv2d_13,"(0, 2, 12, 28)",13,10,10,10,10,10,0,10,0
4334,conv2d_13,"(0, 2, 5, 53)",12,10,10,10,10,10,0,10,0
4335,conv2d_13,"(1, 0, 11, 30)",30,10,10,10,10,10,0,10,0
4336,conv2d_13,"(1, 0, 4, 22)",30,10,10,10,10,10,0,10,0
4337,conv2d_13,"(0, 1, 12, 60)",27,10,10,10,10,10,0,10,0
4338,conv2d_13,"(2, 0, 20, 23)",20,10,10,10,10,10,0,10,0
4339,conv2d_13,"(1, 2, 7, 23)",19,10,10,10,10,10,0,10,0
4340,conv2d_13,"(2, 0, 20, 52)",20,10,10,10,10,10,0,10,0
4341,conv2d_13,"(2, 0, 30, 28)",6,10,10,10,10,10,0,10,0
4342,conv2d_13,"(1, 2, 22, 13)",30,10,10,10,10,10,0,10,0
4343,conv2d_13,"(1, 1, 18, 24)",31,10,10,10,10,10,0,10,0
4344,conv2d_13,"(1, 2, 30, 11)",24,10,10,10,10,10,0,10,0
4345,conv2d_13,"(2, 0, 25, 20)",19,10,10,10,10,10,0,10,0
4346,conv2d_13,"(1, 0, 13, 28)",16,10,10,10,10,10,0,10,0
4347,conv2d_13,"(1, 1, 27, 48)",3,10,10,10,10,10,3,7,0
4348,conv2d_13,"(0, 0, 2, 3)",21,10,10,10,10,10,0,10,0
4349,conv2d_13,"(2, 0, 14, 61)",14,10,10,10,10,10,0,10,0
4350,conv2d_13,"(0, 2, 10, 43)",5,10,10,10,10,10,0,10,0
4351,conv2d_13,"(1, 0, 18, 52)",18,10,10,10,10,10,0,10,0
4352,conv2d_13,"(2, 2, 17, 49)",19,10,10,10,10,10,0,10,0
4353,conv2d_13,"(1, 0, 23, 58)",23,10,10,10,10,10,0,10,0
4354,conv2d_13,"(2, 2, 21, 62)",22,10,10,10,10,10,10,0,0
4355,conv2d_13,"(2, 0, 7, 16)",11,10,10,10,10,10,0,10,0
4356,conv2d_13,"(1, 2, 4, 18)",29,10,10,10,10,10,0,10,0
4357,conv2d_13,"(1, 2, 8, 9)",12,10,10,10,10,10,0,10,0
4358,conv2d_13,"(1, 0, 5, 57)",21,10,10,10,10,10,0,10,0
4359,conv2d_13,"(1, 0, 16, 38)",17,10,10,10,10,10,0,10,0
4360,conv2d_13,"(1, 0, 27, 26)",25,10,10,10,10,10,0,10,0
4361,conv2d_13,"(0, 2, 5, 13)",13,10,10,10,10,10,0,10,0
4362,conv2d_13,"(2, 2, 13, 3)",21,10,10,10,10,10,0,10,0
4363,conv2d_13,"(0, 2, 7, 55)",15,10,10,10,10,10,0,10,0
4364,conv2d_13,"(1, 1, 5, 62)",0,10,10,10,10,10,10,0,0
4365,conv2d_13,"(0, 1, 10, 2)",29,10,10,10,10,10,0,10,0
4366,conv2d_13,"(1, 0, 23, 6)",27,10,10,10,10,10,0,10,0
4367,conv2d_13,"(0, 1, 13, 54)",5,10,10,10,10,10,3,7,0
4368,conv2d_13,"(2, 1, 1, 40)",0,10,10,10,10,10,9,1,0
4369,conv2d_13,"(0, 2, 12, 40)",25,10,10,10,10,10,0,10,0
4370,conv2d_13,"(0, 2, 7, 2)",15,10,10,10,10,10,0,10,0
4371,conv2d_13,"(0, 2, 0, 10)",8,10,10,10,10,10,0,10,0
4372,conv2d_13,"(0, 2, 19, 60)",20,10,10,10,10,10,0,10,0
4373,conv2d_13,"(0, 2, 7, 44)",27,10,10,10,10,10,0,10,0
4374,conv2d_13,"(2, 2, 3, 5)",20,10,10,10,10,10,0,10,0
4375,conv2d_13,"(0, 1, 7, 12)",20,10,10,10,10,10,0,10,0
4376,conv2d_13,"(1, 0, 8, 7)",29,10,10,10,10,10,0,10,0
4377,conv2d_13,"(0, 1, 25, 26)",31,10,10,10,10,10,0,10,0
4378,conv2d_13,"(1, 0, 24, 26)",28,10,10,10,10,10,0,10,0
4379,conv2d_13,"(2, 1, 13, 10)",25,10,10,10,10,10,0,10,0
4380,conv2d_13,"(1, 0, 13, 31)",3,10,10,10,10,10,7,3,0
4381,conv2d_13,"(2, 1, 21, 0)",27,10,10,10,10,10,0,10,0
4382,conv2d_13,"(2, 1, 23, 11)",28,10,10,10,10,10,0,10,0
4383,conv2d_13,"(2, 1, 5, 31)",24,10,10,10,10,10,0,10,0
4384,conv2d_13,"(2, 1, 15, 48)",11,10,10,10,10,10,0,10,0
4385,conv2d_13,"(0, 0, 22, 45)",24,10,10,10,10,10,0,10,0
4386,conv2d_13,"(1, 2, 15, 37)",2,10,10,10,10,10,10,0,0
4387,conv2d_13,"(1, 1, 15, 17)",11,10,10,10,10,10,0,10,0
4388,conv2d_13,"(0, 2, 1, 58)",26,10,10,10,10,10,0,10,0
4389,conv2d_13,"(0, 1, 26, 48)",15,10,10,10,10,10,0,10,0
4390,conv2d_13,"(2, 0, 11, 37)",24,10,10,10,10,10,0,10,0
4391,conv2d_13,"(0, 2, 16, 32)",26,10,10,10,10,10,0,10,0
4392,conv2d_13,"(0, 2, 2, 9)",29,10,10,10,10,10,0,10,0
4393,conv2d_13,"(1, 2, 13, 41)",19,10,10,10,10,10,0,10,0
4394,conv2d_13,"(0, 1, 16, 52)",7,10,10,10,10,10,0,10,0
4395,conv2d_13,"(2, 2, 12, 4)",0,10,10,10,10,10,1,9,0
4396,conv2d_13,"(0, 0, 31, 17)",16,10,10,10,10,10,0,10,0
4397,conv2d_13,"(1, 0, 31, 18)",27,10,10,10,10,10,1,9,0
4398,conv2d_13,"(1, 2, 6, 17)",16,10,10,10,10,10,0,10,0
4399,conv2d_13,"(0, 2, 29, 34)",14,10,10,10,10,10,0,10,0
4400,conv2d_13,"(0, 2, 13, 40)",26,10,10,10,10,10,0,10,0
4401,conv2d_13,"(1, 1, 26, 5)",16,10,10,10,10,10,0,10,0
4402,conv2d_13,"(0, 2, 11, 0)",17,10,10,10,10,10,0,10,0
4403,conv2d_13,"(1, 1, 17, 58)",7,10,10,10,10,10,0,10,0
4404,conv2d_13,"(2, 2, 21, 30)",29,10,10,10,10,10,0,10,0
4405,conv2d_13,"(0, 1, 31, 17)",17,10,10,10,10,10,0,10,0
4406,conv2d_13,"(2, 1, 1, 25)",7,10,10,10,10,10,0,10,0
4407,conv2d_13,"(1, 2, 24, 13)",2,10,10,10,10,10,3,7,0
4408,conv2d_13,"(0, 2, 19, 25)",4,10,10,10,10,10,4,6,0
4409,conv2d_13,"(2, 1, 13, 63)",28,10,10,10,10,10,0,10,0
4410,conv2d_13,"(2, 0, 14, 45)",13,10,10,10,10,10,0,10,0
4411,conv2d_13,"(1, 1, 18, 51)",0,10,10,10,10,10,10,0,0
4412,conv2d_13,"(0, 2, 6, 32)",0,10,10,10,10,10,3,7,0
4413,conv2d_13,"(1, 0, 7, 1)",26,10,10,10,10,10,0,10,0
4414,conv2d_13,"(2, 0, 11, 2)",25,10,10,10,10,10,0,10,0
4415,conv2d_13,"(1, 0, 22, 17)",2,10,10,10,10,10,7,3,0
4416,conv2d_13,"(2, 0, 4, 33)",14,10,10,10,10,10,0,10,0
4417,conv2d_13,"(2, 2, 2, 10)",22,10,10,10,10,10,0,10,0
4418,conv2d_13,"(0, 0, 29, 57)",17,10,10,10,10,10,0,10,0
4419,conv2d_13,"(0, 0, 4, 35)",31,10,10,10,10,10,0,10,0
4420,conv2d_13,"(2, 0, 6, 34)",10,10,10,10,10,10,0,10,0
4421,conv2d_13,"(0, 2, 23, 34)",4,10,10,10,10,10,6,4,0
4422,conv2d_13,"(2, 2, 30, 7)",19,10,10,10,10,10,0,10,0
4423,conv2d_13,"(0, 1, 9, 12)",29,10,10,10,10,10,0,10,0
4424,conv2d_13,"(0, 2, 30, 3)",24,10,10,10,10,10,0,10,0
4425,conv2d_13,"(0, 0, 26, 32)",11,10,10,10,10,10,0,10,0
4426,conv2d_13,"(1, 1, 5, 47)",9,10,10,10,10,10,0,10,0
4427,conv2d_13,"(0, 1, 18, 23)",13,10,10,10,10,10,0,10,0
4428,conv2d_13,"(0, 0, 26, 22)",3,10,10,10,10,10,2,8,0
4429,conv2d_13,"(1, 1, 12, 4)",27,10,10,10,10,10,0,10,0
4430,conv2d_13,"(0, 0, 24, 12)",30,10,1,7,1,7,0,1,9
4431,conv2d_13,"(2, 1, 9, 1)",28,10,10,10,10,10,0,10,0
4432,conv2d_13,"(0, 0, 3, 21)",2,10,10,10,10,10,9,1,0
4433,conv2d_13,"(1, 1, 15, 42)",8,10,10,10,10,10,1,9,0
4434,conv2d_13,"(0, 1, 23, 8)",1,10,10,10,10,10,7,3,0
4435,conv2d_13,"(1, 1, 21, 1)",20,10,10,10,10,10,0,10,0
4436,conv2d_13,"(0, 1, 3, 3)",15,10,10,10,10,10,0,10,0
4437,conv2d_13,"(2, 0, 21, 17)",1,10,10,10,10,10,10,0,0
4438,conv2d_13,"(2, 1, 13, 59)",5,10,10,10,10,10,3,7,0
4439,conv2d_13,"(2, 1, 2, 24)",10,10,10,10,10,10,0,10,0
4440,conv2d_13,"(0, 0, 5, 20)",24,10,10,10,10,10,0,10,0
4441,conv2d_13,"(0, 2, 30, 5)",24,10,10,10,10,10,0,10,0
4442,conv2d_13,"(0, 0, 9, 63)",1,10,10,10,10,10,10,0,0
4443,conv2d_13,"(2, 1, 20, 32)",26,10,10,10,10,10,0,10,0
4444,conv2d_13,"(0, 2, 31, 14)",10,10,10,10,10,10,0,10,0
4445,conv2d_13,"(0, 1, 30, 8)",16,10,10,10,10,10,0,10,0
4446,conv2d_13,"(1, 0, 15, 39)",9,10,10,10,10,10,0,10,0
4447,conv2d_13,"(1, 0, 19, 28)",11,10,10,10,10,10,0,10,0
4448,conv2d_13,"(0, 2, 9, 46)",25,10,10,10,10,10,1,9,0
4449,conv2d_13,"(1, 0, 9, 1)",13,10,10,10,10,10,0,10,0
4450,conv2d_13,"(0, 2, 5, 34)",1,10,10,10,10,10,9,1,0
4451,conv2d_13,"(2, 1, 19, 34)",30,10,2,7,2,7,0,2,8
4452,conv2d_13,"(2, 0, 24, 23)",13,10,10,10,10,10,0,10,0
4453,conv2d_13,"(2, 2, 26, 23)",22,10,10,10,10,10,0,10,0
4454,conv2d_13,"(0, 0, 6, 40)",30,10,10,10,10,10,0,10,0
4455,conv2d_13,"(2, 1, 5, 52)",19,10,10,10,10,10,0,10,0
4456,conv2d_13,"(1, 1, 8, 3)",22,10,10,10,10,10,0,10,0
4457,conv2d_13,"(1, 0, 7, 44)",8,10,10,10,10,10,0,10,0
4458,conv2d_13,"(2, 2, 6, 13)",7,10,10,10,10,10,0,10,0
4459,conv2d_13,"(0, 1, 5, 40)",25,10,10,10,10,10,0,10,0
4460,conv2d_13,"(1, 1, 26, 36)",27,10,10,10,10,10,0,10,0
4461,conv2d_13,"(0, 1, 8, 53)",24,10,10,10,10,10,0,10,0
4462,conv2d_13,"(2, 2, 0, 7)",17,10,10,10,10,10,0,10,0
4463,conv2d_13,"(1, 0, 29, 39)",14,10,10,10,10,10,0,10,0
4464,conv2d_13,"(2, 0, 5, 56)",2,10,10,10,10,10,3,7,0
4465,conv2d_13,"(2, 2, 18, 62)",8,10,10,10,10,10,10,0,0
4466,conv2d_13,"(1, 0, 27, 10)",3,10,10,10,10,10,1,9,0
4467,conv2d_13,"(1, 2, 12, 51)",8,10,10,10,10,10,0,10,0
4468,conv2d_13,"(0, 1, 20, 25)",17,10,10,10,10,10,0,10,0
4469,conv2d_13,"(1, 0, 17, 55)",10,10,10,10,10,10,0,10,0
4470,conv2d_13,"(2, 2, 14, 15)",26,10,10,10,10,10,0,10,0
4471,conv2d_13,"(1, 0, 17, 40)",9,10,10,10,10,10,0,10,0
4472,conv2d_13,"(0, 0, 10, 1)",12,10,10,10,10,10,0,10,0
4473,conv2d_13,"(0, 1, 9, 62)",21,10,10,10,10,10,10,0,0
4474,conv2d_13,"(0, 0, 13, 0)",3,10,10,10,10,10,0,10,0
4475,conv2d_13,"(2, 2, 1, 2)",24,10,10,10,10,10,0,10,0
4476,conv2d_13,"(2, 2, 18, 31)",25,10,10,10,10,10,0,10,0
4477,conv2d_13,"(2, 0, 15, 58)",0,10,10,10,10,10,6,4,0
4478,conv2d_13,"(0, 1, 5, 0)",7,10,10,10,10,10,5,5,0
4479,conv2d_13,"(0, 2, 0, 51)",5,10,10,10,10,10,0,10,0
4480,conv2d_13,"(0, 0, 9, 49)",31,10,10,10,10,10,2,8,0
4481,conv2d_13,"(2, 2, 29, 25)",29,10,10,10,10,10,0,10,0
4482,conv2d_13,"(0, 2, 24, 5)",21,10,10,10,10,10,0,10,0
4483,conv2d_13,"(2, 1, 5, 38)",30,10,10,10,10,10,0,10,0
4484,conv2d_13,"(0, 0, 24, 33)",3,10,10,10,10,10,4,6,0
4485,conv2d_13,"(2, 0, 17, 2)",15,10,10,10,10,10,0,10,0
4486,conv2d_13,"(0, 2, 5, 57)",5,10,10,10,10,10,0,10,0
4487,conv2d_13,"(2, 2, 5, 40)",23,10,10,10,10,10,0,10,0
4488,conv2d_13,"(2, 0, 21, 33)",19,10,10,10,10,10,0,10,0
4489,conv2d_13,"(0, 2, 1, 19)",16,10,10,10,10,10,0,10,0
4490,conv2d_13,"(1, 0, 4, 1)",20,10,10,10,10,10,0,10,0
4491,conv2d_13,"(1, 1, 17, 30)",1,10,10,10,10,10,7,3,0
4492,conv2d_13,"(1, 2, 20, 57)",16,10,10,10,10,10,0,10,0
4493,conv2d_13,"(1, 1, 17, 36)",28,10,10,10,10,10,0,10,0
4494,conv2d_13,"(0, 0, 3, 18)",8,10,10,10,10,10,0,10,0
4495,conv2d_13,"(0, 2, 1, 34)",5,10,10,10,10,10,4,6,0
4496,conv2d_13,"(2, 0, 8, 19)",28,10,10,10,10,10,0,10,0
4497,conv2d_13,"(0, 1, 0, 36)",9,10,10,10,10,10,0,10,0
4498,conv2d_13,"(2, 0, 22, 4)",31,10,10,10,10,10,1,9,0
4499,conv2d_13,"(0, 1, 20, 33)",14,10,10,10,10,10,0,10,0
4500,conv2d_13,"(1, 1, 12, 45)",10,10,10,10,10,10,0,10,0
4501,conv2d_13,"(1, 0, 22, 28)",0,10,10,10,10,10,10,0,0
4502,conv2d_13,"(0, 2, 5, 37)",6,10,10,10,10,10,0,10,0
4503,conv2d_13,"(0, 2, 21, 17)",7,10,10,10,10,10,2,8,0
4504,conv2d_13,"(2, 0, 4, 53)",20,10,10,10,10,10,0,10,0
4505,conv2d_13,"(1, 2, 1, 44)",25,10,10,10,10,10,0,10,0
4506,conv2d_13,"(0, 1, 2, 14)",11,10,10,10,10,10,1,9,0
4507,conv2d_13,"(1, 1, 3, 28)",26,10,10,10,10,10,0,10,0
4508,conv2d_13,"(0, 0, 3, 3)",15,10,10,10,10,10,0,10,0
4509,conv2d_13,"(0, 0, 29, 18)",5,10,10,10,10,10,1,9,0
4510,conv2d_13,"(0, 2, 12, 22)",27,10,10,10,10,10,0,10,0
4511,conv2d_13,"(0, 0, 22, 8)",1,10,10,10,10,10,10,0,0
4512,conv2d_13,"(0, 1, 23, 33)",27,10,10,10,10,10,0,10,0
4513,conv2d_13,"(0, 2, 20, 55)",16,10,10,10,10,10,0,10,0
4514,conv2d_13,"(2, 0, 24, 39)",19,10,10,10,10,10,0,10,0
4515,conv2d_13,"(1, 1, 9, 22)",14,10,10,10,10,10,0,10,0
4516,conv2d_13,"(0, 0, 24, 38)",5,10,10,10,10,10,0,10,0
4517,conv2d_13,"(0, 1, 15, 42)",31,10,10,10,10,10,0,10,0
4518,conv2d_13,"(1, 0, 19, 26)",16,10,10,10,10,10,0,10,0
4519,conv2d_13,"(2, 1, 22, 30)",5,10,10,10,10,10,4,6,0
4520,conv2d_13,"(2, 0, 26, 62)",10,10,10,10,10,10,10,0,0
4521,conv2d_13,"(2, 2, 6, 40)",8,10,10,10,10,10,0,10,0
4522,conv2d_13,"(1, 1, 11, 58)",0,10,10,10,10,10,8,2,0
4523,conv2d_13,"(2, 1, 26, 50)",22,10,10,10,10,10,0,10,0
4524,conv2d_13,"(0, 1, 9, 51)",4,10,10,10,10,10,4,6,0
4525,conv2d_13,"(2, 1, 26, 56)",17,10,10,10,10,10,0,10,0
4526,conv2d_13,"(1, 0, 30, 37)",10,10,10,10,10,10,0,10,0
4527,conv2d_13,"(1, 0, 13, 7)",2,10,10,10,10,10,10,0,0
4528,conv2d_13,"(2, 1, 6, 52)",30,10,10,10,10,10,0,10,0
4529,conv2d_13,"(0, 0, 9, 38)",20,10,10,10,10,10,2,8,0
4530,conv2d_13,"(1, 0, 13, 34)",19,10,10,10,10,10,0,10,0
4531,conv2d_13,"(2, 0, 24, 53)",7,10,10,10,10,10,2,8,0
4532,conv2d_13,"(1, 2, 5, 19)",27,10,10,10,10,10,0,10,0
4533,conv2d_13,"(0, 1, 22, 32)",16,10,10,10,10,10,0,10,0
4534,conv2d_13,"(1, 2, 1, 22)",17,10,10,10,10,10,0,10,0
4535,conv2d_13,"(0, 0, 5, 36)",31,10,10,10,10,10,0,10,0
4536,conv2d_13,"(2, 0, 5, 25)",29,10,10,10,10,10,0,10,0
4537,conv2d_13,"(2, 1, 0, 31)",14,10,10,10,10,10,0,10,0
4538,conv2d_13,"(1, 2, 14, 39)",18,10,10,10,10,10,0,10,0
4539,conv2d_13,"(2, 2, 4, 22)",17,10,10,10,10,10,0,10,0
4540,conv2d_13,"(1, 1, 1, 53)",16,10,10,10,10,10,0,10,0
4541,conv2d_13,"(0, 0, 22, 2)",2,10,10,10,10,10,5,5,0
4542,conv2d_13,"(0, 1, 5, 23)",19,10,10,10,10,10,0,10,0
4543,conv2d_13,"(0, 2, 17, 25)",11,10,10,10,10,10,0,10,0
4544,conv2d_13,"(0, 2, 1, 31)",25,10,10,10,10,10,0,10,0
4545,conv2d_13,"(2, 2, 19, 6)",27,10,10,10,10,10,0,10,0
4546,conv2d_13,"(1, 0, 15, 0)",6,10,10,10,10,10,1,9,0
4547,conv2d_13,"(0, 0, 3, 49)",10,10,10,10,10,10,1,9,0
4548,conv2d_13,"(0, 2, 12, 7)",28,10,10,10,10,10,0,10,0
4549,conv2d_13,"(0, 1, 5, 6)",2,10,10,10,10,10,0,10,0
4550,conv2d_13,"(1, 1, 13, 1)",7,10,10,10,10,10,0,10,0
4551,conv2d_13,"(2, 1, 6, 30)",6,10,10,10,10,10,3,7,0
4552,conv2d_13,"(0, 2, 26, 59)",6,10,10,10,10,10,0,10,0
4553,conv2d_13,"(1, 2, 9, 49)",3,10,10,10,10,10,6,4,0
4554,conv2d_13,"(2, 2, 6, 33)",18,10,10,10,10,10,0,10,0
4555,conv2d_13,"(1, 0, 21, 59)",7,10,10,10,10,10,3,7,0
4556,conv2d_13,"(1, 1, 13, 9)",14,10,10,10,10,10,0,10,0
4557,conv2d_13,"(2, 0, 10, 43)",1,10,10,10,10,10,7,3,0
4558,conv2d_13,"(2, 2, 10, 60)",28,10,10,10,10,10,0,10,0
4559,conv2d_13,"(0, 1, 30, 0)",3,10,10,10,10,10,6,4,0
4560,conv2d_13,"(0, 1, 29, 29)",6,10,10,10,10,10,10,0,0
4561,conv2d_13,"(2, 2, 1, 54)",7,10,10,10,10,10,0,10,0
4562,conv2d_13,"(0, 0, 9, 60)",24,10,10,10,10,10,0,10,0
4563,conv2d_13,"(1, 0, 30, 32)",12,10,10,10,10,10,0,10,0
4564,conv2d_13,"(0, 0, 21, 62)",28,10,10,10,10,10,10,0,0
4565,conv2d_13,"(0, 0, 6, 53)",18,10,10,10,10,10,0,10,0
4566,conv2d_13,"(1, 1, 23, 1)",2,10,10,10,10,10,0,10,0
4567,conv2d_13,"(2, 1, 10, 1)",18,10,10,10,10,10,0,10,0
4568,conv2d_13,"(0, 1, 8, 24)",11,10,10,10,10,10,0,10,0
4569,conv2d_13,"(1, 2, 7, 20)",2,10,10,10,10,10,3,7,0
4570,conv2d_13,"(2, 1, 24, 49)",29,10,10,10,10,10,0,10,0
4571,conv2d_13,"(2, 1, 25, 33)",1,10,10,10,10,10,8,2,0
4572,conv2d_13,"(2, 2, 28, 49)",22,10,10,10,10,10,0,10,0
4573,conv2d_13,"(2, 2, 27, 8)",7,10,10,10,10,10,0,10,0
4574,conv2d_13,"(2, 2, 23, 31)",9,10,10,10,10,10,0,10,0
4575,conv2d_13,"(0, 2, 20, 11)",7,10,10,10,10,10,0,10,0
4576,conv2d_13,"(0, 1, 19, 52)",4,10,10,10,10,10,1,9,0
4577,conv2d_13,"(0, 0, 30, 0)",12,10,10,10,10,10,0,10,0
4578,conv2d_13,"(2, 2, 2, 46)",16,10,10,10,10,10,0,10,0
4579,conv2d_13,"(0, 2, 18, 20)",7,10,10,10,10,10,0,10,0
4580,conv2d_13,"(1, 2, 8, 28)",18,10,10,10,10,10,0,10,0
4581,conv2d_13,"(0, 0, 14, 8)",19,10,10,10,10,10,2,8,0
4582,conv2d_13,"(2, 0, 27, 13)",0,10,10,10,10,10,2,8,0
4583,conv2d_13,"(0, 0, 14, 40)",6,10,10,10,10,10,0,10,0
4584,conv2d_13,"(1, 1, 4, 47)",23,10,10,10,10,10,0,10,0
4585,conv2d_13,"(1, 2, 18, 49)",15,10,10,10,10,10,0,10,0
4586,conv2d_13,"(0, 1, 21, 29)",5,10,10,10,10,10,10,0,0
4587,conv2d_13,"(1, 0, 0, 11)",7,10,10,10,10,10,0,10,0
4588,conv2d_13,"(1, 1, 31, 35)",9,10,10,10,10,10,0,10,0
4589,conv2d_13,"(0, 1, 27, 62)",30,10,10,10,10,10,10,0,0
4590,conv2d_13,"(1, 2, 21, 31)",7,10,10,10,10,10,0,10,0
4591,conv2d_13,"(1, 1, 4, 17)",21,10,10,10,10,10,0,10,0
4592,conv2d_13,"(0, 2, 8, 12)",23,10,10,10,10,10,0,10,0
4593,conv2d_13,"(1, 1, 6, 63)",16,10,10,10,10,10,0,10,0
4594,conv2d_13,"(2, 0, 24, 19)",29,10,10,10,10,10,0,10,0
4595,conv2d_13,"(2, 1, 14, 20)",1,10,10,10,10,10,4,6,0
4596,conv2d_13,"(1, 1, 18, 19)",23,10,10,10,10,10,0,10,0
4597,conv2d_13,"(1, 1, 27, 35)",9,10,10,10,10,10,0,10,0
4598,conv2d_13,"(0, 1, 22, 4)",6,10,10,10,10,10,1,9,0
4599,conv2d_13,"(0, 0, 29, 3)",29,10,10,10,10,10,0,10,0
4600,conv2d_13,"(1, 1, 23, 15)",30,10,1,6,1,6,0,1,9
4601,conv2d_13,"(2, 2, 30, 29)",3,10,10,10,10,10,10,0,0
4602,conv2d_13,"(1, 1, 6, 27)",19,10,10,10,10,10,0,10,0
4603,conv2d_13,"(0, 1, 1, 29)",18,10,10,10,10,10,10,0,0
4604,conv2d_13,"(2, 1, 19, 9)",29,10,10,10,10,10,0,10,0
4605,conv2d_13,"(0, 0, 24, 23)",11,10,10,10,10,10,0,10,0
4606,conv2d_13,"(1, 2, 16, 42)",25,10,10,10,10,10,0,10,0
4607,conv2d_13,"(0, 2, 28, 18)",19,10,10,10,10,10,0,10,0
4608,conv2d_13,"(1, 1, 28, 5)",16,10,10,10,10,10,0,10,0
4609,conv2d_13,"(1, 2, 0, 17)",24,10,10,10,10,10,0,10,0
4610,conv2d_13,"(1, 0, 9, 26)",13,10,10,10,10,10,0,10,0
4611,conv2d_13,"(2, 2, 13, 43)",25,10,10,10,10,10,0,10,0
4612,conv2d_13,"(2, 0, 26, 60)",22,10,10,10,10,10,0,10,0
4613,conv2d_13,"(2, 1, 13, 16)",30,10,0,6,0,6,0,0,10
4614,conv2d_13,"(2, 2, 26, 6)",1,10,10,10,10,10,1,9,0
4615,conv2d_13,"(2, 2, 25, 33)",14,10,10,10,10,10,0,10,0
4616,conv2d_13,"(2, 1, 3, 22)",23,10,10,10,10,10,0,10,0
4617,conv2d_13,"(0, 1, 16, 30)",1,10,10,10,10,10,6,4,0
4618,conv2d_13,"(0, 2, 30, 18)",26,10,10,10,10,10,0,10,0
4619,conv2d_13,"(2, 1, 20, 10)",27,10,10,10,10,10,0,10,0
4620,conv2d_13,"(1, 0, 0, 32)",20,10,10,10,10,10,0,10,0
4621,conv2d_13,"(0, 2, 28, 52)",30,10,0,7,0,7,0,0,10
4622,conv2d_13,"(2, 1, 31, 59)",22,10,10,10,10,10,0,10,0
4623,conv2d_13,"(1, 0, 10, 32)",1,10,10,10,10,10,6,4,0
4624,conv2d_13,"(0, 0, 16, 30)",30,10,10,10,10,10,0,10,0
4625,conv2d_13,"(2, 0, 25, 26)",29,10,10,10,10,10,0,10,0
4626,conv2d_13,"(0, 2, 11, 26)",11,10,10,10,10,10,0,10,0
4627,conv2d_13,"(1, 0, 9, 22)",6,10,10,10,10,10,0,10,0
4628,conv2d_13,"(1, 2, 29, 9)",31,10,10,10,10,10,0,10,0
4629,conv2d_13,"(1, 0, 7, 54)",27,10,10,10,10,10,0,10,0
4630,conv2d_13,"(1, 0, 3, 21)",23,10,10,10,10,10,0,10,0
4631,conv2d_13,"(1, 2, 18, 14)",25,10,10,10,10,10,0,10,0
4632,conv2d_13,"(1, 0, 2, 29)",6,10,10,10,10,10,10,0,0
4633,conv2d_13,"(0, 2, 0, 54)",11,10,10,10,10,10,0,10,0
4634,conv2d_13,"(0, 2, 1, 23)",26,10,10,10,10,10,0,10,0
4635,conv2d_13,"(1, 0, 6, 1)",25,10,10,10,10,10,0,10,0
4636,conv2d_13,"(0, 0, 31, 34)",27,10,10,10,10,10,0,10,0
4637,conv2d_13,"(1, 1, 4, 3)",1,10,10,10,10,10,10,0,0
4638,conv2d_13,"(1, 0, 5, 27)",28,10,10,10,10,10,0,10,0
4639,conv2d_13,"(2, 0, 21, 5)",2,10,10,10,10,10,10,0,0
4640,conv2d_13,"(0, 0, 12, 37)",26,10,10,10,10,10,0,10,0
4641,conv2d_13,"(1, 1, 11, 58)",24,10,10,10,10,10,0,10,0
4642,conv2d_13,"(1, 0, 7, 28)",17,10,10,10,10,10,0,10,0
4643,conv2d_13,"(0, 2, 27, 56)",0,10,10,10,10,10,9,1,0
4644,conv2d_13,"(2, 1, 2, 28)",20,10,10,10,10,10,0,10,0
4645,conv2d_13,"(0, 1, 3, 33)",20,10,10,10,10,10,0,10,0
4646,conv2d_13,"(2, 2, 14, 13)",14,10,10,10,10,10,0,10,0
4647,conv2d_13,"(2, 0, 29, 16)",31,10,10,10,10,10,0,10,0
4648,conv2d_13,"(0, 2, 5, 23)",7,10,10,10,10,10,0,10,0
4649,conv2d_13,"(1, 2, 14, 49)",3,10,10,10,10,10,10,0,0
4650,conv2d_13,"(0, 0, 27, 38)",27,10,10,10,10,10,0,10,0
4651,conv2d_13,"(1, 2, 28, 53)",21,10,10,10,10,10,0,10,0
4652,conv2d_13,"(0, 2, 29, 21)",19,10,10,10,10,10,0,10,0
4653,conv2d_13,"(2, 1, 13, 45)",16,10,10,10,10,10,0,10,0
4654,conv2d_13,"(1, 2, 1, 47)",0,10,10,10,10,10,10,0,0
4655,conv2d_13,"(0, 1, 19, 55)",31,10,10,10,10,10,0,10,0
4656,conv2d_13,"(0, 0, 26, 46)",2,10,10,10,10,10,6,4,0
4657,conv2d_13,"(2, 0, 6, 1)",2,10,10,10,10,10,0,10,0
4658,conv2d_13,"(0, 1, 11, 21)",19,10,10,10,10,10,0,10,0
4659,conv2d_13,"(1, 1, 2, 30)",2,10,10,10,10,10,6,4,0
4660,conv2d_13,"(0, 1, 11, 28)",12,10,10,10,10,10,0,10,0
4661,conv2d_13,"(0, 0, 13, 31)",10,10,10,10,10,10,0,10,0
4662,conv2d_13,"(0, 0, 22, 31)",9,10,10,10,10,10,0,10,0
4663,conv2d_13,"(1, 0, 21, 47)",7,10,10,10,10,10,0,10,0
4664,conv2d_13,"(1, 1, 21, 28)",2,10,10,10,10,10,1,9,0
4665,conv2d_13,"(2, 2, 25, 28)",18,10,10,10,10,10,0,10,0
4666,conv2d_13,"(0, 0, 12, 26)",10,10,10,10,10,10,0,10,0
4667,conv2d_13,"(1, 0, 15, 37)",27,10,10,10,10,10,0,10,0
4668,conv2d_13,"(2, 0, 0, 16)",22,10,10,10,10,10,0,10,0
4669,conv2d_13,"(0, 1, 7, 29)",17,10,10,10,10,10,10,0,0
4670,conv2d_13,"(2, 0, 10, 11)",28,10,10,10,10,10,0,10,0
4671,conv2d_13,"(1, 2, 25, 42)",8,10,10,10,10,10,1,9,0
4672,conv2d_13,"(0, 0, 7, 7)",31,10,10,10,10,10,0,10,0
4673,conv2d_13,"(0, 1, 12, 51)",29,10,10,10,10,10,0,10,0
4674,conv2d_13,"(1, 0, 23, 39)",4,10,10,10,10,10,0,10,0
4675,conv2d_13,"(0, 2, 24, 1)",17,10,10,10,10,10,0,10,0
4676,conv2d_13,"(1, 1, 13, 11)",6,10,10,10,10,10,0,10,0
4677,conv2d_13,"(1, 1, 11, 16)",4,10,10,10,10,10,0,10,0
4678,conv2d_13,"(1, 1, 6, 29)",14,10,10,10,10,10,10,0,0
4679,conv2d_13,"(1, 1, 8, 51)",30,10,10,10,10,10,0,10,0
4680,conv2d_13,"(2, 2, 9, 40)",25,10,10,10,10,10,0,10,0
4681,conv2d_13,"(0, 0, 24, 32)",1,10,10,10,10,10,6,4,0
4682,conv2d_13,"(1, 0, 7, 54)",1,10,10,10,10,10,9,1,0
4683,conv2d_13,"(2, 2, 10, 0)",17,10,10,10,10,10,0,10,0
4684,conv2d_13,"(1, 0, 8, 40)",12,10,10,10,10,10,0,10,0
4685,conv2d_13,"(0, 1, 6, 21)",14,10,10,10,10,10,0,10,0
4686,conv2d_13,"(0, 1, 22, 42)",6,10,10,10,10,10,0,10,0
4687,conv2d_13,"(2, 0, 13, 34)",6,10,10,10,10,10,0,10,0
4688,conv2d_13,"(0, 2, 19, 13)",3,10,10,10,10,10,2,8,0
4689,conv2d_13,"(2, 1, 31, 56)",8,10,10,10,10,10,0,10,0
4690,conv2d_13,"(2, 0, 29, 33)",23,10,10,10,10,10,0,10,0
4691,conv2d_13,"(0, 0, 8, 32)",15,10,10,10,10,10,0,10,0
4692,conv2d_13,"(2, 2, 20, 32)",7,10,10,10,10,10,0,10,0
4693,conv2d_13,"(1, 2, 0, 23)",30,10,0,6,0,6,0,0,10
4694,conv2d_13,"(1, 1, 2, 63)",24,10,10,10,10,10,0,10,0
4695,conv2d_13,"(0, 0, 13, 25)",27,10,10,10,10,10,0,10,0
4696,conv2d_13,"(1, 2, 6, 45)",3,10,10,10,10,10,3,7,0
4697,conv2d_13,"(1, 2, 21, 21)",18,10,10,10,10,10,0,10,0
4698,conv2d_13,"(0, 2, 17, 55)",21,10,10,10,10,10,0,10,0
4699,conv2d_13,"(2, 2, 12, 45)",10,10,10,10,10,10,0,10,0
4700,conv2d_13,"(2, 1, 27, 41)",8,10,10,10,10,10,0,10,0
4701,conv2d_13,"(0, 2, 11, 51)",17,10,10,10,10,10,0,10,0
4702,conv2d_13,"(0, 2, 30, 50)",10,10,10,10,10,10,0,10,0
4703,conv2d_13,"(0, 2, 19, 46)",20,10,10,10,10,10,0,10,0
4704,conv2d_13,"(2, 1, 5, 47)",10,10,10,10,10,10,0,10,0
4705,conv2d_13,"(0, 1, 11, 20)",0,10,10,10,10,10,4,6,0
4706,conv2d_13,"(1, 2, 11, 13)",25,10,10,10,10,10,0,10,0
4707,conv2d_13,"(1, 0, 19, 21)",26,10,10,10,10,10,0,10,0
4708,conv2d_13,"(0, 2, 16, 24)",0,10,10,10,10,10,9,1,0
4709,conv2d_13,"(0, 0, 10, 11)",17,10,10,10,10,10,0,10,0
4710,conv2d_13,"(2, 2, 18, 11)",11,10,10,10,10,10,0,10,0
4711,conv2d_13,"(2, 2, 0, 1)",26,10,10,10,10,10,0,10,0
4712,conv2d_13,"(2, 1, 10, 50)",2,10,10,10,10,10,2,8,0
4713,conv2d_13,"(1, 0, 26, 17)",16,10,10,10,10,10,0,10,0
4714,conv2d_13,"(2, 1, 3, 43)",27,10,10,10,10,10,0,10,0
4715,conv2d_13,"(0, 1, 11, 24)",18,10,10,10,10,10,0,10,0
4716,conv2d_13,"(2, 0, 1, 5)",4,10,10,10,10,10,0,10,0
4717,conv2d_13,"(2, 0, 5, 6)",15,10,10,10,10,10,0,10,0
4718,conv2d_13,"(2, 2, 12, 47)",11,10,10,10,10,10,0,10,0
4719,conv2d_13,"(1, 1, 10, 17)",5,10,10,10,10,10,0,10,0
4720,conv2d_13,"(1, 0, 14, 11)",2,10,10,10,10,10,0,10,0
4721,conv2d_13,"(2, 0, 1, 53)",29,10,10,10,10,10,0,10,0
4722,conv2d_13,"(1, 1, 2, 62)",17,10,10,10,10,10,10,0,0
4723,conv2d_13,"(2, 2, 7, 51)",26,10,10,10,10,10,0,10,0
4724,conv2d_13,"(1, 0, 30, 7)",25,10,10,10,10,10,0,10,0
4725,conv2d_13,"(2, 2, 13, 36)",22,10,10,10,10,10,0,10,0
4726,conv2d_13,"(2, 1, 0, 1)",14,10,10,10,10,10,0,10,0
4727,conv2d_13,"(0, 1, 11, 59)",27,10,10,10,10,10,0,10,0
4728,conv2d_13,"(1, 2, 28, 11)",9,10,10,10,10,10,0,10,0
4729,conv2d_13,"(0, 0, 7, 28)",26,10,10,10,10,10,0,10,0
4730,conv2d_13,"(2, 2, 0, 14)",16,10,10,10,10,10,0,10,0
4731,conv2d_13,"(1, 1, 5, 36)",8,10,10,10,10,10,0,10,0
4732,conv2d_13,"(1, 1, 6, 25)",17,10,10,10,10,10,0,10,0
4733,conv2d_13,"(2, 0, 7, 36)",29,10,10,10,10,10,0,10,0
4734,conv2d_13,"(1, 2, 29, 22)",24,10,10,10,10,10,0,10,0
4735,conv2d_13,"(1, 0, 30, 46)",27,10,10,10,10,10,0,10,0
4736,conv2d_13,"(2, 1, 16, 26)",11,10,10,10,10,10,0,10,0
4737,conv2d_13,"(1, 0, 17, 5)",30,10,1,4,1,4,0,1,9
4738,conv2d_13,"(0, 2, 21, 41)",28,10,10,10,10,10,0,10,0
4739,conv2d_13,"(1, 2, 5, 2)",12,10,10,10,10,10,0,10,0
4740,conv2d_13,"(2, 0, 19, 22)",2,10,10,10,10,10,6,4,0
4741,conv2d_13,"(2, 0, 18, 21)",28,10,10,10,10,10,0,10,0
4742,conv2d_13,"(1, 0, 17, 39)",31,10,10,10,10,10,0,10,0
4743,conv2d_13,"(1, 1, 14, 21)",27,10,10,10,10,10,0,10,0
4744,conv2d_13,"(2, 1, 12, 42)",16,10,10,10,10,10,0,10,0
4745,conv2d_13,"(0, 1, 0, 57)",18,10,10,10,10,10,0,10,0
4746,conv2d_13,"(1, 0, 14, 47)",26,10,10,10,10,10,0,10,0
4747,conv2d_13,"(2, 1, 17, 5)",11,10,10,10,10,10,0,10,0
4748,conv2d_13,"(2, 2, 27, 25)",17,10,10,10,10,10,0,10,0
4749,conv2d_13,"(0, 2, 0, 8)",21,10,10,10,10,10,0,10,0
4750,conv2d_13,"(2, 1, 21, 29)",30,10,0,6,0,6,0,0,10
4751,conv2d_13,"(0, 1, 11, 34)",17,10,10,10,10,10,0,10,0
4752,conv2d_13,"(2, 2, 20, 30)",1,10,10,10,10,10,7,3,0
4753,conv2d_13,"(1, 2, 14, 4)",4,10,10,10,10,10,7,3,0
4754,conv2d_13,"(0, 1, 27, 33)",31,10,10,10,10,10,0,10,0
4755,conv2d_13,"(1, 0, 6, 52)",29,10,10,10,10,10,0,10,0
4756,conv2d_13,"(0, 1, 17, 33)",3,10,10,10,10,10,1,9,0
4757,conv2d_13,"(0, 2, 24, 50)",28,10,10,10,10,10,0,10,0
4758,conv2d_13,"(1, 1, 26, 44)",29,10,10,10,10,10,0,10,0
4759,conv2d_13,"(0, 1, 24, 16)",4,10,10,10,10,10,0,10,0
4760,conv2d_13,"(2, 0, 19, 47)",23,10,10,10,10,10,0,10,0
4761,conv2d_13,"(0, 1, 3, 4)",30,10,10,10,10,10,0,10,0
4762,conv2d_13,"(0, 2, 7, 21)",19,10,10,10,10,10,0,10,0
4763,conv2d_13,"(2, 1, 2, 42)",24,10,10,10,10,10,0,10,0
4764,conv2d_13,"(0, 1, 18, 2)",26,10,10,10,10,10,0,10,0
4765,conv2d_13,"(1, 0, 2, 54)",14,10,10,10,10,10,1,9,0
4766,conv2d_13,"(1, 1, 28, 31)",15,10,10,10,10,10,0,10,0
4767,conv2d_13,"(1, 1, 1, 27)",28,10,10,10,10,10,0,10,0
4768,conv2d_13,"(1, 1, 1, 27)",7,10,10,10,10,10,0,10,0
4769,conv2d_13,"(2, 0, 11, 17)",26,10,10,10,10,10,0,10,0
4770,conv2d_13,"(2, 2, 30, 52)",17,10,10,10,10,10,0,10,0
4771,conv2d_13,"(2, 1, 1, 10)",27,10,10,10,10,10,0,10,0
4772,conv2d_13,"(2, 1, 13, 42)",2,10,10,10,10,10,5,5,0
4773,conv2d_13,"(0, 2, 30, 49)",26,10,10,10,10,10,0,10,0
4774,conv2d_13,"(2, 0, 19, 26)",30,10,2,5,2,5,0,2,8
4775,conv2d_13,"(2, 1, 1, 51)",20,10,10,10,10,10,0,10,0
4776,conv2d_13,"(2, 0, 19, 2)",8,10,10,10,10,10,0,10,0
4777,conv2d_13,"(0, 1, 29, 15)",27,10,10,10,10,10,0,10,0
4778,conv2d_13,"(2, 2, 25, 9)",28,10,10,10,10,10,0,10,0
4779,conv2d_13,"(1, 0, 26, 3)",11,10,10,10,10,10,0,10,0
4780,conv2d_13,"(1, 0, 4, 7)",0,10,10,10,10,10,10,0,0
4781,conv2d_13,"(2, 2, 12, 60)",11,10,10,10,10,10,0,10,0
4782,conv2d_13,"(1, 0, 10, 10)",9,10,10,10,10,10,0,10,0
4783,conv2d_13,"(0, 0, 20, 53)",29,10,10,10,10,10,0,10,0
4784,conv2d_13,"(2, 0, 29, 11)",27,10,10,10,10,10,0,10,0
4785,conv2d_13,"(0, 1, 16, 39)",18,10,10,10,10,10,0,10,0
4786,conv2d_13,"(0, 2, 1, 20)",15,10,10,10,10,10,0,10,0
4787,conv2d_13,"(1, 1, 15, 11)",1,10,10,10,10,10,7,3,0
4788,conv2d_13,"(1, 2, 18, 14)",26,10,10,10,10,10,0,10,0
4789,conv2d_13,"(1, 2, 1, 57)",11,10,10,10,10,10,0,10,0
4790,conv2d_13,"(2, 1, 21, 8)",12,10,10,10,10,10,0,10,0
4791,conv2d_13,"(1, 2, 23, 0)",10,10,10,10,10,10,0,10,0
4792,conv2d_13,"(2, 2, 14, 34)",17,10,10,10,10,10,0,10,0
4793,conv2d_13,"(2, 0, 3, 31)",4,10,10,10,10,10,7,3,0
4794,conv2d_13,"(1, 1, 7, 59)",0,10,10,10,10,10,8,2,0
4795,conv2d_13,"(2, 1, 24, 49)",14,10,10,10,10,10,0,10,0
4796,conv2d_13,"(2, 2, 21, 14)",3,10,10,10,10,10,3,7,0
4797,conv2d_13,"(2, 1, 24, 13)",9,10,10,10,10,10,0,10,0
4798,conv2d_13,"(0, 0, 21, 11)",28,10,10,10,10,10,1,9,0
4799,conv2d_13,"(1, 0, 7, 5)",9,10,10,10,10,10,0,10,0
4800,conv2d_13,"(0, 1, 19, 52)",3,10,10,10,10,10,2,8,0
4801,conv2d_13,"(2, 2, 1, 26)",2,10,10,10,10,10,0,10,0
4802,conv2d_13,"(0, 1, 29, 8)",9,10,10,10,10,10,0,10,0
4803,conv2d_13,"(2, 0, 26, 21)",18,10,10,10,10,10,0,10,0
4804,conv2d_13,"(0, 2, 20, 38)",1,10,10,10,10,10,5,5,0
4805,conv2d_13,"(2, 2, 9, 58)",21,10,10,10,10,10,0,10,0
4806,conv2d_13,"(2, 1, 29, 23)",5,10,10,10,10,10,0,10,0
4807,conv2d_13,"(2, 0, 26, 9)",27,10,10,10,10,10,0,10,0
4808,conv2d_13,"(0, 0, 24, 14)",30,10,10,10,10,10,0,10,0
4809,conv2d_13,"(0, 0, 25, 51)",2,10,10,10,10,10,10,0,0
4810,conv2d_13,"(0, 2, 1, 17)",7,10,10,10,10,10,0,10,0
4811,conv2d_13,"(2, 0, 3, 58)",26,10,10,10,10,10,0,10,0
4812,conv2d_13,"(1, 1, 16, 24)",13,10,10,10,10,10,0,10,0
4813,conv2d_13,"(2, 2, 24, 41)",11,10,10,10,10,10,0,10,0
4814,conv2d_13,"(2, 2, 21, 32)",31,10,10,10,10,10,0,10,0
4815,conv2d_13,"(0, 0, 5, 0)",18,10,10,10,10,10,0,10,0
4816,conv2d_13,"(0, 2, 19, 18)",23,10,10,10,10,10,0,10,0
4817,conv2d_13,"(2, 0, 26, 27)",5,10,10,10,10,10,0,10,0
4818,conv2d_13,"(1, 1, 14, 19)",15,10,10,10,10,10,0,10,0
4819,conv2d_13,"(2, 1, 11, 1)",28,10,10,10,10,10,0,10,0
4820,conv2d_13,"(0, 2, 3, 51)",24,10,10,10,10,10,0,10,0
4821,conv2d_13,"(0, 1, 0, 57)",15,10,10,10,10,10,0,10,0
4822,conv2d_13,"(0, 2, 20, 48)",19,10,10,10,10,10,0,10,0
4823,conv2d_13,"(1, 0, 22, 5)",27,10,10,10,10,10,0,10,0
4824,conv2d_13,"(2, 2, 5, 32)",28,10,10,10,10,10,0,10,0
4825,conv2d_13,"(2, 0, 17, 47)",15,10,10,10,10,10,0,10,0
4826,conv2d_13,"(2, 2, 17, 51)",9,10,10,10,10,10,0,10,0
4827,conv2d_13,"(2, 2, 22, 15)",28,10,10,10,10,10,0,10,0
4828,conv2d_13,"(2, 1, 15, 63)",17,10,10,10,10,10,0,10,0
4829,conv2d_13,"(0, 0, 26, 51)",8,10,10,10,10,10,0,10,0
4830,conv2d_13,"(0, 1, 27, 29)",25,10,10,10,10,10,10,0,0
4831,conv2d_13,"(1, 2, 26, 59)",4,10,10,10,10,10,2,8,0
4832,conv2d_13,"(2, 1, 23, 16)",31,10,10,10,10,10,0,10,0
4833,conv2d_13,"(2, 0, 8, 22)",16,10,10,10,10,10,0,10,0
4834,conv2d_13,"(0, 0, 24, 23)",26,10,10,10,10,10,0,10,0
4835,conv2d_13,"(1, 1, 0, 16)",25,10,10,10,10,10,0,10,0
4836,conv2d_13,"(2, 2, 29, 9)",26,10,10,10,10,10,0,10,0
4837,conv2d_13,"(1, 1, 12, 22)",9,10,10,10,10,10,0,10,0
4838,conv2d_13,"(1, 2, 13, 31)",30,10,2,6,2,6,0,2,8
4839,conv2d_13,"(2, 1, 29, 51)",28,10,10,10,10,10,0,10,0
4840,conv2d_13,"(1, 0, 23, 23)",19,10,10,10,10,10,0,10,0
4841,conv2d_13,"(1, 2, 15, 15)",11,10,10,10,10,10,0,10,0
4842,conv2d_13,"(2, 0, 16, 6)",6,10,10,10,10,10,2,8,0
4843,conv2d_13,"(2, 2, 12, 41)",12,10,10,10,10,10,0,10,0
4844,conv2d_13,"(0, 1, 9, 10)",0,10,10,10,10,10,7,3,0
4845,conv2d_13,"(0, 1, 0, 3)",19,10,10,10,10,10,0,10,0
4846,conv2d_13,"(1, 0, 29, 6)",4,10,10,10,10,10,0,10,0
4847,conv2d_13,"(0, 1, 14, 39)",4,10,10,10,10,10,0,10,0
4848,conv2d_13,"(0, 0, 19, 27)",13,10,10,10,10,10,0,10,0
4849,conv2d_13,"(0, 2, 20, 63)",30,10,10,10,10,10,0,10,0
4850,conv2d_13,"(2, 2, 2, 16)",27,10,10,10,10,10,0,10,0
4851,conv2d_13,"(1, 0, 24, 41)",8,10,10,10,10,10,0,10,0
4852,conv2d_13,"(1, 2, 0, 37)",9,10,10,10,10,10,0,10,0
4853,conv2d_13,"(0, 1, 11, 7)",14,10,10,10,10,10,0,10,0
4854,conv2d_13,"(1, 1, 31, 3)",6,10,10,10,10,10,3,7,0
4855,conv2d_13,"(0, 2, 25, 33)",2,10,10,10,10,10,2,8,0
4856,conv2d_13,"(2, 0, 25, 47)",0,10,10,10,10,10,10,0,0
4857,conv2d_13,"(2, 1, 30, 10)",15,10,10,10,10,10,0,10,0
4858,conv2d_13,"(2, 1, 28, 0)",26,10,10,10,10,10,0,10,0
4859,conv2d_13,"(2, 1, 27, 12)",30,10,0,4,0,4,0,0,10
4860,conv2d_13,"(0, 1, 18, 19)",15,10,10,10,10,10,0,10,0
4861,conv2d_13,"(1, 0, 31, 39)",10,10,10,10,10,10,0,10,0
4862,conv2d_13,"(0, 2, 14, 40)",12,10,10,10,10,10,0,10,0
4863,conv2d_13,"(1, 0, 20, 61)",0,10,10,10,10,10,9,1,0
4864,conv2d_13,"(1, 1, 31, 6)",12,10,10,10,10,10,0,10,0
4865,conv2d_13,"(1, 1, 4, 21)",3,10,10,10,10,10,6,4,0
4866,conv2d_13,"(0, 2, 26, 28)",11,10,10,10,10,10,0,10,0
4867,conv2d_13,"(2, 1, 9, 5)",4,10,10,10,10,10,0,10,0
4868,conv2d_13,"(0, 0, 30, 25)",29,10,10,10,10,10,0,10,0
4869,conv2d_13,"(1, 2, 12, 5)",11,10,10,10,10,10,0,10,0
4870,conv2d_13,"(1, 1, 19, 37)",18,10,10,10,10,10,0,10,0
4871,conv2d_13,"(1, 1, 17, 0)",1,10,10,10,10,10,10,0,0
4872,conv2d_13,"(0, 0, 26, 56)",20,10,10,10,10,10,1,9,0
4873,conv2d_13,"(2, 1, 0, 8)",26,10,10,10,10,10,0,10,0
4874,conv2d_13,"(2, 0, 4, 41)",30,10,10,10,10,10,0,10,0
4875,conv2d_13,"(0, 1, 22, 4)",15,10,10,10,10,10,1,9,0
4876,conv2d_13,"(0, 1, 22, 21)",22,10,10,10,10,10,0,10,0
4877,conv2d_13,"(1, 0, 12, 49)",4,10,10,10,10,10,2,8,0
4878,conv2d_13,"(1, 1, 0, 45)",5,10,10,10,10,10,1,9,0
4879,conv2d_13,"(1, 1, 20, 12)",17,10,10,10,10,10,0,10,0
4880,conv2d_13,"(0, 2, 23, 50)",7,10,10,10,10,10,0,10,0
4881,conv2d_13,"(2, 1, 3, 50)",30,10,10,10,10,10,0,10,0
4882,conv2d_13,"(1, 0, 3, 0)",15,10,10,10,10,10,0,10,0
4883,conv2d_13,"(1, 1, 19, 1)",7,10,10,10,10,10,0,10,0
4884,conv2d_13,"(0, 2, 1, 35)",9,10,10,10,10,10,0,10,0
4885,conv2d_13,"(2, 0, 5, 22)",13,10,10,10,10,10,0,10,0
4886,conv2d_13,"(0, 2, 25, 48)",2,10,10,10,10,10,7,3,0
4887,conv2d_13,"(2, 2, 23, 30)",25,10,10,10,10,10,0,10,0
4888,conv2d_13,"(2, 1, 1, 35)",0,10,10,10,10,10,8,2,0
4889,conv2d_13,"(1, 0, 25, 19)",21,10,10,10,10,10,0,10,0
4890,conv2d_13,"(1, 2, 24, 11)",27,10,10,10,10,10,0,10,0
4891,conv2d_13,"(2, 0, 13, 26)",21,10,10,10,10,10,0,10,0
4892,conv2d_13,"(0, 0, 8, 53)",12,10,10,10,10,10,0,10,0
4893,conv2d_13,"(1, 0, 19, 59)",3,10,10,10,10,10,0,10,0
4894,conv2d_13,"(0, 2, 31, 55)",30,10,10,10,10,10,0,10,0
4895,conv2d_13,"(0, 2, 10, 5)",7,10,10,10,10,10,0,10,0
4896,conv2d_13,"(0, 0, 18, 11)",5,10,10,10,10,10,0,10,0
4897,conv2d_13,"(1, 1, 9, 25)",6,10,10,10,10,10,4,6,0
4898,conv2d_13,"(2, 1, 21, 12)",21,10,10,10,10,10,0,10,0
4899,conv2d_13,"(0, 1, 21, 6)",15,10,10,10,10,10,0,10,0
4900,conv2d_13,"(0, 2, 7, 23)",25,10,10,10,10,10,0,10,0
4901,conv2d_13,"(1, 2, 18, 4)",10,10,10,10,10,10,0,10,0
4902,conv2d_13,"(1, 0, 1, 18)",30,10,0,5,0,5,0,0,10
4903,conv2d_13,"(1, 1, 30, 0)",23,10,10,10,10,10,0,10,0
4904,conv2d_13,"(1, 2, 18, 35)",3,10,10,10,10,10,5,5,0
4905,conv2d_13,"(0, 1, 12, 17)",4,10,10,10,10,10,3,7,0
4906,conv2d_13,"(2, 0, 24, 37)",21,10,10,10,10,10,0,10,0
4907,conv2d_13,"(1, 1, 17, 31)",24,10,10,10,10,10,0,10,0
4908,conv2d_13,"(1, 0, 8, 52)",15,10,10,10,10,10,0,10,0
4909,conv2d_13,"(0, 1, 24, 41)",14,10,10,10,10,10,0,10,0
4910,conv2d_13,"(2, 1, 8, 1)",4,10,10,10,10,10,0,10,0
4911,conv2d_13,"(0, 1, 1, 38)",31,10,10,10,10,10,0,10,0
4912,conv2d_13,"(0, 1, 0, 57)",25,10,10,10,10,10,0,10,0
4913,conv2d_13,"(1, 0, 25, 5)",27,10,10,10,10,10,0,10,0
4914,conv2d_13,"(0, 0, 23, 1)",5,10,10,10,10,10,0,10,0
4915,conv2d_13,"(0, 2, 17, 54)",7,10,10,10,10,10,1,9,0
4916,conv2d_13,"(2, 0, 13, 1)",7,10,10,10,10,10,0,10,0
4917,conv2d_13,"(2, 0, 3, 21)",1,10,10,10,10,10,3,7,0
4918,conv2d_13,"(0, 0, 23, 18)",16,10,10,10,10,10,0,10,0
4919,conv2d_13,"(2, 0, 10, 43)",29,10,10,10,10,10,1,9,0
4920,conv2d_13,"(2, 2, 29, 47)",23,10,10,10,10,10,0,10,0
4921,conv2d_13,"(2, 2, 7, 29)",11,10,10,10,10,10,10,0,0
4922,conv2d_13,"(0, 2, 2, 50)",27,10,10,10,10,10,0,10,0
4923,conv2d_13,"(1, 1, 8, 5)",31,10,10,10,10,10,0,10,0
4924,conv2d_13,"(1, 1, 20, 37)",8,10,10,10,10,10,0,10,0
4925,conv2d_13,"(1, 2, 20, 5)",18,10,10,10,10,10,0,10,0
4926,conv2d_13,"(0, 2, 21, 36)",5,10,10,10,10,10,0,10,0
4927,conv2d_13,"(2, 2, 1, 15)",7,10,10,10,10,10,0,10,0
4928,conv2d_13,"(2, 1, 22, 49)",13,10,10,10,10,10,0,10,0
4929,conv2d_13,"(1, 1, 18, 36)",25,10,10,10,10,10,0,10,0
4930,conv2d_13,"(2, 2, 10, 20)",23,10,10,10,10,10,0,10,0
4931,conv2d_13,"(1, 2, 7, 19)",31,10,10,10,10,10,0,10,0
4932,conv2d_13,"(2, 1, 20, 6)",24,10,10,10,10,10,0,10,0
4933,conv2d_13,"(1, 0, 15, 1)",26,10,10,10,10,10,0,10,0
4934,conv2d_13,"(2, 1, 19, 17)",1,10,10,10,10,10,9,1,0
4935,conv2d_13,"(1, 1, 0, 57)",9,10,10,10,10,10,0,10,0
4936,conv2d_13,"(0, 0, 25, 53)",12,10,10,10,10,10,0,10,0
4937,conv2d_13,"(1, 2, 4, 45)",23,10,10,10,10,10,0,10,0
4938,conv2d_13,"(1, 0, 4, 3)",0,10,10,10,10,10,9,1,0
4939,conv2d_13,"(0, 2, 28, 8)",5,10,10,10,10,10,0,10,0
4940,conv2d_13,"(0, 1, 31, 54)",27,10,10,10,10,10,1,9,0
4941,conv2d_13,"(2, 1, 22, 6)",3,10,10,10,10,10,2,8,0
4942,conv2d_13,"(0, 1, 8, 47)",19,10,10,10,10,10,0,10,0
4943,conv2d_13,"(0, 2, 13, 9)",20,10,10,10,10,10,0,10,0
4944,conv2d_13,"(2, 1, 28, 39)",3,10,10,10,10,10,6,4,0
4945,conv2d_13,"(2, 2, 16, 48)",23,10,10,10,10,10,0,10,0
4946,conv2d_13,"(2, 1, 6, 27)",29,10,10,10,10,10,0,10,0
4947,conv2d_13,"(2, 1, 20, 6)",7,10,10,10,10,10,0,10,0
4948,conv2d_13,"(1, 2, 25, 10)",19,10,10,10,10,10,0,10,0
4949,conv2d_13,"(1, 1, 13, 51)",24,10,10,10,10,10,0,10,0
4950,conv2d_13,"(0, 1, 15, 15)",31,10,10,10,10,10,0,10,0
4951,conv2d_13,"(1, 2, 29, 33)",0,10,10,10,10,10,6,4,0
4952,conv2d_13,"(0, 0, 29, 47)",15,10,10,10,10,10,0,10,0
4953,conv2d_13,"(2, 0, 30, 61)",16,10,10,10,10,10,0,10,0
4954,conv2d_13,"(2, 0, 0, 31)",11,10,10,10,10,10,0,10,0
4955,conv2d_13,"(2, 1, 1, 20)",27,10,10,10,10,10,0,10,0
4956,conv2d_13,"(0, 0, 15, 62)",9,10,10,10,10,10,10,0,0
4957,conv2d_13,"(2, 0, 13, 61)",13,10,10,10,10,10,0,10,0
4958,conv2d_13,"(1, 0, 18, 51)",11,10,10,10,10,10,0,10,0
4959,conv2d_13,"(0, 0, 20, 17)",25,10,10,10,10,10,0,10,0
4960,conv2d_13,"(2, 2, 24, 58)",11,10,10,10,10,10,0,10,0
4961,conv2d_13,"(1, 1, 10, 33)",15,10,10,10,10,10,0,10,0
4962,conv2d_13,"(2, 2, 14, 20)",21,10,10,10,10,10,0,10,0
4963,conv2d_13,"(0, 0, 2, 18)",11,10,10,10,10,10,0,10,0
4964,conv2d_13,"(1, 2, 6, 2)",0,10,10,10,10,10,5,5,0
4965,conv2d_13,"(2, 0, 27, 8)",14,10,10,10,10,10,0,10,0
4966,conv2d_13,"(1, 0, 17, 22)",13,10,10,10,10,10,0,10,0
4967,conv2d_13,"(2, 0, 31, 38)",9,10,10,10,10,10,0,10,0
4968,conv2d_13,"(1, 1, 30, 1)",5,10,10,10,10,10,2,8,0
4969,conv2d_13,"(2, 1, 17, 42)",8,10,10,10,10,10,1,9,0
4970,conv2d_13,"(1, 1, 3, 49)",27,10,10,10,10,10,0,10,0
4971,conv2d_13,"(2, 0, 12, 8)",7,10,10,10,10,10,0,10,0
4972,conv2d_13,"(2, 1, 0, 3)",18,10,10,10,10,10,0,10,0
4973,conv2d_13,"(2, 0, 13, 31)",11,10,10,10,10,10,0,10,0
4974,conv2d_13,"(0, 1, 9, 55)",28,10,10,10,10,10,1,9,0
4975,conv2d_13,"(0, 0, 29, 59)",4,10,10,10,10,10,2,8,0
4976,conv2d_13,"(1, 1, 2, 53)",19,10,10,10,10,10,0,10,0
4977,conv2d_13,"(1, 0, 1, 61)",13,10,10,10,10,10,0,10,0
4978,conv2d_13,"(0, 1, 3, 46)",2,10,10,10,10,10,5,5,0
4979,conv2d_13,"(0, 2, 20, 42)",19,10,10,10,10,10,0,10,0
4980,conv2d_13,"(0, 2, 18, 17)",2,10,10,10,10,10,4,6,0
4981,conv2d_13,"(2, 0, 19, 60)",8,10,10,10,10,10,0,10,0
4982,conv2d_13,"(0, 2, 17, 63)",27,10,10,10,10,10,0,10,0
4983,conv2d_13,"(2, 0, 23, 60)",27,10,10,10,10,10,0,10,0
4984,conv2d_13,"(0, 1, 26, 58)",0,10,10,10,10,10,4,6,0
4985,conv2d_13,"(0, 0, 10, 55)",15,10,10,10,10,10,0,10,0
4986,conv2d_13,"(2, 2, 12, 51)",22,10,10,10,10,10,0,10,0
4987,conv2d_13,"(1, 2, 16, 51)",4,10,10,10,10,10,3,7,0
4988,conv2d_13,"(1, 1, 28, 36)",31,10,10,10,10,10,0,10,0
4989,conv2d_13,"(2, 0, 6, 26)",31,10,10,10,10,10,0,10,0
4990,conv2d_13,"(1, 2, 4, 35)",27,10,10,10,10,10,0,10,0
4991,conv2d_13,"(1, 0, 20, 4)",18,10,10,10,10,10,0,10,0
4992,conv2d_13,"(1, 1, 9, 26)",18,10,10,10,10,10,0,10,0
4993,conv2d_13,"(0, 2, 8, 27)",14,10,10,10,10,10,0,10,0
4994,conv2d_13,"(0, 0, 24, 32)",6,10,10,10,10,10,0,10,0
4995,conv2d_13,"(2, 0, 4, 20)",21,10,10,10,10,10,0,10,0
4996,conv2d_13,"(0, 1, 21, 36)",1,10,10,10,10,10,5,5,0
4997,conv2d_13,"(0, 2, 4, 0)",28,10,10,10,10,10,0,10,0
4998,conv2d_13,"(0, 0, 10, 55)",19,10,10,10,10,10,0,10,0
4999,conv2d_13,"(0, 2, 19, 63)",10,10,10,10,10,10,0,10,0
5000,conv2d_13,"(2, 1, 25, 43)",31,10,10,10,10,10,0,10,0
5001,conv2d_13,"(0, 0, 9, 8)",28,10,10,10,10,10,1,9,0
5002,conv2d_13,"(1, 2, 3, 61)",18,10,10,10,10,10,0,10,0
5003,conv2d_13,"(2, 0, 24, 8)",24,10,10,10,10,10,0,10,0
5004,conv2d_13,"(2, 2, 12, 9)",16,10,10,10,10,10,0,10,0
5005,conv2d_13,"(1, 1, 25, 47)",17,10,10,10,10,10,0,10,0
5006,conv2d_13,"(2, 1, 1, 50)",27,10,10,10,10,10,0,10,0
5007,conv2d_13,"(2, 1, 17, 56)",12,10,10,10,10,10,0,10,0
5008,conv2d_13,"(2, 1, 0, 30)",9,10,10,10,10,10,0,10,0
5009,conv2d_13,"(0, 0, 25, 25)",3,10,10,10,10,10,4,6,0
5010,conv2d_13,"(0, 1, 26, 18)",25,10,10,10,10,10,0,10,0
5011,conv2d_13,"(0, 1, 0, 16)",20,10,10,10,10,10,0,10,0
5012,conv2d_13,"(2, 1, 20, 45)",26,10,10,10,10,10,0,10,0
5013,conv2d_13,"(1, 2, 21, 35)",25,10,10,10,10,10,0,10,0
5014,conv2d_13,"(1, 1, 20, 41)",22,10,10,10,10,10,0,10,0
5015,conv2d_13,"(1, 1, 11, 12)",27,10,10,10,10,10,0,10,0
5016,conv2d_13,"(0, 0, 0, 35)",24,10,10,10,10,10,0,10,0
5017,conv2d_13,"(2, 1, 21, 57)",8,10,10,10,10,10,0,10,0
5018,conv2d_13,"(1, 0, 3, 37)",26,10,10,10,10,10,0,10,0
5019,conv2d_13,"(1, 1, 22, 48)",6,10,10,10,10,10,0,10,0
5020,conv2d_13,"(1, 1, 11, 19)",16,10,10,10,10,10,0,10,0
5021,conv2d_13,"(1, 0, 30, 8)",9,10,10,10,10,10,0,10,0
5022,conv2d_13,"(2, 1, 12, 25)",27,10,10,10,10,10,0,10,0
5023,conv2d_13,"(1, 1, 14, 2)",2,10,10,10,10,10,1,9,0
5024,conv2d_13,"(0, 0, 28, 8)",26,10,10,10,10,10,0,10,0
5025,conv2d_13,"(2, 1, 2, 24)",17,10,10,10,10,10,0,10,0
5026,conv2d_13,"(2, 2, 13, 19)",26,10,10,10,10,10,0,10,0
5027,conv2d_13,"(0, 2, 11, 7)",21,10,10,10,10,10,0,10,0
5028,conv2d_13,"(0, 2, 14, 6)",17,10,10,10,10,10,0,10,0
5029,conv2d_13,"(1, 2, 13, 8)",0,10,10,10,10,10,5,5,0
5030,conv2d_13,"(2, 1, 4, 55)",31,10,10,10,10,10,0,10,0
5031,conv2d_13,"(1, 1, 8, 62)",9,10,10,10,10,10,10,0,0
5032,conv2d_13,"(0, 1, 7, 34)",24,10,10,10,10,10,0,10,0
5033,conv2d_13,"(1, 1, 0, 34)",2,10,10,10,10,10,1,9,0
5034,conv2d_13,"(1, 1, 13, 59)",31,10,10,10,10,10,0,10,0
5035,conv2d_13,"(2, 1, 0, 38)",31,10,10,10,10,10,0,10,0
5036,conv2d_13,"(2, 0, 16, 28)",21,10,10,10,10,10,0,10,0
5037,conv2d_13,"(2, 1, 8, 5)",0,10,10,10,10,10,5,5,0
5038,conv2d_13,"(1, 0, 16, 21)",2,10,10,10,10,10,8,2,0
5039,conv2d_13,"(1, 2, 5, 29)",8,10,10,10,10,10,10,0,0
5040,conv2d_13,"(2, 0, 17, 42)",29,10,10,10,10,10,0,10,0
5041,conv2d_13,"(0, 0, 19, 24)",14,10,10,10,10,10,0,10,0
5042,conv2d_13,"(2, 1, 28, 12)",30,10,10,10,10,10,0,10,0
5043,conv2d_13,"(1, 1, 27, 36)",23,10,10,10,10,10,0,10,0
5044,conv2d_13,"(0, 2, 19, 14)",27,10,10,10,10,10,0,10,0
5045,conv2d_13,"(0, 0, 10, 34)",8,10,10,10,10,10,0,10,0
5046,conv2d_13,"(2, 2, 25, 40)",17,10,10,10,10,10,0,10,0
5047,conv2d_13,"(0, 0, 26, 13)",14,10,10,10,10,10,0,10,0
5048,conv2d_13,"(0, 2, 27, 21)",23,10,10,10,10,10,0,10,0
5049,conv2d_13,"(0, 1, 17, 48)",26,10,10,10,10,10,0,10,0
5050,conv2d_13,"(2, 0, 18, 61)",6,10,10,10,10,10,0,10,0
5051,conv2d_13,"(2, 0, 12, 56)",24,10,10,10,10,10,0,10,0
5052,conv2d_13,"(2, 0, 11, 51)",5,10,10,10,10,10,3,7,0
5053,conv2d_13,"(2, 0, 5, 47)",29,10,10,10,10,10,0,10,0
5054,conv2d_13,"(0, 1, 18, 19)",23,10,10,10,10,10,0,10,0
5055,conv2d_13,"(1, 2, 19, 43)",1,10,10,10,10,10,6,4,0
5056,conv2d_13,"(0, 0, 9, 53)",29,10,10,10,10,10,0,10,0
5057,conv2d_13,"(2, 1, 14, 18)",7,10,10,10,10,10,0,10,0
5058,conv2d_13,"(0, 0, 1, 57)",14,10,10,10,10,10,0,10,0
5059,conv2d_13,"(0, 2, 3, 60)",27,10,10,10,10,10,0,10,0
5060,conv2d_13,"(2, 2, 17, 40)",28,10,10,10,10,10,0,10,0
5061,conv2d_13,"(1, 1, 17, 7)",20,10,10,10,10,10,0,10,0
5062,conv2d_13,"(2, 1, 4, 33)",26,10,10,10,10,10,0,10,0
5063,conv2d_13,"(1, 0, 20, 63)",4,10,10,10,10,10,0,10,0
5064,conv2d_13,"(2, 0, 28, 5)",29,10,10,10,10,10,0,10,0
5065,conv2d_13,"(2, 0, 22, 8)",20,10,10,10,10,10,0,10,0
5066,conv2d_13,"(2, 2, 3, 63)",19,10,10,10,10,10,0,10,0
5067,conv2d_13,"(0, 1, 24, 47)",13,10,10,10,10,10,0,10,0
5068,conv2d_13,"(1, 0, 28, 33)",1,10,10,10,10,10,7,3,0
5069,conv2d_13,"(2, 1, 1, 19)",25,10,10,10,10,10,0,10,0
5070,conv2d_13,"(0, 2, 9, 10)",25,10,10,10,10,10,0,10,0
5071,conv2d_13,"(0, 2, 11, 13)",1,10,10,10,10,10,4,6,0
5072,conv2d_13,"(2, 2, 5, 42)",6,10,10,10,10,10,0,10,0
5073,conv2d_13,"(2, 0, 24, 19)",8,10,10,10,10,10,0,10,0
5074,conv2d_13,"(0, 1, 31, 3)",24,10,10,10,10,10,0,10,0
5075,conv2d_13,"(0, 1, 7, 4)",8,10,10,10,10,10,0,10,0
5076,conv2d_13,"(0, 2, 30, 28)",9,10,10,10,10,10,0,10,0
5077,conv2d_13,"(0, 1, 14, 49)",27,10,10,10,10,10,0,10,0
5078,conv2d_13,"(0, 0, 29, 38)",20,10,10,10,10,10,0,10,0
5079,conv2d_13,"(1, 1, 26, 5)",29,10,10,10,10,10,0,10,0
5080,conv2d_13,"(0, 1, 14, 52)",22,10,10,10,10,10,0,10,0
5081,conv2d_13,"(1, 1, 0, 57)",15,10,10,10,10,10,0,10,0
5082,conv2d_13,"(2, 0, 10, 12)",6,10,10,10,10,10,0,10,0
5083,conv2d_13,"(1, 2, 21, 41)",2,10,10,10,10,10,9,1,0
5084,conv2d_13,"(2, 0, 28, 40)",22,10,10,10,10,10,0,10,0
5085,conv2d_13,"(2, 1, 5, 16)",14,10,10,10,10,10,0,10,0
5086,conv2d_13,"(1, 0, 17, 35)",19,10,10,10,10,10,0,10,0
5087,conv2d_13,"(0, 0, 13, 47)",19,10,10,10,10,10,0,10,0
5088,conv2d_13,"(1, 0, 19, 8)",6,10,10,10,10,10,0,10,0
5089,conv2d_13,"(2, 1, 14, 19)",3,10,10,10,10,10,1,9,0
5090,conv2d_13,"(2, 1, 25, 25)",7,10,10,10,10,10,0,10,0
5091,conv2d_13,"(2, 2, 25, 41)",4,10,10,10,10,10,0,10,0
5092,conv2d_13,"(1, 2, 28, 4)",28,10,10,10,10,10,0,10,0
5093,conv2d_13,"(0, 2, 9, 6)",19,10,10,10,10,10,0,10,0
5094,conv2d_13,"(1, 2, 22, 34)",18,10,10,10,10,10,0,10,0
5095,conv2d_13,"(1, 2, 26, 33)",18,10,10,10,10,10,0,10,0
5096,conv2d_13,"(1, 2, 14, 3)",27,10,10,10,10,10,0,10,0
5097,conv2d_13,"(0, 1, 1, 38)",13,10,10,10,10,10,0,10,0
5098,conv2d_13,"(1, 0, 20, 17)",31,10,10,10,10,10,0,10,0
5099,conv2d_13,"(1, 2, 7, 26)",31,10,10,10,10,10,0,10,0
5100,conv2d_13,"(2, 0, 28, 46)",9,10,10,10,10,10,0,10,0
5101,conv2d_13,"(0, 2, 14, 56)",25,10,10,10,10,10,0,10,0
5102,conv2d_13,"(0, 2, 2, 26)",5,10,10,10,10,10,6,4,0
5103,conv2d_13,"(2, 2, 23, 42)",19,10,10,10,10,10,1,9,0
5104,conv2d_13,"(0, 0, 14, 20)",19,10,10,10,10,10,0,10,0
5105,conv2d_13,"(2, 1, 24, 11)",4,10,10,10,10,10,4,6,0
5106,conv2d_13,"(2, 0, 16, 44)",27,10,10,10,10,10,0,10,0
5107,conv2d_13,"(1, 0, 1, 49)",19,10,10,10,10,10,0,10,0
5108,conv2d_13,"(1, 2, 24, 37)",16,10,10,10,10,10,0,10,0
5109,conv2d_13,"(2, 0, 11, 49)",22,10,10,10,10,10,0,10,0
5110,conv2d_13,"(2, 0, 18, 45)",31,10,10,10,10,10,0,10,0
5111,conv2d_13,"(1, 0, 7, 34)",28,10,10,10,10,10,0,10,0
5112,conv2d_13,"(0, 0, 21, 0)",10,10,10,10,10,10,0,10,0
5113,conv2d_13,"(1, 2, 6, 9)",4,10,10,10,10,10,0,10,0
5114,conv2d_13,"(0, 1, 6, 36)",17,10,10,10,10,10,0,10,0
5115,conv2d_13,"(2, 0, 24, 61)",16,10,10,10,10,10,0,10,0
5116,conv2d_13,"(1, 1, 31, 26)",1,10,10,10,10,10,1,9,0
5117,conv2d_13,"(2, 1, 8, 16)",18,10,10,10,10,10,0,10,0
5118,conv2d_13,"(0, 0, 12, 30)",27,10,10,10,10,10,0,10,0
5119,conv2d_13,"(2, 2, 1, 44)",24,10,10,10,10,10,0,10,0
5120,conv2d_13,"(2, 0, 7, 23)",26,10,10,10,10,10,0,10,0
5121,conv2d_13,"(1, 0, 28, 48)",24,10,10,10,10,10,0,10,0
5122,conv2d_13,"(1, 0, 26, 53)",0,10,10,10,10,10,10,0,0
5123,conv2d_13,"(2, 1, 20, 17)",15,10,10,10,10,10,0,10,0
5124,conv2d_13,"(0, 0, 11, 35)",8,10,10,10,10,10,0,10,0
5125,conv2d_13,"(1, 2, 14, 17)",2,10,10,10,10,10,1,9,0
5126,conv2d_13,"(2, 1, 13, 9)",27,10,10,10,10,10,0,10,0
5127,conv2d_13,"(1, 1, 26, 28)",1,10,10,10,10,10,8,2,0
5128,conv2d_13,"(1, 2, 30, 12)",4,10,10,10,10,10,0,10,0
5129,conv2d_13,"(2, 1, 9, 41)",17,10,10,10,10,10,0,10,0
5130,conv2d_13,"(1, 1, 7, 51)",1,10,10,10,10,10,5,5,0
5131,conv2d_13,"(0, 1, 13, 21)",4,10,10,10,10,10,1,9,0
5132,conv2d_13,"(1, 1, 19, 58)",27,10,10,10,10,10,0,10,0
5133,conv2d_13,"(1, 0, 8, 39)",7,10,10,10,10,10,0,10,0
5134,conv2d_13,"(1, 0, 15, 49)",24,10,10,10,10,10,0,10,0
5135,conv2d_13,"(2, 2, 4, 27)",22,10,10,10,10,10,0,10,0
5136,conv2d_13,"(1, 2, 21, 48)",10,10,10,10,10,10,0,10,0
5137,conv2d_13,"(2, 1, 31, 23)",24,10,10,10,10,10,0,10,0
5138,conv2d_13,"(1, 2, 5, 33)",2,10,10,10,10,10,0,10,0
5139,conv2d_13,"(2, 1, 13, 3)",0,10,10,10,10,10,9,1,0
5140,conv2d_13,"(1, 0, 21, 22)",13,10,10,10,10,10,0,10,0
5141,conv2d_13,"(2, 1, 18, 34)",25,10,10,10,10,10,0,10,0
5142,conv2d_13,"(0, 2, 9, 61)",14,10,10,10,10,10,0,10,0
5143,conv2d_13,"(1, 0, 19, 0)",14,10,10,10,10,10,0,10,0
5144,conv2d_13,"(1, 1, 16, 8)",24,10,10,10,10,10,0,10,0
5145,conv2d_13,"(2, 1, 23, 10)",18,10,10,10,10,10,0,10,0
5146,conv2d_13,"(1, 0, 9, 25)",7,10,10,10,10,10,0,10,0
5147,conv2d_13,"(2, 2, 29, 33)",29,10,10,10,10,10,0,10,0
5148,conv2d_13,"(0, 0, 13, 40)",0,10,10,10,10,10,8,2,0
5149,conv2d_13,"(2, 1, 0, 37)",18,10,10,10,10,10,0,10,0
5150,conv2d_13,"(1, 2, 28, 31)",27,10,10,10,10,10,0,10,0
5151,conv2d_13,"(2, 0, 6, 54)",3,10,10,10,10,10,5,5,0
5152,conv2d_13,"(0, 0, 3, 47)",30,10,10,10,10,10,0,10,0
5153,conv2d_13,"(1, 0, 5, 31)",5,10,10,10,10,10,0,10,0
5154,conv2d_13,"(0, 1, 5, 41)",14,10,10,10,10,10,0,10,0
5155,conv2d_13,"(2, 1, 30, 55)",10,10,10,10,10,10,0,10,0
5156,conv2d_13,"(1, 2, 0, 13)",4,10,10,10,10,10,10,0,0
5157,conv2d_13,"(0, 2, 6, 58)",25,10,10,10,10,10,0,10,0
5158,conv2d_13,"(1, 0, 27, 40)",21,10,10,10,10,10,0,10,0
5159,conv2d_13,"(1, 2, 3, 58)",0,10,10,10,10,10,5,5,0
5160,conv2d_13,"(2, 2, 27, 18)",12,10,10,10,10,10,0,10,0
5161,conv2d_13,"(1, 1, 4, 31)",11,10,10,10,10,10,0,10,0
5162,conv2d_13,"(1, 0, 0, 25)",3,10,10,10,10,10,1,9,0
5163,conv2d_13,"(0, 0, 12, 23)",27,10,10,10,10,10,0,10,0
5164,conv2d_13,"(2, 0, 21, 42)",20,10,10,10,10,10,0,10,0
5165,conv2d_13,"(1, 2, 10, 17)",6,10,10,10,10,10,0,10,0
5166,conv2d_13,"(0, 0, 18, 12)",25,10,10,10,10,10,0,10,0
5167,conv2d_14,"(0, 0, 61, 52)",20,10,10,10,10,10,0,10,0
5168,conv2d_14,"(1, 2, 32, 9)",9,10,10,10,10,10,0,10,0
5169,conv2d_14,"(1, 1, 12, 2)",15,10,10,10,10,10,0,10,0
5170,conv2d_14,"(0, 0, 18, 26)",8,10,10,10,10,10,0,10,0
5171,conv2d_14,"(0, 1, 4, 35)",14,10,10,10,10,10,1,9,0
5172,conv2d_14,"(2, 0, 23, 16)",3,10,10,10,10,10,0,10,0
5173,conv2d_14,"(0, 2, 48, 47)",1,10,10,10,10,10,0,10,0
5174,conv2d_14,"(0, 0, 5, 12)",13,10,10,10,10,10,0,10,0
5175,conv2d_14,"(0, 0, 39, 32)",6,10,10,10,10,10,0,10,0
5176,conv2d_14,"(2, 0, 29, 24)",23,10,10,10,10,10,10,0,0
5177,conv2d_14,"(0, 0, 48, 23)",10,10,10,10,10,10,0,10,0
5178,conv2d_14,"(1, 1, 32, 31)",18,10,10,10,10,10,0,10,0
5179,conv2d_14,"(0, 1, 16, 42)",11,10,10,10,10,10,0,10,0
5180,conv2d_14,"(1, 2, 38, 51)",28,10,10,10,10,10,0,10,0
5181,conv2d_14,"(0, 1, 0, 54)",27,10,10,10,10,10,0,10,0
5182,conv2d_14,"(1, 0, 24, 54)",3,10,10,10,10,10,1,9,0
5183,conv2d_14,"(1, 1, 31, 45)",30,10,2,3,2,3,0,2,8
5184,conv2d_14,"(2, 2, 35, 31)",23,10,10,10,10,10,0,10,0
5185,conv2d_14,"(0, 1, 60, 22)",25,10,10,10,10,10,0,10,0
5186,conv2d_14,"(2, 0, 42, 11)",24,10,10,10,10,10,0,10,0
5187,conv2d_14,"(1, 2, 47, 51)",4,10,10,10,10,10,0,10,0
5188,conv2d_14,"(1, 0, 62, 34)",23,10,10,10,10,10,10,0,0
5189,conv2d_14,"(2, 1, 7, 31)",26,10,10,10,10,10,0,10,0
5190,conv2d_14,"(1, 1, 13, 38)",23,10,10,10,10,10,0,10,0
5191,conv2d_14,"(1, 2, 31, 28)",23,10,10,10,10,10,0,10,0
5192,conv2d_14,"(1, 1, 36, 20)",25,10,10,10,10,10,0,10,0
5193,conv2d_14,"(2, 0, 40, 55)",21,10,10,10,10,10,0,10,0
5194,conv2d_14,"(0, 2, 52, 26)",21,10,10,10,10,10,0,10,0
5195,conv2d_14,"(1, 0, 19, 31)",24,10,10,10,10,10,0,10,0
5196,conv2d_14,"(1, 0, 19, 63)",21,10,10,10,10,10,10,0,0
5197,conv2d_14,"(0, 2, 10, 60)",29,10,10,10,10,10,0,10,0
5198,conv2d_14,"(2, 2, 25, 53)",14,10,10,10,10,10,0,10,0
5199,conv2d_14,"(0, 2, 34, 41)",18,10,10,10,10,10,0,10,0
5200,conv2d_14,"(2, 2, 42, 52)",27,10,10,10,10,10,0,10,0
5201,conv2d_14,"(1, 0, 3, 31)",25,10,10,10,10,10,0,10,0
5202,conv2d_14,"(2, 1, 37, 18)",15,10,10,10,10,10,0,10,0
5203,conv2d_14,"(0, 1, 53, 9)",14,10,10,10,10,10,0,10,0
5204,conv2d_14,"(1, 2, 12, 10)",12,10,10,10,10,10,0,10,0
5205,conv2d_14,"(0, 0, 11, 59)",1,10,10,10,10,10,5,5,0
5206,conv2d_14,"(1, 0, 26, 63)",24,10,10,10,10,10,10,0,0
5207,conv2d_14,"(2, 0, 60, 7)",0,10,10,10,10,10,10,0,0
5208,conv2d_14,"(2, 2, 35, 12)",27,10,10,10,10,10,0,10,0
5209,conv2d_14,"(2, 0, 2, 61)",24,10,10,10,10,10,0,10,0
5210,conv2d_14,"(0, 0, 26, 35)",7,10,10,10,10,10,0,10,0
5211,conv2d_14,"(0, 2, 50, 36)",19,10,10,10,10,10,0,10,0
5212,conv2d_14,"(0, 1, 50, 56)",17,10,10,10,10,10,0,10,0
5213,conv2d_14,"(1, 2, 21, 18)",18,10,10,10,10,10,0,10,0
5214,conv2d_14,"(0, 0, 51, 44)",6,10,10,10,10,10,0,10,0
5215,conv2d_14,"(2, 2, 17, 58)",19,10,10,10,10,10,0,10,0
5216,conv2d_14,"(1, 2, 27, 1)",16,10,10,10,10,10,1,9,0
5217,conv2d_14,"(0, 2, 14, 10)",26,10,10,10,10,10,2,8,0
5218,conv2d_14,"(2, 1, 37, 49)",5,10,10,10,10,10,0,10,0
5219,conv2d_14,"(2, 0, 57, 52)",26,10,10,10,10,10,0,10,0
5220,conv2d_14,"(1, 0, 27, 28)",7,10,10,10,10,10,0,10,0
5221,conv2d_14,"(1, 0, 13, 4)",10,10,10,10,10,10,0,10,0
5222,conv2d_14,"(0, 1, 3, 44)",15,10,10,10,10,10,0,10,0
5223,conv2d_14,"(0, 0, 4, 34)",14,10,10,10,10,10,0,10,0
5224,conv2d_14,"(1, 0, 34, 29)",30,10,0,0,0,0,0,0,10
5225,conv2d_14,"(2, 0, 61, 53)",17,10,10,10,10,10,0,10,0
5226,conv2d_14,"(0, 2, 36, 12)",16,10,10,10,10,10,0,10,0
5227,conv2d_14,"(0, 1, 7, 11)",31,10,10,10,10,10,0,10,0
5228,conv2d_14,"(0, 1, 4, 27)",5,10,10,10,10,10,1,9,0
5229,conv2d_14,"(0, 1, 51, 13)",5,10,10,10,10,10,0,10,0
5230,conv2d_14,"(1, 2, 6, 3)",10,10,10,10,10,10,0,10,0
5231,conv2d_14,"(2, 2, 19, 4)",26,10,10,10,10,10,0,10,0
5232,conv2d_14,"(1, 2, 15, 53)",2,10,10,10,10,10,0,10,0
5233,conv2d_14,"(0, 1, 5, 9)",9,10,10,10,10,10,0,10,0
5234,conv2d_14,"(1, 2, 25, 15)",21,10,10,10,10,10,0,10,0
5235,conv2d_14,"(0, 0, 33, 38)",13,10,10,10,10,10,0,10,0
5236,conv2d_14,"(0, 1, 25, 40)",3,10,10,10,10,10,1,9,0
5237,conv2d_14,"(1, 2, 12, 61)",6,10,10,10,10,10,0,10,0
5238,conv2d_14,"(0, 0, 48, 26)",20,10,10,10,10,10,0,10,0
5239,conv2d_14,"(2, 0, 12, 61)",31,10,10,10,10,10,0,10,0
5240,conv2d_14,"(0, 2, 26, 14)",6,10,10,10,10,10,0,10,0
5241,conv2d_14,"(0, 1, 2, 39)",29,10,10,10,10,10,0,10,0
5242,conv2d_14,"(2, 2, 20, 0)",5,10,10,10,10,10,0,10,0
5243,conv2d_14,"(0, 0, 11, 37)",29,10,10,10,10,10,0,10,0
5244,conv2d_14,"(0, 1, 40, 38)",4,10,10,10,10,10,0,10,0
5245,conv2d_14,"(1, 2, 55, 27)",23,10,10,10,10,10,0,10,0
5246,conv2d_14,"(1, 1, 48, 62)",12,10,10,10,10,10,0,10,0
5247,conv2d_14,"(2, 0, 30, 9)",2,10,10,10,10,10,3,7,0
5248,conv2d_14,"(2, 0, 38, 63)",24,10,10,10,10,10,10,0,0
5249,conv2d_14,"(0, 0, 36, 15)",9,10,10,10,10,10,0,10,0
5250,conv2d_14,"(1, 0, 44, 15)",4,10,10,10,10,10,0,10,0
5251,conv2d_14,"(1, 0, 10, 30)",21,10,10,10,10,10,0,10,0
5252,conv2d_14,"(2, 2, 52, 6)",27,10,10,10,10,10,0,10,0
5253,conv2d_14,"(0, 1, 49, 23)",16,10,10,10,10,10,0,10,0
5254,conv2d_14,"(0, 1, 43, 44)",11,10,10,10,10,10,0,10,0
5255,conv2d_14,"(0, 0, 39, 63)",8,10,10,10,10,10,10,0,0
5256,conv2d_14,"(1, 2, 36, 46)",4,10,10,10,10,10,0,10,0
5257,conv2d_14,"(2, 2, 35, 59)",22,10,10,10,10,10,0,10,0
5258,conv2d_14,"(2, 1, 49, 54)",14,10,10,10,10,10,0,10,0
5259,conv2d_14,"(1, 0, 3, 7)",21,10,10,10,10,10,0,10,0
5260,conv2d_14,"(1, 2, 57, 55)",25,10,10,10,10,10,0,10,0
5261,conv2d_14,"(1, 2, 46, 26)",18,10,10,10,10,10,0,10,0
5262,conv2d_14,"(1, 2, 23, 18)",5,10,10,10,10,10,0,10,0
5263,conv2d_14,"(1, 1, 19, 58)",8,10,10,10,10,10,0,10,0
5264,conv2d_14,"(1, 0, 51, 46)",16,10,10,10,10,10,0,10,0
5265,conv2d_14,"(1, 0, 1, 48)",2,10,10,10,10,10,3,7,0
5266,conv2d_14,"(2, 1, 37, 10)",7,10,10,10,10,10,0,10,0
5267,conv2d_14,"(1, 2, 0, 28)",26,10,10,10,10,10,0,10,0
5268,conv2d_14,"(0, 2, 33, 23)",28,10,10,10,10,10,0,10,0
5269,conv2d_14,"(0, 2, 0, 13)",26,10,10,10,10,10,0,10,0
5270,conv2d_14,"(2, 1, 7, 52)",6,10,10,10,10,10,0,10,0
5271,conv2d_14,"(2, 0, 17, 62)",0,10,10,10,10,10,2,8,0
5272,conv2d_14,"(0, 0, 52, 60)",7,10,10,10,10,10,0,10,0
5273,conv2d_14,"(2, 0, 44, 15)",8,10,10,10,10,10,0,10,0
5274,conv2d_14,"(2, 0, 18, 29)",11,10,10,10,10,10,0,10,0
5275,conv2d_14,"(1, 0, 19, 22)",17,10,10,10,10,10,0,10,0
5276,conv2d_14,"(0, 2, 41, 60)",12,10,10,10,10,10,0,10,0
5277,conv2d_14,"(0, 0, 38, 45)",17,10,10,10,10,10,0,10,0
5278,conv2d_14,"(2, 2, 4, 11)",17,10,10,10,10,10,0,10,0
5279,conv2d_14,"(0, 1, 14, 57)",6,10,10,10,10,10,1,9,0
5280,conv2d_14,"(1, 2, 31, 14)",1,10,10,10,10,10,0,10,0
5281,conv2d_14,"(1, 1, 24, 40)",9,10,10,10,10,10,0,10,0
5282,conv2d_14,"(0, 1, 16, 21)",18,10,10,10,10,10,0,10,0
5283,conv2d_14,"(1, 2, 46, 15)",2,10,10,10,10,10,10,0,0
5284,conv2d_14,"(0, 0, 30, 59)",1,10,10,10,10,10,3,7,0
5285,conv2d_14,"(1, 0, 3, 9)",18,10,10,10,10,10,0,10,0
5286,conv2d_14,"(1, 0, 31, 42)",21,10,10,10,10,10,0,10,0
5287,conv2d_14,"(2, 1, 12, 16)",18,10,10,10,10,10,0,10,0
5288,conv2d_14,"(1, 1, 52, 60)",8,10,10,10,10,10,0,10,0
5289,conv2d_14,"(0, 2, 22, 4)",14,10,10,10,10,10,0,10,0
5290,conv2d_14,"(0, 1, 49, 2)",31,10,10,10,10,10,0,10,0
5291,conv2d_14,"(1, 2, 29, 3)",7,10,10,10,10,10,10,0,0
5292,conv2d_14,"(0, 2, 12, 18)",28,10,10,10,10,10,0,10,0
5293,conv2d_14,"(2, 1, 30, 32)",0,10,10,10,10,10,10,0,0
5294,conv2d_14,"(2, 1, 42, 40)",22,10,10,10,10,10,0,10,0
5295,conv2d_14,"(2, 2, 47, 63)",19,10,10,10,10,10,10,0,0
5296,conv2d_14,"(0, 2, 35, 2)",0,10,10,10,10,10,9,1,0
5297,conv2d_14,"(2, 2, 55, 53)",3,10,10,10,10,10,4,6,0
5298,conv2d_14,"(0, 2, 45, 38)",27,10,10,10,10,10,0,10,0
5299,conv2d_14,"(0, 2, 48, 1)",3,10,10,10,10,10,0,10,0
5300,conv2d_14,"(1, 1, 42, 49)",15,10,10,10,10,10,0,10,0
5301,conv2d_14,"(1, 1, 57, 29)",28,10,10,10,10,10,0,10,0
5302,conv2d_14,"(1, 1, 10, 5)",9,10,10,10,10,10,0,10,0
5303,conv2d_14,"(0, 0, 53, 56)",26,10,10,10,10,10,0,10,0
5304,conv2d_14,"(2, 2, 38, 8)",3,10,10,10,10,10,0,10,0
5305,conv2d_14,"(0, 2, 45, 17)",1,10,10,10,10,10,0,10,0
5306,conv2d_14,"(1, 2, 24, 35)",25,10,10,10,10,10,0,10,0
5307,conv2d_14,"(1, 1, 50, 20)",19,10,10,10,10,10,0,10,0
5308,conv2d_14,"(0, 1, 63, 58)",0,10,10,10,10,10,7,3,0
5309,conv2d_14,"(0, 2, 23, 36)",9,10,10,10,10,10,0,10,0
5310,conv2d_14,"(0, 1, 22, 32)",0,10,10,10,10,10,1,9,0
5311,conv2d_14,"(0, 1, 35, 4)",8,10,10,10,10,10,0,10,0
5312,conv2d_14,"(2, 1, 14, 39)",21,10,10,10,10,10,0,10,0
5313,conv2d_14,"(2, 0, 50, 31)",20,10,10,10,10,10,0,10,0
5314,conv2d_14,"(1, 1, 40, 43)",1,10,10,10,10,10,10,0,0
5315,conv2d_14,"(1, 2, 22, 49)",24,10,10,10,10,10,0,10,0
5316,conv2d_14,"(1, 0, 20, 1)",23,10,10,10,10,10,0,10,0
5317,conv2d_14,"(0, 0, 7, 57)",14,10,10,10,10,10,0,10,0
5318,conv2d_14,"(2, 2, 43, 18)",18,10,10,10,10,10,0,10,0
5319,conv2d_14,"(0, 0, 23, 45)",20,10,10,10,10,10,0,10,0
5320,conv2d_14,"(0, 0, 49, 17)",17,10,10,10,10,10,0,10,0
5321,conv2d_14,"(2, 1, 17, 2)",25,10,10,10,10,10,0,10,0
5322,conv2d_14,"(1, 0, 11, 23)",6,10,10,10,10,10,0,10,0
5323,conv2d_14,"(0, 2, 37, 62)",8,10,10,10,10,10,0,10,0
5324,conv2d_14,"(1, 0, 3, 16)",26,10,10,10,10,10,0,10,0
5325,conv2d_14,"(0, 1, 22, 59)",15,10,10,10,10,10,0,10,0
5326,conv2d_14,"(1, 2, 51, 22)",13,10,10,10,10,10,0,10,0
5327,conv2d_14,"(1, 0, 0, 60)",8,10,10,10,10,10,0,10,0
5328,conv2d_14,"(0, 0, 4, 45)",14,10,10,10,10,10,0,10,0
5329,conv2d_14,"(1, 2, 5, 20)",22,10,10,10,10,10,0,10,0
5330,conv2d_14,"(0, 0, 23, 0)",26,10,10,10,10,10,0,10,0
5331,conv2d_14,"(0, 2, 6, 12)",15,10,10,10,10,10,0,10,0
5332,conv2d_14,"(1, 2, 27, 31)",14,10,10,10,10,10,0,10,0
5333,conv2d_14,"(0, 2, 62, 62)",3,10,10,10,10,10,10,0,0
5334,conv2d_14,"(2, 0, 7, 0)",11,10,10,10,10,10,0,10,0
5335,conv2d_14,"(0, 1, 55, 43)",9,10,10,10,10,10,0,10,0
5336,conv2d_14,"(1, 2, 43, 23)",17,10,10,10,10,10,0,10,0
5337,conv2d_14,"(2, 2, 8, 63)",23,10,10,10,10,10,10,0,0
5338,conv2d_14,"(0, 2, 39, 45)",28,10,10,10,10,10,0,10,0
5339,conv2d_14,"(0, 1, 29, 18)",22,10,10,10,10,10,10,0,0
5340,conv2d_14,"(2, 0, 17, 27)",5,10,10,10,10,10,0,10,0
5341,conv2d_14,"(1, 2, 59, 49)",4,10,10,10,10,10,1,9,0
5342,conv2d_14,"(1, 1, 42, 36)",28,10,10,10,10,10,0,10,0
5343,conv2d_14,"(1, 0, 31, 36)",7,10,10,10,10,10,0,10,0
5344,conv2d_14,"(0, 2, 45, 37)",6,10,10,10,10,10,0,10,0
5345,conv2d_14,"(1, 1, 57, 10)",26,10,10,10,10,10,0,10,0
5346,conv2d_14,"(0, 1, 43, 54)",11,10,10,10,10,10,0,10,0
5347,conv2d_14,"(0, 0, 53, 60)",1,10,10,10,10,10,3,7,0
5348,conv2d_14,"(2, 2, 11, 20)",20,10,10,10,10,10,0,10,0
5349,conv2d_14,"(1, 2, 7, 61)",4,10,10,10,10,10,0,10,0
5350,conv2d_14,"(0, 0, 19, 7)",4,10,10,10,10,10,0,10,0
5351,conv2d_14,"(1, 2, 50, 14)",28,10,10,10,10,10,0,10,0
5352,conv2d_14,"(2, 1, 49, 3)",27,10,10,10,10,10,0,10,0
5353,conv2d_14,"(0, 0, 42, 26)",9,10,10,10,10,10,0,10,0
5354,conv2d_14,"(0, 2, 62, 25)",22,10,10,10,10,10,10,0,0
5355,conv2d_14,"(0, 1, 9, 19)",18,10,10,10,10,10,0,10,0
5356,conv2d_14,"(0, 1, 53, 47)",5,10,10,10,10,10,0,10,0
5357,conv2d_14,"(0, 2, 36, 10)",19,10,10,10,10,10,0,10,0
5358,conv2d_14,"(0, 0, 2, 24)",15,10,10,10,10,10,0,10,0
5359,conv2d_14,"(0, 2, 43, 58)",9,10,10,10,10,10,0,10,0
5360,conv2d_14,"(0, 0, 9, 31)",16,10,10,10,10,10,0,10,0
5361,conv2d_14,"(2, 2, 44, 55)",24,10,10,10,10,10,0,10,0
5362,conv2d_14,"(0, 1, 26, 48)",16,10,10,10,10,10,0,10,0
5363,conv2d_14,"(2, 2, 62, 13)",12,10,10,10,10,10,10,0,0
5364,conv2d_14,"(1, 2, 52, 63)",4,10,10,10,10,10,10,0,0
5365,conv2d_14,"(2, 0, 26, 43)",2,10,10,10,10,10,3,7,0
5366,conv2d_14,"(1, 2, 12, 12)",1,10,10,10,10,10,9,1,0
5367,conv2d_14,"(0, 2, 45, 49)",27,10,10,10,10,10,0,10,0
5368,conv2d_14,"(0, 1, 37, 50)",28,10,10,10,10,10,0,10,0
5369,conv2d_14,"(0, 0, 47, 28)",31,10,10,10,10,10,0,10,0
5370,conv2d_14,"(1, 1, 35, 23)",14,10,10,10,10,10,0,10,0
5371,conv2d_14,"(1, 2, 62, 31)",25,10,10,10,10,10,10,0,0
5372,conv2d_14,"(2, 1, 49, 40)",26,10,10,10,10,10,0,10,0
5373,conv2d_14,"(2, 1, 56, 33)",27,10,10,10,10,10,0,10,0
5374,conv2d_14,"(1, 2, 21, 20)",18,10,10,10,10,10,0,10,0
5375,conv2d_14,"(0, 1, 15, 47)",26,10,10,10,10,10,0,10,0
5376,conv2d_14,"(0, 1, 40, 17)",8,10,10,10,10,10,0,10,0
5377,conv2d_14,"(1, 2, 41, 53)",21,10,10,10,10,10,0,10,0
5378,conv2d_14,"(2, 0, 18, 14)",26,10,10,10,10,10,1,9,0
5379,conv2d_14,"(1, 2, 57, 16)",31,10,10,10,10,10,0,10,0
5380,conv2d_14,"(2, 1, 29, 22)",1,10,10,10,10,10,10,0,0
5381,conv2d_14,"(1, 2, 27, 56)",17,10,10,10,10,10,0,10,0
5382,conv2d_14,"(0, 2, 9, 17)",7,10,10,10,10,10,0,10,0
5383,conv2d_14,"(2, 1, 55, 38)",0,10,10,10,10,10,10,0,0
5384,conv2d_14,"(0, 1, 18, 23)",31,10,10,10,10,10,0,10,0
5385,conv2d_14,"(1, 1, 0, 59)",31,10,10,10,10,10,0,10,0
5386,conv2d_14,"(1, 0, 17, 59)",18,10,10,10,10,10,0,10,0
5387,conv2d_14,"(0, 0, 58, 6)",14,10,10,10,10,10,0,10,0
5388,conv2d_14,"(1, 1, 11, 17)",9,10,10,10,10,10,0,10,0
5389,conv2d_14,"(1, 2, 24, 31)",9,10,10,10,10,10,0,10,0
5390,conv2d_14,"(1, 0, 34, 7)",25,10,10,10,10,10,0,10,0
5391,conv2d_14,"(2, 1, 51, 62)",0,10,10,10,10,10,10,0,0
5392,conv2d_14,"(1, 2, 25, 50)",14,10,10,10,10,10,0,10,0
5393,conv2d_14,"(0, 0, 54, 17)",7,10,10,10,10,10,0,10,0
5394,conv2d_14,"(0, 0, 17, 8)",3,10,10,10,10,10,4,6,0
5395,conv2d_14,"(0, 1, 34, 37)",16,10,10,10,10,10,0,10,0
5396,conv2d_14,"(0, 1, 26, 26)",28,10,10,10,10,10,0,10,0
5397,conv2d_14,"(2, 0, 2, 48)",25,10,10,10,10,10,0,10,0
5398,conv2d_14,"(2, 0, 10, 63)",24,10,10,10,10,10,10,0,0
5399,conv2d_14,"(2, 2, 42, 1)",16,10,10,10,10,10,0,10,0
5400,conv2d_14,"(2, 0, 55, 36)",1,10,10,10,10,10,0,10,0
5401,conv2d_14,"(1, 2, 53, 47)",3,10,10,10,10,10,6,4,0
5402,conv2d_14,"(0, 1, 24, 14)",23,10,10,10,10,10,0,10,0
5403,conv2d_14,"(1, 0, 27, 11)",0,10,10,10,10,10,5,5,0
5404,conv2d_14,"(1, 1, 13, 9)",25,10,10,10,10,10,0,10,0
5405,conv2d_14,"(1, 2, 60, 14)",3,10,10,10,10,10,1,9,0
5406,conv2d_14,"(2, 2, 27, 6)",2,10,10,10,10,10,0,10,0
5407,conv2d_14,"(2, 0, 32, 36)",3,10,10,10,10,10,0,10,0
5408,conv2d_14,"(1, 0, 7, 36)",4,10,10,10,10,10,0,10,0
5409,conv2d_14,"(1, 2, 51, 44)",21,10,10,10,10,10,0,10,0
5410,conv2d_14,"(1, 0, 27, 9)",6,10,10,10,10,10,1,9,0
5411,conv2d_14,"(1, 1, 27, 35)",29,10,10,10,10,10,0,10,0
5412,conv2d_14,"(2, 0, 45, 40)",12,10,10,10,10,10,0,10,0
5413,conv2d_14,"(0, 1, 1, 5)",20,10,10,10,10,10,0,10,0
5414,conv2d_14,"(1, 0, 36, 48)",31,10,10,10,10,10,0,10,0
5415,conv2d_14,"(0, 0, 33, 57)",2,10,10,10,10,10,1,9,0
5416,conv2d_14,"(2, 0, 59, 19)",25,10,10,10,10,10,0,10,0
5417,conv2d_14,"(2, 0, 61, 26)",27,10,10,10,10,10,0,10,0
5418,conv2d_14,"(1, 2, 13, 11)",24,10,10,10,10,10,0,10,0
5419,conv2d_14,"(0, 0, 54, 54)",30,10,0,6,0,6,0,0,10
5420,conv2d_14,"(1, 2, 56, 49)",12,10,10,10,10,10,0,10,0
5421,conv2d_14,"(1, 0, 20, 25)",30,10,0,5,0,5,0,0,10
5422,conv2d_14,"(0, 1, 41, 5)",13,10,10,10,10,10,0,10,0
5423,conv2d_14,"(1, 1, 24, 47)",4,10,10,10,10,10,0,10,0
5424,conv2d_14,"(1, 1, 54, 44)",9,10,10,10,10,10,0,10,0
5425,conv2d_14,"(1, 0, 31, 47)",15,10,10,10,10,10,0,10,0
5426,conv2d_14,"(0, 1, 36, 20)",25,10,10,10,10,10,0,10,0
5427,conv2d_14,"(1, 2, 12, 18)",30,10,0,3,0,3,0,0,10
5428,conv2d_14,"(0, 2, 5, 42)",21,10,10,10,10,10,0,10,0
5429,conv2d_14,"(1, 2, 54, 34)",31,10,10,10,10,10,0,10,0
5430,conv2d_14,"(0, 0, 0, 26)",9,10,10,10,10,10,0,10,0
5431,conv2d_14,"(0, 1, 26, 43)",11,10,10,10,10,10,0,10,0
5432,conv2d_14,"(1, 2, 49, 61)",14,10,10,10,10,10,0,10,0
5433,conv2d_14,"(0, 2, 40, 32)",23,10,10,10,10,10,0,10,0
5434,conv2d_14,"(1, 0, 21, 7)",23,10,10,10,10,10,0,10,0
5435,conv2d_14,"(0, 0, 54, 38)",0,10,10,10,10,10,7,3,0
5436,conv2d_14,"(0, 2, 24, 59)",30,10,1,9,1,9,0,1,9
5437,conv2d_14,"(2, 1, 1, 16)",14,10,10,10,10,10,0,10,0
5438,conv2d_14,"(1, 1, 61, 21)",29,10,10,10,10,10,0,10,0
5439,conv2d_14,"(2, 1, 15, 14)",8,10,10,10,10,10,0,10,0
5440,conv2d_14,"(2, 2, 16, 40)",30,10,3,6,3,6,0,3,7
5441,conv2d_14,"(0, 2, 25, 49)",3,10,10,10,10,10,5,5,0
5442,conv2d_14,"(0, 0, 56, 1)",4,10,10,10,10,10,0,10,0
5443,conv2d_14,"(2, 1, 18, 6)",9,10,10,10,10,10,0,10,0
5444,conv2d_14,"(2, 1, 37, 24)",31,10,10,10,10,10,0,10,0
5445,conv2d_14,"(1, 2, 6, 27)",30,10,5,6,5,6,0,5,5
5446,conv2d_14,"(0, 2, 60, 57)",27,10,10,10,10,10,0,10,0
5447,conv2d_14,"(0, 1, 60, 15)",23,10,10,10,10,10,0,10,0
5448,conv2d_14,"(1, 1, 44, 55)",29,10,10,10,10,10,0,10,0
5449,conv2d_14,"(0, 2, 37, 52)",24,10,10,10,10,10,0,10,0
5450,conv2d_14,"(1, 1, 24, 30)",1,10,10,10,10,10,3,7,0
5451,conv2d_14,"(0, 0, 46, 2)",18,10,10,10,10,10,0,10,0
5452,conv2d_14,"(2, 2, 48, 17)",23,10,10,10,10,10,0,10,0
5453,conv2d_14,"(2, 0, 58, 25)",11,10,10,10,10,10,0,10,0
5454,conv2d_14,"(2, 0, 11, 16)",16,10,10,10,10,10,0,10,0
5455,conv2d_14,"(1, 0, 1, 31)",23,10,10,10,10,10,0,10,0
5456,conv2d_14,"(2, 0, 61, 36)",26,10,10,10,10,10,0,10,0
5457,conv2d_14,"(1, 1, 14, 6)",7,10,10,10,10,10,0,10,0
5458,conv2d_14,"(0, 2, 42, 10)",6,10,10,10,10,10,3,7,0
5459,conv2d_14,"(1, 2, 8, 5)",9,10,10,10,10,10,0,10,0
5460,conv2d_14,"(0, 2, 1, 53)",2,10,10,10,10,10,0,10,0
5461,conv2d_14,"(1, 2, 51, 17)",13,10,10,10,10,10,0,10,0
5462,conv2d_14,"(1, 2, 59, 33)",29,10,10,10,10,10,0,10,0
5463,conv2d_14,"(1, 1, 28, 26)",13,10,10,10,10,10,0,10,0
5464,conv2d_14,"(0, 2, 62, 45)",11,10,10,10,10,10,10,0,0
5465,conv2d_14,"(2, 1, 36, 13)",30,10,0,4,0,4,0,0,10
5466,conv2d_14,"(1, 0, 32, 11)",26,10,10,10,10,10,0,10,0
5467,conv2d_14,"(2, 0, 36, 49)",9,10,10,10,10,10,0,10,0
5468,conv2d_14,"(0, 1, 26, 2)",8,10,10,10,10,10,0,10,0
5469,conv2d_14,"(1, 0, 54, 52)",9,10,10,10,10,10,0,10,0
5470,conv2d_14,"(2, 1, 50, 39)",16,10,10,10,10,10,0,10,0
5471,conv2d_14,"(2, 0, 63, 21)",18,10,10,10,10,10,0,10,0
5472,conv2d_14,"(0, 2, 5, 0)",9,10,10,10,10,10,0,10,0
5473,conv2d_14,"(2, 0, 50, 2)",5,10,10,10,10,10,0,10,0
5474,conv2d_14,"(0, 1, 48, 38)",5,10,10,10,10,10,0,10,0
5475,conv2d_14,"(1, 0, 43, 3)",9,10,10,10,10,10,1,9,0
5476,conv2d_14,"(1, 2, 14, 63)",12,10,10,10,10,10,10,0,0
5477,conv2d_14,"(0, 1, 25, 7)",26,10,10,10,10,10,0,10,0
5478,conv2d_14,"(2, 2, 48, 27)",12,10,10,10,10,10,0,10,0
5479,conv2d_14,"(0, 0, 11, 1)",2,10,10,10,10,10,4,6,0
5480,conv2d_14,"(0, 2, 30, 6)",28,10,10,10,10,10,0,10,0
5481,conv2d_14,"(1, 2, 0, 14)",2,10,10,10,10,10,0,10,0
5482,conv2d_14,"(1, 2, 29, 22)",17,10,10,10,10,10,10,0,0
5483,conv2d_14,"(2, 2, 42, 8)",11,10,10,10,10,10,0,10,0
5484,conv2d_14,"(0, 1, 29, 6)",14,10,10,10,10,10,10,0,0
5485,conv2d_14,"(1, 0, 53, 56)",15,10,10,10,10,10,0,10,0
5486,conv2d_14,"(0, 2, 50, 53)",1,10,10,10,10,10,4,6,0
5487,conv2d_14,"(0, 2, 17, 10)",27,10,10,10,10,10,1,9,0
5488,conv2d_14,"(2, 1, 44, 8)",29,10,10,10,10,10,1,9,0
5489,conv2d_14,"(0, 1, 58, 32)",14,10,10,10,10,10,0,10,0
5490,conv2d_14,"(0, 1, 11, 9)",13,10,10,10,10,10,1,9,0
5491,conv2d_14,"(2, 1, 1, 31)",31,10,10,10,10,10,0,10,0
5492,conv2d_14,"(2, 2, 57, 25)",18,10,10,10,10,10,0,10,0
5493,conv2d_14,"(2, 2, 12, 17)",7,10,10,10,10,10,0,10,0
5494,conv2d_14,"(2, 1, 17, 39)",14,10,10,10,10,10,0,10,0
5495,conv2d_14,"(2, 1, 52, 60)",1,10,10,10,10,10,3,7,0
5496,conv2d_14,"(1, 1, 51, 13)",30,10,4,6,4,6,0,4,6
5497,conv2d_14,"(1, 1, 63, 12)",8,10,10,10,10,10,0,10,0
5498,conv2d_14,"(0, 1, 52, 27)",22,10,10,10,10,10,0,10,0
5499,conv2d_14,"(2, 2, 11, 3)",25,10,10,10,10,10,0,10,0
5500,conv2d_14,"(1, 0, 58, 20)",10,10,10,10,10,10,0,10,0
5501,conv2d_14,"(1, 1, 54, 23)",28,10,10,10,10,10,0,10,0
5502,conv2d_14,"(1, 2, 24, 1)",25,10,10,10,10,10,0,10,0
5503,conv2d_14,"(1, 0, 50, 10)",11,10,10,10,10,10,0,10,0
5504,conv2d_14,"(1, 2, 59, 0)",15,10,10,10,10,10,0,10,0
5505,conv2d_14,"(0, 1, 13, 40)",21,10,10,10,10,10,0,10,0
5506,conv2d_14,"(1, 0, 61, 61)",27,10,10,10,10,10,0,10,0
5507,conv2d_14,"(1, 1, 63, 41)",1,10,10,10,10,10,3,7,0
5508,conv2d_14,"(2, 2, 47, 24)",1,10,10,10,10,10,4,6,0
5509,conv2d_14,"(0, 2, 3, 40)",18,10,10,10,10,10,0,10,0
5510,conv2d_14,"(0, 1, 56, 15)",21,10,10,10,10,10,0,10,0
5511,conv2d_14,"(2, 0, 24, 61)",8,10,10,10,10,10,0,10,0
5512,conv2d_14,"(1, 0, 50, 45)",28,10,10,10,10,10,0,10,0
5513,conv2d_14,"(1, 2, 14, 10)",27,10,10,10,10,10,2,8,0
5514,conv2d_14,"(2, 1, 7, 5)",2,10,10,10,10,10,0,10,0
5515,conv2d_14,"(1, 1, 23, 0)",11,10,10,10,10,10,0,10,0
5516,conv2d_14,"(1, 2, 62, 57)",29,10,10,10,10,10,10,0,0
5517,conv2d_14,"(2, 0, 29, 6)",9,10,10,10,10,10,10,0,0
5518,conv2d_14,"(0, 0, 2, 25)",9,10,10,10,10,10,0,10,0
5519,conv2d_14,"(0, 2, 1, 43)",25,10,10,10,10,10,0,10,0
5520,conv2d_14,"(1, 0, 63, 4)",1,10,10,10,10,10,9,1,0
5521,conv2d_14,"(0, 0, 44, 51)",10,10,10,10,10,10,0,10,0
5522,conv2d_14,"(1, 2, 24, 29)",13,10,10,10,10,10,0,10,0
5523,conv2d_14,"(1, 0, 2, 15)",2,10,10,10,10,10,6,4,0
5524,conv2d_14,"(2, 0, 63, 1)",1,10,10,10,10,10,0,10,0
5525,conv2d_14,"(0, 1, 33, 17)",27,10,10,10,10,10,0,10,0
5526,conv2d_14,"(2, 2, 33, 17)",28,10,10,10,10,10,0,10,0
5527,conv2d_14,"(1, 2, 30, 46)",18,10,10,10,10,10,0,10,0
5528,conv2d_14,"(1, 2, 41, 3)",5,10,10,10,10,10,0,10,0
5529,conv2d_14,"(1, 2, 39, 35)",23,10,10,10,10,10,0,10,0
5530,conv2d_14,"(1, 0, 63, 52)",24,10,10,10,10,10,0,10,0
5531,conv2d_14,"(1, 2, 26, 63)",19,10,10,10,10,10,10,0,0
5532,conv2d_14,"(0, 1, 47, 32)",21,10,10,10,10,10,0,10,0
5533,conv2d_14,"(1, 2, 35, 8)",27,10,10,10,10,10,0,10,0
5534,conv2d_14,"(2, 0, 45, 53)",17,10,10,10,10,10,0,10,0
5535,conv2d_14,"(2, 2, 37, 25)",14,10,10,10,10,10,0,10,0
5536,conv2d_14,"(2, 0, 54, 45)",26,10,10,10,10,10,0,10,0
5537,conv2d_14,"(1, 1, 27, 63)",19,10,10,10,10,10,10,0,0
5538,conv2d_14,"(0, 0, 30, 40)",29,10,10,10,10,10,0,10,0
5539,conv2d_14,"(2, 1, 46, 60)",0,10,10,10,10,10,8,2,0
5540,conv2d_14,"(0, 2, 31, 37)",26,10,10,10,10,10,0,10,0
5541,conv2d_14,"(1, 0, 32, 27)",27,10,10,10,10,10,0,10,0
5542,conv2d_14,"(1, 0, 4, 43)",19,10,10,10,10,10,0,10,0
5543,conv2d_14,"(1, 2, 7, 40)",2,10,10,10,10,10,3,7,0
5544,conv2d_14,"(1, 1, 34, 22)",10,10,10,10,10,10,0,10,0
5545,conv2d_14,"(1, 0, 6, 1)",17,10,10,10,10,10,0,10,0
5546,conv2d_14,"(2, 0, 25, 22)",29,10,10,10,10,10,0,10,0
5547,conv2d_14,"(2, 1, 29, 57)",9,10,10,10,10,10,10,0,0
5548,conv2d_14,"(2, 1, 34, 40)",0,10,10,10,10,10,10,0,0
5549,conv2d_14,"(0, 1, 3, 30)",8,10,10,10,10,10,0,10,0
5550,conv2d_14,"(0, 1, 44, 42)",2,10,10,10,10,10,0,10,0
5551,conv2d_14,"(1, 1, 0, 16)",1,10,10,10,10,10,4,6,0
5552,conv2d_14,"(1, 0, 12, 23)",21,10,10,10,10,10,0,10,0
5553,conv2d_14,"(0, 1, 8, 29)",16,10,10,10,10,10,0,10,0
5554,conv2d_14,"(1, 2, 28, 29)",21,10,10,10,10,10,0,10,0
5555,conv2d_14,"(2, 2, 10, 24)",6,10,10,10,10,10,0,10,0
5556,conv2d_14,"(0, 2, 18, 14)",22,10,10,10,10,10,0,10,0
5557,conv2d_14,"(0, 1, 35, 3)",22,10,10,10,10,10,0,10,0
5558,conv2d_14,"(1, 0, 58, 23)",27,10,10,10,10,10,0,10,0
5559,conv2d_14,"(2, 1, 23, 48)",7,10,10,10,10,10,0,10,0
5560,conv2d_14,"(1, 0, 46, 6)",12,10,10,10,10,10,0,10,0
5561,conv2d_14,"(1, 1, 44, 44)",5,10,10,10,10,10,0,10,0
5562,conv2d_14,"(0, 2, 55, 33)",5,10,10,10,10,10,10,0,0
5563,conv2d_14,"(0, 0, 41, 29)",30,10,0,3,0,3,0,0,10
5564,conv2d_14,"(1, 1, 44, 38)",14,10,10,10,10,10,0,10,0
5565,conv2d_14,"(1, 0, 4, 58)",30,10,0,3,0,3,0,0,10
5566,conv2d_14,"(1, 1, 13, 23)",12,10,10,10,10,10,0,10,0
5567,conv2d_14,"(1, 1, 56, 31)",6,10,10,10,10,10,0,10,0
5568,conv2d_14,"(2, 1, 11, 17)",30,10,2,6,2,6,0,2,8
5569,conv2d_14,"(2, 2, 54, 47)",10,10,10,10,10,10,0,10,0
5570,conv2d_14,"(0, 0, 32, 54)",27,10,10,10,10,10,0,10,0
5571,conv2d_14,"(2, 0, 32, 3)",28,10,10,10,10,10,0,10,0
5572,conv2d_14,"(0, 2, 20, 50)",3,10,10,10,10,10,1,9,0
5573,conv2d_14,"(0, 2, 29, 54)",27,10,10,10,10,10,10,0,0
5574,conv2d_14,"(0, 2, 2, 30)",21,10,10,10,10,10,0,10,0
5575,conv2d_14,"(2, 1, 55, 9)",3,10,10,10,10,10,0,10,0
5576,conv2d_14,"(0, 2, 42, 39)",21,10,10,10,10,10,0,10,0
5577,conv2d_14,"(2, 2, 16, 18)",26,10,10,10,10,10,0,10,0
5578,conv2d_14,"(2, 0, 29, 56)",11,10,10,10,10,10,10,0,0
5579,conv2d_14,"(0, 2, 35, 27)",2,10,10,10,10,10,10,0,0
5580,conv2d_14,"(0, 2, 44, 39)",18,10,10,10,10,10,0,10,0
5581,conv2d_14,"(0, 1, 7, 19)",15,10,10,10,10,10,0,10,0
5582,conv2d_14,"(1, 0, 38, 51)",9,10,10,10,10,10,0,10,0
5583,conv2d_14,"(0, 0, 30, 22)",16,10,10,10,10,10,0,10,0
5584,conv2d_14,"(1, 1, 60, 16)",28,10,10,10,10,10,0,10,0
5585,conv2d_14,"(0, 2, 59, 48)",4,10,10,10,10,10,1,9,0
5586,conv2d_14,"(1, 2, 42, 14)",1,10,10,10,10,10,5,5,0
5587,conv2d_14,"(0, 0, 33, 36)",12,10,10,10,10,10,0,10,0
5588,conv2d_14,"(1, 2, 31, 38)",23,10,10,10,10,10,0,10,0
5589,conv2d_14,"(0, 2, 10, 28)",10,10,10,10,10,10,0,10,0
5590,conv2d_14,"(0, 2, 61, 61)",6,10,10,10,10,10,0,10,0
5591,conv2d_14,"(1, 0, 2, 41)",7,10,10,10,10,10,0,10,0
5592,conv2d_14,"(1, 1, 16, 59)",4,10,10,10,10,10,0,10,0
5593,conv2d_14,"(0, 2, 27, 57)",7,10,10,10,10,10,0,10,0
5594,conv2d_14,"(2, 2, 18, 54)",5,10,10,10,10,10,0,10,0
5595,conv2d_14,"(0, 2, 62, 6)",9,10,10,10,10,10,10,0,0
5596,conv2d_14,"(2, 2, 12, 20)",15,10,10,10,10,10,0,10,0
5597,conv2d_14,"(1, 1, 9, 50)",13,10,10,10,10,10,0,10,0
5598,conv2d_14,"(1, 0, 55, 58)",1,10,10,10,10,10,4,6,0
5599,conv2d_14,"(2, 2, 17, 45)",28,10,10,10,10,10,0,10,0
5600,conv2d_14,"(1, 2, 0, 62)",18,10,10,10,10,10,0,10,0
5601,conv2d_14,"(1, 0, 10, 44)",3,10,10,10,10,10,0,10,0
5602,conv2d_14,"(1, 0, 35, 32)",0,10,10,10,10,10,1,9,0
5603,conv2d_14,"(0, 2, 0, 22)",24,10,10,10,10,10,0,10,0
5604,conv2d_14,"(2, 2, 63, 31)",2,10,10,10,10,10,0,10,0
5605,conv2d_14,"(2, 1, 39, 27)",3,10,10,10,10,10,0,10,0
5606,conv2d_14,"(2, 1, 40, 21)",28,10,10,10,10,10,0,10,0
5607,conv2d_14,"(0, 2, 6, 50)",3,10,10,10,10,10,0,10,0
5608,conv2d_14,"(2, 2, 1, 34)",13,10,10,10,10,10,0,10,0
5609,conv2d_14,"(2, 2, 52, 34)",29,10,10,10,10,10,0,10,0
5610,conv2d_14,"(2, 0, 38, 44)",9,10,10,10,10,10,0,10,0
5611,conv2d_14,"(2, 2, 54, 30)",6,10,10,10,10,10,0,10,0
5612,conv2d_14,"(0, 2, 9, 5)",8,10,10,10,10,10,0,10,0
5613,conv2d_14,"(0, 0, 22, 57)",20,10,10,10,10,10,0,10,0
5614,conv2d_14,"(0, 1, 31, 12)",24,10,10,10,10,10,0,10,0
5615,conv2d_14,"(2, 1, 12, 7)",10,10,10,10,10,10,0,10,0
5616,conv2d_14,"(0, 0, 0, 19)",10,10,10,10,10,10,0,10,0
5617,conv2d_14,"(0, 0, 30, 46)",12,10,10,10,10,10,1,9,0
5618,conv2d_14,"(2, 0, 49, 9)",26,10,10,10,10,10,0,10,0
5619,conv2d_14,"(0, 0, 53, 28)",5,10,10,10,10,10,0,10,0
5620,conv2d_14,"(2, 1, 31, 61)",0,10,10,10,10,10,4,6,0
5621,conv2d_14,"(2, 1, 39, 59)",27,10,10,10,10,10,0,10,0
5622,conv2d_14,"(0, 0, 23, 61)",1,10,10,10,10,10,9,1,0
5623,conv2d_14,"(0, 1, 16, 45)",6,10,10,10,10,10,0,10,0
5624,conv2d_14,"(0, 1, 60, 6)",7,10,10,10,10,10,0,10,0
5625,conv2d_14,"(1, 2, 30, 55)",23,10,10,10,10,10,0,10,0
5626,conv2d_14,"(0, 0, 41, 3)",13,10,10,10,10,10,0,10,0
5627,conv2d_14,"(2, 1, 0, 58)",5,10,10,10,10,10,0,10,0
5628,conv2d_14,"(2, 1, 10, 14)",19,10,10,10,10,10,0,10,0
5629,conv2d_14,"(1, 1, 33, 46)",30,10,6,7,6,7,0,6,4
5630,conv2d_14,"(1, 1, 50, 18)",24,10,10,10,10,10,0,10,0
5631,conv2d_14,"(1, 1, 23, 14)",31,10,10,10,10,10,0,10,0
5632,conv2d_14,"(1, 1, 30, 10)",7,10,10,10,10,10,4,6,0
5633,conv2d_14,"(1, 0, 18, 53)",22,10,10,10,10,10,0,10,0
5634,conv2d_14,"(0, 2, 13, 51)",25,10,10,10,10,10,0,10,0
5635,conv2d_14,"(2, 0, 56, 48)",1,10,10,10,10,10,2,8,0
5636,conv2d_14,"(1, 0, 46, 47)",29,10,10,10,10,10,0,10,0
5637,conv2d_14,"(2, 2, 25, 12)",30,10,2,7,2,7,0,2,8
5638,conv2d_14,"(0, 2, 5, 36)",8,10,10,10,10,10,0,10,0
5639,conv2d_14,"(2, 1, 36, 27)",4,10,10,10,10,10,0,10,0
5640,conv2d_14,"(1, 1, 38, 38)",11,10,10,10,10,10,0,10,0
5641,conv2d_14,"(0, 2, 54, 63)",13,10,10,10,10,10,10,0,0
5642,conv2d_14,"(2, 0, 37, 0)",4,10,10,10,10,10,8,2,0
5643,conv2d_14,"(0, 2, 53, 58)",19,10,10,10,10,10,0,10,0
5644,conv2d_14,"(1, 0, 13, 22)",18,10,10,10,10,10,0,10,0
5645,conv2d_14,"(2, 1, 14, 29)",26,10,10,10,10,10,0,10,0
5646,conv2d_14,"(1, 1, 53, 26)",1,10,10,10,10,10,10,0,0
5647,conv2d_14,"(1, 1, 49, 32)",24,10,10,10,10,10,0,10,0
5648,conv2d_14,"(0, 1, 2, 61)",14,10,10,10,10,10,0,10,0
5649,conv2d_14,"(1, 2, 3, 0)",14,10,10,10,10,10,0,10,0
5650,conv2d_14,"(1, 2, 29, 62)",14,10,10,10,10,10,10,0,0
5651,conv2d_14,"(2, 0, 44, 10)",9,10,10,10,10,10,0,10,0
5652,conv2d_14,"(1, 0, 21, 14)",24,10,10,10,10,10,0,10,0
5653,conv2d_14,"(1, 0, 28, 42)",2,10,10,10,10,10,0,10,0
5654,conv2d_14,"(1, 2, 6, 33)",9,10,10,10,10,10,0,10,0
5655,conv2d_14,"(2, 1, 10, 12)",10,10,10,10,10,10,0,10,0
5656,conv2d_14,"(1, 1, 20, 16)",7,10,10,10,10,10,0,10,0
5657,conv2d_14,"(0, 2, 2, 24)",7,10,10,10,10,10,0,10,0
5658,conv2d_14,"(2, 0, 51, 57)",30,10,0,7,0,7,0,0,10
5659,conv2d_14,"(2, 2, 57, 42)",16,10,10,10,10,10,0,10,0
5660,conv2d_14,"(2, 2, 36, 61)",28,10,10,10,10,10,0,10,0
5661,conv2d_14,"(0, 0, 40, 7)",6,10,10,10,10,10,0,10,0
5662,conv2d_14,"(0, 1, 15, 62)",26,10,10,10,10,10,0,10,0
5663,conv2d_14,"(1, 2, 53, 42)",6,10,10,10,10,10,0,10,0
5664,conv2d_14,"(1, 0, 1, 13)",31,10,10,10,10,10,0,10,0
5665,conv2d_14,"(1, 0, 40, 27)",6,10,10,10,10,10,0,10,0
5666,conv2d_14,"(0, 0, 25, 52)",29,10,10,10,10,10,0,10,0
5667,conv2d_14,"(1, 0, 45, 46)",26,10,10,10,10,10,0,10,0
5668,conv2d_14,"(2, 1, 53, 13)",26,10,10,10,10,10,0,10,0
5669,conv2d_14,"(2, 2, 62, 27)",4,10,10,10,10,10,10,0,0
5670,conv2d_14,"(2, 2, 27, 11)",3,10,10,10,10,10,10,0,0
5671,conv2d_14,"(2, 0, 21, 50)",7,10,10,10,10,10,0,10,0
5672,conv2d_14,"(1, 0, 1, 26)",27,10,10,10,10,10,0,10,0
5673,conv2d_14,"(0, 2, 44, 63)",10,10,10,10,10,10,10,0,0
5674,conv2d_14,"(0, 2, 49, 14)",12,10,10,10,10,10,0,10,0
5675,conv2d_14,"(0, 0, 15, 53)",30,10,0,8,0,8,0,0,10
5676,conv2d_14,"(2, 0, 34, 42)",2,10,10,10,10,10,0,10,0
5677,conv2d_14,"(0, 1, 7, 39)",10,10,10,10,10,10,0,10,0
5678,conv2d_14,"(1, 2, 37, 45)",21,10,10,10,10,10,0,10,0
5679,conv2d_14,"(2, 1, 43, 28)",15,10,10,10,10,10,0,10,0
5680,conv2d_14,"(1, 1, 19, 15)",13,10,10,10,10,10,0,10,0
5681,conv2d_14,"(1, 1, 18, 19)",6,10,10,10,10,10,0,10,0
5682,conv2d_14,"(0, 2, 34, 56)",11,10,10,10,10,10,0,10,0
5683,conv2d_14,"(2, 2, 8, 41)",16,10,10,10,10,10,0,10,0
5684,conv2d_14,"(0, 0, 53, 63)",11,10,10,10,10,10,10,0,0
5685,conv2d_14,"(0, 0, 51, 24)",25,10,10,10,10,10,0,10,0
5686,conv2d_14,"(1, 1, 33, 29)",6,10,10,10,10,10,0,10,0
5687,conv2d_14,"(1, 0, 32, 26)",6,10,10,10,10,10,0,10,0
5688,conv2d_14,"(0, 0, 49, 40)",15,10,10,10,10,10,0,10,0
5689,conv2d_14,"(2, 1, 60, 1)",21,10,10,10,10,10,0,10,0
5690,conv2d_14,"(2, 2, 54, 5)",19,10,10,10,10,10,1,9,0
5691,conv2d_14,"(0, 2, 59, 46)",17,10,10,10,10,10,1,9,0
5692,conv2d_14,"(2, 0, 22, 4)",29,10,10,10,10,10,0,10,0
5693,conv2d_14,"(1, 2, 24, 61)",5,10,10,10,10,10,0,10,0
5694,conv2d_14,"(2, 0, 51, 53)",4,10,10,10,10,10,0,10,0
5695,conv2d_14,"(2, 1, 27, 26)",12,10,10,10,10,10,0,10,0
5696,conv2d_14,"(0, 1, 57, 54)",8,10,10,10,10,10,0,10,0
5697,conv2d_14,"(2, 0, 61, 15)",18,10,10,10,10,10,0,10,0
5698,conv2d_14,"(1, 0, 23, 1)",10,10,10,10,10,10,0,10,0
5699,conv2d_14,"(0, 2, 34, 21)",14,10,10,10,10,10,0,10,0
5700,conv2d_14,"(2, 0, 52, 7)",11,10,10,10,10,10,0,10,0
5701,conv2d_14,"(1, 1, 55, 30)",0,10,10,10,10,10,6,4,0
5702,conv2d_14,"(2, 1, 12, 12)",18,10,10,10,10,10,0,10,0
5703,conv2d_14,"(1, 2, 21, 34)",17,10,10,10,10,10,0,10,0
5704,conv2d_14,"(0, 2, 3, 19)",17,10,10,10,10,10,0,10,0
5705,conv2d_14,"(0, 2, 47, 31)",19,10,10,10,10,10,0,10,0
5706,conv2d_14,"(1, 2, 52, 56)",5,10,10,10,10,10,0,10,0
5707,conv2d_14,"(2, 0, 54, 15)",21,10,10,10,10,10,1,9,0
5708,conv2d_14,"(0, 2, 35, 53)",18,10,10,10,10,10,0,10,0
5709,conv2d_14,"(1, 1, 39, 13)",12,10,10,10,10,10,0,10,0
5710,conv2d_14,"(1, 0, 24, 8)",20,10,10,10,10,10,0,10,0
5711,conv2d_14,"(1, 1, 17, 39)",5,10,10,10,10,10,1,9,0
5712,conv2d_14,"(1, 0, 22, 7)",4,10,10,10,10,10,0,10,0
5713,conv2d_14,"(1, 1, 25, 3)",20,10,10,10,10,10,0,10,0
5714,conv2d_14,"(2, 2, 23, 34)",11,10,10,10,10,10,0,10,0
5715,conv2d_14,"(0, 1, 22, 4)",24,10,10,10,10,10,0,10,0
5716,conv2d_14,"(2, 2, 55, 48)",27,10,10,10,10,10,0,10,0
5717,conv2d_14,"(2, 1, 21, 22)",14,10,10,10,10,10,0,10,0
5718,conv2d_14,"(0, 2, 49, 29)",16,10,10,10,10,10,0,10,0
5719,conv2d_14,"(2, 2, 8, 11)",12,10,10,10,10,10,0,10,0
5720,conv2d_14,"(1, 0, 29, 2)",17,10,10,10,10,10,10,0,0
5721,conv2d_14,"(0, 1, 37, 19)",27,10,10,10,10,10,0,10,0
5722,conv2d_14,"(1, 1, 24, 22)",12,10,10,10,10,10,0,10,0
5723,conv2d_14,"(2, 2, 38, 25)",14,10,10,10,10,10,0,10,0
5724,conv2d_14,"(0, 1, 32, 30)",23,10,10,10,10,10,0,10,0
5725,conv2d_14,"(1, 2, 48, 13)",16,10,10,10,10,10,0,10,0
5726,conv2d_14,"(1, 1, 55, 4)",11,10,10,10,10,10,0,10,0
5727,conv2d_14,"(2, 2, 31, 36)",11,10,10,10,10,10,0,10,0
5728,conv2d_14,"(2, 1, 17, 49)",21,10,10,10,10,10,0,10,0
5729,conv2d_14,"(1, 0, 57, 2)",21,10,10,10,10,10,0,10,0
5730,conv2d_14,"(0, 2, 44, 2)",23,10,10,10,10,10,0,10,0
5731,conv2d_14,"(2, 0, 61, 34)",15,10,10,10,10,10,0,10,0
5732,conv2d_14,"(1, 1, 54, 54)",13,10,10,10,10,10,1,9,0
5733,conv2d_14,"(1, 1, 12, 41)",21,10,10,10,10,10,0,10,0
5734,conv2d_14,"(1, 0, 33, 5)",12,10,10,10,10,10,0,10,0
5735,conv2d_14,"(2, 2, 4, 0)",21,10,10,10,10,10,1,9,0
5736,conv2d_14,"(2, 2, 17, 35)",29,10,10,10,10,10,0,10,0
5737,conv2d_14,"(1, 2, 35, 27)",25,10,10,10,10,10,0,10,0
5738,conv2d_14,"(1, 1, 55, 48)",16,10,10,10,10,10,0,10,0
5739,conv2d_14,"(1, 2, 2, 58)",6,10,10,10,10,10,0,10,0
5740,conv2d_14,"(1, 2, 2, 58)",3,10,10,10,10,10,0,10,0
5741,conv2d_14,"(2, 1, 33, 10)",5,10,10,10,10,10,2,8,0
5742,conv2d_14,"(0, 2, 3, 10)",16,10,10,10,10,10,1,9,0
5743,conv2d_14,"(1, 1, 13, 57)",30,10,4,7,4,7,0,4,6
5744,conv2d_14,"(1, 2, 53, 45)",20,10,10,10,10,10,0,10,0
5745,conv2d_14,"(0, 2, 43, 0)",27,10,10,10,10,10,0,10,0
5746,conv2d_14,"(1, 1, 12, 2)",18,10,10,10,10,10,0,10,0
5747,conv2d_14,"(0, 1, 23, 33)",13,10,10,10,10,10,0,10,0
5748,conv2d_14,"(2, 2, 55, 47)",20,10,10,10,10,10,0,10,0
5749,conv2d_14,"(1, 0, 35, 2)",21,10,10,10,10,10,0,10,0
5750,conv2d_14,"(2, 2, 52, 52)",14,10,10,10,10,10,0,10,0
5751,conv2d_14,"(1, 0, 43, 62)",8,10,10,10,10,10,0,10,0
5752,conv2d_14,"(2, 1, 22, 33)",4,10,10,10,10,10,0,10,0
5753,conv2d_14,"(1, 1, 21, 60)",7,10,10,10,10,10,0,10,0
5754,conv2d_14,"(0, 1, 4, 38)",3,10,10,10,10,10,4,6,0
5755,conv2d_14,"(2, 1, 41, 30)",27,10,10,10,10,10,0,10,0
5756,conv2d_14,"(1, 2, 48, 22)",4,10,10,10,10,10,0,10,0
5757,conv2d_14,"(2, 2, 31, 52)",18,10,10,10,10,10,0,10,0
5758,conv2d_14,"(2, 0, 52, 31)",24,10,10,10,10,10,0,10,0
5759,conv2d_14,"(2, 1, 41, 25)",14,10,10,10,10,10,0,10,0
5760,conv2d_14,"(0, 0, 10, 2)",9,10,10,10,10,10,0,10,0
5761,conv2d_14,"(2, 1, 48, 56)",5,10,10,10,10,10,0,10,0
5762,conv2d_14,"(1, 2, 0, 26)",23,10,10,10,10,10,0,10,0
5763,conv2d_14,"(1, 1, 62, 18)",24,10,10,10,10,10,10,0,0
5764,conv2d_14,"(0, 1, 6, 60)",20,10,10,10,10,10,0,10,0
5765,conv2d_14,"(0, 0, 18, 53)",27,10,10,10,10,10,0,10,0
5766,conv2d_14,"(1, 2, 32, 27)",18,10,10,10,10,10,0,10,0
5767,conv2d_14,"(1, 2, 33, 27)",24,10,10,10,10,10,0,10,0
5768,conv2d_14,"(0, 2, 29, 31)",4,10,10,10,10,10,10,0,0
5769,conv2d_14,"(0, 1, 25, 19)",28,10,10,10,10,10,0,10,0
5770,conv2d_14,"(1, 2, 11, 53)",3,10,10,10,10,10,4,6,0
5771,conv2d_14,"(0, 1, 28, 57)",19,10,10,10,10,10,0,10,0
5772,conv2d_14,"(1, 1, 45, 35)",27,10,10,10,10,10,0,10,0
5773,conv2d_14,"(0, 1, 52, 22)",15,10,10,10,10,10,0,10,0
5774,conv2d_14,"(2, 1, 56, 50)",2,10,10,10,10,10,1,9,0
5775,conv2d_14,"(1, 1, 63, 62)",23,10,10,10,10,10,0,10,0
5776,conv2d_14,"(2, 0, 36, 34)",18,10,10,10,10,10,0,10,0
5777,conv2d_14,"(2, 1, 17, 42)",12,10,10,10,10,10,0,10,0
5778,conv2d_14,"(1, 0, 58, 57)",15,10,10,10,10,10,0,10,0
5779,conv2d_14,"(1, 1, 49, 60)",30,10,1,6,1,6,0,1,9
5780,conv2d_14,"(1, 0, 3, 36)",1,10,10,10,10,10,2,8,0
5781,conv2d_14,"(1, 1, 53, 61)",5,10,10,10,10,10,0,10,0
5782,conv2d_14,"(1, 0, 56, 39)",19,10,10,10,10,10,0,10,0
5783,conv2d_14,"(1, 1, 9, 11)",13,10,10,10,10,10,0,10,0
5784,conv2d_14,"(2, 2, 7, 26)",3,10,10,10,10,10,0,10,0
5785,conv2d_14,"(2, 1, 5, 4)",2,10,10,10,10,10,0,10,0
5786,conv2d_14,"(1, 1, 47, 52)",9,10,10,10,10,10,0,10,0
5787,conv2d_14,"(2, 1, 37, 30)",21,10,10,10,10,10,0,10,0
5788,conv2d_14,"(2, 2, 42, 31)",27,10,10,10,10,10,0,10,0
5789,conv2d_14,"(1, 0, 31, 46)",12,10,10,10,10,10,0,10,0
5790,conv2d_14,"(1, 0, 52, 16)",0,10,10,10,10,10,3,7,0
5791,conv2d_14,"(1, 0, 33, 4)",5,10,10,10,10,10,6,4,0
5792,conv2d_14,"(2, 0, 7, 8)",19,10,10,10,10,10,0,10,0
5793,conv2d_14,"(0, 0, 53, 46)",25,10,10,10,10,10,0,10,0
5794,conv2d_14,"(0, 2, 10, 40)",6,10,10,10,10,10,0,10,0
5795,conv2d_14,"(2, 1, 27, 40)",17,10,10,10,10,10,0,10,0
5796,conv2d_14,"(0, 1, 54, 51)",19,10,10,10,10,10,0,10,0
5797,conv2d_14,"(1, 0, 57, 60)",26,10,10,10,10,10,0,10,0
5798,conv2d_14,"(1, 2, 0, 62)",29,10,10,10,10,10,0,10,0
5799,conv2d_14,"(2, 2, 51, 52)",24,10,10,10,10,10,0,10,0
5800,conv2d_14,"(2, 1, 2, 18)",8,10,10,10,10,10,0,10,0
5801,conv2d_14,"(1, 2, 51, 47)",23,10,10,10,10,10,0,10,0
5802,conv2d_14,"(1, 2, 8, 2)",10,10,10,10,10,10,0,10,0
5803,conv2d_14,"(0, 2, 29, 29)",11,10,10,10,10,10,10,0,0
5804,conv2d_14,"(1, 1, 63, 23)",1,10,10,10,10,10,10,0,0
5805,conv2d_14,"(1, 2, 35, 40)",15,10,10,10,10,10,0,10,0
5806,conv2d_14,"(0, 0, 22, 54)",16,10,10,10,10,10,0,10,0
5807,conv2d_14,"(0, 0, 45, 7)",5,10,10,10,10,10,0,10,0
5808,conv2d_14,"(0, 1, 48, 49)",31,10,10,10,10,10,0,10,0
5809,conv2d_14,"(0, 0, 57, 39)",5,10,10,10,10,10,0,10,0
5810,conv2d_14,"(2, 2, 58, 32)",21,10,10,10,10,10,0,10,0
5811,conv2d_14,"(1, 1, 33, 21)",19,10,10,10,10,10,0,10,0
5812,conv2d_14,"(0, 1, 0, 16)",16,10,10,10,10,10,0,10,0
5813,conv2d_14,"(0, 2, 13, 36)",10,10,10,10,10,10,0,10,0
5814,conv2d_14,"(2, 0, 61, 28)",22,10,10,10,10,10,0,10,0
5815,conv2d_14,"(1, 1, 52, 10)",31,10,10,10,10,10,0,10,0
5816,conv2d_14,"(0, 0, 38, 61)",5,10,10,10,10,10,0,10,0
5817,conv2d_14,"(0, 2, 46, 26)",12,10,10,10,10,10,0,10,0
5818,conv2d_14,"(1, 2, 18, 1)",23,10,10,10,10,10,0,10,0
5819,conv2d_14,"(1, 1, 34, 25)",5,10,10,10,10,10,0,10,0
5820,conv2d_14,"(2, 2, 26, 44)",23,10,10,10,10,10,0,10,0
5821,conv2d_14,"(1, 2, 15, 21)",20,10,10,10,10,10,0,10,0
5822,conv2d_14,"(2, 2, 7, 43)",19,10,10,10,10,10,0,10,0
5823,conv2d_14,"(2, 1, 21, 9)",21,10,10,10,10,10,0,10,0
5824,conv2d_14,"(1, 1, 14, 46)",22,10,10,10,10,10,0,10,0
5825,conv2d_14,"(2, 0, 27, 22)",6,10,10,10,10,10,0,10,0
5826,conv2d_14,"(2, 2, 39, 28)",5,10,10,10,10,10,0,10,0
5827,conv2d_14,"(0, 2, 7, 5)",4,10,10,10,10,10,6,4,0
5828,conv2d_14,"(0, 1, 49, 33)",8,10,10,10,10,10,0,10,0
5829,conv2d_14,"(0, 0, 39, 22)",23,10,10,10,10,10,0,10,0
5830,conv2d_14,"(0, 2, 30, 59)",6,10,10,10,10,10,1,9,0
5831,conv2d_14,"(2, 1, 8, 22)",9,10,10,10,10,10,0,10,0
5832,conv2d_14,"(1, 0, 24, 60)",5,10,10,10,10,10,0,10,0
5833,conv2d_14,"(0, 0, 51, 37)",15,10,10,10,10,10,0,10,0
5834,conv2d_14,"(2, 1, 42, 10)",23,10,10,10,10,10,0,10,0
5835,conv2d_14,"(0, 1, 6, 25)",14,10,10,10,10,10,0,10,0
5836,conv2d_14,"(0, 1, 24, 4)",18,10,10,10,10,10,0,10,0
5837,conv2d_14,"(1, 2, 57, 1)",5,10,10,10,10,10,0,10,0
5838,conv2d_14,"(2, 2, 6, 12)",26,10,10,10,10,10,0,10,0
5839,conv2d_14,"(2, 1, 38, 46)",20,10,10,10,10,10,0,10,0
5840,conv2d_14,"(2, 2, 52, 58)",27,10,10,10,10,10,0,10,0
5841,conv2d_14,"(1, 1, 39, 30)",7,10,10,10,10,10,0,10,0
5842,conv2d_14,"(0, 1, 12, 23)",17,10,10,10,10,10,0,10,0
5843,conv2d_14,"(0, 1, 19, 43)",19,10,10,10,10,10,0,10,0
5844,conv2d_14,"(0, 1, 13, 10)",6,10,10,10,10,10,0,10,0
5845,conv2d_14,"(2, 2, 48, 48)",5,10,10,10,10,10,0,10,0
5846,conv2d_14,"(2, 2, 7, 2)",8,10,10,10,10,10,0,10,0
5847,conv2d_14,"(0, 2, 32, 20)",7,10,10,10,10,10,0,10,0
5848,conv2d_14,"(1, 2, 18, 51)",8,10,10,10,10,10,1,9,0
5849,conv2d_14,"(2, 1, 10, 19)",22,10,10,10,10,10,0,10,0
5850,conv2d_14,"(2, 1, 21, 51)",24,10,10,10,10,10,1,9,0
5851,conv2d_14,"(2, 0, 3, 18)",17,10,10,10,10,10,0,10,0
5852,conv2d_14,"(2, 0, 11, 63)",0,10,10,10,10,10,10,0,0
5853,conv2d_14,"(0, 2, 29, 44)",22,10,10,10,10,10,10,0,0
5854,conv2d_14,"(0, 2, 16, 63)",29,10,10,10,10,10,10,0,0
5855,conv2d_14,"(0, 0, 25, 6)",1,10,10,10,10,10,5,5,0
5856,conv2d_14,"(1, 2, 59, 5)",21,10,10,10,10,10,0,10,0
5857,conv2d_14,"(1, 0, 16, 63)",29,10,10,10,10,10,10,0,0
5858,conv2d_14,"(2, 1, 18, 15)",5,10,10,10,10,10,0,10,0
5859,conv2d_14,"(0, 2, 42, 37)",2,10,10,10,10,10,2,8,0
5860,conv2d_14,"(2, 0, 2, 42)",25,10,10,10,10,10,0,10,0
5861,conv2d_14,"(0, 1, 48, 2)",1,10,10,10,10,10,1,9,0
5862,conv2d_14,"(1, 0, 23, 22)",26,10,10,10,10,10,0,10,0
5863,conv2d_14,"(1, 1, 38, 45)",28,10,10,10,10,10,0,10,0
5864,conv2d_14,"(0, 2, 43, 51)",1,10,10,10,10,10,4,6,0
5865,conv2d_14,"(2, 2, 10, 32)",21,10,10,10,10,10,0,10,0
5866,conv2d_14,"(2, 1, 50, 55)",13,10,10,10,10,10,0,10,0
5867,conv2d_14,"(1, 1, 12, 4)",22,10,10,10,10,10,0,10,0
5868,conv2d_14,"(0, 2, 17, 55)",31,10,10,10,10,10,0,10,0
5869,conv2d_14,"(1, 1, 48, 56)",15,10,10,10,10,10,0,10,0
5870,conv2d_14,"(1, 2, 26, 9)",3,10,10,10,10,10,3,7,0
5871,conv2d_14,"(0, 2, 16, 53)",1,10,10,10,10,10,10,0,0
5872,conv2d_14,"(2, 0, 12, 11)",24,10,10,10,10,10,0,10,0
5873,conv2d_14,"(1, 2, 35, 1)",17,10,10,10,10,10,0,10,0
5874,conv2d_14,"(2, 2, 10, 57)",0,10,10,10,10,10,4,6,0
5875,conv2d_14,"(0, 1, 2, 27)",7,10,10,10,10,10,0,10,0
5876,conv2d_14,"(2, 0, 41, 32)",10,10,10,10,10,10,0,10,0
5877,conv2d_14,"(0, 2, 39, 37)",7,10,10,10,10,10,0,10,0
5878,conv2d_14,"(2, 2, 58, 33)",3,10,10,10,10,10,0,10,0
5879,conv2d_14,"(1, 1, 29, 46)",8,10,10,10,10,10,10,0,0
5880,conv2d_14,"(0, 2, 45, 30)",26,10,10,10,10,10,0,10,0
5881,conv2d_14,"(2, 0, 27, 60)",21,10,10,10,10,10,0,10,0
5882,conv2d_14,"(2, 2, 16, 28)",25,10,10,10,10,10,0,10,0
5883,conv2d_14,"(2, 1, 1, 63)",25,10,10,10,10,10,10,0,0
5884,conv2d_14,"(1, 2, 42, 52)",9,10,10,10,10,10,1,9,0
5885,conv2d_14,"(2, 2, 47, 21)",11,10,10,10,10,10,0,10,0
5886,conv2d_14,"(2, 2, 21, 20)",0,10,10,10,10,10,6,4,0
5887,conv2d_14,"(0, 0, 27, 14)",23,10,10,10,10,10,0,10,0
5888,conv2d_14,"(1, 2, 5, 26)",21,10,10,10,10,10,0,10,0
5889,conv2d_14,"(2, 1, 38, 54)",31,10,10,10,10,10,0,10,0
5890,conv2d_14,"(2, 0, 63, 52)",25,10,10,10,10,10,0,10,0
5891,conv2d_14,"(2, 0, 41, 35)",30,10,0,6,0,6,0,0,10
5892,conv2d_14,"(2, 1, 35, 34)",30,10,1,6,1,6,0,1,9
5893,conv2d_14,"(0, 0, 18, 42)",22,10,10,10,10,10,0,10,0
5894,conv2d_14,"(1, 1, 10, 25)",22,10,10,10,10,10,0,10,0
5895,conv2d_14,"(2, 2, 20, 42)",31,10,10,10,10,10,0,10,0
5896,conv2d_14,"(1, 0, 58, 35)",4,10,10,10,10,10,0,10,0
5897,conv2d_14,"(2, 0, 49, 37)",27,10,10,10,10,10,0,10,0
5898,conv2d_14,"(0, 2, 41, 56)",7,10,10,10,10,10,0,10,0
5899,conv2d_14,"(1, 1, 54, 63)",14,10,10,10,10,10,10,0,0
5900,conv2d_14,"(1, 1, 52, 34)",4,10,10,10,10,10,0,10,0
5901,conv2d_14,"(1, 0, 55, 45)",25,10,10,10,10,10,0,10,0
5902,conv2d_14,"(0, 2, 54, 56)",0,10,10,10,10,10,5,5,0
5903,conv2d_14,"(1, 2, 26, 6)",11,10,10,10,10,10,0,10,0
5904,conv2d_14,"(1, 0, 14, 7)",2,10,10,10,10,10,1,9,0
5905,conv2d_14,"(2, 1, 41, 10)",9,10,10,10,10,10,0,10,0
5906,conv2d_14,"(0, 0, 35, 22)",17,10,10,10,10,10,0,10,0
5907,conv2d_14,"(2, 2, 39, 27)",10,10,10,10,10,10,0,10,0
5908,conv2d_14,"(1, 2, 48, 61)",3,10,10,10,10,10,1,9,0
5909,conv2d_14,"(2, 2, 55, 32)",3,10,10,10,10,10,1,9,0
5910,conv2d_14,"(1, 0, 4, 10)",13,10,10,10,10,10,0,10,0
5911,conv2d_14,"(2, 0, 38, 25)",4,10,10,10,10,10,0,10,0
5912,conv2d_14,"(1, 2, 28, 42)",15,10,10,10,10,10,0,10,0
5913,conv2d_14,"(1, 2, 51, 47)",31,10,10,10,10,10,0,10,0
5914,conv2d_14,"(1, 1, 44, 13)",17,10,10,10,10,10,0,10,0
5915,conv2d_14,"(1, 0, 2, 53)",9,10,10,10,10,10,0,10,0
5916,conv2d_14,"(2, 1, 5, 50)",31,10,10,10,10,10,0,10,0
5917,conv2d_14,"(2, 2, 51, 34)",8,10,10,10,10,10,0,10,0
5918,conv2d_14,"(0, 2, 17, 63)",21,10,10,10,10,10,10,0,0
5919,conv2d_14,"(2, 1, 50, 26)",4,10,10,10,10,10,0,10,0
5920,conv2d_14,"(2, 2, 19, 13)",22,10,10,10,10,10,0,10,0
5921,conv2d_14,"(2, 2, 56, 52)",9,10,10,10,10,10,0,10,0
5922,conv2d_14,"(0, 0, 5, 46)",22,10,10,10,10,10,0,10,0
5923,conv2d_14,"(2, 0, 27, 41)",1,10,10,10,10,10,4,6,0
5924,conv2d_14,"(1, 1, 58, 63)",8,10,10,10,10,10,10,0,0
5925,conv2d_14,"(1, 0, 20, 11)",26,10,10,10,10,10,0,10,0
5926,conv2d_14,"(2, 1, 27, 33)",25,10,10,10,10,10,0,10,0
5927,conv2d_14,"(1, 2, 34, 61)",25,10,10,10,10,10,0,10,0
5928,conv2d_14,"(2, 2, 57, 0)",1,10,10,10,10,10,1,9,0
5929,conv2d_14,"(0, 2, 43, 61)",6,10,10,10,10,10,1,9,0
5930,conv2d_14,"(1, 1, 58, 8)",23,10,10,10,10,10,0,10,0
5931,conv2d_14,"(2, 2, 19, 8)",17,10,10,10,10,10,0,10,0
5932,conv2d_14,"(1, 2, 12, 38)",10,10,10,10,10,10,0,10,0
5933,conv2d_14,"(2, 0, 26, 43)",27,10,10,10,10,10,0,10,0
5934,conv2d_14,"(2, 2, 22, 35)",15,10,10,10,10,10,0,10,0
5935,conv2d_14,"(1, 1, 60, 43)",28,10,10,10,10,10,0,10,0
5936,conv2d_14,"(1, 1, 44, 55)",2,10,10,10,10,10,0,10,0
5937,conv2d_14,"(1, 1, 2, 61)",19,10,10,10,10,10,0,10,0
5938,conv2d_14,"(2, 1, 26, 33)",14,10,10,10,10,10,0,10,0
5939,conv2d_14,"(2, 1, 60, 55)",6,10,10,10,10,10,0,10,0
5940,conv2d_14,"(2, 0, 52, 43)",9,10,10,10,10,10,0,10,0
5941,conv2d_14,"(2, 0, 34, 0)",31,10,10,10,10,10,0,10,0
5942,conv2d_14,"(1, 0, 30, 51)",22,10,10,10,10,10,1,9,0
5943,conv2d_14,"(2, 1, 46, 26)",29,10,10,10,10,10,0,10,0
5944,conv2d_14,"(2, 0, 6, 15)",7,10,10,10,10,10,0,10,0
5945,conv2d_14,"(2, 1, 42, 15)",29,10,10,10,10,10,0,10,0
5946,conv2d_14,"(1, 2, 29, 58)",16,10,10,10,10,10,10,0,0
5947,conv2d_14,"(2, 1, 9, 30)",30,10,0,5,0,5,0,0,10
5948,conv2d_14,"(1, 1, 22, 17)",29,10,10,10,10,10,0,10,0
5949,conv2d_14,"(1, 0, 51, 43)",14,10,10,10,10,10,0,10,0
5950,conv2d_14,"(2, 2, 34, 43)",31,10,10,10,10,10,0,10,0
5951,conv2d_14,"(1, 2, 12, 39)",21,10,10,10,10,10,0,10,0
5952,conv2d_14,"(0, 2, 59, 47)",20,10,10,10,10,10,0,10,0
5953,conv2d_14,"(0, 2, 30, 19)",23,10,10,10,10,10,0,10,0
5954,conv2d_14,"(2, 0, 44, 47)",22,10,10,10,10,10,0,10,0
5955,conv2d_14,"(1, 1, 38, 62)",6,10,10,10,10,10,0,10,0
5956,conv2d_14,"(0, 0, 51, 52)",16,10,10,10,10,10,0,10,0
5957,conv2d_14,"(1, 0, 24, 15)",15,10,10,10,10,10,0,10,0
5958,conv2d_14,"(1, 0, 38, 27)",19,10,10,10,10,10,0,10,0
5959,conv2d_14,"(0, 1, 59, 2)",25,10,10,10,10,10,0,10,0
5960,conv2d_14,"(1, 2, 12, 56)",31,10,10,10,10,10,0,10,0
5961,conv2d_14,"(1, 0, 31, 62)",22,10,10,10,10,10,0,10,0
5962,conv2d_14,"(0, 2, 43, 40)",13,10,10,10,10,10,0,10,0
5963,conv2d_14,"(1, 2, 36, 63)",25,10,10,10,10,10,10,0,0
5964,conv2d_14,"(1, 0, 15, 4)",12,10,10,10,10,10,0,10,0
5965,conv2d_14,"(0, 0, 12, 49)",29,10,10,10,10,10,0,10,0
5966,conv2d_14,"(2, 0, 3, 44)",6,10,10,10,10,10,0,10,0
5967,conv2d_14,"(1, 1, 4, 56)",17,10,10,10,10,10,0,10,0
5968,conv2d_14,"(2, 1, 62, 4)",11,10,10,10,10,10,10,0,0
5969,conv2d_14,"(2, 0, 40, 40)",25,10,10,10,10,10,0,10,0
5970,conv2d_14,"(2, 1, 14, 19)",15,10,10,10,10,10,0,10,0
5971,conv2d_14,"(1, 2, 56, 54)",15,10,10,10,10,10,0,10,0
5972,conv2d_14,"(1, 1, 25, 45)",15,10,10,10,10,10,0,10,0
5973,conv2d_14,"(2, 2, 45, 47)",26,10,10,10,10,10,0,10,0
5974,conv2d_14,"(0, 1, 62, 5)",8,10,10,10,10,10,10,0,0
5975,conv2d_14,"(1, 0, 27, 17)",13,10,10,10,10,10,0,10,0
5976,conv2d_14,"(0, 0, 44, 29)",0,10,10,10,10,10,2,8,0
5977,conv2d_14,"(0, 0, 34, 9)",29,10,10,10,10,10,0,10,0
5978,conv2d_14,"(1, 2, 21, 39)",19,10,10,10,10,10,0,10,0
5979,conv2d_14,"(1, 2, 55, 29)",14,10,10,10,10,10,0,10,0
5980,conv2d_14,"(2, 2, 61, 40)",26,10,10,10,10,10,0,10,0
5981,conv2d_14,"(2, 1, 8, 56)",1,10,10,10,10,10,9,1,0
5982,conv2d_14,"(2, 0, 1, 25)",29,10,10,10,10,10,0,10,0
5983,conv2d_14,"(2, 1, 46, 29)",23,10,10,10,10,10,0,10,0
5984,conv2d_14,"(0, 2, 49, 19)",11,10,10,10,10,10,0,10,0
5985,conv2d_14,"(2, 1, 23, 43)",15,10,10,10,10,10,0,10,0
5986,conv2d_14,"(2, 0, 33, 60)",9,10,10,10,10,10,0,10,0
5987,conv2d_14,"(2, 0, 54, 49)",5,10,10,10,10,10,1,9,0
5988,conv2d_14,"(0, 0, 16, 16)",4,10,10,10,10,10,0,10,0
5989,conv2d_14,"(1, 0, 21, 33)",24,10,10,10,10,10,0,10,0
5990,conv2d_14,"(2, 1, 13, 10)",9,10,10,10,10,10,0,10,0
5991,conv2d_14,"(1, 1, 39, 42)",28,10,10,10,10,10,0,10,0
5992,conv2d_14,"(1, 1, 34, 33)",13,10,10,10,10,10,0,10,0
5993,conv2d_14,"(2, 1, 47, 23)",17,10,10,10,10,10,0,10,0
5994,conv2d_14,"(0, 2, 9, 36)",6,10,10,10,10,10,0,10,0
5995,conv2d_14,"(0, 1, 10, 43)",28,10,10,10,10,10,0,10,0
5996,conv2d_14,"(2, 1, 2, 24)",9,10,10,10,10,10,0,10,0
5997,conv2d_14,"(2, 2, 26, 7)",6,10,10,10,10,10,1,9,0
5998,conv2d_14,"(2, 1, 56, 27)",19,10,10,10,10,10,0,10,0
5999,conv2d_14,"(1, 0, 35, 12)",16,10,10,10,10,10,0,10,0
6000,conv2d_14,"(0, 0, 17, 48)",4,10,10,10,10,10,4,6,0
6001,conv2d_14,"(0, 0, 31, 33)",20,10,10,10,10,10,0,10,0
6002,conv2d_14,"(0, 0, 7, 34)",11,10,10,10,10,10,0,10,0
6003,conv2d_14,"(2, 0, 21, 56)",24,10,10,10,10,10,0,10,0
6004,conv2d_14,"(0, 2, 25, 1)",30,10,0,1,0,1,0,0,10
6005,conv2d_14,"(1, 1, 37, 50)",2,10,10,10,10,10,1,9,0
6006,conv2d_14,"(2, 2, 53, 1)",30,10,0,1,0,1,0,0,10
6007,conv2d_14,"(2, 0, 13, 55)",29,10,10,10,10,10,0,10,0
6008,conv2d_14,"(2, 2, 18, 48)",23,10,10,10,10,10,0,10,0
6009,conv2d_14,"(1, 2, 61, 0)",30,10,1,4,1,4,0,1,9
6010,conv2d_14,"(0, 0, 53, 8)",31,10,10,10,10,10,0,10,0
6011,conv2d_14,"(1, 2, 5, 18)",25,10,10,10,10,10,0,10,0
6012,conv2d_14,"(0, 2, 38, 6)",24,10,10,10,10,10,0,10,0
6013,conv2d_14,"(0, 2, 5, 28)",10,10,10,10,10,10,0,10,0
6014,conv2d_14,"(2, 1, 38, 49)",25,10,10,10,10,10,0,10,0
6015,conv2d_14,"(1, 1, 54, 32)",6,10,10,10,10,10,1,9,0
6016,conv2d_14,"(0, 1, 51, 10)",14,10,10,10,10,10,0,10,0
6017,conv2d_14,"(1, 2, 49, 2)",2,10,10,10,10,10,2,8,0
6018,conv2d_14,"(0, 1, 1, 62)",8,10,10,10,10,10,0,10,0
6019,conv2d_14,"(2, 2, 14, 43)",28,10,10,10,10,10,0,10,0
6020,conv2d_14,"(2, 0, 15, 6)",23,10,10,10,10,10,0,10,0
6021,conv2d_14,"(1, 2, 24, 12)",9,10,10,10,10,10,0,10,0
6022,conv2d_14,"(0, 1, 59, 50)",17,10,10,10,10,10,0,10,0
6023,conv2d_14,"(1, 0, 15, 22)",4,10,10,10,10,10,0,10,0
6024,conv2d_14,"(2, 0, 50, 31)",21,10,10,10,10,10,0,10,0
6025,conv2d_14,"(0, 0, 51, 21)",11,10,10,10,10,10,0,10,0
6026,conv2d_14,"(2, 2, 54, 14)",1,10,10,10,10,10,7,3,0
6027,conv2d_14,"(1, 2, 46, 58)",0,10,10,10,10,10,7,3,0
6028,conv2d_14,"(0, 1, 29, 18)",14,10,10,10,10,10,10,0,0
6029,conv2d_14,"(2, 2, 24, 38)",5,10,10,10,10,10,0,10,0
6030,conv2d_14,"(1, 1, 52, 0)",15,10,10,10,10,10,0,10,0
6031,conv2d_14,"(1, 1, 10, 41)",21,10,10,10,10,10,0,10,0
6032,conv2d_14,"(2, 0, 48, 32)",22,10,10,10,10,10,0,10,0
6033,conv2d_14,"(0, 2, 3, 15)",5,10,10,10,10,10,1,9,0
6034,conv2d_14,"(0, 0, 6, 38)",15,10,10,10,10,10,0,10,0
6035,conv2d_14,"(2, 1, 11, 24)",23,10,10,10,10,10,0,10,0
6036,conv2d_14,"(0, 1, 1, 61)",29,10,10,10,10,10,0,10,0
6037,conv2d_14,"(1, 0, 63, 12)",31,10,10,10,10,10,0,10,0
6038,conv2d_14,"(0, 1, 24, 3)",26,10,10,10,10,10,0,10,0
6039,conv2d_14,"(2, 1, 7, 57)",4,10,10,10,10,10,0,10,0
6040,conv2d_14,"(2, 1, 32, 16)",0,10,10,10,10,10,1,9,0
6041,conv2d_14,"(1, 1, 11, 42)",14,10,10,10,10,10,0,10,0
6042,conv2d_14,"(0, 1, 26, 41)",24,10,10,10,10,10,0,10,0
6043,conv2d_14,"(2, 1, 14, 33)",25,10,10,10,10,10,0,10,0
6044,conv2d_14,"(2, 1, 59, 58)",3,10,10,10,10,10,0,10,0
6045,conv2d_14,"(1, 0, 49, 1)",19,10,10,10,10,10,0,10,0
6046,conv2d_14,"(2, 2, 58, 41)",14,10,10,10,10,10,0,10,0
6047,conv2d_14,"(0, 0, 60, 10)",14,10,10,10,10,10,0,10,0
6048,conv2d_14,"(1, 2, 22, 28)",26,10,10,10,10,10,0,10,0
6049,conv2d_14,"(1, 1, 42, 57)",21,10,10,10,10,10,0,10,0
6050,conv2d_14,"(1, 2, 0, 14)",17,10,10,10,10,10,0,10,0
6051,conv2d_14,"(2, 1, 38, 5)",13,10,10,10,10,10,0,10,0
6052,conv2d_14,"(1, 1, 11, 14)",1,10,10,10,10,10,6,4,0
6053,conv2d_14,"(0, 1, 37, 43)",3,10,10,10,10,10,2,8,0
6054,conv2d_14,"(2, 2, 46, 58)",19,10,10,10,10,10,0,10,0
6055,conv2d_14,"(0, 0, 52, 61)",6,10,10,10,10,10,0,10,0
6056,conv2d_14,"(2, 1, 61, 6)",25,10,10,10,10,10,0,10,0
6057,conv2d_14,"(1, 1, 57, 39)",22,10,10,10,10,10,0,10,0
6058,conv2d_14,"(1, 0, 43, 53)",29,10,10,10,10,10,0,10,0
6059,conv2d_14,"(1, 2, 21, 19)",13,10,10,10,10,10,0,10,0
6060,conv2d_14,"(1, 2, 43, 37)",1,10,10,10,10,10,8,2,0
6061,conv2d_14,"(2, 2, 1, 26)",16,10,10,10,10,10,0,10,0
6062,conv2d_14,"(2, 1, 44, 48)",0,10,10,10,10,10,5,5,0
6063,conv2d_14,"(2, 2, 48, 55)",11,10,10,10,10,10,0,10,0
6064,conv2d_14,"(0, 2, 8, 52)",8,10,10,10,10,10,0,10,0
6065,conv2d_14,"(0, 2, 60, 52)",28,10,10,10,10,10,0,10,0
6066,conv2d_14,"(1, 2, 58, 56)",23,10,10,10,10,10,0,10,0
6067,conv2d_14,"(2, 0, 5, 59)",26,10,10,10,10,10,0,10,0
6068,conv2d_14,"(0, 1, 48, 18)",29,10,10,10,10,10,0,10,0
6069,conv2d_14,"(0, 2, 56, 23)",5,10,10,10,10,10,3,7,0
6070,conv2d_14,"(0, 1, 56, 7)",7,10,10,10,10,10,0,10,0
6071,conv2d_14,"(0, 0, 53, 16)",2,10,10,10,10,10,0,10,0
6072,conv2d_14,"(1, 0, 21, 52)",10,10,10,10,10,10,0,10,0
6073,conv2d_14,"(2, 0, 24, 29)",3,10,10,10,10,10,1,9,0
6074,conv2d_14,"(2, 2, 27, 18)",14,10,10,10,10,10,0,10,0
6075,conv2d_14,"(1, 0, 35, 32)",25,10,10,10,10,10,1,9,0
6076,conv2d_14,"(2, 1, 48, 3)",14,10,10,10,10,10,0,10,0
6077,conv2d_14,"(2, 1, 51, 0)",8,10,10,10,10,10,0,10,0
6078,conv2d_14,"(1, 2, 43, 24)",25,10,10,10,10,10,0,10,0
6079,conv2d_14,"(2, 1, 17, 41)",5,10,10,10,10,10,0,10,0
6080,conv2d_14,"(0, 1, 43, 17)",3,10,10,10,10,10,1,9,0
6081,conv2d_14,"(1, 1, 48, 4)",21,10,10,10,10,10,0,10,0
6082,conv2d_14,"(1, 0, 61, 36)",6,10,10,10,10,10,0,10,0
6083,conv2d_14,"(1, 0, 1, 14)",23,10,10,10,10,10,0,10,0
6084,conv2d_14,"(0, 2, 39, 44)",0,10,10,10,10,10,9,1,0
6085,conv2d_14,"(1, 1, 31, 41)",19,10,10,10,10,10,0,10,0
6086,conv2d_14,"(1, 0, 46, 16)",30,10,2,7,2,7,0,2,8
6087,conv2d_14,"(2, 1, 57, 54)",1,10,10,10,10,10,2,8,0
6088,conv2d_14,"(0, 2, 5, 23)",8,10,10,10,10,10,0,10,0
6089,conv2d_14,"(0, 0, 15, 21)",30,10,3,7,3,7,0,3,7
6090,conv2d_14,"(2, 2, 11, 4)",20,10,10,10,10,10,0,10,0
6091,conv2d_14,"(0, 2, 53, 51)",8,10,10,10,10,10,0,10,0
6092,conv2d_14,"(0, 2, 61, 60)",31,10,10,10,10,10,0,10,0
6093,conv2d_14,"(1, 0, 9, 25)",19,10,10,10,10,10,0,10,0
6094,conv2d_14,"(0, 2, 52, 46)",7,10,10,10,10,10,0,10,0
6095,conv2d_14,"(1, 1, 50, 60)",7,10,10,10,10,10,0,10,0
6096,conv2d_14,"(0, 0, 1, 54)",11,10,10,10,10,10,0,10,0
6097,conv2d_14,"(0, 0, 60, 0)",20,10,10,10,10,10,0,10,0
6098,conv2d_14,"(0, 2, 5, 10)",31,10,10,10,10,10,0,10,0
6099,conv2d_14,"(2, 0, 43, 39)",9,10,10,10,10,10,0,10,0
6100,conv2d_14,"(2, 0, 18, 2)",0,10,10,10,10,10,1,9,0
6101,conv2d_14,"(1, 1, 62, 10)",23,10,10,10,10,10,10,0,0
6102,conv2d_14,"(1, 1, 8, 34)",31,10,10,10,10,10,0,10,0
6103,conv2d_14,"(0, 1, 8, 17)",25,10,10,10,10,10,0,10,0
6104,conv2d_14,"(1, 1, 16, 53)",1,10,10,10,10,10,6,4,0
6105,conv2d_14,"(0, 1, 45, 12)",28,10,10,10,10,10,0,10,0
6106,conv2d_14,"(0, 0, 35, 32)",14,10,10,10,10,10,0,10,0
6107,conv2d_14,"(1, 2, 7, 50)",21,10,10,10,10,10,0,10,0
6108,conv2d_14,"(0, 0, 24, 37)",23,10,10,10,10,10,0,10,0
6109,conv2d_14,"(0, 2, 18, 63)",13,10,10,10,10,10,10,0,0
6110,conv2d_14,"(1, 0, 1, 50)",5,10,10,10,10,10,0,10,0
6111,conv2d_14,"(1, 2, 42, 33)",9,10,10,10,10,10,0,10,0
6112,conv2d_14,"(1, 1, 17, 29)",4,10,10,10,10,10,0,10,0
6113,conv2d_14,"(2, 2, 43, 34)",6,10,10,10,10,10,0,10,0
6114,conv2d_14,"(0, 1, 0, 58)",2,10,10,10,10,10,1,9,0
6115,conv2d_14,"(1, 2, 55, 13)",30,10,1,5,1,5,0,1,9
6116,conv2d_14,"(2, 0, 3, 16)",22,10,10,10,10,10,0,10,0
6117,conv2d_14,"(0, 0, 16, 9)",9,10,10,10,10,10,0,10,0
6118,conv2d_14,"(0, 0, 16, 45)",9,10,10,10,10,10,0,10,0
6119,conv2d_14,"(1, 2, 0, 57)",12,10,10,10,10,10,0,10,0
6120,conv2d_14,"(2, 0, 43, 61)",6,10,10,10,10,10,0,10,0
6121,conv2d_14,"(1, 0, 47, 43)",4,10,10,10,10,10,0,10,0
6122,conv2d_14,"(2, 2, 27, 54)",28,10,10,10,10,10,0,10,0
6123,conv2d_14,"(2, 0, 36, 10)",1,10,10,10,10,10,8,2,0
6124,conv2d_14,"(1, 1, 42, 59)",7,10,10,10,10,10,0,10,0
6125,conv2d_14,"(1, 2, 23, 39)",29,10,10,10,10,10,0,10,0
6126,conv2d_14,"(0, 1, 52, 30)",8,10,10,10,10,10,0,10,0
6127,conv2d_14,"(2, 2, 10, 44)",15,10,10,10,10,10,0,10,0
6128,conv2d_14,"(1, 2, 22, 8)",30,10,0,5,0,5,0,0,10
6129,conv2d_14,"(2, 1, 30, 57)",29,10,10,10,10,10,0,10,0
6130,conv2d_14,"(1, 1, 21, 61)",12,10,10,10,10,10,0,10,0
6131,conv2d_14,"(2, 1, 25, 39)",19,10,10,10,10,10,0,10,0
6132,conv2d_14,"(0, 2, 63, 59)",24,10,10,10,10,10,0,10,0
6133,conv2d_14,"(0, 1, 60, 46)",25,10,10,10,10,10,0,10,0
6134,conv2d_14,"(2, 2, 28, 39)",2,10,10,10,10,10,0,10,0
6135,conv2d_14,"(0, 1, 6, 20)",1,10,10,10,10,10,1,9,0
6136,conv2d_14,"(1, 1, 16, 37)",26,10,10,10,10,10,0,10,0
6137,conv2d_14,"(2, 0, 3, 6)",18,10,10,10,10,10,0,10,0
6138,conv2d_14,"(1, 2, 8, 1)",22,10,10,10,10,10,0,10,0
6139,conv2d_14,"(1, 1, 29, 61)",8,10,10,10,10,10,10,0,0
6140,conv2d_14,"(1, 1, 21, 36)",8,10,10,10,10,10,0,10,0
6141,conv2d_14,"(1, 2, 46, 16)",9,10,10,10,10,10,0,10,0
6142,conv2d_14,"(1, 2, 28, 4)",14,10,10,10,10,10,0,10,0
6143,conv2d_14,"(2, 1, 10, 6)",3,10,10,10,10,10,1,9,0
6144,conv2d_14,"(0, 1, 42, 12)",15,10,10,10,10,10,0,10,0
6145,conv2d_14,"(1, 0, 14, 13)",11,10,10,10,10,10,0,10,0
6146,conv2d_14,"(0, 1, 39, 50)",31,10,10,10,10,10,0,10,0
6147,conv2d_14,"(2, 0, 53, 42)",0,10,10,10,10,10,3,7,0
6148,conv2d_14,"(0, 2, 34, 8)",14,10,10,10,10,10,0,10,0
6149,conv2d_14,"(2, 2, 42, 27)",17,10,10,10,10,10,0,10,0
6150,conv2d_14,"(0, 0, 39, 57)",15,10,10,10,10,10,0,10,0
6151,conv2d_14,"(2, 1, 53, 41)",30,10,2,7,2,7,0,2,8
6152,conv2d_14,"(1, 0, 10, 61)",1,10,10,10,10,10,0,10,0
6153,conv2d_14,"(1, 0, 21, 21)",19,10,10,10,10,10,0,10,0
6154,conv2d_14,"(1, 1, 30, 59)",0,10,10,10,10,10,5,5,0
6155,conv2d_14,"(0, 2, 25, 5)",1,10,10,10,10,10,4,6,0
6156,conv2d_14,"(1, 1, 7, 4)",29,10,10,10,10,10,0,10,0
6157,conv2d_14,"(2, 1, 8, 52)",19,10,10,10,10,10,0,10,0
6158,conv2d_14,"(2, 1, 57, 18)",15,10,10,10,10,10,0,10,0
6159,conv2d_14,"(1, 2, 40, 41)",3,10,10,10,10,10,1,9,0
6160,conv2d_14,"(2, 0, 22, 36)",7,10,10,10,10,10,0,10,0
6161,conv2d_14,"(2, 0, 63, 51)",3,10,10,10,10,10,1,9,0
6162,conv2d_14,"(1, 1, 56, 55)",14,10,10,10,10,10,0,10,0
6163,conv2d_14,"(0, 2, 39, 25)",25,10,10,10,10,10,0,10,0
6164,conv2d_14,"(1, 0, 35, 2)",11,10,10,10,10,10,0,10,0
6165,conv2d_14,"(2, 1, 22, 44)",14,10,10,10,10,10,0,10,0
6166,conv2d_14,"(0, 0, 58, 42)",6,10,10,10,10,10,0,10,0
6167,conv2d_14,"(0, 1, 31, 28)",14,10,10,10,10,10,0,10,0
6168,conv2d_14,"(0, 2, 43, 35)",13,10,10,10,10,10,0,10,0
6169,conv2d_14,"(0, 1, 23, 6)",19,10,10,10,10,10,0,10,0
6170,conv2d_14,"(0, 1, 22, 12)",30,10,1,5,1,5,0,1,9
6171,conv2d_14,"(2, 2, 2, 32)",23,10,10,10,10,10,0,10,0
6172,conv2d_14,"(0, 0, 58, 24)",15,10,10,10,10,10,0,10,0
6173,conv2d_14,"(0, 1, 44, 29)",4,10,10,10,10,10,0,10,0
6174,conv2d_14,"(0, 0, 6, 51)",8,10,10,10,10,10,0,10,0
6175,conv2d_14,"(0, 1, 12, 41)",5,10,10,10,10,10,0,10,0
6176,conv2d_14,"(1, 2, 45, 46)",31,10,10,10,10,10,0,10,0
6177,conv2d_14,"(2, 2, 34, 6)",3,10,10,10,10,10,3,7,0
6178,conv2d_14,"(0, 2, 19, 34)",19,10,10,10,10,10,0,10,0
6179,conv2d_14,"(1, 0, 50, 43)",5,10,10,10,10,10,0,10,0
6180,conv2d_14,"(1, 0, 47, 20)",8,10,10,10,10,10,0,10,0
6181,conv2d_14,"(2, 0, 29, 41)",31,10,10,10,10,10,10,0,0
6182,conv2d_14,"(0, 2, 11, 9)",22,10,10,10,10,10,0,10,0
6183,conv2d_14,"(2, 2, 44, 2)",14,10,10,10,10,10,0,10,0
6184,conv2d_14,"(0, 2, 32, 39)",30,10,1,6,1,6,0,1,9
6185,conv2d_14,"(2, 1, 42, 14)",20,10,10,10,10,10,0,10,0
6186,conv2d_14,"(0, 1, 63, 45)",27,10,10,10,10,10,0,10,0
6187,conv2d_14,"(2, 2, 22, 29)",8,10,10,10,10,10,0,10,0
6188,conv2d_14,"(0, 0, 52, 35)",27,10,10,10,10,10,0,10,0
6189,conv2d_14,"(0, 0, 52, 15)",23,10,10,10,10,10,0,10,0
6190,conv2d_14,"(1, 0, 30, 55)",0,10,10,10,10,10,10,0,0
6191,conv2d_14,"(1, 0, 58, 0)",20,10,10,10,10,10,0,10,0
6192,conv2d_14,"(0, 0, 37, 5)",20,10,10,10,10,10,0,10,0
6193,conv2d_14,"(2, 2, 45, 49)",26,10,10,10,10,10,0,10,0
6194,conv2d_14,"(0, 1, 58, 57)",12,10,10,10,10,10,0,10,0
6195,conv2d_14,"(0, 2, 54, 27)",2,10,10,10,10,10,1,9,0
6196,conv2d_14,"(0, 0, 13, 4)",18,10,10,10,10,10,0,10,0
6197,conv2d_14,"(0, 2, 12, 53)",13,10,10,10,10,10,0,10,0
6198,conv2d_14,"(2, 2, 62, 19)",6,10,10,10,10,10,10,0,0
6199,conv2d_14,"(1, 1, 4, 26)",7,10,10,10,10,10,1,9,0
6200,conv2d_14,"(2, 2, 31, 49)",7,10,10,10,10,10,0,10,0
6201,conv2d_14,"(2, 2, 60, 52)",22,10,10,10,10,10,0,10,0
6202,conv2d_14,"(1, 2, 45, 11)",2,10,10,10,10,10,8,2,0
6203,conv2d_14,"(2, 2, 4, 44)",24,10,10,10,10,10,0,10,0
6204,conv2d_14,"(2, 2, 51, 42)",10,10,10,10,10,10,0,10,0
6205,conv2d_14,"(0, 2, 61, 48)",2,10,10,10,10,10,3,7,0
6206,conv2d_14,"(0, 2, 61, 1)",31,10,10,10,10,10,0,10,0
6207,conv2d_14,"(2, 2, 0, 20)",7,10,10,10,10,10,0,10,0
6208,conv2d_14,"(0, 2, 57, 37)",12,10,10,10,10,10,0,10,0
6209,conv2d_14,"(1, 1, 26, 58)",18,10,10,10,10,10,0,10,0
6210,conv2d_14,"(2, 0, 59, 2)",1,10,10,10,10,10,2,8,0
6211,conv2d_14,"(1, 2, 6, 28)",28,10,10,10,10,10,0,10,0
6212,conv2d_14,"(2, 1, 13, 47)",22,10,10,10,10,10,0,10,0
6213,conv2d_14,"(1, 1, 26, 36)",5,10,10,10,10,10,0,10,0
6214,conv2d_14,"(1, 1, 49, 33)",2,10,10,10,10,10,2,8,0
6215,conv2d_14,"(2, 2, 48, 55)",26,10,10,10,10,10,0,10,0
6216,conv2d_14,"(0, 2, 47, 57)",21,10,10,10,10,10,0,10,0
6217,conv2d_14,"(0, 1, 12, 62)",19,10,10,10,10,10,0,10,0
6218,conv2d_14,"(0, 1, 55, 45)",23,10,10,10,10,10,0,10,0
6219,conv2d_14,"(1, 0, 26, 51)",5,10,10,10,10,10,0,10,0
6220,conv2d_14,"(0, 2, 56, 6)",9,10,10,10,10,10,0,10,0
6221,conv2d_14,"(0, 1, 4, 2)",22,10,10,10,10,10,1,9,0
6222,conv2d_14,"(0, 0, 42, 54)",30,10,3,7,3,7,0,3,7
6223,conv2d_14,"(0, 0, 61, 61)",12,10,10,10,10,10,0,10,0
6224,conv2d_14,"(1, 2, 48, 12)",30,10,3,6,3,6,0,3,7
6225,conv2d_14,"(1, 0, 20, 13)",23,10,10,10,10,10,0,10,0
6226,conv2d_14,"(2, 0, 61, 36)",0,10,10,10,10,10,0,10,0
6227,conv2d_14,"(1, 2, 18, 13)",3,10,10,10,10,10,1,9,0
6228,conv2d_14,"(1, 1, 47, 17)",20,10,10,10,10,10,0,10,0
6229,conv2d_14,"(1, 1, 7, 3)",2,10,10,10,10,10,1,9,0
6230,conv2d_14,"(2, 1, 26, 4)",25,10,10,10,10,10,0,10,0
6231,conv2d_14,"(2, 2, 30, 58)",30,10,0,5,0,5,0,0,10
6232,conv2d_14,"(1, 0, 39, 17)",25,10,10,10,10,10,0,10,0
6233,conv2d_14,"(0, 1, 1, 27)",15,10,10,10,10,10,0,10,0
6234,conv2d_14,"(0, 0, 7, 28)",5,10,10,10,10,10,0,10,0
6235,conv2d_14,"(1, 0, 28, 37)",19,10,10,10,10,10,0,10,0
6236,conv2d_14,"(1, 2, 2, 28)",17,10,10,10,10,10,0,10,0
6237,conv2d_14,"(2, 2, 56, 13)",26,10,10,10,10,10,0,10,0
6238,conv2d_14,"(1, 1, 34, 40)",9,10,10,10,10,10,0,10,0
6239,conv2d_14,"(1, 0, 24, 63)",24,10,10,10,10,10,10,0,0
6240,conv2d_14,"(1, 0, 18, 20)",28,10,10,10,10,10,0,10,0
6241,conv2d_14,"(0, 0, 51, 41)",10,10,10,10,10,10,0,10,0
6242,conv2d_14,"(0, 0, 31, 16)",14,10,10,10,10,10,0,10,0
6243,conv2d_14,"(1, 1, 4, 36)",29,10,10,10,10,10,0,10,0
6244,conv2d_14,"(0, 1, 13, 57)",5,10,10,10,10,10,0,10,0
6245,conv2d_14,"(1, 0, 5, 47)",10,10,10,10,10,10,0,10,0
6246,conv2d_14,"(0, 1, 43, 1)",25,10,10,10,10,10,0,10,0
6247,conv2d_14,"(2, 2, 5, 55)",7,10,10,10,10,10,0,10,0
6248,conv2d_14,"(2, 0, 27, 23)",31,10,10,10,10,10,0,10,0
6249,conv2d_14,"(1, 2, 35, 37)",2,10,10,10,10,10,2,8,0
6250,conv2d_14,"(1, 0, 24, 48)",20,10,10,10,10,10,0,10,0
6251,conv2d_14,"(1, 2, 60, 17)",20,10,10,10,10,10,0,10,0
6252,conv2d_14,"(1, 0, 38, 36)",0,10,10,10,10,10,7,3,0
6253,conv2d_14,"(1, 2, 20, 18)",9,10,10,10,10,10,0,10,0
6254,conv2d_14,"(0, 2, 50, 32)",4,10,10,10,10,10,0,10,0
6255,conv2d_14,"(0, 1, 59, 31)",4,10,10,10,10,10,0,10,0
6256,conv2d_14,"(0, 0, 46, 38)",4,10,10,10,10,10,0,10,0
6257,conv2d_14,"(2, 0, 4, 14)",24,10,10,10,10,10,0,10,0
6258,conv2d_14,"(1, 0, 15, 48)",15,10,10,10,10,10,0,10,0
6259,conv2d_14,"(1, 0, 0, 52)",1,10,10,10,10,10,4,6,0
6260,conv2d_14,"(0, 2, 58, 33)",7,10,10,10,10,10,0,10,0
6261,conv2d_14,"(2, 1, 16, 13)",24,10,10,10,10,10,1,9,0
6262,conv2d_14,"(2, 1, 38, 18)",26,10,10,10,10,10,0,10,0
6263,conv2d_14,"(0, 0, 37, 27)",14,10,10,10,10,10,0,10,0
6264,conv2d_14,"(1, 0, 10, 33)",12,10,10,10,10,10,0,10,0
6265,conv2d_14,"(0, 2, 13, 8)",6,10,10,10,10,10,0,10,0
6266,conv2d_14,"(1, 0, 1, 39)",14,10,10,10,10,10,0,10,0
6267,conv2d_14,"(2, 0, 40, 20)",28,10,10,10,10,10,0,10,0
6268,conv2d_14,"(1, 1, 39, 0)",2,10,10,10,10,10,0,10,0
6269,conv2d_14,"(0, 2, 53, 46)",17,10,10,10,10,10,0,10,0
6270,conv2d_14,"(1, 0, 49, 6)",18,10,10,10,10,10,0,10,0
6271,conv2d_14,"(0, 0, 27, 58)",12,10,10,10,10,10,0,10,0
6272,conv2d_14,"(1, 1, 33, 13)",17,10,10,10,10,10,0,10,0
6273,conv2d_14,"(0, 0, 60, 40)",29,10,10,10,10,10,0,10,0
6274,conv2d_14,"(2, 1, 60, 41)",3,10,10,10,10,10,0,10,0
6275,conv2d_14,"(0, 0, 34, 58)",13,10,10,10,10,10,0,10,0
6276,conv2d_14,"(1, 2, 33, 57)",28,10,10,10,10,10,0,10,0
6277,conv2d_14,"(0, 2, 29, 0)",6,10,10,10,10,10,10,0,0
6278,conv2d_14,"(2, 2, 50, 29)",18,10,10,10,10,10,0,10,0
6279,conv2d_14,"(2, 1, 23, 11)",19,10,10,10,10,10,0,10,0
6280,conv2d_14,"(1, 0, 0, 9)",14,10,10,10,10,10,0,10,0
6281,conv2d_14,"(1, 1, 54, 21)",14,10,10,10,10,10,1,9,0
6282,conv2d_14,"(1, 1, 5, 8)",25,10,10,10,10,10,0,10,0
6283,conv2d_14,"(2, 0, 11, 30)",5,10,10,10,10,10,5,5,0
6284,conv2d_14,"(2, 1, 51, 3)",18,10,10,10,10,10,0,10,0
6285,conv2d_14,"(0, 1, 12, 52)",14,10,10,10,10,10,0,10,0
6286,conv2d_14,"(1, 1, 4, 50)",1,10,10,10,10,10,10,0,0
6287,conv2d_14,"(1, 1, 35, 7)",25,10,10,10,10,10,0,10,0
6288,conv2d_14,"(2, 1, 38, 59)",17,10,10,10,10,10,0,10,0
6289,conv2d_14,"(1, 0, 8, 32)",15,10,10,10,10,10,0,10,0
6290,conv2d_14,"(0, 0, 13, 51)",29,10,10,10,10,10,0,10,0
6291,conv2d_14,"(0, 1, 0, 59)",31,10,10,10,10,10,0,10,0
6292,conv2d_14,"(1, 2, 61, 28)",19,10,10,10,10,10,0,10,0
6293,conv2d_14,"(0, 1, 25, 25)",6,10,10,10,10,10,0,10,0
6294,conv2d_14,"(1, 0, 9, 14)",27,10,10,10,10,10,0,10,0
6295,conv2d_14,"(1, 2, 4, 6)",1,10,10,10,10,10,5,5,0
6296,conv2d_14,"(1, 1, 11, 21)",18,10,10,10,10,10,0,10,0
6297,conv2d_14,"(1, 2, 45, 11)",27,10,10,10,10,10,0,10,0
6298,conv2d_14,"(0, 0, 35, 57)",14,10,10,10,10,10,3,7,0
6299,conv2d_14,"(2, 1, 52, 38)",23,10,10,10,10,10,0,10,0
6300,conv2d_14,"(2, 0, 29, 20)",30,10,10,10,10,10,10,0,0
6301,conv2d_14,"(2, 0, 27, 3)",23,10,10,10,10,10,0,10,0
6302,conv2d_14,"(0, 1, 0, 31)",11,10,10,10,10,10,0,10,0
6303,conv2d_14,"(1, 0, 51, 49)",24,10,10,10,10,10,0,10,0
6304,conv2d_14,"(2, 1, 61, 14)",15,10,10,10,10,10,0,10,0
6305,conv2d_14,"(0, 2, 58, 13)",19,10,10,10,10,10,0,10,0
6306,conv2d_14,"(1, 2, 19, 54)",31,10,10,10,10,10,0,10,0
6307,conv2d_14,"(2, 2, 25, 19)",22,10,10,10,10,10,0,10,0
6308,conv2d_14,"(2, 0, 42, 48)",9,10,10,10,10,10,0,10,0
6309,conv2d_14,"(2, 1, 49, 61)",5,10,10,10,10,10,0,10,0
6310,conv2d_14,"(0, 1, 10, 33)",12,10,10,10,10,10,0,10,0
6311,conv2d_14,"(2, 1, 61, 15)",28,10,10,10,10,10,0,10,0
6312,conv2d_14,"(0, 1, 55, 4)",23,10,10,10,10,10,0,10,0
6313,conv2d_14,"(0, 1, 61, 12)",29,10,10,10,10,10,0,10,0
6314,conv2d_14,"(2, 0, 15, 16)",24,10,10,10,10,10,0,10,0
6315,conv2d_14,"(0, 1, 43, 17)",12,10,10,10,10,10,0,10,0
6316,conv2d_14,"(1, 1, 33, 47)",25,10,10,10,10,10,0,10,0
6317,conv2d_14,"(0, 0, 57, 26)",18,10,10,10,10,10,0,10,0
6318,conv2d_14,"(1, 0, 46, 41)",14,10,10,10,10,10,0,10,0
6319,conv2d_14,"(2, 0, 32, 30)",30,10,1,6,1,6,0,1,9
6320,conv2d_14,"(1, 2, 50, 12)",9,10,10,10,10,10,0,10,0
6321,conv2d_14,"(0, 2, 41, 46)",3,10,10,10,10,10,6,4,0
6322,conv2d_14,"(2, 0, 3, 42)",24,10,10,10,10,10,0,10,0
6323,conv2d_14,"(0, 2, 0, 6)",5,10,10,10,10,10,0,10,0
6324,conv2d_14,"(0, 1, 7, 14)",27,10,10,10,10,10,0,10,0
6325,conv2d_14,"(0, 2, 53, 9)",29,10,10,10,10,10,0,10,0
6326,conv2d_14,"(1, 2, 33, 24)",5,10,10,10,10,10,0,10,0
6327,conv2d_14,"(0, 0, 11, 17)",3,10,10,10,10,10,1,9,0
6328,conv2d_14,"(2, 1, 24, 17)",24,10,10,10,10,10,0,10,0
6329,conv2d_14,"(1, 0, 51, 6)",12,10,10,10,10,10,0,10,0
6330,conv2d_14,"(0, 1, 9, 27)",16,10,10,10,10,10,0,10,0
6331,conv2d_14,"(2, 1, 63, 15)",15,10,10,10,10,10,0,10,0
6332,conv2d_14,"(1, 2, 46, 52)",26,10,10,10,10,10,0,10,0
6333,conv2d_14,"(0, 0, 17, 8)",8,10,10,10,10,10,0,10,0
6334,conv2d_14,"(1, 0, 2, 17)",5,10,10,10,10,10,0,10,0
6335,conv2d_14,"(0, 1, 36, 50)",24,10,10,10,10,10,0,10,0
6336,conv2d_14,"(0, 0, 28, 8)",12,10,10,10,10,10,0,10,0
6337,conv2d_14,"(0, 2, 33, 52)",27,10,10,10,10,10,0,10,0
6338,conv2d_14,"(2, 0, 54, 30)",20,10,10,10,10,10,0,10,0
6339,conv2d_14,"(1, 1, 52, 8)",17,10,10,10,10,10,0,10,0
6340,conv2d_14,"(0, 0, 31, 1)",4,10,10,10,10,10,0,10,0
6341,conv2d_14,"(1, 0, 22, 29)",9,10,10,10,10,10,0,10,0
6342,conv2d_14,"(0, 0, 58, 51)",24,10,10,10,10,10,0,10,0
6343,conv2d_14,"(2, 1, 59, 30)",20,10,10,10,10,10,0,10,0
6344,conv2d_14,"(1, 0, 23, 21)",26,10,10,10,10,10,0,10,0
6345,conv2d_14,"(1, 2, 33, 32)",17,10,10,10,10,10,0,10,0
6346,conv2d_14,"(2, 2, 54, 31)",27,10,10,10,10,10,0,10,0
6347,conv2d_14,"(0, 1, 14, 14)",14,10,10,10,10,10,0,10,0
6348,conv2d_14,"(1, 1, 5, 28)",1,10,10,10,10,10,4,6,0
6349,conv2d_14,"(2, 1, 41, 3)",30,10,0,5,0,5,0,0,10
6350,conv2d_14,"(1, 2, 42, 10)",22,10,10,10,10,10,0,10,0
6351,conv2d_14,"(2, 0, 49, 7)",30,10,0,5,0,5,0,0,10
6352,conv2d_14,"(0, 1, 6, 61)",6,10,10,10,10,10,0,10,0
6353,conv2d_14,"(2, 2, 2, 19)",17,10,10,10,10,10,0,10,0
6354,conv2d_14,"(1, 0, 30, 49)",7,10,10,10,10,10,1,9,0
6355,conv2d_14,"(2, 1, 22, 52)",25,10,10,10,10,10,0,10,0
6356,conv2d_14,"(0, 0, 27, 2)",20,10,10,10,10,10,0,10,0
6357,conv2d_14,"(2, 0, 9, 38)",11,10,10,10,10,10,0,10,0
6358,conv2d_14,"(2, 2, 44, 40)",31,10,10,10,10,10,0,10,0
6359,conv2d_14,"(2, 1, 29, 59)",12,10,10,10,10,10,10,0,0
6360,conv2d_14,"(2, 1, 62, 45)",22,10,10,10,10,10,10,0,0
6361,conv2d_14,"(1, 2, 18, 8)",28,10,10,10,10,10,0,10,0
6362,conv2d_14,"(0, 0, 10, 34)",30,10,2,6,2,6,0,2,8
6363,conv2d_14,"(1, 0, 50, 27)",13,10,10,10,10,10,0,10,0
6364,conv2d_14,"(1, 1, 18, 54)",29,10,10,10,10,10,0,10,0
6365,conv2d_14,"(0, 0, 13, 55)",23,10,10,10,10,10,0,10,0
6366,conv2d_14,"(0, 0, 20, 37)",1,10,10,10,10,10,4,6,0
6367,conv2d_14,"(1, 1, 5, 1)",15,10,10,10,10,10,0,10,0
6368,conv2d_14,"(2, 0, 18, 4)",16,10,10,10,10,10,0,10,0
6369,conv2d_14,"(0, 0, 59, 17)",7,10,10,10,10,10,0,10,0
6370,conv2d_14,"(2, 2, 60, 5)",12,10,10,10,10,10,0,10,0
6371,conv2d_14,"(2, 1, 21, 10)",14,10,10,10,10,10,3,7,0
6372,conv2d_14,"(1, 2, 45, 54)",22,10,10,10,10,10,0,10,0
6373,conv2d_14,"(0, 1, 23, 19)",8,10,10,10,10,10,0,10,0
6374,conv2d_14,"(2, 1, 8, 0)",1,10,10,10,10,10,10,0,0
6375,conv2d_14,"(2, 1, 17, 37)",16,10,10,10,10,10,0,10,0
6376,conv2d_14,"(2, 2, 55, 8)",10,10,10,10,10,10,0,10,0
6377,conv2d_14,"(0, 2, 55, 62)",25,10,10,10,10,10,0,10,0
6378,conv2d_14,"(0, 2, 8, 41)",20,10,10,10,10,10,0,10,0
6379,conv2d_14,"(0, 2, 42, 45)",1,10,10,10,10,10,2,8,0
6380,conv2d_14,"(0, 0, 46, 2)",7,10,10,10,10,10,7,3,0
6381,conv2d_14,"(2, 0, 32, 38)",8,10,10,10,10,10,0,10,0
6382,conv2d_14,"(0, 2, 22, 54)",3,10,10,10,10,10,0,10,0
6383,conv2d_14,"(1, 0, 26, 1)",28,10,10,10,10,10,0,10,0
6384,conv2d_14,"(0, 1, 16, 17)",2,10,10,10,10,10,4,6,0
6385,conv2d_14,"(0, 2, 29, 19)",12,10,10,10,10,10,10,0,0
6386,conv2d_14,"(2, 1, 18, 34)",12,10,10,10,10,10,0,10,0
6387,conv2d_14,"(0, 2, 42, 58)",7,10,10,10,10,10,0,10,0
6388,conv2d_14,"(2, 0, 18, 55)",7,10,10,10,10,10,0,10,0
6389,conv2d_14,"(0, 0, 50, 53)",27,10,10,10,10,10,0,10,0
6390,conv2d_14,"(2, 1, 49, 54)",19,10,10,10,10,10,0,10,0
6391,conv2d_14,"(0, 0, 31, 1)",16,10,10,10,10,10,0,10,0
6392,conv2d_14,"(1, 0, 35, 47)",1,10,10,10,10,10,1,9,0
6393,conv2d_14,"(1, 1, 12, 49)",16,10,10,10,10,10,0,10,0
6394,conv2d_14,"(0, 2, 0, 59)",18,10,10,10,10,10,0,10,0
6395,conv2d_14,"(2, 0, 42, 37)",6,10,10,10,10,10,0,10,0
6396,conv2d_14,"(1, 1, 12, 42)",19,10,10,10,10,10,0,10,0
6397,conv2d_14,"(2, 0, 52, 18)",0,10,10,10,10,10,10,0,0
6398,conv2d_14,"(0, 0, 37, 16)",22,10,10,10,10,10,0,10,0
6399,conv2d_14,"(0, 2, 40, 0)",26,10,10,10,10,10,0,10,0
6400,conv2d_14,"(2, 2, 12, 53)",12,10,10,10,10,10,0,10,0
6401,conv2d_14,"(0, 2, 42, 15)",21,10,10,10,10,10,0,10,0
6402,conv2d_14,"(2, 0, 20, 47)",10,10,10,10,10,10,0,10,0
6403,conv2d_14,"(1, 2, 6, 17)",12,10,10,10,10,10,0,10,0
6404,conv2d_14,"(2, 1, 56, 58)",15,10,10,10,10,10,0,10,0
6405,conv2d_14,"(2, 0, 34, 44)",19,10,10,10,10,10,0,10,0
6406,conv2d_14,"(0, 1, 51, 63)",12,10,10,10,10,10,10,0,0
6407,conv2d_14,"(0, 0, 5, 46)",7,10,10,10,10,10,0,10,0
6408,conv2d_14,"(1, 1, 20, 42)",27,10,10,10,10,10,0,10,0
6409,conv2d_14,"(1, 2, 59, 23)",11,10,10,10,10,10,0,10,0
6410,conv2d_14,"(0, 0, 5, 51)",28,10,10,10,10,10,0,10,0
6411,conv2d_14,"(0, 0, 2, 35)",16,10,10,10,10,10,0,10,0
6412,conv2d_14,"(2, 2, 0, 45)",30,10,3,4,3,4,0,3,7
6413,conv2d_14,"(0, 1, 55, 15)",8,10,10,10,10,10,0,10,0
6414,conv2d_14,"(1, 2, 28, 22)",21,10,10,10,10,10,0,10,0
6415,conv2d_14,"(2, 0, 46, 37)",2,10,10,10,10,10,5,5,0
6416,conv2d_14,"(2, 1, 45, 41)",28,10,10,10,10,10,0,10,0
6417,conv2d_14,"(1, 2, 56, 41)",5,10,10,10,10,10,0,10,0
6418,conv2d_14,"(1, 2, 24, 13)",14,10,10,10,10,10,0,10,0
6419,conv2d_14,"(1, 1, 39, 2)",26,10,10,10,10,10,0,10,0
6420,conv2d_14,"(1, 1, 56, 18)",6,10,10,10,10,10,0,10,0
6421,conv2d_14,"(0, 2, 49, 11)",22,10,10,10,10,10,0,10,0
6422,conv2d_14,"(0, 1, 4, 59)",10,10,10,10,10,10,1,9,0
6423,conv2d_14,"(0, 0, 14, 23)",24,10,10,10,10,10,0,10,0
6424,conv2d_14,"(0, 2, 7, 48)",12,10,10,10,10,10,0,10,0
6425,conv2d_14,"(1, 2, 58, 34)",4,10,10,10,10,10,1,9,0
6426,conv2d_14,"(0, 2, 29, 16)",31,10,10,10,10,10,10,0,0
6427,conv2d_14,"(0, 2, 49, 35)",7,10,10,10,10,10,2,8,0
6428,conv2d_14,"(2, 2, 61, 31)",8,10,10,10,10,10,0,10,0
6429,conv2d_14,"(2, 1, 13, 59)",25,10,10,10,10,10,0,10,0
6430,conv2d_14,"(0, 2, 28, 6)",31,10,10,10,10,10,0,10,0
6431,conv2d_14,"(2, 1, 18, 45)",25,10,10,10,10,10,0,10,0
6432,conv2d_14,"(0, 2, 33, 13)",29,10,10,10,10,10,0,10,0
6433,conv2d_14,"(0, 2, 31, 50)",0,10,10,10,10,10,5,5,0
6434,conv2d_14,"(0, 1, 60, 0)",18,10,10,10,10,10,0,10,0
6435,conv2d_14,"(1, 1, 35, 38)",16,10,10,10,10,10,0,10,0
6436,conv2d_14,"(0, 0, 35, 39)",28,10,10,10,10,10,0,10,0
6437,conv2d_14,"(2, 1, 21, 51)",8,10,10,10,10,10,1,9,0
6438,conv2d_14,"(1, 2, 43, 49)",14,10,10,10,10,10,0,10,0
6439,conv2d_14,"(1, 2, 57, 38)",6,10,10,10,10,10,0,10,0
6440,conv2d_14,"(2, 1, 3, 50)",15,10,10,10,10,10,0,10,0
6441,conv2d_14,"(2, 2, 26, 43)",21,10,10,10,10,10,0,10,0
6442,conv2d_14,"(2, 2, 59, 6)",27,10,10,10,10,10,0,10,0
6443,conv2d_14,"(1, 2, 40, 46)",14,10,10,10,10,10,0,10,0
6444,conv2d_14,"(1, 2, 42, 63)",4,10,10,10,10,10,10,0,0
6445,conv2d_14,"(2, 1, 61, 48)",13,10,10,10,10,10,0,10,0
6446,conv2d_14,"(1, 2, 4, 39)",13,10,10,10,10,10,0,10,0
6447,conv2d_14,"(2, 2, 56, 7)",6,10,10,10,10,10,0,10,0
6448,conv2d_14,"(1, 0, 59, 59)",12,10,10,10,10,10,1,9,0
6449,conv2d_14,"(2, 2, 3, 40)",0,10,10,10,10,10,7,3,0
6450,conv2d_14,"(1, 2, 27, 62)",10,10,10,10,10,10,0,10,0
6451,conv2d_14,"(0, 2, 24, 19)",20,10,10,10,10,10,0,10,0
6452,conv2d_14,"(0, 0, 1, 36)",26,10,10,10,10,10,0,10,0
6453,conv2d_14,"(2, 1, 16, 43)",2,10,10,10,10,10,2,8,0
6454,conv2d_14,"(0, 0, 28, 23)",25,10,10,10,10,10,0,10,0
6455,conv2d_14,"(0, 1, 25, 40)",15,10,10,10,10,10,0,10,0
6456,conv2d_14,"(0, 1, 42, 40)",28,10,10,10,10,10,0,10,0
6457,conv2d_14,"(2, 2, 33, 19)",3,10,10,10,10,10,0,10,0
6458,conv2d_14,"(0, 0, 17, 24)",17,10,10,10,10,10,0,10,0
6459,conv2d_14,"(0, 1, 62, 61)",27,10,10,10,10,10,10,0,0
6460,conv2d_14,"(2, 0, 4, 42)",22,10,10,10,10,10,0,10,0
6461,conv2d_14,"(1, 2, 47, 40)",28,10,10,10,10,10,0,10,0
6462,conv2d_14,"(0, 0, 19, 5)",26,10,10,10,10,10,0,10,0
6463,conv2d_14,"(1, 0, 60, 14)",12,10,10,10,10,10,0,10,0
6464,conv2d_14,"(1, 1, 39, 53)",17,10,10,10,10,10,0,10,0
6465,conv2d_14,"(0, 0, 50, 60)",6,10,10,10,10,10,0,10,0
6466,conv2d_14,"(2, 0, 11, 31)",30,10,3,6,3,6,0,3,7
6467,conv2d_14,"(1, 0, 53, 1)",28,10,10,10,10,10,0,10,0
6468,conv2d_14,"(0, 0, 13, 51)",9,10,10,10,10,10,0,10,0
6469,conv2d_14,"(1, 1, 3, 30)",18,10,10,10,10,10,0,10,0
6470,conv2d_14,"(2, 2, 53, 36)",22,10,10,10,10,10,0,10,0
6471,conv2d_14,"(1, 1, 0, 31)",23,10,10,10,10,10,0,10,0
6472,conv2d_14,"(2, 1, 43, 41)",3,10,10,10,10,10,2,8,0
6473,conv2d_14,"(0, 2, 52, 16)",21,10,10,10,10,10,0,10,0
6474,conv2d_14,"(1, 1, 0, 54)",31,10,10,10,10,10,0,10,0
6475,conv2d_14,"(0, 2, 27, 39)",8,10,10,10,10,10,0,10,0
6476,conv2d_14,"(0, 2, 52, 62)",3,10,10,10,10,10,1,9,0
6477,conv2d_14,"(0, 0, 52, 33)",11,10,10,10,10,10,0,10,0
6478,conv2d_14,"(2, 1, 51, 31)",9,10,10,10,10,10,0,10,0
6479,conv2d_14,"(0, 2, 2, 54)",11,10,10,10,10,10,0,10,0
6480,conv2d_14,"(2, 1, 7, 19)",23,10,10,10,10,10,0,10,0
6481,conv2d_14,"(1, 0, 2, 43)",29,10,10,10,10,10,0,10,0
6482,conv2d_14,"(2, 1, 55, 4)",1,10,10,10,10,10,2,8,0
6483,conv2d_14,"(2, 0, 43, 8)",11,10,10,10,10,10,0,10,0
6484,conv2d_14,"(0, 2, 7, 4)",13,10,10,10,10,10,0,10,0
6485,conv2d_14,"(2, 0, 39, 32)",29,10,10,10,10,10,0,10,0
6486,conv2d_14,"(0, 0, 60, 55)",24,10,10,10,10,10,0,10,0
6487,conv2d_14,"(2, 2, 9, 23)",12,10,10,10,10,10,0,10,0
6488,conv2d_14,"(2, 2, 29, 30)",4,10,10,10,10,10,10,0,0
6489,conv2d_14,"(2, 2, 48, 20)",9,10,10,10,10,10,0,10,0
6490,conv2d_14,"(1, 0, 0, 14)",1,10,10,10,10,10,0,10,0
6491,conv2d_14,"(0, 0, 10, 61)",26,10,10,10,10,10,0,10,0
6492,conv2d_14,"(2, 0, 7, 5)",9,10,10,10,10,10,0,10,0
6493,conv2d_14,"(1, 2, 59, 29)",17,10,10,10,10,10,0,10,0
6494,conv2d_14,"(0, 1, 58, 23)",18,10,10,10,10,10,0,10,0
6495,conv2d_14,"(2, 2, 62, 41)",28,10,10,10,10,10,10,0,0
6496,conv2d_14,"(0, 1, 18, 21)",12,10,10,10,10,10,0,10,0
6497,conv2d_14,"(2, 2, 20, 19)",1,10,10,10,10,10,1,9,0
6498,conv2d_14,"(1, 2, 21, 10)",3,10,10,10,10,10,6,4,0
6499,conv2d_14,"(1, 2, 33, 37)",26,10,10,10,10,10,0,10,0
6500,conv2d_14,"(0, 2, 41, 46)",17,10,10,10,10,10,0,10,0
6501,conv2d_14,"(0, 2, 52, 62)",26,10,10,10,10,10,0,10,0
6502,conv2d_14,"(1, 1, 54, 2)",9,10,10,10,10,10,0,10,0
6503,conv2d_14,"(0, 1, 43, 32)",29,10,10,10,10,10,0,10,0
6504,conv2d_14,"(2, 1, 57, 27)",16,10,10,10,10,10,0,10,0
6505,conv2d_14,"(2, 2, 63, 60)",16,10,10,10,10,10,0,10,0
6506,conv2d_14,"(0, 2, 56, 1)",17,10,10,10,10,10,0,10,0
6507,conv2d_14,"(1, 1, 40, 53)",29,10,10,10,10,10,0,10,0
6508,conv2d_14,"(0, 0, 55, 6)",29,10,10,10,10,10,0,10,0
6509,conv2d_14,"(0, 1, 39, 19)",3,10,10,10,10,10,0,10,0
6510,conv2d_14,"(1, 2, 18, 17)",4,10,10,10,10,10,4,6,0
6511,conv2d_14,"(0, 1, 32, 48)",1,10,10,10,10,10,1,9,0
6512,conv2d_14,"(0, 1, 43, 0)",4,10,10,10,10,10,1,9,0
6513,conv2d_14,"(1, 1, 4, 54)",25,10,10,10,10,10,1,9,0
6514,conv2d_14,"(0, 2, 25, 1)",25,10,10,10,10,10,0,10,0
6515,conv2d_14,"(1, 2, 39, 48)",23,10,10,10,10,10,0,10,0
6516,conv2d_14,"(1, 2, 18, 8)",12,10,10,10,10,10,0,10,0
6517,conv2d_14,"(1, 0, 22, 15)",23,10,10,10,10,10,0,10,0
6518,conv2d_14,"(2, 2, 47, 30)",17,10,10,10,10,10,0,10,0
6519,conv2d_14,"(0, 0, 51, 10)",5,10,10,10,10,10,0,10,0
6520,conv2d_14,"(2, 1, 2, 33)",0,10,10,10,10,10,10,0,0
6521,conv2d_14,"(0, 2, 60, 15)",25,10,10,10,10,10,0,10,0
6522,conv2d_14,"(1, 0, 13, 62)",2,10,10,10,10,10,2,8,0
6523,conv2d_14,"(2, 0, 59, 61)",3,10,10,10,10,10,0,10,0
6524,conv2d_14,"(0, 1, 36, 60)",14,10,10,10,10,10,0,10,0
6525,conv2d_14,"(2, 2, 54, 28)",23,10,10,10,10,10,0,10,0
6526,conv2d_14,"(1, 2, 48, 56)",9,10,10,10,10,10,0,10,0
6527,conv2d_14,"(0, 2, 52, 37)",3,10,10,10,10,10,0,10,0
6528,conv2d_14,"(0, 0, 8, 41)",0,10,10,10,10,10,8,2,0
6529,conv2d_14,"(0, 0, 60, 6)",31,10,10,10,10,10,0,10,0
6530,conv2d_14,"(2, 0, 3, 46)",0,10,10,10,10,10,6,4,0
6531,conv2d_14,"(0, 1, 6, 47)",18,10,10,10,10,10,0,10,0
6532,conv2d_14,"(2, 2, 20, 60)",14,10,10,10,10,10,0,10,0
6533,conv2d_14,"(0, 0, 4, 22)",11,10,10,10,10,10,1,9,0
6534,conv2d_14,"(2, 2, 46, 60)",30,10,3,8,3,8,0,3,7
6535,conv2d_14,"(2, 2, 58, 34)",21,10,10,10,10,10,0,10,0
6536,conv2d_14,"(1, 2, 54, 29)",28,10,10,10,10,10,0,10,0
6537,conv2d_14,"(0, 1, 32, 39)",9,10,10,10,10,10,0,10,0
6538,conv2d_14,"(2, 2, 33, 49)",10,10,10,10,10,10,0,10,0
6539,conv2d_14,"(0, 1, 36, 7)",18,10,10,10,10,10,0,10,0
6540,conv2d_14,"(2, 0, 44, 14)",28,10,10,10,10,10,0,10,0
6541,conv2d_14,"(2, 1, 5, 37)",5,10,10,10,10,10,0,10,0
6542,conv2d_14,"(1, 2, 30, 24)",14,10,10,10,10,10,0,10,0
6543,conv2d_14,"(1, 2, 54, 56)",28,10,10,10,10,10,1,9,0
6544,conv2d_14,"(2, 2, 14, 48)",24,10,10,10,10,10,0,10,0
6545,conv2d_14,"(1, 1, 40, 0)",5,10,10,10,10,10,0,10,0
6546,conv2d_14,"(2, 2, 38, 58)",2,10,10,10,10,10,2,8,0
6547,conv2d_14,"(2, 2, 38, 46)",25,10,10,10,10,10,0,10,0
6548,conv2d_14,"(1, 2, 35, 10)",2,10,10,10,10,10,5,5,0
6549,conv2d_14,"(1, 2, 27, 7)",25,10,10,10,10,10,0,10,0
6550,conv2d_14,"(2, 0, 36, 21)",22,10,10,10,10,10,0,10,0
6551,conv2d_14,"(1, 1, 32, 56)",1,10,10,10,10,10,0,10,0
6552,conv2d_14,"(0, 1, 26, 55)",23,10,10,10,10,10,0,10,0
6553,conv2d_14,"(0, 1, 40, 31)",6,10,10,10,10,10,0,10,0
6554,conv2d_14,"(0, 2, 14, 12)",3,10,10,10,10,10,0,10,0
6555,conv2d_14,"(2, 1, 9, 47)",26,10,10,10,10,10,0,10,0
6556,conv2d_14,"(2, 0, 41, 54)",10,10,10,10,10,10,0,10,0
6557,conv2d_14,"(1, 2, 31, 9)",26,10,10,10,10,10,0,10,0
6558,conv2d_14,"(0, 2, 26, 15)",29,10,10,10,10,10,0,10,0
6559,conv2d_14,"(2, 2, 35, 25)",0,10,10,10,10,10,10,0,0
6560,conv2d_14,"(0, 2, 19, 5)",26,10,10,10,10,10,0,10,0
6561,conv2d_14,"(1, 2, 19, 33)",31,10,10,10,10,10,0,10,0
6562,conv2d_14,"(1, 1, 1, 17)",18,10,10,10,10,10,0,10,0
6563,conv2d_14,"(2, 0, 61, 20)",9,10,10,10,10,10,0,10,0
6564,conv2d_14,"(1, 2, 36, 8)",16,10,10,10,10,10,0,10,0
6565,conv2d_14,"(1, 1, 57, 35)",0,10,10,10,10,10,5,5,0
6566,conv2d_14,"(2, 0, 22, 37)",29,10,10,10,10,10,0,10,0
6567,conv2d_14,"(2, 2, 61, 13)",16,10,10,10,10,10,0,10,0
6568,conv2d_14,"(0, 1, 23, 60)",27,10,10,10,10,10,0,10,0
6569,conv2d_14,"(0, 1, 58, 10)",21,10,10,10,10,10,0,10,0
6570,conv2d_14,"(1, 0, 34, 6)",11,10,10,10,10,10,0,10,0
6571,conv2d_14,"(1, 2, 57, 54)",29,10,10,10,10,10,0,10,0
6572,conv2d_14,"(1, 1, 60, 59)",17,10,10,10,10,10,0,10,0
6573,conv2d_14,"(1, 1, 33, 42)",4,10,10,10,10,10,0,10,0
6574,conv2d_14,"(0, 0, 35, 30)",8,10,10,10,10,10,1,9,0
6575,conv2d_14,"(0, 2, 53, 27)",21,10,10,10,10,10,0,10,0
6576,conv2d_14,"(2, 1, 23, 55)",21,10,10,10,10,10,0,10,0
6577,conv2d_14,"(1, 1, 26, 8)",15,10,10,10,10,10,0,10,0
6578,conv2d_14,"(0, 1, 14, 3)",18,10,10,10,10,10,0,10,0
6579,conv2d_14,"(2, 0, 61, 37)",27,10,10,10,10,10,0,10,0
6580,conv2d_14,"(0, 0, 52, 44)",23,10,10,10,10,10,0,10,0
6581,conv2d_14,"(0, 2, 51, 52)",8,10,10,10,10,10,0,10,0
6582,conv2d_14,"(1, 0, 7, 30)",26,10,10,10,10,10,0,10,0
6583,conv2d_14,"(2, 0, 32, 42)",20,10,10,10,10,10,0,10,0
6584,conv2d_14,"(1, 0, 13, 29)",8,10,10,10,10,10,0,10,0
6585,conv2d_14,"(2, 1, 57, 16)",15,10,10,10,10,10,0,10,0
6586,conv2d_14,"(0, 1, 6, 31)",11,10,10,10,10,10,0,10,0
6587,conv2d_14,"(2, 1, 8, 62)",10,10,10,10,10,10,0,10,0
6588,conv2d_14,"(1, 1, 38, 36)",26,10,10,10,10,10,0,10,0
6589,conv2d_14,"(0, 0, 8, 24)",4,10,10,10,10,10,0,10,0
6590,conv2d_14,"(1, 2, 1, 26)",11,10,10,10,10,10,0,10,0
6591,conv2d_14,"(1, 1, 6, 62)",4,10,10,10,10,10,2,8,0
6592,conv2d_14,"(1, 2, 38, 40)",21,10,10,10,10,10,0,10,0
6593,conv2d_14,"(0, 1, 48, 51)",27,10,10,10,10,10,0,10,0
6594,conv2d_14,"(0, 2, 37, 41)",1,10,10,10,10,10,1,9,0
6595,conv2d_14,"(1, 0, 22, 21)",4,10,10,10,10,10,0,10,0
6596,conv2d_14,"(1, 2, 48, 21)",2,10,10,10,10,10,0,10,0
6597,conv2d_14,"(1, 2, 34, 40)",19,10,10,10,10,10,0,10,0
6598,conv2d_14,"(2, 2, 20, 22)",18,10,10,10,10,10,0,10,0
6599,conv2d_14,"(1, 0, 4, 57)",2,10,10,10,10,10,3,7,0
6600,conv2d_14,"(2, 0, 10, 31)",10,10,10,10,10,10,0,10,0
6601,conv2d_14,"(2, 0, 11, 58)",13,10,10,10,10,10,0,10,0
6602,conv2d_14,"(0, 1, 2, 20)",24,10,10,10,10,10,0,10,0
6603,conv2d_14,"(0, 1, 37, 55)",30,10,2,4,2,4,0,2,8
6604,conv2d_14,"(1, 2, 17, 49)",21,10,10,10,10,10,0,10,0
6605,conv2d_14,"(0, 2, 60, 23)",29,10,10,10,10,10,0,10,0
6606,conv2d_14,"(2, 0, 3, 48)",9,10,10,10,10,10,0,10,0
6607,conv2d_14,"(1, 2, 61, 0)",14,10,10,10,10,10,0,10,0
6608,conv2d_14,"(0, 2, 56, 34)",0,10,10,10,10,10,9,1,0
6609,conv2d_14,"(2, 2, 23, 52)",14,10,10,10,10,10,0,10,0
6610,conv2d_14,"(2, 2, 34, 28)",22,10,10,10,10,10,0,10,0
6611,conv2d_14,"(0, 1, 61, 47)",27,10,10,10,10,10,0,10,0
6612,conv2d_14,"(2, 0, 24, 22)",28,10,10,10,10,10,0,10,0
6613,conv2d_14,"(0, 1, 4, 63)",21,10,10,10,10,10,10,0,0
6614,conv2d_14,"(2, 1, 43, 27)",30,10,3,6,3,6,0,3,7
6615,conv2d_14,"(0, 1, 7, 27)",14,10,10,10,10,10,0,10,0
6616,conv2d_14,"(2, 1, 21, 16)",28,10,10,10,10,10,0,10,0
6617,conv2d_14,"(2, 0, 39, 2)",16,10,10,10,10,10,0,10,0
6618,conv2d_14,"(1, 1, 19, 5)",21,10,10,10,10,10,0,10,0
6619,conv2d_14,"(2, 2, 52, 37)",14,10,10,10,10,10,0,10,0
6620,conv2d_14,"(2, 0, 58, 57)",18,10,10,10,10,10,0,10,0
6621,conv2d_14,"(1, 1, 13, 13)",4,10,10,10,10,10,0,10,0
6622,conv2d_14,"(2, 1, 53, 46)",25,10,10,10,10,10,0,10,0
6623,conv2d_14,"(2, 1, 29, 58)",21,10,10,10,10,10,10,0,0
6624,conv2d_14,"(1, 1, 1, 48)",16,10,10,10,10,10,0,10,0
6625,conv2d_14,"(2, 0, 63, 55)",13,10,10,10,10,10,0,10,0
6626,conv2d_14,"(2, 0, 22, 23)",10,10,10,10,10,10,0,10,0
6627,conv2d_14,"(1, 2, 42, 36)",29,10,10,10,10,10,0,10,0
6628,conv2d_14,"(0, 2, 3, 56)",27,10,10,10,10,10,0,10,0
6629,conv2d_14,"(2, 2, 30, 20)",16,10,10,10,10,10,0,10,0
6630,conv2d_14,"(0, 1, 35, 40)",17,10,10,10,10,10,0,10,0
6631,conv2d_14,"(1, 0, 62, 4)",20,10,10,10,10,10,10,0,0
6632,conv2d_14,"(0, 0, 7, 26)",3,10,10,10,10,10,0,10,0
6633,conv2d_14,"(2, 2, 31, 28)",1,10,10,10,10,10,2,8,0
6634,conv2d_14,"(2, 2, 30, 15)",31,10,10,10,10,10,0,10,0
6635,conv2d_14,"(0, 2, 48, 11)",14,10,10,10,10,10,0,10,0
6636,conv2d_14,"(1, 2, 45, 31)",3,10,10,10,10,10,2,8,0
6637,conv2d_14,"(0, 2, 9, 41)",1,10,10,10,10,10,2,8,0
6638,conv2d_14,"(0, 0, 46, 14)",29,10,10,10,10,10,0,10,0
6639,conv2d_14,"(1, 1, 25, 35)",29,10,10,10,10,10,0,10,0
6640,conv2d_14,"(2, 2, 16, 2)",28,10,10,10,10,10,0,10,0
6641,conv2d_14,"(2, 1, 21, 62)",4,10,10,10,10,10,0,10,0
6642,conv2d_14,"(1, 2, 48, 40)",27,10,10,10,10,10,0,10,0
6643,conv2d_14,"(2, 2, 59, 47)",18,10,10,10,10,10,0,10,0
6644,conv2d_14,"(1, 2, 63, 45)",21,10,10,10,10,10,0,10,0
6645,conv2d_14,"(0, 1, 47, 47)",20,10,10,10,10,10,0,10,0
6646,conv2d_14,"(0, 2, 49, 30)",5,10,10,10,10,10,0,10,0
6647,conv2d_14,"(1, 2, 14, 56)",23,10,10,10,10,10,0,10,0
6648,conv2d_14,"(2, 0, 9, 36)",22,10,10,10,10,10,0,10,0
6649,conv2d_14,"(0, 2, 40, 20)",23,10,10,10,10,10,0,10,0
6650,conv2d_14,"(1, 2, 7, 18)",10,10,10,10,10,10,0,10,0
6651,conv2d_14,"(2, 1, 50, 9)",6,10,10,10,10,10,0,10,0
6652,conv2d_14,"(0, 1, 23, 8)",23,10,10,10,10,10,0,10,0
6653,conv2d_14,"(2, 1, 37, 62)",20,10,10,10,10,10,0,10,0
6654,conv2d_14,"(0, 0, 7, 19)",8,10,10,10,10,10,0,10,0
6655,conv2d_14,"(2, 1, 49, 60)",29,10,10,10,10,10,0,10,0
6656,conv2d_14,"(2, 2, 3, 25)",9,10,10,10,10,10,1,9,0
6657,conv2d_14,"(0, 2, 7, 38)",23,10,10,10,10,10,0,10,0
6658,conv2d_14,"(2, 0, 22, 30)",10,10,10,10,10,10,0,10,0
6659,conv2d_14,"(0, 2, 36, 36)",11,10,10,10,10,10,0,10,0
6660,conv2d_14,"(0, 1, 55, 25)",1,10,10,10,10,10,10,0,0
6661,conv2d_14,"(0, 2, 11, 32)",5,10,10,10,10,10,1,9,0
6662,conv2d_14,"(2, 2, 46, 4)",10,10,10,10,10,10,0,10,0
6663,conv2d_14,"(2, 1, 61, 45)",3,10,10,10,10,10,0,10,0
6664,conv2d_14,"(1, 2, 36, 3)",16,10,10,10,10,10,0,10,0
6665,conv2d_14,"(2, 0, 17, 11)",9,10,10,10,10,10,0,10,0
6666,conv2d_14,"(1, 0, 38, 41)",5,10,10,10,10,10,0,10,0
6667,conv2d_14,"(0, 1, 14, 11)",14,10,10,10,10,10,0,10,0
6668,conv2d_14,"(1, 0, 46, 33)",12,10,10,10,10,10,0,10,0
6669,conv2d_14,"(2, 0, 55, 27)",29,10,10,10,10,10,0,10,0
6670,conv2d_14,"(0, 0, 53, 54)",31,10,10,10,10,10,0,10,0
6671,conv2d_14,"(0, 0, 37, 30)",7,10,10,10,10,10,0,10,0
6672,conv2d_14,"(0, 2, 3, 19)",5,10,10,10,10,10,0,10,0
6673,conv2d_14,"(0, 0, 10, 26)",5,10,10,10,10,10,0,10,0
6674,conv2d_14,"(2, 0, 39, 37)",10,10,10,10,10,10,0,10,0
6675,conv2d_14,"(2, 1, 8, 6)",26,10,10,10,10,10,0,10,0
6676,conv2d_14,"(0, 0, 46, 38)",7,10,10,10,10,10,0,10,0
6677,conv2d_14,"(2, 0, 4, 13)",4,10,10,10,10,10,1,9,0
6678,conv2d_14,"(1, 1, 24, 27)",13,10,10,10,10,10,0,10,0
6679,conv2d_14,"(0, 0, 56, 12)",27,10,10,10,10,10,0,10,0
6680,conv2d_14,"(0, 1, 62, 51)",4,10,10,10,10,10,10,0,0
6681,conv2d_14,"(0, 2, 10, 61)",13,10,10,10,10,10,0,10,0
6682,conv2d_14,"(2, 1, 14, 11)",18,10,10,10,10,10,0,10,0
6683,conv2d_14,"(0, 0, 41, 4)",15,10,10,10,10,10,0,10,0
6684,conv2d_14,"(0, 0, 20, 26)",17,10,10,10,10,10,0,10,0
6685,conv2d_14,"(1, 0, 47, 33)",31,10,10,10,10,10,0,10,0
6686,conv2d_14,"(2, 1, 32, 9)",25,10,10,10,10,10,0,10,0
6687,conv2d_14,"(2, 1, 7, 44)",29,10,10,10,10,10,0,10,0
6688,conv2d_14,"(1, 2, 19, 44)",29,10,10,10,10,10,0,10,0
6689,conv2d_14,"(0, 1, 28, 19)",13,10,10,10,10,10,0,10,0
6690,conv2d_14,"(0, 0, 50, 15)",31,10,10,10,10,10,0,10,0
6691,conv2d_14,"(2, 2, 11, 9)",3,10,10,10,10,10,0,10,0
6692,conv2d_14,"(0, 0, 56, 40)",24,10,10,10,10,10,0,10,0
6693,conv2d_14,"(1, 1, 7, 26)",29,10,10,10,10,10,0,10,0
6694,conv2d_14,"(1, 2, 1, 2)",17,10,10,10,10,10,0,10,0
6695,conv2d_14,"(1, 2, 50, 51)",15,10,10,10,10,10,0,10,0
6696,conv2d_14,"(0, 2, 31, 17)",29,10,10,10,10,10,0,10,0
6697,conv2d_14,"(1, 0, 3, 7)",20,10,10,10,10,10,0,10,0
6698,conv2d_14,"(2, 1, 3, 1)",4,10,10,10,10,10,1,9,0
6699,conv2d_14,"(2, 1, 6, 35)",12,10,10,10,10,10,0,10,0
6700,conv2d_14,"(0, 1, 23, 31)",13,10,10,10,10,10,0,10,0
6701,conv2d_14,"(1, 2, 51, 3)",31,10,10,10,10,10,0,10,0
6702,conv2d_14,"(2, 2, 36, 37)",12,10,10,10,10,10,0,10,0
6703,conv2d_14,"(1, 1, 31, 21)",0,10,10,10,10,10,3,7,0
6704,conv2d_14,"(0, 2, 23, 63)",20,10,10,10,10,10,10,0,0
6705,conv2d_14,"(2, 1, 47, 18)",17,10,10,10,10,10,0,10,0
6706,conv2d_14,"(0, 0, 40, 45)",7,10,10,10,10,10,0,10,0
6707,conv2d_14,"(0, 1, 3, 53)",10,10,10,10,10,10,1,9,0
6708,conv2d_14,"(1, 2, 54, 30)",13,10,10,10,10,10,1,9,0
6709,conv2d_14,"(1, 2, 25, 62)",12,10,10,10,10,10,0,10,0
6710,conv2d_14,"(2, 0, 30, 18)",2,10,10,10,10,10,1,9,0
6711,conv2d_14,"(1, 1, 30, 33)",28,10,10,10,10,10,0,10,0
6712,conv2d_14,"(1, 1, 39, 46)",17,10,10,10,10,10,0,10,0
6713,conv2d_14,"(2, 1, 61, 55)",6,10,10,10,10,10,1,9,0
6714,conv2d_14,"(1, 0, 29, 50)",8,10,10,10,10,10,10,0,0
6715,conv2d_14,"(0, 0, 51, 4)",29,10,10,10,10,10,0,10,0
6716,conv2d_14,"(0, 2, 44, 42)",28,10,10,10,10,10,0,10,0
6717,conv2d_14,"(0, 0, 51, 61)",16,10,10,10,10,10,0,10,0
6718,conv2d_14,"(0, 2, 38, 45)",6,10,10,10,10,10,0,10,0
6719,conv2d_14,"(1, 0, 34, 14)",23,10,10,10,10,10,0,10,0
6720,conv2d_14,"(2, 0, 22, 56)",19,10,10,10,10,10,0,10,0
6721,conv2d_14,"(0, 0, 48, 27)",26,10,10,10,10,10,0,10,0
6722,conv2d_14,"(0, 1, 15, 48)",24,10,10,10,10,10,0,10,0
6723,conv2d_14,"(1, 0, 25, 3)",5,10,10,10,10,10,3,7,0
6724,conv2d_14,"(2, 2, 51, 21)",1,10,10,10,10,10,10,0,0
6725,conv2d_14,"(1, 2, 43, 42)",17,10,10,10,10,10,0,10,0
6726,conv2d_14,"(1, 0, 44, 48)",25,10,10,10,10,10,1,9,0
6727,conv2d_14,"(2, 1, 48, 31)",14,10,10,10,10,10,0,10,0
6728,conv2d_14,"(0, 1, 57, 63)",1,10,10,10,10,10,10,0,0
6729,conv2d_14,"(2, 1, 37, 25)",20,10,10,10,10,10,0,10,0
6730,conv2d_14,"(2, 1, 43, 35)",26,10,10,10,10,10,0,10,0
6731,conv2d_14,"(0, 0, 3, 54)",0,10,10,10,10,10,7,3,0
6732,conv2d_14,"(2, 1, 11, 11)",8,10,10,10,10,10,0,10,0
6733,conv2d_14,"(0, 0, 63, 19)",24,10,10,10,10,10,0,10,0
6734,conv2d_14,"(2, 0, 34, 60)",6,10,10,10,10,10,0,10,0
6735,conv2d_14,"(1, 2, 26, 56)",14,10,10,10,10,10,0,10,0
6736,conv2d_14,"(2, 1, 7, 47)",28,10,10,10,10,10,0,10,0
6737,conv2d_14,"(1, 0, 24, 2)",5,10,10,10,10,10,1,9,0
6738,conv2d_14,"(0, 2, 46, 52)",7,10,10,10,10,10,0,10,0
6739,conv2d_14,"(1, 2, 24, 8)",16,10,10,10,10,10,0,10,0
6740,conv2d_14,"(1, 2, 30, 2)",16,10,10,10,10,10,1,9,0
6741,conv2d_14,"(2, 1, 24, 34)",29,10,10,10,10,10,0,10,0
6742,conv2d_14,"(2, 1, 1, 4)",11,10,10,10,10,10,0,10,0
6743,conv2d_14,"(2, 2, 42, 62)",21,10,10,10,10,10,1,9,0
6744,conv2d_14,"(0, 2, 39, 15)",22,10,10,10,10,10,0,10,0
6745,conv2d_14,"(2, 2, 36, 32)",24,10,10,10,10,10,0,10,0
6746,conv2d_14,"(1, 0, 42, 54)",5,10,10,10,10,10,0,10,0
6747,conv2d_14,"(1, 0, 45, 60)",30,10,1,4,1,4,0,1,9
6748,conv2d_14,"(2, 0, 21, 43)",0,10,10,10,10,10,1,9,0
6749,conv2d_14,"(2, 2, 53, 14)",4,10,10,10,10,10,0,10,0
6750,conv2d_14,"(1, 1, 26, 57)",29,10,10,10,10,10,0,10,0
6751,conv2d_14,"(2, 0, 40, 36)",14,10,10,10,10,10,0,10,0
6752,conv2d_14,"(1, 2, 15, 40)",13,10,10,10,10,10,0,10,0
6753,conv2d_14,"(1, 1, 20, 29)",31,10,10,10,10,10,0,10,0
6754,conv2d_14,"(0, 0, 5, 11)",28,10,10,10,10,10,0,10,0
6755,conv2d_14,"(2, 0, 59, 1)",8,10,10,10,10,10,0,10,0
6756,conv2d_14,"(1, 1, 43, 36)",4,10,10,10,10,10,0,10,0
6757,conv2d_14,"(1, 2, 5, 30)",19,10,10,10,10,10,0,10,0
6758,conv2d_14,"(2, 1, 11, 36)",11,10,10,10,10,10,0,10,0
6759,conv2d_14,"(2, 1, 40, 31)",9,10,10,10,10,10,0,10,0
6760,conv2d_14,"(1, 0, 27, 25)",30,10,0,6,0,6,0,0,10
6761,conv2d_14,"(2, 1, 51, 45)",7,10,10,10,10,10,0,10,0
6762,conv2d_14,"(0, 1, 6, 26)",20,10,10,10,10,10,0,10,0
6763,conv2d_14,"(2, 1, 35, 48)",30,10,6,7,6,7,0,6,4
6764,conv2d_14,"(1, 2, 10, 12)",8,10,10,10,10,10,0,10,0
6765,conv2d_14,"(0, 2, 59, 8)",17,10,10,10,10,10,1,9,0
6766,conv2d_14,"(1, 2, 0, 9)",7,10,10,10,10,10,0,10,0
6767,conv2d_14,"(0, 0, 53, 14)",19,10,10,10,10,10,0,10,0
6768,conv2d_14,"(1, 1, 32, 51)",5,10,10,10,10,10,0,10,0
6769,conv2d_14,"(0, 2, 30, 13)",29,10,10,10,10,10,1,9,0
6770,conv2d_14,"(0, 2, 38, 46)",19,10,10,10,10,10,0,10,0
6771,conv2d_14,"(2, 2, 27, 62)",21,10,10,10,10,10,0,10,0
6772,conv2d_14,"(1, 2, 30, 23)",30,10,5,8,5,8,0,5,5
6773,conv2d_14,"(1, 0, 63, 37)",3,10,10,10,10,10,1,9,0
6774,conv2d_14,"(2, 0, 15, 60)",21,10,10,10,10,10,0,10,0
6775,conv2d_14,"(1, 0, 22, 31)",10,10,10,10,10,10,0,10,0
6776,conv2d_14,"(2, 0, 3, 11)",10,10,10,10,10,10,0,10,0
6777,conv2d_14,"(2, 2, 61, 51)",3,10,10,10,10,10,10,0,0
6778,conv2d_14,"(1, 2, 51, 52)",1,10,10,10,10,10,6,4,0
6779,conv2d_14,"(1, 2, 55, 18)",13,10,10,10,10,10,0,10,0
6780,conv2d_14,"(1, 0, 46, 27)",26,10,10,10,10,10,0,10,0
6781,conv2d_14,"(2, 2, 51, 39)",8,10,10,10,10,10,0,10,0
6782,conv2d_14,"(0, 0, 0, 13)",30,10,1,4,1,4,0,1,9
6783,conv2d_14,"(1, 0, 2, 1)",15,10,10,10,10,10,0,10,0
6784,conv2d_14,"(2, 2, 7, 62)",26,10,10,10,10,10,0,10,0
6785,conv2d_14,"(0, 0, 28, 55)",31,10,10,10,10,10,0,10,0
6786,conv2d_14,"(1, 2, 30, 4)",17,10,10,10,10,10,0,10,0
6787,conv2d_14,"(1, 2, 55, 19)",19,10,10,10,10,10,0,10,0
6788,conv2d_14,"(2, 0, 52, 56)",26,10,10,10,10,10,0,10,0
6789,conv2d_14,"(1, 1, 7, 44)",17,10,10,10,10,10,0,10,0
6790,conv2d_14,"(1, 1, 50, 43)",8,10,10,10,10,10,0,10,0
6791,conv2d_14,"(1, 1, 60, 54)",17,10,10,10,10,10,0,10,0
6792,conv2d_14,"(2, 0, 20, 11)",28,10,10,10,10,10,0,10,0
6793,conv2d_14,"(1, 2, 63, 34)",22,10,10,10,10,10,0,10,0
6794,conv2d_14,"(0, 1, 5, 0)",21,10,10,10,10,10,0,10,0
6795,conv2d_14,"(0, 0, 19, 16)",27,10,10,10,10,10,0,10,0
6796,conv2d_14,"(2, 0, 50, 22)",3,10,10,10,10,10,2,8,0
6797,conv2d_14,"(2, 1, 16, 27)",16,10,10,10,10,10,0,10,0
6798,conv2d_14,"(1, 1, 21, 44)",14,10,10,10,10,10,0,10,0
6799,conv2d_14,"(2, 2, 1, 30)",2,10,10,10,10,10,0,10,0
6800,conv2d_14,"(0, 2, 33, 59)",24,10,10,10,10,10,0,10,0
6801,conv2d_14,"(0, 1, 42, 29)",21,10,10,10,10,10,0,10,0
6802,conv2d_14,"(1, 1, 19, 18)",25,10,10,10,10,10,0,10,0
6803,conv2d_14,"(0, 0, 47, 61)",21,10,10,10,10,10,0,10,0
6804,conv2d_14,"(2, 2, 61, 25)",1,10,10,10,10,10,4,6,0
6805,conv2d_14,"(0, 1, 45, 7)",26,10,10,10,10,10,0,10,0
6806,conv2d_14,"(0, 1, 24, 26)",27,10,10,10,10,10,0,10,0
6807,conv2d_14,"(1, 0, 27, 29)",9,10,10,10,10,10,0,10,0
6808,conv2d_14,"(0, 2, 51, 45)",14,10,10,10,10,10,0,10,0
6809,conv2d_14,"(0, 1, 17, 59)",11,10,10,10,10,10,0,10,0
6810,conv2d_14,"(2, 0, 43, 23)",6,10,10,10,10,10,0,10,0
6811,conv2d_14,"(0, 2, 29, 4)",30,10,10,10,10,10,10,0,0
6812,conv2d_14,"(2, 2, 0, 6)",19,10,10,10,10,10,0,10,0
6813,conv2d_14,"(1, 0, 26, 18)",13,10,10,10,10,10,0,10,0
6814,conv2d_14,"(1, 0, 1, 57)",12,10,10,10,10,10,0,10,0
6815,conv2d_14,"(2, 0, 25, 29)",13,10,10,10,10,10,0,10,0
6816,conv2d_14,"(1, 2, 46, 35)",5,10,10,10,10,10,0,10,0
6817,conv2d_14,"(2, 1, 46, 16)",0,10,10,10,10,10,9,1,0
6818,conv2d_14,"(0, 1, 59, 34)",6,10,10,10,10,10,0,10,0
6819,conv2d_14,"(1, 1, 14, 47)",24,10,10,10,10,10,0,10,0
6820,conv2d_14,"(1, 1, 49, 2)",22,10,10,10,10,10,0,10,0
6821,conv2d_14,"(2, 2, 38, 39)",9,10,10,10,10,10,0,10,0
6822,conv2d_14,"(1, 2, 47, 12)",14,10,10,10,10,10,0,10,0
6823,conv2d_14,"(1, 1, 20, 59)",1,10,10,10,10,10,4,6,0
6824,conv2d_14,"(2, 0, 26, 41)",28,10,10,10,10,10,0,10,0
6825,conv2d_14,"(2, 2, 54, 25)",23,10,10,10,10,10,0,10,0
6826,conv2d_14,"(2, 0, 33, 26)",13,10,10,10,10,10,0,10,0
6827,conv2d_14,"(2, 1, 28, 4)",29,10,10,10,10,10,0,10,0
6828,conv2d_14,"(0, 2, 27, 27)",23,10,10,10,10,10,0,10,0
6829,conv2d_14,"(0, 0, 30, 2)",23,10,10,10,10,10,0,10,0
6830,conv2d_14,"(1, 0, 44, 53)",1,10,10,10,10,10,7,3,0
6831,conv2d_14,"(0, 1, 42, 16)",27,10,10,10,10,10,0,10,0
6832,conv2d_14,"(2, 2, 51, 55)",2,10,10,10,10,10,0,10,0
6833,conv2d_14,"(0, 1, 58, 51)",31,10,10,10,10,10,0,10,0
6834,conv2d_14,"(0, 1, 60, 53)",27,10,10,10,10,10,1,9,0
6835,conv2d_14,"(2, 2, 18, 31)",22,10,10,10,10,10,0,10,0
6836,conv2d_14,"(0, 2, 0, 11)",21,10,10,10,10,10,0,10,0
6837,conv2d_14,"(0, 1, 39, 23)",24,10,10,10,10,10,0,10,0
6838,conv2d_14,"(0, 1, 19, 21)",22,10,10,10,10,10,0,10,0
6839,conv2d_14,"(2, 1, 30, 51)",18,10,10,10,10,10,1,9,0
6840,conv2d_14,"(0, 2, 53, 26)",16,10,10,10,10,10,0,10,0
6841,conv2d_14,"(0, 0, 36, 43)",22,10,10,10,10,10,0,10,0
6842,conv2d_14,"(1, 1, 36, 41)",27,10,10,10,10,10,0,10,0
6843,conv2d_14,"(0, 1, 25, 47)",3,10,10,10,10,10,10,0,0
6844,conv2d_14,"(0, 0, 27, 62)",9,10,10,10,10,10,1,9,0
6845,conv2d_14,"(2, 0, 2, 11)",29,10,10,10,10,10,0,10,0
6846,conv2d_14,"(2, 1, 48, 26)",14,10,10,10,10,10,0,10,0
6847,conv2d_14,"(2, 1, 44, 21)",29,10,10,10,10,10,0,10,0
6848,conv2d_14,"(0, 2, 23, 26)",13,10,10,10,10,10,0,10,0
6849,conv2d_14,"(1, 2, 57, 36)",13,10,10,10,10,10,0,10,0
6850,conv2d_14,"(2, 1, 54, 8)",0,10,10,10,10,10,4,6,0
6851,conv2d_14,"(0, 2, 15, 12)",0,10,10,10,10,10,1,9,0
6852,conv2d_14,"(1, 2, 55, 38)",1,10,10,10,10,10,0,10,0
6853,conv2d_14,"(2, 0, 26, 56)",26,10,10,10,10,10,0,10,0
6854,conv2d_14,"(1, 2, 38, 39)",12,10,10,10,10,10,0,10,0
6855,conv2d_14,"(2, 1, 45, 60)",17,10,10,10,10,10,0,10,0
6856,conv2d_14,"(1, 0, 61, 11)",1,10,10,10,10,10,0,10,0
6857,conv2d_14,"(0, 1, 63, 25)",18,10,10,10,10,10,0,10,0
6858,conv2d_14,"(0, 1, 13, 46)",22,10,10,10,10,10,0,10,0
6859,conv2d_14,"(2, 1, 31, 62)",26,10,10,10,10,10,0,10,0
6860,conv2d_14,"(1, 1, 38, 55)",13,10,10,10,10,10,1,9,0
6861,conv2d_14,"(2, 0, 56, 29)",20,10,10,10,10,10,0,10,0
6862,conv2d_14,"(2, 1, 3, 16)",24,10,10,10,10,10,0,10,0
6863,conv2d_14,"(0, 2, 44, 55)",12,10,10,10,10,10,0,10,0
6864,conv2d_14,"(2, 1, 38, 56)",28,10,10,10,10,10,0,10,0
6865,conv2d_14,"(1, 1, 30, 11)",15,10,10,10,10,10,1,9,0
6866,conv2d_14,"(0, 2, 45, 33)",25,10,10,10,10,10,0,10,0
6867,conv2d_14,"(2, 0, 27, 40)",25,10,10,10,10,10,1,9,0
6868,conv2d_14,"(0, 0, 41, 20)",15,10,10,10,10,10,0,10,0
6869,conv2d_14,"(1, 1, 49, 5)",10,10,10,10,10,10,0,10,0
6870,conv2d_14,"(1, 0, 28, 33)",22,10,10,10,10,10,0,10,0
6871,conv2d_14,"(2, 1, 51, 32)",11,10,10,10,10,10,0,10,0
6872,conv2d_14,"(0, 2, 23, 14)",22,10,10,10,10,10,0,10,0
6873,conv2d_14,"(0, 2, 4, 49)",28,10,10,10,10,10,1,9,0
6874,conv2d_14,"(2, 2, 0, 8)",2,10,10,10,10,10,2,8,0
6875,conv2d_14,"(1, 1, 42, 26)",18,10,10,10,10,10,0,10,0
6876,conv2d_14,"(0, 1, 54, 48)",3,10,10,10,10,10,1,9,0
6877,conv2d_14,"(1, 1, 61, 27)",28,10,10,10,10,10,0,10,0
6878,conv2d_14,"(1, 2, 58, 35)",7,10,10,10,10,10,0,10,0
6879,conv2d_14,"(0, 0, 54, 10)",11,10,10,10,10,10,1,9,0
6880,conv2d_14,"(0, 0, 43, 14)",25,10,10,10,10,10,0,10,0
6881,conv2d_14,"(2, 1, 44, 40)",4,10,10,10,10,10,2,8,0
6882,conv2d_14,"(1, 0, 5, 5)",20,10,10,10,10,10,0,10,0
6883,conv2d_14,"(0, 1, 27, 28)",8,10,10,10,10,10,0,10,0
6884,conv2d_14,"(0, 0, 51, 53)",14,10,10,10,10,10,0,10,0
6885,conv2d_14,"(2, 0, 40, 40)",1,10,10,10,10,10,7,3,0
6886,conv2d_14,"(1, 0, 43, 21)",0,10,10,10,10,10,9,1,0
6887,conv2d_14,"(0, 0, 3, 13)",18,10,10,10,10,10,1,9,0
6888,conv2d_14,"(0, 2, 59, 45)",5,10,10,10,10,10,0,10,0
6889,conv2d_14,"(1, 2, 7, 47)",5,10,10,10,10,10,0,10,0
6890,conv2d_14,"(0, 1, 14, 37)",23,10,10,10,10,10,0,10,0
6891,conv2d_14,"(1, 0, 45, 4)",6,10,10,10,10,10,0,10,0
6892,conv2d_14,"(2, 1, 52, 28)",5,10,10,10,10,10,0,10,0
6893,conv2d_14,"(0, 1, 63, 55)",0,10,10,10,10,10,9,1,0
6894,conv2d_14,"(2, 0, 39, 1)",13,10,10,10,10,10,0,10,0
6895,conv2d_14,"(0, 1, 46, 20)",6,10,10,10,10,10,0,10,0
6896,conv2d_14,"(0, 2, 10, 54)",14,10,10,10,10,10,0,10,0
6897,conv2d_14,"(0, 0, 17, 26)",17,10,10,10,10,10,0,10,0
6898,conv2d_14,"(0, 0, 20, 45)",16,10,10,10,10,10,0,10,0
6899,conv2d_14,"(0, 1, 6, 5)",4,10,10,10,10,10,1,9,0
6900,conv2d_14,"(1, 2, 63, 60)",22,10,10,10,10,10,0,10,0
6901,conv2d_14,"(2, 1, 19, 49)",16,10,10,10,10,10,0,10,0
6902,conv2d_14,"(1, 0, 49, 0)",4,10,10,10,10,10,0,10,0
6903,conv2d_14,"(2, 0, 53, 23)",2,10,10,10,10,10,0,10,0
6904,conv2d_14,"(1, 2, 7, 29)",23,10,10,10,10,10,0,10,0
6905,conv2d_14,"(1, 1, 54, 9)",5,10,10,10,10,10,0,10,0
6906,conv2d_14,"(0, 2, 14, 21)",27,10,10,10,10,10,0,10,0
6907,conv2d_14,"(2, 0, 8, 6)",7,10,10,10,10,10,0,10,0
6908,conv2d_14,"(2, 2, 29, 16)",14,10,10,10,10,10,10,0,0
6909,conv2d_14,"(0, 1, 7, 25)",22,10,10,10,10,10,0,10,0
6910,conv2d_14,"(0, 1, 17, 63)",9,10,10,10,10,10,10,0,0
6911,conv2d_14,"(1, 2, 14, 28)",21,10,10,10,10,10,0,10,0
6912,conv2d_14,"(0, 2, 13, 55)",24,10,10,10,10,10,0,10,0
6913,conv2d_14,"(2, 0, 51, 13)",18,10,10,10,10,10,0,10,0
6914,conv2d_14,"(1, 0, 3, 45)",5,10,10,10,10,10,0,10,0
6915,conv2d_14,"(0, 0, 18, 8)",27,10,10,10,10,10,0,10,0
6916,conv2d_14,"(1, 1, 15, 0)",6,10,10,10,10,10,2,8,0
6917,conv2d_14,"(1, 2, 32, 1)",26,10,10,10,10,10,0,10,0
6918,conv2d_14,"(2, 2, 9, 5)",31,10,10,10,10,10,0,10,0
6919,conv2d_14,"(0, 2, 32, 13)",15,10,10,10,10,10,0,10,0
6920,conv2d_14,"(2, 1, 54, 34)",16,10,10,10,10,10,0,10,0
6921,conv2d_14,"(0, 1, 45, 35)",0,10,10,10,10,10,5,5,0
6922,conv2d_14,"(1, 0, 4, 42)",29,10,10,10,10,10,1,9,0
6923,conv2d_14,"(1, 1, 43, 33)",14,10,10,10,10,10,0,10,0
6924,conv2d_14,"(1, 1, 5, 44)",9,10,10,10,10,10,0,10,0
6925,conv2d_14,"(1, 0, 10, 35)",1,10,10,10,10,10,10,0,0
6926,conv2d_14,"(1, 2, 45, 37)",28,10,10,10,10,10,0,10,0
6927,conv2d_14,"(1, 0, 22, 55)",18,10,10,10,10,10,0,10,0
6928,conv2d_14,"(1, 2, 51, 58)",5,10,10,10,10,10,0,10,0
6929,conv2d_14,"(0, 0, 24, 44)",25,10,10,10,10,10,0,10,0
6930,conv2d_14,"(0, 2, 63, 36)",25,10,10,10,10,10,0,10,0
6931,conv2d_14,"(1, 2, 60, 15)",24,10,10,10,10,10,0,10,0
6932,conv2d_14,"(0, 2, 1, 40)",24,10,10,10,10,10,0,10,0
6933,conv2d_14,"(1, 0, 57, 16)",7,10,10,10,10,10,0,10,0
6934,conv2d_14,"(0, 2, 49, 49)",25,10,10,10,10,10,0,10,0
6935,conv2d_14,"(0, 1, 1, 55)",8,10,10,10,10,10,0,10,0
6936,conv2d_14,"(2, 2, 51, 34)",26,10,10,10,10,10,0,10,0
6937,conv2d_14,"(0, 1, 5, 61)",23,10,10,10,10,10,0,10,0
6938,conv2d_14,"(1, 2, 20, 48)",31,10,10,10,10,10,0,10,0
6939,conv2d_14,"(0, 0, 5, 37)",23,10,10,10,10,10,0,10,0
6940,conv2d_14,"(0, 0, 16, 63)",9,10,10,10,10,10,10,0,0
6941,conv2d_14,"(1, 0, 18, 41)",12,10,10,10,10,10,0,10,0
6942,conv2d_14,"(1, 2, 19, 43)",24,10,10,10,10,10,0,10,0
6943,conv2d_14,"(2, 1, 0, 4)",19,10,10,10,10,10,0,10,0
6944,conv2d_14,"(1, 0, 8, 49)",6,10,10,10,10,10,3,7,0
6945,conv2d_14,"(1, 0, 7, 46)",0,10,10,10,10,10,10,0,0
6946,conv2d_14,"(1, 0, 29, 46)",5,10,10,10,10,10,10,0,0
6947,conv2d_14,"(2, 1, 15, 24)",23,10,10,10,10,10,0,10,0
6948,conv2d_14,"(1, 2, 2, 52)",14,10,10,10,10,10,0,10,0
6949,conv2d_14,"(0, 0, 19, 36)",8,10,10,10,10,10,0,10,0
6950,conv2d_14,"(2, 0, 0, 15)",9,10,10,10,10,10,0,10,0
6951,conv2d_14,"(2, 0, 33, 34)",6,10,10,10,10,10,3,7,0
6952,conv2d_14,"(1, 0, 9, 35)",31,10,10,10,10,10,0,10,0
6953,conv2d_14,"(2, 0, 33, 28)",29,10,10,10,10,10,0,10,0
6954,conv2d_14,"(2, 1, 19, 61)",2,10,10,10,10,10,1,9,0
6955,conv2d_14,"(0, 1, 12, 19)",9,10,10,10,10,10,0,10,0
6956,conv2d_14,"(0, 1, 11, 29)",5,10,10,10,10,10,0,10,0
6957,conv2d_14,"(0, 2, 1, 13)",24,10,10,10,10,10,0,10,0
6958,conv2d_14,"(0, 1, 39, 19)",22,10,10,10,10,10,0,10,0
6959,conv2d_14,"(0, 2, 55, 59)",21,10,10,10,10,10,0,10,0
6960,conv2d_14,"(1, 1, 60, 46)",22,10,10,10,10,10,0,10,0
6961,conv2d_14,"(0, 2, 53, 16)",19,10,10,10,10,10,0,10,0
6962,conv2d_14,"(2, 1, 25, 18)",9,10,10,10,10,10,0,10,0
6963,conv2d_14,"(1, 2, 39, 40)",11,10,10,10,10,10,0,10,0
6964,conv2d_14,"(0, 1, 41, 16)",7,10,10,10,10,10,0,10,0
6965,conv2d_14,"(2, 2, 59, 8)",11,10,10,10,10,10,0,10,0
6966,conv2d_14,"(0, 0, 42, 3)",16,10,10,10,10,10,0,10,0
6967,conv2d_14,"(0, 2, 46, 43)",11,10,10,10,10,10,0,10,0
6968,conv2d_14,"(0, 1, 20, 60)",28,10,10,10,10,10,0,10,0
6969,conv2d_14,"(1, 1, 60, 50)",24,10,10,10,10,10,0,10,0
6970,conv2d_14,"(2, 2, 16, 5)",31,10,10,10,10,10,0,10,0
6971,conv2d_14,"(2, 2, 41, 38)",28,10,10,10,10,10,0,10,0
6972,conv2d_14,"(0, 2, 16, 10)",30,10,1,5,1,5,0,1,9
6973,conv2d_14,"(0, 2, 26, 40)",13,10,10,10,10,10,0,10,0
6974,conv2d_14,"(2, 0, 46, 49)",6,10,10,10,10,10,3,7,0
6975,conv2d_14,"(1, 0, 17, 47)",6,10,10,10,10,10,6,4,0
6976,conv2d_14,"(1, 2, 61, 4)",5,10,10,10,10,10,0,10,0
6977,conv2d_14,"(0, 0, 33, 32)",7,10,10,10,10,10,0,10,0
6978,conv2d_14,"(0, 1, 49, 1)",18,10,10,10,10,10,0,10,0
6979,conv2d_14,"(2, 2, 18, 45)",24,10,10,10,10,10,1,9,0
6980,conv2d_14,"(2, 1, 45, 39)",19,10,10,10,10,10,0,10,0
6981,conv2d_14,"(0, 0, 26, 34)",30,10,0,5,0,5,0,0,10
6982,conv2d_14,"(2, 1, 15, 12)",14,10,10,10,10,10,0,10,0
6983,conv2d_14,"(1, 2, 31, 29)",28,10,10,10,10,10,0,10,0
6984,conv2d_14,"(2, 1, 55, 21)",1,10,10,10,10,10,0,10,0
6985,conv2d_14,"(0, 2, 3, 11)",13,10,10,10,10,10,0,10,0
6986,conv2d_14,"(1, 1, 28, 38)",31,10,10,10,10,10,0,10,0
6987,conv2d_14,"(2, 2, 45, 46)",26,10,10,10,10,10,0,10,0
6988,conv2d_14,"(1, 2, 11, 8)",25,10,10,10,10,10,0,10,0
6989,conv2d_14,"(0, 1, 16, 6)",9,10,10,10,10,10,0,10,0
6990,conv2d_14,"(0, 1, 32, 63)",27,10,10,10,10,10,10,0,0
6991,conv2d_14,"(1, 1, 16, 28)",2,10,10,10,10,10,0,10,0
6992,conv2d_14,"(0, 0, 27, 26)",10,10,10,10,10,10,0,10,0
6993,conv2d_14,"(2, 1, 29, 23)",16,10,10,10,10,10,10,0,0
6994,conv2d_14,"(0, 1, 56, 5)",28,10,10,10,10,10,0,10,0
6995,conv2d_14,"(1, 2, 15, 26)",13,10,10,10,10,10,0,10,0
6996,conv2d_14,"(1, 1, 59, 50)",30,10,8,9,8,9,0,8,2
6997,conv2d_14,"(0, 1, 32, 63)",1,10,10,10,10,10,10,0,0
6998,conv2d_14,"(1, 1, 51, 28)",22,10,10,10,10,10,0,10,0
6999,conv2d_14,"(0, 2, 1, 51)",28,10,10,10,10,10,0,10,0
7000,conv2d_14,"(0, 2, 17, 48)",9,10,10,10,10,10,0,10,0
7001,conv2d_14,"(2, 2, 23, 15)",8,10,10,10,10,10,0,10,0
7002,conv2d_14,"(2, 1, 27, 15)",10,10,10,10,10,10,0,10,0
7003,conv2d_14,"(1, 0, 33, 61)",27,10,10,10,10,10,0,10,0
7004,conv2d_14,"(2, 0, 27, 33)",12,10,10,10,10,10,0,10,0
7005,conv2d_14,"(2, 1, 38, 1)",27,10,10,10,10,10,1,9,0
7006,conv2d_14,"(1, 1, 4, 21)",25,10,10,10,10,10,1,9,0
7007,conv2d_14,"(2, 1, 34, 4)",14,10,10,10,10,10,0,10,0
7008,conv2d_14,"(0, 1, 23, 12)",16,10,10,10,10,10,0,10,0
7009,conv2d_14,"(2, 2, 43, 26)",17,10,10,10,10,10,0,10,0
7010,conv2d_14,"(2, 2, 14, 11)",19,10,10,10,10,10,0,10,0
7011,conv2d_14,"(0, 0, 44, 55)",16,10,10,10,10,10,0,10,0
7012,conv2d_14,"(0, 1, 15, 23)",15,10,10,10,10,10,0,10,0
7013,conv2d_14,"(1, 2, 11, 59)",1,10,10,10,10,10,1,9,0
7014,conv2d_14,"(1, 1, 28, 39)",6,10,10,10,10,10,0,10,0
7015,conv2d_14,"(2, 1, 52, 10)",22,10,10,10,10,10,0,10,0
7016,conv2d_14,"(2, 1, 47, 46)",10,10,10,10,10,10,0,10,0
7017,conv2d_14,"(1, 2, 31, 9)",12,10,10,10,10,10,0,10,0
7018,conv2d_14,"(1, 0, 26, 13)",25,10,10,10,10,10,0,10,0
7019,conv2d_14,"(0, 1, 63, 43)",25,10,10,10,10,10,0,10,0
7020,conv2d_14,"(2, 1, 54, 59)",30,10,5,8,5,8,0,5,5
7021,conv2d_14,"(2, 0, 46, 62)",23,10,10,10,10,10,1,9,0
7022,conv2d_14,"(0, 1, 9, 54)",5,10,10,10,10,10,0,10,0
7023,conv2d_14,"(2, 0, 32, 62)",22,10,10,10,10,10,0,10,0
7024,conv2d_14,"(2, 2, 3, 28)",19,10,10,10,10,10,0,10,0
7025,conv2d_14,"(1, 0, 55, 22)",12,10,10,10,10,10,0,10,0
7026,conv2d_14,"(2, 1, 1, 25)",25,10,10,10,10,10,0,10,0
7027,conv2d_14,"(0, 0, 46, 14)",6,10,10,10,10,10,0,10,0
7028,conv2d_14,"(0, 2, 10, 9)",6,10,10,10,10,10,0,10,0
7029,conv2d_14,"(2, 0, 39, 42)",19,10,10,10,10,10,0,10,0
7030,conv2d_14,"(2, 0, 23, 36)",26,10,10,10,10,10,0,10,0
7031,conv2d_14,"(2, 0, 63, 32)",4,10,10,10,10,10,0,10,0
7032,conv2d_14,"(0, 0, 1, 33)",25,10,10,10,10,10,0,10,0
7033,conv2d_14,"(1, 1, 49, 12)",1,10,10,10,10,10,4,6,0
7034,conv2d_14,"(1, 1, 11, 39)",14,10,10,10,10,10,0,10,0
7035,conv2d_14,"(1, 2, 48, 3)",24,10,10,10,10,10,0,10,0
7036,conv2d_14,"(1, 1, 29, 59)",11,10,10,10,10,10,10,0,0
7037,conv2d_14,"(0, 0, 50, 4)",11,10,10,10,10,10,0,10,0
7038,conv2d_14,"(0, 1, 58, 24)",19,10,10,10,10,10,0,10,0
7039,conv2d_14,"(0, 1, 22, 28)",24,10,10,10,10,10,0,10,0
7040,conv2d_14,"(1, 1, 20, 56)",30,10,2,8,2,8,0,2,8
7041,conv2d_14,"(1, 2, 46, 13)",28,10,10,10,10,10,0,10,0
7042,conv2d_14,"(1, 1, 20, 25)",0,10,10,10,10,10,2,8,0
7043,conv2d_14,"(2, 1, 14, 15)",19,10,10,10,10,10,0,10,0
7044,conv2d_14,"(2, 1, 59, 12)",13,10,10,10,10,10,0,10,0
7045,conv2d_14,"(0, 2, 52, 23)",27,10,10,10,10,10,0,10,0
7046,conv2d_14,"(2, 2, 52, 43)",26,10,10,10,10,10,0,10,0
7047,conv2d_14,"(2, 1, 4, 8)",30,10,3,7,3,7,1,2,7
7048,conv2d_14,"(2, 1, 44, 25)",30,10,2,5,2,5,0,2,8
7049,conv2d_14,"(2, 0, 27, 37)",26,10,10,10,10,10,1,9,0
7050,conv2d_14,"(1, 0, 34, 35)",10,10,10,10,10,10,0,10,0
7051,conv2d_14,"(0, 1, 25, 48)",25,10,10,10,10,10,0,10,0
7052,conv2d_14,"(1, 2, 54, 63)",25,10,10,10,10,10,10,0,0
7053,conv2d_14,"(2, 1, 42, 33)",24,10,10,10,10,10,0,10,0
7054,conv2d_14,"(2, 2, 33, 49)",16,10,10,10,10,10,0,10,0
7055,conv2d_14,"(1, 1, 10, 56)",15,10,10,10,10,10,0,10,0
7056,conv2d_14,"(1, 1, 56, 35)",2,10,10,10,10,10,7,3,0
7057,conv2d_14,"(0, 1, 32, 16)",15,10,10,10,10,10,0,10,0
7058,conv2d_14,"(0, 2, 63, 56)",0,10,10,10,10,10,5,5,0
7059,conv2d_14,"(1, 0, 50, 34)",16,10,10,10,10,10,0,10,0
7060,conv2d_14,"(0, 1, 3, 42)",22,10,10,10,10,10,0,10,0
7061,conv2d_14,"(1, 2, 4, 35)",0,10,10,10,10,10,5,5,0
7062,conv2d_14,"(2, 0, 29, 47)",12,10,10,10,10,10,10,0,0
7063,conv2d_14,"(2, 0, 51, 47)",11,10,10,10,10,10,0,10,0
7064,conv2d_14,"(1, 2, 31, 15)",24,10,10,10,10,10,0,10,0
7065,conv2d_14,"(2, 1, 5, 38)",1,10,10,10,10,10,0,10,0
7066,conv2d_14,"(1, 0, 28, 60)",3,10,10,10,10,10,9,1,0
7067,conv2d_14,"(1, 0, 11, 35)",24,10,10,10,10,10,0,10,0
7068,conv2d_14,"(2, 1, 22, 27)",1,10,10,10,10,10,1,9,0
7069,conv2d_14,"(0, 2, 13, 40)",9,10,10,10,10,10,0,10,0
7070,conv2d_14,"(2, 0, 46, 52)",28,10,10,10,10,10,0,10,0
7071,conv2d_14,"(0, 1, 26, 55)",25,10,10,10,10,10,0,10,0
7072,conv2d_14,"(2, 1, 35, 59)",17,10,10,10,10,10,0,10,0
7073,conv2d_14,"(2, 0, 55, 50)",15,10,10,10,10,10,0,10,0
7074,conv2d_14,"(1, 0, 17, 27)",30,10,4,6,4,6,0,4,6
7075,conv2d_14,"(1, 2, 14, 33)",9,10,10,10,10,10,0,10,0
7076,conv2d_14,"(0, 0, 36, 6)",5,10,10,10,10,10,2,8,0
7077,conv2d_14,"(2, 1, 22, 2)",27,10,10,10,10,10,0,10,0
7078,conv2d_14,"(2, 0, 61, 5)",20,10,10,10,10,10,0,10,0
7079,conv2d_14,"(1, 2, 50, 14)",16,10,10,10,10,10,0,10,0
7080,conv2d_14,"(2, 2, 60, 59)",30,10,2,8,2,8,0,2,8
7081,conv2d_14,"(0, 0, 25, 25)",27,10,10,10,10,10,0,10,0
7082,conv2d_14,"(1, 0, 33, 11)",20,10,10,10,10,10,0,10,0
7083,conv2d_14,"(1, 2, 47, 57)",30,10,0,4,0,4,0,0,10
7084,conv2d_14,"(0, 1, 43, 26)",11,10,10,10,10,10,0,10,0
7085,conv2d_14,"(0, 1, 4, 52)",1,10,10,10,10,10,6,4,0
7086,conv2d_14,"(1, 1, 60, 51)",30,10,0,5,0,5,0,0,10
7087,conv2d_14,"(0, 2, 61, 7)",7,10,10,10,10,10,0,10,0
7088,conv2d_14,"(0, 2, 23, 20)",25,10,10,10,10,10,0,10,0
7089,conv2d_14,"(2, 0, 27, 12)",8,10,10,10,10,10,0,10,0
7090,conv2d_14,"(1, 1, 62, 24)",23,10,10,10,10,10,10,0,0
7091,conv2d_14,"(2, 2, 13, 38)",13,10,10,10,10,10,0,10,0
7092,conv2d_14,"(1, 2, 63, 31)",28,10,10,10,10,10,0,10,0
7093,conv2d_14,"(2, 2, 42, 1)",0,10,10,10,10,10,10,0,0
7094,conv2d_14,"(0, 2, 8, 62)",25,10,10,10,10,10,0,10,0
7095,conv2d_14,"(0, 1, 15, 46)",17,10,10,10,10,10,0,10,0
7096,conv2d_14,"(0, 1, 63, 5)",13,10,10,10,10,10,0,10,0
7097,conv2d_14,"(2, 2, 56, 38)",17,10,10,10,10,10,0,10,0
7098,conv2d_14,"(0, 1, 1, 25)",22,10,10,10,10,10,0,10,0
7099,conv2d_14,"(1, 1, 27, 59)",18,10,10,10,10,10,0,10,0
7100,conv2d_14,"(1, 2, 37, 0)",8,10,10,10,10,10,0,10,0
7101,conv2d_14,"(2, 0, 23, 61)",0,10,10,10,10,10,9,1,0
7102,conv2d_14,"(1, 2, 15, 24)",15,10,10,10,10,10,0,10,0
7103,conv2d_14,"(0, 2, 32, 49)",5,10,10,10,10,10,9,1,0
7104,conv2d_14,"(2, 2, 63, 54)",20,10,10,10,10,10,0,10,0
7105,conv2d_14,"(1, 0, 33, 34)",20,10,10,10,10,10,0,10,0
7106,conv2d_14,"(0, 0, 3, 27)",2,10,10,10,10,10,4,6,0
7107,conv2d_14,"(1, 0, 47, 59)",21,10,10,10,10,10,0,10,0
7108,conv2d_14,"(2, 2, 54, 19)",3,10,10,10,10,10,0,10,0
7109,conv2d_14,"(0, 0, 46, 15)",2,10,10,10,10,10,7,3,0
7110,conv2d_14,"(1, 0, 51, 16)",14,10,10,10,10,10,0,10,0
7111,conv2d_14,"(0, 1, 21, 2)",25,10,10,10,10,10,0,10,0
7112,conv2d_14,"(0, 0, 33, 45)",1,10,10,10,10,10,2,8,0
7113,conv2d_14,"(1, 1, 15, 56)",3,10,10,10,10,10,0,10,0
7114,conv2d_14,"(0, 0, 59, 23)",1,10,10,10,10,10,3,7,0
7115,conv2d_14,"(2, 2, 18, 15)",22,10,10,10,10,10,0,10,0
7116,conv2d_14,"(2, 1, 11, 27)",0,10,10,10,10,10,10,0,0
7117,conv2d_14,"(0, 0, 37, 2)",5,10,10,10,10,10,0,10,0
7118,conv2d_14,"(2, 1, 4, 17)",8,10,10,10,10,10,0,10,0
7119,conv2d_14,"(2, 0, 38, 7)",2,10,10,10,10,10,1,9,0
7120,conv2d_14,"(1, 1, 7, 30)",18,10,10,10,10,10,0,10,0
7121,conv2d_14,"(2, 1, 27, 57)",28,10,10,10,10,10,0,10,0
7122,conv2d_14,"(0, 2, 57, 62)",9,10,10,10,10,10,0,10,0
7123,conv2d_14,"(2, 2, 42, 34)",20,10,10,10,10,10,0,10,0
7124,conv2d_14,"(1, 0, 13, 30)",10,10,10,10,10,10,0,10,0
7125,conv2d_14,"(2, 0, 18, 62)",8,10,10,10,10,10,0,10,0
7126,conv2d_14,"(0, 2, 35, 55)",22,10,10,10,10,10,0,10,0
7127,conv2d_14,"(0, 1, 43, 12)",23,10,10,10,10,10,0,10,0
7128,conv2d_14,"(2, 2, 53, 59)",5,10,10,10,10,10,0,10,0
7129,conv2d_14,"(2, 0, 43, 43)",15,10,10,10,10,10,0,10,0
7130,conv2d_14,"(2, 1, 15, 6)",21,10,10,10,10,10,0,10,0
7131,conv2d_14,"(2, 2, 33, 38)",29,10,10,10,10,10,0,10,0
7132,conv2d_14,"(2, 1, 13, 49)",0,10,10,10,10,10,7,3,0
7133,conv2d_14,"(2, 2, 36, 37)",7,10,10,10,10,10,0,10,0
7134,conv2d_14,"(2, 2, 3, 41)",8,10,10,10,10,10,1,9,0
7135,conv2d_14,"(1, 2, 36, 32)",18,10,10,10,10,10,0,10,0
7136,conv2d_14,"(1, 0, 30, 5)",28,10,10,10,10,10,0,10,0
7137,conv2d_14,"(1, 1, 46, 52)",13,10,10,10,10,10,0,10,0
7138,conv2d_14,"(2, 2, 42, 47)",4,10,10,10,10,10,0,10,0
7139,conv2d_14,"(2, 0, 17, 7)",28,10,10,10,10,10,0,10,0
7140,conv2d_14,"(1, 1, 42, 56)",28,10,10,10,10,10,0,10,0
7141,conv2d_14,"(1, 1, 63, 63)",11,10,10,10,10,10,10,0,0
7142,conv2d_14,"(2, 0, 36, 47)",8,10,10,10,10,10,0,10,0
7143,conv2d_14,"(0, 1, 57, 27)",15,10,10,10,10,10,0,10,0
7144,conv2d_14,"(2, 0, 60, 61)",1,10,10,10,10,10,2,8,0
7145,conv2d_14,"(2, 1, 7, 63)",21,10,10,10,10,10,10,0,0
7146,conv2d_14,"(2, 1, 36, 46)",26,10,10,10,10,10,0,10,0
7147,conv2d_14,"(2, 0, 33, 59)",27,10,10,10,10,10,0,10,0
7148,conv2d_14,"(0, 2, 16, 54)",21,10,10,10,10,10,0,10,0
7149,conv2d_14,"(0, 0, 62, 53)",21,10,10,10,10,10,10,0,0
7150,conv2d_14,"(1, 0, 28, 46)",10,10,10,10,10,10,0,10,0
7151,conv2d_14,"(1, 1, 55, 57)",1,10,10,10,10,10,7,3,0
7152,conv2d_14,"(0, 0, 38, 48)",9,10,10,10,10,10,0,10,0
7153,conv2d_14,"(2, 1, 18, 62)",25,10,10,10,10,10,0,10,0
7154,conv2d_14,"(0, 1, 25, 46)",23,10,10,10,10,10,0,10,0
7155,conv2d_14,"(1, 0, 25, 14)",31,10,10,10,10,10,0,10,0
7156,conv2d_14,"(1, 1, 7, 6)",23,10,10,10,10,10,0,10,0
7157,conv2d_14,"(1, 1, 30, 43)",22,10,10,10,10,10,0,10,0
7158,conv2d_14,"(1, 0, 46, 43)",7,10,10,10,10,10,0,10,0
7159,conv2d_14,"(0, 1, 27, 54)",30,10,4,7,4,7,0,4,6
7160,conv2d_14,"(2, 0, 53, 53)",22,10,10,10,10,10,0,10,0
7161,conv2d_14,"(2, 2, 38, 0)",5,10,10,10,10,10,0,10,0
7162,conv2d_14,"(2, 0, 53, 3)",18,10,10,10,10,10,0,10,0
7163,conv2d_14,"(1, 0, 10, 25)",23,10,10,10,10,10,0,10,0
7164,conv2d_14,"(2, 1, 60, 42)",10,10,10,10,10,10,0,10,0
7165,conv2d_14,"(2, 0, 58, 11)",14,10,10,10,10,10,0,10,0
7166,conv2d_14,"(0, 2, 49, 50)",15,10,10,10,10,10,0,10,0
7167,conv2d_14,"(0, 2, 53, 8)",22,10,10,10,10,10,0,10,0
7168,conv2d_14,"(0, 1, 11, 3)",23,10,10,10,10,10,0,10,0
7169,conv2d_14,"(0, 0, 10, 25)",23,10,10,10,10,10,0,10,0
7170,conv2d_14,"(0, 0, 22, 26)",25,10,10,10,10,10,0,10,0
7171,conv2d_14,"(0, 2, 6, 36)",12,10,10,10,10,10,0,10,0
7172,conv2d_14,"(2, 1, 27, 30)",15,10,10,10,10,10,0,10,0
7173,conv2d_14,"(0, 0, 5, 63)",15,10,10,10,10,10,10,0,0
7174,conv2d_14,"(2, 0, 21, 57)",13,10,10,10,10,10,0,10,0
7175,conv2d_14,"(1, 2, 36, 38)",6,10,10,10,10,10,0,10,0
7176,conv2d_14,"(1, 1, 57, 52)",15,10,10,10,10,10,0,10,0
7177,conv2d_14,"(2, 0, 17, 34)",14,10,10,10,10,10,0,10,0
7178,conv2d_14,"(0, 1, 11, 38)",11,10,10,10,10,10,0,10,0
7179,conv2d_14,"(1, 1, 55, 51)",17,10,10,10,10,10,0,10,0
7180,conv2d_14,"(1, 1, 52, 19)",1,10,10,10,10,10,0,10,0
7181,conv2d_14,"(2, 2, 59, 32)",12,10,10,10,10,10,0,10,0
7182,conv2d_14,"(2, 1, 63, 21)",26,10,10,10,10,10,0,10,0
7183,conv2d_14,"(2, 2, 56, 30)",20,10,10,10,10,10,0,10,0
7184,conv2d_14,"(1, 1, 60, 11)",17,10,10,10,10,10,0,10,0
7185,conv2d_14,"(1, 2, 39, 21)",28,10,10,10,10,10,0,10,0
7186,conv2d_14,"(1, 1, 39, 11)",13,10,10,10,10,10,0,10,0
7187,conv2d_14,"(0, 1, 31, 42)",21,10,10,10,10,10,0,10,0
7188,conv2d_14,"(1, 2, 51, 55)",9,10,10,10,10,10,0,10,0
7189,conv2d_14,"(0, 0, 35, 25)",24,10,10,10,10,10,0,10,0
7190,conv2d_14,"(1, 2, 48, 1)",24,10,10,10,10,10,0,10,0
7191,conv2d_14,"(2, 2, 53, 49)",4,10,10,10,10,10,0,10,0
7192,conv2d_14,"(0, 2, 23, 15)",9,10,10,10,10,10,0,10,0
7193,conv2d_14,"(1, 1, 17, 31)",31,10,10,10,10,10,1,9,0
7194,conv2d_14,"(0, 0, 23, 17)",29,10,10,10,10,10,0,10,0
7195,conv2d_14,"(1, 2, 29, 26)",17,10,10,10,10,10,10,0,0
7196,conv2d_14,"(2, 2, 49, 6)",4,10,10,10,10,10,0,10,0
7197,conv2d_14,"(1, 1, 52, 26)",20,10,10,10,10,10,0,10,0
7198,conv2d_14,"(0, 1, 31, 63)",21,10,10,10,10,10,10,0,0
7199,conv2d_14,"(2, 1, 49, 41)",28,10,10,10,10,10,0,10,0
7200,conv2d_14,"(1, 2, 47, 51)",24,10,10,10,10,10,0,10,0
7201,conv2d_14,"(1, 1, 6, 0)",4,10,10,10,10,10,0,10,0
7202,conv2d_14,"(2, 2, 50, 16)",30,10,2,7,2,7,0,2,8
7203,conv2d_14,"(2, 1, 33, 54)",16,10,10,10,10,10,0,10,0
7204,conv2d_14,"(0, 0, 53, 27)",29,10,10,10,10,10,0,10,0
7205,conv2d_14,"(1, 0, 47, 4)",16,10,10,10,10,10,0,10,0
7206,conv2d_14,"(0, 1, 45, 55)",16,10,10,10,10,10,1,9,0
7207,conv2d_14,"(0, 1, 5, 22)",9,10,10,10,10,10,0,10,0
7208,conv2d_14,"(1, 1, 55, 11)",29,10,10,10,10,10,0,10,0
7209,conv2d_14,"(0, 0, 47, 12)",15,10,10,10,10,10,0,10,0
7210,conv2d_14,"(2, 2, 10, 41)",5,10,10,10,10,10,0,10,0
7211,conv2d_14,"(1, 1, 2, 44)",23,10,10,10,10,10,0,10,0
7212,conv2d_14,"(0, 1, 30, 12)",20,10,10,10,10,10,0,10,0
7213,conv2d_14,"(2, 1, 11, 6)",12,10,10,10,10,10,0,10,0
7214,conv2d_14,"(2, 2, 23, 23)",30,10,1,6,1,6,0,1,9
7215,conv2d_14,"(2, 0, 52, 54)",11,10,10,10,10,10,0,10,0
7216,conv2d_14,"(1, 0, 6, 62)",13,10,10,10,10,10,0,10,0
7217,conv2d_14,"(0, 1, 12, 26)",2,10,10,10,10,10,0,10,0
7218,conv2d_14,"(0, 0, 62, 9)",23,10,10,10,10,10,10,0,0
7219,conv2d_14,"(2, 0, 16, 19)",17,10,10,10,10,10,0,10,0
7220,conv2d_14,"(2, 1, 58, 44)",26,10,10,10,10,10,0,10,0
7221,conv2d_14,"(1, 0, 2, 46)",30,10,0,3,0,3,0,0,10
7222,conv2d_14,"(1, 2, 23, 2)",27,10,10,10,10,10,0,10,0
7223,conv2d_14,"(1, 0, 14, 12)",20,10,10,10,10,10,0,10,0
7224,conv2d_14,"(1, 0, 5, 24)",30,10,2,6,2,6,0,2,8
7225,conv2d_14,"(0, 0, 46, 61)",2,10,10,10,10,10,2,8,0
7226,conv2d_14,"(0, 2, 9, 54)",9,10,10,10,10,10,0,10,0
7227,conv2d_14,"(1, 2, 13, 17)",29,10,10,10,10,10,0,10,0
7228,conv2d_14,"(0, 1, 43, 36)",7,10,10,10,10,10,0,10,0
7229,conv2d_14,"(0, 0, 57, 36)",2,10,10,10,10,10,0,10,0
7230,conv2d_14,"(0, 2, 31, 36)",8,10,10,10,10,10,0,10,0
7231,conv2d_14,"(0, 0, 36, 56)",11,10,10,10,10,10,0,10,0
7232,conv2d_14,"(1, 1, 54, 52)",25,10,10,10,10,10,0,10,0
7233,conv2d_14,"(0, 0, 22, 5)",25,10,10,10,10,10,0,10,0
7234,conv2d_14,"(1, 1, 52, 11)",1,10,10,10,10,10,1,9,0
7235,conv2d_14,"(1, 1, 18, 53)",20,10,10,10,10,10,0,10,0
7236,conv2d_14,"(0, 1, 43, 42)",29,10,10,10,10,10,0,10,0
7237,conv2d_14,"(2, 0, 6, 17)",25,10,10,10,10,10,0,10,0
7238,conv2d_14,"(0, 1, 7, 60)",20,10,10,10,10,10,0,10,0
7239,conv2d_14,"(0, 1, 0, 14)",27,10,10,10,10,10,0,10,0
7240,conv2d_14,"(1, 2, 5, 62)",0,10,10,10,10,10,10,0,0
7241,conv2d_14,"(0, 0, 59, 40)",11,10,10,10,10,10,0,10,0
7242,conv2d_14,"(1, 1, 11, 10)",12,10,10,10,10,10,0,10,0
7243,conv2d_14,"(1, 0, 30, 23)",14,10,10,10,10,10,1,9,0
7244,conv2d_14,"(2, 1, 2, 29)",17,10,10,10,10,10,0,10,0
7245,conv2d_14,"(0, 1, 40, 36)",21,10,10,10,10,10,0,10,0
7246,conv2d_14,"(1, 2, 7, 60)",18,10,10,10,10,10,0,10,0
7247,conv2d_14,"(0, 2, 18, 24)",14,10,10,10,10,10,0,10,0
7248,conv2d_14,"(1, 0, 18, 4)",25,10,10,10,10,10,0,10,0
7249,conv2d_14,"(2, 2, 52, 33)",21,10,10,10,10,10,0,10,0
7250,conv2d_14,"(2, 0, 14, 42)",9,10,10,10,10,10,0,10,0
7251,conv2d_14,"(0, 2, 38, 4)",4,10,10,10,10,10,1,9,0
7252,conv2d_14,"(2, 2, 39, 41)",2,10,10,10,10,10,1,9,0
7253,conv2d_14,"(0, 2, 12, 40)",14,10,10,10,10,10,0,10,0
7254,conv2d_14,"(1, 1, 36, 24)",15,10,10,10,10,10,0,10,0
7255,conv2d_14,"(0, 0, 53, 28)",0,10,10,10,10,10,0,10,0
7256,conv2d_14,"(2, 1, 61, 40)",19,10,10,10,10,10,0,10,0
7257,conv2d_14,"(2, 0, 59, 24)",0,10,10,10,10,10,10,0,0
7258,conv2d_14,"(1, 1, 15, 36)",14,10,10,10,10,10,0,10,0
7259,conv2d_14,"(0, 2, 57, 57)",9,10,10,10,10,10,0,10,0
7260,conv2d_14,"(0, 2, 59, 12)",17,10,10,10,10,10,0,10,0
7261,conv2d_14,"(0, 0, 7, 56)",21,10,10,10,10,10,0,10,0
7262,conv2d_14,"(0, 2, 28, 21)",30,10,2,7,2,7,0,2,8
7263,conv2d_14,"(2, 2, 57, 11)",23,10,10,10,10,10,0,10,0
7264,conv2d_14,"(1, 1, 13, 48)",28,10,10,10,10,10,0,10,0
7265,conv2d_14,"(1, 2, 4, 47)",6,10,10,10,10,10,1,9,0
7266,conv2d_14,"(2, 2, 30, 63)",15,10,10,10,10,10,10,0,0
7267,conv2d_14,"(0, 2, 8, 3)",22,10,10,10,10,10,0,10,0
7268,conv2d_14,"(1, 2, 10, 46)",12,10,10,10,10,10,0,10,0
7269,conv2d_14,"(1, 2, 9, 31)",13,10,10,10,10,10,0,10,0
7270,conv2d_14,"(2, 1, 36, 48)",1,10,10,10,10,10,3,7,0
7271,conv2d_14,"(0, 1, 38, 32)",22,10,10,10,10,10,0,10,0
7272,conv2d_14,"(0, 2, 45, 37)",21,10,10,10,10,10,0,10,0
7273,conv2d_14,"(1, 0, 47, 25)",31,10,10,10,10,10,0,10,0
7274,conv2d_14,"(0, 2, 47, 48)",16,10,10,10,10,10,0,10,0
7275,conv2d_14,"(0, 1, 23, 50)",20,10,10,10,10,10,0,10,0
7276,conv2d_14,"(2, 2, 18, 54)",11,10,10,10,10,10,0,10,0
7277,conv2d_14,"(2, 2, 14, 57)",10,10,10,10,10,10,0,10,0
7278,conv2d_14,"(0, 2, 3, 52)",24,10,10,10,10,10,0,10,0
7279,conv2d_14,"(2, 1, 15, 8)",1,10,10,10,10,10,1,9,0
7280,conv2d_14,"(2, 0, 3, 15)",27,10,10,10,10,10,0,10,0
7281,conv2d_14,"(2, 1, 8, 0)",0,10,10,10,10,10,10,0,0
7282,conv2d_14,"(0, 0, 59, 8)",12,10,10,10,10,10,2,8,0
7283,conv2d_14,"(2, 1, 63, 17)",10,10,10,10,10,10,0,10,0
7284,conv2d_14,"(2, 2, 44, 3)",29,10,10,10,10,10,0,10,0
7285,conv2d_14,"(1, 0, 62, 59)",5,10,10,10,10,10,10,0,0
7286,conv2d_14,"(0, 2, 59, 35)",24,10,10,10,10,10,0,10,0
7287,conv2d_14,"(0, 2, 12, 16)",21,10,10,10,10,10,0,10,0
7288,conv2d_14,"(1, 1, 51, 54)",1,10,10,10,10,10,4,6,0
7289,conv2d_14,"(0, 2, 57, 62)",20,10,10,10,10,10,1,9,0
7290,conv2d_14,"(2, 2, 49, 46)",7,10,10,10,10,10,1,9,0
7291,conv2d_14,"(0, 1, 19, 21)",7,10,10,10,10,10,0,10,0
7292,conv2d_14,"(1, 0, 47, 26)",29,10,10,10,10,10,0,10,0
7293,conv2d_14,"(1, 0, 22, 36)",3,10,10,10,10,10,1,9,0
7294,conv2d_14,"(0, 1, 45, 63)",29,10,10,10,10,10,10,0,0
7295,conv2d_14,"(2, 1, 53, 34)",12,10,10,10,10,10,0,10,0
7296,conv2d_14,"(2, 0, 15, 46)",7,10,10,10,10,10,0,10,0
7297,conv2d_14,"(1, 2, 63, 62)",28,10,10,10,10,10,0,10,0
7298,conv2d_14,"(1, 2, 63, 36)",15,10,10,10,10,10,0,10,0
7299,conv2d_14,"(2, 2, 42, 47)",19,10,10,10,10,10,0,10,0
7300,conv2d_14,"(1, 1, 30, 27)",30,10,8,9,8,9,0,8,2
7301,conv2d_14,"(1, 0, 22, 15)",2,10,10,10,10,10,10,0,0
7302,conv2d_14,"(0, 2, 25, 10)",24,10,10,10,10,10,0,10,0
7303,conv2d_14,"(2, 2, 54, 32)",7,10,10,10,10,10,0,10,0
7304,conv2d_14,"(1, 0, 48, 19)",5,10,10,10,10,10,0,10,0
7305,conv2d_14,"(0, 1, 24, 53)",15,10,10,10,10,10,0,10,0
7306,conv2d_14,"(2, 0, 27, 4)",15,10,10,10,10,10,0,10,0
7307,conv2d_14,"(0, 1, 27, 61)",25,10,10,10,10,10,1,9,0
7308,conv2d_14,"(1, 0, 61, 16)",15,10,10,10,10,10,0,10,0
7309,conv2d_14,"(0, 1, 42, 42)",10,10,10,10,10,10,0,10,0
7310,conv2d_14,"(2, 2, 17, 6)",17,10,10,10,10,10,1,9,0
7311,conv2d_14,"(1, 2, 32, 62)",7,10,10,10,10,10,0,10,0
7312,conv2d_14,"(2, 0, 23, 14)",25,10,10,10,10,10,0,10,0
7313,conv2d_14,"(2, 1, 37, 25)",7,10,10,10,10,10,0,10,0
7314,conv2d_14,"(2, 0, 29, 57)",8,10,10,10,10,10,10,0,0
7315,conv2d_14,"(0, 1, 28, 17)",29,10,10,10,10,10,0,10,0
7316,conv2d_14,"(0, 0, 42, 55)",17,10,10,10,10,10,0,10,0
7317,conv2d_14,"(2, 2, 47, 56)",3,10,10,10,10,10,1,9,0
7318,conv2d_14,"(1, 2, 41, 40)",31,10,10,10,10,10,0,10,0
7319,conv2d_14,"(1, 1, 10, 61)",13,10,10,10,10,10,0,10,0
7320,conv2d_14,"(2, 1, 16, 9)",13,10,10,10,10,10,0,10,0
7321,conv2d_14,"(0, 1, 40, 38)",15,10,10,10,10,10,0,10,0
7322,conv2d_14,"(2, 1, 8, 9)",31,10,10,10,10,10,0,10,0
7323,conv2d_14,"(2, 0, 4, 45)",29,10,10,10,10,10,0,10,0
7324,conv2d_14,"(2, 1, 6, 20)",2,10,10,10,10,10,2,8,0
7325,conv2d_14,"(2, 2, 48, 24)",23,10,10,10,10,10,0,10,0
7326,conv2d_14,"(1, 0, 45, 57)",16,10,10,10,10,10,0,10,0
7327,conv2d_14,"(2, 0, 25, 25)",26,10,10,10,10,10,0,10,0
7328,conv2d_14,"(0, 2, 58, 48)",20,10,10,10,10,10,0,10,0
7329,conv2d_14,"(1, 2, 2, 41)",17,10,10,10,10,10,0,10,0
7330,conv2d_14,"(1, 0, 34, 29)",3,10,10,10,10,10,1,9,0
7331,conv2d_14,"(1, 0, 2, 8)",31,10,10,10,10,10,0,10,0
7332,conv2d_14,"(2, 0, 33, 60)",22,10,10,10,10,10,0,10,0
7333,conv2d_14,"(0, 0, 19, 35)",6,10,10,10,10,10,0,10,0
7334,conv2d_14,"(2, 2, 53, 9)",7,10,10,10,10,10,0,10,0
7335,conv2d_14,"(2, 2, 19, 27)",15,10,10,10,10,10,0,10,0
7336,conv2d_14,"(1, 0, 57, 47)",19,10,10,10,10,10,0,10,0
7337,conv2d_14,"(0, 1, 12, 9)",31,10,10,10,10,10,0,10,0
7338,conv2d_14,"(1, 1, 24, 4)",23,10,10,10,10,10,0,10,0
7339,conv2d_14,"(2, 0, 6, 50)",26,10,10,10,10,10,0,10,0
7340,conv2d_14,"(1, 0, 20, 36)",19,10,10,10,10,10,0,10,0
7341,conv2d_14,"(1, 1, 41, 42)",10,10,10,10,10,10,0,10,0
7342,conv2d_14,"(0, 0, 22, 0)",21,10,10,10,10,10,0,10,0
7343,conv2d_14,"(2, 2, 49, 32)",10,10,10,10,10,10,0,10,0
7344,conv2d_14,"(2, 1, 31, 18)",0,10,10,10,10,10,10,0,0
7345,conv2d_14,"(1, 0, 10, 62)",18,10,10,10,10,10,0,10,0
7346,conv2d_14,"(1, 1, 35, 29)",3,10,10,10,10,10,4,6,0
7347,conv2d_14,"(1, 2, 33, 43)",3,10,10,10,10,10,10,0,0
7348,conv2d_14,"(0, 0, 53, 6)",4,10,10,10,10,10,0,10,0
7349,conv2d_14,"(2, 1, 56, 6)",6,10,10,10,10,10,0,10,0
7350,conv2d_14,"(1, 0, 24, 50)",4,10,10,10,10,10,0,10,0
7351,conv2d_14,"(2, 0, 10, 33)",0,10,10,10,10,10,4,6,0
7352,conv2d_14,"(1, 2, 21, 21)",6,10,10,10,10,10,0,10,0
7353,conv2d_14,"(1, 0, 43, 62)",24,10,10,10,10,10,0,10,0
7354,conv2d_14,"(1, 1, 43, 5)",5,10,10,10,10,10,0,10,0
7355,conv2d_14,"(0, 0, 34, 42)",13,10,10,10,10,10,0,10,0
7356,conv2d_14,"(1, 1, 55, 25)",0,10,10,10,10,10,9,1,0
7357,conv2d_14,"(2, 0, 43, 17)",21,10,10,10,10,10,0,10,0
7358,conv2d_14,"(2, 0, 40, 55)",28,10,10,10,10,10,0,10,0
7359,conv2d_14,"(2, 1, 47, 12)",10,10,10,10,10,10,0,10,0
7360,conv2d_14,"(0, 2, 42, 7)",19,10,10,10,10,10,1,9,0
7361,conv2d_14,"(0, 2, 21, 22)",7,10,10,10,10,10,0,10,0
7362,conv2d_14,"(0, 2, 36, 13)",17,10,10,10,10,10,0,10,0
7363,conv2d_14,"(0, 1, 37, 14)",0,10,10,10,10,10,10,0,0
7364,conv2d_14,"(2, 1, 27, 10)",25,10,10,10,10,10,1,9,0
7365,conv2d_14,"(1, 0, 15, 24)",26,10,10,10,10,10,0,10,0
7366,conv2d_14,"(0, 0, 19, 41)",10,10,10,10,10,10,0,10,0
7367,conv2d_14,"(1, 1, 13, 3)",2,10,10,10,10,10,2,8,0
7368,conv2d_14,"(2, 2, 6, 19)",19,10,10,10,10,10,0,10,0
7369,conv2d_14,"(2, 2, 55, 39)",25,10,10,10,10,10,0,10,0
7370,conv2d_14,"(2, 1, 46, 51)",4,10,10,10,10,10,1,9,0
7371,conv2d_14,"(0, 2, 59, 18)",7,10,10,10,10,10,0,10,0
7372,conv2d_14,"(1, 2, 49, 31)",20,10,10,10,10,10,0,10,0
7373,conv2d_14,"(1, 1, 53, 13)",7,10,10,10,10,10,0,10,0
7374,conv2d_14,"(0, 2, 24, 40)",7,10,10,10,10,10,1,9,0
7375,conv2d_14,"(0, 0, 12, 3)",3,10,10,10,10,10,3,7,0
7376,conv2d_14,"(0, 0, 17, 40)",22,10,10,10,10,10,0,10,0
7377,conv2d_14,"(0, 1, 21, 51)",11,10,10,10,10,10,0,10,0
7378,conv2d_14,"(2, 0, 1, 32)",9,10,10,10,10,10,0,10,0
7379,conv2d_14,"(0, 1, 50, 32)",30,10,2,6,2,6,0,2,8
7380,conv2d_14,"(0, 0, 31, 10)",8,10,10,10,10,10,0,10,0
7381,conv2d_14,"(1, 0, 31, 40)",15,10,10,10,10,10,0,10,0
7382,conv2d_14,"(0, 1, 56, 54)",30,10,1,6,1,6,0,1,9
7383,conv2d_14,"(1, 0, 3, 49)",12,10,10,10,10,10,0,10,0
7384,conv2d_14,"(2, 1, 54, 63)",30,10,4,6,4,6,4,0,6
7385,conv2d_14,"(2, 2, 6, 38)",31,10,10,10,10,10,0,10,0
7386,conv2d_14,"(0, 0, 17, 62)",28,10,10,10,10,10,1,9,0
7387,conv2d_14,"(1, 2, 22, 43)",3,10,10,10,10,10,0,10,0
7388,conv2d_14,"(0, 2, 30, 2)",2,10,10,10,10,10,3,7,0
7389,conv2d_14,"(0, 2, 9, 47)",31,10,10,10,10,10,0,10,0
7390,conv2d_14,"(1, 0, 36, 18)",22,10,10,10,10,10,0,10,0
7391,conv2d_14,"(1, 1, 23, 35)",18,10,10,10,10,10,0,10,0
7392,conv2d_14,"(2, 2, 55, 8)",13,10,10,10,10,10,0,10,0
7393,conv2d_14,"(1, 2, 62, 22)",14,10,10,10,10,10,10,0,0
7394,conv2d_14,"(0, 2, 23, 40)",6,10,10,10,10,10,0,10,0
7395,conv2d_14,"(1, 2, 24, 21)",12,10,10,10,10,10,0,10,0
7396,conv2d_14,"(2, 2, 58, 21)",27,10,10,10,10,10,0,10,0
7397,conv2d_14,"(2, 0, 61, 2)",17,10,10,10,10,10,0,10,0
7398,conv2d_14,"(1, 1, 29, 23)",14,10,10,10,10,10,10,0,0
7399,conv2d_14,"(2, 0, 47, 10)",4,10,10,10,10,10,0,10,0
7400,conv2d_14,"(2, 2, 54, 10)",11,10,10,10,10,10,1,9,0
7401,conv2d_14,"(1, 0, 24, 10)",19,10,10,10,10,10,0,10,0
7402,conv2d_14,"(1, 0, 7, 59)",30,10,2,5,2,5,0,2,8
7403,conv2d_14,"(1, 1, 63, 0)",0,10,10,10,10,10,10,0,0
7404,conv2d_14,"(2, 2, 36, 38)",25,10,10,10,10,10,0,10,0
7405,conv2d_14,"(1, 1, 44, 25)",26,10,10,10,10,10,0,10,0
7406,conv2d_14,"(0, 0, 16, 53)",0,10,10,10,10,10,7,3,0
7407,conv2d_14,"(0, 2, 45, 41)",16,10,10,10,10,10,0,10,0
7408,conv2d_14,"(1, 2, 45, 35)",10,10,10,10,10,10,0,10,0
7409,conv2d_14,"(2, 1, 47, 20)",21,10,10,10,10,10,0,10,0
7410,conv2d_14,"(0, 2, 25, 12)",2,10,10,10,10,10,2,8,0
7411,conv2d_14,"(1, 1, 8, 41)",6,10,10,10,10,10,0,10,0
7412,conv2d_14,"(2, 2, 26, 52)",22,10,10,10,10,10,0,10,0
7413,conv2d_14,"(0, 2, 12, 14)",26,10,10,10,10,10,0,10,0
7414,conv2d_14,"(1, 0, 39, 63)",14,10,10,10,10,10,10,0,0
7415,conv2d_14,"(1, 1, 29, 54)",0,10,10,10,10,10,10,0,0
7416,conv2d_14,"(1, 0, 3, 42)",31,10,10,10,10,10,0,10,0
7417,conv2d_14,"(0, 0, 63, 30)",15,10,10,10,10,10,0,10,0
7418,conv2d_14,"(1, 2, 17, 33)",31,10,10,10,10,10,0,10,0
7419,conv2d_14,"(2, 0, 5, 59)",11,10,10,10,10,10,0,10,0
7420,conv2d_14,"(0, 2, 14, 27)",5,10,10,10,10,10,0,10,0
7421,conv2d_14,"(2, 2, 8, 56)",14,10,10,10,10,10,0,10,0
7422,conv2d_14,"(2, 1, 39, 45)",20,10,10,10,10,10,0,10,0
7423,conv2d_14,"(0, 0, 15, 17)",28,10,10,10,10,10,0,10,0
7424,conv2d_14,"(0, 1, 54, 40)",13,10,10,10,10,10,1,9,0
7425,conv2d_14,"(1, 2, 11, 9)",13,10,10,10,10,10,0,10,0
7426,conv2d_14,"(0, 2, 13, 30)",25,10,10,10,10,10,0,10,0
7427,conv2d_14,"(0, 1, 30, 20)",21,10,10,10,10,10,0,10,0
7428,conv2d_14,"(0, 0, 3, 33)",6,10,10,10,10,10,0,10,0
7429,conv2d_14,"(2, 1, 31, 2)",19,10,10,10,10,10,0,10,0
7430,conv2d_14,"(2, 0, 11, 47)",2,10,10,10,10,10,1,9,0
7431,conv2d_14,"(2, 0, 8, 16)",19,10,10,10,10,10,0,10,0
7432,conv2d_14,"(0, 2, 32, 9)",5,10,10,10,10,10,0,10,0
7433,conv2d_14,"(0, 2, 5, 57)",16,10,10,10,10,10,0,10,0
7434,conv2d_14,"(1, 2, 8, 54)",30,10,1,6,1,6,0,1,9
7435,conv2d_14,"(0, 0, 24, 57)",18,10,10,10,10,10,0,10,0
7436,conv2d_14,"(0, 2, 1, 61)",8,10,10,10,10,10,0,10,0
7437,conv2d_14,"(0, 2, 35, 2)",19,10,10,10,10,10,0,10,0
7438,conv2d_14,"(0, 2, 32, 63)",13,10,10,10,10,10,10,0,0
7439,conv2d_14,"(0, 0, 39, 39)",2,10,10,10,10,10,0,10,0
7440,conv2d_14,"(0, 0, 46, 52)",1,10,10,10,10,10,3,7,0
7441,conv2d_14,"(0, 0, 50, 37)",0,10,10,10,10,10,2,8,0
7442,conv2d_14,"(0, 0, 14, 37)",15,10,10,10,10,10,0,10,0
7443,conv2d_14,"(1, 2, 46, 43)",29,10,10,10,10,10,0,10,0
7444,conv2d_14,"(0, 2, 17, 38)",30,10,1,5,1,5,0,1,9
7445,conv2d_14,"(2, 0, 16, 18)",22,10,10,10,10,10,0,10,0
7446,conv2d_14,"(0, 2, 59, 54)",5,10,10,10,10,10,0,10,0
7447,conv2d_14,"(0, 2, 48, 62)",31,10,10,10,10,10,0,10,0
7448,conv2d_14,"(1, 1, 62, 58)",28,10,10,10,10,10,10,0,0
7449,conv2d_14,"(0, 2, 8, 47)",30,10,1,4,1,4,0,1,9
7450,conv2d_14,"(0, 0, 9, 59)",5,10,10,10,10,10,0,10,0
7451,conv2d_15,"(2, 2, 58, 28)",10,10,10,10,10,10,10,0,0
7452,conv2d_15,"(2, 1, 35, 5)",14,10,10,10,10,10,1,9,0
7453,conv2d_15,"(1, 0, 35, 4)",16,10,10,10,10,10,0,10,0
7454,conv2d_15,"(2, 2, 43, 40)",26,10,10,10,10,10,0,10,0
7455,conv2d_15,"(2, 0, 58, 10)",17,10,10,10,10,10,0,10,0
7456,conv2d_15,"(1, 2, 3, 14)",25,10,10,10,10,10,1,9,0
7457,conv2d_15,"(0, 2, 5, 39)",6,10,10,10,10,10,0,10,0
7458,conv2d_15,"(1, 2, 62, 44)",21,10,10,10,10,10,0,10,0
7459,conv2d_15,"(2, 2, 13, 24)",20,10,10,10,10,10,1,9,0
7460,conv2d_15,"(2, 0, 50, 30)",2,10,10,10,10,10,8,2,0
7461,conv2d_15,"(1, 2, 35, 46)",12,10,10,10,10,10,0,10,0
7462,conv2d_15,"(1, 0, 23, 30)",20,10,10,10,10,10,0,10,0
7463,conv2d_15,"(1, 0, 3, 32)",20,10,10,10,10,10,0,10,0
7464,conv2d_15,"(0, 0, 58, 53)",3,10,10,10,10,10,1,9,0
7465,conv2d_15,"(1, 0, 9, 59)",29,10,10,10,10,10,10,0,0
7466,conv2d_15,"(0, 2, 23, 35)",22,10,10,10,10,10,0,10,0
7467,conv2d_15,"(2, 1, 44, 45)",14,10,10,10,10,10,0,10,0
7468,conv2d_15,"(1, 0, 34, 40)",28,10,10,10,10,10,1,9,0
7469,conv2d_15,"(1, 2, 58, 52)",10,10,10,10,10,10,0,10,0
7470,conv2d_15,"(0, 2, 13, 17)",2,10,10,10,10,10,6,4,0
7471,conv2d_15,"(2, 2, 17, 58)",0,10,10,10,10,10,4,6,0
7472,conv2d_15,"(2, 1, 2, 35)",31,10,10,10,10,10,0,10,0
7473,conv2d_15,"(0, 1, 15, 8)",25,10,10,10,10,10,0,10,0
7474,conv2d_15,"(1, 2, 56, 13)",31,10,10,10,10,10,0,10,0
7475,conv2d_15,"(0, 0, 35, 1)",19,10,10,10,10,10,0,10,0
7476,conv2d_15,"(1, 0, 52, 54)",26,10,10,10,10,10,0,10,0
7477,conv2d_15,"(0, 1, 34, 32)",8,10,10,10,10,10,0,10,0
7478,conv2d_15,"(1, 0, 38, 37)",16,10,10,10,10,10,0,10,0
7479,conv2d_15,"(0, 0, 60, 53)",1,10,10,10,10,10,10,0,0
7480,conv2d_15,"(1, 0, 59, 15)",14,10,10,10,10,10,0,10,0
7481,conv2d_15,"(1, 1, 20, 31)",3,10,10,10,10,10,1,9,0
7482,conv2d_15,"(0, 0, 37, 36)",29,10,10,10,10,10,0,10,0
7483,conv2d_15,"(1, 1, 17, 31)",27,10,10,10,10,10,0,10,0
7484,conv2d_15,"(2, 2, 32, 61)",3,10,10,10,10,10,1,9,0
7485,conv2d_15,"(1, 0, 7, 27)",6,10,10,10,10,10,1,9,0
7486,conv2d_15,"(2, 2, 56, 59)",9,10,10,10,10,10,10,0,0
7487,conv2d_15,"(2, 0, 51, 33)",18,10,10,10,10,10,0,10,0
7488,conv2d_15,"(1, 2, 2, 59)",7,10,10,10,10,10,10,0,0
7489,conv2d_15,"(0, 0, 24, 13)",27,10,10,10,10,10,0,10,0
7490,conv2d_15,"(0, 0, 31, 36)",5,10,10,10,10,10,0,10,0
7491,conv2d_15,"(2, 1, 45, 33)",23,10,10,10,10,10,0,10,0
7492,conv2d_15,"(0, 1, 15, 12)",23,10,10,10,10,10,0,10,0
7493,conv2d_15,"(0, 0, 60, 10)",15,10,10,10,10,10,0,10,0
7494,conv2d_15,"(1, 1, 30, 34)",12,10,10,10,10,10,0,10,0
7495,conv2d_15,"(1, 2, 45, 19)",30,10,0,4,0,4,0,0,10
7496,conv2d_15,"(2, 1, 3, 37)",13,10,10,10,10,10,0,10,0
7497,conv2d_15,"(1, 0, 17, 48)",9,10,10,10,10,10,1,9,0
7498,conv2d_15,"(0, 1, 15, 26)",16,10,10,10,10,10,0,10,0
7499,conv2d_15,"(0, 2, 8, 13)",1,10,10,10,10,10,0,10,0
7500,conv2d_15,"(1, 0, 3, 17)",31,10,10,10,10,10,1,9,0
7501,conv2d_15,"(2, 1, 31, 13)",13,10,10,10,10,10,0,10,0
7502,conv2d_15,"(1, 0, 4, 6)",11,10,10,10,10,10,0,10,0
7503,conv2d_15,"(1, 0, 39, 9)",27,10,10,10,10,10,0,10,0
7504,conv2d_15,"(2, 1, 31, 56)",12,10,10,10,10,10,0,10,0
7505,conv2d_15,"(1, 1, 17, 33)",7,10,10,10,10,10,0,10,0
7506,conv2d_15,"(0, 2, 52, 15)",20,10,10,10,10,10,0,10,0
7507,conv2d_15,"(2, 0, 34, 39)",26,10,10,10,10,10,0,10,0
7508,conv2d_15,"(1, 1, 35, 10)",13,10,10,10,10,10,0,10,0
7509,conv2d_15,"(2, 0, 40, 56)",25,10,10,10,10,10,0,10,0
7510,conv2d_15,"(0, 2, 47, 16)",6,10,10,10,10,10,2,8,0
7511,conv2d_15,"(0, 0, 39, 34)",12,10,10,10,10,10,0,10,0
7512,conv2d_15,"(1, 2, 24, 17)",23,10,10,10,10,10,1,9,0
7513,conv2d_15,"(2, 0, 44, 29)",13,10,10,10,10,10,0,10,0
7514,conv2d_15,"(2, 2, 21, 42)",1,10,10,10,10,10,0,10,0
7515,conv2d_15,"(1, 1, 3, 43)",2,10,10,10,10,10,4,6,0
7516,conv2d_15,"(2, 2, 11, 63)",28,10,10,10,10,10,0,10,0
7517,conv2d_15,"(1, 1, 46, 27)",8,10,10,10,10,10,0,10,0
7518,conv2d_15,"(1, 2, 23, 45)",30,10,0,4,0,4,0,0,10
7519,conv2d_15,"(1, 1, 62, 63)",18,10,10,10,10,10,0,10,0
7520,conv2d_15,"(1, 2, 49, 35)",15,10,10,10,10,10,0,10,0
7521,conv2d_15,"(1, 1, 39, 4)",3,10,10,10,10,10,3,7,0
7522,conv2d_15,"(0, 1, 55, 6)",8,10,10,10,10,10,0,10,0
7523,conv2d_15,"(2, 1, 38, 49)",8,10,10,10,10,10,0,10,0
7524,conv2d_15,"(1, 0, 46, 58)",31,10,10,10,10,10,0,10,0
7525,conv2d_15,"(2, 1, 29, 59)",18,10,10,10,10,10,10,0,0
7526,conv2d_15,"(2, 0, 2, 48)",8,10,10,10,10,10,1,9,0
7527,conv2d_15,"(1, 0, 2, 15)",29,10,10,10,10,10,0,10,0
7528,conv2d_15,"(1, 1, 46, 20)",12,10,10,10,10,10,0,10,0
7529,conv2d_15,"(0, 1, 5, 55)",3,10,10,10,10,10,4,6,0
7530,conv2d_15,"(2, 2, 18, 28)",16,10,10,10,10,10,10,0,0
7531,conv2d_15,"(1, 2, 3, 59)",9,10,10,10,10,10,10,0,0
7532,conv2d_15,"(1, 2, 17, 50)",6,10,10,10,10,10,2,8,0
7533,conv2d_15,"(0, 0, 37, 61)",25,10,10,10,10,10,0,10,0
7534,conv2d_15,"(0, 1, 27, 7)",3,10,10,10,10,10,2,8,0
7535,conv2d_15,"(0, 2, 38, 29)",16,10,10,10,10,10,1,9,0
7536,conv2d_15,"(1, 2, 19, 34)",22,10,10,10,10,10,0,10,0
7537,conv2d_15,"(1, 0, 31, 19)",31,10,10,10,10,10,0,10,0
7538,conv2d_15,"(2, 1, 53, 33)",21,10,10,10,10,10,0,10,0
7539,conv2d_15,"(2, 2, 45, 39)",22,10,10,10,10,10,0,10,0
7540,conv2d_15,"(0, 1, 14, 58)",12,10,10,10,10,10,0,10,0
7541,conv2d_15,"(2, 1, 63, 13)",9,10,10,10,10,10,10,0,0
7542,conv2d_15,"(2, 0, 13, 56)",8,10,10,10,10,10,1,9,0
7543,conv2d_15,"(0, 0, 35, 18)",13,10,10,10,10,10,0,10,0
7544,conv2d_15,"(2, 0, 50, 26)",30,10,2,2,2,2,0,2,8
7545,conv2d_15,"(1, 1, 13, 49)",17,10,10,10,10,10,0,10,0
7546,conv2d_15,"(0, 1, 35, 3)",24,10,10,10,10,10,0,10,0
7547,conv2d_15,"(0, 0, 46, 43)",10,10,10,10,10,10,1,9,0
7548,conv2d_15,"(2, 0, 29, 48)",7,10,10,10,10,10,1,9,0
7549,conv2d_15,"(0, 0, 44, 2)",8,10,10,10,10,10,0,10,0
7550,conv2d_15,"(1, 2, 4, 20)",18,10,10,10,10,10,0,10,0
7551,conv2d_15,"(0, 2, 45, 43)",8,10,10,10,10,10,0,10,0
7552,conv2d_15,"(1, 1, 53, 56)",17,10,10,10,10,10,0,10,0
7553,conv2d_15,"(2, 0, 26, 23)",20,10,10,10,10,10,0,10,0
7554,conv2d_15,"(0, 2, 27, 33)",29,10,10,10,10,10,0,10,0
7555,conv2d_15,"(2, 1, 17, 24)",13,10,10,10,10,10,1,9,0
7556,conv2d_15,"(0, 1, 23, 53)",7,10,10,10,10,10,0,10,0
7557,conv2d_15,"(0, 1, 1, 5)",0,10,10,10,10,10,10,0,0
7558,conv2d_15,"(0, 0, 56, 62)",16,10,10,10,10,10,1,9,0
7559,conv2d_15,"(2, 2, 32, 24)",24,10,10,10,10,10,0,10,0
7560,conv2d_15,"(0, 1, 43, 48)",4,10,10,10,10,10,4,6,0
7561,conv2d_15,"(1, 0, 45, 46)",7,10,10,10,10,10,0,10,0
7562,conv2d_15,"(0, 0, 45, 3)",12,10,10,10,10,10,0,10,0
7563,conv2d_15,"(0, 0, 58, 8)",23,10,10,10,10,10,0,10,0
7564,conv2d_15,"(2, 0, 60, 6)",14,10,10,10,10,10,0,10,0
7565,conv2d_15,"(0, 0, 57, 59)",8,10,10,10,10,10,10,0,0
7566,conv2d_15,"(1, 0, 24, 60)",19,10,10,10,10,10,0,10,0
7567,conv2d_15,"(0, 2, 6, 43)",29,10,10,10,10,10,1,9,0
7568,conv2d_15,"(2, 0, 3, 47)",26,10,10,10,10,10,1,9,0
7569,conv2d_15,"(2, 0, 0, 2)",30,10,0,6,0,6,0,0,10
7570,conv2d_15,"(0, 2, 22, 19)",30,10,0,3,0,3,0,0,10
7571,conv2d_15,"(0, 2, 20, 10)",17,10,10,10,10,10,0,10,0
7572,conv2d_15,"(0, 2, 23, 44)",20,10,10,10,10,10,0,10,0
7573,conv2d_15,"(0, 0, 4, 52)",13,10,10,10,10,10,0,10,0
7574,conv2d_15,"(2, 2, 41, 9)",29,10,10,10,10,10,0,10,0
7575,conv2d_15,"(1, 1, 14, 44)",28,10,10,10,10,10,0,10,0
7576,conv2d_15,"(0, 0, 25, 3)",0,10,10,10,10,10,9,1,0
7577,conv2d_15,"(0, 2, 55, 7)",18,10,10,10,10,10,0,10,0
7578,conv2d_15,"(1, 0, 59, 8)",10,10,10,10,10,10,0,10,0
7579,conv2d_15,"(0, 0, 15, 35)",3,10,10,10,10,10,0,10,0
7580,conv2d_15,"(1, 2, 54, 56)",22,10,10,10,10,10,0,10,0
7581,conv2d_15,"(1, 2, 41, 62)",21,10,10,10,10,10,1,9,0
7582,conv2d_15,"(2, 0, 43, 0)",19,10,10,10,10,10,10,0,0
7583,conv2d_15,"(1, 2, 5, 42)",28,10,10,10,10,10,0,10,0
7584,conv2d_15,"(1, 1, 31, 22)",18,10,10,10,10,10,0,10,0
7585,conv2d_15,"(1, 0, 16, 50)",27,10,10,10,10,10,0,10,0
7586,conv2d_15,"(2, 0, 13, 43)",18,10,10,10,10,10,1,9,0
7587,conv2d_15,"(1, 0, 5, 17)",17,10,10,10,10,10,1,9,0
7588,conv2d_15,"(2, 2, 5, 41)",16,10,10,10,10,10,0,10,0
7589,conv2d_15,"(0, 1, 18, 51)",24,10,10,10,10,10,0,10,0
7590,conv2d_15,"(1, 2, 24, 33)",12,10,10,10,10,10,1,9,0
7591,conv2d_15,"(1, 2, 13, 36)",24,10,10,10,10,10,0,10,0
7592,conv2d_15,"(0, 1, 32, 57)",26,10,10,10,10,10,0,10,0
7593,conv2d_15,"(1, 1, 40, 46)",4,10,10,10,10,10,4,6,0
7594,conv2d_15,"(1, 2, 6, 11)",27,10,10,10,10,10,0,10,0
7595,conv2d_15,"(1, 1, 19, 58)",5,10,10,10,10,10,2,8,0
7596,conv2d_15,"(2, 2, 30, 57)",28,10,10,10,10,10,0,10,0
7597,conv2d_15,"(1, 1, 27, 40)",3,10,10,10,10,10,4,6,0
7598,conv2d_15,"(1, 2, 20, 9)",13,10,10,10,10,10,0,10,0
7599,conv2d_15,"(2, 1, 55, 14)",22,10,10,10,10,10,1,9,0
7600,conv2d_15,"(0, 1, 33, 18)",0,10,10,10,10,10,5,5,0
7601,conv2d_15,"(0, 1, 56, 34)",2,10,10,10,10,10,2,8,0
7602,conv2d_15,"(1, 1, 25, 61)",4,10,10,10,10,10,1,9,0
7603,conv2d_15,"(1, 2, 47, 57)",11,10,10,10,10,10,0,10,0
7604,conv2d_15,"(0, 0, 17, 55)",10,10,10,10,10,10,0,10,0
7605,conv2d_15,"(1, 1, 26, 60)",7,10,10,10,10,10,0,10,0
7606,conv2d_15,"(1, 1, 46, 18)",11,10,10,10,10,10,0,10,0
7607,conv2d_15,"(0, 0, 19, 9)",1,10,10,10,10,10,0,10,0
7608,conv2d_15,"(2, 2, 58, 43)",22,10,10,10,10,10,0,10,0
7609,conv2d_15,"(0, 0, 47, 14)",19,10,10,10,10,10,0,10,0
7610,conv2d_15,"(1, 1, 43, 23)",1,10,10,10,10,10,6,4,0
7611,conv2d_15,"(1, 1, 0, 0)",13,10,10,10,10,10,10,0,0
7612,conv2d_15,"(2, 0, 5, 52)",1,10,10,10,10,10,10,0,0
7613,conv2d_15,"(0, 0, 34, 25)",25,10,10,10,10,10,0,10,0
7614,conv2d_15,"(0, 2, 24, 43)",20,10,10,10,10,10,1,9,0
7615,conv2d_15,"(2, 2, 34, 55)",28,10,10,10,10,10,0,10,0
7616,conv2d_15,"(2, 1, 3, 56)",2,10,10,10,10,10,7,3,0
7617,conv2d_15,"(0, 1, 5, 54)",17,10,10,10,10,10,0,10,0
7618,conv2d_15,"(1, 0, 12, 48)",15,10,10,10,10,10,0,10,0
7619,conv2d_15,"(0, 1, 4, 56)",5,10,10,10,10,10,0,10,0
7620,conv2d_15,"(1, 0, 39, 62)",24,10,10,10,10,10,0,10,0
7621,conv2d_15,"(2, 2, 10, 56)",24,10,10,10,10,10,1,9,0
7622,conv2d_15,"(1, 0, 58, 30)",5,10,10,10,10,10,8,2,0
7623,conv2d_15,"(2, 1, 61, 45)",19,10,10,10,10,10,0,10,0
7624,conv2d_15,"(1, 1, 41, 0)",27,10,10,10,10,10,10,0,0
7625,conv2d_15,"(2, 0, 15, 54)",18,10,10,10,10,10,0,10,0
7626,conv2d_15,"(0, 1, 39, 63)",10,10,10,10,10,10,0,10,0
7627,conv2d_15,"(0, 2, 46, 62)",4,10,10,10,10,10,0,10,0
7628,conv2d_15,"(2, 2, 13, 32)",30,10,1,6,1,6,0,1,9
7629,conv2d_15,"(0, 2, 53, 22)",16,10,10,10,10,10,0,10,0
7630,conv2d_15,"(2, 0, 10, 22)",8,10,10,10,10,10,0,10,0
7631,conv2d_15,"(2, 2, 28, 26)",10,10,10,10,10,10,0,10,0
7632,conv2d_15,"(2, 0, 40, 15)",0,10,10,10,10,10,10,0,0
7633,conv2d_15,"(0, 0, 15, 59)",0,10,10,10,10,10,10,0,0
7634,conv2d_15,"(2, 1, 34, 37)",22,10,10,10,10,10,0,10,0
7635,conv2d_15,"(1, 0, 58, 53)",23,10,10,10,10,10,0,10,0
7636,conv2d_15,"(2, 1, 14, 34)",24,10,10,10,10,10,0,10,0
7637,conv2d_15,"(1, 1, 0, 49)",26,10,10,10,10,10,0,10,0
7638,conv2d_15,"(0, 1, 10, 29)",19,10,10,10,10,10,1,9,0
7639,conv2d_15,"(2, 1, 56, 47)",31,10,10,10,10,10,1,9,0
7640,conv2d_15,"(1, 1, 51, 57)",27,10,10,10,10,10,1,9,0
7641,conv2d_15,"(1, 1, 51, 49)",25,10,10,10,10,10,0,10,0
7642,conv2d_15,"(0, 0, 45, 5)",21,10,10,10,10,10,0,10,0
7643,conv2d_15,"(1, 1, 55, 17)",20,10,10,10,10,10,1,9,0
7644,conv2d_15,"(1, 1, 9, 23)",3,10,10,10,10,10,9,1,0
7645,conv2d_15,"(2, 0, 63, 36)",31,10,10,10,10,10,10,0,0
7646,conv2d_15,"(1, 1, 59, 18)",17,10,10,10,10,10,0,10,0
7647,conv2d_15,"(0, 1, 21, 18)",4,10,10,10,10,10,5,5,0
7648,conv2d_15,"(1, 2, 5, 46)",10,10,10,10,10,10,0,10,0
7649,conv2d_15,"(2, 2, 29, 59)",27,10,10,10,10,10,10,0,0
7650,conv2d_15,"(0, 1, 4, 35)",30,10,2,4,2,4,0,2,8
7651,conv2d_15,"(1, 1, 39, 17)",12,10,10,10,10,10,0,10,0
7652,conv2d_15,"(0, 0, 31, 4)",16,10,10,10,10,10,0,10,0
7653,conv2d_15,"(0, 0, 7, 31)",12,10,10,10,10,10,0,10,0
7654,conv2d_15,"(0, 0, 30, 30)",6,10,10,10,10,10,0,10,0
7655,conv2d_15,"(2, 0, 33, 14)",25,10,10,10,10,10,0,10,0
7656,conv2d_15,"(2, 2, 32, 45)",20,10,10,10,10,10,0,10,0
7657,conv2d_15,"(1, 1, 63, 43)",8,10,10,10,10,10,10,0,0
7658,conv2d_15,"(0, 2, 45, 37)",25,10,10,10,10,10,0,10,0
7659,conv2d_15,"(0, 1, 43, 13)",12,10,10,10,10,10,0,10,0
7660,conv2d_15,"(1, 1, 58, 52)",29,10,10,10,10,10,1,9,0
7661,conv2d_15,"(0, 1, 40, 27)",12,10,10,10,10,10,0,10,0
7662,conv2d_15,"(2, 0, 11, 58)",21,10,10,10,10,10,0,10,0
7663,conv2d_15,"(1, 2, 50, 44)",27,10,10,10,10,10,0,10,0
7664,conv2d_15,"(2, 2, 26, 31)",22,10,10,10,10,10,0,10,0
7665,conv2d_15,"(0, 1, 32, 55)",9,10,10,10,10,10,0,10,0
7666,conv2d_15,"(0, 2, 49, 41)",7,10,10,10,10,10,2,8,0
7667,conv2d_15,"(0, 1, 55, 14)",27,10,10,10,10,10,2,8,0
7668,conv2d_15,"(1, 2, 60, 39)",10,10,10,10,10,10,1,9,0
7669,conv2d_15,"(2, 2, 50, 25)",18,10,10,10,10,10,0,10,0
7670,conv2d_15,"(2, 1, 55, 17)",7,10,10,10,10,10,3,7,0
7671,conv2d_15,"(0, 1, 58, 62)",30,10,1,3,1,3,0,1,9
7672,conv2d_15,"(0, 0, 11, 6)",31,10,10,10,10,10,0,10,0
7673,conv2d_15,"(2, 2, 7, 9)",20,10,10,10,10,10,0,10,0
7674,conv2d_15,"(0, 2, 1, 16)",29,10,10,10,10,10,1,9,0
7675,conv2d_15,"(0, 0, 12, 20)",23,10,10,10,10,10,0,10,0
7676,conv2d_15,"(2, 1, 5, 9)",22,10,10,10,10,10,0,10,0
7677,conv2d_15,"(1, 2, 21, 48)",17,10,10,10,10,10,1,9,0
7678,conv2d_15,"(0, 0, 23, 53)",6,10,10,10,10,10,0,10,0
7679,conv2d_15,"(1, 1, 43, 50)",13,10,10,10,10,10,1,9,0
7680,conv2d_15,"(2, 1, 27, 30)",2,10,10,10,10,10,3,7,0
7681,conv2d_15,"(0, 2, 36, 19)",8,10,10,10,10,10,0,10,0
7682,conv2d_15,"(1, 0, 16, 49)",5,10,10,10,10,10,0,10,0
7683,conv2d_15,"(0, 0, 1, 35)",31,10,10,10,10,10,0,10,0
7684,conv2d_15,"(2, 2, 40, 40)",18,10,10,10,10,10,1,9,0
7685,conv2d_15,"(0, 0, 35, 8)",9,10,10,10,10,10,0,10,0
7686,conv2d_15,"(0, 1, 38, 36)",3,10,10,10,10,10,10,0,0
7687,conv2d_15,"(1, 0, 35, 62)",13,10,10,10,10,10,0,10,0
7688,conv2d_15,"(2, 0, 23, 31)",29,10,10,10,10,10,0,10,0
7689,conv2d_15,"(1, 1, 17, 3)",0,10,10,10,10,10,9,1,0
7690,conv2d_15,"(0, 0, 25, 38)",0,10,10,10,10,10,10,0,0
7691,conv2d_15,"(0, 2, 61, 59)",11,10,10,10,10,10,10,0,0
7692,conv2d_15,"(2, 2, 42, 30)",15,10,10,10,10,10,0,10,0
7693,conv2d_15,"(1, 2, 62, 16)",14,10,10,10,10,10,2,8,0
7694,conv2d_15,"(1, 1, 55, 62)",16,10,10,10,10,10,0,10,0
7695,conv2d_15,"(0, 1, 50, 56)",8,10,10,10,10,10,0,10,0
7696,conv2d_15,"(1, 0, 45, 56)",21,10,10,10,10,10,0,10,0
7697,conv2d_15,"(2, 0, 39, 41)",18,10,10,10,10,10,1,9,0
7698,conv2d_15,"(0, 1, 12, 59)",26,10,10,10,10,10,9,1,0
7699,conv2d_15,"(1, 2, 13, 54)",15,10,10,10,10,10,0,10,0
7700,conv2d_15,"(2, 1, 16, 27)",11,10,10,10,10,10,0,10,0
7701,conv2d_15,"(0, 0, 6, 59)",22,10,10,10,10,10,10,0,0
7702,conv2d_15,"(0, 1, 12, 7)",14,10,10,10,10,10,0,10,0
7703,conv2d_15,"(1, 0, 6, 31)",30,10,0,5,0,5,0,0,10
7704,conv2d_15,"(1, 1, 23, 42)",30,10,2,4,2,4,0,2,8
7705,conv2d_15,"(2, 2, 27, 24)",4,10,10,10,10,10,5,5,0
7706,conv2d_15,"(0, 1, 5, 16)",7,10,10,10,10,10,5,5,0
7707,conv2d_15,"(1, 1, 18, 14)",15,10,10,10,10,10,0,10,0
7708,conv2d_15,"(1, 2, 40, 46)",5,10,10,10,10,10,0,10,0
7709,conv2d_15,"(0, 2, 23, 36)",5,10,10,10,10,10,0,10,0
7710,conv2d_15,"(0, 0, 23, 53)",25,10,10,10,10,10,0,10,0
7711,conv2d_15,"(0, 0, 11, 41)",17,10,10,10,10,10,0,10,0
7712,conv2d_15,"(1, 1, 24, 32)",13,10,10,10,10,10,0,10,0
7713,conv2d_15,"(1, 1, 34, 50)",13,10,10,10,10,10,1,9,0
7714,conv2d_15,"(2, 0, 53, 20)",16,10,10,10,10,10,1,9,0
7715,conv2d_15,"(2, 2, 20, 18)",0,10,10,10,10,10,6,4,0
7716,conv2d_15,"(2, 0, 59, 7)",10,10,10,10,10,10,0,10,0
7717,conv2d_15,"(2, 2, 50, 56)",15,10,10,10,10,10,0,10,0
7718,conv2d_15,"(1, 2, 20, 40)",3,10,10,10,10,10,10,0,0
7719,conv2d_15,"(2, 1, 40, 57)",6,10,10,10,10,10,0,10,0
7720,conv2d_15,"(0, 2, 27, 7)",23,10,10,10,10,10,0,10,0
7721,conv2d_15,"(0, 0, 5, 27)",2,10,10,10,10,10,5,5,0
7722,conv2d_15,"(0, 2, 54, 7)",8,10,10,10,10,10,0,10,0
7723,conv2d_15,"(2, 1, 54, 43)",28,10,10,10,10,10,1,9,0
7724,conv2d_15,"(1, 1, 36, 42)",26,10,10,10,10,10,0,10,0
7725,conv2d_15,"(0, 2, 61, 15)",19,10,10,10,10,10,0,10,0
7726,conv2d_15,"(0, 1, 3, 59)",17,10,10,10,10,10,10,0,0
7727,conv2d_15,"(0, 0, 27, 53)",18,10,10,10,10,10,0,10,0
7728,conv2d_15,"(2, 2, 45, 48)",26,10,10,10,10,10,0,10,0
7729,conv2d_15,"(1, 1, 8, 36)",26,10,10,10,10,10,0,10,0
7730,conv2d_15,"(0, 1, 42, 25)",20,10,10,10,10,10,0,10,0
7731,conv2d_15,"(1, 0, 26, 63)",23,10,10,10,10,10,0,10,0
7732,conv2d_15,"(1, 2, 63, 13)",24,10,10,10,10,10,10,0,0
7733,conv2d_15,"(2, 1, 46, 45)",20,10,10,10,10,10,0,10,0
7734,conv2d_15,"(0, 2, 1, 52)",14,10,10,10,10,10,0,10,0
7735,conv2d_15,"(2, 1, 57, 28)",9,10,10,10,10,10,10,0,0
7736,conv2d_15,"(2, 1, 50, 23)",16,10,10,10,10,10,0,10,0
7737,conv2d_15,"(0, 2, 11, 17)",10,10,10,10,10,10,2,8,0
7738,conv2d_15,"(1, 0, 16, 23)",16,10,10,10,10,10,0,10,0
7739,conv2d_15,"(1, 2, 45, 43)",23,10,10,10,10,10,0,10,0
7740,conv2d_15,"(2, 0, 58, 25)",14,10,10,10,10,10,0,10,0
7741,conv2d_15,"(1, 0, 50, 62)",17,10,10,10,10,10,0,10,0
7742,conv2d_15,"(0, 1, 36, 8)",19,10,10,10,10,10,0,10,0
7743,conv2d_15,"(0, 2, 7, 27)",30,10,1,6,1,6,0,1,9
7744,conv2d_15,"(0, 1, 9, 5)",9,10,10,10,10,10,0,10,0
7745,conv2d_15,"(0, 0, 18, 22)",12,10,10,10,10,10,0,10,0
7746,conv2d_15,"(1, 2, 19, 46)",12,10,10,10,10,10,0,10,0
7747,conv2d_15,"(2, 2, 21, 19)",23,10,10,10,10,10,0,10,0
7748,conv2d_15,"(2, 2, 11, 4)",19,10,10,10,10,10,0,10,0
7749,conv2d_15,"(2, 1, 17, 50)",1,10,10,10,10,10,10,0,0
7750,conv2d_15,"(2, 2, 55, 58)",21,10,10,10,10,10,0,10,0
7751,conv2d_15,"(2, 1, 6, 25)",13,10,10,10,10,10,1,9,0
7752,conv2d_15,"(1, 1, 63, 37)",1,10,10,10,10,10,10,0,0
7753,conv2d_15,"(2, 0, 56, 6)",19,10,10,10,10,10,2,8,0
7754,conv2d_15,"(1, 1, 51, 38)",24,10,10,10,10,10,0,10,0
7755,conv2d_15,"(1, 2, 28, 39)",0,10,10,10,10,10,2,8,0
7756,conv2d_15,"(2, 1, 26, 39)",10,10,10,10,10,10,0,10,0
7757,conv2d_15,"(2, 1, 2, 45)",21,10,10,10,10,10,0,10,0
7758,conv2d_15,"(2, 1, 42, 23)",10,10,10,10,10,10,0,10,0
7759,conv2d_15,"(1, 1, 23, 61)",9,10,10,10,10,10,1,9,0
7760,conv2d_15,"(1, 1, 18, 26)",10,10,10,10,10,10,0,10,0
7761,conv2d_15,"(2, 1, 31, 62)",26,10,10,10,10,10,0,10,0
7762,conv2d_15,"(0, 2, 60, 21)",17,10,10,10,10,10,0,10,0
7763,conv2d_15,"(0, 2, 22, 59)",15,10,10,10,10,10,10,0,0
7764,conv2d_15,"(1, 1, 32, 32)",25,10,10,10,10,10,0,10,0
7765,conv2d_15,"(1, 0, 5, 13)",19,10,10,10,10,10,0,10,0
7766,conv2d_15,"(2, 0, 11, 49)",24,10,10,10,10,10,0,10,0
7767,conv2d_15,"(2, 2, 21, 50)",24,10,10,10,10,10,0,10,0
7768,conv2d_15,"(1, 1, 21, 60)",16,10,10,10,10,10,0,10,0
7769,conv2d_15,"(2, 2, 31, 2)",23,10,10,10,10,10,0,10,0
7770,conv2d_15,"(2, 2, 54, 10)",20,10,10,10,10,10,0,10,0
7771,conv2d_15,"(0, 2, 11, 53)",19,10,10,10,10,10,0,10,0
7772,conv2d_15,"(2, 2, 6, 34)",14,10,10,10,10,10,0,10,0
7773,conv2d_15,"(2, 0, 12, 30)",1,10,10,10,10,10,7,3,0
7774,conv2d_15,"(2, 2, 50, 15)",12,10,10,10,10,10,0,10,0
7775,conv2d_15,"(1, 2, 60, 34)",4,10,10,10,10,10,1,9,0
7776,conv2d_15,"(1, 1, 26, 17)",15,10,10,10,10,10,1,9,0
7777,conv2d_15,"(2, 0, 11, 0)",10,10,10,10,10,10,10,0,0
7778,conv2d_15,"(1, 0, 9, 3)",6,10,10,10,10,10,0,10,0
7779,conv2d_15,"(0, 0, 23, 46)",9,10,10,10,10,10,0,10,0
7780,conv2d_15,"(1, 0, 12, 30)",13,10,10,10,10,10,0,10,0
7781,conv2d_15,"(0, 1, 24, 9)",13,10,10,10,10,10,0,10,0
7782,conv2d_15,"(0, 2, 37, 8)",11,10,10,10,10,10,0,10,0
7783,conv2d_15,"(1, 0, 21, 10)",11,10,10,10,10,10,0,10,0
7784,conv2d_15,"(2, 2, 15, 31)",27,10,10,10,10,10,0,10,0
7785,conv2d_15,"(0, 0, 23, 61)",11,10,10,10,10,10,0,10,0
7786,conv2d_15,"(0, 0, 2, 44)",29,10,10,10,10,10,0,10,0
7787,conv2d_15,"(1, 2, 40, 62)",0,10,10,10,10,10,6,4,0
7788,conv2d_15,"(2, 0, 0, 0)",5,10,10,10,10,10,10,0,0
7789,conv2d_15,"(1, 0, 48, 59)",11,10,10,10,10,10,10,0,0
7790,conv2d_15,"(2, 0, 39, 37)",16,10,10,10,10,10,0,10,0
7791,conv2d_15,"(0, 1, 61, 27)",4,10,10,10,10,10,4,6,0
7792,conv2d_15,"(2, 1, 36, 40)",19,10,10,10,10,10,0,10,0
7793,conv2d_15,"(0, 1, 14, 55)",3,10,10,10,10,10,3,7,0
7794,conv2d_15,"(0, 1, 1, 57)",9,10,10,10,10,10,1,9,0
7795,conv2d_15,"(1, 0, 4, 23)",2,10,10,10,10,10,5,5,0
7796,conv2d_15,"(2, 2, 1, 30)",12,10,10,10,10,10,0,10,0
7797,conv2d_15,"(0, 0, 14, 36)",10,10,10,10,10,10,0,10,0
7798,conv2d_15,"(2, 2, 48, 14)",0,10,10,10,10,10,3,7,0
7799,conv2d_15,"(2, 2, 47, 3)",13,10,10,10,10,10,0,10,0
7800,conv2d_15,"(2, 0, 33, 22)",14,10,10,10,10,10,0,10,0
7801,conv2d_15,"(0, 2, 44, 17)",28,10,10,10,10,10,0,10,0
7802,conv2d_15,"(1, 0, 20, 49)",2,10,10,10,10,10,7,3,0
7803,conv2d_15,"(0, 0, 11, 20)",6,10,10,10,10,10,0,10,0
7804,conv2d_15,"(2, 1, 59, 55)",18,10,10,10,10,10,0,10,0
7805,conv2d_15,"(0, 1, 27, 21)",31,10,10,10,10,10,0,10,0
7806,conv2d_15,"(2, 0, 12, 3)",25,10,10,10,10,10,0,10,0
7807,conv2d_15,"(0, 1, 14, 57)",29,10,10,10,10,10,0,10,0
7808,conv2d_15,"(2, 0, 17, 52)",11,10,10,10,10,10,0,10,0
7809,conv2d_15,"(1, 0, 12, 40)",25,10,10,10,10,10,0,10,0
7810,conv2d_15,"(1, 1, 21, 32)",14,10,10,10,10,10,0,10,0
7811,conv2d_15,"(0, 0, 21, 2)",19,10,10,10,10,10,0,10,0
7812,conv2d_15,"(2, 1, 61, 10)",13,10,10,10,10,10,0,10,0
7813,conv2d_15,"(2, 0, 36, 2)",23,10,10,10,10,10,0,10,0
7814,conv2d_15,"(2, 2, 9, 25)",17,10,10,10,10,10,0,10,0
7815,conv2d_15,"(2, 1, 7, 9)",1,10,10,10,10,10,8,2,0
7816,conv2d_15,"(1, 0, 41, 57)",16,10,10,10,10,10,0,10,0
7817,conv2d_15,"(2, 1, 20, 40)",26,10,10,10,10,10,0,10,0
7818,conv2d_15,"(0, 0, 57, 62)",31,10,10,10,10,10,0,10,0
7819,conv2d_15,"(1, 2, 55, 32)",31,10,10,10,10,10,0,10,0
7820,conv2d_15,"(2, 2, 0, 6)",14,10,10,10,10,10,0,10,0
7821,conv2d_15,"(1, 1, 57, 3)",18,10,10,10,10,10,1,9,0
7822,conv2d_15,"(2, 0, 43, 5)",20,10,10,10,10,10,0,10,0
7823,conv2d_15,"(0, 1, 0, 41)",10,10,10,10,10,10,1,9,0
7824,conv2d_15,"(1, 2, 21, 56)",28,10,10,10,10,10,0,10,0
7825,conv2d_15,"(2, 0, 17, 31)",1,10,10,10,10,10,8,2,0
7826,conv2d_15,"(0, 0, 30, 15)",23,10,10,10,10,10,0,10,0
7827,conv2d_15,"(0, 0, 11, 13)",12,10,10,10,10,10,0,10,0
7828,conv2d_15,"(1, 0, 3, 32)",24,10,10,10,10,10,0,10,0
7829,conv2d_15,"(2, 2, 9, 3)",2,10,10,10,10,10,0,10,0
7830,conv2d_15,"(0, 1, 3, 46)",2,10,10,10,10,10,3,7,0
7831,conv2d_15,"(0, 0, 40, 51)",30,10,2,6,2,6,0,2,8
7832,conv2d_15,"(0, 2, 60, 34)",5,10,10,10,10,10,4,6,0
7833,conv2d_15,"(2, 1, 6, 58)",17,10,10,10,10,10,1,9,0
7834,conv2d_15,"(2, 1, 56, 45)",25,10,10,10,10,10,0,10,0
7835,conv2d_15,"(0, 1, 11, 24)",3,10,10,10,10,10,9,1,0
7836,conv2d_15,"(1, 2, 3, 57)",19,10,10,10,10,10,0,10,0
7837,conv2d_15,"(2, 2, 31, 10)",7,10,10,10,10,10,1,9,0
7838,conv2d_15,"(0, 1, 15, 7)",21,10,10,10,10,10,0,10,0
7839,conv2d_15,"(2, 1, 63, 52)",29,10,10,10,10,10,10,0,0
7840,conv2d_15,"(0, 2, 53, 56)",21,10,10,10,10,10,0,10,0
7841,conv2d_15,"(2, 1, 34, 16)",1,10,10,10,10,10,10,0,0
7842,conv2d_15,"(0, 2, 61, 12)",9,10,10,10,10,10,0,10,0
7843,conv2d_15,"(1, 1, 57, 12)",21,10,10,10,10,10,0,10,0
7844,conv2d_15,"(1, 0, 61, 9)",8,10,10,10,10,10,0,10,0
7845,conv2d_15,"(2, 0, 26, 19)",16,10,10,10,10,10,0,10,0
7846,conv2d_15,"(1, 1, 29, 44)",10,10,10,10,10,10,0,10,0
7847,conv2d_15,"(2, 0, 58, 56)",20,10,10,10,10,10,0,10,0
7848,conv2d_15,"(0, 2, 19, 24)",22,10,10,10,10,10,0,10,0
7849,conv2d_15,"(2, 2, 34, 23)",30,10,3,4,3,4,0,3,7
7850,conv2d_15,"(2, 2, 46, 30)",31,10,10,10,10,10,0,10,0
7851,conv2d_15,"(0, 2, 58, 22)",12,10,10,10,10,10,0,10,0
7852,conv2d_15,"(2, 1, 43, 27)",1,10,10,10,10,10,7,3,0
7853,conv2d_15,"(0, 2, 32, 20)",15,10,10,10,10,10,0,10,0
7854,conv2d_15,"(0, 2, 54, 51)",19,10,10,10,10,10,1,9,0
7855,conv2d_15,"(2, 1, 36, 49)",17,10,10,10,10,10,0,10,0
7856,conv2d_15,"(0, 2, 58, 17)",14,10,10,10,10,10,1,9,0
7857,conv2d_15,"(2, 1, 50, 40)",8,10,10,10,10,10,1,9,0
7858,conv2d_15,"(2, 2, 9, 30)",26,10,10,10,10,10,0,10,0
7859,conv2d_15,"(0, 0, 51, 58)",30,10,1,6,1,6,0,1,9
7860,conv2d_15,"(0, 0, 42, 31)",19,10,10,10,10,10,0,10,0
7861,conv2d_15,"(2, 0, 49, 0)",3,10,10,10,10,10,10,0,0
7862,conv2d_15,"(1, 0, 52, 13)",15,10,10,10,10,10,0,10,0
7863,conv2d_15,"(0, 1, 7, 34)",8,10,10,10,10,10,1,9,0
7864,conv2d_15,"(1, 2, 47, 11)",12,10,10,10,10,10,0,10,0
7865,conv2d_15,"(0, 1, 43, 32)",13,10,10,10,10,10,0,10,0
7866,conv2d_15,"(2, 2, 21, 51)",26,10,10,10,10,10,0,10,0
7867,conv2d_15,"(0, 1, 27, 23)",29,10,10,10,10,10,0,10,0
7868,conv2d_15,"(1, 1, 36, 4)",23,10,10,10,10,10,0,10,0
7869,conv2d_15,"(2, 2, 15, 46)",19,10,10,10,10,10,0,10,0
7870,conv2d_15,"(1, 0, 34, 26)",5,10,10,10,10,10,0,10,0
7871,conv2d_15,"(1, 1, 13, 9)",16,10,10,10,10,10,0,10,0
7872,conv2d_15,"(2, 1, 37, 33)",30,10,2,7,2,7,0,2,8
7873,conv2d_15,"(0, 2, 21, 36)",19,10,10,10,10,10,0,10,0
7874,conv2d_15,"(1, 0, 38, 22)",7,10,10,10,10,10,0,10,0
7875,conv2d_15,"(0, 2, 9, 46)",7,10,10,10,10,10,0,10,0
7876,conv2d_15,"(1, 1, 52, 15)",11,10,10,10,10,10,0,10,0
7877,conv2d_15,"(1, 0, 49, 32)",28,10,10,10,10,10,1,9,0
7878,conv2d_15,"(1, 2, 32, 22)",13,10,10,10,10,10,0,10,0
7879,conv2d_15,"(2, 2, 27, 41)",31,10,10,10,10,10,0,10,0
7880,conv2d_15,"(1, 0, 15, 47)",0,10,10,10,10,10,5,5,0
7881,conv2d_15,"(1, 0, 59, 7)",16,10,10,10,10,10,0,10,0
7882,conv2d_15,"(2, 0, 9, 47)",17,10,10,10,10,10,1,9,0
7883,conv2d_15,"(2, 0, 22, 61)",3,10,10,10,10,10,4,6,0
7884,conv2d_15,"(2, 0, 59, 43)",16,10,10,10,10,10,1,9,0
7885,conv2d_15,"(0, 0, 25, 41)",5,10,10,10,10,10,5,5,0
7886,conv2d_15,"(1, 1, 32, 17)",15,10,10,10,10,10,1,9,0
7887,conv2d_15,"(0, 1, 49, 61)",13,10,10,10,10,10,1,9,0
7888,conv2d_15,"(1, 2, 9, 6)",26,10,10,10,10,10,0,10,0
7889,conv2d_15,"(1, 2, 54, 1)",24,10,10,10,10,10,0,10,0
7890,conv2d_15,"(1, 2, 3, 14)",26,10,10,10,10,10,2,8,0
7891,conv2d_15,"(1, 2, 57, 31)",6,10,10,10,10,10,0,10,0
7892,conv2d_15,"(2, 1, 8, 18)",2,10,10,10,10,10,2,8,0
7893,conv2d_15,"(0, 1, 43, 49)",4,10,10,10,10,10,0,10,0
7894,conv2d_15,"(0, 1, 56, 34)",0,10,10,10,10,10,4,6,0
7895,conv2d_15,"(0, 1, 13, 13)",0,10,10,10,10,10,10,0,0
7896,conv2d_15,"(0, 1, 24, 17)",2,10,10,10,10,10,7,3,0
7897,conv2d_15,"(0, 0, 32, 0)",30,10,1,4,1,4,0,1,9
7898,conv2d_15,"(2, 0, 53, 21)",8,10,10,10,10,10,0,10,0
7899,conv2d_15,"(0, 2, 22, 14)",25,10,10,10,10,10,0,10,0
7900,conv2d_15,"(2, 2, 33, 10)",18,10,10,10,10,10,0,10,0
7901,conv2d_15,"(0, 1, 47, 18)",25,10,10,10,10,10,0,10,0
7902,conv2d_15,"(2, 1, 57, 48)",10,10,10,10,10,10,1,9,0
7903,conv2d_15,"(2, 0, 7, 4)",18,10,10,10,10,10,0,10,0
7904,conv2d_15,"(1, 0, 35, 10)",16,10,10,10,10,10,0,10,0
7905,conv2d_15,"(2, 1, 1, 50)",14,10,10,10,10,10,2,8,0
7906,conv2d_15,"(0, 2, 21, 62)",27,10,10,10,10,10,0,10,0
7907,conv2d_15,"(2, 1, 45, 8)",10,10,10,10,10,10,0,10,0
7908,conv2d_15,"(1, 1, 34, 41)",30,10,6,9,6,9,0,6,4
7909,conv2d_15,"(1, 2, 27, 55)",10,10,10,10,10,10,0,10,0
7910,conv2d_15,"(1, 1, 3, 29)",31,10,10,10,10,10,0,10,0
7911,conv2d_15,"(2, 2, 60, 61)",13,10,10,10,10,10,0,10,0
7912,conv2d_15,"(1, 0, 56, 49)",30,10,5,7,5,7,0,5,5
7913,conv2d_15,"(0, 1, 12, 39)",13,10,10,10,10,10,0,10,0
7914,conv2d_15,"(1, 0, 13, 34)",17,10,10,10,10,10,0,10,0
7915,conv2d_15,"(0, 1, 7, 29)",27,10,10,10,10,10,0,10,0
7916,conv2d_15,"(2, 1, 17, 3)",26,10,10,10,10,10,0,10,0
7917,conv2d_15,"(2, 0, 54, 49)",26,10,10,10,10,10,0,10,0
7918,conv2d_15,"(1, 2, 45, 27)",29,10,10,10,10,10,0,10,0
7919,conv2d_15,"(1, 1, 2, 50)",5,10,10,10,10,10,1,9,0
7920,conv2d_15,"(0, 0, 11, 21)",18,10,10,10,10,10,0,10,0
7921,conv2d_15,"(0, 2, 49, 16)",8,10,10,10,10,10,7,3,0
7922,conv2d_15,"(2, 1, 39, 48)",6,10,10,10,10,10,6,4,0
7923,conv2d_15,"(1, 1, 16, 2)",18,10,10,10,10,10,0,10,0
7924,conv2d_15,"(2, 2, 44, 7)",14,10,10,10,10,10,0,10,0
7925,conv2d_15,"(1, 0, 51, 41)",21,10,10,10,10,10,1,9,0
7926,conv2d_15,"(2, 0, 35, 20)",30,10,3,7,3,7,0,3,7
7927,conv2d_15,"(0, 1, 42, 58)",26,10,10,10,10,10,0,10,0
7928,conv2d_15,"(1, 0, 41, 46)",31,10,10,10,10,10,0,10,0
7929,conv2d_15,"(2, 2, 45, 32)",9,10,10,10,10,10,0,10,0
7930,conv2d_15,"(0, 0, 9, 42)",21,10,10,10,10,10,0,10,0
7931,conv2d_15,"(1, 2, 53, 37)",3,10,10,10,10,10,9,1,0
7932,conv2d_15,"(1, 0, 62, 10)",10,10,10,10,10,10,1,9,0
7933,conv2d_15,"(2, 1, 22, 61)",27,10,10,10,10,10,0,10,0
7934,conv2d_15,"(0, 2, 20, 41)",25,10,10,10,10,10,0,10,0
7935,conv2d_15,"(2, 2, 32, 63)",3,10,10,10,10,10,0,10,0
7936,conv2d_15,"(0, 2, 7, 18)",21,10,10,10,10,10,0,10,0
7937,conv2d_15,"(1, 0, 4, 34)",3,10,10,10,10,10,3,7,0
7938,conv2d_15,"(1, 2, 11, 33)",5,10,10,10,10,10,0,10,0
7939,conv2d_15,"(0, 1, 36, 16)",20,10,10,10,10,10,1,9,0
7940,conv2d_15,"(0, 2, 40, 60)",21,10,10,10,10,10,0,10,0
7941,conv2d_15,"(2, 2, 25, 8)",30,10,1,5,1,5,0,1,9
7942,conv2d_15,"(1, 0, 31, 48)",18,10,10,10,10,10,0,10,0
7943,conv2d_15,"(1, 0, 9, 53)",27,10,10,10,10,10,0,10,0
7944,conv2d_15,"(1, 0, 2, 21)",22,10,10,10,10,10,0,10,0
7945,conv2d_15,"(1, 0, 2, 18)",13,10,10,10,10,10,0,10,0
7946,conv2d_15,"(0, 0, 52, 33)",31,10,10,10,10,10,0,10,0
7947,conv2d_15,"(1, 0, 24, 63)",11,10,10,10,10,10,0,10,0
7948,conv2d_15,"(2, 0, 44, 48)",13,10,10,10,10,10,0,10,0
7949,conv2d_15,"(0, 2, 36, 5)",4,10,10,10,10,10,0,10,0
7950,conv2d_15,"(1, 0, 10, 61)",15,10,10,10,10,10,1,9,0
7951,conv2d_15,"(0, 2, 29, 25)",23,10,10,10,10,10,0,10,0
7952,conv2d_15,"(0, 2, 36, 37)",19,10,10,10,10,10,0,10,0
7953,conv2d_15,"(2, 1, 53, 31)",3,10,10,10,10,10,3,7,0
7954,conv2d_15,"(2, 2, 2, 23)",12,10,10,10,10,10,0,10,0
7955,conv2d_15,"(1, 2, 28, 11)",3,10,10,10,10,10,2,8,0
7956,conv2d_15,"(0, 2, 8, 20)",15,10,10,10,10,10,0,10,0
7957,conv2d_15,"(2, 2, 62, 53)",26,10,10,10,10,10,0,10,0
7958,conv2d_15,"(1, 1, 58, 63)",15,10,10,10,10,10,0,10,0
7959,conv2d_15,"(1, 1, 43, 53)",19,10,10,10,10,10,0,10,0
7960,conv2d_15,"(1, 1, 44, 45)",3,10,10,10,10,10,10,0,0
7961,conv2d_15,"(2, 0, 32, 26)",21,10,10,10,10,10,0,10,0
7962,conv2d_15,"(1, 2, 25, 32)",7,10,10,10,10,10,1,9,0
7963,conv2d_15,"(0, 1, 6, 13)",13,10,10,10,10,10,0,10,0
7964,conv2d_15,"(0, 0, 47, 40)",3,10,10,10,10,10,2,8,0
7965,conv2d_15,"(2, 0, 24, 17)",12,10,10,10,10,10,2,8,0
7966,conv2d_15,"(1, 2, 26, 10)",4,10,10,10,10,10,0,10,0
7967,conv2d_15,"(1, 2, 40, 39)",1,10,10,10,10,10,6,4,0
7968,conv2d_15,"(0, 1, 2, 59)",16,10,10,10,10,10,10,0,0
7969,conv2d_15,"(0, 1, 55, 2)",0,10,10,10,10,10,9,1,0
7970,conv2d_15,"(1, 2, 56, 49)",6,10,10,10,10,10,0,10,0
7971,conv2d_15,"(2, 1, 15, 40)",19,10,10,10,10,10,1,9,0
7972,conv2d_15,"(0, 0, 55, 61)",26,10,10,10,10,10,0,10,0
7973,conv2d_15,"(2, 1, 31, 36)",8,10,10,10,10,10,0,10,0
7974,conv2d_15,"(0, 0, 58, 58)",11,10,10,10,10,10,0,10,0
7975,conv2d_15,"(1, 2, 6, 36)",20,10,10,10,10,10,0,10,0
7976,conv2d_15,"(1, 0, 21, 61)",2,10,10,10,10,10,6,4,0
7977,conv2d_15,"(2, 1, 29, 20)",13,10,10,10,10,10,0,10,0
7978,conv2d_15,"(0, 0, 59, 58)",23,10,10,10,10,10,0,10,0
7979,conv2d_15,"(2, 2, 33, 23)",5,10,10,10,10,10,1,9,0
7980,conv2d_15,"(0, 1, 45, 38)",21,10,10,10,10,10,0,10,0
7981,conv2d_15,"(1, 1, 35, 8)",18,10,10,10,10,10,0,10,0
7982,conv2d_15,"(1, 1, 55, 38)",9,10,10,10,10,10,2,8,0
7983,conv2d_15,"(0, 1, 0, 30)",4,10,10,10,10,10,3,7,0
7984,conv2d_15,"(1, 0, 21, 47)",24,10,10,10,10,10,2,8,0
7985,conv2d_15,"(1, 1, 46, 63)",31,10,10,10,10,10,0,10,0
7986,conv2d_15,"(2, 2, 8, 1)",30,10,0,3,0,3,0,0,10
7987,conv2d_15,"(0, 0, 44, 62)",19,10,10,10,10,10,0,10,0
7988,conv2d_15,"(0, 2, 57, 48)",14,10,10,10,10,10,1,9,0
7989,conv2d_15,"(0, 2, 62, 54)",21,10,10,10,10,10,0,10,0
7990,conv2d_15,"(2, 2, 16, 5)",1,10,10,10,10,10,6,4,0
7991,conv2d_15,"(2, 0, 39, 7)",29,10,10,10,10,10,0,10,0
7992,conv2d_15,"(2, 1, 4, 61)",15,10,10,10,10,10,0,10,0
7993,conv2d_15,"(0, 2, 54, 34)",15,10,10,10,10,10,1,9,0
7994,conv2d_15,"(0, 0, 52, 13)",19,10,10,10,10,10,0,10,0
7995,conv2d_15,"(2, 2, 62, 1)",8,10,10,10,10,10,1,9,0
7996,conv2d_15,"(1, 1, 49, 11)",30,10,0,4,0,4,0,0,10
7997,conv2d_15,"(1, 1, 22, 41)",18,10,10,10,10,10,0,10,0
7998,conv2d_15,"(0, 2, 25, 22)",25,10,10,10,10,10,0,10,0
7999,conv2d_15,"(0, 1, 43, 62)",3,10,10,10,10,10,0,10,0
8000,conv2d_15,"(2, 2, 50, 54)",4,10,10,10,10,10,2,8,0
8001,conv2d_15,"(2, 1, 45, 44)",7,10,10,10,10,10,0,10,0
8002,conv2d_15,"(1, 2, 46, 41)",26,10,10,10,10,10,0,10,0
8003,conv2d_15,"(1, 2, 53, 10)",19,10,10,10,10,10,0,10,0
8004,conv2d_15,"(1, 2, 30, 5)",15,10,10,10,10,10,0,10,0
8005,conv2d_15,"(1, 2, 32, 49)",0,10,10,10,10,10,7,3,0
8006,conv2d_15,"(1, 0, 47, 43)",26,10,10,10,10,10,0,10,0
8007,conv2d_15,"(0, 0, 9, 14)",21,10,10,10,10,10,1,9,0
8008,conv2d_15,"(0, 0, 24, 53)",16,10,10,10,10,10,0,10,0
8009,conv2d_15,"(2, 0, 9, 47)",23,10,10,10,10,10,2,8,0
8010,conv2d_15,"(0, 2, 51, 50)",8,10,10,10,10,10,3,7,0
8011,conv2d_15,"(2, 2, 18, 10)",27,10,10,10,10,10,0,10,0
8012,conv2d_15,"(2, 2, 39, 57)",24,10,10,10,10,10,0,10,0
8013,conv2d_15,"(2, 1, 38, 62)",26,10,10,10,10,10,0,10,0
8014,conv2d_15,"(2, 1, 10, 25)",14,10,10,10,10,10,0,10,0
8015,conv2d_15,"(0, 1, 44, 7)",3,10,10,10,10,10,2,8,0
8016,conv2d_15,"(1, 2, 26, 33)",11,10,10,10,10,10,0,10,0
8017,conv2d_15,"(2, 2, 44, 23)",5,10,10,10,10,10,1,9,0
8018,conv2d_15,"(0, 0, 32, 54)",0,10,10,10,10,10,7,3,0
8019,conv2d_15,"(1, 1, 17, 15)",25,10,10,10,10,10,0,10,0
8020,conv2d_15,"(1, 1, 14, 1)",13,10,10,10,10,10,0,10,0
8021,conv2d_15,"(2, 2, 11, 13)",27,10,10,10,10,10,0,10,0
8022,conv2d_15,"(2, 2, 59, 31)",1,10,10,10,10,10,2,8,0
8023,conv2d_15,"(0, 1, 44, 46)",0,10,10,10,10,10,3,7,0
8024,conv2d_15,"(0, 0, 19, 53)",0,10,10,10,10,10,5,5,0
8025,conv2d_15,"(1, 1, 24, 52)",30,10,9,9,9,9,0,9,1
8026,conv2d_15,"(1, 1, 45, 26)",23,10,10,10,10,10,0,10,0
8027,conv2d_15,"(0, 2, 37, 50)",19,10,10,10,10,10,2,8,0
8028,conv2d_15,"(1, 0, 0, 8)",2,10,10,10,10,10,9,1,0
8029,conv2d_15,"(1, 0, 20, 27)",1,10,10,10,10,10,8,2,0
8030,conv2d_15,"(1, 2, 16, 27)",11,10,10,10,10,10,0,10,0
8031,conv2d_15,"(2, 1, 38, 56)",13,10,10,10,10,10,0,10,0
8032,conv2d_15,"(2, 2, 16, 41)",14,10,10,10,10,10,0,10,0
8033,conv2d_15,"(0, 0, 52, 43)",9,10,10,10,10,10,2,8,0
8034,conv2d_15,"(2, 0, 31, 1)",27,10,10,10,10,10,0,10,0
8035,conv2d_15,"(0, 2, 52, 42)",4,10,10,10,10,10,0,10,0
8036,conv2d_15,"(2, 2, 25, 42)",4,10,10,10,10,10,0,10,0
8037,conv2d_15,"(2, 0, 12, 13)",5,10,10,10,10,10,0,10,0
8038,conv2d_15,"(2, 0, 62, 59)",13,10,10,10,10,10,10,0,0
8039,conv2d_15,"(1, 1, 54, 50)",14,10,10,10,10,10,1,9,0
8040,conv2d_15,"(1, 0, 38, 50)",4,10,10,10,10,10,4,6,0
8041,conv2d_15,"(1, 1, 20, 31)",17,10,10,10,10,10,0,10,0
8042,conv2d_15,"(0, 0, 1, 43)",31,10,10,10,10,10,1,9,0
8043,conv2d_15,"(2, 2, 22, 6)",17,10,10,10,10,10,0,10,0
8044,conv2d_15,"(1, 1, 28, 3)",13,10,10,10,10,10,0,10,0
8045,conv2d_15,"(2, 2, 25, 44)",6,10,10,10,10,10,0,10,0
8046,conv2d_15,"(2, 1, 19, 25)",21,10,10,10,10,10,0,10,0
8047,conv2d_15,"(2, 1, 57, 16)",26,10,10,10,10,10,2,8,0
8048,conv2d_15,"(2, 2, 12, 57)",21,10,10,10,10,10,0,10,0
8049,conv2d_15,"(0, 1, 31, 6)",25,10,10,10,10,10,0,10,0
8050,conv2d_15,"(1, 0, 7, 58)",8,10,10,10,10,10,0,10,0
8051,conv2d_15,"(0, 1, 42, 50)",18,10,10,10,10,10,1,9,0
8052,conv2d_15,"(0, 2, 45, 9)",15,10,10,10,10,10,0,10,0
8053,conv2d_15,"(2, 0, 0, 21)",20,10,10,10,10,10,0,10,0
8054,conv2d_15,"(2, 1, 35, 15)",28,10,10,10,10,10,1,9,0
8055,conv2d_15,"(1, 2, 52, 63)",5,10,10,10,10,10,0,10,0
8056,conv2d_15,"(2, 0, 51, 31)",26,10,10,10,10,10,0,10,0
8057,conv2d_15,"(1, 1, 56, 45)",8,10,10,10,10,10,1,9,0
8058,conv2d_15,"(2, 1, 17, 21)",6,10,10,10,10,10,0,10,0
8059,conv2d_15,"(2, 2, 34, 41)",1,10,10,10,10,10,5,5,0
8060,conv2d_15,"(2, 1, 39, 16)",18,10,10,10,10,10,2,8,0
8061,conv2d_15,"(2, 1, 32, 24)",29,10,10,10,10,10,1,9,0
8062,conv2d_15,"(1, 0, 52, 61)",15,10,10,10,10,10,2,8,0
8063,conv2d_15,"(2, 1, 43, 55)",1,10,10,10,10,10,3,7,0
8064,conv2d_15,"(2, 1, 11, 4)",22,10,10,10,10,10,0,10,0
8065,conv2d_15,"(2, 0, 56, 51)",9,10,10,10,10,10,4,6,0
8066,conv2d_15,"(2, 0, 46, 26)",24,10,10,10,10,10,0,10,0
8067,conv2d_15,"(2, 1, 14, 1)",5,10,10,10,10,10,0,10,0
8068,conv2d_15,"(0, 1, 58, 19)",24,10,10,10,10,10,0,10,0
8069,conv2d_15,"(2, 0, 41, 13)",26,10,10,10,10,10,0,10,0
8070,conv2d_15,"(2, 0, 63, 4)",28,10,10,10,10,10,10,0,0
8071,conv2d_15,"(2, 0, 0, 17)",1,10,10,10,10,10,10,0,0
8072,conv2d_15,"(2, 2, 27, 28)",6,10,10,10,10,10,10,0,0
8073,conv2d_15,"(0, 2, 20, 8)",27,10,10,10,10,10,0,10,0
8074,conv2d_15,"(1, 0, 61, 50)",28,10,10,10,10,10,0,10,0
8075,conv2d_15,"(0, 2, 2, 20)",28,10,10,10,10,10,2,8,0
8076,conv2d_15,"(1, 2, 37, 28)",14,10,10,10,10,10,10,0,0
8077,conv2d_15,"(1, 1, 46, 48)",0,10,10,10,10,10,9,1,0
8078,conv2d_15,"(2, 2, 12, 58)",0,10,10,10,10,10,4,6,0
8079,conv2d_15,"(2, 1, 51, 44)",31,10,10,10,10,10,0,10,0
8080,conv2d_15,"(2, 1, 24, 36)",31,10,10,10,10,10,0,10,0
8081,conv2d_15,"(1, 1, 4, 61)",25,10,10,10,10,10,0,10,0
8082,conv2d_15,"(2, 0, 25, 57)",4,10,10,10,10,10,2,8,0
8083,conv2d_15,"(2, 2, 32, 50)",0,10,10,10,10,10,10,0,0
8084,conv2d_15,"(1, 2, 34, 43)",31,10,10,10,10,10,0,10,0
8085,conv2d_15,"(1, 2, 6, 30)",27,10,10,10,10,10,0,10,0
8086,conv2d_15,"(0, 1, 7, 15)",13,10,10,10,10,10,1,9,0
8087,conv2d_15,"(2, 0, 17, 12)",27,10,10,10,10,10,0,10,0
8088,conv2d_15,"(1, 1, 16, 53)",31,10,10,10,10,10,0,10,0
8089,conv2d_15,"(2, 1, 4, 6)",3,10,10,10,10,10,1,9,0
8090,conv2d_15,"(0, 1, 1, 39)",24,10,10,10,10,10,0,10,0
8091,conv2d_15,"(2, 1, 40, 15)",0,10,10,10,10,10,4,6,0
8092,conv2d_15,"(0, 2, 3, 5)",3,10,10,10,10,10,3,7,0
8093,conv2d_15,"(0, 2, 57, 4)",20,10,10,10,10,10,0,10,0
8094,conv2d_15,"(1, 2, 50, 32)",14,10,10,10,10,10,0,10,0
8095,conv2d_15,"(1, 0, 63, 39)",25,10,10,10,10,10,10,0,0
8096,conv2d_15,"(2, 2, 4, 29)",17,10,10,10,10,10,1,9,0
8097,conv2d_15,"(0, 2, 26, 13)",20,10,10,10,10,10,0,10,0
8098,conv2d_15,"(0, 2, 63, 48)",14,10,10,10,10,10,10,0,0
8099,conv2d_15,"(0, 0, 13, 18)",22,10,10,10,10,10,0,10,0
8100,conv2d_15,"(2, 2, 16, 37)",16,10,10,10,10,10,0,10,0
8101,conv2d_15,"(2, 0, 45, 22)",6,10,10,10,10,10,0,10,0
8102,conv2d_15,"(0, 1, 5, 11)",19,10,10,10,10,10,0,10,0
8103,conv2d_15,"(0, 2, 37, 1)",18,10,10,10,10,10,0,10,0
8104,conv2d_15,"(1, 2, 23, 8)",28,10,10,10,10,10,0,10,0
8105,conv2d_15,"(0, 0, 29, 4)",28,10,10,10,10,10,0,10,0
8106,conv2d_15,"(1, 1, 59, 53)",2,10,10,10,10,10,2,8,0
8107,conv2d_15,"(2, 2, 21, 49)",20,10,10,10,10,10,0,10,0
8108,conv2d_15,"(1, 0, 25, 9)",13,10,10,10,10,10,0,10,0
8109,conv2d_15,"(2, 1, 27, 60)",18,10,10,10,10,10,0,10,0
8110,conv2d_15,"(0, 2, 24, 37)",6,10,10,10,10,10,0,10,0
8111,conv2d_15,"(0, 0, 52, 25)",13,10,10,10,10,10,0,10,0
8112,conv2d_15,"(0, 1, 1, 57)",24,10,10,10,10,10,0,10,0
8113,conv2d_15,"(0, 1, 21, 31)",7,10,10,10,10,10,0,10,0
8114,conv2d_15,"(2, 0, 39, 44)",20,10,10,10,10,10,0,10,0
8115,conv2d_15,"(0, 0, 28, 15)",4,10,10,10,10,10,2,8,0
8116,conv2d_15,"(0, 1, 53, 60)",28,10,10,10,10,10,0,10,0
8117,conv2d_15,"(1, 1, 51, 57)",4,10,10,10,10,10,4,6,0
8118,conv2d_15,"(0, 0, 17, 17)",3,10,10,10,10,10,2,8,0
8119,conv2d_15,"(1, 1, 56, 19)",17,10,10,10,10,10,0,10,0
8120,conv2d_15,"(2, 2, 45, 4)",11,10,10,10,10,10,0,10,0
8121,conv2d_15,"(0, 1, 1, 30)",0,10,10,10,10,10,10,0,0
8122,conv2d_15,"(1, 2, 56, 48)",30,10,2,5,2,5,0,2,8
8123,conv2d_15,"(1, 2, 21, 14)",30,10,1,5,1,5,0,1,9
8124,conv2d_15,"(1, 1, 48, 22)",29,10,10,10,10,10,0,10,0
8125,conv2d_15,"(1, 1, 24, 8)",26,10,10,10,10,10,0,10,0
8126,conv2d_15,"(2, 1, 33, 61)",6,10,10,10,10,10,0,10,0
8127,conv2d_15,"(0, 1, 40, 39)",22,10,10,10,10,10,0,10,0
8128,conv2d_15,"(1, 2, 45, 22)",19,10,10,10,10,10,0,10,0
8129,conv2d_15,"(1, 0, 18, 38)",26,10,10,10,10,10,1,9,0
8130,conv2d_15,"(2, 1, 14, 6)",6,10,10,10,10,10,0,10,0
8131,conv2d_15,"(1, 2, 14, 13)",27,10,10,10,10,10,0,10,0
8132,conv2d_15,"(0, 2, 31, 60)",22,10,10,10,10,10,0,10,0
8133,conv2d_15,"(1, 1, 40, 9)",18,10,10,10,10,10,0,10,0
8134,conv2d_15,"(0, 2, 63, 53)",23,10,10,10,10,10,10,0,0
8135,conv2d_15,"(2, 0, 52, 7)",12,10,10,10,10,10,0,10,0
8136,conv2d_15,"(2, 0, 8, 26)",16,10,10,10,10,10,0,10,0
8137,conv2d_15,"(2, 0, 41, 55)",11,10,10,10,10,10,0,10,0
8138,conv2d_15,"(2, 1, 40, 62)",3,10,10,10,10,10,4,6,0
8139,conv2d_15,"(2, 2, 38, 31)",22,10,10,10,10,10,0,10,0
8140,conv2d_15,"(2, 0, 25, 48)",13,10,10,10,10,10,0,10,0
8141,conv2d_15,"(1, 2, 31, 19)",23,10,10,10,10,10,0,10,0
8142,conv2d_15,"(1, 1, 35, 17)",3,10,10,10,10,10,7,3,0
8143,conv2d_15,"(1, 1, 9, 43)",30,10,6,7,6,7,0,6,4
8144,conv2d_15,"(0, 2, 51, 17)",0,10,10,10,10,10,10,0,0
8145,conv2d_15,"(1, 2, 21, 25)",9,10,10,10,10,10,0,10,0
8146,conv2d_15,"(1, 0, 11, 59)",24,10,10,10,10,10,10,0,0
8147,conv2d_15,"(2, 1, 48, 20)",16,10,10,10,10,10,0,10,0
8148,conv2d_15,"(2, 0, 53, 61)",13,10,10,10,10,10,0,10,0
8149,conv2d_15,"(0, 2, 3, 60)",22,10,10,10,10,10,0,10,0
8150,conv2d_15,"(2, 1, 60, 35)",11,10,10,10,10,10,0,10,0
8151,conv2d_15,"(2, 0, 12, 52)",7,10,10,10,10,10,0,10,0
8152,conv2d_15,"(2, 2, 22, 19)",17,10,10,10,10,10,0,10,0
8153,conv2d_15,"(2, 0, 22, 11)",8,10,10,10,10,10,0,10,0
8154,conv2d_15,"(0, 1, 50, 0)",15,10,10,10,10,10,10,0,0
8155,conv2d_15,"(2, 1, 12, 32)",17,10,10,10,10,10,0,10,0
8156,conv2d_15,"(1, 0, 47, 43)",10,10,10,10,10,10,1,9,0
8157,conv2d_15,"(0, 1, 30, 40)",0,10,10,10,10,10,9,1,0
8158,conv2d_15,"(1, 1, 29, 6)",14,10,10,10,10,10,0,10,0
8159,conv2d_15,"(0, 2, 25, 3)",9,10,10,10,10,10,0,10,0
8160,conv2d_15,"(0, 1, 60, 55)",19,10,10,10,10,10,0,10,0
8161,conv2d_15,"(1, 2, 39, 1)",24,10,10,10,10,10,0,10,0
8162,conv2d_15,"(0, 1, 56, 46)",27,10,10,10,10,10,0,10,0
8163,conv2d_15,"(0, 0, 11, 17)",23,10,10,10,10,10,1,9,0
8164,conv2d_15,"(0, 2, 53, 7)",26,10,10,10,10,10,1,9,0
8165,conv2d_15,"(1, 2, 49, 40)",13,10,10,10,10,10,2,8,0
8166,conv2d_15,"(1, 0, 56, 38)",11,10,10,10,10,10,0,10,0
8167,conv2d_15,"(2, 0, 2, 26)",23,10,10,10,10,10,0,10,0
8168,conv2d_15,"(2, 2, 22, 56)",18,10,10,10,10,10,0,10,0
8169,conv2d_15,"(2, 0, 59, 50)",25,10,10,10,10,10,1,9,0
8170,conv2d_15,"(1, 0, 9, 26)",15,10,10,10,10,10,0,10,0
8171,conv2d_15,"(1, 0, 37, 2)",6,10,10,10,10,10,0,10,0
8172,conv2d_15,"(2, 1, 20, 60)",9,10,10,10,10,10,0,10,0
8173,conv2d_15,"(0, 2, 30, 1)",25,10,10,10,10,10,0,10,0
8174,conv2d_15,"(2, 1, 6, 39)",31,10,10,10,10,10,0,10,0
8175,conv2d_15,"(2, 0, 10, 36)",27,10,10,10,10,10,0,10,0
8176,conv2d_15,"(2, 2, 32, 30)",14,10,10,10,10,10,0,10,0
8177,conv2d_15,"(0, 0, 29, 4)",6,10,10,10,10,10,0,10,0
8178,conv2d_15,"(0, 1, 52, 49)",27,10,10,10,10,10,0,10,0
8179,conv2d_15,"(2, 1, 18, 22)",23,10,10,10,10,10,0,10,0
8180,conv2d_15,"(0, 1, 39, 40)",0,10,10,10,10,10,2,8,0
8181,conv2d_15,"(2, 1, 58, 42)",9,10,10,10,10,10,0,10,0
8182,conv2d_15,"(0, 0, 45, 20)",0,10,10,10,10,10,9,1,0
8183,conv2d_15,"(0, 0, 54, 39)",24,10,10,10,10,10,0,10,0
8184,conv2d_15,"(2, 2, 5, 53)",3,10,10,10,10,10,5,5,0
8185,conv2d_15,"(0, 1, 49, 23)",26,10,10,10,10,10,1,9,0
8186,conv2d_15,"(1, 1, 13, 2)",21,10,10,10,10,10,0,10,0
8187,conv2d_15,"(2, 1, 13, 25)",8,10,10,10,10,10,0,10,0
8188,conv2d_15,"(0, 0, 35, 39)",26,10,10,10,10,10,0,10,0
8189,conv2d_15,"(2, 2, 62, 49)",18,10,10,10,10,10,0,10,0
8190,conv2d_15,"(0, 0, 60, 40)",4,10,10,10,10,10,3,7,0
8191,conv2d_15,"(0, 0, 44, 55)",17,10,10,10,10,10,0,10,0
8192,conv2d_15,"(2, 2, 27, 19)",12,10,10,10,10,10,0,10,0
8193,conv2d_15,"(2, 1, 34, 44)",0,10,10,10,10,10,10,0,0
8194,conv2d_15,"(0, 2, 9, 58)",0,10,10,10,10,10,7,3,0
8195,conv2d_15,"(2, 2, 21, 59)",23,10,10,10,10,10,10,0,0
8196,conv2d_15,"(0, 2, 21, 3)",1,10,10,10,10,10,8,2,0
8197,conv2d_15,"(1, 1, 3, 44)",28,10,10,10,10,10,0,10,0
8198,conv2d_15,"(2, 1, 32, 12)",14,10,10,10,10,10,0,10,0
8199,conv2d_15,"(0, 1, 25, 28)",5,10,10,10,10,10,10,0,0
8200,conv2d_15,"(2, 1, 58, 32)",22,10,10,10,10,10,0,10,0
8201,conv2d_15,"(0, 2, 8, 32)",10,10,10,10,10,10,0,10,0
8202,conv2d_15,"(0, 0, 22, 37)",11,10,10,10,10,10,0,10,0
8203,conv2d_15,"(2, 0, 45, 9)",3,10,10,10,10,10,3,7,0
8204,conv2d_15,"(0, 1, 17, 45)",25,10,10,10,10,10,0,10,0
8205,conv2d_15,"(0, 1, 15, 0)",27,10,10,10,10,10,10,0,0
8206,conv2d_15,"(0, 1, 42, 21)",3,10,10,10,10,10,0,10,0
8207,conv2d_15,"(2, 0, 29, 61)",17,10,10,10,10,10,0,10,0
8208,conv2d_15,"(2, 1, 29, 8)",15,10,10,10,10,10,0,10,0
8209,conv2d_15,"(2, 0, 31, 6)",23,10,10,10,10,10,0,10,0
8210,conv2d_15,"(1, 1, 21, 5)",25,10,10,10,10,10,0,10,0
8211,conv2d_15,"(2, 0, 30, 19)",18,10,10,10,10,10,0,10,0
8212,conv2d_15,"(2, 0, 6, 37)",30,10,1,6,1,6,0,1,9
8213,conv2d_15,"(1, 0, 45, 50)",17,10,10,10,10,10,2,8,0
8214,conv2d_15,"(2, 2, 45, 19)",1,10,10,10,10,10,8,2,0
8215,conv2d_15,"(0, 2, 28, 24)",26,10,10,10,10,10,0,10,0
8216,conv2d_15,"(1, 2, 12, 32)",26,10,10,10,10,10,0,10,0
8217,conv2d_15,"(2, 2, 16, 31)",2,10,10,10,10,10,1,9,0
8218,conv2d_15,"(1, 0, 2, 40)",17,10,10,10,10,10,0,10,0
8219,conv2d_15,"(1, 2, 13, 63)",1,10,10,10,10,10,7,3,0
8220,conv2d_15,"(2, 0, 15, 40)",13,10,10,10,10,10,1,9,0
8221,conv2d_15,"(0, 0, 62, 59)",3,10,10,10,10,10,10,0,0
8222,conv2d_15,"(1, 1, 61, 6)",16,10,10,10,10,10,0,10,0
8223,conv2d_15,"(2, 0, 29, 60)",4,10,10,10,10,10,1,9,0
8224,conv2d_15,"(1, 1, 15, 60)",0,10,10,10,10,10,10,0,0
8225,conv2d_15,"(2, 1, 25, 3)",22,10,10,10,10,10,0,10,0
8226,conv2d_15,"(2, 1, 35, 50)",21,10,10,10,10,10,3,7,0
8227,conv2d_15,"(1, 1, 26, 62)",17,10,10,10,10,10,0,10,0
8228,conv2d_15,"(1, 0, 51, 48)",28,10,10,10,10,10,0,10,0
8229,conv2d_15,"(1, 1, 28, 17)",3,10,10,10,10,10,8,2,0
8230,conv2d_15,"(1, 0, 60, 37)",9,10,10,10,10,10,0,10,0
8231,conv2d_15,"(2, 0, 13, 0)",12,10,10,10,10,10,10,0,0
8232,conv2d_15,"(2, 2, 26, 55)",9,10,10,10,10,10,0,10,0
8233,conv2d_15,"(2, 2, 16, 45)",18,10,10,10,10,10,0,10,0
8234,conv2d_15,"(0, 2, 39, 0)",15,10,10,10,10,10,10,0,0
8235,conv2d_15,"(1, 0, 14, 46)",8,10,10,10,10,10,0,10,0
8236,conv2d_15,"(1, 1, 42, 50)",23,10,10,10,10,10,1,9,0
8237,conv2d_15,"(1, 2, 55, 16)",18,10,10,10,10,10,3,7,0
8238,conv2d_15,"(2, 2, 27, 6)",6,10,10,10,10,10,0,10,0
8239,conv2d_15,"(1, 1, 25, 54)",4,10,10,10,10,10,1,9,0
8240,conv2d_15,"(0, 1, 40, 58)",4,10,10,10,10,10,0,10,0
8241,conv2d_15,"(0, 1, 43, 31)",24,10,10,10,10,10,0,10,0
8242,conv2d_15,"(2, 2, 20, 34)",14,10,10,10,10,10,0,10,0
8243,conv2d_15,"(0, 2, 1, 28)",22,10,10,10,10,10,10,0,0
8244,conv2d_15,"(0, 2, 46, 30)",25,10,10,10,10,10,0,10,0
8245,conv2d_15,"(0, 0, 44, 5)",29,10,10,10,10,10,0,10,0
8246,conv2d_15,"(2, 0, 37, 30)",5,10,10,10,10,10,1,9,0
8247,conv2d_15,"(2, 2, 32, 10)",31,10,10,10,10,10,0,10,0
8248,conv2d_15,"(1, 1, 58, 38)",31,10,10,10,10,10,0,10,0
8249,conv2d_15,"(1, 0, 57, 25)",17,10,10,10,10,10,0,10,0
8250,conv2d_15,"(1, 2, 53, 5)",4,10,10,10,10,10,3,7,0
8251,conv2d_15,"(1, 1, 46, 39)",30,10,4,8,4,8,0,4,6
8252,conv2d_15,"(2, 1, 29, 57)",6,10,10,10,10,10,0,10,0
8253,conv2d_15,"(2, 1, 25, 4)",1,10,10,10,10,10,10,0,0
8254,conv2d_15,"(0, 1, 60, 43)",6,10,10,10,10,10,0,10,0
8255,conv2d_15,"(1, 0, 2, 6)",31,10,10,10,10,10,0,10,0
8256,conv2d_15,"(2, 2, 54, 40)",17,10,10,10,10,10,2,8,0
8257,conv2d_15,"(1, 2, 4, 27)",10,10,10,10,10,10,0,10,0
8258,conv2d_15,"(2, 1, 58, 13)",4,10,10,10,10,10,2,8,0
8259,conv2d_15,"(1, 1, 12, 54)",29,10,10,10,10,10,0,10,0
8260,conv2d_15,"(1, 0, 29, 23)",19,10,10,10,10,10,0,10,0
8261,conv2d_15,"(0, 1, 15, 8)",21,10,10,10,10,10,0,10,0
8262,conv2d_15,"(1, 0, 53, 56)",9,10,10,10,10,10,2,8,0
8263,conv2d_15,"(1, 2, 41, 49)",10,10,10,10,10,10,0,10,0
8264,conv2d_15,"(2, 0, 18, 8)",10,10,10,10,10,10,0,10,0
8265,conv2d_15,"(2, 0, 46, 62)",16,10,10,10,10,10,0,10,0
8266,conv2d_15,"(0, 2, 51, 8)",18,10,10,10,10,10,1,9,0
8267,conv2d_15,"(2, 2, 44, 12)",21,10,10,10,10,10,0,10,0
8268,conv2d_15,"(1, 2, 24, 47)",14,10,10,10,10,10,1,9,0
8269,conv2d_15,"(0, 1, 35, 7)",26,10,10,10,10,10,0,10,0
8270,conv2d_15,"(2, 1, 15, 26)",23,10,10,10,10,10,0,10,0
8271,conv2d_15,"(0, 1, 63, 51)",7,10,10,10,10,10,10,0,0
8272,conv2d_15,"(1, 2, 32, 55)",6,10,10,10,10,10,0,10,0
8273,conv2d_15,"(0, 0, 39, 34)",3,10,10,10,10,10,2,8,0
8274,conv2d_15,"(1, 1, 4, 34)",26,10,10,10,10,10,0,10,0
8275,conv2d_15,"(0, 0, 19, 5)",3,10,10,10,10,10,0,10,0
8276,conv2d_15,"(0, 1, 39, 54)",31,10,10,10,10,10,0,10,0
8277,conv2d_15,"(2, 2, 52, 20)",10,10,10,10,10,10,0,10,0
8278,conv2d_15,"(2, 1, 42, 22)",9,10,10,10,10,10,0,10,0
8279,conv2d_15,"(2, 1, 26, 58)",16,10,10,10,10,10,0,10,0
8280,conv2d_15,"(1, 0, 19, 62)",30,10,2,3,2,3,0,2,8
8281,conv2d_15,"(1, 2, 52, 24)",20,10,10,10,10,10,0,10,0
8282,conv2d_15,"(2, 1, 57, 35)",29,10,10,10,10,10,0,10,0
8283,conv2d_15,"(0, 0, 61, 31)",20,10,10,10,10,10,0,10,0
8284,conv2d_15,"(1, 2, 18, 24)",3,10,10,10,10,10,7,3,0
8285,conv2d_15,"(1, 0, 63, 55)",20,10,10,10,10,10,10,0,0
8286,conv2d_15,"(0, 2, 51, 24)",6,10,10,10,10,10,4,6,0
8287,conv2d_15,"(0, 2, 37, 60)",1,10,10,10,10,10,9,1,0
8288,conv2d_15,"(0, 1, 7, 32)",24,10,10,10,10,10,0,10,0
8289,conv2d_15,"(1, 0, 5, 7)",12,10,10,10,10,10,0,10,0
8290,conv2d_15,"(2, 1, 52, 12)",31,10,10,10,10,10,0,10,0
8291,conv2d_15,"(0, 1, 45, 59)",0,10,10,10,10,10,10,0,0
8292,conv2d_15,"(0, 1, 14, 56)",29,10,10,10,10,10,0,10,0
8293,conv2d_15,"(1, 0, 56, 13)",20,10,10,10,10,10,0,10,0
8294,conv2d_15,"(1, 0, 52, 1)",29,10,10,10,10,10,0,10,0
8295,conv2d_15,"(2, 1, 3, 20)",13,10,10,10,10,10,0,10,0
8296,conv2d_15,"(2, 1, 62, 12)",29,10,10,10,10,10,0,10,0
8297,conv2d_15,"(0, 1, 17, 50)",2,10,10,10,10,10,8,2,0
8298,conv2d_15,"(1, 0, 44, 18)",4,10,10,10,10,10,0,10,0
8299,conv2d_15,"(2, 0, 29, 50)",20,10,10,10,10,10,2,8,0
8300,conv2d_15,"(1, 1, 53, 39)",8,10,10,10,10,10,1,9,0
8301,conv2d_15,"(0, 1, 53, 42)",24,10,10,10,10,10,0,10,0
8302,conv2d_15,"(2, 0, 20, 59)",13,10,10,10,10,10,10,0,0
8303,conv2d_15,"(1, 2, 2, 55)",6,10,10,10,10,10,0,10,0
8304,conv2d_15,"(0, 2, 44, 40)",11,10,10,10,10,10,0,10,0
8305,conv2d_15,"(0, 1, 8, 50)",1,10,10,10,10,10,7,3,0
8306,conv2d_15,"(0, 0, 28, 60)",9,10,10,10,10,10,0,10,0
8307,conv2d_15,"(1, 1, 55, 7)",27,10,10,10,10,10,0,10,0
8308,conv2d_15,"(1, 2, 41, 51)",0,10,10,10,10,10,6,4,0
8309,conv2d_15,"(2, 2, 29, 41)",11,10,10,10,10,10,0,10,0
8310,conv2d_15,"(2, 2, 20, 35)",7,10,10,10,10,10,0,10,0
8311,conv2d_15,"(0, 1, 35, 52)",14,10,10,10,10,10,0,10,0
8312,conv2d_15,"(0, 1, 55, 21)",0,10,10,10,10,10,5,5,0
8313,conv2d_15,"(0, 2, 8, 46)",2,10,10,10,10,10,0,10,0
8314,conv2d_15,"(0, 0, 57, 42)",7,10,10,10,10,10,0,10,0
8315,conv2d_15,"(1, 2, 48, 28)",24,10,10,10,10,10,10,0,0
8316,conv2d_15,"(1, 1, 45, 37)",8,10,10,10,10,10,1,9,0
8317,conv2d_15,"(1, 0, 14, 52)",1,10,10,10,10,10,5,5,0
8318,conv2d_15,"(2, 1, 1, 56)",23,10,10,10,10,10,0,10,0
8319,conv2d_15,"(1, 0, 1, 63)",23,10,10,10,10,10,0,10,0
8320,conv2d_15,"(2, 1, 51, 4)",17,10,10,10,10,10,0,10,0
8321,conv2d_15,"(0, 0, 11, 37)",21,10,10,10,10,10,0,10,0
8322,conv2d_15,"(1, 2, 22, 55)",25,10,10,10,10,10,0,10,0
8323,conv2d_15,"(0, 1, 51, 19)",27,10,10,10,10,10,0,10,0
8324,conv2d_15,"(1, 2, 4, 3)",11,10,10,10,10,10,0,10,0
8325,conv2d_15,"(0, 1, 44, 42)",5,10,10,10,10,10,0,10,0
8326,conv2d_15,"(2, 1, 57, 61)",4,10,10,10,10,10,3,7,0
8327,conv2d_15,"(2, 1, 60, 25)",21,10,10,10,10,10,0,10,0
8328,conv2d_15,"(0, 1, 8, 27)",12,10,10,10,10,10,0,10,0
8329,conv2d_15,"(1, 2, 32, 34)",1,10,10,10,10,10,10,0,0
8330,conv2d_15,"(1, 2, 63, 8)",10,10,10,10,10,10,10,0,0
8331,conv2d_15,"(1, 1, 25, 14)",5,10,10,10,10,10,0,10,0
8332,conv2d_15,"(2, 1, 35, 50)",4,10,10,10,10,10,3,7,0
8333,conv2d_15,"(2, 1, 19, 40)",21,10,10,10,10,10,0,10,0
8334,conv2d_15,"(0, 0, 19, 31)",16,10,10,10,10,10,0,10,0
8335,conv2d_15,"(2, 2, 5, 57)",6,10,10,10,10,10,0,10,0
8336,conv2d_15,"(1, 2, 13, 0)",6,10,10,10,10,10,10,0,0
8337,conv2d_15,"(0, 2, 56, 21)",17,10,10,10,10,10,0,10,0
8338,conv2d_15,"(0, 1, 32, 5)",19,10,10,10,10,10,0,10,0
8339,conv2d_15,"(1, 2, 17, 15)",7,10,10,10,10,10,0,10,0
8340,conv2d_15,"(0, 2, 31, 62)",0,10,10,10,10,10,7,3,0
8341,conv2d_15,"(2, 2, 41, 2)",0,10,10,10,10,10,7,3,0
8342,conv2d_15,"(2, 0, 5, 42)",17,10,10,10,10,10,0,10,0
8343,conv2d_15,"(0, 1, 24, 2)",1,10,10,10,10,10,7,3,0
8344,conv2d_15,"(2, 2, 4, 43)",7,10,10,10,10,10,1,9,0
8345,conv2d_15,"(1, 2, 43, 6)",14,10,10,10,10,10,0,10,0
8346,conv2d_15,"(2, 2, 55, 43)",2,10,10,10,10,10,7,3,0
8347,conv2d_15,"(0, 0, 13, 23)",6,10,10,10,10,10,1,9,0
8348,conv2d_15,"(2, 1, 53, 52)",26,10,10,10,10,10,1,9,0
8349,conv2d_15,"(2, 0, 17, 2)",10,10,10,10,10,10,0,10,0
8350,conv2d_15,"(1, 1, 55, 37)",16,10,10,10,10,10,0,10,0
8351,conv2d_15,"(0, 2, 14, 18)",22,10,10,10,10,10,0,10,0
8352,conv2d_15,"(0, 0, 50, 24)",29,10,10,10,10,10,0,10,0
8353,conv2d_15,"(2, 2, 33, 34)",20,10,10,10,10,10,0,10,0
8354,conv2d_15,"(1, 0, 22, 9)",9,10,10,10,10,10,0,10,0
8355,conv2d_15,"(0, 0, 31, 0)",16,10,10,10,10,10,10,0,0
8356,conv2d_15,"(1, 2, 47, 55)",22,10,10,10,10,10,0,10,0
8357,conv2d_15,"(1, 1, 15, 63)",22,10,10,10,10,10,0,10,0
8358,conv2d_15,"(0, 0, 12, 62)",18,10,10,10,10,10,0,10,0
8359,conv2d_15,"(1, 0, 7, 44)",25,10,10,10,10,10,0,10,0
8360,conv2d_15,"(1, 1, 12, 37)",22,10,10,10,10,10,0,10,0
8361,conv2d_15,"(0, 2, 49, 5)",20,10,10,10,10,10,0,10,0
8362,conv2d_15,"(0, 0, 16, 24)",1,10,10,10,10,10,4,6,0
8363,conv2d_15,"(1, 2, 18, 60)",31,10,10,10,10,10,0,10,0
8364,conv2d_15,"(0, 0, 32, 49)",26,10,10,10,10,10,0,10,0
8365,conv2d_15,"(2, 2, 27, 12)",23,10,10,10,10,10,0,10,0
8366,conv2d_15,"(1, 1, 62, 46)",25,10,10,10,10,10,0,10,0
8367,conv2d_15,"(2, 1, 1, 15)",12,10,10,10,10,10,0,10,0
8368,conv2d_15,"(0, 2, 39, 31)",14,10,10,10,10,10,0,10,0
8369,conv2d_15,"(2, 1, 34, 47)",9,10,10,10,10,10,2,8,0
8370,conv2d_15,"(2, 2, 45, 60)",7,10,10,10,10,10,0,10,0
8371,conv2d_15,"(1, 2, 1, 22)",24,10,10,10,10,10,0,10,0
8372,conv2d_15,"(2, 0, 48, 47)",11,10,10,10,10,10,0,10,0
8373,conv2d_15,"(0, 1, 53, 47)",27,10,10,10,10,10,1,9,0
8374,conv2d_15,"(0, 1, 17, 20)",15,10,10,10,10,10,1,9,0
8375,conv2d_15,"(1, 1, 22, 10)",14,10,10,10,10,10,0,10,0
8376,conv2d_15,"(2, 0, 15, 32)",22,10,10,10,10,10,0,10,0
8377,conv2d_15,"(2, 2, 60, 43)",2,10,10,10,10,10,3,7,0
8378,conv2d_15,"(2, 0, 17, 20)",5,10,10,10,10,10,3,7,0
8379,conv2d_15,"(0, 2, 63, 58)",1,10,10,10,10,10,10,0,0
8380,conv2d_15,"(2, 1, 16, 53)",23,10,10,10,10,10,0,10,0
8381,conv2d_15,"(2, 1, 17, 2)",18,10,10,10,10,10,0,10,0
8382,conv2d_15,"(0, 1, 58, 34)",13,10,10,10,10,10,0,10,0
8383,conv2d_15,"(2, 1, 12, 35)",15,10,10,10,10,10,0,10,0
8384,conv2d_15,"(2, 0, 3, 9)",11,10,10,10,10,10,0,10,0
8385,conv2d_15,"(2, 1, 15, 30)",27,10,10,10,10,10,0,10,0
8386,conv2d_15,"(1, 1, 6, 59)",31,10,10,10,10,10,10,0,0
8387,conv2d_15,"(1, 2, 60, 32)",8,10,10,10,10,10,1,9,0
8388,conv2d_15,"(0, 2, 12, 6)",3,10,10,10,10,10,1,9,0
8389,conv2d_15,"(2, 0, 0, 37)",16,10,10,10,10,10,0,10,0
8390,conv2d_15,"(2, 0, 59, 31)",25,10,10,10,10,10,0,10,0
8391,conv2d_15,"(2, 2, 10, 2)",28,10,10,10,10,10,1,9,0
8392,conv2d_15,"(2, 1, 60, 60)",14,10,10,10,10,10,0,10,0
8393,conv2d_15,"(0, 0, 36, 24)",20,10,10,10,10,10,0,10,0
8394,conv2d_15,"(2, 0, 28, 27)",8,10,10,10,10,10,0,10,0
8395,conv2d_15,"(1, 1, 16, 33)",30,10,3,6,3,6,0,3,7
8396,conv2d_15,"(1, 1, 23, 57)",16,10,10,10,10,10,0,10,0
8397,conv2d_15,"(2, 1, 57, 46)",3,10,10,10,10,10,1,9,0
8398,conv2d_15,"(2, 2, 13, 21)",22,10,10,10,10,10,0,10,0
8399,conv2d_15,"(0, 1, 11, 23)",19,10,10,10,10,10,0,10,0
8400,conv2d_15,"(0, 2, 4, 55)",24,10,10,10,10,10,0,10,0
8401,conv2d_15,"(2, 1, 29, 24)",31,10,10,10,10,10,0,10,0
8402,conv2d_15,"(0, 2, 22, 38)",18,10,10,10,10,10,0,10,0
8403,conv2d_15,"(2, 2, 42, 59)",15,10,10,10,10,10,10,0,0
8404,conv2d_15,"(1, 1, 39, 47)",3,10,10,10,10,10,2,8,0
8405,conv2d_15,"(2, 2, 31, 49)",11,10,10,10,10,10,0,10,0
8406,conv2d_15,"(0, 2, 30, 43)",3,10,10,10,10,10,3,7,0
8407,conv2d_15,"(1, 1, 40, 19)",5,10,10,10,10,10,1,9,0
8408,conv2d_15,"(2, 1, 60, 53)",26,10,10,10,10,10,0,10,0
8409,conv2d_15,"(2, 2, 57, 56)",4,10,10,10,10,10,7,3,0
8410,conv2d_15,"(2, 1, 27, 55)",5,10,10,10,10,10,1,9,0
8411,conv2d_15,"(2, 2, 41, 28)",18,10,10,10,10,10,10,0,0
8412,conv2d_15,"(2, 0, 17, 41)",7,10,10,10,10,10,0,10,0
8413,conv2d_15,"(0, 0, 56, 42)",21,10,10,10,10,10,0,10,0
8414,conv2d_15,"(2, 1, 11, 6)",29,10,10,10,10,10,0,10,0
8415,conv2d_15,"(1, 2, 63, 27)",27,10,10,10,10,10,10,0,0
8416,conv2d_15,"(2, 0, 51, 17)",24,10,10,10,10,10,1,9,0
8417,conv2d_15,"(2, 2, 37, 45)",31,10,10,10,10,10,1,9,0
8418,conv2d_15,"(2, 1, 10, 59)",9,10,10,10,10,10,10,0,0
8419,conv2d_15,"(0, 2, 2, 17)",7,10,10,10,10,10,0,10,0
8420,conv2d_15,"(0, 2, 3, 2)",16,10,10,10,10,10,0,10,0
8421,conv2d_15,"(2, 1, 52, 22)",3,10,10,10,10,10,0,10,0
8422,conv2d_15,"(1, 0, 23, 50)",20,10,10,10,10,10,1,9,0
8423,conv2d_15,"(2, 1, 41, 62)",6,10,10,10,10,10,1,9,0
8424,conv2d_15,"(2, 2, 5, 32)",25,10,10,10,10,10,0,10,0
8425,conv2d_15,"(2, 2, 12, 56)",0,10,10,10,10,10,5,5,0
8426,conv2d_15,"(2, 1, 0, 1)",22,10,10,10,10,10,0,10,0
8427,conv2d_15,"(1, 0, 23, 61)",11,10,10,10,10,10,1,9,0
8428,conv2d_15,"(2, 2, 37, 61)",25,10,10,10,10,10,0,10,0
8429,conv2d_15,"(2, 2, 44, 54)",8,10,10,10,10,10,0,10,0
8430,conv2d_15,"(0, 1, 25, 38)",7,10,10,10,10,10,0,10,0
8431,conv2d_15,"(2, 1, 15, 58)",9,10,10,10,10,10,0,10,0
8432,conv2d_15,"(0, 2, 8, 42)",13,10,10,10,10,10,0,10,0
8433,conv2d_15,"(0, 1, 26, 32)",14,10,10,10,10,10,0,10,0
8434,conv2d_15,"(1, 2, 59, 55)",28,10,10,10,10,10,0,10,0
8435,conv2d_15,"(1, 0, 63, 61)",16,10,10,10,10,10,10,0,0
8436,conv2d_15,"(1, 2, 49, 16)",30,10,3,5,3,5,0,3,7
8437,conv2d_15,"(0, 2, 6, 41)",4,10,10,10,10,10,1,9,0
8438,conv2d_15,"(2, 2, 38, 1)",28,10,10,10,10,10,0,10,0
8439,conv2d_15,"(0, 1, 32, 11)",30,10,0,4,0,4,0,0,10
8440,conv2d_15,"(2, 0, 23, 9)",26,10,10,10,10,10,0,10,0
8441,conv2d_15,"(1, 1, 4, 10)",25,10,10,10,10,10,0,10,0
8442,conv2d_15,"(2, 1, 52, 50)",17,10,10,10,10,10,2,8,0
8443,conv2d_15,"(2, 0, 19, 60)",29,10,10,10,10,10,0,10,0
8444,conv2d_15,"(1, 0, 21, 15)",23,10,10,10,10,10,0,10,0
8445,conv2d_15,"(2, 2, 54, 49)",15,10,10,10,10,10,0,10,0
8446,conv2d_15,"(0, 1, 27, 6)",12,10,10,10,10,10,0,10,0
8447,conv2d_15,"(2, 0, 47, 49)",23,10,10,10,10,10,0,10,0
8448,conv2d_15,"(2, 2, 57, 41)",24,10,10,10,10,10,1,9,0
8449,conv2d_15,"(1, 2, 26, 62)",0,10,10,10,10,10,6,4,0
8450,conv2d_15,"(2, 0, 11, 60)",31,10,10,10,10,10,0,10,0
8451,conv2d_15,"(2, 2, 28, 22)",19,10,10,10,10,10,0,10,0
8452,conv2d_15,"(1, 2, 49, 59)",26,10,10,10,10,10,10,0,0
8453,conv2d_15,"(2, 1, 23, 9)",5,10,10,10,10,10,0,10,0
8454,conv2d_15,"(2, 1, 26, 33)",15,10,10,10,10,10,0,10,0
8455,conv2d_15,"(0, 1, 50, 13)",21,10,10,10,10,10,0,10,0
8456,conv2d_15,"(1, 0, 38, 50)",2,10,10,10,10,10,7,3,0
8457,conv2d_15,"(2, 2, 8, 40)",21,10,10,10,10,10,1,9,0
8458,conv2d_15,"(0, 0, 51, 50)",3,10,10,10,10,10,5,5,0
8459,conv2d_15,"(1, 0, 25, 50)",7,10,10,10,10,10,3,7,0
8460,conv2d_15,"(2, 0, 45, 6)",24,10,10,10,10,10,0,10,0
8461,conv2d_15,"(1, 2, 7, 33)",29,10,10,10,10,10,0,10,0
8462,conv2d_15,"(2, 0, 38, 7)",5,10,10,10,10,10,0,10,0
8463,conv2d_15,"(0, 2, 46, 26)",30,10,0,4,0,4,0,0,10
8464,conv2d_15,"(1, 0, 53, 31)",30,10,3,5,3,5,0,3,7
8465,conv2d_15,"(2, 2, 40, 20)",25,10,10,10,10,10,0,10,0
8466,conv2d_15,"(1, 2, 58, 56)",3,10,10,10,10,10,1,9,0
8467,conv2d_15,"(1, 2, 46, 42)",2,10,10,10,10,10,1,9,0
8468,conv2d_15,"(0, 2, 11, 60)",24,10,10,10,10,10,0,10,0
8469,conv2d_15,"(1, 2, 41, 12)",11,10,10,10,10,10,0,10,0
8470,conv2d_15,"(0, 2, 1, 61)",8,10,10,10,10,10,1,9,0
8471,conv2d_15,"(2, 0, 27, 31)",13,10,10,10,10,10,0,10,0
8472,conv2d_15,"(2, 2, 50, 16)",12,10,10,10,10,10,0,10,0
8473,conv2d_15,"(1, 0, 33, 60)",10,10,10,10,10,10,0,10,0
8474,conv2d_15,"(1, 2, 31, 8)",18,10,10,10,10,10,0,10,0
8475,conv2d_15,"(1, 1, 46, 9)",5,10,10,10,10,10,0,10,0
8476,conv2d_15,"(2, 1, 8, 17)",11,10,10,10,10,10,0,10,0
8477,conv2d_15,"(2, 2, 8, 47)",22,10,10,10,10,10,1,9,0
8478,conv2d_15,"(1, 1, 10, 52)",23,10,10,10,10,10,0,10,0
8479,conv2d_15,"(0, 0, 20, 43)",23,10,10,10,10,10,2,8,0
8480,conv2d_15,"(2, 2, 16, 46)",20,10,10,10,10,10,0,10,0
8481,conv2d_15,"(1, 0, 3, 62)",0,10,10,10,10,10,9,1,0
8482,conv2d_15,"(2, 2, 18, 19)",11,10,10,10,10,10,0,10,0
8483,conv2d_15,"(1, 0, 30, 28)",28,10,10,10,10,10,10,0,0
8484,conv2d_15,"(1, 2, 13, 63)",12,10,10,10,10,10,0,10,0
8485,conv2d_15,"(1, 1, 52, 44)",10,10,10,10,10,10,0,10,0
8486,conv2d_15,"(2, 1, 39, 52)",17,10,10,10,10,10,0,10,0
8487,conv2d_15,"(2, 1, 35, 52)",20,10,10,10,10,10,1,9,0
8488,conv2d_15,"(2, 0, 58, 4)",15,10,10,10,10,10,0,10,0
8489,conv2d_15,"(0, 2, 1, 13)",22,10,10,10,10,10,0,10,0
8490,conv2d_15,"(2, 1, 6, 6)",20,10,10,10,10,10,0,10,0
8491,conv2d_15,"(1, 0, 39, 51)",21,10,10,10,10,10,0,10,0
8492,conv2d_15,"(1, 2, 1, 14)",0,10,10,10,10,10,10,0,0
8493,conv2d_15,"(2, 2, 0, 13)",26,10,10,10,10,10,0,10,0
8494,conv2d_15,"(1, 1, 62, 62)",31,10,10,10,10,10,2,8,0
8495,conv2d_15,"(2, 0, 10, 55)",28,10,10,10,10,10,1,9,0
8496,conv2d_15,"(0, 1, 48, 54)",18,10,10,10,10,10,1,9,0
8497,conv2d_15,"(0, 0, 42, 49)",14,10,10,10,10,10,0,10,0
8498,conv2d_15,"(1, 1, 56, 38)",26,10,10,10,10,10,0,10,0
8499,conv2d_15,"(1, 2, 25, 29)",9,10,10,10,10,10,0,10,0
8500,conv2d_15,"(0, 2, 55, 19)",7,10,10,10,10,10,0,10,0
8501,conv2d_15,"(0, 0, 44, 9)",13,10,10,10,10,10,0,10,0
8502,conv2d_15,"(0, 2, 37, 62)",31,10,10,10,10,10,1,9,0
8503,conv2d_15,"(1, 0, 36, 31)",20,10,10,10,10,10,0,10,0
8504,conv2d_15,"(2, 1, 14, 21)",0,10,10,10,10,10,10,0,0
8505,conv2d_15,"(1, 1, 0, 40)",8,10,10,10,10,10,1,9,0
8506,conv2d_15,"(2, 1, 3, 53)",27,10,10,10,10,10,0,10,0
8507,conv2d_15,"(1, 1, 9, 20)",31,10,10,10,10,10,0,10,0
8508,conv2d_15,"(1, 1, 30, 57)",1,10,10,10,10,10,8,2,0
8509,conv2d_15,"(2, 2, 14, 40)",5,10,10,10,10,10,6,4,0
8510,conv2d_15,"(1, 2, 38, 56)",14,10,10,10,10,10,0,10,0
8511,conv2d_15,"(1, 0, 55, 49)",28,10,10,10,10,10,0,10,0
8512,conv2d_15,"(1, 2, 57, 44)",22,10,10,10,10,10,2,8,0
8513,conv2d_15,"(0, 0, 57, 46)",7,10,10,10,10,10,0,10,0
8514,conv2d_15,"(1, 2, 33, 32)",24,10,10,10,10,10,0,10,0
8515,conv2d_15,"(0, 2, 55, 8)",20,10,10,10,10,10,0,10,0
8516,conv2d_15,"(1, 1, 43, 23)",30,10,0,4,0,4,0,0,10
8517,conv2d_15,"(1, 0, 61, 61)",28,10,10,10,10,10,2,8,0
8518,conv2d_15,"(0, 0, 10, 20)",17,10,10,10,10,10,2,8,0
8519,conv2d_15,"(1, 1, 56, 58)",4,10,10,10,10,10,0,10,0
8520,conv2d_15,"(1, 1, 60, 10)",31,10,10,10,10,10,0,10,0
8521,conv2d_15,"(2, 0, 16, 28)",2,10,10,10,10,10,10,0,0
8522,conv2d_15,"(1, 2, 7, 3)",0,10,10,10,10,10,10,0,0
8523,conv2d_15,"(1, 2, 36, 40)",7,10,10,10,10,10,0,10,0
8524,conv2d_15,"(1, 1, 29, 56)",23,10,10,10,10,10,0,10,0
8525,conv2d_15,"(1, 2, 4, 36)",4,10,10,10,10,10,1,9,0
8526,conv2d_15,"(1, 0, 35, 28)",18,10,10,10,10,10,10,0,0
8527,conv2d_15,"(2, 2, 16, 52)",30,10,0,4,0,4,0,0,10
8528,conv2d_15,"(0, 2, 17, 13)",14,10,10,10,10,10,0,10,0
8529,conv2d_15,"(1, 1, 7, 31)",15,10,10,10,10,10,0,10,0
8530,conv2d_15,"(0, 2, 47, 25)",23,10,10,10,10,10,0,10,0
8531,conv2d_15,"(2, 2, 40, 60)",1,10,10,10,10,10,4,6,0
8532,conv2d_15,"(2, 0, 20, 50)",7,10,10,10,10,10,2,8,0
8533,conv2d_15,"(2, 1, 0, 51)",31,10,10,10,10,10,0,10,0
8534,conv2d_15,"(2, 2, 60, 41)",9,10,10,10,10,10,2,8,0
8535,conv2d_15,"(1, 1, 24, 60)",15,10,10,10,10,10,0,10,0
8536,conv2d_15,"(1, 0, 60, 6)",15,10,10,10,10,10,0,10,0
8537,conv2d_15,"(1, 0, 49, 55)",31,10,10,10,10,10,1,9,0
8538,conv2d_15,"(1, 0, 41, 63)",3,10,10,10,10,10,1,9,0
8539,conv2d_15,"(1, 2, 35, 37)",2,10,10,10,10,10,3,7,0
8540,conv2d_15,"(2, 1, 17, 56)",10,10,10,10,10,10,0,10,0
8541,conv2d_15,"(0, 1, 10, 3)",14,10,10,10,10,10,1,9,0
8542,conv2d_15,"(1, 1, 18, 23)",9,10,10,10,10,10,1,9,0
8543,conv2d_15,"(1, 1, 20, 57)",24,10,10,10,10,10,0,10,0
8544,conv2d_15,"(1, 2, 2, 30)",19,10,10,10,10,10,0,10,0
8545,conv2d_15,"(1, 1, 44, 10)",7,10,10,10,10,10,0,10,0
8546,conv2d_15,"(1, 1, 58, 8)",13,10,10,10,10,10,0,10,0
8547,conv2d_15,"(1, 2, 21, 56)",20,10,10,10,10,10,0,10,0
8548,conv2d_15,"(2, 0, 58, 11)",19,10,10,10,10,10,0,10,0
8549,conv2d_15,"(1, 2, 63, 0)",20,10,10,10,10,10,10,0,0
8550,conv2d_15,"(1, 0, 0, 25)",25,10,10,10,10,10,0,10,0
8551,conv2d_15,"(0, 1, 61, 43)",13,10,10,10,10,10,1,9,0
8552,conv2d_15,"(1, 2, 4, 47)",1,10,10,10,10,10,9,1,0
8553,conv2d_15,"(0, 0, 10, 44)",26,10,10,10,10,10,0,10,0
8554,conv2d_15,"(0, 0, 57, 53)",8,10,10,10,10,10,0,10,0
8555,conv2d_15,"(1, 2, 40, 13)",15,10,10,10,10,10,0,10,0
8556,conv2d_15,"(0, 1, 3, 57)",21,10,10,10,10,10,0,10,0
8557,conv2d_15,"(2, 2, 57, 28)",9,10,10,10,10,10,10,0,0
8558,conv2d_15,"(2, 2, 36, 14)",10,10,10,10,10,10,0,10,0
8559,conv2d_15,"(0, 1, 10, 39)",6,10,10,10,10,10,2,8,0
8560,conv2d_15,"(0, 1, 30, 61)",12,10,10,10,10,10,0,10,0
8561,conv2d_15,"(2, 0, 47, 4)",2,10,10,10,10,10,0,10,0
8562,conv2d_15,"(2, 2, 33, 52)",13,10,10,10,10,10,1,9,0
8563,conv2d_15,"(1, 1, 15, 54)",10,10,10,10,10,10,0,10,0
8564,conv2d_15,"(1, 1, 50, 25)",26,10,10,10,10,10,0,10,0
8565,conv2d_15,"(1, 1, 51, 5)",23,10,10,10,10,10,1,9,0
8566,conv2d_15,"(1, 0, 45, 44)",20,10,10,10,10,10,0,10,0
8567,conv2d_15,"(0, 1, 12, 37)",28,10,10,10,10,10,0,10,0
8568,conv2d_15,"(1, 0, 16, 61)",18,10,10,10,10,10,0,10,0
8569,conv2d_15,"(1, 2, 22, 5)",4,10,10,10,10,10,0,10,0
8570,conv2d_15,"(1, 2, 40, 3)",28,10,10,10,10,10,0,10,0
8571,conv2d_15,"(1, 1, 27, 19)",18,10,10,10,10,10,0,10,0
8572,conv2d_15,"(2, 0, 60, 46)",2,10,10,10,10,10,10,0,0
8573,conv2d_15,"(1, 0, 19, 2)",1,10,10,10,10,10,10,0,0
8574,conv2d_15,"(1, 0, 10, 36)",29,10,10,10,10,10,0,10,0
8575,conv2d_15,"(0, 1, 31, 38)",24,10,10,10,10,10,0,10,0
8576,conv2d_15,"(1, 2, 15, 1)",7,10,10,10,10,10,0,10,0
8577,conv2d_15,"(2, 1, 43, 11)",24,10,10,10,10,10,0,10,0
8578,conv2d_15,"(0, 2, 11, 55)",18,10,10,10,10,10,0,10,0
8579,conv2d_15,"(1, 2, 35, 2)",22,10,10,10,10,10,0,10,0
8580,conv2d_15,"(0, 1, 5, 5)",21,10,10,10,10,10,1,9,0
8581,conv2d_15,"(2, 2, 4, 38)",8,10,10,10,10,10,0,10,0
8582,conv2d_15,"(0, 1, 61, 16)",2,10,10,10,10,10,4,6,0
8583,conv2d_15,"(2, 1, 39, 49)",15,10,10,10,10,10,0,10,0
8584,conv2d_15,"(2, 1, 55, 42)",2,10,10,10,10,10,2,8,0
8585,conv2d_15,"(0, 2, 50, 28)",13,10,10,10,10,10,10,0,0
8586,conv2d_15,"(1, 0, 37, 51)",10,10,10,10,10,10,0,10,0
8587,conv2d_15,"(1, 2, 46, 38)",6,10,10,10,10,10,2,8,0
8588,conv2d_15,"(2, 2, 4, 62)",14,10,10,10,10,10,0,10,0
8589,conv2d_15,"(0, 1, 44, 30)",11,10,10,10,10,10,0,10,0
8590,conv2d_15,"(2, 2, 34, 33)",26,10,10,10,10,10,0,10,0
8591,conv2d_15,"(2, 2, 31, 51)",2,10,10,10,10,10,0,10,0
8592,conv2d_15,"(1, 1, 4, 5)",13,10,10,10,10,10,0,10,0
8593,conv2d_15,"(2, 2, 34, 2)",26,10,10,10,10,10,0,10,0
8594,conv2d_15,"(1, 0, 21, 63)",19,10,10,10,10,10,0,10,0
8595,conv2d_15,"(0, 2, 48, 1)",28,10,10,10,10,10,0,10,0
8596,conv2d_15,"(0, 0, 57, 6)",31,10,10,10,10,10,0,10,0
8597,conv2d_15,"(1, 1, 14, 1)",6,10,10,10,10,10,0,10,0
8598,conv2d_15,"(0, 2, 2, 28)",18,10,10,10,10,10,10,0,0
8599,conv2d_15,"(2, 0, 13, 48)",6,10,10,10,10,10,0,10,0
8600,conv2d_15,"(0, 1, 6, 46)",16,10,10,10,10,10,0,10,0
8601,conv2d_15,"(1, 1, 33, 41)",9,10,10,10,10,10,1,9,0
8602,conv2d_15,"(0, 0, 56, 47)",9,10,10,10,10,10,0,10,0
8603,conv2d_15,"(1, 0, 28, 44)",8,10,10,10,10,10,0,10,0
8604,conv2d_15,"(2, 2, 51, 56)",28,10,10,10,10,10,0,10,0
8605,conv2d_15,"(0, 2, 22, 50)",22,10,10,10,10,10,1,9,0
8606,conv2d_15,"(1, 1, 39, 63)",23,10,10,10,10,10,0,10,0
8607,conv2d_15,"(2, 2, 7, 4)",28,10,10,10,10,10,0,10,0
8608,conv2d_15,"(0, 2, 59, 15)",14,10,10,10,10,10,0,10,0
8609,conv2d_15,"(1, 0, 43, 11)",27,10,10,10,10,10,0,10,0
8610,conv2d_15,"(0, 1, 35, 4)",5,10,10,10,10,10,1,9,0
8611,conv2d_15,"(1, 0, 32, 33)",26,10,10,10,10,10,0,10,0
8612,conv2d_15,"(1, 1, 4, 42)",6,10,10,10,10,10,0,10,0
8613,conv2d_15,"(1, 1, 23, 47)",18,10,10,10,10,10,0,10,0
8614,conv2d_15,"(2, 1, 18, 44)",18,10,10,10,10,10,0,10,0
8615,conv2d_15,"(0, 2, 32, 47)",7,10,10,10,10,10,1,9,0
8616,conv2d_15,"(2, 0, 59, 28)",16,10,10,10,10,10,10,0,0
8617,conv2d_15,"(0, 0, 54, 62)",12,10,10,10,10,10,0,10,0
8618,conv2d_15,"(0, 2, 56, 24)",25,10,10,10,10,10,0,10,0
8619,conv2d_15,"(1, 0, 21, 41)",30,10,0,5,0,5,0,0,10
8620,conv2d_15,"(2, 1, 0, 53)",18,10,10,10,10,10,0,10,0
8621,conv2d_15,"(1, 1, 39, 15)",17,10,10,10,10,10,0,10,0
8622,conv2d_15,"(1, 2, 21, 0)",7,10,10,10,10,10,10,0,0
8623,conv2d_15,"(0, 1, 45, 24)",9,10,10,10,10,10,0,10,0
8624,conv2d_15,"(1, 1, 45, 41)",5,10,10,10,10,10,1,9,0
8625,conv2d_15,"(1, 2, 18, 25)",9,10,10,10,10,10,0,10,0
8626,conv2d_15,"(2, 1, 26, 11)",7,10,10,10,10,10,1,9,0
8627,conv2d_15,"(0, 0, 44, 46)",22,10,10,10,10,10,0,10,0
8628,conv2d_15,"(2, 1, 16, 34)",9,10,10,10,10,10,0,10,0
8629,conv2d_15,"(0, 1, 43, 61)",25,10,10,10,10,10,0,10,0
8630,conv2d_15,"(2, 2, 35, 7)",11,10,10,10,10,10,0,10,0
8631,conv2d_15,"(0, 1, 56, 1)",4,10,10,10,10,10,0,10,0
8632,conv2d_15,"(0, 0, 50, 19)",19,10,10,10,10,10,0,10,0
8633,conv2d_15,"(2, 2, 23, 4)",13,10,10,10,10,10,0,10,0
8634,conv2d_15,"(2, 0, 13, 62)",9,10,10,10,10,10,0,10,0
8635,conv2d_15,"(0, 1, 60, 52)",15,10,10,10,10,10,1,9,0
8636,conv2d_15,"(1, 0, 19, 31)",28,10,10,10,10,10,0,10,0
8637,conv2d_15,"(1, 1, 54, 57)",27,10,10,10,10,10,0,10,0
8638,conv2d_15,"(2, 2, 15, 42)",18,10,10,10,10,10,0,10,0
8639,conv2d_15,"(2, 2, 57, 49)",29,10,10,10,10,10,0,10,0
8640,conv2d_15,"(2, 1, 19, 37)",17,10,10,10,10,10,0,10,0
8641,conv2d_15,"(0, 1, 9, 24)",31,10,10,10,10,10,0,10,0
8642,conv2d_15,"(0, 2, 63, 44)",25,10,10,10,10,10,10,0,0
8643,conv2d_15,"(2, 2, 33, 52)",0,10,10,10,10,10,9,1,0
8644,conv2d_15,"(1, 2, 29, 42)",27,10,10,10,10,10,0,10,0
8645,conv2d_15,"(0, 0, 26, 56)",12,10,10,10,10,10,0,10,0
8646,conv2d_15,"(0, 2, 50, 9)",13,10,10,10,10,10,0,10,0
8647,conv2d_15,"(1, 2, 61, 13)",0,10,10,10,10,10,10,0,0
8648,conv2d_15,"(1, 0, 31, 43)",13,10,10,10,10,10,1,9,0
8649,conv2d_15,"(0, 0, 24, 28)",20,10,10,10,10,10,10,0,0
8650,conv2d_15,"(0, 1, 2, 12)",25,10,10,10,10,10,0,10,0
8651,conv2d_15,"(0, 0, 1, 35)",27,10,10,10,10,10,0,10,0
8652,conv2d_15,"(0, 2, 7, 17)",14,10,10,10,10,10,0,10,0
8653,conv2d_15,"(0, 0, 24, 46)",22,10,10,10,10,10,0,10,0
8654,conv2d_15,"(2, 1, 30, 35)",6,10,10,10,10,10,0,10,0
8655,conv2d_15,"(0, 1, 62, 46)",5,10,10,10,10,10,2,8,0
8656,conv2d_15,"(0, 2, 10, 40)",24,10,10,10,10,10,1,9,0
8657,conv2d_15,"(2, 1, 1, 54)",11,10,10,10,10,10,1,9,0
8658,conv2d_15,"(1, 0, 48, 30)",18,10,10,10,10,10,0,10,0
8659,conv2d_15,"(0, 1, 4, 50)",11,10,10,10,10,10,3,7,0
8660,conv2d_15,"(1, 2, 39, 18)",8,10,10,10,10,10,0,10,0
8661,conv2d_15,"(0, 2, 43, 18)",9,10,10,10,10,10,0,10,0
8662,conv2d_15,"(0, 1, 12, 54)",2,10,10,10,10,10,5,5,0
8663,conv2d_15,"(0, 0, 16, 53)",18,10,10,10,10,10,0,10,0
8664,conv2d_15,"(1, 1, 9, 4)",31,10,10,10,10,10,0,10,0
8665,conv2d_15,"(0, 2, 50, 2)",4,10,10,10,10,10,2,8,0
8666,conv2d_15,"(2, 1, 61, 4)",11,10,10,10,10,10,0,10,0
8667,conv2d_15,"(1, 1, 50, 54)",3,10,10,10,10,10,5,5,0
8668,conv2d_15,"(2, 0, 53, 27)",25,10,10,10,10,10,1,9,0
8669,conv2d_15,"(1, 0, 14, 20)",28,10,10,10,10,10,0,10,0
8670,conv2d_15,"(0, 0, 60, 28)",29,10,10,10,10,10,10,0,0
8671,conv2d_15,"(0, 2, 35, 10)",1,10,10,10,10,10,6,4,0
8672,conv2d_15,"(2, 0, 1, 24)",1,10,10,10,10,10,5,5,0
8673,conv2d_15,"(2, 2, 43, 6)",25,10,10,10,10,10,0,10,0
8674,conv2d_15,"(0, 1, 50, 22)",0,10,10,10,10,10,10,0,0
8675,conv2d_15,"(1, 1, 36, 22)",20,10,10,10,10,10,0,10,0
8676,conv2d_15,"(0, 0, 21, 57)",10,10,10,10,10,10,1,9,0
8677,conv2d_15,"(2, 0, 29, 59)",21,10,10,10,10,10,10,0,0
8678,conv2d_15,"(2, 0, 19, 22)",11,10,10,10,10,10,0,10,0
8679,conv2d_15,"(2, 2, 58, 17)",11,10,10,10,10,10,0,10,0
8680,conv2d_15,"(0, 0, 32, 41)",18,10,10,10,10,10,1,9,0
8681,conv2d_15,"(1, 1, 37, 31)",18,10,10,10,10,10,0,10,0
8682,conv2d_15,"(2, 2, 10, 30)",25,10,10,10,10,10,2,8,0
8683,conv2d_15,"(2, 1, 46, 39)",29,10,10,10,10,10,0,10,0
8684,conv2d_15,"(1, 2, 7, 6)",11,10,10,10,10,10,0,10,0
8685,conv2d_15,"(0, 1, 54, 34)",26,10,10,10,10,10,0,10,0
8686,conv2d_15,"(1, 1, 61, 30)",23,10,10,10,10,10,0,10,0
8687,conv2d_15,"(1, 2, 35, 2)",15,10,10,10,10,10,0,10,0
8688,conv2d_15,"(0, 0, 46, 63)",31,10,10,10,10,10,0,10,0
8689,conv2d_15,"(2, 2, 4, 59)",3,10,10,10,10,10,10,0,0
8690,conv2d_15,"(1, 0, 14, 24)",6,10,10,10,10,10,1,9,0
8691,conv2d_15,"(1, 2, 29, 9)",0,10,10,10,10,10,5,5,0
8692,conv2d_15,"(0, 0, 24, 36)",7,10,10,10,10,10,0,10,0
8693,conv2d_15,"(2, 1, 53, 47)",16,10,10,10,10,10,0,10,0
8694,conv2d_15,"(0, 0, 14, 2)",19,10,10,10,10,10,0,10,0
8695,conv2d_15,"(0, 2, 3, 51)",12,10,10,10,10,10,0,10,0
8696,conv2d_15,"(0, 0, 41, 26)",27,10,10,10,10,10,0,10,0
8697,conv2d_15,"(1, 0, 22, 21)",13,10,10,10,10,10,0,10,0
8698,conv2d_15,"(2, 1, 49, 9)",8,10,10,10,10,10,0,10,0
8699,conv2d_15,"(0, 0, 51, 49)",7,10,10,10,10,10,0,10,0
8700,conv2d_15,"(1, 0, 12, 48)",9,10,10,10,10,10,0,10,0
8701,conv2d_15,"(0, 0, 13, 24)",30,10,0,5,0,5,0,0,10
8702,conv2d_15,"(0, 2, 57, 10)",18,10,10,10,10,10,0,10,0
8703,conv2d_15,"(2, 1, 59, 40)",2,10,10,10,10,10,1,9,0
8704,conv2d_15,"(2, 2, 14, 42)",23,10,10,10,10,10,0,10,0
8705,conv2d_15,"(2, 2, 9, 3)",0,10,10,10,10,10,2,8,0
8706,conv2d_15,"(1, 1, 42, 0)",14,10,10,10,10,10,10,0,0
8707,conv2d_15,"(1, 0, 20, 45)",23,10,10,10,10,10,0,10,0
8708,conv2d_15,"(1, 1, 11, 47)",15,10,10,10,10,10,1,9,0
8709,conv2d_15,"(1, 0, 23, 46)",15,10,10,10,10,10,0,10,0
8710,conv2d_15,"(2, 0, 19, 3)",24,10,10,10,10,10,0,10,0
8711,conv2d_15,"(0, 1, 12, 61)",26,10,10,10,10,10,0,10,0
8712,conv2d_15,"(0, 0, 54, 41)",18,10,10,10,10,10,1,9,0
8713,conv2d_15,"(1, 1, 24, 21)",28,10,10,10,10,10,0,10,0
8714,conv2d_15,"(0, 2, 36, 56)",19,10,10,10,10,10,0,10,0
8715,conv2d_15,"(1, 0, 47, 5)",31,10,10,10,10,10,0,10,0
8716,conv2d_15,"(0, 0, 24, 43)",31,10,10,10,10,10,1,9,0
8717,conv2d_15,"(0, 1, 44, 63)",7,10,10,10,10,10,0,10,0
8718,conv2d_15,"(2, 2, 59, 40)",7,10,10,10,10,10,1,9,0
8719,conv2d_15,"(0, 1, 31, 51)",6,10,10,10,10,10,0,10,0
8720,conv2d_15,"(0, 0, 14, 40)",16,10,10,10,10,10,1,9,0
8721,conv2d_15,"(0, 0, 33, 20)",18,10,10,10,10,10,1,9,0
8722,conv2d_15,"(1, 1, 46, 39)",28,10,10,10,10,10,0,10,0
8723,conv2d_15,"(2, 0, 9, 27)",28,10,10,10,10,10,0,10,0
8724,conv2d_15,"(2, 1, 60, 9)",5,10,10,10,10,10,0,10,0
8725,conv2d_15,"(1, 2, 52, 0)",20,10,10,10,10,10,10,0,0
8726,conv2d_15,"(2, 0, 40, 39)",22,10,10,10,10,10,0,10,0
8727,conv2d_15,"(0, 1, 0, 60)",0,10,10,10,10,10,9,1,0
8728,conv2d_15,"(1, 1, 11, 15)",5,10,10,10,10,10,1,9,0
8729,conv2d_15,"(1, 0, 3, 59)",13,10,10,10,10,10,10,0,0
8730,conv2d_15,"(0, 2, 14, 4)",8,10,10,10,10,10,0,10,0
8731,conv2d_15,"(2, 0, 27, 57)",5,10,10,10,10,10,0,10,0
8732,conv2d_15,"(0, 0, 58, 11)",15,10,10,10,10,10,0,10,0
8733,conv2d_15,"(2, 1, 60, 40)",22,10,10,10,10,10,1,9,0
8734,conv2d_15,"(0, 0, 33, 54)",4,10,10,10,10,10,1,9,0
8735,conv2d_15,"(1, 0, 40, 8)",25,10,10,10,10,10,0,10,0
8736,conv2d_15,"(2, 0, 56, 7)",18,10,10,10,10,10,0,10,0
8737,conv2d_15,"(1, 1, 15, 9)",13,10,10,10,10,10,0,10,0
8738,conv2d_15,"(1, 2, 22, 34)",4,10,10,10,10,10,1,9,0
8739,conv2d_15,"(1, 1, 32, 15)",18,10,10,10,10,10,0,10,0
8740,conv2d_15,"(0, 1, 55, 50)",9,10,10,10,10,10,1,9,0
8741,conv2d_15,"(0, 2, 29, 16)",27,10,10,10,10,10,1,9,0
8742,conv2d_15,"(2, 0, 16, 37)",5,10,10,10,10,10,1,9,0
8743,conv2d_15,"(1, 0, 33, 54)",14,10,10,10,10,10,0,10,0
8744,conv2d_15,"(2, 2, 12, 44)",21,10,10,10,10,10,0,10,0
8745,conv2d_15,"(1, 2, 30, 19)",27,10,10,10,10,10,0,10,0
8746,conv2d_15,"(0, 0, 40, 50)",31,10,10,10,10,10,2,8,0
8747,conv2d_15,"(1, 1, 54, 36)",12,10,10,10,10,10,0,10,0
8748,conv2d_15,"(1, 1, 12, 29)",20,10,10,10,10,10,0,10,0
8749,conv2d_15,"(0, 1, 55, 1)",18,10,10,10,10,10,0,10,0
8750,conv2d_15,"(2, 0, 12, 13)",30,10,1,4,1,4,0,1,9
8751,conv2d_15,"(2, 2, 28, 13)",18,10,10,10,10,10,0,10,0
8752,conv2d_15,"(2, 0, 30, 54)",0,10,10,10,10,10,10,0,0
8753,conv2d_15,"(2, 1, 5, 63)",27,10,10,10,10,10,0,10,0
8754,conv2d_15,"(2, 1, 57, 41)",3,10,10,10,10,10,4,6,0
8755,conv2d_15,"(0, 1, 29, 14)",6,10,10,10,10,10,0,10,0
8756,conv2d_15,"(2, 1, 35, 41)",31,10,10,10,10,10,1,9,0
8757,conv2d_15,"(0, 0, 63, 39)",17,10,10,10,10,10,10,0,0
8758,conv2d_15,"(2, 2, 47, 28)",30,10,0,5,0,5,0,0,10
8759,conv2d_15,"(2, 1, 55, 31)",2,10,10,10,10,10,8,2,0
8760,conv2d_15,"(2, 1, 54, 12)",9,10,10,10,10,10,0,10,0
8761,conv2d_15,"(0, 2, 30, 46)",30,10,0,4,0,4,0,0,10
8762,conv2d_15,"(1, 0, 6, 40)",13,10,10,10,10,10,1,9,0
8763,conv2d_15,"(0, 2, 2, 60)",7,10,10,10,10,10,0,10,0
8764,conv2d_15,"(2, 2, 50, 41)",28,10,10,10,10,10,0,10,0
8765,conv2d_15,"(2, 2, 2, 34)",22,10,10,10,10,10,0,10,0
8766,conv2d_15,"(1, 2, 2, 21)",22,10,10,10,10,10,0,10,0
8767,conv2d_15,"(1, 2, 44, 4)",9,10,10,10,10,10,0,10,0
8768,conv2d_15,"(1, 2, 34, 8)",9,10,10,10,10,10,1,9,0
8769,conv2d_15,"(2, 0, 50, 49)",25,10,10,10,10,10,0,10,0
8770,conv2d_15,"(1, 0, 22, 26)",27,10,10,10,10,10,0,10,0
8771,conv2d_15,"(2, 1, 11, 12)",17,10,10,10,10,10,0,10,0
8772,conv2d_15,"(0, 2, 48, 4)",31,10,10,10,10,10,0,10,0
8773,conv2d_15,"(1, 2, 6, 3)",12,10,10,10,10,10,2,8,0
8774,conv2d_15,"(0, 2, 15, 11)",7,10,10,10,10,10,0,10,0
8775,conv2d_15,"(2, 0, 42, 58)",9,10,10,10,10,10,0,10,0
8776,conv2d_15,"(0, 0, 26, 20)",11,10,10,10,10,10,1,9,0
8777,conv2d_15,"(1, 1, 49, 42)",8,10,10,10,10,10,0,10,0
8778,conv2d_15,"(2, 2, 0, 44)",13,10,10,10,10,10,0,10,0
8779,conv2d_15,"(0, 1, 54, 44)",11,10,10,10,10,10,0,10,0
8780,conv2d_15,"(1, 0, 14, 58)",12,10,10,10,10,10,0,10,0
8781,conv2d_15,"(1, 2, 22, 35)",31,10,10,10,10,10,0,10,0
8782,conv2d_15,"(0, 1, 18, 24)",31,10,10,10,10,10,0,10,0
8783,conv2d_15,"(1, 0, 62, 29)",6,10,10,10,10,10,5,5,0
8784,conv2d_15,"(0, 2, 19, 39)",16,10,10,10,10,10,0,10,0
8785,conv2d_15,"(1, 2, 4, 23)",15,10,10,10,10,10,0,10,0
8786,conv2d_15,"(0, 1, 33, 61)",29,10,10,10,10,10,0,10,0
8787,conv2d_15,"(0, 1, 36, 8)",3,10,10,10,10,10,0,10,0
8788,conv2d_15,"(2, 1, 17, 42)",14,10,10,10,10,10,0,10,0
8789,conv2d_15,"(1, 2, 46, 0)",31,10,10,10,10,10,10,0,0
8790,conv2d_15,"(1, 1, 28, 63)",11,10,10,10,10,10,0,10,0
8791,conv2d_15,"(1, 2, 26, 62)",22,10,10,10,10,10,0,10,0
8792,conv2d_15,"(0, 2, 19, 58)",6,10,10,10,10,10,0,10,0
8793,conv2d_15,"(0, 2, 9, 54)",9,10,10,10,10,10,1,9,0
8794,conv2d_15,"(1, 0, 30, 10)",6,10,10,10,10,10,1,9,0
8795,conv2d_15,"(2, 0, 30, 9)",3,10,10,10,10,10,0,10,0
8796,conv2d_15,"(1, 1, 3, 13)",12,10,10,10,10,10,0,10,0
8797,conv2d_15,"(0, 1, 5, 47)",25,10,10,10,10,10,2,8,0
8798,conv2d_15,"(2, 2, 36, 35)",6,10,10,10,10,10,0,10,0
8799,conv2d_15,"(0, 2, 27, 21)",8,10,10,10,10,10,0,10,0
8800,conv2d_15,"(0, 0, 29, 23)",30,10,3,5,3,5,0,3,7
8801,conv2d_15,"(2, 1, 41, 31)",3,10,10,10,10,10,2,8,0
8802,conv2d_15,"(2, 0, 26, 38)",15,10,10,10,10,10,0,10,0
8803,conv2d_15,"(2, 1, 1, 61)",28,10,10,10,10,10,0,10,0
8804,conv2d_15,"(2, 0, 61, 26)",7,10,10,10,10,10,4,6,0
8805,conv2d_15,"(1, 2, 14, 28)",11,10,10,10,10,10,10,0,0
8806,conv2d_15,"(2, 0, 48, 17)",0,10,10,10,10,10,2,8,0
8807,conv2d_15,"(0, 1, 57, 26)",6,10,10,10,10,10,0,10,0
8808,conv2d_15,"(1, 2, 9, 29)",19,10,10,10,10,10,1,9,0
8809,conv2d_15,"(2, 0, 31, 34)",12,10,10,10,10,10,0,10,0
8810,conv2d_15,"(2, 1, 35, 56)",14,10,10,10,10,10,0,10,0
8811,conv2d_15,"(0, 0, 12, 15)",28,10,10,10,10,10,0,10,0
8812,conv2d_15,"(2, 1, 32, 7)",25,10,10,10,10,10,0,10,0
8813,conv2d_15,"(1, 1, 39, 21)",19,10,10,10,10,10,0,10,0
8814,conv2d_15,"(1, 0, 56, 3)",0,10,10,10,10,10,5,5,0
8815,conv2d_15,"(1, 1, 29, 41)",8,10,10,10,10,10,0,10,0
8816,conv2d_15,"(2, 2, 33, 26)",6,10,10,10,10,10,0,10,0
8817,conv2d_15,"(2, 2, 3, 15)",11,10,10,10,10,10,0,10,0
8818,conv2d_15,"(0, 0, 41, 29)",17,10,10,10,10,10,1,9,0
8819,conv2d_15,"(2, 2, 61, 62)",10,10,10,10,10,10,0,10,0
8820,conv2d_15,"(2, 1, 62, 43)",14,10,10,10,10,10,2,8,0
8821,conv2d_15,"(1, 1, 8, 59)",18,10,10,10,10,10,10,0,0
8822,conv2d_15,"(0, 0, 41, 12)",2,10,10,10,10,10,5,5,0
8823,conv2d_15,"(1, 1, 2, 57)",26,10,10,10,10,10,0,10,0
8824,conv2d_15,"(2, 2, 7, 63)",25,10,10,10,10,10,0,10,0
8825,conv2d_15,"(0, 0, 29, 27)",4,10,10,10,10,10,0,10,0
8826,conv2d_15,"(0, 2, 11, 55)",21,10,10,10,10,10,0,10,0
8827,conv2d_15,"(0, 2, 28, 43)",15,10,10,10,10,10,0,10,0
8828,conv2d_15,"(2, 0, 26, 62)",12,10,10,10,10,10,0,10,0
8829,conv2d_15,"(0, 1, 7, 32)",31,10,10,10,10,10,0,10,0
8830,conv2d_15,"(0, 0, 59, 9)",31,10,10,10,10,10,0,10,0
8831,conv2d_15,"(1, 0, 3, 27)",8,10,10,10,10,10,0,10,0
8832,conv2d_15,"(1, 1, 1, 6)",8,10,10,10,10,10,0,10,0
8833,conv2d_15,"(0, 0, 61, 5)",25,10,10,10,10,10,0,10,0
8834,conv2d_15,"(1, 2, 34, 23)",19,10,10,10,10,10,0,10,0
8835,conv2d_15,"(1, 2, 38, 16)",17,10,10,10,10,10,0,10,0
8836,conv2d_15,"(0, 1, 31, 61)",20,10,10,10,10,10,0,10,0
8837,conv2d_15,"(1, 0, 54, 7)",1,10,10,10,10,10,6,4,0
8838,conv2d_15,"(1, 1, 28, 42)",7,10,10,10,10,10,0,10,0
8839,conv2d_15,"(1, 0, 3, 16)",2,10,10,10,10,10,10,0,0
8840,conv2d_15,"(2, 2, 61, 44)",1,10,10,10,10,10,5,5,0
8841,conv2d_15,"(2, 2, 40, 29)",20,10,10,10,10,10,1,9,0
8842,conv2d_15,"(2, 2, 12, 1)",26,10,10,10,10,10,0,10,0
8843,conv2d_15,"(1, 1, 35, 33)",20,10,10,10,10,10,0,10,0
8844,conv2d_15,"(2, 1, 10, 57)",16,10,10,10,10,10,0,10,0
8845,conv2d_15,"(0, 1, 23, 37)",16,10,10,10,10,10,0,10,0
8846,conv2d_15,"(0, 1, 46, 7)",20,10,10,10,10,10,0,10,0
8847,conv2d_15,"(1, 0, 61, 53)",11,10,10,10,10,10,0,10,0
8848,conv2d_15,"(2, 1, 14, 6)",31,10,10,10,10,10,0,10,0
8849,conv2d_15,"(0, 0, 31, 40)",4,10,10,10,10,10,5,5,0
8850,conv2d_15,"(2, 0, 32, 28)",19,10,10,10,10,10,10,0,0
8851,conv2d_15,"(2, 2, 44, 4)",3,10,10,10,10,10,1,9,0
8852,conv2d_15,"(0, 2, 61, 49)",4,10,10,10,10,10,2,8,0
8853,conv2d_15,"(1, 1, 34, 32)",19,10,10,10,10,10,0,10,0
8854,conv2d_15,"(0, 0, 0, 32)",2,10,10,10,10,10,3,7,0
8855,conv2d_15,"(0, 1, 4, 37)",26,10,10,10,10,10,0,10,0
8856,conv2d_15,"(1, 2, 45, 32)",29,10,10,10,10,10,0,10,0
8857,conv2d_15,"(1, 2, 27, 49)",28,10,10,10,10,10,0,10,0
8858,conv2d_15,"(1, 1, 21, 44)",1,10,10,10,10,10,8,2,0
8859,conv2d_15,"(1, 1, 18, 36)",27,10,10,10,10,10,0,10,0
8860,conv2d_15,"(1, 1, 40, 17)",3,10,10,10,10,10,3,7,0
8861,conv2d_15,"(2, 0, 24, 10)",30,10,0,4,0,4,0,0,10
8862,conv2d_15,"(0, 2, 10, 42)",7,10,10,10,10,10,0,10,0
8863,conv2d_15,"(1, 1, 13, 21)",11,10,10,10,10,10,0,10,0
8864,conv2d_15,"(2, 2, 7, 47)",7,10,10,10,10,10,1,9,0
8865,conv2d_15,"(2, 0, 42, 47)",19,10,10,10,10,10,0,10,0
8866,conv2d_15,"(1, 0, 13, 30)",28,10,10,10,10,10,0,10,0
8867,conv2d_15,"(1, 0, 63, 9)",27,10,10,10,10,10,10,0,0
8868,conv2d_15,"(1, 2, 61, 35)",24,10,10,10,10,10,0,10,0
8869,conv2d_15,"(2, 0, 12, 24)",14,10,10,10,10,10,0,10,0
8870,conv2d_15,"(0, 2, 31, 20)",29,10,10,10,10,10,0,10,0
8871,conv2d_15,"(0, 0, 60, 51)",23,10,10,10,10,10,0,10,0
8872,conv2d_15,"(0, 1, 48, 39)",16,10,10,10,10,10,0,10,0
8873,conv2d_15,"(1, 2, 35, 37)",26,10,10,10,10,10,0,10,0
8874,conv2d_15,"(2, 2, 46, 36)",11,10,10,10,10,10,0,10,0
8875,conv2d_15,"(0, 2, 39, 32)",14,10,10,10,10,10,0,10,0
8876,conv2d_15,"(0, 0, 8, 23)",28,10,10,10,10,10,0,10,0
8877,conv2d_15,"(2, 2, 34, 16)",17,10,10,10,10,10,0,10,0
8878,conv2d_15,"(2, 1, 20, 63)",20,10,10,10,10,10,0,10,0
8879,conv2d_15,"(1, 2, 34, 11)",19,10,10,10,10,10,0,10,0
8880,conv2d_15,"(2, 2, 0, 2)",19,10,10,10,10,10,0,10,0
8881,conv2d_15,"(2, 1, 43, 49)",25,10,10,10,10,10,0,10,0
8882,conv2d_15,"(2, 2, 19, 30)",18,10,10,10,10,10,0,10,0
8883,conv2d_15,"(2, 1, 2, 63)",15,10,10,10,10,10,0,10,0
8884,conv2d_15,"(2, 2, 50, 61)",30,10,2,5,2,5,0,2,8
8885,conv2d_15,"(2, 1, 32, 53)",13,10,10,10,10,10,0,10,0
8886,conv2d_15,"(1, 0, 5, 57)",17,10,10,10,10,10,1,9,0
8887,conv2d_15,"(0, 2, 44, 18)",6,10,10,10,10,10,0,10,0
8888,conv2d_15,"(1, 0, 15, 58)",28,10,10,10,10,10,0,10,0
8889,conv2d_15,"(1, 1, 56, 39)",27,10,10,10,10,10,0,10,0
8890,conv2d_15,"(0, 2, 51, 54)",5,10,10,10,10,10,1,9,0
8891,conv2d_15,"(1, 0, 24, 15)",24,10,10,10,10,10,1,9,0
8892,conv2d_15,"(1, 2, 16, 32)",13,10,10,10,10,10,0,10,0
8893,conv2d_15,"(1, 2, 57, 14)",31,10,10,10,10,10,0,10,0
8894,conv2d_15,"(1, 1, 45, 1)",20,10,10,10,10,10,0,10,0
8895,conv2d_15,"(2, 1, 3, 14)",27,10,10,10,10,10,1,9,0
8896,conv2d_15,"(1, 0, 53, 27)",19,10,10,10,10,10,1,9,0
8897,conv2d_15,"(1, 1, 57, 35)",7,10,10,10,10,10,0,10,0
8898,conv2d_15,"(1, 1, 4, 34)",29,10,10,10,10,10,0,10,0
8899,conv2d_15,"(1, 2, 17, 7)",1,10,10,10,10,10,0,10,0
8900,conv2d_15,"(1, 1, 46, 10)",16,10,10,10,10,10,0,10,0
8901,conv2d_15,"(2, 2, 4, 36)",20,10,10,10,10,10,0,10,0
8902,conv2d_15,"(0, 1, 41, 58)",24,10,10,10,10,10,0,10,0
8903,conv2d_15,"(1, 1, 62, 27)",17,10,10,10,10,10,0,10,0
8904,conv2d_15,"(2, 1, 43, 45)",30,10,0,4,0,4,0,0,10
8905,conv2d_15,"(0, 0, 52, 49)",21,10,10,10,10,10,0,10,0
8906,conv2d_15,"(0, 2, 23, 34)",21,10,10,10,10,10,0,10,0
8907,conv2d_15,"(0, 0, 43, 3)",28,10,10,10,10,10,0,10,0
8908,conv2d_15,"(2, 1, 60, 20)",8,10,10,10,10,10,1,9,0
8909,conv2d_15,"(1, 2, 60, 18)",20,10,10,10,10,10,0,10,0
8910,conv2d_15,"(2, 2, 7, 63)",17,10,10,10,10,10,0,10,0
8911,conv2d_15,"(1, 0, 54, 20)",15,10,10,10,10,10,1,9,0
8912,conv2d_15,"(2, 2, 54, 52)",1,10,10,10,10,10,6,4,0
8913,conv2d_15,"(1, 2, 59, 23)",19,10,10,10,10,10,0,10,0
8914,conv2d_15,"(2, 2, 22, 33)",18,10,10,10,10,10,0,10,0
8915,conv2d_15,"(0, 0, 46, 25)",30,10,0,5,0,5,0,0,10
8916,conv2d_15,"(1, 1, 13, 50)",14,10,10,10,10,10,1,9,0
8917,conv2d_15,"(1, 2, 63, 61)",16,10,10,10,10,10,10,0,0
8918,conv2d_15,"(1, 0, 35, 17)",26,10,10,10,10,10,2,8,0
8919,conv2d_15,"(2, 0, 8, 36)",24,10,10,10,10,10,0,10,0
8920,conv2d_15,"(2, 1, 54, 24)",1,10,10,10,10,10,4,6,0
8921,conv2d_15,"(1, 2, 22, 60)",11,10,10,10,10,10,0,10,0
8922,conv2d_15,"(0, 1, 4, 44)",4,10,10,10,10,10,1,9,0
8923,conv2d_15,"(2, 1, 54, 44)",3,10,10,10,10,10,2,8,0
8924,conv2d_15,"(0, 0, 18, 61)",30,10,0,5,0,5,0,0,10
8925,conv2d_15,"(2, 0, 2, 5)",12,10,10,10,10,10,1,9,0
8926,conv2d_15,"(2, 2, 39, 27)",1,10,10,10,10,10,1,9,0
8927,conv2d_15,"(1, 1, 26, 18)",14,10,10,10,10,10,0,10,0
8928,conv2d_15,"(2, 2, 55, 22)",11,10,10,10,10,10,0,10,0
8929,conv2d_15,"(0, 2, 36, 35)",0,10,10,10,10,10,10,0,0
8930,conv2d_15,"(2, 2, 48, 11)",22,10,10,10,10,10,0,10,0
8931,conv2d_15,"(2, 2, 15, 15)",11,10,10,10,10,10,0,10,0
8932,conv2d_15,"(1, 0, 53, 38)",15,10,10,10,10,10,1,9,0
8933,conv2d_15,"(2, 0, 13, 8)",29,10,10,10,10,10,0,10,0
8934,conv2d_15,"(1, 1, 33, 12)",22,10,10,10,10,10,0,10,0
8935,conv2d_15,"(2, 0, 10, 12)",1,10,10,10,10,10,6,4,0
8936,conv2d_15,"(2, 2, 29, 24)",3,10,10,10,10,10,4,6,0
8937,conv2d_15,"(1, 2, 49, 47)",27,10,10,10,10,10,2,8,0
8938,conv2d_15,"(0, 2, 19, 32)",18,10,10,10,10,10,0,10,0
8939,conv2d_15,"(2, 1, 26, 24)",22,10,10,10,10,10,0,10,0
8940,conv2d_15,"(2, 2, 20, 36)",19,10,10,10,10,10,0,10,0
8941,conv2d_15,"(1, 2, 31, 49)",30,10,2,8,2,8,0,2,8
8942,conv2d_15,"(2, 2, 39, 30)",20,10,10,10,10,10,0,10,0
8943,conv2d_15,"(0, 2, 31, 6)",11,10,10,10,10,10,0,10,0
8944,conv2d_15,"(0, 2, 60, 57)",5,10,10,10,10,10,0,10,0
8945,conv2d_15,"(0, 1, 26, 58)",10,10,10,10,10,10,0,10,0
8946,conv2d_15,"(1, 1, 5, 45)",12,10,10,10,10,10,0,10,0
8947,conv2d_15,"(1, 2, 54, 20)",9,10,10,10,10,10,1,9,0
8948,conv2d_15,"(2, 2, 39, 35)",15,10,10,10,10,10,0,10,0
8949,conv2d_15,"(1, 2, 18, 59)",29,10,10,10,10,10,10,0,0
8950,conv2d_15,"(2, 2, 30, 62)",17,10,10,10,10,10,0,10,0
8951,conv2d_15,"(2, 1, 21, 10)",28,10,10,10,10,10,0,10,0
8952,conv2d_15,"(1, 1, 62, 21)",31,10,10,10,10,10,0,10,0
8953,conv2d_15,"(0, 1, 10, 49)",1,10,10,10,10,10,9,1,0
8954,conv2d_15,"(2, 0, 48, 56)",24,10,10,10,10,10,1,9,0
8955,conv2d_15,"(0, 2, 40, 48)",18,10,10,10,10,10,0,10,0
8956,conv2d_15,"(1, 0, 40, 12)",4,10,10,10,10,10,0,10,0
8957,conv2d_15,"(0, 1, 18, 6)",1,10,10,10,10,10,10,0,0
8958,conv2d_15,"(2, 0, 9, 33)",29,10,10,10,10,10,0,10,0
8959,conv2d_15,"(0, 2, 8, 13)",17,10,10,10,10,10,0,10,0
8960,conv2d_15,"(1, 0, 31, 31)",11,10,10,10,10,10,0,10,0
8961,conv2d_15,"(1, 2, 46, 54)",6,10,10,10,10,10,1,9,0
8962,conv2d_15,"(0, 1, 50, 37)",20,10,10,10,10,10,0,10,0
8963,conv2d_15,"(2, 0, 10, 3)",23,10,10,10,10,10,0,10,0
8964,conv2d_15,"(2, 0, 8, 26)",1,10,10,10,10,10,2,8,0
8965,conv2d_15,"(2, 1, 41, 14)",23,10,10,10,10,10,1,9,0
8966,conv2d_15,"(0, 0, 56, 50)",14,10,10,10,10,10,1,9,0
8967,conv2d_15,"(2, 0, 7, 61)",4,10,10,10,10,10,0,10,0
8968,conv2d_15,"(2, 0, 35, 59)",5,10,10,10,10,10,10,0,0
8969,conv2d_15,"(1, 0, 46, 57)",31,10,10,10,10,10,0,10,0
8970,conv2d_15,"(0, 0, 0, 29)",28,10,10,10,10,10,0,10,0
8971,conv2d_15,"(0, 0, 58, 27)",30,10,0,7,0,7,0,0,10
8972,conv2d_15,"(0, 0, 10, 5)",18,10,10,10,10,10,2,8,0
8973,conv2d_15,"(0, 0, 52, 21)",10,10,10,10,10,10,1,9,0
8974,conv2d_15,"(0, 0, 33, 20)",26,10,10,10,10,10,1,9,0
8975,conv2d_15,"(2, 1, 26, 9)",21,10,10,10,10,10,0,10,0
8976,conv2d_15,"(1, 0, 54, 34)",10,10,10,10,10,10,1,9,0
8977,conv2d_15,"(1, 0, 10, 40)",21,10,10,10,10,10,1,9,0
8978,conv2d_15,"(1, 0, 35, 5)",4,10,10,10,10,10,4,6,0
8979,conv2d_15,"(1, 1, 4, 3)",3,10,10,10,10,10,1,9,0
8980,conv2d_15,"(2, 0, 40, 10)",4,10,10,10,10,10,1,9,0
8981,conv2d_15,"(2, 2, 41, 14)",26,10,10,10,10,10,0,10,0
8982,conv2d_15,"(1, 1, 19, 7)",12,10,10,10,10,10,0,10,0
8983,conv2d_15,"(1, 2, 63, 35)",27,10,10,10,10,10,10,0,0
8984,conv2d_15,"(1, 1, 6, 53)",21,10,10,10,10,10,0,10,0
8985,conv2d_15,"(1, 1, 19, 48)",22,10,10,10,10,10,0,10,0
8986,conv2d_15,"(0, 0, 34, 1)",19,10,10,10,10,10,0,10,0
8987,conv2d_15,"(0, 1, 33, 51)",16,10,10,10,10,10,0,10,0
8988,conv2d_15,"(2, 1, 14, 53)",21,10,10,10,10,10,0,10,0
8989,conv2d_15,"(2, 2, 13, 33)",10,10,10,10,10,10,0,10,0
8990,conv2d_15,"(0, 0, 63, 63)",19,10,10,10,10,10,10,0,0
8991,conv2d_15,"(0, 1, 48, 12)",1,10,10,10,10,10,6,4,0
8992,conv2d_15,"(2, 1, 63, 9)",22,10,10,10,10,10,10,0,0
8993,conv2d_15,"(2, 0, 5, 62)",25,10,10,10,10,10,0,10,0
8994,conv2d_15,"(1, 0, 48, 62)",16,10,10,10,10,10,0,10,0
8995,conv2d_15,"(0, 1, 37, 34)",17,10,10,10,10,10,0,10,0
8996,conv2d_15,"(0, 2, 33, 17)",25,10,10,10,10,10,0,10,0
8997,conv2d_15,"(2, 2, 2, 63)",3,10,10,10,10,10,0,10,0
8998,conv2d_15,"(0, 1, 5, 44)",7,10,10,10,10,10,0,10,0
8999,conv2d_15,"(2, 2, 56, 29)",26,10,10,10,10,10,1,9,0
9000,conv2d_15,"(2, 1, 52, 22)",28,10,10,10,10,10,0,10,0
9001,conv2d_15,"(0, 1, 37, 5)",4,10,10,10,10,10,0,10,0
9002,conv2d_15,"(1, 0, 14, 52)",0,10,10,10,10,10,8,2,0
9003,conv2d_15,"(2, 2, 48, 56)",5,10,10,10,10,10,2,8,0
9004,conv2d_15,"(0, 1, 1, 56)",4,10,10,10,10,10,4,6,0
9005,conv2d_15,"(1, 1, 28, 33)",30,10,2,9,2,9,0,2,8
9006,conv2d_15,"(2, 2, 28, 19)",29,10,10,10,10,10,0,10,0
9007,conv2d_15,"(2, 0, 52, 50)",3,10,10,10,10,10,5,5,0
9008,conv2d_15,"(0, 1, 32, 40)",5,10,10,10,10,10,1,9,0
9009,conv2d_15,"(0, 1, 4, 41)",27,10,10,10,10,10,0,10,0
9010,conv2d_15,"(2, 1, 10, 1)",22,10,10,10,10,10,0,10,0
9011,conv2d_15,"(0, 1, 0, 14)",30,10,5,6,5,6,0,5,5
9012,conv2d_15,"(2, 1, 22, 32)",23,10,10,10,10,10,0,10,0
9013,conv2d_15,"(1, 0, 58, 46)",27,10,10,10,10,10,0,10,0
9014,conv2d_15,"(0, 1, 61, 61)",27,10,10,10,10,10,1,9,0
9015,conv2d_15,"(2, 0, 16, 62)",10,10,10,10,10,10,0,10,0
9016,conv2d_15,"(1, 2, 29, 22)",7,10,10,10,10,10,0,10,0
9017,conv2d_15,"(0, 2, 26, 33)",9,10,10,10,10,10,1,9,0
9018,conv2d_15,"(0, 1, 46, 14)",11,10,10,10,10,10,1,9,0
9019,conv2d_15,"(2, 0, 62, 46)",12,10,10,10,10,10,0,10,0
9020,conv2d_15,"(1, 2, 59, 54)",3,10,10,10,10,10,2,8,0
9021,conv2d_15,"(2, 0, 21, 13)",22,10,10,10,10,10,0,10,0
9022,conv2d_15,"(2, 1, 36, 34)",25,10,10,10,10,10,0,10,0
9023,conv2d_15,"(0, 2, 11, 3)",10,10,10,10,10,10,0,10,0
9024,conv2d_15,"(0, 0, 51, 43)",13,10,10,10,10,10,1,9,0
9025,conv2d_15,"(2, 0, 12, 53)",2,10,10,10,10,10,1,9,0
9026,conv2d_15,"(1, 2, 45, 19)",2,10,10,10,10,10,6,4,0
9027,conv2d_15,"(2, 0, 51, 8)",3,10,10,10,10,10,1,9,0
9028,conv2d_15,"(1, 0, 30, 50)",14,10,10,10,10,10,0,10,0
9029,conv2d_15,"(2, 1, 43, 47)",6,10,10,10,10,10,2,8,0
9030,conv2d_15,"(1, 1, 15, 40)",24,10,10,10,10,10,0,10,0
9031,conv2d_15,"(2, 1, 55, 9)",9,10,10,10,10,10,0,10,0
9032,conv2d_15,"(2, 1, 44, 51)",12,10,10,10,10,10,0,10,0
9033,conv2d_15,"(0, 1, 6, 49)",15,10,10,10,10,10,0,10,0
9034,conv2d_15,"(0, 0, 62, 48)",3,10,10,10,10,10,2,8,0
9035,conv2d_15,"(1, 1, 22, 18)",23,10,10,10,10,10,0,10,0
9036,conv2d_15,"(1, 2, 2, 5)",17,10,10,10,10,10,0,10,0
9037,conv2d_15,"(2, 1, 56, 2)",13,10,10,10,10,10,0,10,0
9038,conv2d_15,"(2, 0, 12, 63)",18,10,10,10,10,10,0,10,0
9039,conv2d_15,"(0, 2, 7, 15)",0,10,10,10,10,10,10,0,0
9040,conv2d_15,"(1, 2, 49, 55)",18,10,10,10,10,10,1,9,0
9041,conv2d_15,"(2, 2, 30, 36)",14,10,10,10,10,10,0,10,0
9042,conv2d_15,"(1, 1, 0, 3)",3,10,10,10,10,10,3,7,0
9043,conv2d_15,"(2, 2, 40, 28)",26,10,10,10,10,10,10,0,0
9044,conv2d_15,"(0, 1, 63, 0)",17,10,10,10,10,10,10,0,0
9045,conv2d_15,"(1, 2, 60, 31)",0,10,10,10,10,10,7,3,0
9046,conv2d_15,"(1, 2, 36, 36)",3,10,10,10,10,10,0,10,0
9047,conv2d_15,"(0, 1, 31, 40)",30,10,3,3,3,3,0,3,7
9048,conv2d_15,"(1, 2, 16, 1)",1,10,10,10,10,10,1,9,0
9049,conv2d_15,"(1, 1, 58, 20)",23,10,10,10,10,10,0,10,0
9050,conv2d_15,"(0, 2, 24, 14)",3,10,10,10,10,10,9,1,0
9051,conv2d_15,"(0, 2, 6, 41)",20,10,10,10,10,10,0,10,0
9052,conv2d_15,"(1, 1, 42, 62)",13,10,10,10,10,10,0,10,0
9053,conv2d_15,"(0, 1, 36, 0)",19,10,10,10,10,10,10,0,0
9054,conv2d_15,"(0, 2, 48, 3)",10,10,10,10,10,10,0,10,0
9055,conv2d_15,"(1, 0, 0, 41)",22,10,10,10,10,10,1,9,0
9056,conv2d_15,"(0, 0, 28, 40)",23,10,10,10,10,10,0,10,0
9057,conv2d_15,"(0, 1, 46, 17)",23,10,10,10,10,10,0,10,0
9058,conv2d_15,"(0, 1, 14, 7)",10,10,10,10,10,10,0,10,0
9059,conv2d_15,"(0, 0, 59, 32)",28,10,10,10,10,10,0,10,0
9060,conv2d_15,"(0, 2, 44, 60)",23,10,10,10,10,10,0,10,0
9061,conv2d_15,"(2, 2, 26, 15)",7,10,10,10,10,10,0,10,0
9062,conv2d_15,"(2, 0, 11, 34)",22,10,10,10,10,10,0,10,0
9063,conv2d_15,"(0, 0, 37, 11)",1,10,10,10,10,10,3,7,0
9064,conv2d_15,"(1, 2, 63, 0)",2,10,10,10,10,10,10,0,0
9065,conv2d_15,"(0, 1, 47, 35)",27,10,10,10,10,10,0,10,0
9066,conv2d_15,"(0, 1, 27, 27)",26,10,10,10,10,10,0,10,0
9067,conv2d_15,"(2, 2, 48, 18)",16,10,10,10,10,10,0,10,0
9068,conv2d_15,"(2, 1, 28, 57)",12,10,10,10,10,10,0,10,0
9069,conv2d_15,"(2, 1, 19, 5)",11,10,10,10,10,10,0,10,0
9070,conv2d_15,"(1, 0, 6, 26)",23,10,10,10,10,10,0,10,0
9071,conv2d_15,"(1, 0, 25, 52)",28,10,10,10,10,10,0,10,0
9072,conv2d_15,"(1, 0, 19, 10)",13,10,10,10,10,10,0,10,0
9073,conv2d_15,"(2, 1, 26, 61)",5,10,10,10,10,10,1,9,0
9074,conv2d_15,"(2, 0, 40, 17)",14,10,10,10,10,10,2,8,0
9075,conv2d_15,"(2, 1, 49, 55)",12,10,10,10,10,10,0,10,0
9076,conv2d_15,"(0, 1, 38, 55)",22,10,10,10,10,10,1,9,0
9077,conv2d_15,"(2, 1, 10, 24)",20,10,10,10,10,10,1,9,0
9078,conv2d_15,"(1, 2, 47, 35)",7,10,10,10,10,10,0,10,0
9079,conv2d_15,"(2, 2, 4, 47)",20,10,10,10,10,10,2,8,0
9080,conv2d_15,"(1, 2, 37, 13)",14,10,10,10,10,10,0,10,0
9081,conv2d_15,"(2, 2, 57, 13)",30,10,2,4,2,4,0,2,8
9082,conv2d_15,"(0, 2, 29, 52)",2,10,10,10,10,10,4,6,0
9083,conv2d_15,"(0, 1, 25, 16)",9,10,10,10,10,10,2,8,0
9084,conv2d_15,"(0, 2, 30, 26)",15,10,10,10,10,10,0,10,0
9085,conv2d_15,"(0, 0, 49, 13)",20,10,10,10,10,10,1,9,0
9086,conv2d_15,"(1, 0, 19, 3)",16,10,10,10,10,10,0,10,0
9087,conv2d_15,"(1, 0, 3, 0)",27,10,10,10,10,10,10,0,0
9088,conv2d_15,"(2, 1, 54, 48)",29,10,10,10,10,10,0,10,0
9089,conv2d_15,"(2, 0, 63, 5)",24,10,10,10,10,10,10,0,0
9090,conv2d_15,"(1, 1, 20, 5)",30,10,5,6,5,6,0,5,5
9091,conv2d_15,"(0, 1, 54, 53)",1,10,10,10,10,10,10,0,0
9092,conv2d_15,"(1, 0, 26, 45)",3,10,10,10,10,10,4,6,0
9093,conv2d_15,"(0, 0, 25, 18)",29,10,10,10,10,10,0,10,0
9094,conv2d_15,"(2, 2, 11, 3)",10,10,10,10,10,10,0,10,0
9095,conv2d_15,"(1, 0, 59, 37)",29,10,10,10,10,10,0,10,0
9096,conv2d_15,"(2, 2, 12, 46)",25,10,10,10,10,10,0,10,0
9097,conv2d_15,"(0, 2, 13, 17)",26,10,10,10,10,10,0,10,0
9098,conv2d_15,"(1, 2, 51, 24)",11,10,10,10,10,10,0,10,0
9099,conv2d_15,"(2, 2, 54, 8)",24,10,10,10,10,10,0,10,0
9100,conv2d_15,"(1, 1, 1, 1)",4,10,10,10,10,10,3,7,0
9101,conv2d_15,"(2, 0, 62, 20)",19,10,10,10,10,10,2,8,0
9102,conv2d_15,"(0, 2, 47, 20)",17,10,10,10,10,10,0,10,0
9103,conv2d_15,"(2, 0, 41, 48)",27,10,10,10,10,10,0,10,0
9104,conv2d_15,"(2, 0, 57, 9)",10,10,10,10,10,10,0,10,0
9105,conv2d_15,"(2, 2, 12, 36)",29,10,10,10,10,10,0,10,0
9106,conv2d_15,"(0, 0, 1, 56)",2,10,10,10,10,10,4,6,0
9107,conv2d_15,"(1, 2, 27, 7)",0,10,10,10,10,10,4,6,0
9108,conv2d_15,"(1, 2, 33, 44)",29,10,10,10,10,10,0,10,0
9109,conv2d_15,"(2, 0, 34, 5)",12,10,10,10,10,10,0,10,0
9110,conv2d_15,"(1, 2, 53, 32)",24,10,10,10,10,10,2,8,0
9111,conv2d_15,"(1, 0, 17, 58)",11,10,10,10,10,10,0,10,0
9112,conv2d_15,"(0, 2, 27, 12)",1,10,10,10,10,10,7,3,0
9113,conv2d_15,"(2, 2, 54, 54)",26,10,10,10,10,10,1,9,0
9114,conv2d_15,"(1, 2, 7, 38)",30,10,0,6,0,6,0,0,10
9115,conv2d_15,"(2, 0, 28, 38)",31,10,10,10,10,10,0,10,0
9116,conv2d_15,"(1, 2, 27, 1)",11,10,10,10,10,10,0,10,0
9117,conv2d_15,"(1, 0, 30, 42)",8,10,10,10,10,10,0,10,0
9118,conv2d_15,"(0, 1, 63, 53)",5,10,10,10,10,10,10,0,0
9119,conv2d_15,"(1, 2, 40, 42)",6,10,10,10,10,10,0,10,0
9120,conv2d_15,"(0, 2, 56, 30)",4,10,10,10,10,10,10,0,0
9121,conv2d_15,"(0, 1, 21, 36)",21,10,10,10,10,10,0,10,0
9122,conv2d_15,"(1, 1, 17, 49)",17,10,10,10,10,10,0,10,0
9123,conv2d_15,"(0, 0, 31, 32)",31,10,10,10,10,10,0,10,0
9124,conv2d_15,"(0, 2, 57, 20)",2,10,10,10,10,10,4,6,0
9125,conv2d_15,"(1, 1, 61, 45)",8,10,10,10,10,10,1,9,0
9126,conv2d_15,"(0, 1, 39, 4)",17,10,10,10,10,10,0,10,0
9127,conv2d_15,"(0, 0, 32, 51)",21,10,10,10,10,10,0,10,0
9128,conv2d_15,"(1, 1, 57, 56)",24,10,10,10,10,10,0,10,0
9129,conv2d_15,"(2, 2, 14, 17)",31,10,10,10,10,10,0,10,0
9130,conv2d_15,"(1, 2, 54, 40)",8,10,10,10,10,10,0,10,0
9131,conv2d_15,"(2, 1, 43, 40)",9,10,10,10,10,10,0,10,0
9132,conv2d_15,"(2, 1, 42, 33)",25,10,10,10,10,10,0,10,0
9133,conv2d_15,"(2, 0, 22, 58)",3,10,10,10,10,10,1,9,0
9134,conv2d_15,"(0, 2, 20, 59)",26,10,10,10,10,10,10,0,0
9135,conv2d_15,"(0, 1, 34, 60)",1,10,10,10,10,10,9,1,0
9136,conv2d_15,"(1, 0, 40, 12)",14,10,10,10,10,10,0,10,0
9137,conv2d_15,"(2, 0, 56, 20)",26,10,10,10,10,10,1,9,0
9138,conv2d_15,"(2, 0, 30, 27)",12,10,10,10,10,10,0,10,0
9139,conv2d_15,"(0, 1, 17, 49)",16,10,10,10,10,10,0,10,0
9140,conv2d_15,"(0, 2, 53, 54)",26,10,10,10,10,10,0,10,0
9141,conv2d_15,"(0, 0, 11, 55)",23,10,10,10,10,10,0,10,0
9142,conv2d_15,"(1, 1, 47, 51)",3,10,10,10,10,10,6,4,0
9143,conv2d_15,"(1, 2, 25, 39)",5,10,10,10,10,10,2,8,0
9144,conv2d_15,"(1, 0, 20, 39)",30,10,1,8,1,8,0,1,9
9145,conv2d_15,"(0, 2, 46, 29)",25,10,10,10,10,10,0,10,0
9146,conv2d_15,"(2, 0, 6, 4)",9,10,10,10,10,10,0,10,0
9147,conv2d_15,"(1, 1, 52, 54)",2,10,10,10,10,10,10,0,0
9148,conv2d_15,"(1, 2, 9, 55)",2,10,10,10,10,10,7,3,0
9149,conv2d_15,"(0, 2, 0, 10)",6,10,10,10,10,10,1,9,0
9150,conv2d_15,"(1, 2, 50, 55)",20,10,10,10,10,10,0,10,0
9151,conv2d_15,"(1, 2, 43, 39)",15,10,10,10,10,10,1,9,0
9152,conv2d_15,"(0, 1, 6, 4)",17,10,10,10,10,10,0,10,0
9153,conv2d_15,"(2, 2, 16, 51)",31,10,10,10,10,10,0,10,0
9154,conv2d_15,"(0, 2, 20, 38)",20,10,10,10,10,10,0,10,0
9155,conv2d_15,"(1, 2, 16, 23)",29,10,10,10,10,10,0,10,0
9156,conv2d_15,"(1, 0, 7, 25)",10,10,10,10,10,10,0,10,0
9157,conv2d_15,"(1, 1, 52, 13)",25,10,10,10,10,10,0,10,0
9158,conv2d_15,"(2, 1, 5, 13)",3,10,10,10,10,10,2,8,0
9159,conv2d_15,"(0, 1, 8, 51)",5,10,10,10,10,10,0,10,0
9160,conv2d_15,"(0, 2, 32, 27)",9,10,10,10,10,10,0,10,0
9161,conv2d_15,"(0, 1, 4, 45)",17,10,10,10,10,10,0,10,0
9162,conv2d_15,"(1, 1, 18, 22)",16,10,10,10,10,10,0,10,0
9163,conv2d_15,"(2, 2, 39, 31)",19,10,10,10,10,10,0,10,0
9164,conv2d_15,"(0, 1, 43, 52)",22,10,10,10,10,10,0,10,0
9165,conv2d_15,"(0, 1, 40, 7)",31,10,10,10,10,10,0,10,0
9166,conv2d_15,"(0, 0, 33, 62)",26,10,10,10,10,10,0,10,0
9167,conv2d_15,"(2, 1, 20, 1)",22,10,10,10,10,10,0,10,0
9168,conv2d_15,"(1, 1, 63, 24)",31,10,10,10,10,10,10,0,0
9169,conv2d_15,"(0, 1, 23, 40)",4,10,10,10,10,10,1,9,0
9170,conv2d_15,"(0, 2, 41, 44)",10,10,10,10,10,10,0,10,0
9171,conv2d_15,"(0, 1, 6, 29)",17,10,10,10,10,10,0,10,0
9172,conv2d_15,"(2, 0, 2, 29)",8,10,10,10,10,10,1,9,0
9173,conv2d_15,"(2, 1, 58, 63)",18,10,10,10,10,10,0,10,0
9174,conv2d_15,"(0, 2, 29, 36)",9,10,10,10,10,10,0,10,0
9175,conv2d_15,"(2, 1, 44, 39)",27,10,10,10,10,10,0,10,0
9176,conv2d_15,"(2, 0, 36, 63)",18,10,10,10,10,10,0,10,0
9177,conv2d_15,"(0, 1, 58, 60)",25,10,10,10,10,10,0,10,0
9178,conv2d_15,"(0, 2, 61, 35)",13,10,10,10,10,10,0,10,0
9179,conv2d_15,"(2, 0, 13, 37)",26,10,10,10,10,10,0,10,0
9180,conv2d_15,"(0, 0, 9, 57)",28,10,10,10,10,10,0,10,0
9181,conv2d_15,"(0, 2, 37, 37)",10,10,10,10,10,10,0,10,0
9182,conv2d_15,"(1, 2, 8, 31)",16,10,10,10,10,10,0,10,0
9183,conv2d_15,"(0, 2, 15, 16)",8,10,10,10,10,10,1,9,0
9184,conv2d_15,"(2, 1, 45, 54)",30,10,0,4,0,4,0,0,10
9185,conv2d_15,"(1, 2, 23, 6)",4,10,10,10,10,10,0,10,0
9186,conv2d_15,"(2, 1, 43, 0)",30,10,1,5,1,5,0,1,9
9187,conv2d_15,"(2, 2, 46, 11)",16,10,10,10,10,10,1,9,0
9188,conv2d_15,"(2, 1, 33, 29)",24,10,10,10,10,10,0,10,0
9189,conv2d_15,"(2, 0, 14, 44)",14,10,10,10,10,10,0,10,0
9190,conv2d_15,"(1, 1, 26, 36)",3,10,10,10,10,10,0,10,0
9191,conv2d_15,"(2, 0, 3, 59)",26,10,10,10,10,10,1,9,0
9192,conv2d_15,"(2, 0, 9, 27)",21,10,10,10,10,10,0,10,0
9193,conv2d_15,"(1, 1, 30, 37)",17,10,10,10,10,10,0,10,0
9194,conv2d_15,"(2, 1, 2, 41)",13,10,10,10,10,10,0,10,0
9195,conv2d_15,"(2, 0, 19, 15)",4,10,10,10,10,10,1,9,0
9196,conv2d_15,"(0, 1, 9, 12)",19,10,10,10,10,10,0,10,0
9197,conv2d_15,"(2, 2, 12, 19)",5,10,10,10,10,10,0,10,0
9198,conv2d_15,"(1, 1, 32, 40)",13,10,10,10,10,10,0,10,0
9199,conv2d_15,"(0, 1, 58, 59)",3,10,10,10,10,10,10,0,0
9200,conv2d_15,"(1, 0, 3, 47)",23,10,10,10,10,10,1,9,0
9201,conv2d_15,"(0, 1, 51, 2)",13,10,10,10,10,10,0,10,0
9202,conv2d_15,"(1, 0, 56, 23)",16,10,10,10,10,10,0,10,0
9203,conv2d_15,"(1, 1, 16, 25)",28,10,10,10,10,10,0,10,0
9204,conv2d_15,"(1, 2, 0, 19)",3,10,10,10,10,10,10,0,0
9205,conv2d_15,"(0, 1, 62, 32)",15,10,10,10,10,10,2,8,0
9206,conv2d_15,"(1, 2, 63, 56)",21,10,10,10,10,10,10,0,0
9207,conv2d_15,"(2, 2, 24, 20)",27,10,10,10,10,10,0,10,0
9208,conv2d_15,"(2, 0, 49, 24)",19,10,10,10,10,10,1,9,0
9209,conv2d_15,"(1, 0, 35, 46)",14,10,10,10,10,10,0,10,0
9210,conv2d_15,"(2, 2, 57, 46)",9,10,10,10,10,10,0,10,0
9211,conv2d_15,"(0, 2, 51, 21)",1,10,10,10,10,10,2,8,0
9212,conv2d_15,"(1, 0, 53, 12)",20,10,10,10,10,10,0,10,0
9213,conv2d_15,"(1, 1, 21, 40)",28,10,10,10,10,10,0,10,0
9214,conv2d_15,"(1, 2, 12, 63)",21,10,10,10,10,10,0,10,0
9215,conv2d_15,"(0, 0, 24, 28)",28,10,10,10,10,10,10,0,0
9216,conv2d_15,"(2, 0, 9, 29)",19,10,10,10,10,10,1,9,0
9217,conv2d_15,"(1, 0, 42, 63)",27,10,10,10,10,10,0,10,0
9218,conv2d_15,"(1, 1, 59, 12)",3,10,10,10,10,10,1,9,0
9219,conv2d_15,"(0, 0, 14, 18)",2,10,10,10,10,10,0,10,0
9220,conv2d_15,"(2, 1, 63, 21)",19,10,10,10,10,10,10,0,0
9221,conv2d_15,"(0, 0, 59, 45)",22,10,10,10,10,10,0,10,0
9222,conv2d_15,"(1, 0, 16, 15)",3,10,10,10,10,10,9,1,0
9223,conv2d_15,"(0, 2, 24, 53)",0,10,10,10,10,10,7,3,0
9224,conv2d_15,"(1, 1, 27, 42)",13,10,10,10,10,10,0,10,0
9225,conv2d_15,"(2, 2, 59, 21)",10,10,10,10,10,10,0,10,0
9226,conv2d_15,"(2, 1, 36, 63)",11,10,10,10,10,10,0,10,0
9227,conv2d_15,"(2, 2, 50, 22)",30,10,2,6,2,6,0,2,8
9228,conv2d_15,"(0, 0, 24, 40)",22,10,10,10,10,10,1,9,0
9229,conv2d_15,"(0, 2, 33, 20)",31,10,10,10,10,10,0,10,0
9230,conv2d_15,"(1, 1, 3, 17)",28,10,10,10,10,10,0,10,0
9231,conv2d_15,"(1, 2, 12, 24)",19,10,10,10,10,10,0,10,0
9232,conv2d_15,"(0, 2, 34, 32)",24,10,10,10,10,10,0,10,0
9233,conv2d_15,"(2, 2, 40, 34)",24,10,10,10,10,10,0,10,0
9234,conv2d_15,"(2, 0, 33, 22)",17,10,10,10,10,10,0,10,0
9235,conv2d_15,"(1, 1, 18, 0)",4,10,10,10,10,10,10,0,0
9236,conv2d_15,"(0, 2, 57, 45)",26,10,10,10,10,10,0,10,0
9237,conv2d_15,"(2, 1, 0, 42)",3,10,10,10,10,10,2,8,0
9238,conv2d_15,"(2, 0, 14, 41)",22,10,10,10,10,10,1,9,0
9239,conv2d_15,"(0, 0, 15, 11)",5,10,10,10,10,10,0,10,0
9240,conv2d_15,"(0, 0, 57, 55)",30,10,2,5,2,5,0,2,8
9241,conv2d_15,"(1, 1, 13, 45)",23,10,10,10,10,10,1,9,0
9242,conv2d_15,"(0, 2, 54, 53)",26,10,10,10,10,10,0,10,0
9243,conv2d_15,"(2, 1, 58, 51)",0,10,10,10,10,10,9,1,0
9244,conv2d_15,"(0, 2, 42, 11)",17,10,10,10,10,10,0,10,0
9245,conv2d_15,"(0, 0, 34, 30)",0,10,10,10,10,10,10,0,0
9246,conv2d_15,"(2, 1, 50, 23)",21,10,10,10,10,10,0,10,0
9247,conv2d_15,"(2, 1, 48, 58)",29,10,10,10,10,10,0,10,0
9248,conv2d_15,"(2, 1, 53, 47)",23,10,10,10,10,10,0,10,0
9249,conv2d_15,"(2, 0, 24, 58)",30,10,0,5,0,5,0,0,10
9250,conv2d_15,"(0, 0, 38, 61)",21,10,10,10,10,10,0,10,0
9251,conv2d_15,"(2, 1, 55, 0)",1,10,10,10,10,10,10,0,0
9252,conv2d_15,"(0, 0, 30, 19)",19,10,10,10,10,10,0,10,0
9253,conv2d_15,"(0, 1, 23, 54)",31,10,10,10,10,10,0,10,0
9254,conv2d_15,"(0, 1, 53, 2)",21,10,10,10,10,10,1,9,0
9255,conv2d_15,"(0, 0, 59, 28)",20,10,10,10,10,10,10,0,0
9256,conv2d_15,"(0, 2, 37, 26)",0,10,10,10,10,10,9,1,0
9257,conv2d_15,"(2, 1, 8, 62)",9,10,10,10,10,10,2,8,0
9258,conv2d_15,"(2, 2, 7, 25)",24,10,10,10,10,10,0,10,0
9259,conv2d_15,"(0, 1, 45, 14)",7,10,10,10,10,10,2,8,0
9260,conv2d_15,"(1, 0, 55, 6)",25,10,10,10,10,10,0,10,0
9261,conv2d_15,"(1, 1, 28, 6)",3,10,10,10,10,10,5,5,0
9262,conv2d_15,"(1, 0, 7, 42)",7,10,10,10,10,10,0,10,0
9263,conv2d_15,"(1, 2, 60, 58)",27,10,10,10,10,10,0,10,0
9264,conv2d_15,"(2, 2, 13, 25)",18,10,10,10,10,10,0,10,0
9265,conv2d_15,"(0, 2, 56, 52)",24,10,10,10,10,10,1,9,0
9266,conv2d_15,"(1, 2, 59, 6)",26,10,10,10,10,10,0,10,0
9267,conv2d_15,"(0, 2, 19, 8)",14,10,10,10,10,10,0,10,0
9268,conv2d_15,"(2, 2, 62, 2)",19,10,10,10,10,10,0,10,0
9269,conv2d_15,"(2, 2, 57, 60)",9,10,10,10,10,10,0,10,0
9270,conv2d_15,"(1, 1, 27, 32)",25,10,10,10,10,10,0,10,0
9271,conv2d_15,"(0, 1, 55, 50)",16,10,10,10,10,10,1,9,0
9272,conv2d_15,"(0, 0, 29, 23)",28,10,10,10,10,10,0,10,0
9273,conv2d_15,"(1, 1, 41, 8)",21,10,10,10,10,10,0,10,0
9274,conv2d_15,"(0, 0, 2, 45)",13,10,10,10,10,10,0,10,0
9275,conv2d_15,"(0, 2, 57, 49)",5,10,10,10,10,10,1,9,0
9276,conv2d_15,"(1, 1, 41, 8)",4,10,10,10,10,10,3,7,0
9277,conv2d_15,"(2, 0, 2, 35)",11,10,10,10,10,10,0,10,0
9278,conv2d_15,"(1, 2, 51, 37)",7,10,10,10,10,10,2,8,0
9279,conv2d_15,"(0, 1, 57, 30)",20,10,10,10,10,10,0,10,0
9280,conv2d_15,"(2, 2, 35, 7)",10,10,10,10,10,10,0,10,0
9281,conv2d_15,"(1, 2, 13, 27)",26,10,10,10,10,10,0,10,0
9282,conv2d_15,"(2, 0, 60, 30)",14,10,10,10,10,10,0,10,0
9283,conv2d_15,"(1, 0, 8, 15)",4,10,10,10,10,10,0,10,0
9284,conv2d_15,"(2, 0, 48, 30)",1,10,10,10,10,10,10,0,0
9285,conv2d_15,"(2, 0, 56, 35)",19,10,10,10,10,10,0,10,0
9286,conv2d_15,"(1, 2, 39, 55)",16,10,10,10,10,10,0,10,0
9287,conv2d_15,"(2, 2, 44, 7)",4,10,10,10,10,10,1,9,0
9288,conv2d_15,"(2, 0, 12, 42)",16,10,10,10,10,10,0,10,0
9289,conv2d_15,"(2, 2, 63, 19)",5,10,10,10,10,10,10,0,0
9290,conv2d_15,"(1, 2, 20, 9)",3,10,10,10,10,10,2,8,0
9291,conv2d_15,"(2, 0, 54, 2)",27,10,10,10,10,10,0,10,0
9292,conv2d_15,"(1, 0, 37, 9)",27,10,10,10,10,10,0,10,0
9293,conv2d_15,"(0, 0, 49, 54)",30,10,0,6,0,6,0,0,10
9294,conv2d_15,"(2, 1, 19, 59)",10,10,10,10,10,10,10,0,0
9295,conv2d_15,"(1, 0, 52, 0)",1,10,10,10,10,10,10,0,0
9296,conv2d_15,"(2, 0, 44, 43)",17,10,10,10,10,10,1,9,0
9297,conv2d_15,"(2, 2, 32, 1)",30,10,0,3,0,3,0,0,10
9298,conv2d_15,"(2, 1, 41, 62)",11,10,10,10,10,10,1,9,0
9299,conv2d_15,"(0, 0, 0, 36)",3,10,10,10,10,10,0,10,0
9300,conv2d_15,"(1, 0, 10, 25)",26,10,10,10,10,10,0,10,0
9301,conv2d_15,"(1, 2, 57, 11)",27,10,10,10,10,10,1,9,0
9302,conv2d_15,"(2, 1, 19, 22)",19,10,10,10,10,10,0,10,0
9303,conv2d_15,"(1, 2, 53, 59)",6,10,10,10,10,10,10,0,0
9304,conv2d_15,"(2, 0, 44, 34)",11,10,10,10,10,10,0,10,0
9305,conv2d_15,"(2, 2, 9, 46)",2,10,10,10,10,10,2,8,0
9306,conv2d_15,"(0, 1, 1, 10)",14,10,10,10,10,10,0,10,0
9307,conv2d_15,"(2, 0, 33, 27)",9,10,10,10,10,10,0,10,0
9308,conv2d_15,"(2, 1, 62, 56)",3,10,10,10,10,10,3,7,0
9309,conv2d_15,"(2, 0, 39, 41)",27,10,10,10,10,10,0,10,0
9310,conv2d_15,"(2, 2, 30, 22)",23,10,10,10,10,10,0,10,0
9311,conv2d_15,"(0, 2, 33, 47)",17,10,10,10,10,10,0,10,0
9312,conv2d_15,"(0, 0, 23, 32)",0,10,10,10,10,10,0,10,0
9313,conv2d_15,"(1, 2, 15, 15)",21,10,10,10,10,10,0,10,0
9314,conv2d_15,"(2, 1, 51, 61)",6,10,10,10,10,10,2,8,0
9315,conv2d_15,"(0, 2, 13, 47)",23,10,10,10,10,10,1,9,0
9316,conv2d_15,"(0, 0, 31, 47)",30,10,0,2,0,2,0,0,10
9317,conv2d_15,"(2, 0, 1, 46)",31,10,10,10,10,10,0,10,0
9318,conv2d_15,"(1, 1, 15, 31)",10,10,10,10,10,10,0,10,0
9319,conv2d_15,"(2, 2, 19, 40)",14,10,10,10,10,10,1,9,0
9320,conv2d_15,"(0, 1, 35, 18)",9,10,10,10,10,10,0,10,0
9321,conv2d_15,"(2, 1, 26, 12)",30,10,0,3,0,3,0,0,10
9322,conv2d_15,"(1, 0, 41, 55)",0,10,10,10,10,10,10,0,0
9323,conv2d_15,"(0, 1, 25, 62)",1,10,10,10,10,10,8,2,0
9324,conv2d_15,"(2, 1, 53, 1)",20,10,10,10,10,10,0,10,0
9325,conv2d_15,"(1, 2, 5, 41)",10,10,10,10,10,10,0,10,0
9326,conv2d_15,"(1, 2, 5, 37)",10,10,10,10,10,10,0,10,0
9327,conv2d_15,"(1, 2, 23, 48)",22,10,10,10,10,10,0,10,0
9328,conv2d_15,"(2, 0, 23, 56)",28,10,10,10,10,10,0,10,0
9329,conv2d_15,"(0, 2, 54, 2)",23,10,10,10,10,10,0,10,0
9330,conv2d_15,"(1, 0, 27, 59)",3,10,10,10,10,10,10,0,0
9331,conv2d_15,"(2, 0, 45, 47)",8,10,10,10,10,10,2,8,0
9332,conv2d_15,"(0, 2, 18, 53)",5,10,10,10,10,10,2,8,0
9333,conv2d_15,"(1, 0, 58, 52)",4,10,10,10,10,10,3,7,0
9334,conv2d_15,"(0, 0, 47, 10)",28,10,10,10,10,10,0,10,0
9335,conv2d_15,"(1, 0, 27, 3)",18,10,10,10,10,10,0,10,0
9336,conv2d_15,"(1, 1, 61, 56)",26,10,10,10,10,10,1,9,0
9337,conv2d_15,"(0, 0, 62, 27)",28,10,10,10,10,10,0,10,0
9338,conv2d_15,"(2, 0, 1, 60)",21,10,10,10,10,10,0,10,0
9339,conv2d_15,"(2, 2, 23, 31)",4,10,10,10,10,10,1,9,0
9340,conv2d_15,"(2, 0, 19, 22)",24,10,10,10,10,10,0,10,0
9341,conv2d_15,"(2, 2, 57, 42)",23,10,10,10,10,10,0,10,0
9342,conv2d_15,"(1, 1, 62, 24)",18,10,10,10,10,10,0,10,0
9343,conv2d_15,"(0, 2, 14, 42)",20,10,10,10,10,10,0,10,0
9344,conv2d_15,"(0, 0, 19, 49)",0,10,10,10,10,10,6,4,0
9345,conv2d_15,"(1, 1, 35, 26)",17,10,10,10,10,10,0,10,0
9346,conv2d_15,"(0, 0, 49, 16)",3,10,10,10,10,10,9,1,0
9347,conv2d_15,"(2, 2, 9, 57)",24,10,10,10,10,10,0,10,0
9348,conv2d_15,"(2, 2, 55, 5)",12,10,10,10,10,10,0,10,0
9349,conv2d_15,"(0, 0, 43, 33)",24,10,10,10,10,10,0,10,0
9350,conv2d_15,"(2, 0, 19, 25)",4,10,10,10,10,10,0,10,0
9351,conv2d_15,"(2, 2, 18, 48)",24,10,10,10,10,10,1,9,0
9352,conv2d_15,"(2, 0, 39, 1)",31,10,10,10,10,10,0,10,0
9353,conv2d_15,"(0, 0, 63, 47)",15,10,10,10,10,10,10,0,0
9354,conv2d_15,"(2, 0, 24, 53)",23,10,10,10,10,10,0,10,0
9355,conv2d_15,"(2, 2, 42, 48)",26,10,10,10,10,10,0,10,0
9356,conv2d_15,"(2, 0, 40, 22)",24,10,10,10,10,10,0,10,0
9357,conv2d_15,"(0, 0, 9, 38)",20,10,10,10,10,10,0,10,0
9358,conv2d_15,"(2, 2, 0, 21)",24,10,10,10,10,10,0,10,0
9359,conv2d_15,"(0, 0, 8, 3)",29,10,10,10,10,10,0,10,0
9360,conv2d_15,"(2, 2, 36, 12)",11,10,10,10,10,10,0,10,0
9361,conv2d_15,"(0, 0, 51, 26)",26,10,10,10,10,10,0,10,0
9362,conv2d_15,"(2, 2, 42, 3)",18,10,10,10,10,10,0,10,0
9363,conv2d_15,"(0, 1, 34, 33)",8,10,10,10,10,10,0,10,0
9364,conv2d_15,"(0, 1, 25, 14)",31,10,10,10,10,10,0,10,0
9365,conv2d_15,"(0, 2, 53, 63)",14,10,10,10,10,10,0,10,0
9366,conv2d_15,"(2, 2, 9, 9)",3,10,10,10,10,10,2,8,0
9367,conv2d_15,"(2, 1, 29, 38)",15,10,10,10,10,10,0,10,0
9368,conv2d_15,"(2, 1, 60, 5)",21,10,10,10,10,10,0,10,0
9369,conv2d_15,"(0, 0, 33, 48)",7,10,10,10,10,10,0,10,0
9370,conv2d_15,"(2, 2, 8, 4)",30,10,1,7,1,7,0,1,9
9371,conv2d_15,"(0, 2, 59, 35)",5,10,10,10,10,10,0,10,0
9372,conv2d_15,"(0, 0, 13, 29)",24,10,10,10,10,10,1,9,0
9373,conv2d_15,"(1, 1, 56, 45)",0,10,10,10,10,10,10,0,0
9374,conv2d_15,"(0, 2, 7, 27)",13,10,10,10,10,10,0,10,0
9375,conv2d_15,"(0, 1, 17, 13)",7,10,10,10,10,10,0,10,0
9376,conv2d_15,"(1, 0, 2, 57)",15,10,10,10,10,10,0,10,0
9377,conv2d_15,"(1, 2, 63, 17)",5,10,10,10,10,10,10,0,0
9378,conv2d_15,"(2, 0, 40, 10)",1,10,10,10,10,10,8,2,0
9379,conv2d_15,"(0, 1, 27, 53)",7,10,10,10,10,10,0,10,0
9380,conv2d_15,"(0, 1, 44, 48)",10,10,10,10,10,10,0,10,0
9381,conv2d_15,"(2, 2, 11, 50)",6,10,10,10,10,10,2,8,0
9382,conv2d_15,"(0, 0, 44, 1)",2,10,10,10,10,10,0,10,0
9383,conv2d_15,"(1, 2, 8, 2)",11,10,10,10,10,10,0,10,0
9384,conv2d_15,"(0, 1, 8, 41)",10,10,10,10,10,10,0,10,0
9385,conv2d_15,"(2, 2, 24, 19)",1,10,10,10,10,10,9,1,0
9386,conv2d_15,"(2, 1, 27, 9)",2,10,10,10,10,10,3,7,0
9387,conv2d_15,"(2, 2, 3, 22)",5,10,10,10,10,10,0,10,0
9388,conv2d_15,"(0, 1, 0, 39)",24,10,10,10,10,10,1,9,0
9389,conv2d_15,"(2, 0, 10, 49)",25,10,10,10,10,10,0,10,0
9390,conv2d_15,"(1, 0, 59, 4)",31,10,10,10,10,10,0,10,0
9391,conv2d_15,"(2, 2, 4, 20)",18,10,10,10,10,10,0,10,0
9392,conv2d_15,"(2, 2, 6, 46)",0,10,10,10,10,10,7,3,0
9393,conv2d_15,"(2, 2, 26, 55)",22,10,10,10,10,10,0,10,0
9394,conv2d_15,"(0, 1, 30, 29)",1,10,10,10,10,10,9,1,0
9395,conv2d_15,"(2, 0, 51, 14)",26,10,10,10,10,10,1,9,0
9396,conv2d_15,"(0, 0, 41, 16)",19,10,10,10,10,10,1,9,0
9397,conv2d_15,"(0, 1, 48, 34)",15,10,10,10,10,10,0,10,0
9398,conv2d_15,"(2, 0, 46, 4)",21,10,10,10,10,10,0,10,0
9399,conv2d_15,"(0, 2, 26, 12)",8,10,10,10,10,10,0,10,0
9400,conv2d_15,"(1, 0, 50, 3)",3,10,10,10,10,10,1,9,0
9401,conv2d_15,"(0, 1, 37, 19)",19,10,10,10,10,10,0,10,0
9402,conv2d_15,"(1, 2, 25, 11)",26,10,10,10,10,10,0,10,0
9403,conv2d_15,"(0, 0, 43, 53)",3,10,10,10,10,10,0,10,0
9404,conv2d_15,"(0, 2, 49, 28)",23,10,10,10,10,10,10,0,0
9405,conv2d_15,"(0, 0, 35, 61)",6,10,10,10,10,10,1,9,0
9406,conv2d_15,"(2, 0, 2, 40)",1,10,10,10,10,10,7,3,0
9407,conv2d_15,"(1, 0, 13, 38)",24,10,10,10,10,10,1,9,0
9408,conv2d_15,"(0, 0, 46, 62)",19,10,10,10,10,10,0,10,0
9409,conv2d_15,"(2, 0, 30, 55)",17,10,10,10,10,10,1,9,0
9410,conv2d_15,"(0, 0, 46, 50)",14,10,10,10,10,10,1,9,0
9411,conv2d_15,"(1, 2, 47, 32)",18,10,10,10,10,10,0,10,0
9412,conv2d_15,"(2, 0, 36, 49)",3,10,10,10,10,10,0,10,0
9413,conv2d_15,"(2, 2, 13, 12)",1,10,10,10,10,10,7,3,0
9414,conv2d_15,"(0, 0, 27, 17)",6,10,10,10,10,10,1,9,0
9415,conv2d_15,"(0, 2, 44, 48)",0,10,10,10,10,10,2,8,0
9416,conv2d_15,"(2, 0, 2, 51)",31,10,10,10,10,10,0,10,0
9417,conv2d_15,"(1, 1, 4, 44)",7,10,10,10,10,10,1,9,0
9418,conv2d_15,"(1, 1, 49, 20)",22,10,10,10,10,10,1,9,0
9419,conv2d_15,"(1, 0, 35, 2)",25,10,10,10,10,10,0,10,0
9420,conv2d_15,"(2, 2, 18, 20)",18,10,10,10,10,10,0,10,0
9421,conv2d_15,"(1, 1, 55, 25)",31,10,10,10,10,10,0,10,0
9422,conv2d_15,"(0, 0, 1, 21)",16,10,10,10,10,10,0,10,0
9423,conv2d_15,"(0, 0, 10, 62)",24,10,10,10,10,10,0,10,0
9424,conv2d_15,"(1, 1, 29, 43)",24,10,10,10,10,10,1,9,0
9425,conv2d_15,"(1, 1, 11, 37)",9,10,10,10,10,10,0,10,0
9426,conv2d_15,"(2, 2, 14, 60)",28,10,10,10,10,10,0,10,0
9427,conv2d_15,"(0, 0, 43, 37)",18,10,10,10,10,10,0,10,0
9428,conv2d_15,"(1, 0, 47, 46)",3,10,10,10,10,10,0,10,0
9429,conv2d_15,"(2, 2, 18, 6)",1,10,10,10,10,10,4,6,0
9430,conv2d_15,"(1, 1, 44, 54)",12,10,10,10,10,10,0,10,0
9431,conv2d_15,"(1, 0, 54, 40)",28,10,10,10,10,10,0,10,0
9432,conv2d_15,"(0, 1, 32, 17)",5,10,10,10,10,10,3,7,0
9433,conv2d_15,"(2, 2, 3, 4)",10,10,10,10,10,10,1,9,0
9434,conv2d_15,"(0, 2, 41, 33)",7,10,10,10,10,10,0,10,0
9435,conv2d_15,"(2, 1, 55, 33)",28,10,10,10,10,10,1,9,0
9436,conv2d_15,"(0, 1, 19, 5)",0,10,10,10,10,10,6,4,0
9437,conv2d_15,"(0, 1, 37, 56)",3,10,10,10,10,10,2,8,0
9438,conv2d_15,"(0, 0, 1, 54)",23,10,10,10,10,10,0,10,0
9439,conv2d_15,"(1, 0, 42, 21)",5,10,10,10,10,10,0,10,0
9440,conv2d_15,"(2, 0, 32, 24)",28,10,10,10,10,10,0,10,0
9441,conv2d_15,"(0, 2, 23, 53)",1,10,10,10,10,10,7,3,0
9442,conv2d_15,"(0, 1, 38, 44)",23,10,10,10,10,10,0,10,0
9443,conv2d_15,"(0, 1, 4, 34)",15,10,10,10,10,10,0,10,0
9444,conv2d_15,"(1, 2, 4, 57)",17,10,10,10,10,10,0,10,0
9445,conv2d_15,"(1, 0, 14, 21)",13,10,10,10,10,10,0,10,0
9446,conv2d_15,"(2, 2, 51, 27)",6,10,10,10,10,10,0,10,0
9447,conv2d_15,"(2, 1, 20, 3)",22,10,10,10,10,10,0,10,0
9448,conv2d_15,"(0, 0, 13, 55)",24,10,10,10,10,10,0,10,0
9449,conv2d_15,"(1, 2, 49, 36)",26,10,10,10,10,10,0,10,0
9450,conv2d_15,"(1, 1, 48, 61)",22,10,10,10,10,10,0,10,0
9451,conv2d_15,"(1, 0, 21, 48)",16,10,10,10,10,10,0,10,0
9452,conv2d_15,"(2, 2, 7, 45)",4,10,10,10,10,10,10,0,0
9453,conv2d_15,"(2, 2, 31, 39)",9,10,10,10,10,10,0,10,0
9454,conv2d_15,"(0, 2, 59, 45)",10,10,10,10,10,10,0,10,0
9455,conv2d_15,"(0, 0, 15, 55)",22,10,10,10,10,10,0,10,0
9456,conv2d_15,"(1, 0, 13, 42)",9,10,10,10,10,10,0,10,0
9457,conv2d_15,"(0, 0, 42, 41)",15,10,10,10,10,10,1,9,0
9458,conv2d_15,"(1, 2, 52, 23)",7,10,10,10,10,10,1,9,0
9459,conv2d_15,"(1, 0, 4, 15)",13,10,10,10,10,10,0,10,0
9460,conv2d_15,"(0, 0, 43, 5)",27,10,10,10,10,10,0,10,0
9461,conv2d_15,"(0, 2, 28, 62)",14,10,10,10,10,10,0,10,0
9462,conv2d_15,"(2, 2, 29, 6)",18,10,10,10,10,10,0,10,0
9463,conv2d_15,"(2, 1, 13, 2)",30,10,0,5,0,5,0,0,10
9464,conv2d_15,"(2, 0, 51, 59)",4,10,10,10,10,10,10,0,0
9465,conv2d_15,"(1, 0, 2, 15)",31,10,10,10,10,10,0,10,0
9466,conv2d_15,"(0, 2, 58, 12)",22,10,10,10,10,10,0,10,0
9467,conv2d_15,"(1, 1, 37, 62)",17,10,10,10,10,10,0,10,0
9468,conv2d_15,"(2, 0, 55, 3)",19,10,10,10,10,10,0,10,0
9469,conv2d_15,"(1, 1, 58, 31)",13,10,10,10,10,10,0,10,0
9470,conv2d_15,"(0, 2, 31, 39)",20,10,10,10,10,10,0,10,0
9471,conv2d_15,"(1, 1, 52, 47)",20,10,10,10,10,10,1,9,0
9472,conv2d_15,"(2, 1, 20, 59)",11,10,10,10,10,10,10,0,0
9473,conv2d_15,"(0, 2, 29, 52)",30,10,3,6,3,6,0,3,7
9474,conv2d_15,"(1, 0, 21, 27)",31,10,10,10,10,10,0,10,0
9475,conv2d_15,"(2, 2, 24, 5)",5,10,10,10,10,10,0,10,0
9476,conv2d_15,"(1, 1, 41, 5)",20,10,10,10,10,10,0,10,0
9477,conv2d_15,"(0, 2, 33, 13)",14,10,10,10,10,10,0,10,0
9478,conv2d_15,"(0, 1, 24, 39)",25,10,10,10,10,10,0,10,0
9479,conv2d_15,"(2, 2, 19, 29)",28,10,10,10,10,10,0,10,0
9480,conv2d_15,"(2, 2, 10, 49)",27,10,10,10,10,10,0,10,0
9481,conv2d_15,"(2, 2, 45, 4)",5,10,10,10,10,10,0,10,0
9482,conv2d_15,"(0, 0, 60, 13)",17,10,10,10,10,10,0,10,0
9483,conv2d_15,"(1, 2, 30, 23)",15,10,10,10,10,10,0,10,0
9484,conv2d_15,"(2, 2, 32, 56)",13,10,10,10,10,10,0,10,0
9485,conv2d_15,"(2, 0, 31, 59)",4,10,10,10,10,10,10,0,0
9486,conv2d_15,"(2, 1, 9, 27)",12,10,10,10,10,10,0,10,0
9487,conv2d_15,"(0, 1, 9, 36)",30,10,2,7,2,7,0,2,8
9488,conv2d_15,"(2, 2, 55, 15)",9,10,10,10,10,10,0,10,0
9489,conv2d_15,"(0, 0, 15, 52)",18,10,10,10,10,10,0,10,0
9490,conv2d_15,"(0, 0, 48, 59)",28,10,10,10,10,10,10,0,0
9491,conv2d_15,"(1, 2, 32, 26)",30,10,3,4,3,4,0,3,7
9492,conv2d_15,"(1, 0, 44, 29)",17,10,10,10,10,10,0,10,0
9493,conv2d_15,"(1, 1, 44, 41)",28,10,10,10,10,10,0,10,0
9494,conv2d_15,"(2, 0, 8, 24)",25,10,10,10,10,10,0,10,0
9495,conv2d_15,"(1, 1, 22, 41)",14,10,10,10,10,10,0,10,0
9496,conv2d_15,"(0, 2, 2, 60)",17,10,10,10,10,10,0,10,0
9497,conv2d_15,"(0, 0, 24, 28)",19,10,10,10,10,10,10,0,0
9498,conv2d_15,"(2, 2, 60, 46)",6,10,10,10,10,10,0,10,0
9499,conv2d_15,"(1, 0, 47, 51)",3,10,10,10,10,10,1,9,0
9500,conv2d_15,"(2, 2, 8, 33)",2,10,10,10,10,10,6,4,0
9501,conv2d_15,"(1, 1, 36, 16)",11,10,10,10,10,10,0,10,0
9502,conv2d_15,"(0, 1, 55, 21)",13,10,10,10,10,10,0,10,0
9503,conv2d_15,"(0, 2, 48, 33)",29,10,10,10,10,10,0,10,0
9504,conv2d_15,"(0, 0, 55, 27)",16,10,10,10,10,10,0,10,0
9505,conv2d_15,"(2, 0, 11, 24)",12,10,10,10,10,10,0,10,0
9506,conv2d_15,"(0, 2, 17, 57)",12,10,10,10,10,10,0,10,0
9507,conv2d_15,"(1, 0, 39, 0)",14,10,10,10,10,10,10,0,0
9508,conv2d_15,"(1, 2, 29, 0)",7,10,10,10,10,10,10,0,0
9509,conv2d_15,"(1, 1, 51, 10)",26,10,10,10,10,10,1,9,0
9510,conv2d_15,"(2, 1, 23, 32)",12,10,10,10,10,10,0,10,0
9511,conv2d_15,"(0, 0, 12, 52)",30,10,1,5,1,5,0,1,9
9512,conv2d_15,"(2, 1, 20, 16)",6,10,10,10,10,10,4,6,0
9513,conv2d_15,"(1, 0, 46, 9)",11,10,10,10,10,10,0,10,0
9514,conv2d_15,"(0, 0, 31, 46)",5,10,10,10,10,10,0,10,0
9515,conv2d_15,"(1, 0, 50, 25)",26,10,10,10,10,10,0,10,0
9516,conv2d_15,"(0, 2, 30, 6)",19,10,10,10,10,10,0,10,0
9517,conv2d_15,"(2, 1, 60, 9)",25,10,10,10,10,10,0,10,0
9518,conv2d_15,"(2, 1, 19, 1)",19,10,10,10,10,10,0,10,0
9519,conv2d_15,"(0, 1, 60, 1)",16,10,10,10,10,10,0,10,0
9520,conv2d_15,"(1, 2, 0, 9)",1,10,10,10,10,10,6,4,0
9521,conv2d_15,"(1, 1, 11, 31)",4,10,10,10,10,10,0,10,0
9522,conv2d_15,"(1, 2, 31, 22)",14,10,10,10,10,10,0,10,0
9523,conv2d_15,"(0, 2, 28, 42)",9,10,10,10,10,10,0,10,0
9524,conv2d_15,"(2, 2, 57, 23)",6,10,10,10,10,10,1,9,0
9525,conv2d_15,"(2, 1, 54, 35)",15,10,10,10,10,10,0,10,0
9526,conv2d_15,"(1, 2, 31, 40)",9,10,10,10,10,10,0,10,0
9527,conv2d_15,"(0, 1, 22, 31)",10,10,10,10,10,10,0,10,0
9528,conv2d_15,"(0, 2, 53, 38)",5,10,10,10,10,10,2,8,0
9529,conv2d_15,"(2, 0, 55, 43)",14,10,10,10,10,10,1,9,0
9530,conv2d_15,"(1, 2, 49, 6)",1,10,10,10,10,10,9,1,0
9531,conv2d_15,"(1, 1, 35, 8)",2,10,10,10,10,10,9,1,0
9532,conv2d_15,"(2, 0, 35, 10)",9,10,10,10,10,10,0,10,0
9533,conv2d_15,"(1, 1, 32, 0)",6,10,10,10,10,10,10,0,0
9534,conv2d_15,"(2, 0, 4, 20)",26,10,10,10,10,10,0,10,0
9535,conv2d_15,"(2, 1, 36, 16)",19,10,10,10,10,10,0,10,0
9536,conv2d_15,"(0, 0, 51, 42)",28,10,10,10,10,10,0,10,0
9537,conv2d_15,"(1, 0, 8, 54)",8,10,10,10,10,10,0,10,0
9538,conv2d_15,"(1, 0, 58, 57)",26,10,10,10,10,10,0,10,0
9539,conv2d_15,"(2, 0, 42, 24)",15,10,10,10,10,10,1,9,0
9540,conv2d_15,"(1, 1, 6, 52)",30,10,9,10,9,10,0,9,1
9541,conv2d_15,"(2, 1, 9, 37)",16,10,10,10,10,10,0,10,0
9542,conv2d_15,"(1, 2, 53, 28)",15,10,10,10,10,10,10,0,0
9543,conv2d_15,"(2, 1, 60, 31)",26,10,10,10,10,10,0,10,0
9544,conv2d_15,"(1, 0, 34, 10)",21,10,10,10,10,10,0,10,0
9545,conv2d_15,"(1, 2, 57, 61)",31,10,10,10,10,10,0,10,0
9546,conv2d_15,"(2, 2, 17, 46)",17,10,10,10,10,10,0,10,0
9547,conv2d_15,"(1, 0, 29, 43)",12,10,10,10,10,10,1,9,0
9548,conv2d_15,"(1, 2, 37, 56)",10,10,10,10,10,10,0,10,0
9549,conv2d_15,"(0, 1, 48, 24)",8,10,10,10,10,10,0,10,0
9550,conv2d_15,"(1, 0, 34, 34)",11,10,10,10,10,10,0,10,0
9551,conv2d_15,"(1, 2, 49, 44)",3,10,10,10,10,10,5,5,0
9552,conv2d_15,"(1, 2, 15, 19)",11,10,10,10,10,10,1,9,0
9553,conv2d_15,"(1, 0, 9, 42)",0,10,10,10,10,10,9,1,0
9554,conv2d_15,"(2, 1, 56, 29)",13,10,10,10,10,10,3,7,0
9555,conv2d_15,"(0, 0, 37, 20)",1,10,10,10,10,10,7,3,0
9556,conv2d_15,"(1, 1, 27, 38)",5,10,10,10,10,10,0,10,0
9557,conv2d_15,"(2, 2, 55, 20)",0,10,10,10,10,10,5,5,0
9558,conv2d_15,"(1, 0, 40, 48)",0,10,10,10,10,10,8,2,0
9559,conv2d_15,"(2, 2, 13, 52)",29,10,10,10,10,10,1,9,0
9560,conv2d_15,"(2, 2, 63, 0)",13,10,10,10,10,10,10,0,0
9561,conv2d_15,"(0, 0, 10, 26)",19,10,10,10,10,10,2,8,0
9562,conv2d_15,"(2, 1, 21, 4)",23,10,10,10,10,10,0,10,0
9563,conv2d_15,"(1, 0, 23, 37)",4,10,10,10,10,10,0,10,0
9564,conv2d_15,"(1, 1, 47, 51)",23,10,10,10,10,10,0,10,0
9565,conv2d_15,"(1, 2, 60, 40)",24,10,10,10,10,10,0,10,0
9566,conv2d_15,"(2, 0, 19, 27)",0,10,10,10,10,10,10,0,0
9567,conv2d_15,"(1, 1, 0, 63)",3,10,10,10,10,10,10,0,0
9568,conv2d_15,"(1, 0, 40, 43)",18,10,10,10,10,10,1,9,0
9569,conv2d_15,"(2, 1, 6, 14)",0,10,10,10,10,10,9,1,0
9570,conv2d_15,"(1, 0, 55, 3)",26,10,10,10,10,10,0,10,0
9571,conv2d_15,"(0, 0, 43, 8)",28,10,10,10,10,10,0,10,0
9572,conv2d_15,"(0, 2, 51, 48)",10,10,10,10,10,10,0,10,0
9573,conv2d_15,"(2, 1, 37, 37)",24,10,10,10,10,10,0,10,0
9574,conv2d_15,"(2, 0, 11, 59)",18,10,10,10,10,10,10,0,0
9575,conv2d_15,"(2, 1, 29, 27)",28,10,10,10,10,10,1,9,0
9576,conv2d_15,"(1, 1, 58, 42)",16,10,10,10,10,10,0,10,0
9577,conv2d_15,"(1, 2, 2, 50)",12,10,10,10,10,10,1,9,0
9578,conv2d_15,"(1, 0, 23, 34)",23,10,10,10,10,10,0,10,0
9579,conv2d_15,"(2, 2, 30, 24)",10,10,10,10,10,10,1,9,0
9580,conv2d_15,"(2, 1, 55, 39)",24,10,10,10,10,10,0,10,0
9581,conv2d_15,"(2, 1, 14, 6)",20,10,10,10,10,10,0,10,0
9582,conv2d_15,"(0, 1, 36, 4)",1,10,10,10,10,10,0,10,0
9583,conv2d_15,"(0, 1, 53, 24)",28,10,10,10,10,10,1,9,0
9584,conv2d_15,"(0, 0, 42, 33)",24,10,10,10,10,10,0,10,0
9585,conv2d_15,"(1, 2, 30, 15)",3,10,10,10,10,10,1,9,0
9586,conv2d_15,"(2, 2, 20, 21)",13,10,10,10,10,10,0,10,0
9587,conv2d_15,"(1, 0, 37, 2)",4,10,10,10,10,10,0,10,0
9588,conv2d_15,"(0, 1, 10, 20)",20,10,10,10,10,10,2,8,0
9589,conv2d_15,"(2, 2, 56, 42)",1,10,10,10,10,10,2,8,0
9590,conv2d_15,"(0, 1, 60, 5)",25,10,10,10,10,10,0,10,0
9591,conv2d_15,"(0, 0, 62, 49)",3,10,10,10,10,10,2,8,0
9592,conv2d_15,"(1, 1, 26, 48)",28,10,10,10,10,10,1,9,0
9593,conv2d_15,"(2, 0, 56, 25)",23,10,10,10,10,10,0,10,0
9594,conv2d_15,"(1, 0, 6, 13)",15,10,10,10,10,10,0,10,0
9595,conv2d_15,"(1, 1, 62, 51)",24,10,10,10,10,10,0,10,0
9596,conv2d_15,"(2, 2, 46, 62)",12,10,10,10,10,10,0,10,0
9597,conv2d_15,"(1, 2, 16, 16)",24,10,10,10,10,10,1,9,0
9598,conv2d_15,"(1, 0, 27, 61)",26,10,10,10,10,10,0,10,0
9599,conv2d_15,"(1, 1, 40, 60)",7,10,10,10,10,10,0,10,0
9600,conv2d_15,"(2, 1, 3, 16)",21,10,10,10,10,10,0,10,0
9601,conv2d_15,"(0, 2, 3, 33)",17,10,10,10,10,10,0,10,0
9602,conv2d_15,"(2, 2, 26, 38)",8,10,10,10,10,10,1,9,0
9603,conv2d_15,"(1, 2, 57, 48)",17,10,10,10,10,10,0,10,0
9604,conv2d_15,"(2, 1, 30, 15)",24,10,10,10,10,10,0,10,0
9605,conv2d_15,"(2, 2, 34, 62)",27,10,10,10,10,10,0,10,0
9606,conv2d_15,"(2, 1, 1, 50)",27,10,10,10,10,10,2,8,0
9607,conv2d_15,"(1, 0, 10, 29)",15,10,10,10,10,10,1,9,0
9608,conv2d_15,"(2, 2, 4, 41)",18,10,10,10,10,10,0,10,0
9609,conv2d_15,"(1, 1, 36, 6)",29,10,10,10,10,10,0,10,0
9610,conv2d_15,"(1, 0, 23, 35)",28,10,10,10,10,10,0,10,0
9611,conv2d_15,"(1, 1, 46, 17)",21,10,10,10,10,10,0,10,0
9612,conv2d_15,"(2, 1, 61, 19)",4,10,10,10,10,10,2,8,0
9613,conv2d_15,"(1, 1, 42, 7)",10,10,10,10,10,10,0,10,0
9614,conv2d_15,"(0, 1, 35, 60)",20,10,10,10,10,10,0,10,0
9615,conv2d_15,"(2, 0, 31, 11)",16,10,10,10,10,10,0,10,0
9616,conv2d_15,"(0, 1, 0, 48)",10,10,10,10,10,10,0,10,0
9617,conv2d_15,"(1, 1, 29, 3)",7,10,10,10,10,10,0,10,0
9618,conv2d_15,"(2, 1, 47, 2)",30,10,0,4,0,4,0,0,10
9619,conv2d_15,"(2, 1, 0, 58)",22,10,10,10,10,10,0,10,0
9620,conv2d_15,"(0, 2, 13, 3)",13,10,10,10,10,10,0,10,0
9621,conv2d_15,"(1, 1, 41, 22)",30,10,3,7,3,7,0,3,7
9622,conv2d_15,"(0, 0, 50, 38)",30,10,2,5,2,5,0,2,8
9623,conv2d_15,"(2, 1, 8, 61)",11,10,10,10,10,10,1,9,0
9624,conv2d_15,"(2, 1, 52, 52)",26,10,10,10,10,10,1,9,0
9625,conv2d_15,"(0, 0, 51, 8)",25,10,10,10,10,10,0,10,0
9626,conv2d_15,"(0, 0, 15, 26)",12,10,10,10,10,10,1,9,0
9627,conv2d_15,"(0, 1, 52, 18)",26,10,10,10,10,10,0,10,0
9628,conv2d_15,"(2, 1, 3, 38)",25,10,10,10,10,10,0,10,0
9629,conv2d_15,"(1, 2, 46, 50)",31,10,10,10,10,10,1,9,0
9630,conv2d_15,"(1, 0, 3, 57)",25,10,10,10,10,10,0,10,0
9631,conv2d_15,"(0, 1, 34, 38)",21,10,10,10,10,10,1,9,0
9632,conv2d_15,"(0, 0, 13, 36)",29,10,10,10,10,10,0,10,0
9633,conv2d_15,"(0, 2, 21, 48)",2,10,10,10,10,10,3,7,0
9634,conv2d_15,"(2, 2, 22, 9)",15,10,10,10,10,10,0,10,0
9635,conv2d_15,"(2, 0, 20, 32)",1,10,10,10,10,10,8,2,0
9636,conv2d_15,"(1, 0, 2, 20)",24,10,10,10,10,10,0,10,0
9637,conv2d_15,"(1, 2, 3, 41)",22,10,10,10,10,10,0,10,0
9638,conv2d_15,"(2, 1, 54, 51)",2,10,10,10,10,10,4,6,0
9639,conv2d_15,"(2, 0, 10, 4)",13,10,10,10,10,10,0,10,0
9640,conv2d_15,"(1, 0, 11, 24)",19,10,10,10,10,10,0,10,0
9641,conv2d_15,"(0, 1, 34, 1)",29,10,10,10,10,10,0,10,0
9642,conv2d_15,"(2, 0, 34, 41)",29,10,10,10,10,10,0,10,0
9643,conv2d_15,"(0, 2, 53, 54)",11,10,10,10,10,10,0,10,0
9644,conv2d_15,"(2, 2, 57, 61)",12,10,10,10,10,10,0,10,0
9645,conv2d_15,"(0, 1, 28, 30)",27,10,10,10,10,10,0,10,0
9646,conv2d_15,"(0, 0, 19, 39)",17,10,10,10,10,10,0,10,0
9647,conv2d_15,"(1, 1, 41, 32)",24,10,10,10,10,10,0,10,0
9648,conv2d_15,"(2, 2, 53, 10)",11,10,10,10,10,10,0,10,0
9649,conv2d_15,"(2, 1, 6, 46)",18,10,10,10,10,10,0,10,0
9650,conv2d_15,"(0, 0, 1, 8)",19,10,10,10,10,10,0,10,0
9651,conv2d_15,"(0, 2, 62, 8)",11,10,10,10,10,10,2,8,0
9652,conv2d_15,"(0, 0, 47, 52)",16,10,10,10,10,10,0,10,0
9653,conv2d_15,"(2, 1, 47, 54)",18,10,10,10,10,10,0,10,0
9654,conv2d_15,"(0, 2, 8, 54)",3,10,10,10,10,10,3,7,0
9655,conv2d_15,"(2, 1, 35, 28)",29,10,10,10,10,10,10,0,0
9656,conv2d_15,"(1, 1, 55, 22)",3,10,10,10,10,10,0,10,0
9657,conv2d_15,"(2, 2, 22, 9)",7,10,10,10,10,10,0,10,0
9658,conv2d_15,"(1, 0, 26, 38)",21,10,10,10,10,10,0,10,0
9659,conv2d_15,"(1, 2, 23, 33)",27,10,10,10,10,10,0,10,0
9660,conv2d_15,"(2, 2, 54, 16)",0,10,10,10,10,10,9,1,0
9661,conv2d_15,"(0, 2, 10, 63)",18,10,10,10,10,10,0,10,0
9662,conv2d_15,"(0, 0, 42, 58)",16,10,10,10,10,10,0,10,0
9663,conv2d_15,"(2, 1, 59, 5)",5,10,10,10,10,10,0,10,0
9664,conv2d_15,"(1, 2, 2, 40)",8,10,10,10,10,10,0,10,0
9665,conv2d_15,"(1, 2, 6, 33)",20,10,10,10,10,10,0,10,0
9666,conv2d_15,"(2, 1, 53, 34)",4,10,10,10,10,10,9,1,0
9667,conv2d_15,"(1, 2, 7, 16)",1,10,10,10,10,10,10,0,0
9668,conv2d_15,"(0, 2, 13, 55)",22,10,10,10,10,10,0,10,0
9669,conv2d_15,"(2, 1, 27, 58)",9,10,10,10,10,10,0,10,0
9670,conv2d_15,"(0, 0, 30, 42)",7,10,10,10,10,10,0,10,0
9671,conv2d_15,"(1, 1, 34, 40)",14,10,10,10,10,10,0,10,0
9672,conv2d_15,"(0, 2, 34, 32)",1,10,10,10,10,10,8,2,0
9673,conv2d_15,"(2, 0, 32, 41)",3,10,10,10,10,10,1,9,0
9674,conv2d_15,"(0, 2, 26, 21)",22,10,10,10,10,10,0,10,0
9675,conv2d_15,"(2, 1, 60, 6)",15,10,10,10,10,10,0,10,0
9676,conv2d_15,"(2, 0, 43, 1)",1,10,10,10,10,10,3,7,0
9677,conv2d_15,"(1, 2, 30, 4)",13,10,10,10,10,10,0,10,0
9678,conv2d_15,"(1, 0, 20, 23)",1,10,10,10,10,10,5,5,0
9679,conv2d_15,"(2, 1, 46, 42)",22,10,10,10,10,10,0,10,0
9680,conv2d_15,"(2, 1, 18, 48)",31,10,10,10,10,10,1,9,0
9681,conv2d_15,"(1, 2, 49, 47)",28,10,10,10,10,10,1,9,0
9682,conv2d_15,"(2, 0, 29, 28)",18,10,10,10,10,10,10,0,0
9683,conv2d_15,"(0, 2, 9, 26)",22,10,10,10,10,10,0,10,0
9684,conv2d_15,"(1, 2, 45, 10)",28,10,10,10,10,10,0,10,0
9685,conv2d_15,"(2, 2, 1, 23)",21,10,10,10,10,10,1,9,0
9686,conv2d_15,"(2, 2, 23, 61)",15,10,10,10,10,10,0,10,0
9687,conv2d_15,"(0, 2, 25, 57)",4,10,10,10,10,10,4,6,0
9688,conv2d_15,"(2, 2, 46, 55)",18,10,10,10,10,10,1,9,0
9689,conv2d_15,"(1, 1, 2, 51)",21,10,10,10,10,10,0,10,0
9690,conv2d_15,"(2, 1, 20, 53)",24,10,10,10,10,10,0,10,0
9691,conv2d_15,"(0, 0, 0, 59)",28,10,10,10,10,10,10,0,0
9692,conv2d_15,"(1, 2, 57, 12)",28,10,10,10,10,10,0,10,0
9693,conv2d_15,"(2, 2, 6, 42)",2,10,10,10,10,10,0,10,0
9694,conv2d_15,"(1, 1, 4, 16)",8,10,10,10,10,10,2,8,0
9695,conv2d_15,"(1, 2, 32, 5)",3,10,10,10,10,10,2,8,0
9696,conv2d_15,"(0, 2, 36, 59)",1,10,10,10,10,10,10,0,0
9697,conv2d_15,"(2, 1, 33, 51)",30,10,1,3,1,3,0,1,9
9698,conv2d_15,"(2, 0, 24, 63)",2,10,10,10,10,10,10,0,0
9699,conv2d_15,"(2, 1, 38, 19)",17,10,10,10,10,10,0,10,0
9700,conv2d_15,"(0, 2, 61, 1)",6,10,10,10,10,10,1,9,0
9701,conv2d_15,"(2, 2, 10, 61)",0,10,10,10,10,10,9,1,0
9702,conv2d_15,"(0, 0, 8, 15)",12,10,10,10,10,10,0,10,0
9703,conv2d_15,"(0, 2, 62, 50)",4,10,10,10,10,10,4,6,0
9704,conv2d_15,"(0, 1, 32, 50)",5,10,10,10,10,10,1,9,0
9705,conv2d_15,"(2, 1, 53, 50)",17,10,10,10,10,10,3,7,0
9706,conv2d_15,"(0, 1, 8, 61)",14,10,10,10,10,10,1,9,0
9707,conv2d_15,"(1, 1, 23, 44)",26,10,10,10,10,10,0,10,0
9708,conv2d_15,"(2, 2, 17, 46)",1,10,10,10,10,10,10,0,0
9709,conv2d_15,"(2, 0, 13, 31)",0,10,10,10,10,10,3,7,0
9710,conv2d_15,"(2, 1, 9, 0)",5,10,10,10,10,10,10,0,0
9711,conv2d_15,"(0, 1, 22, 28)",10,10,10,10,10,10,10,0,0
9712,conv2d_15,"(1, 1, 7, 5)",4,10,10,10,10,10,2,8,0
9713,conv2d_15,"(2, 2, 48, 49)",17,10,10,10,10,10,0,10,0
9714,conv2d_15,"(2, 1, 4, 26)",1,10,10,10,10,10,7,3,0
9715,conv2d_15,"(2, 2, 18, 37)",15,10,10,10,10,10,0,10,0
9716,conv2d_15,"(1, 0, 50, 12)",13,10,10,10,10,10,0,10,0
9717,conv2d_15,"(1, 2, 38, 16)",16,10,10,10,10,10,0,10,0
9718,conv2d_15,"(0, 0, 60, 35)",24,10,10,10,10,10,0,10,0
9719,conv2d_15,"(0, 1, 50, 6)",29,10,10,10,10,10,0,10,0
9720,conv2d_15,"(1, 2, 62, 30)",10,10,10,10,10,10,2,8,0
9721,conv2d_15,"(0, 2, 32, 9)",7,10,10,10,10,10,0,10,0
9722,conv2d_15,"(1, 0, 7, 5)",1,10,10,10,10,10,8,2,0
9723,conv2d_15,"(2, 2, 60, 32)",2,10,10,10,10,10,1,9,0
9724,conv2d_15,"(1, 0, 12, 13)",22,10,10,10,10,10,0,10,0
9725,conv2d_15,"(1, 2, 34, 50)",27,10,10,10,10,10,0,10,0
9726,conv2d_15,"(1, 1, 47, 42)",28,10,10,10,10,10,0,10,0
9727,conv2d_15,"(2, 0, 28, 2)",25,10,10,10,10,10,0,10,0
9728,conv2d_15,"(2, 2, 40, 59)",17,10,10,10,10,10,10,0,0
9729,conv2d_15,"(0, 2, 10, 62)",13,10,10,10,10,10,2,8,0
9730,conv2d_15,"(2, 2, 36, 61)",25,10,10,10,10,10,0,10,0
9731,conv2d_15,"(0, 0, 20, 40)",0,10,10,10,10,10,8,2,0
9732,conv2d_15,"(0, 0, 40, 36)",16,10,10,10,10,10,0,10,0
9733,conv2d_15,"(1, 2, 3, 27)",11,10,10,10,10,10,0,10,0
9734,conv2d_15,"(0, 0, 59, 3)",1,10,10,10,10,10,9,1,0
9735,conv2d_16,"(1, 1, 50, 19)",21,10,10,10,10,10,0,10,0
9736,conv2d_16,"(1, 0, 57, 33)",27,10,10,10,10,10,0,10,0
9737,conv2d_16,"(1, 0, 11, 37)",8,10,10,10,10,10,0,10,0
9738,conv2d_16,"(0, 1, 10, 43)",9,10,10,10,10,10,0,10,0
9739,conv2d_16,"(0, 1, 6, 25)",10,10,10,10,10,10,0,10,0
9740,conv2d_16,"(0, 1, 60, 11)",14,10,10,10,10,10,0,10,0
9741,conv2d_16,"(2, 0, 3, 31)",16,10,10,10,10,10,1,9,0
9742,conv2d_16,"(2, 0, 54, 1)",6,10,10,10,10,10,0,10,0
9743,conv2d_16,"(2, 0, 47, 21)",19,10,10,10,10,10,1,9,0
9744,conv2d_16,"(0, 1, 29, 38)",20,10,10,10,10,10,0,10,0
9745,conv2d_16,"(0, 0, 61, 59)",6,10,10,10,10,10,0,10,0
9746,conv2d_16,"(0, 2, 56, 17)",25,10,10,10,10,10,0,10,0
9747,conv2d_16,"(2, 2, 0, 13)",6,10,10,10,10,10,10,0,0
9748,conv2d_16,"(1, 0, 53, 58)",23,10,10,10,10,10,0,10,0
9749,conv2d_16,"(1, 0, 10, 16)",26,10,10,10,10,10,0,10,0
9750,conv2d_16,"(2, 1, 25, 61)",7,10,10,10,10,10,0,10,0
9751,conv2d_16,"(1, 0, 1, 9)",25,10,10,10,10,10,0,10,0
9752,conv2d_16,"(1, 1, 55, 52)",19,10,10,10,10,10,1,9,0
9753,conv2d_16,"(1, 0, 37, 12)",22,10,10,10,10,10,0,10,0
9754,conv2d_16,"(2, 2, 54, 39)",21,10,10,10,10,10,0,10,0
9755,conv2d_16,"(1, 0, 59, 24)",21,10,10,10,10,10,10,0,0
9756,conv2d_16,"(1, 1, 40, 22)",24,10,10,10,10,10,1,9,0
9757,conv2d_16,"(0, 2, 61, 62)",23,10,10,10,10,10,0,10,0
9758,conv2d_16,"(2, 1, 49, 11)",2,10,10,10,10,10,10,0,0
9759,conv2d_16,"(2, 2, 20, 28)",15,10,10,10,10,10,0,10,0
9760,conv2d_16,"(0, 1, 3, 61)",1,10,10,10,10,10,6,4,0
9761,conv2d_16,"(2, 1, 7, 45)",4,10,10,10,10,10,0,10,0
9762,conv2d_16,"(2, 2, 12, 44)",24,10,10,10,10,10,0,10,0
9763,conv2d_16,"(0, 0, 18, 28)",19,10,10,10,10,10,0,10,0
9764,conv2d_16,"(0, 1, 62, 62)",26,10,10,10,10,10,0,10,0
9765,conv2d_16,"(1, 2, 11, 9)",22,10,10,10,10,10,1,9,0
9766,conv2d_16,"(2, 1, 29, 29)",5,10,10,10,10,10,3,7,0
9767,conv2d_16,"(2, 2, 16, 50)",1,10,10,10,10,10,10,0,0
9768,conv2d_16,"(2, 2, 23, 55)",5,10,10,10,10,10,0,10,0
9769,conv2d_16,"(1, 0, 52, 41)",12,10,10,10,10,10,0,10,0
9770,conv2d_16,"(1, 0, 7, 3)",13,10,10,10,10,10,0,10,0
9771,conv2d_16,"(1, 2, 25, 33)",13,10,10,10,10,10,0,10,0
9772,conv2d_16,"(1, 1, 31, 52)",3,10,10,10,10,10,5,5,0
9773,conv2d_16,"(2, 2, 56, 63)",15,10,10,10,10,10,1,9,0
9774,conv2d_16,"(0, 1, 62, 36)",16,10,10,10,10,10,0,10,0
9775,conv2d_16,"(1, 1, 54, 12)",9,10,10,10,10,10,0,10,0
9776,conv2d_16,"(2, 1, 62, 12)",15,10,10,10,10,10,0,10,0
9777,conv2d_16,"(1, 1, 52, 2)",19,10,10,10,10,10,0,10,0
9778,conv2d_16,"(0, 1, 25, 16)",15,10,10,10,10,10,0,10,0
9779,conv2d_16,"(0, 2, 61, 38)",11,10,10,10,10,10,0,10,0
9780,conv2d_16,"(1, 2, 13, 42)",10,10,10,10,10,10,0,10,0
9781,conv2d_16,"(1, 1, 39, 5)",9,10,10,10,10,10,0,10,0
9782,conv2d_16,"(1, 1, 17, 48)",13,10,10,10,10,10,1,9,0
9783,conv2d_16,"(0, 1, 13, 28)",6,10,10,10,10,10,0,10,0
9784,conv2d_16,"(1, 1, 59, 16)",14,10,10,10,10,10,10,0,0
9785,conv2d_16,"(1, 0, 0, 34)",28,10,10,10,10,10,10,0,0
9786,conv2d_16,"(1, 1, 33, 32)",21,10,10,10,10,10,0,10,0
9787,conv2d_16,"(1, 1, 16, 23)",25,10,10,10,10,10,1,9,0
9788,conv2d_16,"(1, 2, 14, 42)",11,10,10,10,10,10,0,10,0
9789,conv2d_16,"(1, 0, 61, 8)",29,10,10,10,10,10,0,10,0
9790,conv2d_16,"(1, 2, 31, 13)",9,10,10,10,10,10,0,10,0
9791,conv2d_16,"(1, 2, 41, 38)",29,10,10,10,10,10,0,10,0
9792,conv2d_16,"(0, 2, 41, 3)",1,10,10,10,10,10,8,2,0
9793,conv2d_16,"(1, 2, 56, 45)",21,10,10,10,10,10,1,9,0
9794,conv2d_16,"(1, 1, 62, 5)",19,10,10,10,10,10,1,9,0
9795,conv2d_16,"(0, 0, 38, 58)",15,10,10,10,10,10,1,9,0
9796,conv2d_16,"(1, 1, 22, 15)",2,10,10,10,10,10,7,3,0
9797,conv2d_16,"(0, 1, 30, 63)",18,10,10,10,10,10,2,8,0
9798,conv2d_16,"(1, 1, 16, 22)",8,10,10,10,10,10,0,10,0
9799,conv2d_16,"(1, 0, 15, 36)",12,10,10,10,10,10,0,10,0
9800,conv2d_16,"(1, 0, 31, 46)",31,10,10,10,10,10,0,10,0
9801,conv2d_16,"(1, 1, 45, 54)",6,10,10,10,10,10,1,9,0
9802,conv2d_16,"(0, 2, 12, 33)",6,10,10,10,10,10,4,6,0
9803,conv2d_16,"(1, 2, 12, 4)",29,10,10,10,10,10,0,10,0
9804,conv2d_16,"(2, 0, 10, 28)",15,10,10,10,10,10,0,10,0
9805,conv2d_16,"(1, 2, 32, 40)",0,10,10,10,10,10,10,0,0
9806,conv2d_16,"(1, 1, 17, 12)",4,10,10,10,10,10,7,3,0
9807,conv2d_16,"(1, 2, 56, 17)",6,10,10,10,10,10,0,10,0
9808,conv2d_16,"(2, 2, 49, 41)",21,10,10,10,10,10,0,10,0
9809,conv2d_16,"(2, 0, 0, 24)",28,10,10,10,10,10,10,0,0
9810,conv2d_16,"(1, 2, 34, 36)",16,10,10,10,10,10,0,10,0
9811,conv2d_16,"(2, 0, 0, 1)",1,10,10,10,10,10,10,0,0
9812,conv2d_16,"(2, 2, 21, 20)",2,10,10,10,10,10,0,10,0
9813,conv2d_16,"(0, 2, 33, 51)",24,10,10,10,10,10,0,10,0
9814,conv2d_16,"(0, 0, 37, 41)",15,10,10,10,10,10,0,10,0
9815,conv2d_16,"(1, 1, 53, 59)",8,10,10,10,10,10,0,10,0
9816,conv2d_16,"(2, 1, 40, 53)",8,10,10,10,10,10,1,9,0
9817,conv2d_16,"(0, 2, 21, 1)",24,10,10,10,10,10,0,10,0
9818,conv2d_16,"(0, 1, 53, 40)",2,10,10,10,10,10,1,9,0
9819,conv2d_16,"(1, 2, 1, 1)",1,10,10,10,10,10,0,10,0
9820,conv2d_16,"(0, 2, 1, 15)",15,10,10,10,10,10,0,10,0
9821,conv2d_16,"(1, 0, 0, 0)",29,10,10,10,10,10,10,0,0
9822,conv2d_16,"(2, 2, 50, 19)",30,10,1,3,1,3,0,1,9
9823,conv2d_16,"(0, 0, 19, 20)",0,10,10,10,10,10,4,6,0
9824,conv2d_16,"(0, 2, 9, 58)",4,10,10,10,10,10,0,10,0
9825,conv2d_16,"(0, 0, 21, 54)",29,10,10,10,10,10,0,10,0
9826,conv2d_16,"(0, 0, 50, 48)",23,10,10,10,10,10,0,10,0
9827,conv2d_16,"(1, 2, 8, 34)",4,10,10,10,10,10,0,10,0
9828,conv2d_16,"(0, 2, 57, 7)",8,10,10,10,10,10,0,10,0
9829,conv2d_16,"(2, 2, 17, 58)",10,10,10,10,10,10,1,9,0
9830,conv2d_16,"(2, 2, 19, 39)",26,10,10,10,10,10,0,10,0
9831,conv2d_16,"(2, 0, 42, 27)",19,10,10,10,10,10,0,10,0
9832,conv2d_16,"(0, 2, 49, 21)",31,10,10,10,10,10,0,10,0
9833,conv2d_16,"(1, 2, 41, 34)",5,10,10,10,10,10,5,5,0
9834,conv2d_16,"(2, 0, 18, 6)",15,10,10,10,10,10,0,10,0
9835,conv2d_16,"(2, 2, 46, 46)",22,10,10,10,10,10,0,10,0
9836,conv2d_16,"(2, 2, 19, 58)",14,10,10,10,10,10,0,10,0
9837,conv2d_16,"(2, 0, 51, 33)",6,10,10,10,10,10,0,10,0
9838,conv2d_16,"(2, 2, 10, 55)",1,10,10,10,10,10,0,10,0
9839,conv2d_16,"(2, 1, 41, 44)",23,10,10,10,10,10,1,9,0
9840,conv2d_16,"(2, 2, 2, 26)",9,10,10,10,10,10,0,10,0
9841,conv2d_16,"(1, 2, 11, 52)",3,10,10,10,10,10,5,5,0
9842,conv2d_16,"(1, 1, 8, 38)",20,10,10,10,10,10,0,10,0
9843,conv2d_16,"(0, 1, 5, 20)",6,10,10,10,10,10,0,10,0
9844,conv2d_16,"(1, 2, 42, 35)",5,10,10,10,10,10,0,10,0
9845,conv2d_16,"(1, 2, 15, 9)",10,10,10,10,10,10,0,10,0
9846,conv2d_16,"(2, 1, 43, 35)",30,10,5,5,5,5,0,5,5
9847,conv2d_16,"(0, 0, 32, 34)",11,10,10,10,10,10,0,10,0
9848,conv2d_16,"(2, 2, 23, 53)",25,10,10,10,10,10,0,10,0
9849,conv2d_16,"(1, 2, 2, 44)",11,10,10,10,10,10,0,10,0
9850,conv2d_16,"(2, 2, 7, 2)",1,10,10,10,10,10,5,5,0
9851,conv2d_16,"(0, 0, 58, 45)",31,10,10,10,10,10,0,10,0
9852,conv2d_16,"(2, 2, 26, 36)",20,10,10,10,10,10,0,10,0
9853,conv2d_16,"(2, 0, 41, 57)",8,10,10,10,10,10,1,9,0
9854,conv2d_16,"(2, 1, 44, 42)",26,10,10,10,10,10,0,10,0
9855,conv2d_16,"(1, 2, 34, 3)",0,10,10,10,10,10,9,1,0
9856,conv2d_16,"(1, 2, 13, 0)",7,10,10,10,10,10,0,10,0
9857,conv2d_16,"(1, 0, 27, 16)",17,10,10,10,10,10,0,10,0
9858,conv2d_16,"(2, 2, 37, 23)",18,10,10,10,10,10,0,10,0
9859,conv2d_16,"(0, 0, 4, 61)",22,10,10,10,10,10,0,10,0
9860,conv2d_16,"(1, 2, 5, 14)",28,10,10,10,10,10,0,10,0
9861,conv2d_16,"(2, 1, 39, 17)",27,10,10,10,10,10,0,10,0
9862,conv2d_16,"(1, 2, 46, 6)",31,10,10,10,10,10,0,10,0
9863,conv2d_16,"(2, 1, 36, 20)",31,10,10,10,10,10,0,10,0
9864,conv2d_16,"(1, 0, 58, 36)",3,10,10,10,10,10,1,9,0
9865,conv2d_16,"(1, 0, 42, 27)",1,10,10,10,10,10,0,10,0
9866,conv2d_16,"(0, 2, 7, 12)",26,10,10,10,10,10,0,10,0
9867,conv2d_16,"(2, 1, 34, 31)",19,10,10,10,10,10,0,10,0
9868,conv2d_16,"(1, 0, 1, 10)",2,10,10,10,10,10,1,9,0
9869,conv2d_16,"(0, 0, 20, 19)",20,10,10,10,10,10,0,10,0
9870,conv2d_16,"(1, 0, 44, 61)",13,10,10,10,10,10,0,10,0
9871,conv2d_16,"(2, 1, 23, 55)",24,10,10,10,10,10,0,10,0
9872,conv2d_16,"(1, 2, 57, 44)",22,10,10,10,10,10,0,10,0
9873,conv2d_16,"(1, 2, 17, 44)",26,10,10,10,10,10,0,10,0
9874,conv2d_16,"(2, 1, 49, 41)",1,10,10,10,10,10,2,8,0
9875,conv2d_16,"(1, 2, 49, 54)",30,10,1,6,1,6,0,1,9
9876,conv2d_16,"(1, 2, 51, 21)",30,10,0,7,0,7,0,0,10
9877,conv2d_16,"(0, 0, 28, 14)",3,10,10,10,10,10,10,0,0
9878,conv2d_16,"(1, 1, 43, 22)",25,10,10,10,10,10,0,10,0
9879,conv2d_16,"(0, 0, 43, 33)",18,10,10,10,10,10,0,10,0
9880,conv2d_16,"(0, 2, 44, 56)",16,10,10,10,10,10,0,10,0
9881,conv2d_16,"(1, 0, 36, 36)",18,10,10,10,10,10,0,10,0
9882,conv2d_16,"(1, 0, 39, 15)",21,10,10,10,10,10,0,10,0
9883,conv2d_16,"(0, 1, 27, 49)",2,10,10,10,10,10,3,7,0
9884,conv2d_16,"(2, 0, 42, 54)",4,10,10,10,10,10,0,10,0
9885,conv2d_16,"(2, 0, 50, 13)",12,10,10,10,10,10,0,10,0
9886,conv2d_16,"(2, 2, 46, 56)",22,10,10,10,10,10,0,10,0
9887,conv2d_16,"(0, 0, 35, 41)",6,10,10,10,10,10,1,9,0
9888,conv2d_16,"(2, 0, 31, 24)",18,10,10,10,10,10,0,10,0
9889,conv2d_16,"(1, 2, 58, 9)",5,10,10,10,10,10,0,10,0
9890,conv2d_16,"(0, 2, 0, 10)",24,10,10,10,10,10,10,0,0
9891,conv2d_16,"(1, 0, 58, 56)",24,10,10,10,10,10,0,10,0
9892,conv2d_16,"(2, 2, 33, 6)",0,10,10,10,10,10,10,0,0
9893,conv2d_16,"(1, 0, 19, 42)",16,10,10,10,10,10,0,10,0
9894,conv2d_16,"(2, 1, 53, 28)",30,10,1,5,1,5,0,1,9
9895,conv2d_16,"(2, 1, 26, 32)",30,10,4,7,4,7,0,4,6
9896,conv2d_16,"(2, 2, 27, 49)",26,10,10,10,10,10,1,9,0
9897,conv2d_16,"(2, 2, 50, 10)",5,10,10,10,10,10,2,8,0
9898,conv2d_16,"(1, 1, 58, 61)",20,10,10,10,10,10,0,10,0
9899,conv2d_16,"(0, 0, 37, 7)",26,10,10,10,10,10,0,10,0
9900,conv2d_16,"(2, 0, 20, 40)",28,10,10,10,10,10,1,9,0
9901,conv2d_16,"(1, 0, 3, 4)",4,10,10,10,10,10,0,10,0
9902,conv2d_16,"(0, 1, 53, 17)",20,10,10,10,10,10,0,10,0
9903,conv2d_16,"(0, 0, 38, 62)",19,10,10,10,10,10,0,10,0
9904,conv2d_16,"(2, 1, 47, 43)",27,10,10,10,10,10,1,9,0
9905,conv2d_16,"(2, 0, 47, 41)",10,10,10,10,10,10,1,9,0
9906,conv2d_16,"(0, 0, 11, 53)",31,10,10,10,10,10,2,8,0
9907,conv2d_16,"(0, 0, 57, 30)",15,10,10,10,10,10,0,10,0
9908,conv2d_16,"(0, 0, 39, 44)",15,10,10,10,10,10,0,10,0
9909,conv2d_16,"(2, 2, 41, 33)",11,10,10,10,10,10,1,9,0
9910,conv2d_16,"(1, 2, 22, 25)",3,10,10,10,10,10,6,4,0
9911,conv2d_16,"(1, 1, 36, 23)",31,10,10,10,10,10,0,10,0
9912,conv2d_16,"(1, 0, 13, 9)",29,10,10,10,10,10,0,10,0
9913,conv2d_16,"(1, 0, 26, 34)",18,10,10,10,10,10,1,9,0
9914,conv2d_16,"(0, 0, 52, 16)",31,10,10,10,10,10,0,10,0
9915,conv2d_16,"(0, 0, 19, 7)",29,10,10,10,10,10,0,10,0
9916,conv2d_16,"(0, 2, 4, 32)",4,10,10,10,10,10,1,9,0
9917,conv2d_16,"(0, 2, 48, 5)",31,10,10,10,10,10,1,9,0
9918,conv2d_16,"(1, 1, 29, 49)",13,10,10,10,10,10,0,10,0
9919,conv2d_16,"(2, 1, 35, 26)",0,10,10,10,10,10,10,0,0
9920,conv2d_16,"(0, 0, 48, 23)",23,10,10,10,10,10,0,10,0
9921,conv2d_16,"(0, 2, 35, 50)",25,10,10,10,10,10,0,10,0
9922,conv2d_16,"(0, 0, 63, 22)",21,10,10,10,10,10,0,10,0
9923,conv2d_16,"(1, 2, 12, 19)",5,10,10,10,10,10,0,10,0
9924,conv2d_16,"(1, 0, 29, 34)",30,10,5,8,5,8,0,5,5
9925,conv2d_16,"(2, 1, 25, 16)",23,10,10,10,10,10,0,10,0
9926,conv2d_16,"(2, 2, 33, 5)",19,10,10,10,10,10,1,9,0
9927,conv2d_16,"(1, 0, 21, 46)",9,10,10,10,10,10,0,10,0
9928,conv2d_16,"(1, 2, 42, 31)",30,10,0,4,0,4,0,0,10
9929,conv2d_16,"(1, 0, 21, 19)",20,10,10,10,10,10,0,10,0
9930,conv2d_16,"(0, 1, 30, 46)",4,10,10,10,10,10,3,7,0
9931,conv2d_16,"(2, 0, 28, 14)",0,10,10,10,10,10,10,0,0
9932,conv2d_16,"(2, 2, 46, 34)",8,10,10,10,10,10,0,10,0
9933,conv2d_16,"(2, 0, 46, 60)",12,10,10,10,10,10,0,10,0
9934,conv2d_16,"(2, 1, 6, 34)",2,10,10,10,10,10,1,9,0
9935,conv2d_16,"(2, 2, 53, 47)",14,10,10,10,10,10,0,10,0
9936,conv2d_16,"(1, 1, 42, 28)",25,10,10,10,10,10,0,10,0
9937,conv2d_16,"(2, 2, 47, 30)",4,10,10,10,10,10,3,7,0
9938,conv2d_16,"(0, 2, 33, 19)",28,10,10,10,10,10,0,10,0
9939,conv2d_16,"(2, 2, 49, 38)",2,10,10,10,10,10,0,10,0
9940,conv2d_16,"(2, 1, 44, 5)",31,10,10,10,10,10,1,9,0
9941,conv2d_16,"(2, 0, 25, 26)",29,10,10,10,10,10,0,10,0
9942,conv2d_16,"(2, 1, 51, 16)",0,10,10,10,10,10,10,0,0
9943,conv2d_16,"(1, 1, 1, 36)",29,10,10,10,10,10,0,10,0
9944,conv2d_16,"(0, 1, 3, 47)",20,10,10,10,10,10,0,10,0
9945,conv2d_16,"(1, 2, 42, 1)",25,10,10,10,10,10,0,10,0
9946,conv2d_16,"(2, 2, 41, 44)",2,10,10,10,10,10,2,8,0
9947,conv2d_16,"(2, 1, 41, 50)",31,10,10,10,10,10,1,9,0
9948,conv2d_16,"(0, 0, 20, 17)",18,10,10,10,10,10,1,9,0
9949,conv2d_16,"(1, 0, 5, 23)",1,10,10,10,10,10,10,0,0
9950,conv2d_16,"(0, 2, 51, 7)",4,10,10,10,10,10,0,10,0
9951,conv2d_16,"(1, 2, 4, 13)",30,10,1,6,1,6,0,1,9
9952,conv2d_16,"(1, 0, 31, 12)",21,10,10,10,10,10,0,10,0
9953,conv2d_16,"(1, 2, 11, 10)",9,10,10,10,10,10,1,9,0
9954,conv2d_16,"(2, 1, 19, 6)",6,10,10,10,10,10,0,10,0
9955,conv2d_16,"(0, 0, 18, 17)",26,10,10,10,10,10,0,10,0
9956,conv2d_16,"(0, 2, 34, 15)",8,10,10,10,10,10,0,10,0
9957,conv2d_16,"(1, 0, 42, 36)",9,10,10,10,10,10,0,10,0
9958,conv2d_16,"(0, 1, 19, 33)",15,10,10,10,10,10,0,10,0
9959,conv2d_16,"(0, 2, 19, 2)",8,10,10,10,10,10,0,10,0
9960,conv2d_16,"(0, 0, 1, 7)",12,10,10,10,10,10,0,10,0
9961,conv2d_16,"(2, 2, 57, 16)",10,10,10,10,10,10,0,10,0
9962,conv2d_16,"(2, 0, 33, 20)",21,10,10,10,10,10,0,10,0
9963,conv2d_16,"(2, 0, 62, 7)",14,10,10,10,10,10,0,10,0
9964,conv2d_16,"(0, 2, 29, 42)",20,10,10,10,10,10,1,9,0
9965,conv2d_16,"(2, 1, 14, 48)",26,10,10,10,10,10,1,9,0
9966,conv2d_16,"(2, 2, 35, 23)",17,10,10,10,10,10,0,10,0
9967,conv2d_16,"(1, 1, 62, 52)",3,10,10,10,10,10,7,3,0
9968,conv2d_16,"(2, 1, 58, 58)",13,10,10,10,10,10,1,9,0
9969,conv2d_16,"(1, 0, 8, 48)",12,10,10,10,10,10,0,10,0
9970,conv2d_16,"(0, 2, 59, 0)",3,10,10,10,10,10,10,0,0
9971,conv2d_16,"(0, 1, 31, 50)",3,10,10,10,10,10,0,10,0
9972,conv2d_16,"(0, 0, 62, 16)",21,10,10,10,10,10,1,9,0
9973,conv2d_16,"(2, 0, 60, 54)",26,10,10,10,10,10,0,10,0
9974,conv2d_16,"(2, 0, 62, 8)",27,10,10,10,10,10,1,9,0
9975,conv2d_16,"(1, 1, 18, 23)",30,10,2,5,2,5,0,2,8
9976,conv2d_16,"(0, 2, 58, 57)",11,10,10,10,10,10,0,10,0
9977,conv2d_16,"(2, 0, 24, 38)",4,10,10,10,10,10,0,10,0
9978,conv2d_16,"(0, 2, 55, 35)",10,10,10,10,10,10,0,10,0
9979,conv2d_16,"(0, 2, 23, 21)",14,10,10,10,10,10,1,9,0
9980,conv2d_16,"(0, 2, 10, 25)",20,10,10,10,10,10,0,10,0
9981,conv2d_16,"(0, 1, 20, 22)",1,10,10,10,10,10,3,7,0
9982,conv2d_16,"(1, 2, 18, 49)",1,10,10,10,10,10,6,4,0
9983,conv2d_16,"(2, 2, 5, 37)",6,10,10,10,10,10,0,10,0
9984,conv2d_16,"(0, 0, 38, 35)",19,10,10,10,10,10,0,10,0
9985,conv2d_16,"(0, 2, 20, 43)",9,10,10,10,10,10,0,10,0
9986,conv2d_16,"(1, 1, 47, 32)",1,10,10,10,10,10,10,0,0
9987,conv2d_16,"(2, 2, 29, 28)",22,10,10,10,10,10,0,10,0
9988,conv2d_16,"(1, 0, 35, 4)",12,10,10,10,10,10,0,10,0
9989,conv2d_16,"(1, 0, 58, 25)",22,10,10,10,10,10,0,10,0
9990,conv2d_16,"(2, 2, 43, 25)",14,10,10,10,10,10,3,7,0
9991,conv2d_16,"(2, 2, 57, 26)",23,10,10,10,10,10,0,10,0
9992,conv2d_16,"(1, 0, 2, 10)",2,10,10,10,10,10,1,9,0
9993,conv2d_16,"(2, 1, 43, 34)",23,10,10,10,10,10,2,8,0
9994,conv2d_16,"(2, 2, 7, 44)",11,10,10,10,10,10,0,10,0
9995,conv2d_16,"(0, 0, 61, 44)",11,10,10,10,10,10,0,10,0
9996,conv2d_16,"(0, 1, 1, 24)",0,10,10,10,10,10,2,8,0
9997,conv2d_16,"(2, 1, 8, 53)",19,10,10,10,10,10,1,9,0
9998,conv2d_16,"(2, 1, 50, 38)",18,10,10,10,10,10,1,9,0
9999,conv2d_16,"(0, 2, 44, 59)",6,10,10,10,10,10,0,10,0
10000,conv2d_16,"(2, 1, 31, 34)",24,10,10,10,10,10,0,10,0
10001,conv2d_16,"(2, 2, 5, 46)",24,10,10,10,10,10,0,10,0
10002,conv2d_16,"(1, 2, 17, 17)",0,10,10,10,10,10,10,0,0
10003,conv2d_16,"(0, 2, 42, 22)",23,10,10,10,10,10,0,10,0
10004,conv2d_16,"(0, 2, 13, 33)",3,10,10,10,10,10,0,10,0
10005,conv2d_16,"(2, 1, 45, 47)",11,10,10,10,10,10,0,10,0
10006,conv2d_16,"(0, 1, 9, 38)",26,10,10,10,10,10,0,10,0
10007,conv2d_16,"(2, 2, 53, 57)",1,10,10,10,10,10,9,1,0
10008,conv2d_16,"(2, 1, 6, 33)",25,10,10,10,10,10,0,10,0
10009,conv2d_16,"(0, 0, 61, 38)",12,10,10,10,10,10,0,10,0
10010,conv2d_16,"(0, 1, 34, 54)",20,10,10,10,10,10,2,8,0
10011,conv2d_16,"(0, 1, 19, 25)",20,10,10,10,10,10,1,9,0
10012,conv2d_16,"(0, 1, 28, 34)",4,10,10,10,10,10,10,0,0
10013,conv2d_16,"(1, 0, 28, 37)",13,10,10,10,10,10,10,0,0
10014,conv2d_16,"(1, 0, 9, 61)",17,10,10,10,10,10,0,10,0
10015,conv2d_16,"(0, 2, 15, 24)",4,10,10,10,10,10,2,8,0
10016,conv2d_16,"(2, 0, 52, 42)",1,10,10,10,10,10,2,8,0
10017,conv2d_16,"(2, 0, 30, 46)",11,10,10,10,10,10,0,10,0
10018,conv2d_16,"(0, 2, 46, 20)",25,10,10,10,10,10,0,10,0
10019,conv2d_16,"(1, 1, 56, 35)",29,10,10,10,10,10,0,10,0
10020,conv2d_16,"(1, 2, 55, 7)",24,10,10,10,10,10,0,10,0
10021,conv2d_16,"(0, 2, 36, 37)",26,10,10,10,10,10,0,10,0
10022,conv2d_16,"(1, 2, 4, 29)",1,10,10,10,10,10,2,8,0
10023,conv2d_16,"(2, 0, 10, 58)",4,10,10,10,10,10,0,10,0
10024,conv2d_16,"(0, 1, 13, 4)",18,10,10,10,10,10,0,10,0
10025,conv2d_16,"(1, 2, 47, 1)",19,10,10,10,10,10,2,8,0
10026,conv2d_16,"(0, 2, 13, 16)",30,10,5,7,5,7,0,5,5
10027,conv2d_16,"(0, 1, 2, 39)",16,10,10,10,10,10,0,10,0
10028,conv2d_16,"(2, 2, 6, 8)",3,10,10,10,10,10,1,9,0
10029,conv2d_16,"(2, 0, 21, 56)",4,10,10,10,10,10,0,10,0
10030,conv2d_16,"(0, 1, 22, 37)",13,10,10,10,10,10,0,10,0
10031,conv2d_16,"(1, 0, 53, 2)",16,10,10,10,10,10,0,10,0
10032,conv2d_16,"(0, 0, 16, 10)",29,10,10,10,10,10,2,8,0
10033,conv2d_16,"(2, 0, 35, 5)",4,10,10,10,10,10,1,9,0
10034,conv2d_16,"(1, 0, 44, 3)",13,10,10,10,10,10,0,10,0
10035,conv2d_16,"(2, 2, 46, 11)",29,10,10,10,10,10,0,10,0
10036,conv2d_16,"(1, 1, 4, 40)",0,10,10,10,10,10,6,4,0
10037,conv2d_16,"(1, 2, 56, 55)",7,10,10,10,10,10,0,10,0
10038,conv2d_16,"(1, 2, 14, 34)",14,10,10,10,10,10,0,10,0
10039,conv2d_16,"(1, 1, 9, 44)",1,10,10,10,10,10,8,2,0
10040,conv2d_16,"(1, 2, 15, 44)",8,10,10,10,10,10,0,10,0
10041,conv2d_16,"(0, 2, 60, 58)",9,10,10,10,10,10,0,10,0
10042,conv2d_16,"(0, 2, 43, 8)",24,10,10,10,10,10,1,9,0
10043,conv2d_16,"(1, 0, 13, 14)",7,10,10,10,10,10,0,10,0
10044,conv2d_16,"(0, 2, 55, 10)",30,10,0,4,0,4,0,0,10
10045,conv2d_16,"(0, 1, 32, 12)",12,10,10,10,10,10,0,10,0
10046,conv2d_16,"(0, 1, 14, 33)",6,10,10,10,10,10,1,9,0
10047,conv2d_16,"(0, 2, 41, 53)",16,10,10,10,10,10,0,10,0
10048,conv2d_16,"(1, 1, 23, 63)",13,10,10,10,10,10,1,9,0
10049,conv2d_16,"(1, 0, 4, 15)",31,10,10,10,10,10,0,10,0
10050,conv2d_16,"(0, 0, 23, 9)",28,10,10,10,10,10,0,10,0
10051,conv2d_16,"(2, 0, 41, 18)",19,10,10,10,10,10,1,9,0
10052,conv2d_16,"(1, 0, 22, 41)",27,10,10,10,10,10,0,10,0
10053,conv2d_16,"(2, 2, 54, 4)",8,10,10,10,10,10,0,10,0
10054,conv2d_16,"(0, 1, 29, 40)",2,10,10,10,10,10,10,0,0
10055,conv2d_16,"(2, 2, 1, 12)",15,10,10,10,10,10,0,10,0
10056,conv2d_16,"(2, 1, 12, 9)",3,10,10,10,10,10,2,8,0
10057,conv2d_16,"(0, 2, 14, 3)",28,10,10,10,10,10,0,10,0
10058,conv2d_16,"(2, 2, 17, 14)",11,10,10,10,10,10,3,7,0
10059,conv2d_16,"(2, 0, 39, 57)",21,10,10,10,10,10,1,9,0
10060,conv2d_16,"(1, 1, 19, 32)",12,10,10,10,10,10,0,10,0
10061,conv2d_16,"(0, 0, 42, 38)",25,10,10,10,10,10,0,10,0
10062,conv2d_16,"(2, 0, 33, 54)",30,10,0,4,0,4,0,0,10
10063,conv2d_16,"(2, 2, 55, 31)",25,10,10,10,10,10,0,10,0
10064,conv2d_16,"(2, 0, 35, 55)",5,10,10,10,10,10,0,10,0
10065,conv2d_16,"(0, 0, 42, 4)",8,10,10,10,10,10,0,10,0
10066,conv2d_16,"(1, 0, 18, 59)",1,10,10,10,10,10,3,7,0
10067,conv2d_16,"(1, 1, 63, 54)",14,10,10,10,10,10,0,10,0
10068,conv2d_16,"(1, 2, 58, 49)",4,10,10,10,10,10,3,7,0
10069,conv2d_16,"(0, 2, 63, 1)",8,10,10,10,10,10,0,10,0
10070,conv2d_16,"(2, 2, 6, 32)",14,10,10,10,10,10,0,10,0
10071,conv2d_16,"(2, 2, 10, 45)",14,10,10,10,10,10,0,10,0
10072,conv2d_16,"(1, 1, 12, 24)",11,10,10,10,10,10,0,10,0
10073,conv2d_16,"(2, 0, 23, 7)",27,10,10,10,10,10,0,10,0
10074,conv2d_16,"(2, 1, 10, 49)",10,10,10,10,10,10,1,9,0
10075,conv2d_16,"(1, 0, 10, 2)",20,10,10,10,10,10,0,10,0
10076,conv2d_16,"(1, 2, 17, 14)",25,10,10,10,10,10,1,9,0
10077,conv2d_16,"(2, 1, 53, 7)",7,10,10,10,10,10,0,10,0
10078,conv2d_16,"(2, 1, 2, 11)",0,10,10,10,10,10,2,8,0
10079,conv2d_16,"(2, 2, 3, 30)",11,10,10,10,10,10,0,10,0
10080,conv2d_16,"(1, 0, 50, 61)",26,10,10,10,10,10,1,9,0
10081,conv2d_16,"(0, 0, 53, 2)",13,10,10,10,10,10,0,10,0
10082,conv2d_16,"(1, 1, 5, 44)",25,10,10,10,10,10,0,10,0
10083,conv2d_16,"(0, 2, 54, 63)",21,10,10,10,10,10,1,9,0
10084,conv2d_16,"(2, 2, 2, 45)",1,10,10,10,10,10,10,0,0
10085,conv2d_16,"(0, 2, 43, 4)",3,10,10,10,10,10,3,7,0
10086,conv2d_16,"(1, 2, 5, 27)",11,10,10,10,10,10,1,9,0
10087,conv2d_16,"(2, 2, 6, 46)",2,10,10,10,10,10,1,9,0
10088,conv2d_16,"(1, 1, 47, 44)",19,10,10,10,10,10,2,8,0
10089,conv2d_16,"(0, 0, 36, 9)",16,10,10,10,10,10,0,10,0
10090,conv2d_16,"(0, 1, 53, 27)",3,10,10,10,10,10,2,8,0
10091,conv2d_16,"(2, 0, 1, 47)",2,10,10,10,10,10,9,1,0
10092,conv2d_16,"(0, 2, 51, 56)",7,10,10,10,10,10,0,10,0
10093,conv2d_16,"(2, 2, 39, 14)",13,10,10,10,10,10,0,10,0
10094,conv2d_16,"(2, 1, 63, 52)",0,10,10,10,10,10,10,0,0
10095,conv2d_16,"(0, 1, 17, 30)",28,10,10,10,10,10,0,10,0
10096,conv2d_16,"(0, 1, 11, 35)",27,10,10,10,10,10,1,9,0
10097,conv2d_16,"(1, 0, 42, 56)",2,10,10,10,10,10,1,9,0
10098,conv2d_16,"(1, 1, 24, 35)",12,10,10,10,10,10,0,10,0
10099,conv2d_16,"(1, 1, 42, 13)",8,10,10,10,10,10,0,10,0
10100,conv2d_16,"(0, 2, 41, 22)",15,10,10,10,10,10,1,9,0
10101,conv2d_16,"(0, 2, 4, 50)",3,10,10,10,10,10,0,10,0
10102,conv2d_16,"(1, 1, 54, 27)",27,10,10,10,10,10,0,10,0
10103,conv2d_16,"(1, 1, 46, 56)",23,10,10,10,10,10,1,9,0
10104,conv2d_16,"(0, 1, 41, 26)",15,10,10,10,10,10,0,10,0
10105,conv2d_16,"(1, 0, 63, 33)",8,10,10,10,10,10,0,10,0
10106,conv2d_16,"(2, 0, 0, 63)",10,10,10,10,10,10,10,0,0
10107,conv2d_16,"(2, 0, 58, 7)",1,10,10,10,10,10,4,6,0
10108,conv2d_16,"(2, 0, 63, 26)",0,10,10,10,10,10,5,5,0
10109,conv2d_16,"(0, 2, 0, 14)",9,10,10,10,10,10,10,0,0
10110,conv2d_16,"(0, 1, 19, 0)",6,10,10,10,10,10,0,10,0
10111,conv2d_16,"(2, 2, 1, 51)",1,10,10,10,10,10,5,5,0
10112,conv2d_16,"(1, 2, 44, 59)",22,10,10,10,10,10,0,10,0
10113,conv2d_16,"(1, 0, 51, 14)",1,10,10,10,10,10,1,9,0
10114,conv2d_16,"(1, 1, 50, 63)",17,10,10,10,10,10,5,5,0
10115,conv2d_16,"(0, 2, 35, 6)",18,10,10,10,10,10,0,10,0
10116,conv2d_16,"(1, 2, 9, 51)",9,10,10,10,10,10,0,10,0
10117,conv2d_16,"(1, 2, 21, 16)",28,10,10,10,10,10,0,10,0
10118,conv2d_16,"(0, 0, 55, 16)",21,10,10,10,10,10,0,10,0
10119,conv2d_16,"(0, 2, 4, 34)",24,10,10,10,10,10,0,10,0
10120,conv2d_16,"(2, 2, 23, 2)",19,10,10,10,10,10,1,9,0
10121,conv2d_16,"(2, 1, 45, 52)",9,10,10,10,10,10,1,9,0
10122,conv2d_16,"(1, 2, 40, 11)",25,10,10,10,10,10,0,10,0
10123,conv2d_16,"(0, 2, 27, 32)",28,10,10,10,10,10,0,10,0
10124,conv2d_16,"(0, 2, 45, 35)",4,10,10,10,10,10,2,8,0
10125,conv2d_16,"(0, 2, 22, 5)",18,10,10,10,10,10,0,10,0
10126,conv2d_16,"(0, 2, 52, 56)",19,10,10,10,10,10,1,9,0
10127,conv2d_16,"(0, 2, 32, 38)",14,10,10,10,10,10,0,10,0
10128,conv2d_16,"(1, 2, 29, 56)",2,10,10,10,10,10,2,8,0
10129,conv2d_16,"(1, 1, 42, 7)",14,10,10,10,10,10,0,10,0
10130,conv2d_16,"(1, 1, 39, 59)",13,10,10,10,10,10,0,10,0
10131,conv2d_16,"(2, 1, 27, 13)",11,10,10,10,10,10,0,10,0
10132,conv2d_16,"(0, 1, 1, 2)",10,10,10,10,10,10,0,10,0
10133,conv2d_16,"(0, 0, 43, 62)",18,10,10,10,10,10,1,9,0
10134,conv2d_16,"(1, 0, 10, 51)",10,10,10,10,10,10,0,10,0
10135,conv2d_16,"(1, 1, 54, 14)",0,10,10,10,10,10,8,2,0
10136,conv2d_16,"(0, 0, 5, 52)",24,10,10,10,10,10,0,10,0
10137,conv2d_16,"(2, 2, 40, 54)",28,10,10,10,10,10,0,10,0
10138,conv2d_16,"(0, 2, 39, 20)",23,10,10,10,10,10,0,10,0
10139,conv2d_16,"(2, 0, 46, 53)",13,10,10,10,10,10,0,10,0
10140,conv2d_16,"(2, 2, 32, 42)",2,10,10,10,10,10,2,8,0
10141,conv2d_16,"(2, 1, 37, 38)",1,10,10,10,10,10,5,5,0
10142,conv2d_16,"(0, 2, 51, 29)",12,10,10,10,10,10,0,10,0
10143,conv2d_16,"(1, 2, 48, 32)",1,10,10,10,10,10,6,4,0
10144,conv2d_16,"(1, 2, 32, 15)",25,10,10,10,10,10,0,10,0
10145,conv2d_16,"(2, 2, 17, 5)",25,10,10,10,10,10,2,8,0
10146,conv2d_16,"(0, 2, 28, 42)",14,10,10,10,10,10,10,0,0
10147,conv2d_16,"(2, 0, 44, 9)",1,10,10,10,10,10,6,4,0
10148,conv2d_16,"(1, 2, 2, 61)",6,10,10,10,10,10,0,10,0
10149,conv2d_16,"(2, 2, 37, 5)",31,10,10,10,10,10,0,10,0
10150,conv2d_16,"(0, 1, 2, 54)",3,10,10,10,10,10,2,8,0
10151,conv2d_16,"(1, 1, 30, 28)",4,10,10,10,10,10,1,9,0
10152,conv2d_16,"(2, 2, 19, 22)",16,10,10,10,10,10,0,10,0
10153,conv2d_16,"(0, 2, 34, 44)",13,10,10,10,10,10,0,10,0
10154,conv2d_16,"(2, 2, 63, 25)",6,10,10,10,10,10,0,10,0
10155,conv2d_16,"(2, 1, 62, 38)",9,10,10,10,10,10,1,9,0
10156,conv2d_16,"(1, 1, 3, 44)",14,10,10,10,10,10,0,10,0
10157,conv2d_16,"(0, 2, 5, 17)",22,10,10,10,10,10,0,10,0
10158,conv2d_16,"(1, 2, 7, 7)",27,10,10,10,10,10,0,10,0
10159,conv2d_16,"(1, 1, 57, 57)",0,10,10,10,10,10,10,0,0
10160,conv2d_16,"(0, 2, 41, 4)",20,10,10,10,10,10,1,9,0
10161,conv2d_16,"(2, 0, 49, 61)",14,10,10,10,10,10,0,10,0
10162,conv2d_16,"(0, 0, 57, 50)",24,10,10,10,10,10,0,10,0
10163,conv2d_16,"(0, 1, 34, 8)",30,10,4,6,4,6,0,4,6
10164,conv2d_16,"(1, 0, 10, 35)",27,10,10,10,10,10,0,10,0
10165,conv2d_16,"(2, 1, 19, 28)",27,10,10,10,10,10,0,10,0
10166,conv2d_16,"(2, 1, 8, 53)",10,10,10,10,10,10,2,8,0
10167,conv2d_16,"(1, 1, 30, 33)",21,10,10,10,10,10,1,9,0
10168,conv2d_16,"(2, 0, 56, 9)",28,10,10,10,10,10,0,10,0
10169,conv2d_16,"(1, 0, 63, 46)",3,10,10,10,10,10,1,9,0
10170,conv2d_16,"(1, 1, 8, 49)",1,10,10,10,10,10,5,5,0
10171,conv2d_16,"(2, 1, 63, 10)",5,10,10,10,10,10,1,9,0
10172,conv2d_16,"(0, 2, 39, 48)",3,10,10,10,10,10,7,3,0
10173,conv2d_16,"(1, 1, 19, 7)",12,10,10,10,10,10,0,10,0
10174,conv2d_16,"(0, 1, 54, 42)",15,10,10,10,10,10,0,10,0
10175,conv2d_16,"(1, 1, 61, 60)",21,10,10,10,10,10,0,10,0
10176,conv2d_16,"(0, 0, 0, 33)",19,10,10,10,10,10,10,0,0
10177,conv2d_16,"(1, 1, 15, 60)",7,10,10,10,10,10,1,9,0
10178,conv2d_16,"(1, 2, 57, 24)",0,10,10,10,10,10,10,0,0
10179,conv2d_16,"(1, 1, 20, 16)",27,10,10,10,10,10,0,10,0
10180,conv2d_16,"(2, 0, 23, 43)",24,10,10,10,10,10,0,10,0
10181,conv2d_16,"(1, 0, 46, 61)",29,10,10,10,10,10,0,10,0
10182,conv2d_16,"(1, 2, 32, 47)",16,10,10,10,10,10,0,10,0
10183,conv2d_16,"(1, 2, 29, 1)",15,10,10,10,10,10,0,10,0
10184,conv2d_16,"(2, 1, 46, 57)",21,10,10,10,10,10,0,10,0
10185,conv2d_16,"(2, 1, 51, 30)",10,10,10,10,10,10,0,10,0
10186,conv2d_16,"(2, 1, 6, 23)",28,10,10,10,10,10,0,10,0
10187,conv2d_16,"(1, 1, 42, 4)",31,10,10,10,10,10,0,10,0
10188,conv2d_16,"(2, 2, 45, 50)",12,10,10,10,10,10,1,9,0
10189,conv2d_16,"(2, 2, 8, 1)",29,10,10,10,10,10,0,10,0
10190,conv2d_16,"(1, 0, 21, 49)",17,10,10,10,10,10,0,10,0
10191,conv2d_16,"(2, 0, 42, 30)",28,10,10,10,10,10,0,10,0
10192,conv2d_16,"(2, 2, 45, 8)",14,10,10,10,10,10,0,10,0
10193,conv2d_16,"(0, 0, 34, 34)",8,10,10,10,10,10,0,10,0
10194,conv2d_16,"(2, 1, 30, 59)",19,10,10,10,10,10,0,10,0
10195,conv2d_16,"(1, 0, 22, 34)",9,10,10,10,10,10,0,10,0
10196,conv2d_16,"(1, 2, 0, 33)",27,10,10,10,10,10,10,0,0
10197,conv2d_16,"(2, 2, 5, 49)",28,10,10,10,10,10,0,10,0
10198,conv2d_16,"(1, 2, 25, 51)",11,10,10,10,10,10,0,10,0
10199,conv2d_16,"(1, 1, 21, 62)",29,10,10,10,10,10,0,10,0
10200,conv2d_16,"(1, 1, 14, 13)",29,10,10,10,10,10,2,8,0
10201,conv2d_16,"(2, 0, 61, 24)",21,10,10,10,10,10,0,10,0
10202,conv2d_16,"(1, 0, 15, 52)",4,10,10,10,10,10,2,8,0
10203,conv2d_16,"(1, 1, 27, 62)",5,10,10,10,10,10,0,10,0
10204,conv2d_16,"(0, 0, 63, 30)",18,10,10,10,10,10,0,10,0
10205,conv2d_16,"(0, 2, 27, 2)",7,10,10,10,10,10,0,10,0
10206,conv2d_16,"(1, 2, 54, 50)",7,10,10,10,10,10,0,10,0
10207,conv2d_16,"(1, 2, 21, 54)",25,10,10,10,10,10,0,10,0
10208,conv2d_16,"(1, 0, 61, 55)",4,10,10,10,10,10,6,4,0
10209,conv2d_16,"(1, 1, 23, 17)",11,10,10,10,10,10,0,10,0
10210,conv2d_16,"(1, 1, 32, 16)",27,10,10,10,10,10,0,10,0
10211,conv2d_16,"(2, 1, 5, 56)",6,10,10,10,10,10,0,10,0
10212,conv2d_16,"(0, 2, 56, 50)",17,10,10,10,10,10,0,10,0
10213,conv2d_16,"(2, 0, 58, 45)",21,10,10,10,10,10,0,10,0
10214,conv2d_16,"(2, 0, 47, 58)",12,10,10,10,10,10,0,10,0
10215,conv2d_16,"(2, 2, 19, 40)",3,10,10,10,10,10,0,10,0
10216,conv2d_16,"(1, 0, 24, 3)",14,10,10,10,10,10,0,10,0
10217,conv2d_16,"(1, 1, 30, 56)",17,10,10,10,10,10,1,9,0
10218,conv2d_16,"(1, 0, 36, 16)",4,10,10,10,10,10,6,4,0
10219,conv2d_16,"(2, 0, 40, 44)",11,10,10,10,10,10,1,9,0
10220,conv2d_16,"(2, 1, 14, 8)",5,10,10,10,10,10,2,8,0
10221,conv2d_16,"(2, 0, 11, 56)",28,10,10,10,10,10,0,10,0
10222,conv2d_16,"(1, 1, 55, 3)",27,10,10,10,10,10,0,10,0
10223,conv2d_16,"(0, 0, 14, 25)",25,10,10,10,10,10,0,10,0
10224,conv2d_16,"(0, 2, 40, 38)",12,10,10,10,10,10,0,10,0
10225,conv2d_16,"(1, 0, 51, 24)",22,10,10,10,10,10,0,10,0
10226,conv2d_16,"(0, 1, 1, 41)",15,10,10,10,10,10,0,10,0
10227,conv2d_16,"(2, 0, 22, 31)",2,10,10,10,10,10,0,10,0
10228,conv2d_16,"(1, 1, 20, 12)",25,10,10,10,10,10,0,10,0
10229,conv2d_16,"(2, 0, 41, 57)",18,10,10,10,10,10,1,9,0
10230,conv2d_16,"(1, 0, 57, 45)",14,10,10,10,10,10,0,10,0
10231,conv2d_16,"(0, 1, 61, 12)",27,10,10,10,10,10,0,10,0
10232,conv2d_16,"(2, 0, 47, 16)",11,10,10,10,10,10,0,10,0
10233,conv2d_16,"(1, 0, 8, 5)",21,10,10,10,10,10,0,10,0
10234,conv2d_16,"(1, 0, 47, 39)",25,10,10,10,10,10,1,9,0
10235,conv2d_16,"(1, 2, 29, 60)",27,10,10,10,10,10,0,10,0
10236,conv2d_16,"(2, 1, 53, 30)",19,10,10,10,10,10,0,10,0
10237,conv2d_16,"(0, 2, 14, 39)",25,10,10,10,10,10,0,10,0
10238,conv2d_16,"(1, 1, 16, 24)",12,10,10,10,10,10,1,9,0
10239,conv2d_16,"(1, 2, 3, 17)",1,10,10,10,10,10,3,7,0
10240,conv2d_16,"(2, 1, 17, 35)",9,10,10,10,10,10,1,9,0
10241,conv2d_16,"(0, 2, 9, 17)",11,10,10,10,10,10,0,10,0
10242,conv2d_16,"(1, 0, 57, 34)",21,10,10,10,10,10,0,10,0
10243,conv2d_16,"(2, 2, 55, 6)",30,10,1,5,1,5,0,1,9
10244,conv2d_16,"(2, 2, 7, 21)",13,10,10,10,10,10,0,10,0
10245,conv2d_16,"(0, 0, 17, 61)",8,10,10,10,10,10,1,9,0
10246,conv2d_16,"(2, 0, 27, 2)",12,10,10,10,10,10,0,10,0
10247,conv2d_16,"(1, 0, 13, 5)",23,10,10,10,10,10,0,10,0
10248,conv2d_16,"(1, 1, 38, 44)",5,10,10,10,10,10,3,7,0
10249,conv2d_16,"(2, 2, 7, 55)",24,10,10,10,10,10,0,10,0
10250,conv2d_16,"(0, 1, 30, 4)",1,10,10,10,10,10,6,4,0
10251,conv2d_16,"(2, 2, 41, 0)",17,10,10,10,10,10,1,9,0
10252,conv2d_16,"(0, 2, 2, 53)",12,10,10,10,10,10,0,10,0
10253,conv2d_16,"(0, 0, 35, 15)",26,10,10,10,10,10,0,10,0
10254,conv2d_16,"(1, 1, 45, 0)",12,10,10,10,10,10,0,10,0
10255,conv2d_16,"(2, 0, 13, 23)",7,10,10,10,10,10,0,10,0
10256,conv2d_16,"(2, 1, 34, 44)",8,10,10,10,10,10,0,10,0
10257,conv2d_16,"(2, 2, 60, 10)",6,10,10,10,10,10,0,10,0
10258,conv2d_16,"(2, 0, 6, 48)",15,10,10,10,10,10,0,10,0
10259,conv2d_16,"(0, 1, 37, 48)",26,10,10,10,10,10,0,10,0
10260,conv2d_16,"(0, 1, 16, 40)",19,10,10,10,10,10,0,10,0
10261,conv2d_16,"(0, 2, 50, 26)",1,10,10,10,10,10,4,6,0
10262,conv2d_16,"(2, 0, 53, 9)",6,10,10,10,10,10,0,10,0
10263,conv2d_16,"(2, 0, 43, 10)",26,10,10,10,10,10,1,9,0
10264,conv2d_16,"(1, 0, 49, 2)",19,10,10,10,10,10,0,10,0
10265,conv2d_16,"(2, 1, 25, 46)",31,10,10,10,10,10,0,10,0
10266,conv2d_16,"(0, 0, 16, 26)",26,10,10,10,10,10,0,10,0
10267,conv2d_16,"(1, 0, 14, 4)",21,10,10,10,10,10,1,9,0
10268,conv2d_16,"(1, 0, 3, 25)",11,10,10,10,10,10,0,10,0
10269,conv2d_16,"(2, 0, 55, 44)",19,10,10,10,10,10,0,10,0
10270,conv2d_16,"(2, 1, 38, 2)",2,10,10,10,10,10,2,8,0
10271,conv2d_16,"(1, 2, 52, 33)",21,10,10,10,10,10,0,10,0
10272,conv2d_16,"(0, 2, 45, 41)",25,10,10,10,10,10,1,9,0
10273,conv2d_16,"(2, 1, 20, 26)",2,10,10,10,10,10,2,8,0
10274,conv2d_16,"(2, 1, 57, 42)",6,10,10,10,10,10,1,9,0
10275,conv2d_16,"(1, 0, 26, 10)",6,10,10,10,10,10,3,7,0
10276,conv2d_16,"(2, 2, 30, 0)",4,10,10,10,10,10,3,7,0
10277,conv2d_16,"(1, 1, 51, 50)",1,10,10,10,10,10,3,7,0
10278,conv2d_16,"(0, 2, 19, 46)",21,10,10,10,10,10,1,9,0
10279,conv2d_16,"(1, 2, 5, 48)",12,10,10,10,10,10,0,10,0
10280,conv2d_16,"(2, 0, 18, 33)",2,10,10,10,10,10,1,9,0
10281,conv2d_16,"(2, 2, 41, 18)",20,10,10,10,10,10,1,9,0
10282,conv2d_16,"(2, 2, 25, 61)",2,10,10,10,10,10,10,0,0
10283,conv2d_16,"(0, 0, 61, 24)",28,10,10,10,10,10,0,10,0
10284,conv2d_16,"(0, 0, 26, 60)",3,10,10,10,10,10,8,2,0
10285,conv2d_16,"(2, 2, 52, 47)",19,10,10,10,10,10,0,10,0
10286,conv2d_16,"(2, 0, 26, 45)",29,10,10,10,10,10,0,10,0
10287,conv2d_16,"(2, 0, 58, 32)",12,10,10,10,10,10,0,10,0
10288,conv2d_16,"(2, 2, 2, 32)",22,10,10,10,10,10,0,10,0
10289,conv2d_16,"(0, 1, 35, 15)",3,10,10,10,10,10,5,5,0
10290,conv2d_16,"(0, 2, 12, 9)",24,10,10,10,10,10,0,10,0
10291,conv2d_16,"(0, 0, 63, 9)",2,10,10,10,10,10,6,4,0
10292,conv2d_16,"(1, 2, 45, 35)",6,10,10,10,10,10,1,9,0
10293,conv2d_16,"(2, 1, 24, 17)",6,10,10,10,10,10,3,7,0
10294,conv2d_16,"(2, 1, 36, 1)",10,10,10,10,10,10,0,10,0
10295,conv2d_16,"(0, 2, 41, 40)",24,10,10,10,10,10,0,10,0
10296,conv2d_16,"(1, 1, 41, 18)",5,10,10,10,10,10,2,8,0
10297,conv2d_16,"(0, 0, 34, 34)",28,10,10,10,10,10,0,10,0
10298,conv2d_16,"(0, 2, 8, 7)",12,10,10,10,10,10,0,10,0
10299,conv2d_16,"(1, 0, 15, 16)",16,10,10,10,10,10,1,9,0
10300,conv2d_16,"(1, 0, 63, 13)",7,10,10,10,10,10,0,10,0
10301,conv2d_16,"(2, 0, 39, 12)",10,10,10,10,10,10,0,10,0
10302,conv2d_16,"(2, 1, 4, 32)",21,10,10,10,10,10,0,10,0
10303,conv2d_16,"(0, 0, 52, 17)",7,10,10,10,10,10,0,10,0
10304,conv2d_16,"(2, 2, 52, 49)",19,10,10,10,10,10,0,10,0
10305,conv2d_16,"(0, 0, 7, 11)",4,10,10,10,10,10,1,9,0
10306,conv2d_16,"(0, 2, 26, 21)",1,10,10,10,10,10,9,1,0
10307,conv2d_16,"(1, 2, 53, 15)",24,10,10,10,10,10,0,10,0
10308,conv2d_16,"(2, 1, 47, 43)",29,10,10,10,10,10,1,9,0
10309,conv2d_16,"(0, 2, 23, 31)",12,10,10,10,10,10,0,10,0
10310,conv2d_16,"(0, 1, 39, 49)",15,10,10,10,10,10,0,10,0
10311,conv2d_16,"(1, 0, 36, 39)",11,10,10,10,10,10,0,10,0
10312,conv2d_16,"(1, 2, 62, 2)",3,10,10,10,10,10,6,4,0
10313,conv2d_16,"(2, 2, 25, 40)",0,10,10,10,10,10,9,1,0
10314,conv2d_16,"(0, 2, 47, 43)",17,10,10,10,10,10,1,9,0
10315,conv2d_16,"(1, 2, 8, 20)",14,10,10,10,10,10,0,10,0
10316,conv2d_16,"(1, 1, 19, 50)",31,10,10,10,10,10,0,10,0
10317,conv2d_16,"(0, 2, 10, 22)",31,10,10,10,10,10,0,10,0
10318,conv2d_16,"(1, 0, 59, 23)",3,10,10,10,10,10,10,0,0
10319,conv2d_16,"(1, 2, 10, 47)",29,10,10,10,10,10,0,10,0
10320,conv2d_16,"(1, 1, 47, 10)",5,10,10,10,10,10,3,7,0
10321,conv2d_16,"(2, 1, 45, 39)",10,10,10,10,10,10,0,10,0
10322,conv2d_16,"(0, 2, 32, 54)",20,10,10,10,10,10,0,10,0
10323,conv2d_16,"(0, 1, 17, 17)",12,10,10,10,10,10,1,9,0
10324,conv2d_16,"(0, 1, 39, 16)",30,10,3,6,3,6,0,3,7
10325,conv2d_16,"(2, 0, 7, 21)",1,10,10,10,10,10,2,8,0
10326,conv2d_16,"(2, 1, 9, 19)",11,10,10,10,10,10,0,10,0
10327,conv2d_16,"(0, 2, 40, 49)",15,10,10,10,10,10,2,8,0
10328,conv2d_16,"(0, 1, 18, 33)",21,10,10,10,10,10,0,10,0
10329,conv2d_16,"(0, 0, 14, 62)",18,10,10,10,10,10,0,10,0
10330,conv2d_16,"(0, 2, 48, 46)",23,10,10,10,10,10,0,10,0
10331,conv2d_16,"(0, 0, 7, 29)",8,10,10,10,10,10,0,10,0
10332,conv2d_16,"(0, 0, 8, 35)",0,10,10,10,10,10,8,2,0
10333,conv2d_16,"(0, 0, 14, 14)",18,10,10,10,10,10,0,10,0
10334,conv2d_16,"(1, 0, 38, 54)",5,10,10,10,10,10,1,9,0
10335,conv2d_16,"(1, 2, 31, 36)",30,10,1,7,1,7,0,1,9
10336,conv2d_16,"(1, 2, 47, 3)",8,10,10,10,10,10,2,8,0
10337,conv2d_16,"(1, 0, 61, 17)",8,10,10,10,10,10,0,10,0
10338,conv2d_16,"(2, 1, 6, 54)",29,10,10,10,10,10,0,10,0
10339,conv2d_16,"(2, 2, 60, 51)",28,10,10,10,10,10,0,10,0
10340,conv2d_16,"(1, 2, 44, 23)",27,10,10,10,10,10,0,10,0
10341,conv2d_16,"(0, 0, 9, 39)",22,10,10,10,10,10,0,10,0
10342,conv2d_16,"(2, 1, 57, 1)",18,10,10,10,10,10,0,10,0
10343,conv2d_16,"(0, 2, 57, 48)",28,10,10,10,10,10,0,10,0
10344,conv2d_16,"(0, 2, 24, 51)",26,10,10,10,10,10,2,8,0
10345,conv2d_16,"(1, 0, 5, 3)",6,10,10,10,10,10,0,10,0
10346,conv2d_16,"(1, 0, 63, 36)",22,10,10,10,10,10,0,10,0
10347,conv2d_16,"(0, 0, 16, 23)",4,10,10,10,10,10,3,7,0
10348,conv2d_16,"(0, 2, 61, 18)",18,10,10,10,10,10,1,9,0
10349,conv2d_16,"(2, 1, 16, 18)",14,10,10,10,10,10,1,9,0
10350,conv2d_16,"(0, 2, 17, 30)",5,10,10,10,10,10,0,10,0
10351,conv2d_16,"(0, 0, 29, 38)",26,10,10,10,10,10,0,10,0
10352,conv2d_16,"(1, 2, 55, 9)",30,10,7,10,7,10,0,7,3
10353,conv2d_16,"(1, 2, 39, 39)",31,10,10,10,10,10,0,10,0
10354,conv2d_16,"(0, 0, 62, 5)",21,10,10,10,10,10,0,10,0
10355,conv2d_16,"(0, 1, 14, 8)",31,10,10,10,10,10,1,9,0
10356,conv2d_16,"(0, 2, 16, 58)",3,10,10,10,10,10,5,5,0
10357,conv2d_16,"(0, 1, 63, 25)",23,10,10,10,10,10,0,10,0
10358,conv2d_16,"(0, 1, 1, 51)",19,10,10,10,10,10,2,8,0
10359,conv2d_16,"(1, 0, 26, 16)",19,10,10,10,10,10,0,10,0
10360,conv2d_16,"(2, 1, 36, 43)",13,10,10,10,10,10,0,10,0
10361,conv2d_16,"(1, 1, 8, 57)",31,10,10,10,10,10,0,10,0
10362,conv2d_16,"(2, 2, 3, 44)",1,10,10,10,10,10,2,8,0
10363,conv2d_16,"(2, 0, 58, 45)",4,10,10,10,10,10,2,8,0
10364,conv2d_16,"(2, 1, 33, 63)",17,10,10,10,10,10,2,8,0
10365,conv2d_16,"(0, 2, 7, 6)",31,10,10,10,10,10,0,10,0
10366,conv2d_16,"(0, 1, 32, 33)",19,10,10,10,10,10,0,10,0
10367,conv2d_16,"(2, 0, 56, 29)",25,10,10,10,10,10,0,10,0
10368,conv2d_16,"(0, 1, 54, 49)",19,10,10,10,10,10,1,9,0
10369,conv2d_16,"(0, 0, 58, 50)",4,10,10,10,10,10,1,9,0
10370,conv2d_16,"(2, 0, 8, 52)",31,10,10,10,10,10,0,10,0
10371,conv2d_16,"(1, 1, 28, 56)",29,10,10,10,10,10,10,0,0
10372,conv2d_16,"(1, 2, 53, 36)",18,10,10,10,10,10,0,10,0
10373,conv2d_16,"(1, 0, 16, 47)",15,10,10,10,10,10,2,8,0
10374,conv2d_16,"(1, 1, 13, 13)",31,10,10,10,10,10,1,9,0
10375,conv2d_16,"(0, 0, 36, 41)",21,10,10,10,10,10,0,10,0
10376,conv2d_16,"(1, 2, 45, 35)",28,10,10,10,10,10,0,10,0
10377,conv2d_16,"(2, 1, 3, 58)",3,10,10,10,10,10,1,9,0
10378,conv2d_16,"(2, 0, 56, 60)",19,10,10,10,10,10,0,10,0
10379,conv2d_16,"(0, 0, 43, 47)",1,10,10,10,10,10,2,8,0
10380,conv2d_16,"(0, 0, 62, 9)",16,10,10,10,10,10,0,10,0
10381,conv2d_16,"(1, 0, 19, 13)",22,10,10,10,10,10,0,10,0
10382,conv2d_16,"(2, 0, 13, 22)",22,10,10,10,10,10,0,10,0
10383,conv2d_16,"(2, 0, 57, 48)",16,10,10,10,10,10,0,10,0
10384,conv2d_16,"(1, 1, 46, 6)",10,10,10,10,10,10,0,10,0
10385,conv2d_16,"(1, 1, 13, 41)",18,10,10,10,10,10,0,10,0
10386,conv2d_16,"(1, 0, 55, 45)",25,10,10,10,10,10,0,10,0
10387,conv2d_16,"(2, 1, 19, 39)",13,10,10,10,10,10,0,10,0
10388,conv2d_16,"(0, 2, 39, 56)",8,10,10,10,10,10,0,10,0
10389,conv2d_16,"(0, 0, 3, 19)",3,10,10,10,10,10,1,9,0
10390,conv2d_16,"(0, 1, 9, 35)",18,10,10,10,10,10,0,10,0
10391,conv2d_16,"(1, 0, 5, 51)",24,10,10,10,10,10,0,10,0
10392,conv2d_16,"(2, 0, 20, 43)",6,10,10,10,10,10,0,10,0
10393,conv2d_16,"(1, 0, 59, 35)",26,10,10,10,10,10,10,0,0
10394,conv2d_16,"(1, 0, 29, 57)",23,10,10,10,10,10,1,9,0
10395,conv2d_16,"(2, 0, 7, 4)",10,10,10,10,10,10,0,10,0
10396,conv2d_16,"(1, 2, 43, 15)",12,10,10,10,10,10,1,9,0
10397,conv2d_16,"(1, 2, 7, 22)",0,10,10,10,10,10,8,2,0
10398,conv2d_16,"(0, 1, 44, 54)",24,10,10,10,10,10,0,10,0
10399,conv2d_16,"(2, 2, 42, 14)",16,10,10,10,10,10,0,10,0
10400,conv2d_16,"(0, 0, 44, 34)",25,10,10,10,10,10,0,10,0
10401,conv2d_16,"(0, 0, 33, 32)",1,10,10,10,10,10,2,8,0
10402,conv2d_16,"(0, 2, 21, 4)",24,10,10,10,10,10,0,10,0
10403,conv2d_16,"(2, 0, 51, 62)",19,10,10,10,10,10,0,10,0
10404,conv2d_16,"(0, 0, 52, 7)",11,10,10,10,10,10,0,10,0
10405,conv2d_16,"(0, 2, 46, 12)",29,10,10,10,10,10,0,10,0
10406,conv2d_16,"(2, 1, 15, 40)",30,10,0,4,0,4,0,0,10
10407,conv2d_16,"(0, 1, 52, 22)",27,10,10,10,10,10,0,10,0
10408,conv2d_16,"(0, 1, 29, 45)",13,10,10,10,10,10,1,9,0
10409,conv2d_16,"(0, 0, 22, 34)",31,10,10,10,10,10,0,10,0
10410,conv2d_16,"(0, 0, 36, 5)",2,10,10,10,10,10,0,10,0
10411,conv2d_16,"(0, 0, 58, 58)",9,10,10,10,10,10,0,10,0
10412,conv2d_16,"(2, 2, 32, 59)",21,10,10,10,10,10,0,10,0
10413,conv2d_16,"(1, 1, 51, 24)",10,10,10,10,10,10,0,10,0
10414,conv2d_16,"(0, 1, 4, 50)",25,10,10,10,10,10,0,10,0
10415,conv2d_16,"(0, 2, 57, 60)",3,10,10,10,10,10,0,10,0
10416,conv2d_16,"(0, 0, 13, 15)",2,10,10,10,10,10,6,4,0
10417,conv2d_16,"(2, 2, 22, 44)",9,10,10,10,10,10,0,10,0
10418,conv2d_16,"(1, 0, 28, 26)",9,10,10,10,10,10,10,0,0
10419,conv2d_16,"(1, 1, 59, 26)",2,10,10,10,10,10,10,0,0
10420,conv2d_16,"(2, 0, 36, 34)",25,10,10,10,10,10,0,10,0
10421,conv2d_16,"(1, 1, 23, 30)",25,10,10,10,10,10,0,10,0
10422,conv2d_16,"(0, 1, 52, 32)",7,10,10,10,10,10,1,9,0
10423,conv2d_16,"(0, 1, 53, 21)",23,10,10,10,10,10,0,10,0
10424,conv2d_16,"(0, 1, 39, 41)",15,10,10,10,10,10,0,10,0
10425,conv2d_16,"(0, 0, 60, 25)",7,10,10,10,10,10,1,9,0
10426,conv2d_16,"(0, 2, 48, 38)",24,10,10,10,10,10,0,10,0
10427,conv2d_16,"(1, 2, 39, 4)",24,10,10,10,10,10,0,10,0
10428,conv2d_16,"(0, 2, 6, 9)",27,10,10,10,10,10,0,10,0
10429,conv2d_16,"(1, 0, 33, 46)",2,10,10,10,10,10,3,7,0
10430,conv2d_16,"(1, 1, 25, 33)",2,10,10,10,10,10,6,4,0
10431,conv2d_16,"(1, 0, 53, 21)",21,10,10,10,10,10,0,10,0
10432,conv2d_16,"(1, 1, 26, 1)",10,10,10,10,10,10,0,10,0
10433,conv2d_16,"(0, 1, 57, 30)",25,10,10,10,10,10,0,10,0
10434,conv2d_16,"(1, 0, 41, 34)",18,10,10,10,10,10,1,9,0
10435,conv2d_16,"(0, 2, 11, 45)",2,10,10,10,10,10,6,4,0
10436,conv2d_16,"(1, 2, 40, 51)",15,10,10,10,10,10,2,8,0
10437,conv2d_16,"(2, 1, 23, 22)",31,10,10,10,10,10,0,10,0
10438,conv2d_16,"(0, 1, 14, 9)",21,10,10,10,10,10,0,10,0
10439,conv2d_16,"(1, 2, 23, 14)",10,10,10,10,10,10,1,9,0
10440,conv2d_16,"(2, 0, 22, 58)",25,10,10,10,10,10,0,10,0
10441,conv2d_16,"(0, 0, 17, 37)",9,10,10,10,10,10,0,10,0
10442,conv2d_16,"(2, 1, 31, 44)",4,10,10,10,10,10,3,7,0
10443,conv2d_16,"(1, 1, 42, 56)",5,10,10,10,10,10,0,10,0
10444,conv2d_16,"(1, 2, 51, 62)",31,10,10,10,10,10,0,10,0
10445,conv2d_16,"(2, 1, 20, 20)",23,10,10,10,10,10,0,10,0
10446,conv2d_16,"(1, 0, 55, 30)",31,10,10,10,10,10,0,10,0
10447,conv2d_16,"(2, 1, 30, 27)",3,10,10,10,10,10,3,7,0
10448,conv2d_16,"(1, 2, 24, 25)",13,10,10,10,10,10,0,10,0
10449,conv2d_16,"(1, 2, 14, 50)",11,10,10,10,10,10,0,10,0
10450,conv2d_16,"(2, 1, 53, 49)",24,10,10,10,10,10,0,10,0
10451,conv2d_16,"(1, 2, 2, 3)",23,10,10,10,10,10,1,9,0
10452,conv2d_16,"(0, 0, 42, 53)",1,10,10,10,10,10,5,5,0
10453,conv2d_16,"(0, 1, 23, 6)",23,10,10,10,10,10,0,10,0
10454,conv2d_16,"(2, 1, 25, 1)",1,10,10,10,10,10,10,0,0
10455,conv2d_16,"(0, 2, 60, 35)",9,10,10,10,10,10,0,10,0
10456,conv2d_16,"(0, 1, 30, 4)",5,10,10,10,10,10,2,8,0
10457,conv2d_16,"(2, 0, 18, 33)",13,10,10,10,10,10,0,10,0
10458,conv2d_16,"(1, 0, 36, 60)",31,10,10,10,10,10,0,10,0
10459,conv2d_16,"(2, 0, 22, 29)",26,10,10,10,10,10,0,10,0
10460,conv2d_16,"(1, 0, 41, 35)",31,10,10,10,10,10,1,9,0
10461,conv2d_16,"(2, 0, 16, 53)",15,10,10,10,10,10,5,5,0
10462,conv2d_16,"(0, 1, 27, 50)",1,10,10,10,10,10,6,4,0
10463,conv2d_16,"(2, 0, 22, 60)",22,10,10,10,10,10,0,10,0
10464,conv2d_16,"(0, 2, 53, 13)",1,10,10,10,10,10,7,3,0
10465,conv2d_16,"(2, 0, 50, 29)",28,10,10,10,10,10,2,8,0
10466,conv2d_16,"(1, 1, 34, 18)",8,10,10,10,10,10,1,9,0
10467,conv2d_16,"(1, 2, 61, 23)",16,10,10,10,10,10,1,9,0
10468,conv2d_16,"(1, 0, 49, 17)",8,10,10,10,10,10,0,10,0
10469,conv2d_16,"(0, 0, 22, 61)",6,10,10,10,10,10,0,10,0
10470,conv2d_16,"(0, 0, 44, 40)",20,10,10,10,10,10,0,10,0
10471,conv2d_16,"(1, 2, 12, 6)",12,10,10,10,10,10,0,10,0
10472,conv2d_16,"(1, 1, 56, 23)",6,10,10,10,10,10,4,6,0
10473,conv2d_16,"(1, 2, 50, 10)",4,10,10,10,10,10,4,6,0
10474,conv2d_16,"(2, 1, 0, 54)",11,10,10,10,10,10,10,0,0
10475,conv2d_16,"(0, 0, 41, 37)",12,10,10,10,10,10,0,10,0
10476,conv2d_16,"(2, 0, 54, 54)",21,10,10,10,10,10,0,10,0
10477,conv2d_16,"(0, 2, 41, 59)",25,10,10,10,10,10,1,9,0
10478,conv2d_16,"(1, 0, 39, 50)",5,10,10,10,10,10,1,9,0
10479,conv2d_16,"(0, 2, 27, 10)",0,10,10,10,10,10,3,7,0
10480,conv2d_16,"(0, 2, 19, 58)",7,10,10,10,10,10,0,10,0
10481,conv2d_16,"(1, 1, 33, 11)",23,10,10,10,10,10,0,10,0
10482,conv2d_16,"(0, 1, 52, 6)",21,10,10,10,10,10,0,10,0
10483,conv2d_16,"(1, 2, 48, 8)",26,10,10,10,10,10,1,9,0
10484,conv2d_16,"(2, 2, 45, 46)",4,10,10,10,10,10,3,7,0
10485,conv2d_16,"(2, 1, 52, 48)",25,10,10,10,10,10,0,10,0
10486,conv2d_16,"(0, 0, 23, 7)",24,10,10,10,10,10,0,10,0
10487,conv2d_16,"(2, 2, 39, 35)",22,10,10,10,10,10,1,9,0
10488,conv2d_16,"(0, 1, 37, 13)",0,10,10,10,10,10,10,0,0
10489,conv2d_16,"(2, 1, 25, 34)",9,10,10,10,10,10,0,10,0
10490,conv2d_16,"(1, 0, 13, 37)",27,10,10,10,10,10,0,10,0
10491,conv2d_16,"(1, 1, 15, 25)",30,10,0,1,0,1,0,0,10
10492,conv2d_16,"(0, 0, 34, 34)",9,10,10,10,10,10,0,10,0
10493,conv2d_16,"(2, 1, 23, 12)",8,10,10,10,10,10,0,10,0
10494,conv2d_16,"(0, 2, 61, 13)",5,10,10,10,10,10,1,9,0
10495,conv2d_16,"(1, 1, 29, 3)",13,10,10,10,10,10,0,10,0
10496,conv2d_16,"(1, 0, 58, 13)",2,10,10,10,10,10,5,5,0
10497,conv2d_16,"(2, 0, 46, 22)",20,10,10,10,10,10,0,10,0
10498,conv2d_16,"(0, 0, 26, 1)",30,10,4,6,4,6,0,4,6
10499,conv2d_16,"(1, 1, 3, 12)",13,10,10,10,10,10,0,10,0
10500,conv2d_16,"(0, 1, 11, 41)",27,10,10,10,10,10,1,9,0
10501,conv2d_16,"(0, 0, 37, 25)",28,10,10,10,10,10,0,10,0
10502,conv2d_16,"(1, 0, 8, 9)",12,10,10,10,10,10,0,10,0
10503,conv2d_16,"(1, 2, 33, 44)",5,10,10,10,10,10,5,5,0
10504,conv2d_16,"(0, 0, 33, 45)",10,10,10,10,10,10,0,10,0
10505,conv2d_16,"(0, 1, 38, 41)",26,10,10,10,10,10,0,10,0
10506,conv2d_16,"(0, 1, 18, 18)",8,10,10,10,10,10,9,1,0
10507,conv2d_16,"(2, 2, 43, 32)",2,10,10,10,10,10,10,0,0
10508,conv2d_16,"(1, 1, 38, 22)",7,10,10,10,10,10,0,10,0
10509,conv2d_16,"(2, 2, 12, 53)",5,10,10,10,10,10,3,7,0
10510,conv2d_16,"(1, 1, 22, 54)",12,10,10,10,10,10,0,10,0
10511,conv2d_16,"(1, 0, 38, 13)",26,10,10,10,10,10,0,10,0
10512,conv2d_16,"(0, 0, 12, 43)",27,10,10,10,10,10,0,10,0
10513,conv2d_16,"(1, 1, 28, 14)",18,10,10,10,10,10,10,0,0
10514,conv2d_16,"(1, 0, 10, 49)",27,10,10,10,10,10,1,9,0
10515,conv2d_16,"(1, 0, 40, 1)",14,10,10,10,10,10,0,10,0
10516,conv2d_16,"(1, 2, 2, 57)",15,10,10,10,10,10,0,10,0
10517,conv2d_16,"(0, 0, 60, 48)",31,10,10,10,10,10,0,10,0
10518,conv2d_16,"(0, 1, 61, 33)",23,10,10,10,10,10,0,10,0
10519,conv2d_16,"(0, 0, 9, 30)",29,10,10,10,10,10,0,10,0
10520,conv2d_16,"(2, 2, 0, 38)",24,10,10,10,10,10,10,0,0
10521,conv2d_16,"(2, 1, 17, 57)",28,10,10,10,10,10,0,10,0
10522,conv2d_16,"(1, 0, 6, 18)",27,10,10,10,10,10,0,10,0
10523,conv2d_16,"(0, 2, 25, 21)",6,10,10,10,10,10,1,9,0
10524,conv2d_16,"(2, 2, 56, 48)",28,10,10,10,10,10,0,10,0
10525,conv2d_16,"(2, 1, 49, 40)",31,10,10,10,10,10,0,10,0
10526,conv2d_16,"(0, 2, 1, 33)",9,10,10,10,10,10,0,10,0
10527,conv2d_16,"(0, 0, 44, 46)",28,10,10,10,10,10,0,10,0
10528,conv2d_16,"(0, 1, 41, 42)",25,10,10,10,10,10,0,10,0
10529,conv2d_16,"(0, 1, 55, 13)",14,10,10,10,10,10,0,10,0
10530,conv2d_16,"(0, 2, 6, 34)",29,10,10,10,10,10,0,10,0
10531,conv2d_16,"(1, 1, 48, 16)",18,10,10,10,10,10,0,10,0
10532,conv2d_16,"(1, 2, 56, 44)",3,10,10,10,10,10,0,10,0
10533,conv2d_16,"(1, 0, 11, 37)",22,10,10,10,10,10,0,10,0
10534,conv2d_16,"(1, 0, 45, 7)",26,10,10,10,10,10,0,10,0
10535,conv2d_16,"(2, 1, 27, 7)",20,10,10,10,10,10,0,10,0
10536,conv2d_16,"(0, 0, 23, 20)",13,10,10,10,10,10,0,10,0
10537,conv2d_16,"(1, 2, 54, 19)",13,10,10,10,10,10,0,10,0
10538,conv2d_16,"(1, 2, 25, 39)",23,10,10,10,10,10,0,10,0
10539,conv2d_16,"(1, 1, 59, 13)",15,10,10,10,10,10,10,0,0
10540,conv2d_16,"(2, 2, 50, 46)",9,10,10,10,10,10,2,8,0
10541,conv2d_16,"(2, 2, 42, 18)",17,10,10,10,10,10,0,10,0
10542,conv2d_16,"(2, 1, 62, 29)",12,10,10,10,10,10,0,10,0
10543,conv2d_16,"(0, 2, 51, 53)",31,10,10,10,10,10,1,9,0
10544,conv2d_16,"(1, 0, 9, 12)",27,10,10,10,10,10,0,10,0
10545,conv2d_16,"(2, 1, 27, 47)",21,10,10,10,10,10,0,10,0
10546,conv2d_16,"(2, 1, 24, 44)",23,10,10,10,10,10,0,10,0
10547,conv2d_16,"(2, 2, 54, 6)",21,10,10,10,10,10,0,10,0
10548,conv2d_16,"(2, 1, 33, 16)",15,10,10,10,10,10,0,10,0
10549,conv2d_16,"(2, 0, 59, 7)",21,10,10,10,10,10,10,0,0
10550,conv2d_16,"(0, 1, 35, 41)",13,10,10,10,10,10,0,10,0
10551,conv2d_16,"(0, 1, 28, 38)",7,10,10,10,10,10,10,0,0
10552,conv2d_16,"(0, 1, 20, 33)",16,10,10,10,10,10,1,9,0
10553,conv2d_16,"(2, 1, 4, 39)",29,10,10,10,10,10,0,10,0
10554,conv2d_16,"(1, 0, 18, 49)",23,10,10,10,10,10,0,10,0
10555,conv2d_16,"(0, 1, 33, 63)",1,10,10,10,10,10,8,2,0
10556,conv2d_16,"(2, 2, 20, 47)",31,10,10,10,10,10,0,10,0
10557,conv2d_16,"(0, 1, 2, 59)",16,10,10,10,10,10,0,10,0
10558,conv2d_16,"(1, 0, 55, 59)",3,10,10,10,10,10,3,7,0
10559,conv2d_16,"(2, 2, 56, 57)",31,10,10,10,10,10,0,10,0
10560,conv2d_16,"(2, 2, 9, 41)",0,10,10,10,10,10,0,10,0
10561,conv2d_16,"(2, 2, 50, 3)",22,10,10,10,10,10,0,10,0
10562,conv2d_16,"(0, 1, 36, 12)",10,10,10,10,10,10,0,10,0
10563,conv2d_16,"(1, 0, 35, 29)",23,10,10,10,10,10,0,10,0
10564,conv2d_16,"(0, 2, 34, 5)",4,10,10,10,10,10,4,6,0
10565,conv2d_16,"(2, 0, 6, 63)",9,10,10,10,10,10,0,10,0
10566,conv2d_16,"(2, 0, 6, 17)",20,10,10,10,10,10,0,10,0
10567,conv2d_16,"(2, 0, 26, 11)",0,10,10,10,10,10,4,6,0
10568,conv2d_16,"(0, 0, 45, 22)",5,10,10,10,10,10,6,4,0
10569,conv2d_16,"(1, 2, 56, 38)",28,10,10,10,10,10,0,10,0
10570,conv2d_16,"(2, 1, 7, 22)",23,10,10,10,10,10,0,10,0
10571,conv2d_16,"(0, 1, 16, 41)",12,10,10,10,10,10,0,10,0
10572,conv2d_16,"(2, 1, 32, 3)",22,10,10,10,10,10,0,10,0
10573,conv2d_16,"(1, 1, 37, 61)",18,10,10,10,10,10,0,10,0
10574,conv2d_16,"(1, 0, 17, 36)",12,10,10,10,10,10,1,9,0
10575,conv2d_16,"(2, 2, 31, 26)",19,10,10,10,10,10,0,10,0
10576,conv2d_16,"(0, 2, 43, 53)",2,10,10,10,10,10,5,5,0
10577,conv2d_16,"(2, 0, 37, 26)",3,10,10,10,10,10,0,10,0
10578,conv2d_16,"(0, 0, 37, 17)",2,10,10,10,10,10,2,8,0
10579,conv2d_16,"(0, 1, 54, 15)",16,10,10,10,10,10,0,10,0
10580,conv2d_16,"(0, 1, 5, 33)",15,10,10,10,10,10,0,10,0
10581,conv2d_16,"(1, 2, 15, 37)",30,10,0,3,0,3,0,0,10
10582,conv2d_16,"(1, 2, 26, 24)",14,10,10,10,10,10,0,10,0
10583,conv2d_16,"(0, 2, 58, 5)",9,10,10,10,10,10,0,10,0
10584,conv2d_16,"(0, 1, 20, 12)",1,10,10,10,10,10,4,6,0
10585,conv2d_16,"(2, 0, 24, 55)",14,10,10,10,10,10,1,9,0
10586,conv2d_16,"(1, 2, 48, 8)",7,10,10,10,10,10,1,9,0
10587,conv2d_16,"(2, 0, 3, 10)",9,10,10,10,10,10,0,10,0
10588,conv2d_16,"(1, 2, 30, 30)",30,10,0,6,0,6,0,0,10
10589,conv2d_16,"(2, 1, 17, 0)",28,10,10,10,10,10,0,10,0
10590,conv2d_16,"(1, 1, 30, 40)",19,10,10,10,10,10,0,10,0
10591,conv2d_16,"(0, 2, 8, 34)",12,10,10,10,10,10,0,10,0
10592,conv2d_16,"(1, 2, 37, 44)",11,10,10,10,10,10,0,10,0
10593,conv2d_16,"(2, 2, 31, 50)",25,10,10,10,10,10,0,10,0
10594,conv2d_16,"(0, 2, 39, 20)",10,10,10,10,10,10,1,9,0
10595,conv2d_16,"(2, 0, 33, 29)",3,10,10,10,10,10,2,8,0
10596,conv2d_16,"(1, 2, 9, 28)",22,10,10,10,10,10,0,10,0
10597,conv2d_16,"(1, 0, 33, 9)",2,10,10,10,10,10,4,6,0
10598,conv2d_16,"(2, 2, 24, 3)",23,10,10,10,10,10,1,9,0
10599,conv2d_16,"(2, 1, 17, 61)",15,10,10,10,10,10,1,9,0
10600,conv2d_16,"(2, 2, 30, 43)",5,10,10,10,10,10,0,10,0
10601,conv2d_16,"(2, 1, 49, 3)",14,10,10,10,10,10,0,10,0
10602,conv2d_16,"(2, 0, 27, 28)",28,10,10,10,10,10,0,10,0
10603,conv2d_16,"(0, 1, 40, 49)",3,10,10,10,10,10,8,2,0
10604,conv2d_16,"(2, 1, 38, 22)",25,10,10,10,10,10,0,10,0
10605,conv2d_16,"(2, 1, 30, 21)",22,10,10,10,10,10,0,10,0
10606,conv2d_16,"(0, 0, 23, 42)",0,10,10,10,10,10,3,7,0
10607,conv2d_16,"(2, 1, 46, 14)",19,10,10,10,10,10,0,10,0
10608,conv2d_16,"(1, 2, 39, 39)",9,10,10,10,10,10,0,10,0
10609,conv2d_16,"(1, 0, 57, 0)",23,10,10,10,10,10,1,9,0
10610,conv2d_16,"(0, 0, 59, 13)",8,10,10,10,10,10,10,0,0
10611,conv2d_16,"(2, 2, 13, 21)",28,10,10,10,10,10,0,10,0
10612,conv2d_16,"(2, 2, 42, 58)",3,10,10,10,10,10,5,5,0
10613,conv2d_16,"(1, 2, 44, 17)",15,10,10,10,10,10,1,9,0
10614,conv2d_16,"(0, 0, 3, 9)",0,10,10,10,10,10,4,6,0
10615,conv2d_16,"(2, 0, 13, 35)",14,10,10,10,10,10,0,10,0
10616,conv2d_16,"(2, 0, 16, 62)",3,10,10,10,10,10,4,6,0
10617,conv2d_16,"(0, 2, 58, 19)",21,10,10,10,10,10,0,10,0
10618,conv2d_16,"(1, 0, 41, 57)",9,10,10,10,10,10,1,9,0
10619,conv2d_16,"(1, 0, 27, 55)",3,10,10,10,10,10,3,7,0
10620,conv2d_16,"(2, 2, 54, 63)",13,10,10,10,10,10,1,9,0
10621,conv2d_16,"(0, 0, 2, 26)",22,10,10,10,10,10,0,10,0
10622,conv2d_16,"(1, 1, 59, 13)",27,10,10,10,10,10,10,0,0
10623,conv2d_16,"(0, 1, 15, 22)",18,10,10,10,10,10,0,10,0
10624,conv2d_16,"(0, 0, 20, 53)",13,10,10,10,10,10,1,9,0
10625,conv2d_16,"(2, 2, 46, 38)",22,10,10,10,10,10,0,10,0
10626,conv2d_16,"(1, 1, 47, 22)",25,10,10,10,10,10,0,10,0
10627,conv2d_16,"(2, 0, 8, 20)",20,10,10,10,10,10,0,10,0
10628,conv2d_16,"(1, 0, 38, 4)",19,10,10,10,10,10,0,10,0
10629,conv2d_16,"(0, 1, 46, 63)",27,10,10,10,10,10,0,10,0
10630,conv2d_16,"(2, 2, 57, 25)",11,10,10,10,10,10,0,10,0
10631,conv2d_16,"(1, 2, 53, 44)",22,10,10,10,10,10,0,10,0
10632,conv2d_16,"(1, 1, 39, 54)",26,10,10,10,10,10,0,10,0
10633,conv2d_16,"(2, 1, 41, 45)",31,10,10,10,10,10,0,10,0
10634,conv2d_16,"(0, 2, 41, 0)",26,10,10,10,10,10,0,10,0
10635,conv2d_16,"(1, 1, 6, 46)",26,10,10,10,10,10,0,10,0
10636,conv2d_16,"(0, 0, 43, 35)",23,10,10,10,10,10,0,10,0
10637,conv2d_16,"(2, 0, 40, 0)",21,10,10,10,10,10,0,10,0
10638,conv2d_16,"(0, 1, 58, 52)",10,10,10,10,10,10,1,9,0
10639,conv2d_16,"(1, 2, 33, 54)",31,10,10,10,10,10,0,10,0
10640,conv2d_16,"(2, 2, 5, 45)",3,10,10,10,10,10,9,1,0
10641,conv2d_16,"(1, 0, 50, 38)",24,10,10,10,10,10,1,9,0
10642,conv2d_16,"(2, 1, 23, 28)",2,10,10,10,10,10,9,1,0
10643,conv2d_16,"(1, 0, 13, 37)",29,10,10,10,10,10,0,10,0
10644,conv2d_16,"(2, 2, 0, 42)",10,10,10,10,10,10,10,0,0
10645,conv2d_16,"(0, 1, 20, 3)",11,10,10,10,10,10,0,10,0
10646,conv2d_16,"(0, 2, 23, 14)",0,10,10,10,10,10,6,4,0
10647,conv2d_16,"(1, 2, 36, 22)",24,10,10,10,10,10,0,10,0
10648,conv2d_16,"(1, 0, 63, 17)",20,10,10,10,10,10,0,10,0
10649,conv2d_16,"(2, 1, 37, 12)",16,10,10,10,10,10,0,10,0
10650,conv2d_16,"(1, 2, 11, 60)",6,10,10,10,10,10,0,10,0
10651,conv2d_16,"(1, 1, 42, 16)",15,10,10,10,10,10,0,10,0
10652,conv2d_16,"(2, 0, 28, 40)",21,10,10,10,10,10,10,0,0
10653,conv2d_16,"(1, 2, 8, 37)",22,10,10,10,10,10,0,10,0
10654,conv2d_16,"(2, 2, 44, 28)",21,10,10,10,10,10,0,10,0
10655,conv2d_16,"(2, 2, 17, 18)",30,10,5,7,5,7,0,5,5
10656,conv2d_16,"(0, 0, 10, 41)",2,10,10,10,10,10,0,10,0
10657,conv2d_16,"(1, 2, 11, 8)",19,10,10,10,10,10,1,9,0
10658,conv2d_16,"(0, 0, 31, 58)",5,10,10,10,10,10,4,6,0
10659,conv2d_16,"(0, 0, 54, 36)",27,10,10,10,10,10,0,10,0
10660,conv2d_16,"(0, 1, 12, 3)",0,10,10,10,10,10,5,5,0
10661,conv2d_16,"(2, 1, 41, 36)",6,10,10,10,10,10,1,9,0
10662,conv2d_16,"(0, 0, 34, 57)",23,10,10,10,10,10,0,10,0
10663,conv2d_16,"(2, 0, 46, 62)",16,10,10,10,10,10,0,10,0
10664,conv2d_16,"(2, 2, 45, 37)",17,10,10,10,10,10,0,10,0
10665,conv2d_16,"(0, 2, 11, 21)",19,10,10,10,10,10,1,9,0
10666,conv2d_16,"(2, 2, 2, 20)",18,10,10,10,10,10,0,10,0
10667,conv2d_16,"(2, 2, 23, 11)",26,10,10,10,10,10,0,10,0
10668,conv2d_16,"(2, 0, 34, 41)",29,10,10,10,10,10,0,10,0
10669,conv2d_16,"(1, 1, 22, 56)",2,10,10,10,10,10,6,4,0
10670,conv2d_16,"(0, 1, 39, 47)",7,10,10,10,10,10,0,10,0
10671,conv2d_16,"(1, 1, 26, 6)",28,10,10,10,10,10,0,10,0
10672,conv2d_16,"(1, 2, 0, 59)",24,10,10,10,10,10,10,0,0
10673,conv2d_16,"(0, 2, 51, 3)",27,10,10,10,10,10,0,10,0
10674,conv2d_16,"(0, 1, 14, 35)",6,10,10,10,10,10,2,8,0
10675,conv2d_16,"(2, 0, 33, 21)",24,10,10,10,10,10,0,10,0
10676,conv2d_16,"(2, 1, 46, 40)",10,10,10,10,10,10,0,10,0
10677,conv2d_16,"(2, 0, 59, 62)",26,10,10,10,10,10,10,0,0
10678,conv2d_16,"(1, 2, 17, 16)",7,10,10,10,10,10,1,9,0
10679,conv2d_16,"(2, 2, 49, 47)",16,10,10,10,10,10,0,10,0
10680,conv2d_16,"(0, 2, 55, 3)",11,10,10,10,10,10,1,9,0
10681,conv2d_16,"(0, 0, 54, 63)",0,10,10,10,10,10,1,9,0
10682,conv2d_16,"(1, 0, 28, 21)",8,10,10,10,10,10,10,0,0
10683,conv2d_16,"(1, 2, 33, 3)",24,10,10,10,10,10,0,10,0
10684,conv2d_16,"(1, 0, 42, 14)",16,10,10,10,10,10,0,10,0
10685,conv2d_16,"(2, 1, 24, 33)",27,10,10,10,10,10,1,9,0
10686,conv2d_16,"(1, 1, 26, 25)",17,10,10,10,10,10,1,9,0
10687,conv2d_16,"(2, 2, 31, 10)",30,10,0,3,0,3,0,0,10
10688,conv2d_16,"(0, 2, 0, 63)",5,10,10,10,10,10,10,0,0
10689,conv2d_16,"(2, 0, 15, 11)",14,10,10,10,10,10,0,10,0
10690,conv2d_16,"(2, 0, 41, 60)",13,10,10,10,10,10,0,10,0
10691,conv2d_16,"(1, 0, 12, 25)",10,10,10,10,10,10,0,10,0
10692,conv2d_16,"(2, 1, 10, 35)",0,10,10,10,10,10,9,1,0
10693,conv2d_16,"(0, 1, 12, 59)",31,10,10,10,10,10,0,10,0
10694,conv2d_16,"(0, 2, 30, 53)",31,10,10,10,10,10,1,9,0
10695,conv2d_16,"(0, 2, 8, 5)",11,10,10,10,10,10,0,10,0
10696,conv2d_16,"(2, 0, 6, 22)",11,10,10,10,10,10,0,10,0
10697,conv2d_16,"(1, 2, 39, 6)",18,10,10,10,10,10,0,10,0
10698,conv2d_16,"(0, 2, 40, 30)",31,10,10,10,10,10,0,10,0
10699,conv2d_16,"(1, 2, 53, 12)",22,10,10,10,10,10,0,10,0
10700,conv2d_16,"(0, 1, 14, 60)",9,10,10,10,10,10,0,10,0
10701,conv2d_16,"(0, 2, 2, 43)",11,10,10,10,10,10,0,10,0
10702,conv2d_16,"(0, 1, 21, 37)",6,10,10,10,10,10,0,10,0
10703,conv2d_16,"(2, 0, 5, 63)",14,10,10,10,10,10,1,9,0
10704,conv2d_16,"(1, 1, 30, 12)",17,10,10,10,10,10,0,10,0
10705,conv2d_16,"(0, 0, 32, 26)",3,10,10,10,10,10,6,4,0
10706,conv2d_16,"(2, 0, 60, 43)",21,10,10,10,10,10,0,10,0
10707,conv2d_16,"(0, 0, 63, 11)",15,10,10,10,10,10,0,10,0
10708,conv2d_16,"(0, 1, 14, 44)",10,10,10,10,10,10,1,9,0
10709,conv2d_16,"(0, 2, 6, 20)",21,10,10,10,10,10,0,10,0
10710,conv2d_16,"(2, 1, 62, 19)",23,10,10,10,10,10,0,10,0
10711,conv2d_16,"(0, 0, 51, 36)",5,10,10,10,10,10,0,10,0
10712,conv2d_16,"(0, 2, 57, 49)",3,10,10,10,10,10,4,6,0
10713,conv2d_16,"(0, 2, 21, 53)",8,10,10,10,10,10,1,9,0
10714,conv2d_16,"(1, 0, 16, 13)",29,10,10,10,10,10,2,8,0
10715,conv2d_16,"(1, 2, 55, 48)",21,10,10,10,10,10,0,10,0
10716,conv2d_16,"(0, 2, 49, 27)",8,10,10,10,10,10,0,10,0
10717,conv2d_16,"(2, 1, 31, 14)",2,10,10,10,10,10,4,6,0
10718,conv2d_16,"(0, 1, 13, 12)",16,10,10,10,10,10,0,10,0
10719,conv2d_16,"(0, 2, 41, 48)",8,10,10,10,10,10,2,8,0
10720,conv2d_16,"(2, 2, 36, 10)",16,10,10,10,10,10,0,10,0
10721,conv2d_16,"(2, 2, 34, 45)",17,10,10,10,10,10,0,10,0
10722,conv2d_16,"(1, 1, 18, 56)",29,10,10,10,10,10,0,10,0
10723,conv2d_16,"(1, 1, 7, 18)",16,10,10,10,10,10,0,10,0
10724,conv2d_16,"(2, 0, 16, 39)",28,10,10,10,10,10,1,9,0
10725,conv2d_16,"(0, 2, 52, 46)",16,10,10,10,10,10,1,9,0
10726,conv2d_16,"(1, 1, 33, 0)",6,10,10,10,10,10,0,10,0
10727,conv2d_16,"(1, 1, 38, 36)",26,10,10,10,10,10,0,10,0
10728,conv2d_16,"(1, 2, 62, 46)",4,10,10,10,10,10,1,9,0
10729,conv2d_16,"(0, 1, 40, 37)",8,10,10,10,10,10,0,10,0
10730,conv2d_16,"(1, 1, 38, 50)",1,10,10,10,10,10,10,0,0
10731,conv2d_16,"(1, 0, 3, 29)",5,10,10,10,10,10,0,10,0
10732,conv2d_16,"(0, 0, 37, 60)",15,10,10,10,10,10,0,10,0
10733,conv2d_16,"(1, 2, 28, 12)",31,10,10,10,10,10,10,0,0
10734,conv2d_16,"(2, 0, 33, 43)",13,10,10,10,10,10,0,10,0
10735,conv2d_16,"(1, 0, 62, 62)",28,10,10,10,10,10,0,10,0
10736,conv2d_16,"(1, 0, 46, 15)",10,10,10,10,10,10,0,10,0
10737,conv2d_16,"(0, 1, 14, 32)",0,10,10,10,10,10,4,6,0
10738,conv2d_16,"(1, 0, 26, 26)",11,10,10,10,10,10,0,10,0
10739,conv2d_16,"(0, 0, 60, 36)",14,10,10,10,10,10,0,10,0
10740,conv2d_16,"(0, 1, 18, 58)",19,10,10,10,10,10,1,9,0
10741,conv2d_16,"(1, 0, 61, 8)",30,10,5,8,5,8,0,5,5
10742,conv2d_16,"(1, 0, 6, 6)",10,10,10,10,10,10,0,10,0
10743,conv2d_16,"(1, 0, 62, 30)",14,10,10,10,10,10,0,10,0
10744,conv2d_16,"(0, 0, 20, 47)",21,10,10,10,10,10,0,10,0
10745,conv2d_16,"(1, 1, 58, 24)",11,10,10,10,10,10,0,10,0
10746,conv2d_16,"(0, 0, 28, 53)",17,10,10,10,10,10,10,0,0
10747,conv2d_16,"(2, 0, 12, 47)",22,10,10,10,10,10,0,10,0
10748,conv2d_16,"(0, 2, 15, 11)",17,10,10,10,10,10,0,10,0
10749,conv2d_16,"(1, 2, 15, 23)",15,10,10,10,10,10,0,10,0
10750,conv2d_16,"(2, 0, 17, 36)",26,10,10,10,10,10,0,10,0
10751,conv2d_16,"(0, 2, 24, 32)",20,10,10,10,10,10,0,10,0
10752,conv2d_16,"(1, 0, 24, 43)",12,10,10,10,10,10,0,10,0
10753,conv2d_16,"(2, 0, 58, 36)",28,10,10,10,10,10,0,10,0
10754,conv2d_16,"(1, 0, 1, 16)",13,10,10,10,10,10,0,10,0
10755,conv2d_16,"(0, 1, 37, 23)",12,10,10,10,10,10,0,10,0
10756,conv2d_16,"(2, 2, 3, 4)",5,10,10,10,10,10,0,10,0
10757,conv2d_16,"(0, 1, 28, 58)",12,10,10,10,10,10,10,0,0
10758,conv2d_16,"(1, 2, 17, 28)",14,10,10,10,10,10,0,10,0
10759,conv2d_16,"(0, 1, 63, 0)",16,10,10,10,10,10,0,10,0
10760,conv2d_16,"(2, 2, 30, 61)",1,10,10,10,10,10,10,0,0
10761,conv2d_16,"(0, 0, 15, 62)",10,10,10,10,10,10,0,10,0
10762,conv2d_16,"(2, 2, 63, 46)",27,10,10,10,10,10,0,10,0
10763,conv2d_16,"(0, 1, 6, 9)",7,10,10,10,10,10,0,10,0
10764,conv2d_16,"(0, 1, 60, 22)",18,10,10,10,10,10,0,10,0
10765,conv2d_16,"(0, 1, 22, 46)",24,10,10,10,10,10,0,10,0
10766,conv2d_16,"(0, 2, 45, 9)",13,10,10,10,10,10,2,8,0
10767,conv2d_16,"(2, 1, 11, 10)",31,10,10,10,10,10,0,10,0
10768,conv2d_16,"(1, 1, 13, 45)",22,10,10,10,10,10,0,10,0
10769,conv2d_16,"(2, 0, 13, 7)",3,10,10,10,10,10,4,6,0
10770,conv2d_16,"(1, 0, 35, 47)",9,10,10,10,10,10,0,10,0
10771,conv2d_16,"(1, 0, 56, 59)",7,10,10,10,10,10,0,10,0
10772,conv2d_16,"(0, 1, 28, 16)",8,10,10,10,10,10,10,0,0
10773,conv2d_16,"(1, 0, 60, 43)",1,10,10,10,10,10,0,10,0
10774,conv2d_16,"(0, 1, 2, 4)",26,10,10,10,10,10,0,10,0
10775,conv2d_16,"(1, 0, 60, 44)",30,10,5,6,5,6,0,5,5
10776,conv2d_16,"(1, 2, 34, 30)",5,10,10,10,10,10,0,10,0
10777,conv2d_16,"(2, 0, 46, 34)",24,10,10,10,10,10,0,10,0
10778,conv2d_16,"(0, 0, 6, 29)",11,10,10,10,10,10,0,10,0
10779,conv2d_16,"(0, 1, 20, 9)",12,10,10,10,10,10,0,10,0
10780,conv2d_16,"(1, 0, 17, 60)",5,10,10,10,10,10,2,8,0
10781,conv2d_16,"(2, 0, 4, 17)",5,10,10,10,10,10,0,10,0
10782,conv2d_16,"(1, 0, 19, 6)",14,10,10,10,10,10,1,9,0
10783,conv2d_16,"(1, 0, 3, 56)",24,10,10,10,10,10,0,10,0
10784,conv2d_16,"(2, 2, 37, 58)",11,10,10,10,10,10,0,10,0
10785,conv2d_16,"(0, 2, 20, 44)",10,10,10,10,10,10,0,10,0
10786,conv2d_16,"(1, 1, 36, 41)",17,10,10,10,10,10,0,10,0
10787,conv2d_16,"(0, 0, 48, 63)",27,10,10,10,10,10,3,7,0
10788,conv2d_16,"(1, 1, 38, 11)",3,10,10,10,10,10,5,5,0
10789,conv2d_16,"(1, 0, 49, 26)",22,10,10,10,10,10,0,10,0
10790,conv2d_16,"(0, 1, 20, 36)",10,10,10,10,10,10,0,10,0
10791,conv2d_16,"(1, 1, 55, 32)",24,10,10,10,10,10,0,10,0
10792,conv2d_16,"(1, 2, 21, 16)",30,10,2,4,2,4,0,2,8
10793,conv2d_16,"(1, 1, 9, 49)",28,10,10,10,10,10,0,10,0
10794,conv2d_16,"(1, 1, 35, 1)",10,10,10,10,10,10,0,10,0
10795,conv2d_16,"(2, 0, 37, 18)",2,10,10,10,10,10,2,8,0
10796,conv2d_16,"(1, 0, 54, 46)",23,10,10,10,10,10,0,10,0
10797,conv2d_16,"(2, 0, 57, 36)",24,10,10,10,10,10,0,10,0
10798,conv2d_16,"(1, 0, 29, 34)",25,10,10,10,10,10,1,9,0
10799,conv2d_16,"(1, 2, 24, 5)",31,10,10,10,10,10,1,9,0
10800,conv2d_16,"(0, 1, 8, 28)",2,10,10,10,10,10,5,5,0
10801,conv2d_16,"(1, 1, 44, 15)",15,10,10,10,10,10,0,10,0
10802,conv2d_16,"(0, 0, 23, 47)",20,10,10,10,10,10,0,10,0
10803,conv2d_16,"(1, 0, 23, 35)",5,10,10,10,10,10,1,9,0
10804,conv2d_16,"(2, 2, 2, 44)",16,10,10,10,10,10,0,10,0
10805,conv2d_16,"(2, 0, 59, 27)",26,10,10,10,10,10,10,0,0
10806,conv2d_16,"(1, 2, 30, 3)",23,10,10,10,10,10,0,10,0
10807,conv2d_16,"(1, 1, 28, 45)",20,10,10,10,10,10,10,0,0
10808,conv2d_16,"(1, 2, 57, 33)",28,10,10,10,10,10,0,10,0
10809,conv2d_16,"(0, 1, 33, 61)",18,10,10,10,10,10,0,10,0
10810,conv2d_16,"(2, 1, 7, 20)",13,10,10,10,10,10,0,10,0
10811,conv2d_16,"(1, 1, 21, 49)",25,10,10,10,10,10,0,10,0
10812,conv2d_16,"(2, 2, 63, 32)",20,10,10,10,10,10,0,10,0
10813,conv2d_16,"(2, 2, 57, 7)",27,10,10,10,10,10,0,10,0
10814,conv2d_16,"(1, 0, 23, 61)",3,10,10,10,10,10,1,9,0
10815,conv2d_16,"(2, 0, 42, 13)",25,10,10,10,10,10,0,10,0
10816,conv2d_16,"(1, 0, 33, 56)",6,10,10,10,10,10,1,9,0
10817,conv2d_16,"(1, 1, 20, 28)",30,10,6,9,6,9,0,6,4
10818,conv2d_16,"(1, 1, 19, 9)",10,10,10,10,10,10,0,10,0
10819,conv2d_16,"(0, 0, 56, 27)",0,10,10,10,10,10,10,0,0
10820,conv2d_16,"(2, 2, 47, 18)",24,10,10,10,10,10,1,9,0
10821,conv2d_16,"(0, 2, 40, 24)",31,10,10,10,10,10,0,10,0
10822,conv2d_16,"(0, 1, 57, 44)",13,10,10,10,10,10,0,10,0
10823,conv2d_16,"(2, 2, 5, 23)",15,10,10,10,10,10,0,10,0
10824,conv2d_16,"(0, 2, 9, 48)",1,10,10,10,10,10,3,7,0
10825,conv2d_16,"(1, 1, 36, 8)",17,10,10,10,10,10,0,10,0
10826,conv2d_16,"(0, 2, 61, 13)",18,10,10,10,10,10,0,10,0
10827,conv2d_16,"(0, 1, 7, 9)",31,10,10,10,10,10,0,10,0
10828,conv2d_16,"(1, 2, 1, 41)",14,10,10,10,10,10,0,10,0
10829,conv2d_16,"(0, 0, 34, 19)",5,10,10,10,10,10,0,10,0
10830,conv2d_16,"(0, 0, 9, 58)",15,10,10,10,10,10,0,10,0
10831,conv2d_16,"(2, 1, 3, 62)",6,10,10,10,10,10,0,10,0
10832,conv2d_16,"(1, 2, 52, 33)",3,10,10,10,10,10,3,7,0
10833,conv2d_16,"(2, 0, 60, 59)",30,10,0,5,0,5,0,0,10
10834,conv2d_16,"(1, 2, 13, 27)",9,10,10,10,10,10,0,10,0
10835,conv2d_16,"(2, 0, 44, 57)",31,10,10,10,10,10,4,6,0
10836,conv2d_16,"(0, 0, 52, 39)",2,10,10,10,10,10,9,1,0
10837,conv2d_16,"(2, 2, 51, 2)",28,10,10,10,10,10,0,10,0
10838,conv2d_16,"(0, 0, 37, 60)",29,10,10,10,10,10,0,10,0
10839,conv2d_16,"(2, 0, 8, 7)",8,10,10,10,10,10,1,9,0
10840,conv2d_16,"(1, 2, 50, 47)",4,10,10,10,10,10,3,7,0
10841,conv2d_16,"(0, 0, 48, 1)",21,10,10,10,10,10,0,10,0
10842,conv2d_16,"(0, 0, 58, 31)",31,10,10,10,10,10,0,10,0
10843,conv2d_16,"(0, 0, 2, 7)",9,10,10,10,10,10,0,10,0
10844,conv2d_16,"(2, 0, 16, 17)",10,10,10,10,10,10,1,9,0
10845,conv2d_16,"(2, 0, 27, 50)",20,10,10,10,10,10,0,10,0
10846,conv2d_16,"(0, 0, 4, 12)",4,10,10,10,10,10,1,9,0
10847,conv2d_16,"(1, 2, 25, 48)",7,10,10,10,10,10,0,10,0
10848,conv2d_16,"(1, 1, 48, 0)",30,10,0,7,0,7,0,0,10
10849,conv2d_16,"(0, 1, 5, 8)",19,10,10,10,10,10,0,10,0
10850,conv2d_16,"(1, 0, 10, 10)",11,10,10,10,10,10,1,9,0
10851,conv2d_16,"(1, 0, 19, 19)",24,10,10,10,10,10,0,10,0
10852,conv2d_16,"(2, 1, 17, 32)",24,10,10,10,10,10,0,10,0
10853,conv2d_16,"(1, 0, 55, 15)",6,10,10,10,10,10,2,8,0
10854,conv2d_16,"(0, 0, 62, 8)",20,10,10,10,10,10,0,10,0
10855,conv2d_16,"(2, 1, 38, 32)",20,10,10,10,10,10,0,10,0
10856,conv2d_16,"(0, 2, 4, 41)",17,10,10,10,10,10,0,10,0
10857,conv2d_16,"(2, 2, 10, 20)",9,10,10,10,10,10,0,10,0
10858,conv2d_16,"(2, 2, 33, 41)",3,10,10,10,10,10,0,10,0
10859,conv2d_16,"(1, 2, 59, 42)",21,10,10,10,10,10,10,0,0
10860,conv2d_16,"(1, 0, 21, 0)",16,10,10,10,10,10,1,9,0
10861,conv2d_16,"(0, 0, 53, 17)",23,10,10,10,10,10,0,10,0
10862,conv2d_16,"(0, 2, 29, 22)",29,10,10,10,10,10,0,10,0
10863,conv2d_16,"(2, 1, 36, 41)",31,10,10,10,10,10,0,10,0
10864,conv2d_16,"(0, 0, 24, 15)",9,10,10,10,10,10,0,10,0
10865,conv2d_16,"(0, 2, 51, 2)",13,10,10,10,10,10,0,10,0
10866,conv2d_16,"(0, 0, 1, 16)",26,10,10,10,10,10,0,10,0
10867,conv2d_16,"(2, 1, 54, 57)",17,10,10,10,10,10,0,10,0
10868,conv2d_16,"(0, 2, 21, 39)",31,10,10,10,10,10,0,10,0
10869,conv2d_16,"(0, 2, 63, 1)",3,10,10,10,10,10,0,10,0
10870,conv2d_16,"(2, 1, 38, 5)",14,10,10,10,10,10,0,10,0
10871,conv2d_16,"(1, 1, 49, 4)",28,10,10,10,10,10,0,10,0
10872,conv2d_16,"(2, 1, 22, 55)",2,10,10,10,10,10,0,10,0
10873,conv2d_16,"(2, 1, 55, 20)",4,10,10,10,10,10,2,8,0
10874,conv2d_16,"(2, 1, 32, 5)",7,10,10,10,10,10,0,10,0
10875,conv2d_16,"(2, 1, 38, 53)",16,10,10,10,10,10,1,9,0
10876,conv2d_16,"(2, 1, 33, 41)",26,10,10,10,10,10,0,10,0
10877,conv2d_16,"(1, 2, 59, 44)",7,10,10,10,10,10,10,0,0
10878,conv2d_16,"(0, 1, 57, 31)",12,10,10,10,10,10,0,10,0
10879,conv2d_16,"(1, 2, 21, 32)",13,10,10,10,10,10,0,10,0
10880,conv2d_16,"(0, 0, 59, 22)",11,10,10,10,10,10,10,0,0
10881,conv2d_16,"(1, 1, 48, 59)",16,10,10,10,10,10,0,10,0
10882,conv2d_16,"(1, 1, 16, 37)",18,10,10,10,10,10,0,10,0
10883,conv2d_16,"(1, 2, 39, 54)",17,10,10,10,10,10,0,10,0
10884,conv2d_16,"(2, 0, 24, 7)",1,10,10,10,10,10,4,6,0
10885,conv2d_16,"(1, 0, 12, 19)",24,10,10,10,10,10,0,10,0
10886,conv2d_16,"(2, 1, 41, 53)",22,10,10,10,10,10,0,10,0
10887,conv2d_16,"(0, 0, 22, 25)",15,10,10,10,10,10,0,10,0
10888,conv2d_16,"(2, 0, 42, 39)",13,10,10,10,10,10,0,10,0
10889,conv2d_16,"(1, 2, 49, 44)",10,10,10,10,10,10,0,10,0
10890,conv2d_16,"(1, 1, 53, 16)",23,10,10,10,10,10,0,10,0
10891,conv2d_16,"(2, 0, 19, 38)",14,10,10,10,10,10,0,10,0
10892,conv2d_16,"(0, 0, 14, 0)",29,10,10,10,10,10,1,9,0
10893,conv2d_16,"(2, 0, 9, 50)",23,10,10,10,10,10,0,10,0
10894,conv2d_16,"(0, 0, 61, 58)",19,10,10,10,10,10,1,9,0
10895,conv2d_16,"(0, 1, 14, 11)",6,10,10,10,10,10,1,9,0
10896,conv2d_16,"(0, 0, 19, 48)",22,10,10,10,10,10,1,9,0
10897,conv2d_16,"(0, 2, 34, 31)",4,10,10,10,10,10,2,8,0
10898,conv2d_16,"(2, 1, 45, 14)",25,10,10,10,10,10,0,10,0
10899,conv2d_16,"(2, 0, 4, 43)",24,10,10,10,10,10,0,10,0
10900,conv2d_16,"(2, 1, 57, 25)",1,10,10,10,10,10,4,6,0
10901,conv2d_16,"(2, 2, 56, 47)",8,10,10,10,10,10,1,9,0
10902,conv2d_16,"(0, 0, 47, 15)",5,10,10,10,10,10,3,7,0
10903,conv2d_16,"(2, 2, 3, 7)",16,10,10,10,10,10,0,10,0
10904,conv2d_16,"(0, 0, 28, 37)",8,10,10,10,10,10,10,0,0
10905,conv2d_16,"(0, 0, 62, 58)",0,10,10,10,10,10,6,4,0
10906,conv2d_16,"(1, 2, 42, 48)",18,10,10,10,10,10,0,10,0
10907,conv2d_16,"(2, 1, 57, 18)",12,10,10,10,10,10,0,10,0
10908,conv2d_16,"(1, 0, 22, 1)",10,10,10,10,10,10,0,10,0
10909,conv2d_16,"(1, 2, 56, 50)",14,10,10,10,10,10,0,10,0
10910,conv2d_16,"(1, 0, 11, 12)",5,10,10,10,10,10,0,10,0
10911,conv2d_16,"(1, 0, 58, 7)",30,10,0,6,0,6,0,0,10
10912,conv2d_16,"(0, 1, 35, 10)",11,10,10,10,10,10,1,9,0
10913,conv2d_16,"(0, 2, 37, 55)",14,10,10,10,10,10,0,10,0
10914,conv2d_16,"(2, 1, 48, 3)",24,10,10,10,10,10,1,9,0
10915,conv2d_16,"(0, 2, 36, 14)",12,10,10,10,10,10,0,10,0
10916,conv2d_16,"(1, 1, 52, 8)",8,10,10,10,10,10,2,8,0
10917,conv2d_16,"(0, 1, 39, 40)",18,10,10,10,10,10,0,10,0
10918,conv2d_16,"(0, 2, 33, 60)",18,10,10,10,10,10,0,10,0
10919,conv2d_16,"(0, 2, 43, 62)",30,10,1,7,1,7,0,1,9
10920,conv2d_16,"(1, 2, 39, 20)",29,10,10,10,10,10,1,9,0
10921,conv2d_16,"(1, 1, 23, 22)",22,10,10,10,10,10,0,10,0
10922,conv2d_16,"(2, 2, 3, 37)",17,10,10,10,10,10,0,10,0
10923,conv2d_16,"(0, 0, 15, 19)",7,10,10,10,10,10,0,10,0
10924,conv2d_16,"(0, 0, 51, 38)",30,10,2,5,2,5,0,2,8
10925,conv2d_16,"(1, 1, 41, 57)",13,10,10,10,10,10,1,9,0
10926,conv2d_16,"(1, 2, 44, 4)",24,10,10,10,10,10,0,10,0
10927,conv2d_16,"(2, 1, 16, 49)",11,10,10,10,10,10,4,6,0
10928,conv2d_16,"(2, 1, 30, 27)",15,10,10,10,10,10,1,9,0
10929,conv2d_16,"(2, 2, 4, 1)",8,10,10,10,10,10,0,10,0
10930,conv2d_16,"(0, 2, 44, 44)",21,10,10,10,10,10,0,10,0
10931,conv2d_16,"(1, 2, 47, 23)",13,10,10,10,10,10,2,8,0
10932,conv2d_16,"(2, 2, 62, 58)",13,10,10,10,10,10,0,10,0
10933,conv2d_16,"(1, 0, 22, 13)",19,10,10,10,10,10,0,10,0
10934,conv2d_16,"(0, 0, 62, 46)",14,10,10,10,10,10,0,10,0
10935,conv2d_16,"(0, 1, 14, 12)",22,10,10,10,10,10,0,10,0
10936,conv2d_16,"(0, 2, 62, 15)",13,10,10,10,10,10,0,10,0
10937,conv2d_16,"(1, 0, 25, 46)",18,10,10,10,10,10,0,10,0
10938,conv2d_16,"(1, 0, 15, 22)",21,10,10,10,10,10,0,10,0
10939,conv2d_16,"(1, 0, 39, 54)",31,10,10,10,10,10,0,10,0
10940,conv2d_16,"(1, 0, 8, 60)",14,10,10,10,10,10,0,10,0
10941,conv2d_16,"(1, 2, 27, 41)",5,10,10,10,10,10,0,10,0
10942,conv2d_16,"(1, 2, 44, 7)",11,10,10,10,10,10,0,10,0
10943,conv2d_16,"(0, 2, 55, 42)",30,10,2,2,2,2,0,2,8
10944,conv2d_16,"(1, 0, 54, 27)",12,10,10,10,10,10,0,10,0
10945,conv2d_16,"(0, 0, 55, 15)",0,10,10,10,10,10,6,4,0
10946,conv2d_16,"(2, 2, 53, 18)",30,10,0,4,0,4,0,0,10
10947,conv2d_16,"(2, 2, 19, 37)",30,10,0,5,0,5,0,0,10
10948,conv2d_16,"(0, 1, 42, 61)",14,10,10,10,10,10,0,10,0
10949,conv2d_16,"(0, 0, 56, 50)",28,10,10,10,10,10,0,10,0
10950,conv2d_16,"(1, 1, 4, 45)",6,10,10,10,10,10,0,10,0
10951,conv2d_16,"(2, 1, 40, 16)",21,10,10,10,10,10,0,10,0
10952,conv2d_16,"(0, 1, 37, 35)",18,10,10,10,10,10,0,10,0
10953,conv2d_16,"(0, 0, 26, 30)",5,10,10,10,10,10,0,10,0
10954,conv2d_16,"(2, 2, 48, 40)",20,10,10,10,10,10,0,10,0
10955,conv2d_16,"(0, 1, 3, 39)",8,10,10,10,10,10,0,10,0
10956,conv2d_16,"(1, 2, 5, 12)",0,10,10,10,10,10,10,0,0
10957,conv2d_16,"(0, 0, 52, 31)",14,10,10,10,10,10,0,10,0
10958,conv2d_16,"(2, 1, 15, 47)",10,10,10,10,10,10,0,10,0
10959,conv2d_16,"(1, 1, 11, 18)",25,10,10,10,10,10,0,10,0
10960,conv2d_16,"(2, 0, 25, 11)",28,10,10,10,10,10,0,10,0
10961,conv2d_16,"(0, 2, 56, 30)",18,10,10,10,10,10,0,10,0
10962,conv2d_16,"(1, 1, 41, 37)",12,10,10,10,10,10,0,10,0
10963,conv2d_16,"(1, 2, 0, 3)",18,10,10,10,10,10,10,0,0
10964,conv2d_16,"(2, 1, 57, 43)",30,10,5,6,5,6,0,5,5
10965,conv2d_16,"(2, 1, 15, 37)",26,10,10,10,10,10,0,10,0
10966,conv2d_16,"(2, 0, 12, 44)",6,10,10,10,10,10,0,10,0
10967,conv2d_16,"(0, 0, 31, 51)",23,10,10,10,10,10,1,9,0
10968,conv2d_16,"(2, 1, 31, 28)",12,10,10,10,10,10,0,10,0
10969,conv2d_16,"(1, 2, 42, 5)",22,10,10,10,10,10,0,10,0
10970,conv2d_16,"(1, 0, 48, 59)",29,10,10,10,10,10,0,10,0
10971,conv2d_16,"(1, 0, 23, 7)",29,10,10,10,10,10,0,10,0
10972,conv2d_16,"(1, 0, 54, 48)",24,10,10,10,10,10,0,10,0
10973,conv2d_16,"(2, 1, 2, 45)",9,10,10,10,10,10,0,10,0
10974,conv2d_16,"(0, 1, 10, 54)",26,10,10,10,10,10,0,10,0
10975,conv2d_16,"(2, 0, 44, 47)",8,10,10,10,10,10,0,10,0
10976,conv2d_16,"(1, 1, 32, 49)",6,10,10,10,10,10,0,10,0
10977,conv2d_16,"(0, 2, 8, 33)",17,10,10,10,10,10,0,10,0
10978,conv2d_16,"(0, 2, 33, 1)",27,10,10,10,10,10,1,9,0
10979,conv2d_16,"(1, 2, 26, 36)",24,10,10,10,10,10,0,10,0
10980,conv2d_16,"(0, 0, 0, 6)",9,10,10,10,10,10,10,0,0
10981,conv2d_16,"(0, 1, 62, 0)",13,10,10,10,10,10,0,10,0
10982,conv2d_16,"(2, 2, 27, 15)",9,10,10,10,10,10,0,10,0
10983,conv2d_16,"(2, 0, 10, 61)",14,10,10,10,10,10,0,10,0
10984,conv2d_16,"(2, 0, 61, 13)",6,10,10,10,10,10,1,9,0
10985,conv2d_16,"(0, 0, 42, 52)",4,10,10,10,10,10,10,0,0
10986,conv2d_16,"(1, 1, 46, 59)",0,10,10,10,10,10,3,7,0
10987,conv2d_16,"(2, 1, 4, 13)",28,10,10,10,10,10,0,10,0
10988,conv2d_16,"(0, 1, 16, 40)",8,10,10,10,10,10,0,10,0
10989,conv2d_16,"(1, 0, 11, 39)",14,10,10,10,10,10,0,10,0
10990,conv2d_16,"(1, 1, 13, 21)",21,10,10,10,10,10,0,10,0
10991,conv2d_16,"(1, 0, 62, 10)",4,10,10,10,10,10,3,7,0
10992,conv2d_16,"(2, 1, 10, 26)",18,10,10,10,10,10,0,10,0
10993,conv2d_16,"(0, 1, 14, 31)",8,10,10,10,10,10,0,10,0
10994,conv2d_16,"(0, 1, 54, 62)",21,10,10,10,10,10,0,10,0
10995,conv2d_16,"(1, 2, 62, 31)",23,10,10,10,10,10,0,10,0
10996,conv2d_16,"(2, 0, 11, 8)",20,10,10,10,10,10,0,10,0
10997,conv2d_16,"(2, 1, 54, 55)",7,10,10,10,10,10,0,10,0
10998,conv2d_16,"(2, 0, 27, 49)",29,10,10,10,10,10,1,9,0
10999,conv2d_16,"(0, 1, 60, 21)",16,10,10,10,10,10,0,10,0
11000,conv2d_16,"(0, 2, 52, 24)",5,10,10,10,10,10,3,7,0
11001,conv2d_16,"(0, 0, 36, 24)",21,10,10,10,10,10,0,10,0
11002,conv2d_16,"(0, 1, 24, 3)",25,10,10,10,10,10,0,10,0
11003,conv2d_16,"(1, 2, 60, 1)",26,10,10,10,10,10,0,10,0
11004,conv2d_16,"(1, 1, 41, 56)",18,10,10,10,10,10,1,9,0
11005,conv2d_16,"(1, 2, 40, 54)",16,10,10,10,10,10,0,10,0
11006,conv2d_16,"(2, 1, 14, 18)",13,10,10,10,10,10,1,9,0
11007,conv2d_16,"(0, 1, 13, 22)",20,10,10,10,10,10,0,10,0
11008,conv2d_16,"(1, 0, 60, 62)",22,10,10,10,10,10,0,10,0
11009,conv2d_16,"(0, 1, 27, 7)",4,10,10,10,10,10,0,10,0
11010,conv2d_16,"(2, 1, 39, 26)",23,10,10,10,10,10,0,10,0
11011,conv2d_16,"(1, 2, 53, 6)",26,10,10,10,10,10,0,10,0
11012,conv2d_16,"(2, 1, 28, 54)",17,10,10,10,10,10,10,0,0
11013,conv2d_16,"(1, 0, 61, 37)",14,10,10,10,10,10,0,10,0
11014,conv2d_16,"(0, 1, 11, 39)",15,10,10,10,10,10,0,10,0
11015,conv2d_16,"(0, 0, 33, 31)",27,10,10,10,10,10,0,10,0
11016,conv2d_16,"(0, 2, 58, 47)",28,10,10,10,10,10,0,10,0
11017,conv2d_16,"(1, 1, 48, 53)",10,10,10,10,10,10,2,8,0
11018,conv2d_16,"(1, 2, 53, 5)",3,10,10,10,10,10,0,10,0
11019,conv2d_16,"(0, 1, 29, 30)",28,10,10,10,10,10,0,10,0
11020,conv2d_16,"(1, 1, 58, 62)",6,10,10,10,10,10,0,10,0
11021,conv2d_16,"(0, 2, 32, 4)",30,10,1,6,1,6,0,1,9
11022,conv2d_16,"(2, 0, 14, 15)",3,10,10,10,10,10,0,10,0
11023,conv2d_16,"(2, 1, 27, 1)",2,10,10,10,10,10,2,8,0
11024,conv2d_16,"(2, 2, 42, 31)",11,10,10,10,10,10,0,10,0
11025,conv2d_16,"(1, 0, 14, 61)",8,10,10,10,10,10,0,10,0
11026,conv2d_16,"(0, 2, 27, 6)",0,10,10,10,10,10,6,4,0
11027,conv2d_16,"(1, 1, 50, 55)",27,10,10,10,10,10,1,9,0
11028,conv2d_16,"(2, 1, 12, 46)",30,10,1,4,1,4,0,1,9
11029,conv2d_16,"(2, 2, 59, 63)",19,10,10,10,10,10,10,0,0
11030,conv2d_16,"(2, 2, 62, 44)",22,10,10,10,10,10,1,9,0
11031,conv2d_16,"(0, 0, 61, 59)",18,10,10,10,10,10,0,10,0
11032,conv2d_16,"(2, 1, 58, 11)",26,10,10,10,10,10,0,10,0
11033,conv2d_16,"(1, 2, 6, 8)",11,10,10,10,10,10,0,10,0
11034,conv2d_16,"(0, 0, 45, 28)",13,10,10,10,10,10,0,10,0
11035,conv2d_16,"(2, 2, 63, 17)",25,10,10,10,10,10,0,10,0
11036,conv2d_16,"(2, 2, 54, 50)",19,10,10,10,10,10,0,10,0
11037,conv2d_16,"(0, 0, 2, 18)",11,10,10,10,10,10,0,10,0
11038,conv2d_16,"(0, 2, 42, 49)",14,10,10,10,10,10,0,10,0
11039,conv2d_16,"(0, 1, 40, 6)",6,10,10,10,10,10,0,10,0
11040,conv2d_16,"(0, 0, 34, 12)",28,10,10,10,10,10,0,10,0
11041,conv2d_16,"(0, 0, 47, 52)",13,10,10,10,10,10,0,10,0
11042,conv2d_16,"(2, 1, 22, 43)",23,10,10,10,10,10,0,10,0
11043,conv2d_16,"(0, 0, 55, 60)",26,10,10,10,10,10,0,10,0
11044,conv2d_16,"(2, 1, 3, 9)",10,10,10,10,10,10,0,10,0
11045,conv2d_16,"(1, 1, 6, 61)",13,10,10,10,10,10,0,10,0
11046,conv2d_16,"(1, 0, 56, 54)",9,10,10,10,10,10,0,10,0
11047,conv2d_16,"(1, 1, 52, 57)",9,10,10,10,10,10,1,9,0
11048,conv2d_16,"(1, 1, 25, 14)",20,10,10,10,10,10,0,10,0
11049,conv2d_16,"(1, 2, 8, 51)",14,10,10,10,10,10,1,9,0
11050,conv2d_16,"(2, 0, 44, 15)",12,10,10,10,10,10,0,10,0
11051,conv2d_16,"(0, 0, 46, 38)",11,10,10,10,10,10,0,10,0
11052,conv2d_16,"(2, 1, 4, 6)",2,10,10,10,10,10,2,8,0
11053,conv2d_16,"(0, 0, 6, 39)",17,10,10,10,10,10,0,10,0
11054,conv2d_16,"(0, 0, 57, 13)",25,10,10,10,10,10,0,10,0
11055,conv2d_16,"(0, 1, 23, 32)",15,10,10,10,10,10,0,10,0
11056,conv2d_16,"(0, 1, 9, 27)",9,10,10,10,10,10,0,10,0
11057,conv2d_16,"(1, 2, 8, 39)",28,10,10,10,10,10,0,10,0
11058,conv2d_16,"(1, 0, 61, 15)",4,10,10,10,10,10,2,8,0
11059,conv2d_16,"(2, 2, 60, 61)",18,10,10,10,10,10,0,10,0
11060,conv2d_16,"(0, 0, 22, 18)",6,10,10,10,10,10,0,10,0
11061,conv2d_16,"(1, 1, 17, 63)",8,10,10,10,10,10,4,6,0
11062,conv2d_16,"(0, 1, 43, 10)",21,10,10,10,10,10,1,9,0
11063,conv2d_16,"(2, 2, 62, 2)",26,10,10,10,10,10,0,10,0
11064,conv2d_16,"(0, 0, 10, 30)",17,10,10,10,10,10,0,10,0
11065,conv2d_16,"(2, 1, 35, 7)",5,10,10,10,10,10,0,10,0
11066,conv2d_16,"(0, 2, 40, 53)",25,10,10,10,10,10,1,9,0
11067,conv2d_16,"(1, 0, 21, 50)",17,10,10,10,10,10,0,10,0
11068,conv2d_16,"(0, 1, 61, 44)",20,10,10,10,10,10,0,10,0
11069,conv2d_16,"(0, 0, 55, 55)",28,10,10,10,10,10,0,10,0
11070,conv2d_16,"(1, 0, 57, 47)",29,10,10,10,10,10,0,10,0
11071,conv2d_16,"(0, 2, 22, 15)",12,10,10,10,10,10,0,10,0
11072,conv2d_16,"(1, 2, 63, 11)",30,10,1,8,1,8,0,1,9
11073,conv2d_16,"(2, 0, 62, 0)",0,10,10,10,10,10,10,0,0
11074,conv2d_16,"(2, 1, 21, 16)",27,10,10,10,10,10,0,10,0
11075,conv2d_16,"(1, 1, 35, 20)",11,10,10,10,10,10,0,10,0
11076,conv2d_16,"(0, 0, 37, 56)",0,10,10,10,10,10,2,8,0
11077,conv2d_16,"(2, 2, 63, 28)",2,10,10,10,10,10,0,10,0
11078,conv2d_16,"(1, 1, 36, 53)",19,10,10,10,10,10,0,10,0
11079,conv2d_16,"(2, 2, 53, 11)",19,10,10,10,10,10,0,10,0
11080,conv2d_16,"(2, 2, 34, 62)",12,10,10,10,10,10,0,10,0
11081,conv2d_16,"(0, 2, 0, 22)",9,10,10,10,10,10,10,0,0
11082,conv2d_16,"(2, 1, 48, 21)",30,10,8,10,8,10,0,8,2
11083,conv2d_16,"(1, 1, 26, 3)",23,10,10,10,10,10,1,9,0
11084,conv2d_16,"(1, 1, 47, 62)",30,10,0,5,0,5,0,0,10
11085,conv2d_16,"(0, 0, 41, 49)",9,10,10,10,10,10,0,10,0
11086,conv2d_16,"(1, 0, 53, 33)",1,10,10,10,10,10,10,0,0
11087,conv2d_16,"(0, 0, 28, 14)",11,10,10,10,10,10,10,0,0
11088,conv2d_16,"(1, 0, 58, 44)",16,10,10,10,10,10,0,10,0
11089,conv2d_16,"(0, 1, 17, 9)",25,10,10,10,10,10,1,9,0
11090,conv2d_16,"(2, 1, 30, 39)",0,10,10,10,10,10,9,1,0
11091,conv2d_16,"(1, 2, 40, 35)",28,10,10,10,10,10,1,9,0
11092,conv2d_16,"(1, 2, 12, 29)",9,10,10,10,10,10,0,10,0
11093,conv2d_16,"(0, 0, 54, 54)",16,10,10,10,10,10,0,10,0
11094,conv2d_16,"(1, 0, 56, 62)",12,10,10,10,10,10,0,10,0
11095,conv2d_16,"(1, 0, 7, 19)",3,10,10,10,10,10,1,9,0
11096,conv2d_16,"(1, 1, 18, 6)",27,10,10,10,10,10,0,10,0
11097,conv2d_16,"(2, 1, 14, 34)",15,10,10,10,10,10,0,10,0
11098,conv2d_16,"(2, 0, 61, 49)",14,10,10,10,10,10,2,8,0
11099,conv2d_16,"(2, 0, 31, 25)",12,10,10,10,10,10,0,10,0
11100,conv2d_16,"(2, 2, 54, 57)",13,10,10,10,10,10,1,9,0
11101,conv2d_16,"(1, 2, 19, 51)",7,10,10,10,10,10,0,10,0
11102,conv2d_16,"(2, 2, 26, 57)",27,10,10,10,10,10,1,9,0
11103,conv2d_16,"(1, 0, 48, 13)",9,10,10,10,10,10,0,10,0
11104,conv2d_16,"(0, 1, 42, 31)",15,10,10,10,10,10,0,10,0
11105,conv2d_16,"(0, 2, 62, 61)",23,10,10,10,10,10,0,10,0
11106,conv2d_16,"(2, 2, 14, 17)",1,10,10,10,10,10,5,5,0
11107,conv2d_16,"(2, 1, 32, 48)",1,10,10,10,10,10,4,6,0
11108,conv2d_16,"(1, 0, 26, 25)",22,10,10,10,10,10,1,9,0
11109,conv2d_16,"(1, 0, 50, 7)",9,10,10,10,10,10,0,10,0
11110,conv2d_16,"(0, 2, 55, 52)",5,10,10,10,10,10,0,10,0
11111,conv2d_16,"(1, 1, 57, 7)",29,10,10,10,10,10,0,10,0
11112,conv2d_16,"(1, 2, 52, 56)",14,10,10,10,10,10,1,9,0
11113,conv2d_16,"(2, 0, 9, 61)",2,10,10,10,10,10,3,7,0
11114,conv2d_16,"(1, 1, 56, 45)",14,10,10,10,10,10,0,10,0
11115,conv2d_16,"(1, 0, 4, 27)",31,10,10,10,10,10,0,10,0
11116,conv2d_16,"(2, 1, 5, 35)",10,10,10,10,10,10,0,10,0
11117,conv2d_16,"(1, 0, 17, 32)",3,10,10,10,10,10,4,6,0
11118,conv2d_16,"(0, 1, 30, 30)",30,10,1,4,1,4,0,1,9
11119,conv2d_16,"(1, 1, 24, 63)",6,10,10,10,10,10,3,7,0
11120,conv2d_16,"(2, 2, 14, 35)",26,10,10,10,10,10,1,9,0
11121,conv2d_16,"(0, 0, 10, 50)",19,10,10,10,10,10,0,10,0
11122,conv2d_16,"(0, 1, 51, 2)",30,10,1,6,1,6,0,1,9
11123,conv2d_16,"(1, 1, 33, 23)",13,10,10,10,10,10,0,10,0
11124,conv2d_16,"(0, 1, 60, 44)",20,10,10,10,10,10,0,10,0
11125,conv2d_16,"(1, 0, 1, 4)",19,10,10,10,10,10,0,10,0
11126,conv2d_16,"(2, 0, 45, 29)",1,10,10,10,10,10,10,0,0
11127,conv2d_16,"(2, 2, 55, 54)",10,10,10,10,10,10,0,10,0
11128,conv2d_16,"(2, 0, 40, 34)",20,10,10,10,10,10,0,10,0
11129,conv2d_16,"(2, 0, 34, 8)",19,10,10,10,10,10,2,8,0
11130,conv2d_16,"(1, 2, 28, 59)",31,10,10,10,10,10,10,0,0
11131,conv2d_16,"(0, 1, 34, 47)",20,10,10,10,10,10,0,10,0
11132,conv2d_16,"(1, 2, 48, 30)",25,10,10,10,10,10,0,10,0
11133,conv2d_16,"(1, 1, 7, 12)",28,10,10,10,10,10,0,10,0
11134,conv2d_16,"(0, 0, 18, 58)",9,10,10,10,10,10,0,10,0
11135,conv2d_16,"(1, 2, 39, 54)",5,10,10,10,10,10,0,10,0
11136,conv2d_16,"(0, 0, 30, 41)",0,10,10,10,10,10,3,7,0
11137,conv2d_16,"(0, 0, 63, 18)",29,10,10,10,10,10,0,10,0
11138,conv2d_16,"(1, 1, 7, 46)",30,10,6,6,6,6,0,6,4
11139,conv2d_16,"(2, 2, 31, 55)",2,10,10,10,10,10,7,3,0
11140,conv2d_16,"(1, 1, 13, 40)",15,10,10,10,10,10,0,10,0
11141,conv2d_16,"(0, 1, 1, 48)",4,10,10,10,10,10,4,6,0
11142,conv2d_16,"(1, 1, 4, 19)",0,10,10,10,10,10,2,8,0
11143,conv2d_16,"(1, 2, 3, 6)",5,10,10,10,10,10,0,10,0
11144,conv2d_16,"(2, 1, 46, 44)",14,10,10,10,10,10,0,10,0
11145,conv2d_16,"(1, 1, 18, 20)",20,10,10,10,10,10,0,10,0
11146,conv2d_16,"(1, 0, 55, 45)",13,10,10,10,10,10,0,10,0
11147,conv2d_16,"(0, 1, 16, 23)",19,10,10,10,10,10,1,9,0
11148,conv2d_16,"(0, 2, 10, 35)",23,10,10,10,10,10,0,10,0
11149,conv2d_16,"(1, 2, 57, 10)",12,10,10,10,10,10,0,10,0
11150,conv2d_16,"(0, 2, 6, 26)",5,10,10,10,10,10,2,8,0
11151,conv2d_16,"(2, 1, 55, 40)",2,10,10,10,10,10,5,5,0
11152,conv2d_16,"(1, 2, 1, 61)",27,10,10,10,10,10,0,10,0
11153,conv2d_16,"(0, 1, 8, 47)",13,10,10,10,10,10,0,10,0
11154,conv2d_16,"(2, 0, 14, 52)",8,10,10,10,10,10,2,8,0
11155,conv2d_16,"(0, 2, 37, 62)",7,10,10,10,10,10,0,10,0
11156,conv2d_16,"(0, 0, 58, 8)",24,10,10,10,10,10,0,10,0
11157,conv2d_16,"(0, 1, 18, 29)",20,10,10,10,10,10,0,10,0
11158,conv2d_16,"(2, 2, 56, 16)",25,10,10,10,10,10,0,10,0
11159,conv2d_16,"(0, 2, 30, 17)",11,10,10,10,10,10,1,9,0
11160,conv2d_16,"(1, 0, 7, 36)",4,10,10,10,10,10,1,9,0
11161,conv2d_16,"(1, 1, 6, 45)",3,10,10,10,10,10,9,1,0
11162,conv2d_16,"(2, 0, 13, 24)",9,10,10,10,10,10,0,10,0
11163,conv2d_16,"(1, 2, 6, 52)",22,10,10,10,10,10,0,10,0
11164,conv2d_16,"(1, 2, 41, 53)",4,10,10,10,10,10,3,7,0
11165,conv2d_16,"(0, 2, 34, 34)",15,10,10,10,10,10,0,10,0
11166,conv2d_16,"(1, 1, 45, 54)",4,10,10,10,10,10,3,7,0
11167,conv2d_16,"(2, 0, 63, 23)",23,10,10,10,10,10,0,10,0
11168,conv2d_16,"(1, 2, 58, 32)",30,10,0,4,0,4,0,0,10
11169,conv2d_16,"(1, 1, 43, 4)",9,10,10,10,10,10,1,9,0
11170,conv2d_16,"(2, 0, 3, 28)",23,10,10,10,10,10,0,10,0
11171,conv2d_16,"(2, 2, 0, 50)",19,10,10,10,10,10,10,0,0
11172,conv2d_16,"(0, 1, 50, 34)",0,10,10,10,10,10,10,0,0
11173,conv2d_16,"(2, 2, 17, 12)",14,10,10,10,10,10,0,10,0
11174,conv2d_16,"(1, 1, 6, 42)",23,10,10,10,10,10,0,10,0
11175,conv2d_16,"(0, 1, 55, 48)",1,10,10,10,10,10,7,3,0
11176,conv2d_16,"(2, 1, 2, 44)",23,10,10,10,10,10,0,10,0
11177,conv2d_16,"(1, 1, 54, 58)",13,10,10,10,10,10,0,10,0
11178,conv2d_16,"(2, 0, 31, 60)",19,10,10,10,10,10,0,10,0
11179,conv2d_16,"(0, 1, 34, 62)",9,10,10,10,10,10,0,10,0
11180,conv2d_16,"(1, 0, 24, 5)",5,10,10,10,10,10,1,9,0
11181,conv2d_16,"(2, 0, 2, 49)",1,10,10,10,10,10,2,8,0
11182,conv2d_16,"(1, 1, 58, 17)",31,10,10,10,10,10,0,10,0
11183,conv2d_16,"(0, 1, 39, 9)",14,10,10,10,10,10,0,10,0
11184,conv2d_16,"(0, 0, 10, 21)",3,10,10,10,10,10,8,2,0
11185,conv2d_16,"(2, 1, 55, 16)",8,10,10,10,10,10,0,10,0
11186,conv2d_16,"(1, 0, 62, 30)",6,10,10,10,10,10,0,10,0
11187,conv2d_16,"(0, 2, 31, 28)",15,10,10,10,10,10,0,10,0
11188,conv2d_16,"(1, 0, 33, 12)",15,10,10,10,10,10,0,10,0
11189,conv2d_16,"(0, 1, 1, 62)",24,10,10,10,10,10,0,10,0
11190,conv2d_16,"(2, 0, 25, 27)",28,10,10,10,10,10,0,10,0
11191,conv2d_16,"(1, 1, 19, 33)",20,10,10,10,10,10,0,10,0
11192,conv2d_16,"(1, 2, 50, 51)",2,10,10,10,10,10,3,7,0
11193,conv2d_16,"(0, 0, 5, 42)",23,10,10,10,10,10,0,10,0
11194,conv2d_16,"(2, 0, 27, 44)",20,10,10,10,10,10,0,10,0
11195,conv2d_16,"(0, 0, 47, 60)",20,10,10,10,10,10,0,10,0
11196,conv2d_16,"(2, 2, 28, 34)",21,10,10,10,10,10,10,0,0
11197,conv2d_16,"(2, 2, 13, 58)",3,10,10,10,10,10,1,9,0
11198,conv2d_16,"(2, 2, 58, 61)",17,10,10,10,10,10,0,10,0
11199,conv2d_16,"(2, 2, 36, 13)",7,10,10,10,10,10,0,10,0
11200,conv2d_16,"(1, 1, 14, 44)",27,10,10,10,10,10,1,9,0
11201,conv2d_16,"(2, 2, 11, 52)",21,10,10,10,10,10,0,10,0
11202,conv2d_16,"(1, 0, 14, 32)",2,10,10,10,10,10,5,5,0
11203,conv2d_16,"(1, 1, 52, 0)",9,10,10,10,10,10,0,10,0
11204,conv2d_16,"(1, 2, 50, 50)",23,10,10,10,10,10,1,9,0
11205,conv2d_16,"(2, 1, 40, 37)",15,10,10,10,10,10,0,10,0
11206,conv2d_16,"(1, 1, 28, 51)",27,10,10,10,10,10,10,0,0
11207,conv2d_16,"(2, 2, 46, 55)",22,10,10,10,10,10,0,10,0
11208,conv2d_16,"(2, 0, 21, 5)",17,10,10,10,10,10,0,10,0
11209,conv2d_16,"(0, 2, 16, 36)",6,10,10,10,10,10,8,2,0
11210,conv2d_16,"(0, 1, 23, 54)",27,10,10,10,10,10,0,10,0
11211,conv2d_16,"(2, 2, 39, 34)",6,10,10,10,10,10,0,10,0
11212,conv2d_16,"(1, 1, 12, 50)",10,10,10,10,10,10,0,10,0
11213,conv2d_16,"(0, 2, 51, 29)",21,10,10,10,10,10,0,10,0
11214,conv2d_16,"(0, 0, 47, 7)",5,10,10,10,10,10,3,7,0
11215,conv2d_16,"(2, 0, 10, 46)",4,10,10,10,10,10,10,0,0
11216,conv2d_16,"(1, 0, 44, 25)",6,10,10,10,10,10,1,9,0
11217,conv2d_16,"(0, 1, 0, 56)",18,10,10,10,10,10,10,0,0
11218,conv2d_16,"(1, 1, 24, 60)",29,10,10,10,10,10,0,10,0
11219,conv2d_16,"(0, 2, 57, 24)",11,10,10,10,10,10,0,10,0
11220,conv2d_16,"(1, 1, 14, 29)",4,10,10,10,10,10,1,9,0
11221,conv2d_16,"(0, 1, 20, 52)",21,10,10,10,10,10,1,9,0
11222,conv2d_16,"(0, 0, 25, 34)",20,10,10,10,10,10,0,10,0
11223,conv2d_16,"(0, 2, 38, 63)",28,10,10,10,10,10,3,7,0
11224,conv2d_16,"(1, 0, 57, 39)",28,10,10,10,10,10,0,10,0
11225,conv2d_16,"(0, 2, 61, 24)",26,10,10,10,10,10,1,9,0
11226,conv2d_16,"(1, 1, 62, 13)",21,10,10,10,10,10,1,9,0
11227,conv2d_16,"(2, 2, 62, 56)",3,10,10,10,10,10,4,6,0
11228,conv2d_16,"(2, 0, 15, 49)",18,10,10,10,10,10,2,8,0
11229,conv2d_16,"(1, 0, 19, 33)",5,10,10,10,10,10,0,10,0
11230,conv2d_16,"(1, 1, 40, 4)",20,10,10,10,10,10,2,8,0
11231,conv2d_16,"(1, 0, 16, 9)",23,10,10,10,10,10,0,10,0
11232,conv2d_16,"(0, 1, 55, 16)",16,10,10,10,10,10,0,10,0
11233,conv2d_16,"(1, 0, 8, 0)",28,10,10,10,10,10,0,10,0
11234,conv2d_16,"(1, 2, 48, 6)",7,10,10,10,10,10,0,10,0
11235,conv2d_16,"(1, 0, 39, 38)",15,10,10,10,10,10,0,10,0
11236,conv2d_16,"(0, 0, 44, 63)",6,10,10,10,10,10,0,10,0
11237,conv2d_16,"(2, 0, 48, 46)",17,10,10,10,10,10,0,10,0
11238,conv2d_16,"(1, 2, 13, 55)",19,10,10,10,10,10,0,10,0
11239,conv2d_16,"(1, 0, 44, 9)",12,10,10,10,10,10,0,10,0
11240,conv2d_16,"(2, 1, 54, 60)",0,10,10,10,10,10,7,3,0
11241,conv2d_16,"(1, 0, 25, 11)",31,10,10,10,10,10,0,10,0
11242,conv2d_16,"(2, 0, 1, 8)",31,10,10,10,10,10,0,10,0
11243,conv2d_16,"(1, 2, 47, 14)",6,10,10,10,10,10,3,7,0
11244,conv2d_16,"(0, 1, 44, 38)",22,10,10,10,10,10,0,10,0
11245,conv2d_16,"(2, 2, 35, 12)",22,10,10,10,10,10,0,10,0
11246,conv2d_16,"(2, 1, 24, 41)",13,10,10,10,10,10,0,10,0
11247,conv2d_16,"(1, 0, 4, 49)",25,10,10,10,10,10,0,10,0
11248,conv2d_16,"(2, 0, 9, 54)",16,10,10,10,10,10,0,10,0
11249,conv2d_16,"(1, 2, 8, 30)",19,10,10,10,10,10,0,10,0
11250,conv2d_16,"(2, 0, 59, 17)",12,10,10,10,10,10,10,0,0
11251,conv2d_16,"(1, 0, 4, 2)",19,10,10,10,10,10,0,10,0
11252,conv2d_16,"(1, 1, 35, 49)",0,10,10,10,10,10,6,4,0
11253,conv2d_16,"(2, 0, 2, 30)",24,10,10,10,10,10,0,10,0
11254,conv2d_16,"(1, 2, 33, 0)",7,10,10,10,10,10,1,9,0
11255,conv2d_16,"(2, 1, 10, 6)",14,10,10,10,10,10,0,10,0
11256,conv2d_16,"(0, 0, 6, 27)",31,10,10,10,10,10,1,9,0
11257,conv2d_16,"(2, 0, 30, 48)",29,10,10,10,10,10,0,10,0
11258,conv2d_16,"(0, 1, 21, 23)",14,10,10,10,10,10,0,10,0
11259,conv2d_16,"(0, 1, 41, 54)",13,10,10,10,10,10,1,9,0
11260,conv2d_16,"(0, 1, 49, 18)",3,10,10,10,10,10,2,8,0
11261,conv2d_16,"(0, 1, 59, 33)",13,10,10,10,10,10,10,0,0
11262,conv2d_16,"(0, 1, 18, 41)",23,10,10,10,10,10,0,10,0
11263,conv2d_16,"(0, 1, 26, 33)",13,10,10,10,10,10,0,10,0
11264,conv2d_16,"(1, 1, 24, 59)",6,10,10,10,10,10,1,9,0
11265,conv2d_16,"(2, 2, 44, 24)",27,10,10,10,10,10,0,10,0
11266,conv2d_16,"(1, 0, 18, 37)",24,10,10,10,10,10,0,10,0
11267,conv2d_16,"(2, 2, 3, 7)",29,10,10,10,10,10,0,10,0
11268,conv2d_16,"(1, 0, 59, 20)",20,10,10,10,10,10,10,0,0
11269,conv2d_16,"(2, 2, 33, 11)",15,10,10,10,10,10,0,10,0
11270,conv2d_16,"(1, 0, 49, 14)",4,10,10,10,10,10,0,10,0
11271,conv2d_16,"(1, 1, 25, 11)",26,10,10,10,10,10,0,10,0
11272,conv2d_16,"(2, 0, 6, 39)",23,10,10,10,10,10,0,10,0
11273,conv2d_16,"(1, 0, 22, 36)",2,10,10,10,10,10,2,8,0
11274,conv2d_16,"(2, 2, 16, 52)",11,10,10,10,10,10,2,8,0
11275,conv2d_16,"(2, 1, 24, 21)",13,10,10,10,10,10,0,10,0
11276,conv2d_16,"(2, 2, 59, 46)",12,10,10,10,10,10,10,0,0
11277,conv2d_16,"(1, 2, 38, 40)",10,10,10,10,10,10,0,10,0
11278,conv2d_16,"(0, 2, 41, 19)",30,10,1,3,1,3,0,1,9
11279,conv2d_16,"(1, 0, 62, 35)",17,10,10,10,10,10,0,10,0
11280,conv2d_16,"(1, 1, 58, 56)",23,10,10,10,10,10,0,10,0
11281,conv2d_16,"(0, 2, 13, 40)",21,10,10,10,10,10,0,10,0
11282,conv2d_16,"(2, 0, 25, 55)",27,10,10,10,10,10,0,10,0
11283,conv2d_16,"(1, 1, 52, 62)",29,10,10,10,10,10,0,10,0
11284,conv2d_16,"(0, 2, 26, 7)",0,10,10,10,10,10,8,2,0
11285,conv2d_16,"(0, 2, 21, 10)",4,10,10,10,10,10,0,10,0
11286,conv2d_16,"(2, 2, 28, 31)",31,10,10,10,10,10,10,0,0
11287,conv2d_16,"(2, 2, 26, 45)",16,10,10,10,10,10,0,10,0
11288,conv2d_16,"(1, 1, 9, 22)",13,10,10,10,10,10,0,10,0
11289,conv2d_16,"(2, 1, 36, 42)",29,10,10,10,10,10,0,10,0
11290,conv2d_16,"(2, 1, 29, 36)",12,10,10,10,10,10,1,9,0
11291,conv2d_16,"(0, 1, 46, 16)",18,10,10,10,10,10,0,10,0
11292,conv2d_16,"(2, 0, 4, 27)",21,10,10,10,10,10,0,10,0
11293,conv2d_16,"(0, 0, 43, 31)",22,10,10,10,10,10,0,10,0
11294,conv2d_16,"(0, 2, 62, 8)",18,10,10,10,10,10,0,10,0
11295,conv2d_16,"(0, 1, 53, 48)",9,10,10,10,10,10,0,10,0
11296,conv2d_16,"(0, 1, 60, 32)",30,10,4,7,4,7,0,4,6
11297,conv2d_16,"(0, 0, 53, 41)",2,10,10,10,10,10,0,10,0
11298,conv2d_16,"(0, 0, 4, 9)",10,10,10,10,10,10,0,10,0
11299,conv2d_16,"(2, 0, 13, 22)",13,10,10,10,10,10,0,10,0
11300,conv2d_16,"(0, 0, 46, 43)",6,10,10,10,10,10,0,10,0
11301,conv2d_16,"(0, 0, 28, 53)",9,10,10,10,10,10,10,0,0
11302,conv2d_16,"(0, 1, 33, 45)",8,10,10,10,10,10,0,10,0
11303,conv2d_16,"(0, 2, 52, 21)",8,10,10,10,10,10,0,10,0
11304,conv2d_16,"(0, 1, 16, 52)",16,10,10,10,10,10,1,9,0
11305,conv2d_16,"(1, 0, 25, 40)",21,10,10,10,10,10,0,10,0
11306,conv2d_16,"(1, 0, 34, 4)",25,10,10,10,10,10,0,10,0
11307,conv2d_16,"(1, 2, 56, 62)",2,10,10,10,10,10,2,8,0
11308,conv2d_16,"(2, 1, 15, 10)",6,10,10,10,10,10,0,10,0
11309,conv2d_16,"(1, 2, 22, 26)",19,10,10,10,10,10,0,10,0
11310,conv2d_16,"(0, 2, 25, 23)",25,10,10,10,10,10,0,10,0
11311,conv2d_16,"(1, 1, 43, 24)",26,10,10,10,10,10,2,8,0
11312,conv2d_16,"(0, 2, 26, 5)",24,10,10,10,10,10,1,9,0
11313,conv2d_16,"(0, 1, 11, 24)",28,10,10,10,10,10,1,9,0
11314,conv2d_16,"(0, 0, 58, 10)",12,10,10,10,10,10,0,10,0
11315,conv2d_16,"(1, 1, 45, 12)",21,10,10,10,10,10,0,10,0
11316,conv2d_16,"(2, 2, 58, 17)",30,10,1,5,1,5,0,1,9
11317,conv2d_16,"(2, 1, 20, 55)",0,10,10,10,10,10,10,0,0
11318,conv2d_16,"(1, 1, 27, 23)",18,10,10,10,10,10,0,10,0
11319,conv2d_16,"(0, 2, 29, 2)",27,10,10,10,10,10,0,10,0
11320,conv2d_16,"(0, 1, 47, 10)",27,10,10,10,10,10,3,7,0
11321,conv2d_16,"(2, 2, 50, 63)",13,10,10,10,10,10,3,7,0
11322,conv2d_16,"(2, 2, 15, 13)",18,10,10,10,10,10,0,10,0
11323,conv2d_16,"(1, 0, 34, 58)",11,10,10,10,10,10,0,10,0
11324,conv2d_16,"(2, 2, 10, 30)",0,10,10,10,10,10,6,4,0
11325,conv2d_16,"(1, 0, 18, 4)",23,10,10,10,10,10,0,10,0
11326,conv2d_16,"(1, 1, 14, 43)",25,10,10,10,10,10,0,10,0
11327,conv2d_16,"(0, 1, 57, 27)",13,10,10,10,10,10,0,10,0
11328,conv2d_16,"(1, 0, 21, 25)",8,10,10,10,10,10,0,10,0
11329,conv2d_16,"(1, 2, 52, 51)",27,10,10,10,10,10,1,9,0
11330,conv2d_16,"(0, 0, 34, 47)",5,10,10,10,10,10,0,10,0
11331,conv2d_16,"(0, 0, 20, 49)",25,10,10,10,10,10,1,9,0
11332,conv2d_16,"(1, 2, 10, 45)",16,10,10,10,10,10,0,10,0
11333,conv2d_16,"(2, 1, 26, 59)",23,10,10,10,10,10,0,10,0
11334,conv2d_16,"(0, 0, 25, 37)",21,10,10,10,10,10,0,10,0
11335,conv2d_16,"(1, 0, 56, 45)",2,10,10,10,10,10,10,0,0
11336,conv2d_16,"(2, 0, 7, 26)",29,10,10,10,10,10,0,10,0
11337,conv2d_16,"(0, 2, 53, 42)",21,10,10,10,10,10,0,10,0
11338,conv2d_16,"(2, 0, 57, 49)",21,10,10,10,10,10,0,10,0
11339,conv2d_16,"(1, 0, 26, 38)",12,10,10,10,10,10,1,9,0
11340,conv2d_16,"(2, 1, 33, 12)",21,10,10,10,10,10,0,10,0
11341,conv2d_16,"(0, 1, 12, 21)",27,10,10,10,10,10,0,10,0
11342,conv2d_16,"(0, 2, 54, 5)",0,10,10,10,10,10,10,0,0
11343,conv2d_16,"(2, 1, 5, 13)",3,10,10,10,10,10,2,8,0
11344,conv2d_16,"(0, 1, 40, 14)",6,10,10,10,10,10,1,9,0
11345,conv2d_16,"(1, 0, 0, 37)",22,10,10,10,10,10,10,0,0
11346,conv2d_16,"(2, 0, 10, 1)",17,10,10,10,10,10,0,10,0
11347,conv2d_16,"(2, 0, 34, 61)",25,10,10,10,10,10,0,10,0
11348,conv2d_16,"(1, 0, 53, 28)",11,10,10,10,10,10,0,10,0
11349,conv2d_16,"(1, 1, 52, 21)",8,10,10,10,10,10,0,10,0
11350,conv2d_16,"(2, 0, 34, 40)",11,10,10,10,10,10,2,8,0
11351,conv2d_16,"(0, 2, 43, 36)",25,10,10,10,10,10,1,9,0
11352,conv2d_16,"(0, 1, 37, 1)",1,10,10,10,10,10,4,6,0
11353,conv2d_16,"(1, 2, 58, 10)",17,10,10,10,10,10,0,10,0
11354,conv2d_16,"(2, 0, 47, 17)",25,10,10,10,10,10,1,9,0
11355,conv2d_16,"(1, 1, 23, 43)",11,10,10,10,10,10,0,10,0
11356,conv2d_16,"(2, 2, 12, 2)",6,10,10,10,10,10,0,10,0
11357,conv2d_16,"(1, 1, 19, 21)",24,10,10,10,10,10,0,10,0
11358,conv2d_16,"(0, 2, 33, 15)",2,10,10,10,10,10,1,9,0
11359,conv2d_16,"(0, 0, 0, 62)",29,10,10,10,10,10,10,0,0
11360,conv2d_16,"(2, 0, 55, 1)",22,10,10,10,10,10,0,10,0
11361,conv2d_16,"(2, 0, 40, 12)",4,10,10,10,10,10,0,10,0
11362,conv2d_16,"(2, 0, 43, 60)",15,10,10,10,10,10,2,8,0
11363,conv2d_16,"(0, 0, 56, 15)",22,10,10,10,10,10,0,10,0
11364,conv2d_16,"(1, 2, 30, 26)",30,10,3,7,3,7,0,3,7
11365,conv2d_16,"(0, 1, 49, 0)",15,10,10,10,10,10,0,10,0
11366,conv2d_16,"(1, 2, 61, 59)",29,10,10,10,10,10,0,10,0
11367,conv2d_16,"(0, 1, 47, 23)",5,10,10,10,10,10,2,8,0
11368,conv2d_16,"(0, 2, 17, 63)",7,10,10,10,10,10,4,6,0
11369,conv2d_16,"(0, 0, 29, 41)",1,10,10,10,10,10,10,0,0
11370,conv2d_16,"(0, 1, 25, 0)",24,10,10,10,10,10,0,10,0
11371,conv2d_16,"(1, 1, 34, 53)",4,10,10,10,10,10,2,8,0
11372,conv2d_16,"(0, 0, 30, 24)",22,10,10,10,10,10,0,10,0
11373,conv2d_16,"(2, 0, 53, 11)",18,10,10,10,10,10,0,10,0
11374,conv2d_16,"(0, 1, 20, 38)",27,10,10,10,10,10,1,9,0
11375,conv2d_16,"(1, 1, 11, 25)",13,10,10,10,10,10,1,9,0
11376,conv2d_16,"(0, 2, 3, 2)",19,10,10,10,10,10,0,10,0
11377,conv2d_16,"(0, 1, 31, 15)",24,10,10,10,10,10,0,10,0
11378,conv2d_16,"(2, 1, 25, 43)",27,10,10,10,10,10,0,10,0
11379,conv2d_16,"(0, 1, 11, 63)",19,10,10,10,10,10,2,8,0
11380,conv2d_16,"(1, 0, 25, 53)",19,10,10,10,10,10,0,10,0
11381,conv2d_16,"(0, 2, 21, 41)",8,10,10,10,10,10,0,10,0
11382,conv2d_16,"(1, 2, 17, 27)",13,10,10,10,10,10,1,9,0
11383,conv2d_16,"(2, 0, 41, 39)",28,10,10,10,10,10,1,9,0
11384,conv2d_16,"(2, 1, 32, 27)",22,10,10,10,10,10,0,10,0
11385,conv2d_16,"(1, 2, 58, 56)",15,10,10,10,10,10,0,10,0
11386,conv2d_16,"(0, 0, 44, 28)",31,10,10,10,10,10,0,10,0
11387,conv2d_16,"(1, 0, 49, 0)",27,10,10,10,10,10,0,10,0
11388,conv2d_16,"(0, 0, 11, 36)",4,10,10,10,10,10,0,10,0
11389,conv2d_16,"(0, 0, 35, 41)",19,10,10,10,10,10,0,10,0
11390,conv2d_16,"(2, 0, 58, 33)",0,10,10,10,10,10,6,4,0
11391,conv2d_16,"(0, 0, 42, 57)",25,10,10,10,10,10,0,10,0
11392,conv2d_16,"(1, 2, 18, 25)",1,10,10,10,10,10,5,5,0
11393,conv2d_16,"(2, 0, 34, 24)",16,10,10,10,10,10,1,9,0
11394,conv2d_16,"(2, 1, 2, 13)",8,10,10,10,10,10,0,10,0
11395,conv2d_16,"(0, 1, 50, 48)",19,10,10,10,10,10,2,8,0
11396,conv2d_16,"(0, 2, 59, 21)",4,10,10,10,10,10,10,0,0
11397,conv2d_16,"(1, 2, 51, 23)",20,10,10,10,10,10,0,10,0
11398,conv2d_16,"(1, 1, 25, 36)",26,10,10,10,10,10,0,10,0
11399,conv2d_16,"(1, 2, 55, 61)",19,10,10,10,10,10,0,10,0
11400,conv2d_16,"(2, 0, 61, 49)",24,10,10,10,10,10,1,9,0
11401,conv2d_16,"(0, 0, 24, 52)",14,10,10,10,10,10,0,10,0
11402,conv2d_16,"(0, 1, 28, 26)",8,10,10,10,10,10,10,0,0
11403,conv2d_16,"(0, 0, 57, 12)",26,10,10,10,10,10,0,10,0
11404,conv2d_16,"(2, 2, 15, 61)",24,10,10,10,10,10,0,10,0
11405,conv2d_16,"(2, 1, 37, 9)",6,10,10,10,10,10,0,10,0
11406,conv2d_16,"(1, 2, 15, 45)",29,10,10,10,10,10,1,9,0
11407,conv2d_16,"(0, 1, 54, 45)",2,10,10,10,10,10,10,0,0
11408,conv2d_16,"(2, 1, 36, 26)",9,10,10,10,10,10,0,10,0
11409,conv2d_16,"(1, 2, 3, 50)",11,10,10,10,10,10,0,10,0
11410,conv2d_16,"(2, 1, 58, 20)",25,10,10,10,10,10,0,10,0
11411,conv2d_16,"(0, 0, 39, 9)",24,10,10,10,10,10,0,10,0
11412,conv2d_16,"(2, 1, 8, 48)",10,10,10,10,10,10,0,10,0
11413,conv2d_16,"(2, 1, 20, 24)",28,10,10,10,10,10,0,10,0
11414,conv2d_16,"(0, 1, 42, 5)",0,10,10,10,10,10,10,0,0
11415,conv2d_16,"(2, 0, 7, 24)",18,10,10,10,10,10,0,10,0
11416,conv2d_16,"(0, 0, 9, 61)",3,10,10,10,10,10,0,10,0
11417,conv2d_16,"(0, 0, 60, 17)",8,10,10,10,10,10,0,10,0
11418,conv2d_16,"(2, 2, 46, 29)",21,10,10,10,10,10,0,10,0
11419,conv2d_16,"(2, 2, 17, 12)",9,10,10,10,10,10,4,6,0
11420,conv2d_16,"(0, 0, 59, 4)",12,10,10,10,10,10,10,0,0
11421,conv2d_16,"(0, 1, 26, 5)",9,10,10,10,10,10,2,8,0
11422,conv2d_16,"(2, 2, 28, 28)",22,10,10,10,10,10,10,0,0
11423,conv2d_16,"(2, 0, 13, 8)",15,10,10,10,10,10,0,10,0
11424,conv2d_16,"(0, 2, 60, 63)",29,10,10,10,10,10,1,9,0
11425,conv2d_16,"(2, 1, 56, 20)",24,10,10,10,10,10,0,10,0
11426,conv2d_16,"(0, 1, 20, 56)",0,10,10,10,10,10,8,2,0
11427,conv2d_16,"(0, 2, 23, 37)",24,10,10,10,10,10,0,10,0
11428,conv2d_16,"(0, 1, 42, 52)",16,10,10,10,10,10,0,10,0
11429,conv2d_16,"(1, 1, 48, 33)",17,10,10,10,10,10,0,10,0
11430,conv2d_16,"(1, 0, 3, 25)",1,10,10,10,10,10,5,5,0
11431,conv2d_16,"(1, 2, 8, 48)",19,10,10,10,10,10,0,10,0
11432,conv2d_16,"(0, 0, 56, 15)",11,10,10,10,10,10,0,10,0
11433,conv2d_16,"(0, 0, 8, 10)",0,10,10,10,10,10,5,5,0
11434,conv2d_16,"(2, 0, 30, 34)",7,10,10,10,10,10,2,8,0
11435,conv2d_16,"(2, 2, 10, 37)",7,10,10,10,10,10,0,10,0
11436,conv2d_16,"(2, 1, 56, 9)",15,10,10,10,10,10,0,10,0
11437,conv2d_16,"(2, 1, 2, 24)",0,10,10,10,10,10,10,0,0
11438,conv2d_16,"(2, 1, 35, 58)",3,10,10,10,10,10,3,7,0
11439,conv2d_16,"(0, 0, 36, 36)",28,10,10,10,10,10,0,10,0
11440,conv2d_16,"(2, 2, 21, 12)",0,10,10,10,10,10,8,2,0
11441,conv2d_16,"(2, 1, 35, 18)",7,10,10,10,10,10,0,10,0
11442,conv2d_16,"(2, 1, 11, 52)",13,10,10,10,10,10,1,9,0
11443,conv2d_16,"(1, 0, 22, 52)",21,10,10,10,10,10,0,10,0
11444,conv2d_16,"(0, 0, 54, 14)",15,10,10,10,10,10,0,10,0
11445,conv2d_16,"(1, 0, 25, 13)",20,10,10,10,10,10,0,10,0
11446,conv2d_16,"(0, 0, 37, 61)",15,10,10,10,10,10,0,10,0
11447,conv2d_16,"(0, 0, 52, 60)",26,10,10,10,10,10,0,10,0
11448,conv2d_16,"(0, 2, 34, 42)",20,10,10,10,10,10,0,10,0
11449,conv2d_16,"(2, 0, 46, 16)",22,10,10,10,10,10,0,10,0
11450,conv2d_16,"(0, 1, 55, 10)",31,10,10,10,10,10,1,9,0
11451,conv2d_16,"(1, 1, 15, 9)",17,10,10,10,10,10,0,10,0
11452,conv2d_16,"(2, 1, 52, 55)",30,10,5,5,5,5,0,5,5
11453,conv2d_16,"(0, 2, 24, 13)",3,10,10,10,10,10,2,8,0
11454,conv2d_16,"(0, 2, 7, 12)",6,10,10,10,10,10,0,10,0
11455,conv2d_16,"(2, 0, 43, 43)",6,10,10,10,10,10,2,8,0
11456,conv2d_16,"(0, 0, 10, 47)",6,10,10,10,10,10,0,10,0
11457,conv2d_16,"(0, 0, 49, 36)",12,10,10,10,10,10,0,10,0
11458,conv2d_16,"(1, 2, 31, 47)",25,10,10,10,10,10,0,10,0
11459,conv2d_16,"(0, 1, 1, 20)",3,10,10,10,10,10,0,10,0
11460,conv2d_16,"(2, 0, 17, 14)",21,10,10,10,10,10,0,10,0
11461,conv2d_16,"(0, 1, 29, 54)",31,10,10,10,10,10,0,10,0
11462,conv2d_16,"(0, 0, 50, 48)",28,10,10,10,10,10,0,10,0
11463,conv2d_16,"(2, 2, 50, 12)",11,10,10,10,10,10,1,9,0
11464,conv2d_16,"(1, 2, 35, 59)",29,10,10,10,10,10,0,10,0
11465,conv2d_16,"(2, 0, 9, 11)",14,10,10,10,10,10,0,10,0
11466,conv2d_16,"(2, 1, 63, 39)",2,10,10,10,10,10,10,0,0
11467,conv2d_16,"(0, 2, 11, 44)",16,10,10,10,10,10,0,10,0
11468,conv2d_16,"(0, 2, 29, 60)",1,10,10,10,10,10,2,8,0
11469,conv2d_16,"(0, 0, 21, 23)",7,10,10,10,10,10,1,9,0
11470,conv2d_16,"(2, 0, 38, 10)",19,10,10,10,10,10,2,8,0
11471,conv2d_16,"(2, 0, 38, 11)",1,10,10,10,10,10,4,6,0
11472,conv2d_16,"(1, 1, 37, 35)",29,10,10,10,10,10,0,10,0
11473,conv2d_16,"(1, 2, 18, 37)",26,10,10,10,10,10,0,10,0
11474,conv2d_16,"(2, 0, 38, 28)",1,10,10,10,10,10,10,0,0
11475,conv2d_16,"(1, 2, 57, 11)",14,10,10,10,10,10,0,10,0
11476,conv2d_16,"(1, 0, 35, 31)",3,10,10,10,10,10,1,9,0
11477,conv2d_16,"(2, 1, 13, 33)",5,10,10,10,10,10,2,8,0
11478,conv2d_16,"(2, 0, 25, 11)",13,10,10,10,10,10,0,10,0
11479,conv2d_16,"(1, 1, 56, 3)",4,10,10,10,10,10,1,9,0
11480,conv2d_16,"(1, 2, 0, 61)",6,10,10,10,10,10,10,0,0
11481,conv2d_16,"(2, 2, 51, 49)",17,10,10,10,10,10,0,10,0
11482,conv2d_16,"(2, 2, 39, 52)",8,10,10,10,10,10,1,9,0
11483,conv2d_16,"(0, 2, 62, 3)",19,10,10,10,10,10,0,10,0
11484,conv2d_16,"(2, 1, 13, 9)",25,10,10,10,10,10,0,10,0
11485,conv2d_16,"(1, 1, 28, 17)",16,10,10,10,10,10,10,0,0
11486,conv2d_16,"(1, 1, 41, 7)",9,10,10,10,10,10,0,10,0
11487,conv2d_16,"(1, 0, 63, 39)",5,10,10,10,10,10,0,10,0
11488,conv2d_16,"(0, 2, 52, 28)",25,10,10,10,10,10,0,10,0
11489,conv2d_16,"(2, 2, 3, 19)",4,10,10,10,10,10,0,10,0
11490,conv2d_16,"(2, 1, 0, 52)",18,10,10,10,10,10,10,0,0
11491,conv2d_16,"(2, 2, 61, 14)",10,10,10,10,10,10,0,10,0
11492,conv2d_16,"(2, 0, 8, 24)",4,10,10,10,10,10,3,7,0
11493,conv2d_16,"(2, 1, 7, 56)",27,10,10,10,10,10,0,10,0
11494,conv2d_16,"(1, 0, 31, 48)",6,10,10,10,10,10,0,10,0
11495,conv2d_16,"(1, 2, 27, 46)",16,10,10,10,10,10,0,10,0
11496,conv2d_16,"(1, 0, 39, 6)",23,10,10,10,10,10,0,10,0
11497,conv2d_16,"(0, 1, 11, 58)",20,10,10,10,10,10,1,9,0
11498,conv2d_16,"(1, 2, 44, 49)",17,10,10,10,10,10,0,10,0
11499,conv2d_16,"(1, 1, 54, 12)",24,10,10,10,10,10,0,10,0
11500,conv2d_16,"(0, 1, 58, 53)",29,10,10,10,10,10,1,9,0
11501,conv2d_16,"(0, 0, 10, 14)",2,10,10,10,10,10,6,4,0
11502,conv2d_16,"(0, 2, 2, 63)",1,10,10,10,10,10,5,5,0
11503,conv2d_16,"(1, 2, 24, 43)",27,10,10,10,10,10,1,9,0
11504,conv2d_16,"(1, 0, 23, 62)",23,10,10,10,10,10,0,10,0
11505,conv2d_16,"(1, 1, 17, 43)",26,10,10,10,10,10,1,9,0
11506,conv2d_16,"(0, 2, 44, 10)",15,10,10,10,10,10,1,9,0
11507,conv2d_16,"(2, 2, 44, 24)",16,10,10,10,10,10,0,10,0
11508,conv2d_16,"(0, 2, 53, 6)",27,10,10,10,10,10,0,10,0
11509,conv2d_16,"(1, 0, 1, 24)",17,10,10,10,10,10,0,10,0
11510,conv2d_16,"(2, 2, 20, 18)",31,10,10,10,10,10,0,10,0
11511,conv2d_16,"(0, 0, 27, 47)",0,10,10,10,10,10,7,3,0
11512,conv2d_16,"(0, 2, 30, 8)",13,10,10,10,10,10,0,10,0
11513,conv2d_16,"(1, 0, 1, 1)",3,10,10,10,10,10,1,9,0
11514,conv2d_16,"(1, 1, 62, 31)",19,10,10,10,10,10,0,10,0
11515,conv2d_16,"(1, 0, 13, 2)",21,10,10,10,10,10,0,10,0
11516,conv2d_16,"(2, 0, 42, 55)",9,10,10,10,10,10,0,10,0
11517,conv2d_16,"(2, 1, 57, 45)",2,10,10,10,10,10,2,8,0
11518,conv2d_16,"(2, 0, 41, 5)",9,10,10,10,10,10,1,9,0
11519,conv2d_16,"(1, 1, 0, 59)",12,10,10,10,10,10,10,0,0
11520,conv2d_16,"(2, 2, 8, 50)",7,10,10,10,10,10,1,9,0
11521,conv2d_16,"(1, 2, 53, 24)",12,10,10,10,10,10,0,10,0
11522,conv2d_16,"(1, 2, 17, 48)",26,10,10,10,10,10,1,9,0
11523,conv2d_16,"(2, 0, 52, 10)",24,10,10,10,10,10,1,9,0
11524,conv2d_16,"(0, 1, 60, 56)",29,10,10,10,10,10,0,10,0
11525,conv2d_16,"(2, 1, 23, 40)",19,10,10,10,10,10,1,9,0
11526,conv2d_16,"(2, 0, 49, 23)",22,10,10,10,10,10,0,10,0
11527,conv2d_16,"(2, 2, 59, 34)",5,10,10,10,10,10,10,0,0
11528,conv2d_16,"(2, 0, 12, 33)",16,10,10,10,10,10,0,10,0
11529,conv2d_16,"(1, 1, 20, 41)",2,10,10,10,10,10,7,3,0
11530,conv2d_16,"(2, 1, 4, 46)",21,10,10,10,10,10,0,10,0
11531,conv2d_16,"(1, 1, 5, 43)",10,10,10,10,10,10,0,10,0
11532,conv2d_16,"(2, 0, 37, 33)",24,10,10,10,10,10,0,10,0
11533,conv2d_16,"(0, 0, 47, 56)",14,10,10,10,10,10,1,9,0
11534,conv2d_16,"(2, 1, 25, 14)",3,10,10,10,10,10,2,8,0
11535,conv2d_16,"(2, 0, 35, 56)",19,10,10,10,10,10,0,10,0
11536,conv2d_16,"(0, 0, 2, 21)",17,10,10,10,10,10,0,10,0
11537,conv2d_16,"(2, 2, 27, 39)",11,10,10,10,10,10,0,10,0
11538,conv2d_16,"(0, 1, 39, 9)",24,10,10,10,10,10,0,10,0
11539,conv2d_16,"(1, 2, 39, 22)",27,10,10,10,10,10,0,10,0
11540,conv2d_16,"(1, 0, 45, 25)",13,10,10,10,10,10,0,10,0
11541,conv2d_16,"(1, 0, 20, 52)",14,10,10,10,10,10,1,9,0
11542,conv2d_16,"(0, 1, 1, 6)",20,10,10,10,10,10,0,10,0
11543,conv2d_16,"(1, 2, 39, 37)",18,10,10,10,10,10,0,10,0
11544,conv2d_16,"(0, 2, 22, 31)",2,10,10,10,10,10,0,10,0
11545,conv2d_16,"(2, 1, 37, 41)",26,10,10,10,10,10,0,10,0
11546,conv2d_16,"(1, 2, 62, 13)",12,10,10,10,10,10,1,9,0
11547,conv2d_16,"(2, 0, 60, 7)",4,10,10,10,10,10,0,10,0
11548,conv2d_16,"(1, 1, 50, 35)",4,10,10,10,10,10,3,7,0
11549,conv2d_16,"(2, 2, 2, 59)",23,10,10,10,10,10,0,10,0
11550,conv2d_16,"(0, 0, 11, 15)",22,10,10,10,10,10,0,10,0
11551,conv2d_16,"(1, 1, 20, 51)",25,10,10,10,10,10,0,10,0
11552,conv2d_16,"(0, 2, 8, 17)",2,10,10,10,10,10,5,5,0
11553,conv2d_16,"(1, 1, 3, 18)",21,10,10,10,10,10,0,10,0
11554,conv2d_16,"(0, 0, 2, 47)",16,10,10,10,10,10,0,10,0
11555,conv2d_16,"(0, 1, 35, 38)",27,10,10,10,10,10,0,10,0
11556,conv2d_16,"(0, 1, 30, 48)",28,10,10,10,10,10,0,10,0
11557,conv2d_16,"(1, 1, 63, 20)",9,10,10,10,10,10,1,9,0
11558,conv2d_16,"(0, 0, 2, 23)",28,10,10,10,10,10,0,10,0
11559,conv2d_16,"(2, 0, 22, 40)",1,10,10,10,10,10,2,8,0
11560,conv2d_16,"(1, 0, 24, 41)",7,10,10,10,10,10,1,9,0
11561,conv2d_16,"(2, 1, 61, 29)",1,10,10,10,10,10,7,3,0
11562,conv2d_16,"(0, 2, 23, 58)",13,10,10,10,10,10,1,9,0
11563,conv2d_16,"(2, 2, 35, 19)",12,10,10,10,10,10,0,10,0
11564,conv2d_16,"(2, 1, 29, 18)",30,10,0,3,0,3,0,0,10
11565,conv2d_16,"(1, 1, 53, 46)",17,10,10,10,10,10,1,9,0
11566,conv2d_16,"(2, 1, 49, 48)",13,10,10,10,10,10,0,10,0
11567,conv2d_16,"(0, 1, 35, 23)",18,10,10,10,10,10,0,10,0
11568,conv2d_16,"(2, 2, 53, 19)",2,10,10,10,10,10,0,10,0
11569,conv2d_16,"(1, 1, 56, 62)",18,10,10,10,10,10,0,10,0
11570,conv2d_16,"(2, 1, 44, 55)",28,10,10,10,10,10,1,9,0
11571,conv2d_16,"(1, 1, 50, 47)",5,10,10,10,10,10,1,9,0
11572,conv2d_16,"(0, 1, 35, 22)",15,10,10,10,10,10,0,10,0
11573,conv2d_16,"(2, 2, 49, 33)",8,10,10,10,10,10,0,10,0
11574,conv2d_16,"(1, 1, 11, 46)",9,10,10,10,10,10,3,7,0
11575,conv2d_16,"(0, 1, 62, 23)",6,10,10,10,10,10,1,9,0
11576,conv2d_16,"(1, 2, 59, 11)",25,10,10,10,10,10,10,0,0
11577,conv2d_16,"(2, 0, 33, 30)",17,10,10,10,10,10,0,10,0
11578,conv2d_16,"(2, 1, 61, 36)",28,10,10,10,10,10,0,10,0
11579,conv2d_16,"(1, 0, 56, 38)",28,10,10,10,10,10,0,10,0
11580,conv2d_16,"(0, 0, 2, 9)",28,10,10,10,10,10,0,10,0
11581,conv2d_16,"(1, 2, 63, 22)",26,10,10,10,10,10,0,10,0
11582,conv2d_16,"(2, 2, 52, 7)",24,10,10,10,10,10,0,10,0
11583,conv2d_16,"(2, 0, 36, 56)",0,10,10,10,10,10,8,2,0
11584,conv2d_16,"(2, 1, 3, 42)",30,10,1,2,1,2,0,1,9
11585,conv2d_16,"(0, 0, 51, 37)",4,10,10,10,10,10,2,8,0
11586,conv2d_16,"(1, 1, 26, 51)",21,10,10,10,10,10,0,10,0
11587,conv2d_16,"(1, 0, 51, 11)",22,10,10,10,10,10,0,10,0
11588,conv2d_16,"(0, 0, 10, 29)",18,10,10,10,10,10,0,10,0
11589,conv2d_16,"(2, 2, 29, 9)",8,10,10,10,10,10,1,9,0
11590,conv2d_16,"(2, 2, 6, 61)",27,10,10,10,10,10,0,10,0
11591,conv2d_16,"(0, 2, 40, 54)",16,10,10,10,10,10,0,10,0
11592,conv2d_16,"(0, 0, 52, 55)",31,10,10,10,10,10,0,10,0
11593,conv2d_16,"(2, 0, 44, 1)",26,10,10,10,10,10,0,10,0
11594,conv2d_16,"(0, 2, 4, 59)",21,10,10,10,10,10,0,10,0
11595,conv2d_16,"(0, 1, 21, 47)",19,10,10,10,10,10,0,10,0
11596,conv2d_16,"(1, 1, 17, 9)",23,10,10,10,10,10,0,10,0
11597,conv2d_16,"(2, 2, 19, 42)",23,10,10,10,10,10,0,10,0
11598,conv2d_16,"(0, 1, 57, 62)",7,10,10,10,10,10,0,10,0
11599,conv2d_16,"(0, 0, 30, 48)",11,10,10,10,10,10,0,10,0
11600,conv2d_16,"(2, 0, 59, 20)",5,10,10,10,10,10,10,0,0
11601,conv2d_16,"(2, 0, 10, 27)",3,10,10,10,10,10,1,9,0
11602,conv2d_16,"(2, 1, 10, 18)",3,10,10,10,10,10,0,10,0
11603,conv2d_16,"(1, 2, 32, 4)",20,10,10,10,10,10,0,10,0
11604,conv2d_16,"(1, 2, 46, 42)",31,10,10,10,10,10,0,10,0
11605,conv2d_16,"(2, 2, 37, 31)",13,10,10,10,10,10,0,10,0
11606,conv2d_16,"(0, 2, 23, 19)",4,10,10,10,10,10,0,10,0
11607,conv2d_16,"(2, 2, 16, 24)",4,10,10,10,10,10,1,9,0
11608,conv2d_16,"(1, 2, 53, 30)",16,10,10,10,10,10,0,10,0
11609,conv2d_16,"(2, 2, 45, 31)",0,10,10,10,10,10,3,7,0
11610,conv2d_16,"(2, 2, 49, 34)",31,10,10,10,10,10,0,10,0
11611,conv2d_16,"(2, 1, 17, 26)",20,10,10,10,10,10,1,9,0
11612,conv2d_16,"(1, 0, 42, 34)",30,10,1,4,1,4,0,1,9
11613,conv2d_16,"(1, 0, 24, 13)",9,10,10,10,10,10,0,10,0
11614,conv2d_16,"(1, 2, 38, 33)",17,10,10,10,10,10,0,10,0
11615,conv2d_16,"(2, 0, 3, 44)",24,10,10,10,10,10,0,10,0
11616,conv2d_16,"(2, 1, 3, 51)",29,10,10,10,10,10,0,10,0
11617,conv2d_16,"(1, 0, 6, 25)",27,10,10,10,10,10,0,10,0
11618,conv2d_16,"(2, 1, 51, 37)",31,10,10,10,10,10,0,10,0
11619,conv2d_16,"(1, 1, 34, 22)",24,10,10,10,10,10,0,10,0
11620,conv2d_16,"(0, 2, 10, 31)",17,10,10,10,10,10,0,10,0
11621,conv2d_16,"(2, 0, 5, 17)",29,10,10,10,10,10,0,10,0
11622,conv2d_16,"(2, 2, 31, 39)",2,10,10,10,10,10,3,7,0
11623,conv2d_16,"(0, 0, 10, 11)",2,10,10,10,10,10,2,8,0
11624,conv2d_16,"(1, 2, 9, 23)",6,10,10,10,10,10,0,10,0
11625,conv2d_16,"(0, 0, 45, 17)",24,10,10,10,10,10,0,10,0
11626,conv2d_16,"(1, 1, 4, 35)",6,10,10,10,10,10,0,10,0
11627,conv2d_16,"(0, 0, 42, 49)",31,10,10,10,10,10,0,10,0
11628,conv2d_16,"(2, 1, 0, 1)",31,10,10,10,10,10,10,0,0
11629,conv2d_16,"(0, 2, 47, 60)",3,10,10,10,10,10,3,7,0
11630,conv2d_16,"(0, 0, 26, 5)",27,10,10,10,10,10,2,8,0
11631,conv2d_16,"(0, 1, 60, 3)",29,10,10,10,10,10,0,10,0
11632,conv2d_16,"(0, 1, 30, 36)",29,10,10,10,10,10,0,10,0
11633,conv2d_16,"(1, 1, 39, 32)",14,10,10,10,10,10,0,10,0
11634,conv2d_16,"(0, 0, 7, 9)",13,10,10,10,10,10,0,10,0
11635,conv2d_16,"(1, 0, 45, 29)",28,10,10,10,10,10,0,10,0
11636,conv2d_16,"(0, 0, 61, 55)",22,10,10,10,10,10,0,10,0
11637,conv2d_16,"(0, 2, 22, 43)",27,10,10,10,10,10,0,10,0
11638,conv2d_16,"(2, 2, 43, 35)",26,10,10,10,10,10,1,9,0
11639,conv2d_16,"(1, 0, 17, 19)",5,10,10,10,10,10,4,6,0
11640,conv2d_16,"(0, 1, 10, 17)",23,10,10,10,10,10,0,10,0
11641,conv2d_16,"(2, 0, 21, 25)",1,10,10,10,10,10,5,5,0
11642,conv2d_16,"(1, 0, 15, 61)",8,10,10,10,10,10,0,10,0
11643,conv2d_16,"(0, 2, 59, 42)",26,10,10,10,10,10,10,0,0
11644,conv2d_16,"(1, 1, 7, 57)",11,10,10,10,10,10,0,10,0
11645,conv2d_16,"(2, 1, 32, 38)",19,10,10,10,10,10,0,10,0
11646,conv2d_16,"(2, 2, 41, 60)",28,10,10,10,10,10,0,10,0
11647,conv2d_16,"(0, 0, 13, 8)",23,10,10,10,10,10,0,10,0
11648,conv2d_16,"(0, 0, 62, 53)",2,10,10,10,10,10,5,5,0
11649,conv2d_16,"(0, 1, 38, 16)",18,10,10,10,10,10,0,10,0
11650,conv2d_16,"(0, 2, 54, 40)",17,10,10,10,10,10,0,10,0
11651,conv2d_16,"(1, 2, 36, 54)",13,10,10,10,10,10,0,10,0
11652,conv2d_16,"(2, 0, 1, 12)",12,10,10,10,10,10,0,10,0
11653,conv2d_16,"(2, 2, 44, 44)",30,10,3,3,3,3,0,3,7
11654,conv2d_16,"(0, 2, 48, 17)",11,10,10,10,10,10,1,9,0
11655,conv2d_16,"(0, 0, 44, 60)",31,10,10,10,10,10,0,10,0
11656,conv2d_16,"(1, 1, 19, 9)",11,10,10,10,10,10,0,10,0
11657,conv2d_16,"(0, 0, 0, 14)",28,10,10,10,10,10,10,0,0
11658,conv2d_16,"(1, 0, 3, 20)",27,10,10,10,10,10,0,10,0
11659,conv2d_16,"(2, 1, 39, 53)",2,10,10,10,10,10,3,7,0
11660,conv2d_16,"(2, 2, 40, 48)",0,10,10,10,10,10,5,5,0
11661,conv2d_16,"(2, 2, 51, 14)",17,10,10,10,10,10,0,10,0
11662,conv2d_16,"(1, 1, 30, 28)",9,10,10,10,10,10,0,10,0
11663,conv2d_16,"(0, 0, 42, 24)",4,10,10,10,10,10,1,9,0
11664,conv2d_16,"(2, 1, 15, 9)",0,10,10,10,10,10,9,1,0
11665,conv2d_16,"(0, 2, 0, 5)",8,10,10,10,10,10,10,0,0
11666,conv2d_16,"(0, 1, 16, 22)",15,10,10,10,10,10,0,10,0
11667,conv2d_16,"(0, 2, 21, 16)",15,10,10,10,10,10,0,10,0
11668,conv2d_16,"(0, 2, 49, 45)",1,10,10,10,10,10,1,9,0
11669,conv2d_16,"(1, 0, 54, 37)",28,10,10,10,10,10,0,10,0
11670,conv2d_16,"(0, 1, 1, 14)",30,10,0,3,0,3,0,0,10
11671,conv2d_16,"(1, 1, 33, 23)",6,10,10,10,10,10,0,10,0
11672,conv2d_16,"(0, 2, 62, 15)",2,10,10,10,10,10,0,10,0
11673,conv2d_16,"(1, 0, 53, 50)",25,10,10,10,10,10,0,10,0
11674,conv2d_16,"(2, 1, 59, 46)",2,10,10,10,10,10,10,0,0
11675,conv2d_16,"(0, 0, 59, 23)",27,10,10,10,10,10,10,0,0
11676,conv2d_16,"(1, 0, 30, 2)",9,10,10,10,10,10,0,10,0
11677,conv2d_16,"(0, 1, 43, 39)",12,10,10,10,10,10,2,8,0
11678,conv2d_16,"(0, 2, 59, 16)",22,10,10,10,10,10,10,0,0
11679,conv2d_16,"(0, 2, 35, 19)",27,10,10,10,10,10,0,10,0
11680,conv2d_16,"(1, 1, 40, 32)",24,10,10,10,10,10,0,10,0
11681,conv2d_16,"(1, 1, 48, 53)",16,10,10,10,10,10,2,8,0
11682,conv2d_16,"(1, 0, 15, 52)",19,10,10,10,10,10,1,9,0
11683,conv2d_16,"(0, 0, 2, 1)",7,10,10,10,10,10,1,9,0
11684,conv2d_16,"(1, 0, 56, 27)",28,10,10,10,10,10,1,9,0
11685,conv2d_16,"(2, 0, 62, 34)",1,10,10,10,10,10,2,8,0
11686,conv2d_16,"(2, 0, 30, 60)",12,10,10,10,10,10,0,10,0
11687,conv2d_16,"(1, 2, 18, 23)",14,10,10,10,10,10,0,10,0
11688,conv2d_16,"(1, 0, 61, 28)",9,10,10,10,10,10,0,10,0
11689,conv2d_16,"(1, 1, 30, 26)",2,10,10,10,10,10,4,6,0
11690,conv2d_16,"(1, 0, 43, 14)",30,10,7,9,7,9,0,7,3
11691,conv2d_16,"(1, 1, 51, 63)",26,10,10,10,10,10,0,10,0
11692,conv2d_16,"(0, 2, 10, 55)",3,10,10,10,10,10,9,1,0
11693,conv2d_16,"(1, 2, 2, 4)",5,10,10,10,10,10,0,10,0
11694,conv2d_16,"(0, 2, 48, 15)",17,10,10,10,10,10,0,10,0
11695,conv2d_16,"(2, 0, 30, 63)",13,10,10,10,10,10,1,9,0
11696,conv2d_16,"(1, 0, 10, 38)",8,10,10,10,10,10,0,10,0
11697,conv2d_16,"(0, 0, 49, 50)",20,10,10,10,10,10,0,10,0
11698,conv2d_16,"(2, 2, 44, 44)",3,10,10,10,10,10,1,9,0
11699,conv2d_16,"(1, 1, 61, 2)",21,10,10,10,10,10,0,10,0
11700,conv2d_16,"(0, 2, 42, 58)",13,10,10,10,10,10,0,10,0
11701,conv2d_16,"(2, 2, 28, 14)",8,10,10,10,10,10,10,0,0
11702,conv2d_16,"(0, 2, 62, 24)",17,10,10,10,10,10,0,10,0
11703,conv2d_16,"(1, 2, 32, 35)",20,10,10,10,10,10,0,10,0
11704,conv2d_16,"(2, 0, 13, 2)",5,10,10,10,10,10,0,10,0
11705,conv2d_16,"(2, 2, 46, 31)",19,10,10,10,10,10,0,10,0
11706,conv2d_16,"(0, 2, 39, 13)",14,10,10,10,10,10,0,10,0
11707,conv2d_16,"(2, 1, 51, 20)",20,10,10,10,10,10,0,10,0
11708,conv2d_16,"(0, 1, 5, 58)",28,10,10,10,10,10,0,10,0
11709,conv2d_16,"(1, 2, 29, 31)",2,10,10,10,10,10,1,9,0
11710,conv2d_16,"(1, 1, 6, 8)",12,10,10,10,10,10,0,10,0
11711,conv2d_16,"(1, 1, 5, 51)",31,10,10,10,10,10,0,10,0
11712,conv2d_16,"(1, 2, 23, 10)",14,10,10,10,10,10,0,10,0
11713,conv2d_16,"(2, 0, 4, 10)",24,10,10,10,10,10,0,10,0
11714,conv2d_16,"(1, 1, 61, 21)",26,10,10,10,10,10,0,10,0
11715,conv2d_16,"(2, 0, 55, 0)",19,10,10,10,10,10,0,10,0
11716,conv2d_16,"(2, 1, 55, 14)",0,10,10,10,10,10,3,7,0
11717,conv2d_16,"(1, 0, 49, 46)",5,10,10,10,10,10,0,10,0
11718,conv2d_16,"(0, 2, 16, 23)",1,10,10,10,10,10,7,3,0
11719,conv2d_16,"(2, 1, 40, 61)",19,10,10,10,10,10,0,10,0
11720,conv2d_16,"(2, 0, 46, 28)",1,10,10,10,10,10,2,8,0
11721,conv2d_16,"(0, 0, 41, 63)",24,10,10,10,10,10,1,9,0
11722,conv2d_16,"(1, 2, 14, 25)",8,10,10,10,10,10,1,9,0
11723,conv2d_16,"(2, 2, 12, 52)",25,10,10,10,10,10,0,10,0
11724,conv2d_16,"(1, 2, 60, 15)",25,10,10,10,10,10,0,10,0
11725,conv2d_16,"(1, 1, 27, 55)",17,10,10,10,10,10,0,10,0
11726,conv2d_16,"(2, 2, 35, 48)",10,10,10,10,10,10,0,10,0
11727,conv2d_16,"(1, 2, 3, 22)",9,10,10,10,10,10,0,10,0
11728,conv2d_16,"(2, 0, 43, 43)",3,10,10,10,10,10,2,8,0
11729,conv2d_16,"(1, 2, 25, 1)",3,10,10,10,10,10,7,3,0
11730,conv2d_16,"(1, 2, 47, 58)",15,10,10,10,10,10,2,8,0
11731,conv2d_16,"(2, 0, 37, 32)",2,10,10,10,10,10,1,9,0
11732,conv2d_16,"(1, 2, 29, 44)",15,10,10,10,10,10,0,10,0
11733,conv2d_16,"(1, 2, 23, 10)",10,10,10,10,10,10,0,10,0
11734,conv2d_16,"(2, 0, 56, 57)",18,10,10,10,10,10,0,10,0
11735,conv2d_16,"(2, 2, 63, 6)",12,10,10,10,10,10,0,10,0
11736,conv2d_16,"(2, 0, 10, 17)",24,10,10,10,10,10,0,10,0
11737,conv2d_16,"(1, 1, 11, 60)",6,10,10,10,10,10,1,9,0
11738,conv2d_16,"(0, 1, 0, 15)",2,10,10,10,10,10,10,0,0
11739,conv2d_16,"(1, 0, 6, 22)",27,10,10,10,10,10,0,10,0
11740,conv2d_16,"(1, 1, 63, 8)",29,10,10,10,10,10,0,10,0
11741,conv2d_16,"(1, 2, 13, 33)",4,10,10,10,10,10,2,8,0
11742,conv2d_16,"(0, 0, 0, 34)",1,10,10,10,10,10,10,0,0
11743,conv2d_16,"(0, 0, 11, 1)",3,10,10,10,10,10,1,9,0
11744,conv2d_16,"(1, 2, 15, 21)",1,10,10,10,10,10,4,6,0
11745,conv2d_16,"(0, 0, 1, 32)",15,10,10,10,10,10,0,10,0
11746,conv2d_16,"(1, 2, 13, 20)",4,10,10,10,10,10,4,6,0
11747,conv2d_16,"(1, 0, 59, 19)",17,10,10,10,10,10,10,0,0
11748,conv2d_16,"(2, 1, 31, 36)",26,10,10,10,10,10,0,10,0
11749,conv2d_16,"(1, 0, 41, 36)",19,10,10,10,10,10,0,10,0
11750,conv2d_16,"(1, 2, 12, 54)",12,10,10,10,10,10,0,10,0
11751,conv2d_16,"(1, 2, 50, 26)",28,10,10,10,10,10,1,9,0
11752,conv2d_16,"(0, 2, 62, 39)",6,10,10,10,10,10,1,9,0
11753,conv2d_16,"(2, 2, 59, 37)",7,10,10,10,10,10,10,0,0
11754,conv2d_16,"(2, 0, 1, 23)",14,10,10,10,10,10,1,9,0
11755,conv2d_16,"(1, 1, 48, 16)",7,10,10,10,10,10,0,10,0
11756,conv2d_16,"(2, 0, 48, 60)",8,10,10,10,10,10,0,10,0
11757,conv2d_16,"(1, 2, 51, 48)",7,10,10,10,10,10,0,10,0
11758,conv2d_16,"(2, 2, 20, 49)",29,10,10,10,10,10,1,9,0
11759,conv2d_16,"(2, 2, 3, 57)",27,10,10,10,10,10,0,10,0
11760,conv2d_16,"(1, 1, 45, 48)",27,10,10,10,10,10,0,10,0
11761,conv2d_16,"(1, 2, 57, 47)",20,10,10,10,10,10,0,10,0
11762,conv2d_16,"(1, 1, 62, 59)",13,10,10,10,10,10,0,10,0
11763,conv2d_16,"(1, 1, 5, 2)",2,10,10,10,10,10,6,4,0
11764,conv2d_16,"(0, 2, 17, 52)",15,10,10,10,10,10,5,5,0
11765,conv2d_16,"(0, 2, 30, 60)",15,10,10,10,10,10,0,10,0
11766,conv2d_16,"(1, 2, 59, 35)",5,10,10,10,10,10,10,0,0
11767,conv2d_16,"(1, 2, 55, 22)",25,10,10,10,10,10,0,10,0
11768,conv2d_16,"(0, 1, 57, 43)",15,10,10,10,10,10,0,10,0
11769,conv2d_16,"(1, 0, 33, 47)",23,10,10,10,10,10,0,10,0
11770,conv2d_16,"(1, 0, 10, 19)",8,10,10,10,10,10,0,10,0
11771,conv2d_16,"(0, 0, 31, 8)",21,10,10,10,10,10,0,10,0
11772,conv2d_16,"(2, 2, 21, 56)",0,10,10,10,10,10,9,1,0
11773,conv2d_16,"(2, 2, 20, 21)",22,10,10,10,10,10,0,10,0
11774,conv2d_16,"(1, 2, 63, 42)",13,10,10,10,10,10,0,10,0
11775,conv2d_16,"(1, 2, 27, 7)",2,10,10,10,10,10,2,8,0
11776,conv2d_16,"(2, 2, 8, 56)",0,10,10,10,10,10,3,7,0
11777,conv2d_16,"(0, 2, 16, 53)",5,10,10,10,10,10,3,7,0
11778,conv2d_16,"(0, 1, 36, 44)",18,10,10,10,10,10,0,10,0
11779,conv2d_16,"(1, 1, 62, 10)",0,10,10,10,10,10,6,4,0
11780,conv2d_16,"(1, 0, 50, 36)",7,10,10,10,10,10,0,10,0
11781,conv2d_16,"(1, 2, 20, 56)",20,10,10,10,10,10,1,9,0
11782,conv2d_16,"(1, 0, 30, 48)",27,10,10,10,10,10,0,10,0
11783,conv2d_16,"(2, 1, 6, 47)",6,10,10,10,10,10,0,10,0
11784,conv2d_16,"(2, 2, 18, 53)",25,10,10,10,10,10,0,10,0
11785,conv2d_16,"(1, 0, 22, 58)",24,10,10,10,10,10,0,10,0
11786,conv2d_16,"(0, 0, 63, 20)",15,10,10,10,10,10,0,10,0
11787,conv2d_16,"(1, 1, 12, 18)",27,10,10,10,10,10,0,10,0
11788,conv2d_16,"(0, 2, 7, 57)",4,10,10,10,10,10,1,9,0
11789,conv2d_16,"(1, 0, 15, 59)",0,10,10,10,10,10,9,1,0
11790,conv2d_16,"(2, 2, 42, 34)",10,10,10,10,10,10,0,10,0
11791,conv2d_16,"(0, 2, 60, 5)",1,10,10,10,10,10,5,5,0
11792,conv2d_16,"(0, 0, 22, 19)",6,10,10,10,10,10,0,10,0
11793,conv2d_16,"(1, 0, 4, 50)",12,10,10,10,10,10,0,10,0
11794,conv2d_16,"(0, 2, 49, 39)",5,10,10,10,10,10,0,10,0
11795,conv2d_16,"(1, 0, 30, 60)",30,10,3,6,3,6,0,3,7
11796,conv2d_16,"(1, 1, 11, 32)",22,10,10,10,10,10,0,10,0
11797,conv2d_16,"(1, 0, 38, 46)",11,10,10,10,10,10,0,10,0
11798,conv2d_16,"(1, 1, 26, 31)",4,10,10,10,10,10,0,10,0
11799,conv2d_16,"(2, 2, 38, 53)",5,10,10,10,10,10,2,8,0
11800,conv2d_16,"(1, 0, 52, 44)",1,10,10,10,10,10,3,7,0
11801,conv2d_16,"(0, 0, 48, 25)",26,10,10,10,10,10,0,10,0
11802,conv2d_16,"(1, 0, 51, 39)",3,10,10,10,10,10,0,10,0
11803,conv2d_16,"(1, 0, 37, 57)",20,10,10,10,10,10,0,10,0
11804,conv2d_16,"(2, 0, 40, 22)",4,10,10,10,10,10,0,10,0
11805,conv2d_16,"(1, 0, 52, 11)",25,10,10,10,10,10,0,10,0
11806,conv2d_16,"(0, 1, 59, 33)",27,10,10,10,10,10,10,0,0
11807,conv2d_16,"(1, 2, 61, 54)",6,10,10,10,10,10,2,8,0
11808,conv2d_16,"(0, 1, 33, 26)",21,10,10,10,10,10,0,10,0
11809,conv2d_16,"(1, 2, 35, 19)",27,10,10,10,10,10,0,10,0
11810,conv2d_16,"(2, 1, 8, 35)",13,10,10,10,10,10,0,10,0
11811,conv2d_16,"(2, 0, 3, 44)",16,10,10,10,10,10,0,10,0
11812,conv2d_16,"(2, 0, 44, 25)",17,10,10,10,10,10,1,9,0
11813,conv2d_16,"(0, 2, 48, 5)",9,10,10,10,10,10,1,9,0
11814,conv2d_16,"(1, 0, 51, 32)",13,10,10,10,10,10,0,10,0
11815,conv2d_16,"(0, 0, 58, 18)",2,10,10,10,10,10,1,9,0
11816,conv2d_16,"(0, 1, 13, 38)",17,10,10,10,10,10,0,10,0
11817,conv2d_16,"(1, 2, 33, 30)",1,10,10,10,10,10,9,1,0
11818,conv2d_16,"(2, 0, 20, 12)",23,10,10,10,10,10,0,10,0
11819,conv2d_16,"(1, 0, 12, 6)",15,10,10,10,10,10,0,10,0
11820,conv2d_16,"(1, 0, 31, 19)",20,10,10,10,10,10,0,10,0
11821,conv2d_16,"(2, 1, 17, 28)",23,10,10,10,10,10,0,10,0
11822,conv2d_16,"(0, 2, 15, 62)",10,10,10,10,10,10,0,10,0
11823,conv2d_16,"(0, 2, 13, 37)",13,10,10,10,10,10,0,10,0
11824,conv2d_16,"(1, 0, 3, 0)",15,10,10,10,10,10,0,10,0
11825,conv2d_16,"(2, 2, 27, 14)",10,10,10,10,10,10,0,10,0
11826,conv2d_16,"(0, 1, 46, 34)",31,10,10,10,10,10,1,9,0
11827,conv2d_16,"(1, 1, 63, 11)",7,10,10,10,10,10,0,10,0
11828,conv2d_16,"(1, 2, 1, 55)",5,10,10,10,10,10,0,10,0
11829,conv2d_16,"(0, 2, 60, 12)",9,10,10,10,10,10,0,10,0
11830,conv2d_16,"(2, 1, 29, 30)",7,10,10,10,10,10,3,7,0
11831,conv2d_16,"(1, 0, 26, 31)",5,10,10,10,10,10,0,10,0
11832,conv2d_16,"(1, 1, 31, 47)",10,10,10,10,10,10,0,10,0
11833,conv2d_16,"(2, 1, 17, 58)",22,10,10,10,10,10,2,8,0
11834,conv2d_16,"(2, 2, 34, 2)",1,10,10,10,10,10,5,5,0
11835,conv2d_16,"(1, 1, 13, 32)",31,10,10,10,10,10,0,10,0
11836,conv2d_16,"(2, 0, 54, 11)",11,10,10,10,10,10,0,10,0
11837,conv2d_16,"(1, 1, 16, 9)",24,10,10,10,10,10,0,10,0
11838,conv2d_16,"(1, 0, 12, 20)",24,10,10,10,10,10,0,10,0
11839,conv2d_16,"(0, 0, 62, 16)",27,10,10,10,10,10,1,9,0
11840,conv2d_16,"(0, 0, 56, 36)",10,10,10,10,10,10,1,9,0
11841,conv2d_16,"(0, 1, 17, 27)",10,10,10,10,10,10,2,8,0
11842,conv2d_16,"(1, 2, 25, 55)",13,10,10,10,10,10,0,10,0
11843,conv2d_16,"(0, 1, 10, 50)",16,10,10,10,10,10,0,10,0
11844,conv2d_16,"(1, 0, 37, 13)",31,10,10,10,10,10,0,10,0
11845,conv2d_16,"(1, 2, 61, 35)",0,10,10,10,10,10,4,6,0
11846,conv2d_16,"(1, 1, 33, 35)",5,10,10,10,10,10,4,6,0
11847,conv2d_16,"(1, 0, 54, 56)",17,10,10,10,10,10,0,10,0
11848,conv2d_16,"(0, 1, 9, 34)",29,10,10,10,10,10,0,10,0
11849,conv2d_16,"(1, 2, 4, 38)",20,10,10,10,10,10,0,10,0
11850,conv2d_16,"(0, 0, 44, 23)",15,10,10,10,10,10,0,10,0
11851,conv2d_16,"(1, 1, 34, 16)",14,10,10,10,10,10,0,10,0
11852,conv2d_16,"(0, 2, 47, 35)",23,10,10,10,10,10,1,9,0
11853,conv2d_16,"(2, 2, 0, 40)",28,10,10,10,10,10,10,0,0
11854,conv2d_16,"(1, 1, 40, 61)",8,10,10,10,10,10,1,9,0
11855,conv2d_16,"(2, 1, 41, 15)",1,10,10,10,10,10,10,0,0
11856,conv2d_16,"(0, 1, 54, 54)",0,10,10,10,10,10,5,5,0
11857,conv2d_16,"(0, 0, 54, 13)",1,10,10,10,10,10,3,7,0
11858,conv2d_16,"(2, 1, 24, 38)",28,10,10,10,10,10,0,10,0
11859,conv2d_16,"(2, 1, 33, 15)",30,10,6,8,6,8,0,6,4
11860,conv2d_16,"(2, 1, 36, 21)",8,10,10,10,10,10,0,10,0
11861,conv2d_16,"(1, 0, 14, 54)",15,10,10,10,10,10,0,10,0
11862,conv2d_16,"(1, 2, 41, 0)",8,10,10,10,10,10,0,10,0
11863,conv2d_16,"(2, 0, 6, 6)",1,10,10,10,10,10,4,6,0
11864,conv2d_16,"(2, 2, 0, 60)",11,10,10,10,10,10,10,0,0
11865,conv2d_16,"(2, 0, 4, 21)",22,10,10,10,10,10,0,10,0
11866,conv2d_16,"(0, 2, 14, 22)",17,10,10,10,10,10,0,10,0
11867,conv2d_16,"(2, 1, 25, 18)",16,10,10,10,10,10,0,10,0
11868,conv2d_16,"(0, 0, 10, 62)",10,10,10,10,10,10,0,10,0
11869,conv2d_16,"(2, 2, 16, 62)",0,10,10,10,10,10,8,2,0
11870,conv2d_16,"(0, 0, 40, 21)",0,10,10,10,10,10,10,0,0
11871,conv2d_16,"(1, 2, 21, 21)",8,10,10,10,10,10,0,10,0
11872,conv2d_16,"(2, 2, 59, 46)",15,10,10,10,10,10,10,0,0
11873,conv2d_16,"(0, 0, 32, 42)",27,10,10,10,10,10,0,10,0
11874,conv2d_16,"(0, 0, 29, 4)",19,10,10,10,10,10,0,10,0
11875,conv2d_16,"(2, 1, 0, 6)",30,10,10,10,10,10,10,0,0
11876,conv2d_16,"(0, 1, 1, 4)",6,10,10,10,10,10,0,10,0
11877,conv2d_16,"(1, 0, 13, 62)",24,10,10,10,10,10,0,10,0
11878,conv2d_16,"(1, 1, 18, 41)",0,10,10,10,10,10,5,5,0
11879,conv2d_16,"(2, 0, 20, 47)",20,10,10,10,10,10,0,10,0
11880,conv2d_16,"(0, 0, 45, 14)",8,10,10,10,10,10,0,10,0
11881,conv2d_16,"(0, 0, 49, 53)",29,10,10,10,10,10,0,10,0
11882,conv2d_16,"(0, 0, 35, 37)",28,10,10,10,10,10,0,10,0
11883,conv2d_16,"(2, 0, 47, 14)",15,10,10,10,10,10,0,10,0
11884,conv2d_16,"(2, 2, 37, 51)",31,10,10,10,10,10,1,9,0
11885,conv2d_16,"(0, 2, 60, 31)",22,10,10,10,10,10,0,10,0
11886,conv2d_16,"(0, 1, 13, 2)",27,10,10,10,10,10,0,10,0
11887,conv2d_16,"(1, 0, 26, 35)",8,10,10,10,10,10,0,10,0
11888,conv2d_16,"(2, 1, 54, 56)",4,10,10,10,10,10,1,9,0
11889,conv2d_16,"(2, 0, 39, 42)",21,10,10,10,10,10,0,10,0
11890,conv2d_16,"(0, 2, 62, 41)",19,10,10,10,10,10,0,10,0
11891,conv2d_16,"(0, 0, 63, 56)",29,10,10,10,10,10,0,10,0
11892,conv2d_16,"(2, 2, 10, 11)",3,10,10,10,10,10,4,6,0
11893,conv2d_16,"(0, 0, 46, 29)",25,10,10,10,10,10,0,10,0
11894,conv2d_16,"(2, 0, 44, 28)",7,10,10,10,10,10,0,10,0
11895,conv2d_16,"(0, 1, 22, 60)",0,10,10,10,10,10,8,2,0
11896,conv2d_16,"(1, 1, 11, 43)",27,10,10,10,10,10,0,10,0
11897,conv2d_16,"(0, 2, 31, 53)",17,10,10,10,10,10,2,8,0
11898,conv2d_16,"(0, 1, 59, 28)",7,10,10,10,10,10,10,0,0
11899,conv2d_16,"(1, 0, 43, 8)",7,10,10,10,10,10,2,8,0
11900,conv2d_16,"(2, 1, 43, 14)",7,10,10,10,10,10,2,8,0
11901,conv2d_16,"(1, 2, 49, 18)",21,10,10,10,10,10,0,10,0
11902,conv2d_16,"(0, 0, 60, 15)",25,10,10,10,10,10,0,10,0
11903,conv2d_16,"(1, 2, 54, 49)",7,10,10,10,10,10,1,9,0
11904,conv2d_16,"(0, 0, 28, 35)",28,10,10,10,10,10,10,0,0
11905,conv2d_16,"(2, 0, 2, 33)",5,10,10,10,10,10,1,9,0
11906,conv2d_16,"(0, 0, 14, 7)",26,10,10,10,10,10,1,9,0
11907,conv2d_16,"(0, 1, 21, 31)",17,10,10,10,10,10,0,10,0
11908,conv2d_16,"(1, 1, 20, 30)",16,10,10,10,10,10,0,10,0
11909,conv2d_16,"(2, 2, 10, 40)",7,10,10,10,10,10,0,10,0
11910,conv2d_16,"(1, 0, 42, 62)",28,10,10,10,10,10,0,10,0
11911,conv2d_16,"(1, 0, 44, 14)",25,10,10,10,10,10,0,10,0
11912,conv2d_16,"(1, 1, 27, 5)",16,10,10,10,10,10,0,10,0
11913,conv2d_16,"(1, 2, 3, 26)",17,10,10,10,10,10,0,10,0
11914,conv2d_16,"(2, 0, 5, 6)",2,10,10,10,10,10,0,10,0
11915,conv2d_16,"(2, 1, 53, 0)",25,10,10,10,10,10,0,10,0
11916,conv2d_16,"(0, 0, 27, 11)",5,10,10,10,10,10,1,9,0
11917,conv2d_16,"(2, 0, 60, 50)",24,10,10,10,10,10,0,10,0
11918,conv2d_16,"(0, 2, 36, 49)",15,10,10,10,10,10,0,10,0
11919,conv2d_16,"(1, 0, 57, 6)",21,10,10,10,10,10,0,10,0
11920,conv2d_16,"(1, 0, 55, 3)",7,10,10,10,10,10,1,9,0
11921,conv2d_16,"(1, 0, 48, 7)",3,10,10,10,10,10,6,4,0
11922,conv2d_16,"(2, 1, 56, 13)",23,10,10,10,10,10,0,10,0
11923,conv2d_16,"(1, 2, 2, 12)",10,10,10,10,10,10,0,10,0
11924,conv2d_16,"(1, 0, 48, 3)",31,10,10,10,10,10,0,10,0
11925,conv2d_16,"(1, 2, 34, 37)",22,10,10,10,10,10,0,10,0
11926,conv2d_16,"(0, 2, 24, 25)",23,10,10,10,10,10,0,10,0
11927,conv2d_16,"(2, 2, 49, 55)",21,10,10,10,10,10,0,10,0
11928,conv2d_16,"(1, 1, 31, 32)",6,10,10,10,10,10,3,7,0
11929,conv2d_16,"(2, 2, 52, 18)",7,10,10,10,10,10,0,10,0
11930,conv2d_16,"(2, 2, 60, 0)",24,10,10,10,10,10,0,10,0
11931,conv2d_16,"(0, 0, 22, 30)",29,10,10,10,10,10,0,10,0
11932,conv2d_16,"(0, 1, 27, 5)",7,10,10,10,10,10,0,10,0
11933,conv2d_16,"(0, 0, 54, 59)",11,10,10,10,10,10,0,10,0
11934,conv2d_16,"(2, 2, 42, 41)",7,10,10,10,10,10,0,10,0
11935,conv2d_16,"(0, 2, 14, 10)",28,10,10,10,10,10,0,10,0
11936,conv2d_16,"(0, 1, 53, 59)",6,10,10,10,10,10,4,6,0
11937,conv2d_16,"(2, 1, 57, 3)",19,10,10,10,10,10,0,10,0
11938,conv2d_16,"(1, 1, 33, 16)",27,10,10,10,10,10,1,9,0
11939,conv2d_16,"(1, 2, 7, 2)",8,10,10,10,10,10,0,10,0
11940,conv2d_16,"(1, 1, 56, 44)",31,10,10,10,10,10,0,10,0
11941,conv2d_16,"(1, 1, 23, 11)",19,10,10,10,10,10,0,10,0
11942,conv2d_16,"(1, 2, 38, 44)",22,10,10,10,10,10,0,10,0
11943,conv2d_16,"(0, 1, 50, 11)",1,10,10,10,10,10,6,4,0
11944,conv2d_16,"(0, 2, 33, 8)",1,10,10,10,10,10,3,7,0
11945,conv2d_16,"(2, 1, 38, 42)",19,10,10,10,10,10,0,10,0
11946,conv2d_16,"(2, 2, 21, 54)",23,10,10,10,10,10,0,10,0
11947,conv2d_16,"(1, 1, 14, 18)",15,10,10,10,10,10,0,10,0
11948,conv2d_16,"(2, 2, 27, 58)",3,10,10,10,10,10,0,10,0
11949,conv2d_16,"(1, 2, 51, 58)",25,10,10,10,10,10,0,10,0
11950,conv2d_16,"(2, 0, 45, 62)",16,10,10,10,10,10,0,10,0
11951,conv2d_16,"(0, 0, 23, 38)",6,10,10,10,10,10,2,8,0
11952,conv2d_16,"(2, 2, 61, 41)",31,10,10,10,10,10,0,10,0
11953,conv2d_16,"(1, 2, 51, 1)",4,10,10,10,10,10,0,10,0
11954,conv2d_16,"(1, 1, 16, 13)",3,10,10,10,10,10,3,7,0
11955,conv2d_16,"(2, 0, 56, 60)",27,10,10,10,10,10,0,10,0
11956,conv2d_16,"(0, 2, 41, 28)",26,10,10,10,10,10,0,10,0
11957,conv2d_16,"(2, 0, 13, 6)",9,10,10,10,10,10,0,10,0
11958,conv2d_16,"(1, 1, 15, 58)",10,10,10,10,10,10,0,10,0
11959,conv2d_16,"(1, 0, 29, 26)",26,10,10,10,10,10,0,10,0
11960,conv2d_16,"(1, 2, 10, 0)",28,10,10,10,10,10,0,10,0
11961,conv2d_16,"(1, 1, 53, 22)",4,10,10,10,10,10,0,10,0
11962,conv2d_16,"(1, 0, 16, 26)",12,10,10,10,10,10,0,10,0
11963,conv2d_16,"(0, 1, 33, 42)",0,10,10,10,10,10,4,6,0
11964,conv2d_16,"(0, 0, 16, 10)",8,10,10,10,10,10,1,9,0
11965,conv2d_16,"(0, 1, 6, 7)",14,10,10,10,10,10,0,10,0
11966,conv2d_16,"(2, 1, 35, 5)",30,10,3,7,3,7,0,3,7
11967,conv2d_16,"(1, 0, 2, 39)",23,10,10,10,10,10,0,10,0
11968,conv2d_16,"(0, 0, 29, 28)",21,10,10,10,10,10,0,10,0
11969,conv2d_16,"(2, 2, 37, 51)",14,10,10,10,10,10,0,10,0
11970,conv2d_16,"(0, 2, 53, 41)",29,10,10,10,10,10,0,10,0
11971,conv2d_16,"(2, 0, 24, 43)",16,10,10,10,10,10,0,10,0
11972,conv2d_16,"(1, 1, 30, 30)",9,10,10,10,10,10,0,10,0
11973,conv2d_16,"(0, 2, 44, 14)",26,10,10,10,10,10,0,10,0
11974,conv2d_16,"(2, 1, 46, 32)",4,10,10,10,10,10,1,9,0
11975,conv2d_16,"(0, 2, 49, 48)",13,10,10,10,10,10,0,10,0
11976,conv2d_16,"(0, 0, 26, 6)",6,10,10,10,10,10,0,10,0
11977,conv2d_16,"(1, 0, 5, 55)",6,10,10,10,10,10,1,9,0
11978,conv2d_16,"(2, 1, 10, 19)",21,10,10,10,10,10,0,10,0
11979,conv2d_16,"(2, 0, 33, 62)",8,10,10,10,10,10,0,10,0
11980,conv2d_16,"(0, 0, 12, 47)",12,10,10,10,10,10,0,10,0
11981,conv2d_16,"(0, 2, 37, 24)",4,10,10,10,10,10,0,10,0
11982,conv2d_16,"(2, 1, 9, 60)",17,10,10,10,10,10,0,10,0
11983,conv2d_16,"(1, 1, 46, 43)",24,10,10,10,10,10,0,10,0
11984,conv2d_16,"(1, 0, 19, 48)",26,10,10,10,10,10,0,10,0
11985,conv2d_16,"(0, 1, 13, 57)",7,10,10,10,10,10,0,10,0
11986,conv2d_16,"(0, 1, 5, 17)",23,10,10,10,10,10,0,10,0
11987,conv2d_16,"(0, 2, 34, 61)",28,10,10,10,10,10,1,9,0
11988,conv2d_16,"(1, 2, 48, 43)",11,10,10,10,10,10,0,10,0
11989,conv2d_16,"(0, 0, 0, 26)",11,10,10,10,10,10,10,0,0
11990,conv2d_16,"(0, 0, 22, 37)",28,10,10,10,10,10,0,10,0
11991,conv2d_16,"(1, 1, 51, 11)",14,10,10,10,10,10,0,10,0
11992,conv2d_16,"(2, 2, 24, 27)",22,10,10,10,10,10,1,9,0
11993,conv2d_16,"(2, 2, 57, 10)",10,10,10,10,10,10,1,9,0
11994,conv2d_16,"(0, 1, 8, 8)",8,10,10,10,10,10,1,9,0
11995,conv2d_16,"(0, 2, 56, 20)",13,10,10,10,10,10,0,10,0
11996,conv2d_16,"(1, 1, 53, 7)",16,10,10,10,10,10,0,10,0
11997,conv2d_16,"(2, 2, 6, 16)",7,10,10,10,10,10,0,10,0
11998,conv2d_16,"(2, 0, 63, 11)",4,10,10,10,10,10,0,10,0
11999,conv2d_16,"(0, 2, 9, 5)",7,10,10,10,10,10,0,10,0
12000,conv2d_16,"(1, 0, 33, 3)",3,10,10,10,10,10,1,9,0
12001,conv2d_16,"(2, 0, 23, 42)",19,10,10,10,10,10,0,10,0
12002,conv2d_16,"(1, 2, 49, 43)",25,10,10,10,10,10,0,10,0
12003,conv2d_16,"(0, 0, 11, 44)",22,10,10,10,10,10,0,10,0
12004,conv2d_16,"(2, 2, 60, 26)",11,10,10,10,10,10,0,10,0
12005,conv2d_16,"(2, 2, 58, 17)",14,10,10,10,10,10,0,10,0
12006,conv2d_16,"(0, 1, 1, 23)",13,10,10,10,10,10,0,10,0
12007,conv2d_16,"(1, 2, 39, 23)",1,10,10,10,10,10,7,3,0
12008,conv2d_16,"(2, 2, 52, 62)",27,10,10,10,10,10,0,10,0
12009,conv2d_16,"(1, 1, 59, 45)",20,10,10,10,10,10,10,0,0
12010,conv2d_16,"(2, 1, 27, 39)",10,10,10,10,10,10,0,10,0
12011,conv2d_16,"(1, 0, 32, 12)",4,10,10,10,10,10,1,9,0
12012,conv2d_16,"(1, 2, 37, 21)",15,10,10,10,10,10,1,9,0
12013,conv2d_16,"(1, 2, 58, 33)",4,10,10,10,10,10,2,8,0
12014,conv2d_16,"(0, 2, 51, 9)",16,10,10,10,10,10,0,10,0
12015,conv2d_16,"(2, 0, 15, 59)",9,10,10,10,10,10,0,10,0
12016,conv2d_16,"(2, 2, 27, 20)",17,10,10,10,10,10,0,10,0
12017,conv2d_16,"(1, 1, 37, 34)",19,10,10,10,10,10,0,10,0
12018,conv2d_16,"(2, 1, 45, 38)",19,10,10,10,10,10,0,10,0
12019,conv2d_17,"(0, 2, 42, 38)",16,10,10,10,10,10,0,10,0
12020,conv2d_17,"(2, 1, 15, 22)",29,10,10,10,10,10,0,10,0
12021,conv2d_17,"(1, 0, 11, 17)",24,10,10,10,10,10,1,9,0
12022,conv2d_17,"(0, 0, 61, 7)",12,10,10,10,10,10,3,7,0
12023,conv2d_17,"(0, 2, 34, 10)",8,10,10,10,10,10,2,8,0
12024,conv2d_17,"(1, 2, 51, 56)",25,10,10,10,10,10,3,7,0
12025,conv2d_17,"(0, 2, 16, 14)",22,10,10,10,10,10,0,10,0
12026,conv2d_17,"(1, 2, 33, 41)",9,10,10,10,10,10,1,9,0
12027,conv2d_17,"(0, 1, 14, 42)",11,10,10,10,10,10,1,9,0
12028,conv2d_17,"(1, 1, 52, 1)",13,10,10,10,10,10,2,8,0
12029,conv2d_17,"(2, 0, 58, 7)",15,10,10,10,10,10,5,5,0
12030,conv2d_17,"(1, 2, 32, 27)",25,10,10,10,10,10,0,10,0
12031,conv2d_17,"(2, 1, 6, 20)",21,10,10,10,10,10,0,10,0
12032,conv2d_17,"(2, 0, 14, 27)",12,10,10,10,10,10,1,9,0
12033,conv2d_17,"(2, 2, 10, 20)",13,10,10,10,10,10,0,10,0
12034,conv2d_17,"(1, 0, 1, 41)",19,10,10,10,10,10,2,8,0
12035,conv2d_17,"(0, 1, 43, 41)",2,10,10,10,10,10,9,1,0
12036,conv2d_17,"(1, 0, 15, 50)",5,10,10,10,10,10,2,8,0
12037,conv2d_17,"(0, 1, 53, 33)",21,10,10,10,10,10,0,10,0
12038,conv2d_17,"(0, 0, 52, 50)",30,10,0,3,0,3,0,0,10
12039,conv2d_17,"(2, 1, 20, 50)",11,10,10,10,10,10,2,8,0
12040,conv2d_17,"(2, 0, 29, 39)",19,10,10,10,10,10,0,10,0
12041,conv2d_17,"(1, 1, 46, 34)",5,10,10,10,10,10,8,2,0
12042,conv2d_17,"(1, 0, 57, 34)",2,10,10,10,10,10,8,2,0
12043,conv2d_17,"(1, 1, 37, 8)",13,10,10,10,10,10,0,10,0
12044,conv2d_17,"(1, 1, 33, 31)",18,10,10,10,10,10,10,0,0
12045,conv2d_17,"(0, 0, 0, 42)",9,10,10,10,10,10,2,8,0
12046,conv2d_17,"(2, 2, 9, 17)",19,10,10,10,10,10,1,9,0
12047,conv2d_17,"(0, 0, 26, 12)",3,10,10,10,10,10,3,7,0
12048,conv2d_17,"(0, 2, 31, 45)",14,10,10,10,10,10,0,10,0
12049,conv2d_17,"(2, 0, 19, 3)",9,10,10,10,10,10,1,9,0
12050,conv2d_17,"(2, 1, 21, 5)",4,10,10,10,10,10,3,7,0
12051,conv2d_17,"(1, 2, 54, 63)",28,10,10,10,10,10,0,10,0
12052,conv2d_17,"(2, 0, 51, 5)",10,10,10,10,10,10,2,8,0
12053,conv2d_17,"(2, 1, 48, 21)",28,10,10,10,10,10,0,10,0
12054,conv2d_17,"(2, 0, 7, 37)",0,10,10,10,10,10,9,1,0
12055,conv2d_17,"(0, 1, 62, 61)",18,10,10,10,10,10,1,9,0
12056,conv2d_17,"(1, 2, 23, 52)",22,10,10,10,10,10,0,10,0
12057,conv2d_17,"(0, 0, 14, 2)",13,10,10,10,10,10,0,10,0
12058,conv2d_17,"(0, 0, 42, 46)",7,10,10,10,10,10,4,6,0
12059,conv2d_17,"(0, 1, 43, 20)",12,10,10,10,10,10,0,10,0
12060,conv2d_17,"(1, 1, 33, 55)",14,10,10,10,10,10,1,9,0
12061,conv2d_17,"(1, 1, 7, 59)",21,10,10,10,10,10,0,10,0
12062,conv2d_17,"(1, 0, 38, 55)",13,10,10,10,10,10,0,10,0
12063,conv2d_17,"(2, 0, 34, 11)",11,10,10,10,10,10,0,10,0
12064,conv2d_17,"(2, 2, 9, 15)",16,10,10,10,10,10,0,10,0
12065,conv2d_17,"(0, 0, 63, 42)",22,10,10,10,10,10,4,6,0
12066,conv2d_17,"(0, 0, 40, 47)",6,10,10,10,10,10,1,9,0
12067,conv2d_17,"(1, 1, 41, 50)",0,10,10,10,10,10,10,0,0
12068,conv2d_17,"(2, 1, 49, 19)",23,10,10,10,10,10,1,9,0
12069,conv2d_17,"(2, 0, 45, 1)",25,10,10,10,10,10,2,8,0
12070,conv2d_17,"(0, 0, 59, 6)",18,10,10,10,10,10,0,10,0
12071,conv2d_17,"(2, 2, 19, 25)",26,10,10,10,10,10,1,9,0
12072,conv2d_17,"(0, 0, 1, 49)",25,10,10,10,10,10,0,10,0
12073,conv2d_17,"(2, 1, 23, 43)",18,10,10,10,10,10,0,10,0
12074,conv2d_17,"(0, 1, 25, 39)",11,10,10,10,10,10,0,10,0
12075,conv2d_17,"(0, 1, 54, 27)",6,10,10,10,10,10,6,4,0
12076,conv2d_17,"(2, 1, 29, 55)",1,10,10,10,10,10,8,2,0
12077,conv2d_17,"(1, 1, 20, 58)",8,10,10,10,10,10,0,10,0
12078,conv2d_17,"(2, 2, 5, 3)",22,10,10,10,10,10,4,6,0
12079,conv2d_17,"(2, 2, 23, 6)",18,10,10,10,10,10,0,10,0
12080,conv2d_17,"(2, 2, 56, 0)",14,10,10,10,10,10,0,10,0
12081,conv2d_17,"(2, 2, 60, 56)",5,10,10,10,10,10,4,6,0
12082,conv2d_17,"(2, 1, 33, 6)",6,10,10,10,10,10,1,9,0
12083,conv2d_17,"(2, 1, 3, 44)",16,10,10,10,10,10,0,10,0
12084,conv2d_17,"(2, 1, 37, 21)",18,10,10,10,10,10,0,10,0
12085,conv2d_17,"(0, 1, 39, 5)",31,10,10,10,10,10,1,9,0
12086,conv2d_17,"(0, 2, 33, 13)",29,10,10,10,10,10,2,8,0
12087,conv2d_17,"(0, 1, 44, 62)",25,10,10,10,10,10,1,9,0
12088,conv2d_17,"(2, 0, 17, 20)",12,10,10,10,10,10,1,9,0
12089,conv2d_17,"(2, 0, 4, 58)",25,10,10,10,10,10,0,10,0
12090,conv2d_17,"(1, 2, 1, 36)",30,10,0,4,0,4,0,0,10
12091,conv2d_17,"(0, 0, 30, 51)",19,10,10,10,10,10,0,10,0
12092,conv2d_17,"(1, 0, 12, 60)",20,10,10,10,10,10,0,10,0
12093,conv2d_17,"(0, 1, 38, 23)",24,10,10,10,10,10,0,10,0
12094,conv2d_17,"(1, 0, 58, 62)",27,10,10,10,10,10,1,9,0
12095,conv2d_17,"(1, 1, 30, 43)",26,10,10,10,10,10,0,10,0
12096,conv2d_17,"(2, 1, 56, 48)",26,10,10,10,10,10,0,10,0
12097,conv2d_17,"(0, 1, 56, 26)",18,10,10,10,10,10,0,10,0
12098,conv2d_17,"(0, 2, 50, 30)",7,10,10,10,10,10,3,7,0
12099,conv2d_17,"(2, 1, 51, 12)",23,10,10,10,10,10,2,8,0
12100,conv2d_17,"(0, 1, 39, 17)",7,10,10,10,10,10,2,8,0
12101,conv2d_17,"(1, 1, 63, 55)",10,10,10,10,10,10,2,8,0
12102,conv2d_17,"(2, 0, 52, 40)",17,10,10,10,10,10,0,10,0
12103,conv2d_17,"(1, 0, 22, 26)",0,10,10,10,10,10,10,0,0
12104,conv2d_17,"(0, 0, 10, 15)",12,10,10,10,10,10,1,9,0
12105,conv2d_17,"(2, 2, 34, 15)",4,10,10,10,10,10,2,8,0
12106,conv2d_17,"(0, 0, 9, 34)",5,10,10,10,10,10,4,6,0
12107,conv2d_17,"(0, 2, 5, 16)",29,10,10,10,10,10,2,8,0
12108,conv2d_17,"(1, 2, 59, 39)",5,10,10,10,10,10,3,7,0
12109,conv2d_17,"(2, 1, 60, 40)",6,10,10,10,10,10,2,8,0
12110,conv2d_17,"(0, 2, 16, 35)",3,10,10,10,10,10,6,4,0
12111,conv2d_17,"(0, 1, 8, 23)",20,10,10,10,10,10,0,10,0
12112,conv2d_17,"(1, 2, 33, 19)",0,10,10,10,10,10,10,0,0
12113,conv2d_17,"(0, 2, 63, 3)",11,10,10,10,10,10,2,8,0
12114,conv2d_17,"(1, 1, 46, 59)",12,10,10,10,10,10,0,10,0
12115,conv2d_17,"(0, 1, 36, 52)",17,10,10,10,10,10,0,10,0
12116,conv2d_17,"(2, 1, 39, 22)",3,10,10,10,10,10,7,3,0
12117,conv2d_17,"(2, 0, 49, 22)",20,10,10,10,10,10,1,9,0
12118,conv2d_17,"(1, 1, 51, 37)",8,10,10,10,10,10,1,9,0
12119,conv2d_17,"(2, 0, 61, 0)",29,10,10,10,10,10,0,10,0
12120,conv2d_17,"(0, 2, 16, 19)",7,10,10,10,10,10,1,9,0
12121,conv2d_17,"(2, 1, 3, 56)",15,10,10,10,10,10,2,8,0
12122,conv2d_17,"(2, 1, 38, 26)",22,10,10,10,10,10,0,10,0
12123,conv2d_17,"(1, 0, 56, 29)",11,10,10,10,10,10,0,10,0
12124,conv2d_17,"(2, 2, 25, 2)",20,10,10,10,10,10,0,10,0
12125,conv2d_17,"(0, 2, 5, 49)",19,10,10,10,10,10,0,10,0
12126,conv2d_17,"(0, 1, 0, 35)",12,10,10,10,10,10,3,7,0
12127,conv2d_17,"(2, 1, 16, 53)",17,10,10,10,10,10,0,10,0
12128,conv2d_17,"(2, 2, 13, 37)",18,10,10,10,10,10,2,8,0
12129,conv2d_17,"(1, 1, 7, 58)",29,10,10,10,10,10,0,10,0
12130,conv2d_17,"(1, 0, 10, 41)",31,10,10,10,10,10,1,9,0
12131,conv2d_17,"(2, 0, 51, 21)",27,10,10,10,10,10,0,10,0
12132,conv2d_17,"(0, 2, 16, 2)",9,10,10,10,10,10,1,9,0
12133,conv2d_17,"(0, 2, 2, 1)",11,10,10,10,10,10,2,8,0
12134,conv2d_17,"(1, 2, 1, 60)",30,10,0,4,0,4,0,0,10
12135,conv2d_17,"(1, 1, 34, 17)",20,10,10,10,10,10,0,10,0
12136,conv2d_17,"(2, 0, 0, 25)",9,10,10,10,10,10,1,9,0
12137,conv2d_17,"(0, 0, 21, 23)",6,10,10,10,10,10,2,8,0
12138,conv2d_17,"(0, 1, 2, 51)",13,10,10,10,10,10,1,9,0
12139,conv2d_17,"(0, 0, 19, 22)",31,10,10,10,10,10,0,10,0
12140,conv2d_17,"(1, 1, 28, 18)",8,10,10,10,10,10,0,10,0
12141,conv2d_17,"(1, 0, 9, 34)",13,10,10,10,10,10,0,10,0
12142,conv2d_17,"(2, 2, 32, 10)",17,10,10,10,10,10,2,8,0
12143,conv2d_17,"(0, 2, 21, 21)",12,10,10,10,10,10,0,10,0
12144,conv2d_17,"(2, 2, 22, 16)",19,10,10,10,10,10,1,9,0
12145,conv2d_17,"(0, 2, 50, 54)",28,10,10,10,10,10,4,6,0
12146,conv2d_17,"(2, 2, 5, 10)",6,10,10,10,10,10,4,6,0
12147,conv2d_17,"(0, 0, 25, 51)",15,10,10,10,10,10,0,10,0
12148,conv2d_17,"(2, 1, 57, 29)",11,10,10,10,10,10,0,10,0
12149,conv2d_17,"(1, 2, 33, 10)",22,10,10,10,10,10,1,9,0
12150,conv2d_17,"(1, 0, 32, 38)",9,10,10,10,10,10,0,10,0
12151,conv2d_17,"(2, 0, 3, 61)",16,10,10,10,10,10,0,10,0
12152,conv2d_17,"(1, 0, 33, 63)",11,10,10,10,10,10,0,10,0
12153,conv2d_17,"(0, 0, 57, 43)",13,10,10,10,10,10,2,8,0
12154,conv2d_17,"(2, 1, 32, 62)",3,10,10,10,10,10,7,3,0
12155,conv2d_17,"(1, 0, 56, 27)",9,10,10,10,10,10,4,6,0
12156,conv2d_17,"(1, 2, 6, 6)",0,10,10,10,10,10,10,0,0
12157,conv2d_17,"(2, 1, 0, 31)",31,10,10,10,10,10,10,0,0
12158,conv2d_17,"(2, 2, 55, 31)",24,10,10,10,10,10,10,0,0
12159,conv2d_17,"(2, 1, 46, 61)",28,10,10,10,10,10,1,9,0
12160,conv2d_17,"(2, 2, 11, 62)",20,10,10,10,10,10,0,10,0
12161,conv2d_17,"(0, 0, 29, 59)",21,10,10,10,10,10,0,10,0
12162,conv2d_17,"(1, 2, 27, 28)",2,10,10,10,10,10,4,6,0
12163,conv2d_17,"(2, 2, 31, 23)",18,10,10,10,10,10,0,10,0
12164,conv2d_17,"(1, 2, 41, 7)",18,10,10,10,10,10,4,6,0
12165,conv2d_17,"(0, 2, 48, 58)",10,10,10,10,10,10,0,10,0
12166,conv2d_17,"(0, 2, 15, 59)",2,10,10,10,10,10,5,5,0
12167,conv2d_17,"(0, 1, 51, 59)",2,10,10,10,10,10,10,0,0
12168,conv2d_17,"(0, 1, 20, 45)",8,10,10,10,10,10,0,10,0
12169,conv2d_17,"(1, 0, 41, 58)",28,10,10,10,10,10,0,10,0
12170,conv2d_17,"(0, 0, 57, 31)",5,10,10,10,10,10,10,0,0
12171,conv2d_17,"(0, 0, 2, 60)",28,10,10,10,10,10,0,10,0
12172,conv2d_17,"(1, 2, 42, 41)",25,10,10,10,10,10,0,10,0
12173,conv2d_17,"(1, 1, 58, 58)",15,10,10,10,10,10,1,9,0
12174,conv2d_17,"(0, 1, 14, 47)",29,10,10,10,10,10,0,10,0
12175,conv2d_17,"(1, 2, 38, 38)",2,10,10,10,10,10,3,7,0
12176,conv2d_17,"(2, 1, 15, 62)",31,10,10,10,10,10,0,10,0
12177,conv2d_17,"(0, 0, 6, 62)",10,10,10,10,10,10,0,10,0
12178,conv2d_17,"(0, 2, 17, 36)",0,10,10,10,10,10,8,2,0
12179,conv2d_17,"(0, 1, 27, 1)",7,10,10,10,10,10,6,4,0
12180,conv2d_17,"(1, 2, 15, 61)",20,10,10,10,10,10,1,9,0
12181,conv2d_17,"(2, 2, 25, 2)",12,10,10,10,10,10,2,8,0
12182,conv2d_17,"(2, 0, 29, 7)",12,10,10,10,10,10,3,7,0
12183,conv2d_17,"(0, 0, 34, 47)",15,10,10,10,10,10,0,10,0
12184,conv2d_17,"(0, 0, 28, 56)",23,10,10,10,10,10,2,8,0
12185,conv2d_17,"(2, 2, 34, 3)",6,10,10,10,10,10,3,7,0
12186,conv2d_17,"(2, 2, 46, 63)",29,10,10,10,10,10,0,10,0
12187,conv2d_17,"(2, 0, 17, 29)",8,10,10,10,10,10,0,10,0
12188,conv2d_17,"(2, 2, 4, 61)",9,10,10,10,10,10,0,10,0
12189,conv2d_17,"(0, 2, 50, 30)",6,10,10,10,10,10,5,5,0
12190,conv2d_17,"(0, 0, 53, 4)",17,10,10,10,10,10,3,7,0
12191,conv2d_17,"(2, 1, 58, 54)",12,10,10,10,10,10,4,6,0
12192,conv2d_17,"(2, 0, 28, 5)",24,10,10,10,10,10,1,9,0
12193,conv2d_17,"(2, 1, 32, 8)",30,10,2,6,2,6,0,2,8
12194,conv2d_17,"(2, 1, 59, 5)",26,10,10,10,10,10,0,10,0
12195,conv2d_17,"(1, 2, 34, 32)",4,10,10,10,10,10,3,7,0
12196,conv2d_17,"(0, 0, 44, 15)",6,10,10,10,10,10,1,9,0
12197,conv2d_17,"(2, 0, 33, 43)",28,10,10,10,10,10,0,10,0
12198,conv2d_17,"(1, 1, 41, 22)",14,10,10,10,10,10,0,10,0
12199,conv2d_17,"(2, 2, 13, 1)",2,10,10,10,10,10,8,2,0
12200,conv2d_17,"(1, 2, 17, 63)",19,10,10,10,10,10,0,10,0
12201,conv2d_17,"(0, 0, 28, 22)",10,10,10,10,10,10,0,10,0
12202,conv2d_17,"(1, 2, 23, 60)",23,10,10,10,10,10,0,10,0
12203,conv2d_17,"(2, 1, 14, 20)",10,10,10,10,10,10,0,10,0
12204,conv2d_17,"(0, 0, 18, 62)",7,10,10,10,10,10,1,9,0
12205,conv2d_17,"(1, 0, 28, 34)",24,10,10,10,10,10,1,9,0
12206,conv2d_17,"(2, 0, 29, 49)",26,10,10,10,10,10,0,10,0
12207,conv2d_17,"(1, 2, 56, 59)",28,10,10,10,10,10,1,9,0
12208,conv2d_17,"(1, 1, 59, 16)",7,10,10,10,10,10,2,8,0
12209,conv2d_17,"(0, 1, 52, 35)",12,10,10,10,10,10,1,9,0
12210,conv2d_17,"(2, 1, 50, 38)",28,10,10,10,10,10,1,9,0
12211,conv2d_17,"(2, 1, 7, 36)",14,10,10,10,10,10,1,9,0
12212,conv2d_17,"(2, 2, 55, 33)",31,10,10,10,10,10,0,10,0
12213,conv2d_17,"(2, 1, 54, 12)",25,10,10,10,10,10,2,8,0
12214,conv2d_17,"(2, 0, 16, 20)",31,10,10,10,10,10,1,9,0
12215,conv2d_17,"(1, 0, 24, 61)",20,10,10,10,10,10,1,9,0
12216,conv2d_17,"(2, 0, 0, 30)",5,10,10,10,10,10,3,7,0
12217,conv2d_17,"(0, 1, 2, 1)",30,10,5,5,5,5,0,5,5
12218,conv2d_17,"(2, 0, 14, 30)",26,10,10,10,10,10,0,10,0
12219,conv2d_17,"(2, 1, 61, 26)",4,10,10,10,10,10,2,8,0
12220,conv2d_17,"(0, 0, 6, 62)",11,10,10,10,10,10,0,10,0
12221,conv2d_17,"(2, 2, 7, 40)",5,10,10,10,10,10,2,8,0
12222,conv2d_17,"(2, 2, 29, 25)",9,10,10,10,10,10,0,10,0
12223,conv2d_17,"(1, 2, 60, 20)",18,10,10,10,10,10,0,10,0
12224,conv2d_17,"(2, 2, 33, 47)",22,10,10,10,10,10,1,9,0
12225,conv2d_17,"(1, 0, 36, 36)",28,10,10,10,10,10,0,10,0
12226,conv2d_17,"(1, 1, 22, 63)",28,10,10,10,10,10,0,10,0
12227,conv2d_17,"(1, 1, 9, 58)",1,10,10,10,10,10,8,2,0
12228,conv2d_17,"(2, 1, 50, 52)",28,10,10,10,10,10,0,10,0
12229,conv2d_17,"(0, 2, 16, 33)",24,10,10,10,10,10,0,10,0
12230,conv2d_17,"(1, 1, 27, 15)",10,10,10,10,10,10,0,10,0
12231,conv2d_17,"(1, 0, 57, 24)",8,10,10,10,10,10,0,10,0
12232,conv2d_17,"(0, 2, 26, 40)",31,10,10,10,10,10,0,10,0
12233,conv2d_17,"(2, 0, 3, 63)",11,10,10,10,10,10,1,9,0
12234,conv2d_17,"(0, 0, 22, 9)",25,10,10,10,10,10,1,9,0
12235,conv2d_17,"(2, 2, 40, 27)",7,10,10,10,10,10,2,8,0
12236,conv2d_17,"(1, 0, 55, 46)",2,10,10,10,10,10,6,4,0
12237,conv2d_17,"(0, 0, 49, 22)",20,10,10,10,10,10,0,10,0
12238,conv2d_17,"(0, 1, 25, 13)",26,10,10,10,10,10,1,9,0
12239,conv2d_17,"(1, 0, 36, 16)",31,10,10,10,10,10,1,9,0
12240,conv2d_17,"(2, 1, 23, 23)",1,10,10,10,10,10,8,2,0
12241,conv2d_17,"(1, 2, 21, 12)",8,10,10,10,10,10,4,6,0
12242,conv2d_17,"(1, 0, 5, 7)",11,10,10,10,10,10,4,6,0
12243,conv2d_17,"(2, 0, 8, 5)",7,10,10,10,10,10,4,6,0
12244,conv2d_17,"(1, 2, 37, 19)",25,10,10,10,10,10,2,8,0
12245,conv2d_17,"(2, 1, 55, 53)",13,10,10,10,10,10,0,10,0
12246,conv2d_17,"(0, 1, 24, 3)",10,10,10,10,10,10,3,7,0
12247,conv2d_17,"(2, 2, 6, 34)",13,10,10,10,10,10,1,9,0
12248,conv2d_17,"(0, 0, 44, 60)",31,10,10,10,10,10,0,10,0
12249,conv2d_17,"(2, 0, 33, 53)",19,10,10,10,10,10,1,9,0
12250,conv2d_17,"(1, 2, 48, 13)",6,10,10,10,10,10,1,9,0
12251,conv2d_17,"(0, 2, 41, 37)",9,10,10,10,10,10,1,9,0
12252,conv2d_17,"(2, 2, 34, 0)",27,10,10,10,10,10,0,10,0
12253,conv2d_17,"(2, 1, 31, 44)",5,10,10,10,10,10,5,5,0
12254,conv2d_17,"(1, 1, 5, 33)",18,10,10,10,10,10,0,10,0
12255,conv2d_17,"(2, 1, 27, 44)",3,10,10,10,10,10,5,5,0
12256,conv2d_17,"(1, 1, 6, 12)",11,10,10,10,10,10,4,6,0
12257,conv2d_17,"(0, 0, 60, 57)",21,10,10,10,10,10,0,10,0
12258,conv2d_17,"(0, 0, 41, 60)",11,10,10,10,10,10,0,10,0
12259,conv2d_17,"(2, 0, 31, 43)",10,10,10,10,10,10,0,10,0
12260,conv2d_17,"(0, 1, 60, 23)",17,10,10,10,10,10,0,10,0
12261,conv2d_17,"(1, 2, 46, 36)",0,10,10,10,10,10,9,1,0
12262,conv2d_17,"(1, 2, 1, 31)",20,10,10,10,10,10,10,0,0
12263,conv2d_17,"(1, 1, 42, 16)",30,10,7,9,7,9,0,7,3
12264,conv2d_17,"(0, 2, 19, 56)",24,10,10,10,10,10,0,10,0
12265,conv2d_17,"(2, 0, 62, 56)",0,10,10,10,10,10,7,3,0
12266,conv2d_17,"(0, 1, 40, 56)",12,10,10,10,10,10,1,9,0
12267,conv2d_17,"(1, 0, 51, 0)",25,10,10,10,10,10,0,10,0
12268,conv2d_17,"(0, 2, 38, 61)",2,10,10,10,10,10,10,0,0
12269,conv2d_17,"(1, 2, 26, 58)",8,10,10,10,10,10,1,9,0
12270,conv2d_17,"(1, 1, 14, 21)",17,10,10,10,10,10,0,10,0
12271,conv2d_17,"(1, 0, 27, 1)",18,10,10,10,10,10,2,8,0
12272,conv2d_17,"(1, 0, 38, 45)",11,10,10,10,10,10,0,10,0
12273,conv2d_17,"(1, 1, 46, 10)",1,10,10,10,10,10,9,1,0
12274,conv2d_17,"(2, 1, 35, 41)",4,10,10,10,10,10,4,6,0
12275,conv2d_17,"(0, 2, 22, 34)",14,10,10,10,10,10,2,8,0
12276,conv2d_17,"(0, 2, 51, 41)",8,10,10,10,10,10,2,8,0
12277,conv2d_17,"(1, 0, 29, 17)",5,10,10,10,10,10,2,8,0
12278,conv2d_17,"(2, 2, 38, 62)",25,10,10,10,10,10,0,10,0
12279,conv2d_17,"(2, 0, 53, 24)",2,10,10,10,10,10,4,6,0
12280,conv2d_17,"(1, 0, 32, 44)",30,10,5,7,5,7,0,5,5
12281,conv2d_17,"(0, 1, 33, 0)",6,10,10,10,10,10,0,10,0
12282,conv2d_17,"(2, 0, 47, 62)",5,10,10,10,10,10,2,8,0
12283,conv2d_17,"(1, 0, 20, 56)",2,10,10,10,10,10,6,4,0
12284,conv2d_17,"(1, 0, 41, 33)",4,10,10,10,10,10,1,9,0
12285,conv2d_17,"(2, 2, 57, 32)",25,10,10,10,10,10,0,10,0
12286,conv2d_17,"(1, 1, 22, 13)",3,10,10,10,10,10,6,4,0
12287,conv2d_17,"(1, 2, 46, 62)",20,10,10,10,10,10,0,10,0
12288,conv2d_17,"(2, 2, 60, 24)",30,10,2,4,2,4,0,2,8
12289,conv2d_17,"(2, 1, 54, 10)",2,10,10,10,10,10,7,3,0
12290,conv2d_17,"(0, 0, 42, 51)",28,10,10,10,10,10,0,10,0
12291,conv2d_17,"(2, 1, 38, 36)",12,10,10,10,10,10,1,9,0
12292,conv2d_17,"(1, 2, 10, 23)",28,10,10,10,10,10,1,9,0
12293,conv2d_17,"(1, 1, 37, 41)",18,10,10,10,10,10,1,9,0
12294,conv2d_17,"(0, 1, 59, 61)",2,10,10,10,10,10,7,3,0
12295,conv2d_17,"(2, 2, 43, 43)",12,10,10,10,10,10,0,10,0
12296,conv2d_17,"(1, 1, 47, 39)",14,10,10,10,10,10,0,10,0
12297,conv2d_17,"(2, 1, 59, 21)",19,10,10,10,10,10,0,10,0
12298,conv2d_17,"(2, 1, 9, 10)",27,10,10,10,10,10,3,7,0
12299,conv2d_17,"(1, 1, 19, 46)",3,10,10,10,10,10,10,0,0
12300,conv2d_17,"(1, 0, 44, 10)",24,10,10,10,10,10,0,10,0
12301,conv2d_17,"(2, 0, 10, 51)",23,10,10,10,10,10,0,10,0
12302,conv2d_17,"(2, 0, 57, 16)",1,10,10,10,10,10,6,4,0
12303,conv2d_17,"(1, 1, 41, 5)",15,10,10,10,10,10,1,9,0
12304,conv2d_17,"(2, 1, 54, 13)",26,10,10,10,10,10,0,10,0
12305,conv2d_17,"(2, 1, 51, 5)",19,10,10,10,10,10,1,9,0
12306,conv2d_17,"(0, 1, 20, 25)",21,10,10,10,10,10,1,9,0
12307,conv2d_17,"(2, 2, 26, 42)",12,10,10,10,10,10,2,8,0
12308,conv2d_17,"(2, 0, 29, 28)",16,10,10,10,10,10,0,10,0
12309,conv2d_17,"(1, 1, 19, 31)",20,10,10,10,10,10,10,0,0
12310,conv2d_17,"(2, 0, 22, 21)",25,10,10,10,10,10,0,10,0
12311,conv2d_17,"(1, 0, 55, 54)",16,10,10,10,10,10,3,7,0
12312,conv2d_17,"(2, 0, 57, 63)",2,10,10,10,10,10,10,0,0
12313,conv2d_17,"(0, 2, 2, 2)",5,10,10,10,10,10,1,9,0
12314,conv2d_17,"(0, 0, 5, 0)",10,10,10,10,10,10,0,10,0
12315,conv2d_17,"(1, 0, 51, 53)",29,10,10,10,10,10,0,10,0
12316,conv2d_17,"(1, 1, 51, 1)",4,10,10,10,10,10,7,3,0
12317,conv2d_17,"(1, 2, 18, 50)",31,10,10,10,10,10,1,9,0
12318,conv2d_17,"(0, 0, 44, 52)",18,10,10,10,10,10,0,10,0
12319,conv2d_17,"(0, 0, 45, 20)",9,10,10,10,10,10,0,10,0
12320,conv2d_17,"(1, 0, 14, 17)",23,10,10,10,10,10,0,10,0
12321,conv2d_17,"(1, 2, 58, 25)",10,10,10,10,10,10,3,7,0
12322,conv2d_17,"(2, 1, 9, 61)",25,10,10,10,10,10,1,9,0
12323,conv2d_17,"(1, 0, 14, 50)",18,10,10,10,10,10,2,8,0
12324,conv2d_17,"(0, 2, 24, 17)",1,10,10,10,10,10,5,5,0
12325,conv2d_17,"(1, 2, 6, 14)",2,10,10,10,10,10,4,6,0
12326,conv2d_17,"(1, 1, 56, 14)",19,10,10,10,10,10,0,10,0
12327,conv2d_17,"(2, 0, 2, 50)",18,10,10,10,10,10,2,8,0
12328,conv2d_17,"(2, 0, 33, 48)",31,10,10,10,10,10,0,10,0
12329,conv2d_17,"(1, 2, 1, 41)",12,10,10,10,10,10,2,8,0
12330,conv2d_17,"(0, 0, 16, 12)",7,10,10,10,10,10,2,8,0
12331,conv2d_17,"(1, 2, 28, 40)",31,10,10,10,10,10,0,10,0
12332,conv2d_17,"(0, 1, 22, 48)",18,10,10,10,10,10,0,10,0
12333,conv2d_17,"(2, 0, 3, 9)",28,10,10,10,10,10,0,10,0
12334,conv2d_17,"(1, 0, 13, 44)",24,10,10,10,10,10,0,10,0
12335,conv2d_17,"(2, 1, 52, 35)",11,10,10,10,10,10,1,9,0
12336,conv2d_17,"(2, 0, 58, 24)",8,10,10,10,10,10,2,8,0
12337,conv2d_17,"(0, 0, 50, 56)",18,10,10,10,10,10,2,8,0
12338,conv2d_17,"(1, 1, 27, 52)",22,10,10,10,10,10,0,10,0
12339,conv2d_17,"(0, 0, 8, 2)",5,10,10,10,10,10,1,9,0
12340,conv2d_17,"(0, 1, 44, 33)",12,10,10,10,10,10,0,10,0
12341,conv2d_17,"(0, 0, 46, 43)",5,10,10,10,10,10,1,9,0
12342,conv2d_17,"(1, 2, 46, 49)",31,10,10,10,10,10,0,10,0
12343,conv2d_17,"(2, 1, 43, 7)",16,10,10,10,10,10,3,7,0
12344,conv2d_17,"(1, 1, 12, 46)",9,10,10,10,10,10,2,8,0
12345,conv2d_17,"(0, 0, 0, 9)",13,10,10,10,10,10,1,9,0
12346,conv2d_17,"(2, 1, 0, 60)",4,10,10,10,10,10,2,8,0
12347,conv2d_17,"(0, 1, 54, 31)",8,10,10,10,10,10,10,0,0
12348,conv2d_17,"(0, 0, 18, 8)",2,10,10,10,10,10,4,6,0
12349,conv2d_17,"(2, 1, 52, 36)",30,10,0,6,0,6,0,0,10
12350,conv2d_17,"(0, 0, 18, 45)",3,10,10,10,10,10,4,6,0
12351,conv2d_17,"(1, 1, 55, 36)",11,10,10,10,10,10,0,10,0
12352,conv2d_17,"(2, 1, 42, 44)",24,10,10,10,10,10,0,10,0
12353,conv2d_17,"(0, 2, 23, 18)",3,10,10,10,10,10,7,3,0
12354,conv2d_17,"(1, 0, 34, 41)",29,10,10,10,10,10,1,9,0
12355,conv2d_17,"(1, 1, 2, 11)",31,10,10,10,10,10,0,10,0
12356,conv2d_17,"(2, 0, 18, 27)",26,10,10,10,10,10,3,7,0
12357,conv2d_17,"(0, 1, 59, 4)",16,10,10,10,10,10,1,9,0
12358,conv2d_17,"(2, 0, 18, 63)",21,10,10,10,10,10,0,10,0
12359,conv2d_17,"(0, 1, 42, 24)",23,10,10,10,10,10,0,10,0
12360,conv2d_17,"(1, 1, 6, 17)",30,10,6,6,6,6,0,6,4
12361,conv2d_17,"(1, 2, 5, 2)",12,10,10,10,10,10,1,9,0
12362,conv2d_17,"(1, 0, 57, 0)",29,10,10,10,10,10,0,10,0
12363,conv2d_17,"(1, 1, 21, 31)",13,10,10,10,10,10,10,0,0
12364,conv2d_17,"(2, 1, 58, 20)",13,10,10,10,10,10,0,10,0
12365,conv2d_17,"(2, 1, 19, 29)",10,10,10,10,10,10,0,10,0
12366,conv2d_17,"(0, 1, 43, 16)",13,10,10,10,10,10,1,9,0
12367,conv2d_17,"(1, 0, 26, 38)",8,10,10,10,10,10,1,9,0
12368,conv2d_17,"(0, 1, 0, 29)",26,10,10,10,10,10,1,9,0
12369,conv2d_17,"(1, 1, 54, 32)",1,10,10,10,10,10,10,0,0
12370,conv2d_17,"(2, 1, 7, 31)",18,10,10,10,10,10,10,0,0
12371,conv2d_17,"(2, 0, 40, 10)",3,10,10,10,10,10,3,7,0
12372,conv2d_17,"(0, 0, 63, 27)",7,10,10,10,10,10,6,4,0
12373,conv2d_17,"(1, 0, 35, 2)",13,10,10,10,10,10,0,10,0
12374,conv2d_17,"(0, 2, 46, 4)",3,10,10,10,10,10,4,6,0
12375,conv2d_17,"(0, 2, 32, 30)",26,10,10,10,10,10,0,10,0
12376,conv2d_17,"(2, 2, 7, 2)",30,10,2,6,2,6,0,2,8
12377,conv2d_17,"(2, 2, 37, 51)",25,10,10,10,10,10,1,9,0
12378,conv2d_17,"(2, 2, 41, 47)",19,10,10,10,10,10,0,10,0
12379,conv2d_17,"(1, 0, 20, 19)",29,10,10,10,10,10,1,9,0
12380,conv2d_17,"(2, 1, 49, 56)",29,10,10,10,10,10,3,7,0
12381,conv2d_17,"(2, 1, 46, 42)",18,10,10,10,10,10,2,8,0
12382,conv2d_17,"(2, 0, 18, 39)",31,10,10,10,10,10,0,10,0
12383,conv2d_17,"(0, 0, 43, 63)",13,10,10,10,10,10,1,9,0
12384,conv2d_17,"(0, 2, 46, 18)",26,10,10,10,10,10,0,10,0
12385,conv2d_17,"(2, 1, 39, 56)",8,10,10,10,10,10,1,9,0
12386,conv2d_17,"(0, 1, 22, 23)",24,10,10,10,10,10,0,10,0
12387,conv2d_17,"(0, 0, 45, 7)",6,10,10,10,10,10,6,4,0
12388,conv2d_17,"(0, 2, 57, 35)",18,10,10,10,10,10,2,8,0
12389,conv2d_17,"(2, 2, 2, 23)",14,10,10,10,10,10,0,10,0
12390,conv2d_17,"(1, 1, 58, 40)",14,10,10,10,10,10,0,10,0
12391,conv2d_17,"(1, 0, 22, 15)",18,10,10,10,10,10,0,10,0
12392,conv2d_17,"(2, 0, 49, 31)",24,10,10,10,10,10,10,0,0
12393,conv2d_17,"(0, 1, 29, 18)",21,10,10,10,10,10,0,10,0
12394,conv2d_17,"(0, 2, 26, 44)",29,10,10,10,10,10,0,10,0
12395,conv2d_17,"(1, 1, 38, 25)",27,10,10,10,10,10,1,9,0
12396,conv2d_17,"(2, 1, 7, 27)",20,10,10,10,10,10,2,8,0
12397,conv2d_17,"(1, 1, 18, 45)",22,10,10,10,10,10,0,10,0
12398,conv2d_17,"(2, 2, 49, 38)",4,10,10,10,10,10,3,7,0
12399,conv2d_17,"(0, 2, 62, 44)",1,10,10,10,10,10,6,4,0
12400,conv2d_17,"(2, 1, 62, 31)",6,10,10,10,10,10,10,0,0
12401,conv2d_17,"(2, 0, 39, 34)",12,10,10,10,10,10,1,9,0
12402,conv2d_17,"(1, 0, 59, 52)",1,10,10,10,10,10,5,5,0
12403,conv2d_17,"(0, 1, 40, 58)",25,10,10,10,10,10,0,10,0
12404,conv2d_17,"(2, 1, 12, 10)",22,10,10,10,10,10,0,10,0
12405,conv2d_17,"(0, 1, 12, 46)",19,10,10,10,10,10,1,9,0
12406,conv2d_17,"(2, 1, 51, 15)",6,10,10,10,10,10,4,6,0
12407,conv2d_17,"(2, 2, 47, 11)",1,10,10,10,10,10,10,0,0
12408,conv2d_17,"(0, 2, 62, 8)",28,10,10,10,10,10,1,9,0
12409,conv2d_17,"(0, 0, 58, 16)",11,10,10,10,10,10,1,9,0
12410,conv2d_17,"(2, 0, 27, 53)",22,10,10,10,10,10,0,10,0
12411,conv2d_17,"(2, 1, 21, 51)",11,10,10,10,10,10,1,9,0
12412,conv2d_17,"(0, 1, 49, 7)",4,10,10,10,10,10,6,4,0
12413,conv2d_17,"(2, 1, 51, 12)",26,10,10,10,10,10,1,9,0
12414,conv2d_17,"(1, 0, 43, 1)",21,10,10,10,10,10,1,9,0
12415,conv2d_17,"(2, 0, 51, 19)",4,10,10,10,10,10,10,0,0
12416,conv2d_17,"(0, 2, 57, 38)",0,10,10,10,10,10,6,4,0
12417,conv2d_17,"(0, 1, 31, 16)",6,10,10,10,10,10,1,9,0
12418,conv2d_17,"(0, 0, 60, 4)",21,10,10,10,10,10,1,9,0
12419,conv2d_17,"(2, 0, 46, 57)",7,10,10,10,10,10,6,4,0
12420,conv2d_17,"(0, 0, 30, 23)",19,10,10,10,10,10,0,10,0
12421,conv2d_17,"(1, 2, 41, 7)",16,10,10,10,10,10,3,7,0
12422,conv2d_17,"(1, 0, 10, 26)",5,10,10,10,10,10,1,9,0
12423,conv2d_17,"(1, 0, 35, 7)",4,10,10,10,10,10,10,0,0
12424,conv2d_17,"(2, 1, 49, 9)",1,10,10,10,10,10,8,2,0
12425,conv2d_17,"(2, 0, 63, 8)",22,10,10,10,10,10,1,9,0
12426,conv2d_17,"(1, 1, 40, 2)",23,10,10,10,10,10,1,9,0
12427,conv2d_17,"(2, 0, 13, 24)",14,10,10,10,10,10,0,10,0
12428,conv2d_17,"(1, 1, 19, 12)",28,10,10,10,10,10,2,8,0
12429,conv2d_17,"(0, 1, 63, 0)",6,10,10,10,10,10,4,6,0
12430,conv2d_17,"(2, 0, 45, 30)",21,10,10,10,10,10,1,9,0
12431,conv2d_17,"(1, 1, 0, 35)",16,10,10,10,10,10,1,9,0
12432,conv2d_17,"(2, 2, 14, 61)",24,10,10,10,10,10,0,10,0
12433,conv2d_17,"(0, 1, 34, 16)",7,10,10,10,10,10,1,9,0
12434,conv2d_17,"(1, 1, 11, 24)",14,10,10,10,10,10,0,10,0
12435,conv2d_17,"(1, 0, 1, 36)",1,10,10,10,10,10,10,0,0
12436,conv2d_17,"(2, 1, 32, 56)",17,10,10,10,10,10,3,7,0
12437,conv2d_17,"(0, 0, 38, 42)",8,10,10,10,10,10,3,7,0
12438,conv2d_17,"(2, 1, 56, 20)",24,10,10,10,10,10,1,9,0
12439,conv2d_17,"(0, 2, 16, 0)",3,10,10,10,10,10,5,5,0
12440,conv2d_17,"(1, 0, 55, 54)",21,10,10,10,10,10,3,7,0
12441,conv2d_17,"(2, 0, 57, 22)",18,10,10,10,10,10,0,10,0
12442,conv2d_17,"(1, 0, 34, 32)",2,10,10,10,10,10,7,3,0
12443,conv2d_17,"(1, 1, 56, 51)",9,10,10,10,10,10,3,7,0
12444,conv2d_17,"(2, 0, 0, 8)",0,10,10,10,10,10,10,0,0
12445,conv2d_17,"(2, 1, 26, 53)",18,10,10,10,10,10,0,10,0
12446,conv2d_17,"(0, 0, 62, 25)",16,10,10,10,10,10,1,9,0
12447,conv2d_17,"(1, 2, 42, 21)",22,10,10,10,10,10,0,10,0
12448,conv2d_17,"(0, 1, 23, 34)",15,10,10,10,10,10,2,8,0
12449,conv2d_17,"(2, 1, 26, 43)",29,10,10,10,10,10,0,10,0
12450,conv2d_17,"(2, 1, 39, 16)",12,10,10,10,10,10,0,10,0
12451,conv2d_17,"(1, 0, 20, 21)",21,10,10,10,10,10,0,10,0
12452,conv2d_17,"(0, 1, 23, 3)",28,10,10,10,10,10,1,9,0
12453,conv2d_17,"(2, 2, 50, 33)",0,10,10,10,10,10,7,3,0
12454,conv2d_17,"(2, 1, 29, 24)",31,10,10,10,10,10,0,10,0
12455,conv2d_17,"(1, 0, 28, 14)",21,10,10,10,10,10,0,10,0
12456,conv2d_17,"(2, 1, 62, 63)",8,10,10,10,10,10,2,8,0
12457,conv2d_17,"(0, 2, 23, 20)",10,10,10,10,10,10,0,10,0
12458,conv2d_17,"(2, 1, 4, 5)",0,10,10,10,10,10,8,2,0
12459,conv2d_17,"(2, 1, 27, 19)",8,10,10,10,10,10,4,6,0
12460,conv2d_17,"(0, 2, 24, 6)",30,10,0,4,0,4,0,0,10
12461,conv2d_17,"(1, 0, 38, 26)",22,10,10,10,10,10,0,10,0
12462,conv2d_17,"(0, 0, 6, 4)",20,10,10,10,10,10,0,10,0
12463,conv2d_17,"(2, 0, 30, 52)",25,10,10,10,10,10,0,10,0
12464,conv2d_17,"(2, 1, 53, 48)",12,10,10,10,10,10,0,10,0
12465,conv2d_17,"(2, 1, 43, 52)",19,10,10,10,10,10,0,10,0
12466,conv2d_17,"(2, 2, 61, 9)",20,10,10,10,10,10,1,9,0
12467,conv2d_17,"(2, 2, 28, 14)",19,10,10,10,10,10,0,10,0
12468,conv2d_17,"(2, 1, 40, 37)",15,10,10,10,10,10,1,9,0
12469,conv2d_17,"(1, 1, 49, 20)",12,10,10,10,10,10,1,9,0
12470,conv2d_17,"(2, 1, 40, 62)",9,10,10,10,10,10,1,9,0
12471,conv2d_17,"(2, 2, 11, 26)",25,10,10,10,10,10,0,10,0
12472,conv2d_17,"(1, 1, 50, 13)",14,10,10,10,10,10,0,10,0
12473,conv2d_17,"(0, 2, 38, 31)",2,10,10,10,10,10,10,0,0
12474,conv2d_17,"(1, 1, 12, 10)",7,10,10,10,10,10,1,9,0
12475,conv2d_17,"(1, 2, 22, 48)",29,10,10,10,10,10,0,10,0
12476,conv2d_17,"(1, 2, 0, 58)",16,10,10,10,10,10,0,10,0
12477,conv2d_17,"(2, 2, 9, 14)",16,10,10,10,10,10,0,10,0
12478,conv2d_17,"(1, 2, 54, 4)",17,10,10,10,10,10,1,9,0
12479,conv2d_17,"(1, 0, 50, 63)",11,10,10,10,10,10,0,10,0
12480,conv2d_17,"(2, 2, 61, 54)",17,10,10,10,10,10,2,8,0
12481,conv2d_17,"(1, 0, 58, 2)",22,10,10,10,10,10,1,9,0
12482,conv2d_17,"(2, 0, 25, 12)",16,10,10,10,10,10,2,8,0
12483,conv2d_17,"(0, 2, 52, 46)",13,10,10,10,10,10,2,8,0
12484,conv2d_17,"(2, 2, 38, 28)",20,10,10,10,10,10,0,10,0
12485,conv2d_17,"(0, 1, 42, 54)",9,10,10,10,10,10,4,6,0
12486,conv2d_17,"(0, 2, 27, 19)",19,10,10,10,10,10,2,8,0
12487,conv2d_17,"(0, 1, 51, 62)",27,10,10,10,10,10,0,10,0
12488,conv2d_17,"(2, 1, 52, 57)",27,10,10,10,10,10,1,9,0
12489,conv2d_17,"(1, 2, 21, 10)",13,10,10,10,10,10,0,10,0
12490,conv2d_17,"(1, 0, 38, 29)",19,10,10,10,10,10,0,10,0
12491,conv2d_17,"(2, 1, 62, 48)",13,10,10,10,10,10,0,10,0
12492,conv2d_17,"(2, 0, 47, 19)",6,10,10,10,10,10,1,9,0
12493,conv2d_17,"(1, 0, 28, 36)",21,10,10,10,10,10,0,10,0
12494,conv2d_17,"(2, 0, 6, 20)",5,10,10,10,10,10,1,9,0
12495,conv2d_17,"(2, 2, 50, 10)",26,10,10,10,10,10,2,8,0
12496,conv2d_17,"(1, 1, 33, 57)",27,10,10,10,10,10,1,9,0
12497,conv2d_17,"(0, 0, 25, 57)",29,10,10,10,10,10,1,9,0
12498,conv2d_17,"(0, 1, 11, 8)",16,10,10,10,10,10,1,9,0
12499,conv2d_17,"(2, 2, 14, 32)",9,10,10,10,10,10,1,9,0
12500,conv2d_17,"(2, 0, 63, 50)",29,10,10,10,10,10,2,8,0
12501,conv2d_17,"(1, 0, 14, 7)",29,10,10,10,10,10,4,6,0
12502,conv2d_17,"(1, 1, 2, 34)",4,10,10,10,10,10,5,5,0
12503,conv2d_17,"(2, 2, 38, 8)",20,10,10,10,10,10,1,9,0
12504,conv2d_17,"(1, 1, 15, 15)",10,10,10,10,10,10,0,10,0
12505,conv2d_17,"(1, 0, 10, 49)",9,10,10,10,10,10,1,9,0
12506,conv2d_17,"(0, 1, 39, 56)",22,10,10,10,10,10,1,9,0
12507,conv2d_17,"(0, 2, 21, 10)",21,10,10,10,10,10,0,10,0
12508,conv2d_17,"(0, 2, 58, 27)",7,10,10,10,10,10,2,8,0
12509,conv2d_17,"(1, 1, 30, 6)",17,10,10,10,10,10,0,10,0
12510,conv2d_17,"(2, 2, 11, 28)",7,10,10,10,10,10,0,10,0
12511,conv2d_17,"(1, 2, 3, 4)",11,10,10,10,10,10,1,9,0
12512,conv2d_17,"(0, 0, 51, 32)",9,10,10,10,10,10,0,10,0
12513,conv2d_17,"(2, 2, 33, 45)",29,10,10,10,10,10,0,10,0
12514,conv2d_17,"(0, 0, 51, 22)",21,10,10,10,10,10,0,10,0
12515,conv2d_17,"(0, 2, 9, 6)",27,10,10,10,10,10,1,9,0
12516,conv2d_17,"(0, 1, 56, 55)",8,10,10,10,10,10,2,8,0
12517,conv2d_17,"(2, 0, 57, 45)",13,10,10,10,10,10,0,10,0
12518,conv2d_17,"(2, 0, 35, 41)",24,10,10,10,10,10,1,9,0
12519,conv2d_17,"(2, 2, 19, 34)",10,10,10,10,10,10,0,10,0
12520,conv2d_17,"(2, 2, 46, 28)",17,10,10,10,10,10,0,10,0
12521,conv2d_17,"(2, 2, 50, 62)",5,10,10,10,10,10,3,7,0
12522,conv2d_17,"(2, 2, 36, 53)",18,10,10,10,10,10,0,10,0
12523,conv2d_17,"(0, 0, 22, 9)",15,10,10,10,10,10,2,8,0
12524,conv2d_17,"(0, 1, 48, 36)",13,10,10,10,10,10,0,10,0
12525,conv2d_17,"(2, 1, 5, 63)",9,10,10,10,10,10,1,9,0
12526,conv2d_17,"(0, 1, 18, 59)",8,10,10,10,10,10,1,9,0
12527,conv2d_17,"(2, 0, 34, 50)",24,10,10,10,10,10,2,8,0
12528,conv2d_17,"(0, 2, 14, 11)",30,10,3,7,3,7,0,3,7
12529,conv2d_17,"(1, 0, 41, 7)",27,10,10,10,10,10,2,8,0
12530,conv2d_17,"(1, 2, 35, 20)",23,10,10,10,10,10,0,10,0
12531,conv2d_17,"(0, 2, 63, 38)",3,10,10,10,10,10,7,3,0
12532,conv2d_17,"(1, 0, 32, 55)",17,10,10,10,10,10,1,9,0
12533,conv2d_17,"(2, 0, 35, 48)",22,10,10,10,10,10,0,10,0
12534,conv2d_17,"(0, 1, 5, 51)",27,10,10,10,10,10,1,9,0
12535,conv2d_17,"(1, 1, 52, 43)",21,10,10,10,10,10,1,9,0
12536,conv2d_17,"(1, 2, 17, 29)",28,10,10,10,10,10,0,10,0
12537,conv2d_17,"(2, 0, 27, 43)",2,10,10,10,10,10,4,6,0
12538,conv2d_17,"(0, 2, 50, 29)",13,10,10,10,10,10,0,10,0
12539,conv2d_17,"(2, 0, 48, 16)",15,10,10,10,10,10,0,10,0
12540,conv2d_17,"(2, 1, 14, 50)",28,10,10,10,10,10,2,8,0
12541,conv2d_17,"(2, 0, 16, 36)",25,10,10,10,10,10,1,9,0
12542,conv2d_17,"(2, 2, 57, 25)",0,10,10,10,10,10,9,1,0
12543,conv2d_17,"(0, 1, 57, 27)",4,10,10,10,10,10,10,0,0
12544,conv2d_17,"(2, 2, 41, 55)",1,10,10,10,10,10,7,3,0
12545,conv2d_17,"(1, 0, 36, 58)",9,10,10,10,10,10,0,10,0
12546,conv2d_17,"(1, 1, 32, 5)",19,10,10,10,10,10,1,9,0
12547,conv2d_17,"(1, 1, 48, 41)",24,10,10,10,10,10,1,9,0
12548,conv2d_17,"(2, 0, 49, 28)",25,10,10,10,10,10,0,10,0
12549,conv2d_17,"(0, 2, 14, 24)",9,10,10,10,10,10,1,9,0
12550,conv2d_17,"(0, 0, 22, 17)",18,10,10,10,10,10,0,10,0
12551,conv2d_17,"(0, 0, 12, 23)",31,10,10,10,10,10,0,10,0
12552,conv2d_17,"(1, 2, 3, 23)",28,10,10,10,10,10,1,9,0
12553,conv2d_17,"(2, 0, 63, 27)",5,10,10,10,10,10,7,3,0
12554,conv2d_17,"(0, 1, 29, 22)",28,10,10,10,10,10,0,10,0
12555,conv2d_17,"(2, 1, 63, 27)",22,10,10,10,10,10,4,6,0
12556,conv2d_17,"(0, 2, 10, 0)",8,10,10,10,10,10,1,9,0
12557,conv2d_17,"(0, 0, 19, 16)",14,10,10,10,10,10,1,9,0
12558,conv2d_17,"(0, 2, 56, 26)",18,10,10,10,10,10,0,10,0
12559,conv2d_17,"(1, 2, 60, 41)",0,10,10,10,10,10,10,0,0
12560,conv2d_17,"(2, 1, 6, 41)",18,10,10,10,10,10,1,9,0
12561,conv2d_17,"(0, 2, 10, 10)",9,10,10,10,10,10,7,3,0
12562,conv2d_17,"(1, 2, 25, 17)",27,10,10,10,10,10,0,10,0
12563,conv2d_17,"(2, 0, 30, 39)",27,10,10,10,10,10,0,10,0
12564,conv2d_17,"(0, 2, 11, 28)",0,10,10,10,10,10,9,1,0
12565,conv2d_17,"(0, 2, 27, 2)",12,10,10,10,10,10,0,10,0
12566,conv2d_17,"(2, 1, 55, 30)",12,10,10,10,10,10,0,10,0
12567,conv2d_17,"(1, 2, 8, 51)",3,10,10,10,10,10,4,6,0
12568,conv2d_17,"(2, 1, 63, 36)",4,10,10,10,10,10,2,8,0
12569,conv2d_17,"(1, 0, 46, 36)",20,10,10,10,10,10,1,9,0
12570,conv2d_17,"(2, 0, 14, 13)",0,10,10,10,10,10,10,0,0
12571,conv2d_17,"(2, 0, 36, 50)",11,10,10,10,10,10,2,8,0
12572,conv2d_17,"(0, 2, 30, 21)",31,10,10,10,10,10,0,10,0
12573,conv2d_17,"(2, 2, 26, 43)",9,10,10,10,10,10,0,10,0
12574,conv2d_17,"(0, 2, 8, 5)",4,10,10,10,10,10,8,2,0
12575,conv2d_17,"(0, 0, 61, 0)",9,10,10,10,10,10,0,10,0
12576,conv2d_17,"(1, 2, 63, 18)",28,10,10,10,10,10,1,9,0
12577,conv2d_17,"(0, 2, 4, 30)",19,10,10,10,10,10,0,10,0
12578,conv2d_17,"(0, 2, 15, 34)",13,10,10,10,10,10,1,9,0
12579,conv2d_17,"(1, 0, 34, 39)",21,10,10,10,10,10,1,9,0
12580,conv2d_17,"(1, 0, 62, 31)",17,10,10,10,10,10,10,0,0
12581,conv2d_17,"(1, 2, 11, 38)",21,10,10,10,10,10,0,10,0
12582,conv2d_17,"(2, 1, 60, 33)",2,10,10,10,10,10,2,8,0
12583,conv2d_17,"(2, 0, 27, 19)",12,10,10,10,10,10,0,10,0
12584,conv2d_17,"(2, 0, 7, 10)",23,10,10,10,10,10,0,10,0
12585,conv2d_17,"(2, 0, 8, 56)",0,10,10,10,10,10,7,3,0
12586,conv2d_17,"(2, 2, 30, 37)",28,10,10,10,10,10,0,10,0
12587,conv2d_17,"(1, 0, 30, 22)",1,10,10,10,10,10,6,4,0
12588,conv2d_17,"(0, 1, 38, 19)",2,10,10,10,10,10,3,7,0
12589,conv2d_17,"(0, 0, 49, 41)",3,10,10,10,10,10,9,1,0
12590,conv2d_17,"(1, 2, 20, 48)",18,10,10,10,10,10,0,10,0
12591,conv2d_17,"(2, 1, 8, 36)",29,10,10,10,10,10,1,9,0
12592,conv2d_17,"(0, 2, 53, 55)",30,10,2,5,2,5,0,2,8
12593,conv2d_17,"(2, 0, 56, 54)",26,10,10,10,10,10,6,4,0
12594,conv2d_17,"(1, 0, 2, 16)",31,10,10,10,10,10,3,7,0
12595,conv2d_17,"(0, 0, 11, 46)",19,10,10,10,10,10,2,8,0
12596,conv2d_17,"(2, 0, 6, 8)",9,10,10,10,10,10,0,10,0
12597,conv2d_17,"(0, 0, 22, 44)",24,10,10,10,10,10,0,10,0
12598,conv2d_17,"(0, 1, 12, 44)",26,10,10,10,10,10,0,10,0
12599,conv2d_17,"(0, 1, 41, 20)",9,10,10,10,10,10,0,10,0
12600,conv2d_17,"(1, 2, 5, 3)",26,10,10,10,10,10,2,8,0
12601,conv2d_17,"(1, 1, 46, 3)",1,10,10,10,10,10,8,2,0
12602,conv2d_17,"(2, 1, 5, 47)",21,10,10,10,10,10,1,9,0
12603,conv2d_17,"(2, 0, 60, 11)",16,10,10,10,10,10,0,10,0
12604,conv2d_17,"(1, 1, 6, 16)",13,10,10,10,10,10,0,10,0
12605,conv2d_17,"(2, 2, 56, 2)",28,10,10,10,10,10,0,10,0
12606,conv2d_17,"(1, 0, 16, 42)",10,10,10,10,10,10,1,9,0
12607,conv2d_17,"(1, 0, 32, 21)",14,10,10,10,10,10,0,10,0
12608,conv2d_17,"(1, 2, 24, 29)",3,10,10,10,10,10,10,0,0
12609,conv2d_17,"(0, 0, 9, 22)",30,10,0,4,0,4,0,0,10
12610,conv2d_17,"(0, 0, 1, 61)",15,10,10,10,10,10,0,10,0
12611,conv2d_17,"(2, 0, 40, 27)",12,10,10,10,10,10,2,8,0
12612,conv2d_17,"(1, 0, 3, 42)",29,10,10,10,10,10,1,9,0
12613,conv2d_17,"(2, 1, 10, 39)",30,10,3,8,3,8,0,3,7
12614,conv2d_17,"(0, 2, 25, 6)",25,10,10,10,10,10,0,10,0
12615,conv2d_17,"(0, 1, 33, 4)",6,10,10,10,10,10,2,8,0
12616,conv2d_17,"(1, 1, 28, 39)",14,10,10,10,10,10,0,10,0
12617,conv2d_17,"(2, 2, 14, 38)",9,10,10,10,10,10,0,10,0
12618,conv2d_17,"(2, 1, 44, 39)",28,10,10,10,10,10,0,10,0
12619,conv2d_17,"(2, 1, 53, 36)",14,10,10,10,10,10,1,9,0
12620,conv2d_17,"(0, 1, 29, 25)",1,10,10,10,10,10,6,4,0
12621,conv2d_17,"(2, 2, 5, 27)",21,10,10,10,10,10,2,8,0
12622,conv2d_17,"(1, 2, 15, 10)",22,10,10,10,10,10,1,9,0
12623,conv2d_17,"(0, 1, 43, 30)",8,10,10,10,10,10,0,10,0
12624,conv2d_17,"(2, 2, 46, 19)",2,10,10,10,10,10,9,1,0
12625,conv2d_17,"(2, 2, 8, 35)",16,10,10,10,10,10,1,9,0
12626,conv2d_17,"(0, 0, 56, 30)",13,10,10,10,10,10,0,10,0
12627,conv2d_17,"(2, 0, 22, 8)",24,10,10,10,10,10,0,10,0
12628,conv2d_17,"(1, 2, 43, 45)",21,10,10,10,10,10,0,10,0
12629,conv2d_17,"(0, 0, 20, 7)",1,10,10,10,10,10,10,0,0
12630,conv2d_17,"(2, 2, 24, 47)",19,10,10,10,10,10,1,9,0
12631,conv2d_17,"(1, 2, 19, 63)",23,10,10,10,10,10,0,10,0
12632,conv2d_17,"(0, 2, 27, 8)",17,10,10,10,10,10,1,9,0
12633,conv2d_17,"(0, 2, 41, 50)",12,10,10,10,10,10,0,10,0
12634,conv2d_17,"(1, 1, 12, 47)",7,10,10,10,10,10,0,10,0
12635,conv2d_17,"(0, 2, 5, 21)",16,10,10,10,10,10,0,10,0
12636,conv2d_17,"(2, 2, 58, 5)",14,10,10,10,10,10,3,7,0
12637,conv2d_17,"(0, 1, 2, 35)",28,10,10,10,10,10,2,8,0
12638,conv2d_17,"(2, 0, 53, 9)",6,10,10,10,10,10,4,6,0
12639,conv2d_17,"(0, 1, 28, 3)",15,10,10,10,10,10,2,8,0
12640,conv2d_17,"(0, 0, 55, 39)",6,10,10,10,10,10,0,10,0
12641,conv2d_17,"(0, 2, 46, 47)",15,10,10,10,10,10,0,10,0
12642,conv2d_17,"(0, 0, 41, 59)",31,10,10,10,10,10,0,10,0
12643,conv2d_17,"(2, 1, 16, 41)",6,10,10,10,10,10,5,5,0
12644,conv2d_17,"(1, 0, 20, 23)",3,10,10,10,10,10,3,7,0
12645,conv2d_17,"(1, 2, 17, 4)",12,10,10,10,10,10,1,9,0
12646,conv2d_17,"(2, 0, 42, 63)",14,10,10,10,10,10,0,10,0
12647,conv2d_17,"(2, 0, 4, 43)",11,10,10,10,10,10,1,9,0
12648,conv2d_17,"(2, 1, 60, 18)",0,10,10,10,10,10,10,0,0
12649,conv2d_17,"(2, 1, 47, 62)",16,10,10,10,10,10,2,8,0
12650,conv2d_17,"(1, 0, 29, 17)",2,10,10,10,10,10,6,4,0
12651,conv2d_17,"(1, 0, 55, 20)",7,10,10,10,10,10,1,9,0
12652,conv2d_17,"(2, 2, 17, 38)",19,10,10,10,10,10,0,10,0
12653,conv2d_17,"(2, 0, 49, 9)",17,10,10,10,10,10,3,7,0
12654,conv2d_17,"(1, 2, 62, 36)",11,10,10,10,10,10,0,10,0
12655,conv2d_17,"(2, 2, 53, 62)",12,10,10,10,10,10,0,10,0
12656,conv2d_17,"(1, 1, 0, 19)",5,10,10,10,10,10,4,6,0
12657,conv2d_17,"(0, 1, 59, 46)",22,10,10,10,10,10,3,7,0
12658,conv2d_17,"(0, 1, 29, 24)",14,10,10,10,10,10,0,10,0
12659,conv2d_17,"(2, 0, 34, 32)",23,10,10,10,10,10,0,10,0
12660,conv2d_17,"(2, 1, 49, 18)",18,10,10,10,10,10,1,9,0
12661,conv2d_17,"(0, 2, 28, 37)",31,10,10,10,10,10,0,10,0
12662,conv2d_17,"(1, 2, 14, 26)",0,10,10,10,10,10,10,0,0
12663,conv2d_17,"(0, 0, 2, 18)",3,10,10,10,10,10,9,1,0
12664,conv2d_17,"(0, 2, 0, 13)",5,10,10,10,10,10,1,9,0
12665,conv2d_17,"(2, 1, 14, 8)",0,10,10,10,10,10,9,1,0
12666,conv2d_17,"(1, 2, 44, 62)",29,10,10,10,10,10,0,10,0
12667,conv2d_17,"(0, 1, 21, 55)",13,10,10,10,10,10,1,9,0
12668,conv2d_17,"(2, 2, 39, 32)",18,10,10,10,10,10,1,9,0
12669,conv2d_17,"(1, 0, 7, 29)",19,10,10,10,10,10,0,10,0
12670,conv2d_17,"(1, 1, 61, 33)",1,10,10,10,10,10,6,4,0
12671,conv2d_17,"(2, 0, 29, 18)",6,10,10,10,10,10,2,8,0
12672,conv2d_17,"(0, 1, 10, 50)",5,10,10,10,10,10,5,5,0
12673,conv2d_17,"(1, 0, 3, 41)",9,10,10,10,10,10,1,9,0
12674,conv2d_17,"(1, 1, 15, 62)",14,10,10,10,10,10,0,10,0
12675,conv2d_17,"(1, 0, 43, 44)",19,10,10,10,10,10,0,10,0
12676,conv2d_17,"(0, 2, 53, 55)",28,10,10,10,10,10,3,7,0
12677,conv2d_17,"(0, 0, 6, 22)",12,10,10,10,10,10,0,10,0
12678,conv2d_17,"(0, 1, 19, 28)",3,10,10,10,10,10,3,7,0
12679,conv2d_17,"(0, 0, 33, 39)",30,10,0,4,0,4,0,0,10
12680,conv2d_17,"(0, 1, 3, 37)",22,10,10,10,10,10,0,10,0
12681,conv2d_17,"(2, 0, 41, 43)",16,10,10,10,10,10,0,10,0
12682,conv2d_17,"(0, 0, 6, 46)",15,10,10,10,10,10,2,8,0
12683,conv2d_17,"(2, 0, 3, 15)",22,10,10,10,10,10,0,10,0
12684,conv2d_17,"(1, 2, 3, 35)",5,10,10,10,10,10,5,5,0
12685,conv2d_17,"(2, 2, 30, 32)",11,10,10,10,10,10,0,10,0
12686,conv2d_17,"(1, 2, 28, 60)",17,10,10,10,10,10,0,10,0
12687,conv2d_17,"(2, 1, 33, 5)",31,10,10,10,10,10,0,10,0
12688,conv2d_17,"(2, 0, 8, 11)",9,10,10,10,10,10,0,10,0
12689,conv2d_17,"(1, 0, 4, 37)",4,10,10,10,10,10,6,4,0
12690,conv2d_17,"(0, 0, 52, 36)",13,10,10,10,10,10,0,10,0
12691,conv2d_17,"(1, 0, 33, 44)",15,10,10,10,10,10,0,10,0
12692,conv2d_17,"(0, 1, 7, 60)",20,10,10,10,10,10,0,10,0
12693,conv2d_17,"(0, 1, 50, 44)",7,10,10,10,10,10,1,9,0
12694,conv2d_17,"(2, 1, 14, 33)",29,10,10,10,10,10,0,10,0
12695,conv2d_17,"(2, 0, 14, 58)",28,10,10,10,10,10,0,10,0
12696,conv2d_17,"(0, 2, 17, 32)",12,10,10,10,10,10,0,10,0
12697,conv2d_17,"(1, 0, 53, 54)",23,10,10,10,10,10,6,4,0
12698,conv2d_17,"(0, 2, 33, 13)",0,10,10,10,10,10,10,0,0
12699,conv2d_17,"(1, 1, 57, 23)",28,10,10,10,10,10,0,10,0
12700,conv2d_17,"(1, 1, 47, 35)",9,10,10,10,10,10,0,10,0
12701,conv2d_17,"(1, 1, 2, 47)",12,10,10,10,10,10,0,10,0
12702,conv2d_17,"(2, 0, 60, 29)",26,10,10,10,10,10,0,10,0
12703,conv2d_17,"(1, 0, 25, 36)",31,10,10,10,10,10,1,9,0
12704,conv2d_17,"(0, 1, 23, 14)",25,10,10,10,10,10,0,10,0
12705,conv2d_17,"(1, 0, 6, 31)",3,10,10,10,10,10,10,0,0
12706,conv2d_17,"(0, 1, 26, 42)",10,10,10,10,10,10,0,10,0
12707,conv2d_17,"(0, 0, 27, 50)",4,10,10,10,10,10,2,8,0
12708,conv2d_17,"(1, 1, 22, 6)",20,10,10,10,10,10,0,10,0
12709,conv2d_17,"(1, 1, 36, 63)",18,10,10,10,10,10,0,10,0
12710,conv2d_17,"(1, 1, 50, 25)",14,10,10,10,10,10,0,10,0
12711,conv2d_17,"(0, 1, 18, 41)",1,10,10,10,10,10,8,2,0
12712,conv2d_17,"(0, 0, 38, 31)",29,10,10,10,10,10,10,0,0
12713,conv2d_17,"(2, 0, 0, 35)",13,10,10,10,10,10,2,8,0
12714,conv2d_17,"(1, 1, 50, 34)",12,10,10,10,10,10,2,8,0
12715,conv2d_17,"(2, 2, 28, 46)",21,10,10,10,10,10,0,10,0
12716,conv2d_17,"(0, 2, 20, 49)",20,10,10,10,10,10,0,10,0
12717,conv2d_17,"(2, 1, 19, 37)",8,10,10,10,10,10,0,10,0
12718,conv2d_17,"(0, 2, 58, 52)",10,10,10,10,10,10,0,10,0
12719,conv2d_17,"(0, 0, 61, 52)",13,10,10,10,10,10,0,10,0
12720,conv2d_17,"(2, 0, 8, 55)",26,10,10,10,10,10,0,10,0
12721,conv2d_17,"(0, 0, 56, 49)",9,10,10,10,10,10,2,8,0
12722,conv2d_17,"(2, 1, 58, 15)",22,10,10,10,10,10,1,9,0
12723,conv2d_17,"(1, 1, 8, 35)",31,10,10,10,10,10,3,7,0
12724,conv2d_17,"(0, 1, 22, 61)",21,10,10,10,10,10,2,8,0
12725,conv2d_17,"(1, 2, 28, 28)",24,10,10,10,10,10,0,10,0
12726,conv2d_17,"(2, 1, 12, 58)",8,10,10,10,10,10,0,10,0
12727,conv2d_17,"(0, 1, 51, 58)",15,10,10,10,10,10,1,9,0
12728,conv2d_17,"(1, 0, 6, 52)",2,10,10,10,10,10,4,6,0
12729,conv2d_17,"(2, 2, 59, 4)",11,10,10,10,10,10,2,8,0
12730,conv2d_17,"(2, 2, 27, 26)",4,10,10,10,10,10,2,8,0
12731,conv2d_17,"(0, 2, 62, 60)",23,10,10,10,10,10,0,10,0
12732,conv2d_17,"(2, 0, 28, 53)",4,10,10,10,10,10,5,5,0
12733,conv2d_17,"(2, 0, 58, 13)",24,10,10,10,10,10,0,10,0
12734,conv2d_17,"(2, 2, 49, 18)",30,10,2,5,2,5,0,2,8
12735,conv2d_17,"(1, 2, 28, 56)",7,10,10,10,10,10,4,6,0
12736,conv2d_17,"(2, 2, 45, 6)",29,10,10,10,10,10,0,10,0
12737,conv2d_17,"(1, 1, 38, 27)",21,10,10,10,10,10,2,8,0
12738,conv2d_17,"(2, 1, 4, 0)",28,10,10,10,10,10,0,10,0
12739,conv2d_17,"(2, 2, 58, 33)",10,10,10,10,10,10,1,9,0
12740,conv2d_17,"(2, 0, 51, 29)",24,10,10,10,10,10,0,10,0
12741,conv2d_17,"(2, 2, 19, 52)",2,10,10,10,10,10,5,5,0
12742,conv2d_17,"(2, 1, 16, 56)",24,10,10,10,10,10,3,7,0
12743,conv2d_17,"(2, 2, 54, 29)",31,10,10,10,10,10,0,10,0
12744,conv2d_17,"(0, 2, 54, 57)",24,10,10,10,10,10,0,10,0
12745,conv2d_17,"(1, 0, 29, 49)",30,10,0,4,0,4,0,0,10
12746,conv2d_17,"(0, 0, 51, 30)",28,10,10,10,10,10,0,10,0
12747,conv2d_17,"(0, 1, 47, 46)",0,10,10,10,10,10,10,0,0
12748,conv2d_17,"(2, 0, 14, 35)",14,10,10,10,10,10,2,8,0
12749,conv2d_17,"(0, 1, 12, 6)",20,10,10,10,10,10,0,10,0
12750,conv2d_17,"(0, 2, 16, 19)",30,10,0,5,0,5,0,0,10
12751,conv2d_17,"(1, 2, 63, 1)",25,10,10,10,10,10,3,7,0
12752,conv2d_17,"(1, 1, 22, 15)",4,10,10,10,10,10,6,4,0
12753,conv2d_17,"(1, 0, 54, 53)",10,10,10,10,10,10,0,10,0
12754,conv2d_17,"(2, 0, 16, 0)",9,10,10,10,10,10,0,10,0
12755,conv2d_17,"(2, 1, 22, 21)",18,10,10,10,10,10,0,10,0
12756,conv2d_17,"(0, 2, 55, 49)",26,10,10,10,10,10,0,10,0
12757,conv2d_17,"(1, 2, 11, 41)",23,10,10,10,10,10,1,9,0
12758,conv2d_17,"(1, 0, 50, 55)",25,10,10,10,10,10,0,10,0
12759,conv2d_17,"(0, 1, 63, 45)",13,10,10,10,10,10,0,10,0
12760,conv2d_17,"(2, 0, 25, 25)",12,10,10,10,10,10,3,7,0
12761,conv2d_17,"(2, 2, 3, 33)",7,10,10,10,10,10,1,9,0
12762,conv2d_17,"(2, 0, 50, 23)",29,10,10,10,10,10,0,10,0
12763,conv2d_17,"(2, 2, 32, 51)",23,10,10,10,10,10,2,8,0
12764,conv2d_17,"(1, 0, 56, 57)",28,10,10,10,10,10,2,8,0
12765,conv2d_17,"(2, 2, 40, 26)",16,10,10,10,10,10,1,9,0
12766,conv2d_17,"(0, 2, 58, 7)",20,10,10,10,10,10,6,4,0
12767,conv2d_17,"(0, 0, 59, 38)",8,10,10,10,10,10,1,9,0
12768,conv2d_17,"(1, 2, 34, 55)",20,10,10,10,10,10,1,9,0
12769,conv2d_17,"(1, 2, 52, 18)",16,10,10,10,10,10,2,8,0
12770,conv2d_17,"(2, 2, 14, 60)",4,10,10,10,10,10,6,4,0
12771,conv2d_17,"(2, 0, 52, 54)",31,10,10,10,10,10,5,5,0
12772,conv2d_17,"(2, 0, 14, 29)",1,10,10,10,10,10,7,3,0
12773,conv2d_17,"(2, 1, 57, 10)",30,10,1,4,1,4,0,1,9
12774,conv2d_17,"(2, 0, 49, 51)",3,10,10,10,10,10,6,4,0
12775,conv2d_17,"(0, 0, 20, 22)",15,10,10,10,10,10,1,9,0
12776,conv2d_17,"(0, 0, 39, 55)",10,10,10,10,10,10,2,8,0
12777,conv2d_17,"(1, 1, 31, 17)",11,10,10,10,10,10,0,10,0
12778,conv2d_17,"(2, 1, 3, 18)",6,10,10,10,10,10,2,8,0
12779,conv2d_17,"(1, 2, 33, 21)",25,10,10,10,10,10,0,10,0
12780,conv2d_17,"(0, 2, 13, 23)",1,10,10,10,10,10,5,5,0
12781,conv2d_17,"(1, 2, 46, 21)",1,10,10,10,10,10,6,4,0
12782,conv2d_17,"(0, 0, 13, 32)",25,10,10,10,10,10,1,9,0
12783,conv2d_17,"(1, 0, 33, 42)",21,10,10,10,10,10,3,7,0
12784,conv2d_17,"(1, 1, 12, 40)",20,10,10,10,10,10,0,10,0
12785,conv2d_17,"(1, 1, 28, 53)",20,10,10,10,10,10,0,10,0
12786,conv2d_17,"(1, 0, 22, 3)",30,10,0,7,0,7,0,0,10
12787,conv2d_17,"(0, 0, 62, 47)",12,10,10,10,10,10,0,10,0
12788,conv2d_17,"(2, 0, 36, 12)",0,10,10,10,10,10,9,1,0
12789,conv2d_17,"(1, 0, 12, 51)",11,10,10,10,10,10,1,9,0
12790,conv2d_17,"(1, 0, 37, 46)",1,10,10,10,10,10,9,1,0
12791,conv2d_17,"(2, 2, 14, 53)",8,10,10,10,10,10,2,8,0
12792,conv2d_17,"(0, 0, 60, 28)",16,10,10,10,10,10,0,10,0
12793,conv2d_17,"(1, 0, 7, 38)",6,10,10,10,10,10,6,4,0
12794,conv2d_17,"(1, 1, 54, 28)",3,10,10,10,10,10,5,5,0
12795,conv2d_17,"(2, 1, 59, 49)",1,10,10,10,10,10,10,0,0
12796,conv2d_17,"(0, 2, 12, 24)",29,10,10,10,10,10,0,10,0
12797,conv2d_17,"(1, 0, 4, 61)",31,10,10,10,10,10,1,9,0
12798,conv2d_17,"(2, 2, 9, 42)",21,10,10,10,10,10,1,9,0
12799,conv2d_17,"(0, 2, 32, 27)",28,10,10,10,10,10,1,9,0
12800,conv2d_17,"(2, 2, 29, 6)",29,10,10,10,10,10,0,10,0
12801,conv2d_17,"(0, 2, 25, 63)",0,10,10,10,10,10,10,0,0
12802,conv2d_17,"(0, 1, 32, 3)",12,10,10,10,10,10,2,8,0
12803,conv2d_17,"(2, 2, 53, 21)",19,10,10,10,10,10,0,10,0
12804,conv2d_17,"(0, 1, 15, 38)",8,10,10,10,10,10,0,10,0
12805,conv2d_17,"(0, 0, 18, 26)",24,10,10,10,10,10,0,10,0
12806,conv2d_17,"(0, 2, 48, 46)",12,10,10,10,10,10,2,8,0
12807,conv2d_17,"(2, 1, 33, 28)",4,10,10,10,10,10,1,9,0
12808,conv2d_17,"(0, 0, 38, 29)",4,10,10,10,10,10,2,8,0
12809,conv2d_17,"(2, 1, 56, 36)",25,10,10,10,10,10,0,10,0
12810,conv2d_17,"(1, 0, 40, 59)",10,10,10,10,10,10,0,10,0
12811,conv2d_17,"(2, 2, 10, 40)",16,10,10,10,10,10,0,10,0
12812,conv2d_17,"(1, 0, 42, 13)",29,10,10,10,10,10,0,10,0
12813,conv2d_17,"(0, 1, 11, 24)",14,10,10,10,10,10,0,10,0
12814,conv2d_17,"(2, 2, 14, 19)",29,10,10,10,10,10,0,10,0
12815,conv2d_17,"(1, 2, 32, 19)",25,10,10,10,10,10,1,9,0
12816,conv2d_17,"(1, 0, 59, 14)",14,10,10,10,10,10,2,8,0
12817,conv2d_17,"(2, 0, 26, 41)",2,10,10,10,10,10,10,0,0
12818,conv2d_17,"(2, 1, 49, 42)",7,10,10,10,10,10,4,6,0
12819,conv2d_17,"(1, 0, 19, 57)",17,10,10,10,10,10,0,10,0
12820,conv2d_17,"(2, 1, 50, 7)",21,10,10,10,10,10,2,8,0
12821,conv2d_17,"(0, 0, 14, 33)",24,10,10,10,10,10,0,10,0
12822,conv2d_17,"(2, 0, 0, 24)",20,10,10,10,10,10,0,10,0
12823,conv2d_17,"(0, 2, 16, 7)",12,10,10,10,10,10,2,8,0
12824,conv2d_17,"(0, 0, 19, 5)",14,10,10,10,10,10,0,10,0
12825,conv2d_17,"(0, 1, 59, 26)",20,10,10,10,10,10,1,9,0
12826,conv2d_17,"(2, 2, 27, 5)",26,10,10,10,10,10,3,7,0
12827,conv2d_17,"(0, 2, 63, 2)",19,10,10,10,10,10,2,8,0
12828,conv2d_17,"(1, 0, 4, 24)",29,10,10,10,10,10,0,10,0
12829,conv2d_17,"(1, 0, 35, 24)",8,10,10,10,10,10,0,10,0
12830,conv2d_17,"(2, 1, 14, 47)",9,10,10,10,10,10,2,8,0
12831,conv2d_17,"(2, 1, 42, 42)",31,10,10,10,10,10,0,10,0
12832,conv2d_17,"(1, 0, 15, 30)",9,10,10,10,10,10,1,9,0
12833,conv2d_17,"(0, 2, 54, 60)",18,10,10,10,10,10,0,10,0
12834,conv2d_17,"(1, 2, 53, 56)",25,10,10,10,10,10,1,9,0
12835,conv2d_17,"(2, 0, 17, 12)",26,10,10,10,10,10,1,9,0
12836,conv2d_17,"(0, 0, 40, 44)",6,10,10,10,10,10,0,10,0
12837,conv2d_17,"(0, 0, 42, 4)",25,10,10,10,10,10,0,10,0
12838,conv2d_17,"(1, 1, 42, 14)",30,10,0,5,0,5,0,0,10
12839,conv2d_17,"(0, 0, 56, 43)",17,10,10,10,10,10,0,10,0
12840,conv2d_17,"(0, 2, 14, 9)",9,10,10,10,10,10,1,9,0
12841,conv2d_17,"(1, 0, 1, 8)",13,10,10,10,10,10,2,8,0
12842,conv2d_17,"(1, 1, 23, 41)",25,10,10,10,10,10,1,9,0
12843,conv2d_17,"(1, 1, 45, 40)",2,10,10,10,10,10,10,0,0
12844,conv2d_17,"(1, 2, 41, 41)",21,10,10,10,10,10,1,9,0
12845,conv2d_17,"(2, 0, 49, 5)",19,10,10,10,10,10,2,8,0
12846,conv2d_17,"(2, 2, 60, 30)",18,10,10,10,10,10,0,10,0
12847,conv2d_17,"(0, 1, 35, 38)",2,10,10,10,10,10,3,7,0
12848,conv2d_17,"(2, 0, 49, 18)",23,10,10,10,10,10,1,9,0
12849,conv2d_17,"(1, 2, 6, 39)",8,10,10,10,10,10,1,9,0
12850,conv2d_17,"(0, 0, 2, 13)",31,10,10,10,10,10,1,9,0
12851,conv2d_17,"(0, 0, 63, 59)",5,10,10,10,10,10,9,1,0
12852,conv2d_17,"(0, 0, 29, 42)",14,10,10,10,10,10,2,8,0
12853,conv2d_17,"(1, 1, 25, 26)",28,10,10,10,10,10,1,9,0
12854,conv2d_17,"(0, 2, 44, 7)",31,10,10,10,10,10,3,7,0
12855,conv2d_17,"(0, 2, 45, 17)",19,10,10,10,10,10,0,10,0
12856,conv2d_17,"(2, 1, 18, 12)",6,10,10,10,10,10,6,4,0
12857,conv2d_17,"(1, 0, 18, 28)",15,10,10,10,10,10,0,10,0
12858,conv2d_17,"(2, 2, 45, 17)",16,10,10,10,10,10,0,10,0
12859,conv2d_17,"(0, 1, 38, 2)",11,10,10,10,10,10,0,10,0
12860,conv2d_17,"(0, 0, 35, 62)",6,10,10,10,10,10,2,8,0
12861,conv2d_17,"(0, 2, 14, 16)",20,10,10,10,10,10,1,9,0
12862,conv2d_17,"(1, 2, 34, 38)",22,10,10,10,10,10,0,10,0
12863,conv2d_17,"(2, 1, 18, 1)",26,10,10,10,10,10,1,9,0
12864,conv2d_17,"(2, 2, 2, 9)",4,10,10,10,10,10,3,7,0
12865,conv2d_17,"(0, 1, 11, 49)",6,10,10,10,10,10,1,9,0
12866,conv2d_17,"(1, 2, 61, 31)",31,10,10,10,10,10,10,0,0
12867,conv2d_17,"(2, 2, 1, 29)",21,10,10,10,10,10,0,10,0
12868,conv2d_17,"(2, 1, 38, 12)",0,10,10,10,10,10,10,0,0
12869,conv2d_17,"(1, 0, 24, 57)",3,10,10,10,10,10,4,6,0
12870,conv2d_17,"(0, 2, 5, 39)",11,10,10,10,10,10,2,8,0
12871,conv2d_17,"(1, 1, 1, 38)",1,10,10,10,10,10,10,0,0
12872,conv2d_17,"(0, 1, 20, 13)",21,10,10,10,10,10,0,10,0
12873,conv2d_17,"(2, 1, 26, 54)",12,10,10,10,10,10,2,8,0
12874,conv2d_17,"(1, 1, 8, 51)",23,10,10,10,10,10,1,9,0
12875,conv2d_17,"(0, 2, 10, 4)",1,10,10,10,10,10,10,0,0
12876,conv2d_17,"(0, 0, 30, 32)",27,10,10,10,10,10,0,10,0
12877,conv2d_17,"(1, 1, 54, 54)",22,10,10,10,10,10,4,6,0
12878,conv2d_17,"(1, 2, 37, 49)",12,10,10,10,10,10,0,10,0
12879,conv2d_17,"(0, 0, 30, 48)",2,10,10,10,10,10,1,9,0
12880,conv2d_17,"(1, 2, 12, 36)",22,10,10,10,10,10,0,10,0
12881,conv2d_17,"(2, 2, 10, 24)",0,10,10,10,10,10,10,0,0
12882,conv2d_17,"(0, 1, 4, 60)",24,10,10,10,10,10,0,10,0
12883,conv2d_17,"(0, 2, 60, 14)",10,10,10,10,10,10,1,9,0
12884,conv2d_17,"(2, 0, 29, 60)",17,10,10,10,10,10,0,10,0
12885,conv2d_17,"(2, 0, 59, 49)",5,10,10,10,10,10,0,10,0
12886,conv2d_17,"(1, 0, 49, 39)",21,10,10,10,10,10,0,10,0
12887,conv2d_17,"(0, 0, 22, 3)",16,10,10,10,10,10,0,10,0
12888,conv2d_17,"(2, 1, 52, 25)",19,10,10,10,10,10,1,9,0
12889,conv2d_17,"(0, 0, 62, 57)",15,10,10,10,10,10,2,8,0
12890,conv2d_17,"(1, 2, 20, 62)",10,10,10,10,10,10,4,6,0
12891,conv2d_17,"(0, 0, 11, 21)",8,10,10,10,10,10,0,10,0
12892,conv2d_17,"(1, 0, 0, 39)",25,10,10,10,10,10,0,10,0
12893,conv2d_17,"(0, 1, 51, 36)",25,10,10,10,10,10,1,9,0
12894,conv2d_17,"(1, 1, 57, 19)",1,10,10,10,10,10,10,0,0
12895,conv2d_17,"(2, 1, 52, 46)",10,10,10,10,10,10,4,6,0
12896,conv2d_17,"(1, 2, 10, 48)",6,10,10,10,10,10,2,8,0
12897,conv2d_17,"(0, 2, 35, 25)",4,10,10,10,10,10,8,2,0
12898,conv2d_17,"(2, 0, 43, 19)",11,10,10,10,10,10,0,10,0
12899,conv2d_17,"(0, 0, 50, 40)",28,10,10,10,10,10,0,10,0
12900,conv2d_17,"(1, 0, 60, 34)",19,10,10,10,10,10,1,9,0
12901,conv2d_17,"(1, 0, 7, 38)",17,10,10,10,10,10,0,10,0
12902,conv2d_17,"(0, 2, 36, 13)",26,10,10,10,10,10,0,10,0
12903,conv2d_17,"(0, 1, 48, 40)",4,10,10,10,10,10,5,5,0
12904,conv2d_17,"(1, 1, 7, 50)",19,10,10,10,10,10,0,10,0
12905,conv2d_17,"(2, 0, 3, 31)",28,10,10,10,10,10,10,0,0
12906,conv2d_17,"(1, 1, 39, 20)",24,10,10,10,10,10,0,10,0
12907,conv2d_17,"(2, 0, 45, 1)",4,10,10,10,10,10,6,4,0
12908,conv2d_17,"(2, 0, 61, 27)",29,10,10,10,10,10,3,7,0
12909,conv2d_17,"(1, 1, 61, 36)",14,10,10,10,10,10,0,10,0
12910,conv2d_17,"(2, 1, 60, 63)",11,10,10,10,10,10,1,9,0
12911,conv2d_17,"(1, 0, 22, 39)",30,10,1,7,1,7,0,1,9
12912,conv2d_17,"(0, 2, 9, 39)",31,10,10,10,10,10,0,10,0
12913,conv2d_17,"(0, 2, 13, 52)",9,10,10,10,10,10,0,10,0
12914,conv2d_17,"(0, 1, 13, 54)",29,10,10,10,10,10,3,7,0
12915,conv2d_17,"(2, 2, 36, 57)",4,10,10,10,10,10,1,9,0
12916,conv2d_17,"(1, 2, 4, 39)",7,10,10,10,10,10,4,6,0
12917,conv2d_17,"(1, 1, 58, 22)",5,10,10,10,10,10,5,5,0
12918,conv2d_17,"(0, 2, 37, 1)",27,10,10,10,10,10,2,8,0
12919,conv2d_17,"(0, 1, 24, 60)",25,10,10,10,10,10,0,10,0
12920,conv2d_17,"(0, 1, 9, 34)",10,10,10,10,10,10,1,9,0
12921,conv2d_17,"(0, 1, 58, 35)",22,10,10,10,10,10,1,9,0
12922,conv2d_17,"(2, 2, 24, 50)",26,10,10,10,10,10,1,9,0
12923,conv2d_17,"(0, 0, 8, 40)",21,10,10,10,10,10,1,9,0
12924,conv2d_17,"(1, 0, 14, 33)",1,10,10,10,10,10,9,1,0
12925,conv2d_17,"(1, 1, 53, 61)",30,10,7,10,7,10,0,7,3
12926,conv2d_17,"(1, 2, 14, 0)",24,10,10,10,10,10,0,10,0
12927,conv2d_17,"(2, 0, 2, 17)",15,10,10,10,10,10,1,9,0
12928,conv2d_17,"(0, 1, 48, 24)",1,10,10,10,10,10,5,5,0
12929,conv2d_17,"(0, 2, 47, 51)",4,10,10,10,10,10,3,7,0
12930,conv2d_17,"(2, 2, 60, 26)",21,10,10,10,10,10,0,10,0
12931,conv2d_17,"(0, 1, 17, 49)",18,10,10,10,10,10,0,10,0
12932,conv2d_17,"(2, 0, 46, 28)",10,10,10,10,10,10,0,10,0
12933,conv2d_17,"(1, 2, 39, 2)",26,10,10,10,10,10,0,10,0
12934,conv2d_17,"(2, 1, 45, 28)",8,10,10,10,10,10,0,10,0
12935,conv2d_17,"(1, 0, 6, 37)",3,10,10,10,10,10,6,4,0
12936,conv2d_17,"(0, 2, 40, 35)",1,10,10,10,10,10,10,0,0
12937,conv2d_17,"(1, 0, 48, 51)",23,10,10,10,10,10,0,10,0
12938,conv2d_17,"(2, 0, 40, 5)",16,10,10,10,10,10,1,9,0
12939,conv2d_17,"(1, 2, 10, 27)",15,10,10,10,10,10,3,7,0
12940,conv2d_17,"(1, 1, 19, 20)",3,10,10,10,10,10,4,6,0
12941,conv2d_17,"(0, 1, 14, 21)",24,10,10,10,10,10,0,10,0
12942,conv2d_17,"(0, 2, 5, 51)",11,10,10,10,10,10,1,9,0
12943,conv2d_17,"(2, 2, 32, 11)",25,10,10,10,10,10,0,10,0
12944,conv2d_17,"(2, 2, 55, 44)",6,10,10,10,10,10,1,9,0
12945,conv2d_17,"(1, 1, 14, 61)",12,10,10,10,10,10,0,10,0
12946,conv2d_17,"(2, 0, 11, 49)",20,10,10,10,10,10,0,10,0
12947,conv2d_17,"(0, 1, 28, 30)",24,10,10,10,10,10,0,10,0
12948,conv2d_17,"(2, 0, 36, 39)",18,10,10,10,10,10,0,10,0
12949,conv2d_17,"(0, 0, 36, 59)",14,10,10,10,10,10,0,10,0
12950,conv2d_17,"(1, 1, 18, 37)",17,10,10,10,10,10,0,10,0
12951,conv2d_17,"(1, 2, 50, 43)",4,10,10,10,10,10,3,7,0
12952,conv2d_17,"(1, 1, 42, 13)",4,10,10,10,10,10,4,6,0
12953,conv2d_17,"(2, 1, 0, 52)",19,10,10,10,10,10,0,10,0
12954,conv2d_17,"(1, 2, 47, 7)",31,10,10,10,10,10,3,7,0
12955,conv2d_17,"(0, 2, 53, 54)",4,10,10,10,10,10,4,6,0
12956,conv2d_17,"(2, 2, 20, 60)",24,10,10,10,10,10,0,10,0
12957,conv2d_17,"(2, 2, 36, 12)",30,10,0,3,0,3,0,0,10
12958,conv2d_17,"(1, 1, 2, 29)",1,10,10,10,10,10,6,4,0
12959,conv2d_17,"(2, 1, 58, 19)",8,10,10,10,10,10,2,8,0
12960,conv2d_17,"(0, 0, 25, 63)",27,10,10,10,10,10,0,10,0
12961,conv2d_17,"(1, 0, 50, 39)",6,10,10,10,10,10,0,10,0
12962,conv2d_17,"(1, 2, 37, 60)",25,10,10,10,10,10,0,10,0
12963,conv2d_17,"(0, 2, 34, 40)",27,10,10,10,10,10,0,10,0
12964,conv2d_17,"(0, 2, 38, 37)",1,10,10,10,10,10,4,6,0
12965,conv2d_17,"(0, 1, 35, 50)",23,10,10,10,10,10,0,10,0
12966,conv2d_17,"(1, 2, 45, 59)",29,10,10,10,10,10,0,10,0
12967,conv2d_17,"(1, 2, 8, 25)",27,10,10,10,10,10,3,7,0
12968,conv2d_17,"(2, 0, 60, 57)",5,10,10,10,10,10,3,7,0
12969,conv2d_17,"(0, 0, 54, 44)",1,10,10,10,10,10,3,7,0
12970,conv2d_17,"(0, 1, 29, 16)",25,10,10,10,10,10,1,9,0
12971,conv2d_17,"(1, 2, 11, 27)",18,10,10,10,10,10,1,9,0
12972,conv2d_17,"(2, 1, 26, 63)",25,10,10,10,10,10,0,10,0
12973,conv2d_17,"(1, 2, 49, 59)",26,10,10,10,10,10,0,10,0
12974,conv2d_17,"(0, 2, 63, 37)",5,10,10,10,10,10,7,3,0
12975,conv2d_17,"(0, 1, 45, 61)",2,10,10,10,10,10,9,1,0
12976,conv2d_17,"(2, 2, 13, 55)",28,10,10,10,10,10,1,9,0
12977,conv2d_17,"(0, 1, 14, 44)",20,10,10,10,10,10,0,10,0
12978,conv2d_17,"(1, 1, 27, 53)",3,10,10,10,10,10,6,4,0
12979,conv2d_17,"(0, 0, 6, 52)",2,10,10,10,10,10,1,9,0
12980,conv2d_17,"(0, 1, 49, 12)",26,10,10,10,10,10,0,10,0
12981,conv2d_17,"(0, 1, 61, 53)",15,10,10,10,10,10,0,10,0
12982,conv2d_17,"(0, 1, 22, 27)",13,10,10,10,10,10,1,9,0
12983,conv2d_17,"(0, 2, 25, 62)",26,10,10,10,10,10,1,9,0
12984,conv2d_17,"(0, 1, 38, 22)",4,10,10,10,10,10,6,4,0
12985,conv2d_17,"(0, 1, 5, 16)",30,10,2,7,2,7,0,2,8
12986,conv2d_17,"(1, 1, 20, 57)",7,10,10,10,10,10,1,9,0
12987,conv2d_17,"(2, 0, 54, 47)",19,10,10,10,10,10,1,9,0
12988,conv2d_17,"(0, 0, 1, 59)",13,10,10,10,10,10,0,10,0
12989,conv2d_17,"(1, 0, 45, 32)",24,10,10,10,10,10,0,10,0
12990,conv2d_17,"(0, 1, 49, 35)",6,10,10,10,10,10,7,3,0
12991,conv2d_17,"(0, 1, 5, 44)",25,10,10,10,10,10,0,10,0
12992,conv2d_17,"(2, 1, 21, 44)",12,10,10,10,10,10,0,10,0
12993,conv2d_17,"(1, 1, 4, 6)",23,10,10,10,10,10,0,10,0
12994,conv2d_17,"(2, 1, 51, 60)",11,10,10,10,10,10,0,10,0
12995,conv2d_17,"(0, 2, 19, 19)",3,10,10,10,10,10,10,0,0
12996,conv2d_17,"(1, 2, 49, 2)",30,10,0,3,0,3,0,0,10
12997,conv2d_17,"(2, 0, 39, 57)",19,10,10,10,10,10,2,8,0
12998,conv2d_17,"(2, 0, 17, 34)",5,10,10,10,10,10,1,9,0
12999,conv2d_17,"(1, 0, 26, 0)",0,10,10,10,10,10,8,2,0
13000,conv2d_17,"(0, 0, 59, 48)",31,10,10,10,10,10,0,10,0
13001,conv2d_17,"(2, 1, 35, 3)",26,10,10,10,10,10,1,9,0
13002,conv2d_17,"(2, 2, 3, 60)",7,10,10,10,10,10,0,10,0
13003,conv2d_17,"(0, 0, 49, 62)",5,10,10,10,10,10,4,6,0
13004,conv2d_17,"(0, 0, 61, 55)",15,10,10,10,10,10,0,10,0
13005,conv2d_17,"(1, 2, 33, 5)",21,10,10,10,10,10,3,7,0
13006,conv2d_17,"(1, 2, 50, 28)",0,10,10,10,10,10,10,0,0
13007,conv2d_17,"(2, 1, 52, 12)",22,10,10,10,10,10,2,8,0
13008,conv2d_17,"(1, 1, 28, 13)",10,10,10,10,10,10,3,7,0
13009,conv2d_17,"(0, 2, 19, 21)",24,10,10,10,10,10,0,10,0
13010,conv2d_17,"(0, 0, 3, 8)",15,10,10,10,10,10,0,10,0
13011,conv2d_17,"(0, 2, 46, 2)",24,10,10,10,10,10,0,10,0
13012,conv2d_17,"(1, 2, 33, 30)",12,10,10,10,10,10,0,10,0
13013,conv2d_17,"(2, 1, 9, 37)",25,10,10,10,10,10,4,6,0
13014,conv2d_17,"(1, 2, 18, 0)",28,10,10,10,10,10,0,10,0
13015,conv2d_17,"(2, 1, 1, 38)",19,10,10,10,10,10,0,10,0
13016,conv2d_17,"(1, 1, 39, 26)",7,10,10,10,10,10,0,10,0
13017,conv2d_17,"(1, 1, 47, 59)",24,10,10,10,10,10,0,10,0
13018,conv2d_17,"(0, 0, 50, 11)",14,10,10,10,10,10,0,10,0
13019,conv2d_17,"(2, 0, 30, 21)",23,10,10,10,10,10,0,10,0
13020,conv2d_17,"(2, 2, 14, 1)",30,10,6,6,6,6,0,6,4
13021,conv2d_17,"(0, 0, 10, 49)",8,10,10,10,10,10,0,10,0
13022,conv2d_17,"(1, 2, 50, 13)",0,10,10,10,10,10,9,1,0
13023,conv2d_17,"(1, 2, 19, 58)",30,10,1,4,1,4,0,1,9
13024,conv2d_17,"(2, 0, 42, 4)",7,10,10,10,10,10,1,9,0
13025,conv2d_17,"(2, 0, 27, 28)",1,10,10,10,10,10,10,0,0
13026,conv2d_17,"(2, 2, 43, 34)",5,10,10,10,10,10,3,7,0
13027,conv2d_17,"(0, 2, 60, 50)",5,10,10,10,10,10,7,3,0
13028,conv2d_17,"(1, 0, 1, 31)",2,10,10,10,10,10,10,0,0
13029,conv2d_17,"(2, 0, 46, 11)",22,10,10,10,10,10,2,8,0
13030,conv2d_17,"(0, 0, 61, 20)",5,10,10,10,10,10,1,9,0
13031,conv2d_17,"(1, 1, 50, 56)",31,10,10,10,10,10,1,9,0
13032,conv2d_17,"(1, 0, 23, 23)",10,10,10,10,10,10,1,9,0
13033,conv2d_17,"(2, 0, 42, 49)",15,10,10,10,10,10,0,10,0
13034,conv2d_17,"(0, 0, 15, 39)",22,10,10,10,10,10,0,10,0
13035,conv2d_17,"(0, 1, 20, 23)",11,10,10,10,10,10,0,10,0
13036,conv2d_17,"(1, 0, 32, 34)",25,10,10,10,10,10,0,10,0
13037,conv2d_17,"(1, 2, 10, 55)",11,10,10,10,10,10,3,7,0
13038,conv2d_17,"(0, 2, 17, 16)",31,10,10,10,10,10,0,10,0
13039,conv2d_17,"(2, 1, 35, 49)",4,10,10,10,10,10,3,7,0
13040,conv2d_17,"(1, 1, 21, 24)",7,10,10,10,10,10,1,9,0
13041,conv2d_17,"(0, 0, 28, 37)",7,10,10,10,10,10,0,10,0
13042,conv2d_17,"(1, 1, 21, 61)",24,10,10,10,10,10,1,9,0
13043,conv2d_17,"(0, 2, 44, 7)",11,10,10,10,10,10,4,6,0
13044,conv2d_17,"(2, 1, 4, 7)",7,10,10,10,10,10,8,2,0
13045,conv2d_17,"(2, 1, 0, 57)",7,10,10,10,10,10,1,9,0
13046,conv2d_17,"(0, 2, 43, 25)",19,10,10,10,10,10,1,9,0
13047,conv2d_17,"(0, 1, 25, 56)",9,10,10,10,10,10,3,7,0
13048,conv2d_17,"(1, 0, 45, 7)",14,10,10,10,10,10,4,6,0
13049,conv2d_17,"(2, 1, 46, 55)",11,10,10,10,10,10,3,7,0
13050,conv2d_17,"(0, 1, 61, 40)",11,10,10,10,10,10,0,10,0
13051,conv2d_17,"(2, 0, 20, 61)",16,10,10,10,10,10,0,10,0
13052,conv2d_17,"(0, 2, 9, 55)",28,10,10,10,10,10,3,7,0
13053,conv2d_17,"(2, 0, 10, 18)",30,10,2,5,2,5,0,2,8
13054,conv2d_17,"(2, 1, 23, 6)",4,10,10,10,10,10,4,6,0
13055,conv2d_17,"(0, 1, 62, 49)",30,10,1,4,1,4,0,1,9
13056,conv2d_17,"(0, 0, 63, 23)",9,10,10,10,10,10,2,8,0
13057,conv2d_17,"(0, 0, 10, 37)",26,10,10,10,10,10,0,10,0
13058,conv2d_17,"(0, 2, 12, 20)",13,10,10,10,10,10,1,9,0
13059,conv2d_17,"(0, 0, 26, 1)",5,10,10,10,10,10,5,5,0
13060,conv2d_17,"(2, 0, 28, 38)",15,10,10,10,10,10,0,10,0
13061,conv2d_17,"(1, 0, 8, 32)",5,10,10,10,10,10,3,7,0
13062,conv2d_17,"(0, 0, 21, 8)",30,10,1,6,1,6,0,1,9
13063,conv2d_17,"(0, 2, 10, 29)",29,10,10,10,10,10,1,9,0
13064,conv2d_17,"(0, 2, 60, 18)",28,10,10,10,10,10,0,10,0
13065,conv2d_17,"(0, 2, 9, 59)",2,10,10,10,10,10,4,6,0
13066,conv2d_17,"(0, 2, 18, 38)",30,10,2,6,2,6,0,2,8
13067,conv2d_17,"(2, 2, 2, 51)",0,10,10,10,10,10,10,0,0
13068,conv2d_17,"(2, 2, 61, 1)",29,10,10,10,10,10,3,7,0
13069,conv2d_17,"(0, 2, 36, 54)",29,10,10,10,10,10,3,7,0
13070,conv2d_17,"(2, 1, 4, 58)",23,10,10,10,10,10,0,10,0
13071,conv2d_17,"(0, 2, 47, 19)",4,10,10,10,10,10,2,8,0
13072,conv2d_17,"(1, 0, 41, 24)",14,10,10,10,10,10,0,10,0
13073,conv2d_17,"(2, 2, 58, 15)",16,10,10,10,10,10,1,9,0
13074,conv2d_17,"(2, 0, 42, 32)",22,10,10,10,10,10,0,10,0
13075,conv2d_17,"(0, 2, 35, 32)",14,10,10,10,10,10,0,10,0
13076,conv2d_17,"(1, 0, 33, 26)",11,10,10,10,10,10,0,10,0
13077,conv2d_17,"(1, 0, 46, 47)",0,10,10,10,10,10,8,2,0
13078,conv2d_17,"(1, 0, 13, 19)",0,10,10,10,10,10,10,0,0
13079,conv2d_17,"(2, 1, 35, 57)",15,10,10,10,10,10,2,8,0
13080,conv2d_17,"(2, 2, 43, 10)",27,10,10,10,10,10,1,9,0
13081,conv2d_17,"(2, 0, 50, 36)",28,10,10,10,10,10,0,10,0
13082,conv2d_17,"(1, 1, 43, 17)",31,10,10,10,10,10,0,10,0
13083,conv2d_17,"(0, 2, 42, 63)",7,10,10,10,10,10,0,10,0
13084,conv2d_17,"(2, 0, 55, 57)",23,10,10,10,10,10,0,10,0
13085,conv2d_17,"(1, 1, 16, 24)",5,10,10,10,10,10,10,0,0
13086,conv2d_17,"(2, 0, 1, 14)",27,10,10,10,10,10,1,9,0
13087,conv2d_17,"(2, 2, 14, 19)",30,10,0,5,0,5,0,0,10
13088,conv2d_17,"(1, 2, 36, 32)",12,10,10,10,10,10,0,10,0
13089,conv2d_17,"(2, 2, 53, 11)",5,10,10,10,10,10,3,7,0
13090,conv2d_17,"(1, 1, 9, 44)",7,10,10,10,10,10,2,8,0
13091,conv2d_17,"(0, 2, 63, 2)",17,10,10,10,10,10,1,9,0
13092,conv2d_17,"(0, 2, 43, 35)",24,10,10,10,10,10,0,10,0
13093,conv2d_17,"(0, 2, 23, 36)",1,10,10,10,10,10,5,5,0
13094,conv2d_17,"(0, 2, 54, 48)",0,10,10,10,10,10,10,0,0
13095,conv2d_17,"(2, 1, 61, 14)",18,10,10,10,10,10,0,10,0
13096,conv2d_17,"(0, 1, 40, 20)",26,10,10,10,10,10,0,10,0
13097,conv2d_17,"(2, 0, 15, 59)",3,10,10,10,10,10,0,10,0
13098,conv2d_17,"(1, 0, 37, 48)",1,10,10,10,10,10,5,5,0
13099,conv2d_17,"(0, 1, 45, 61)",13,10,10,10,10,10,1,9,0
13100,conv2d_17,"(0, 1, 34, 20)",23,10,10,10,10,10,1,9,0
13101,conv2d_17,"(0, 0, 30, 14)",4,10,10,10,10,10,5,5,0
13102,conv2d_17,"(1, 0, 47, 52)",8,10,10,10,10,10,1,9,0
13103,conv2d_17,"(1, 1, 23, 31)",14,10,10,10,10,10,10,0,0
13104,conv2d_17,"(0, 1, 45, 44)",31,10,10,10,10,10,0,10,0
13105,conv2d_17,"(1, 1, 63, 24)",10,10,10,10,10,10,2,8,0
13106,conv2d_17,"(0, 2, 39, 6)",31,10,10,10,10,10,0,10,0
13107,conv2d_17,"(0, 1, 34, 15)",7,10,10,10,10,10,1,9,0
13108,conv2d_17,"(1, 1, 54, 48)",18,10,10,10,10,10,0,10,0
13109,conv2d_17,"(2, 0, 46, 45)",10,10,10,10,10,10,0,10,0
13110,conv2d_17,"(0, 1, 2, 33)",31,10,10,10,10,10,0,10,0
13111,conv2d_17,"(1, 2, 51, 55)",23,10,10,10,10,10,1,9,0
13112,conv2d_17,"(0, 1, 39, 34)",25,10,10,10,10,10,1,9,0
13113,conv2d_17,"(1, 0, 19, 38)",10,10,10,10,10,10,0,10,0
13114,conv2d_17,"(2, 0, 50, 24)",0,10,10,10,10,10,6,4,0
13115,conv2d_17,"(0, 2, 9, 3)",31,10,10,10,10,10,0,10,0
13116,conv2d_17,"(2, 0, 14, 22)",12,10,10,10,10,10,0,10,0
13117,conv2d_17,"(0, 2, 21, 2)",1,10,10,10,10,10,2,8,0
13118,conv2d_17,"(2, 2, 54, 45)",21,10,10,10,10,10,0,10,0
13119,conv2d_17,"(2, 0, 21, 57)",27,10,10,10,10,10,0,10,0
13120,conv2d_17,"(2, 0, 52, 15)",4,10,10,10,10,10,5,5,0
13121,conv2d_17,"(2, 0, 8, 54)",15,10,10,10,10,10,4,6,0
13122,conv2d_17,"(0, 2, 34, 55)",26,10,10,10,10,10,1,9,0
13123,conv2d_17,"(1, 2, 4, 42)",4,10,10,10,10,10,9,1,0
13124,conv2d_17,"(1, 2, 5, 39)",31,10,10,10,10,10,1,9,0
13125,conv2d_17,"(1, 0, 30, 62)",15,10,10,10,10,10,0,10,0
13126,conv2d_17,"(2, 1, 38, 15)",18,10,10,10,10,10,0,10,0
13127,conv2d_17,"(0, 0, 49, 8)",10,10,10,10,10,10,3,7,0
13128,conv2d_17,"(1, 0, 45, 40)",14,10,10,10,10,10,1,9,0
13129,conv2d_17,"(2, 0, 52, 54)",11,10,10,10,10,10,4,6,0
13130,conv2d_17,"(0, 2, 42, 28)",5,10,10,10,10,10,0,10,0
13131,conv2d_17,"(0, 0, 17, 63)",11,10,10,10,10,10,0,10,0
13132,conv2d_17,"(0, 2, 31, 8)",20,10,10,10,10,10,0,10,0
13133,conv2d_17,"(0, 1, 2, 9)",5,10,10,10,10,10,3,7,0
13134,conv2d_17,"(2, 2, 45, 2)",5,10,10,10,10,10,2,8,0
13135,conv2d_17,"(2, 2, 58, 33)",26,10,10,10,10,10,0,10,0
13136,conv2d_17,"(1, 0, 42, 6)",15,10,10,10,10,10,0,10,0
13137,conv2d_17,"(2, 1, 4, 27)",29,10,10,10,10,10,1,9,0
13138,conv2d_17,"(2, 2, 51, 57)",21,10,10,10,10,10,0,10,0
13139,conv2d_17,"(1, 2, 25, 34)",24,10,10,10,10,10,0,10,0
13140,conv2d_17,"(2, 0, 41, 35)",20,10,10,10,10,10,0,10,0
13141,conv2d_17,"(0, 1, 51, 33)",13,10,10,10,10,10,0,10,0
13142,conv2d_17,"(0, 0, 28, 31)",14,10,10,10,10,10,10,0,0
13143,conv2d_17,"(1, 0, 34, 0)",24,10,10,10,10,10,0,10,0
13144,conv2d_17,"(0, 1, 19, 51)",11,10,10,10,10,10,0,10,0
13145,conv2d_17,"(2, 2, 31, 46)",2,10,10,10,10,10,7,3,0
13146,conv2d_17,"(2, 2, 16, 15)",5,10,10,10,10,10,3,7,0
13147,conv2d_17,"(0, 0, 1, 36)",5,10,10,10,10,10,2,8,0
13148,conv2d_17,"(0, 0, 44, 17)",31,10,10,10,10,10,0,10,0
13149,conv2d_17,"(2, 2, 63, 13)",18,10,10,10,10,10,2,8,0
13150,conv2d_17,"(1, 1, 38, 12)",26,10,10,10,10,10,1,9,0
13151,conv2d_17,"(1, 0, 30, 53)",31,10,10,10,10,10,0,10,0
13152,conv2d_17,"(2, 0, 33, 4)",30,10,1,3,1,3,0,1,9
13153,conv2d_17,"(2, 1, 58, 24)",5,10,10,10,10,10,1,9,0
13154,conv2d_17,"(1, 0, 30, 32)",20,10,10,10,10,10,0,10,0
13155,conv2d_17,"(1, 2, 33, 44)",10,10,10,10,10,10,0,10,0
13156,conv2d_17,"(2, 2, 19, 16)",19,10,10,10,10,10,1,9,0
13157,conv2d_17,"(1, 0, 51, 58)",3,10,10,10,10,10,10,0,0
13158,conv2d_17,"(2, 0, 39, 62)",5,10,10,10,10,10,3,7,0
13159,conv2d_17,"(0, 2, 48, 19)",14,10,10,10,10,10,3,7,0
13160,conv2d_17,"(1, 0, 12, 47)",19,10,10,10,10,10,0,10,0
13161,conv2d_17,"(2, 1, 47, 12)",3,10,10,10,10,10,10,0,0
13162,conv2d_17,"(2, 2, 39, 7)",25,10,10,10,10,10,2,8,0
13163,conv2d_17,"(0, 2, 55, 42)",16,10,10,10,10,10,1,9,0
13164,conv2d_17,"(1, 2, 47, 49)",17,10,10,10,10,10,0,10,0
13165,conv2d_17,"(2, 2, 48, 40)",29,10,10,10,10,10,0,10,0
13166,conv2d_17,"(1, 1, 46, 59)",4,10,10,10,10,10,3,7,0
13167,conv2d_17,"(1, 0, 31, 20)",2,10,10,10,10,10,4,6,0
13168,conv2d_17,"(0, 0, 41, 10)",1,10,10,10,10,10,10,0,0
13169,conv2d_17,"(2, 0, 3, 37)",22,10,10,10,10,10,0,10,0
13170,conv2d_17,"(1, 0, 61, 3)",17,10,10,10,10,10,0,10,0
13171,conv2d_17,"(0, 0, 2, 21)",6,10,10,10,10,10,0,10,0
13172,conv2d_17,"(0, 0, 17, 58)",19,10,10,10,10,10,0,10,0
13173,conv2d_17,"(0, 0, 32, 28)",1,10,10,10,10,10,2,8,0
13174,conv2d_17,"(0, 2, 38, 17)",23,10,10,10,10,10,0,10,0
13175,conv2d_17,"(2, 2, 58, 59)",30,10,2,7,2,7,0,2,8
13176,conv2d_17,"(0, 2, 36, 27)",15,10,10,10,10,10,0,10,0
13177,conv2d_17,"(0, 0, 19, 57)",29,10,10,10,10,10,0,10,0
13178,conv2d_17,"(1, 0, 40, 28)",13,10,10,10,10,10,0,10,0
13179,conv2d_17,"(2, 1, 8, 49)",29,10,10,10,10,10,1,9,0
13180,conv2d_17,"(2, 2, 63, 32)",23,10,10,10,10,10,2,8,0
13181,conv2d_17,"(0, 1, 46, 26)",20,10,10,10,10,10,0,10,0
13182,conv2d_17,"(1, 2, 40, 31)",21,10,10,10,10,10,10,0,0
13183,conv2d_17,"(1, 0, 40, 15)",18,10,10,10,10,10,1,9,0
13184,conv2d_17,"(0, 1, 53, 31)",15,10,10,10,10,10,10,0,0
13185,conv2d_17,"(1, 0, 16, 63)",0,10,10,10,10,10,9,1,0
13186,conv2d_17,"(2, 0, 51, 37)",27,10,10,10,10,10,0,10,0
13187,conv2d_17,"(1, 1, 15, 33)",9,10,10,10,10,10,0,10,0
13188,conv2d_17,"(2, 2, 6, 46)",24,10,10,10,10,10,0,10,0
13189,conv2d_17,"(1, 1, 31, 24)",31,10,10,10,10,10,0,10,0
13190,conv2d_17,"(1, 1, 12, 6)",1,10,10,10,10,10,3,7,0
13191,conv2d_17,"(0, 2, 54, 0)",21,10,10,10,10,10,0,10,0
13192,conv2d_17,"(1, 1, 42, 36)",0,10,10,10,10,10,9,1,0
13193,conv2d_17,"(2, 1, 23, 41)",22,10,10,10,10,10,3,7,0
13194,conv2d_17,"(0, 1, 61, 30)",30,10,2,4,2,4,0,2,8
13195,conv2d_17,"(2, 2, 7, 52)",22,10,10,10,10,10,0,10,0
13196,conv2d_17,"(1, 0, 30, 50)",22,10,10,10,10,10,0,10,0
13197,conv2d_17,"(1, 1, 30, 12)",1,10,10,10,10,10,9,1,0
13198,conv2d_17,"(1, 1, 58, 23)",16,10,10,10,10,10,1,9,0
13199,conv2d_17,"(0, 1, 6, 62)",11,10,10,10,10,10,0,10,0
13200,conv2d_17,"(0, 2, 2, 43)",12,10,10,10,10,10,0,10,0
13201,conv2d_17,"(1, 2, 31, 54)",14,10,10,10,10,10,2,8,0
13202,conv2d_17,"(0, 0, 4, 38)",7,10,10,10,10,10,0,10,0
13203,conv2d_17,"(1, 1, 34, 3)",2,10,10,10,10,10,7,3,0
13204,conv2d_17,"(0, 1, 49, 36)",23,10,10,10,10,10,1,9,0
13205,conv2d_17,"(2, 2, 39, 24)",13,10,10,10,10,10,0,10,0
13206,conv2d_17,"(1, 1, 54, 2)",12,10,10,10,10,10,1,9,0
13207,conv2d_17,"(1, 1, 15, 39)",3,10,10,10,10,10,5,5,0
13208,conv2d_17,"(1, 1, 41, 47)",12,10,10,10,10,10,0,10,0
13209,conv2d_17,"(1, 1, 33, 5)",18,10,10,10,10,10,1,9,0
13210,conv2d_17,"(0, 0, 53, 24)",12,10,10,10,10,10,0,10,0
13211,conv2d_17,"(0, 2, 27, 10)",9,10,10,10,10,10,1,9,0
13212,conv2d_17,"(2, 0, 5, 9)",7,10,10,10,10,10,6,4,0
13213,conv2d_17,"(2, 1, 27, 5)",30,10,2,2,2,2,0,2,8
13214,conv2d_17,"(0, 1, 3, 24)",31,10,10,10,10,10,0,10,0
13215,conv2d_17,"(2, 1, 51, 12)",0,10,10,10,10,10,8,2,0
13216,conv2d_17,"(1, 2, 49, 53)",19,10,10,10,10,10,1,9,0
13217,conv2d_17,"(0, 1, 25, 25)",20,10,10,10,10,10,1,9,0
13218,conv2d_17,"(0, 2, 27, 4)",4,10,10,10,10,10,7,3,0
13219,conv2d_17,"(0, 1, 62, 23)",2,10,10,10,10,10,6,4,0
13220,conv2d_17,"(0, 1, 34, 13)",19,10,10,10,10,10,1,9,0
13221,conv2d_17,"(1, 1, 29, 25)",16,10,10,10,10,10,0,10,0
13222,conv2d_17,"(2, 1, 31, 61)",15,10,10,10,10,10,0,10,0
13223,conv2d_17,"(1, 0, 27, 40)",23,10,10,10,10,10,1,9,0
13224,conv2d_17,"(1, 0, 11, 1)",23,10,10,10,10,10,1,9,0
13225,conv2d_17,"(0, 0, 52, 36)",2,10,10,10,10,10,4,6,0
13226,conv2d_17,"(0, 0, 23, 26)",10,10,10,10,10,10,1,9,0
13227,conv2d_17,"(2, 2, 14, 1)",8,10,10,10,10,10,2,8,0
13228,conv2d_17,"(0, 0, 51, 48)",31,10,10,10,10,10,0,10,0
13229,conv2d_17,"(1, 2, 45, 29)",23,10,10,10,10,10,0,10,0
13230,conv2d_17,"(0, 1, 45, 46)",6,10,10,10,10,10,5,5,0
13231,conv2d_17,"(2, 1, 59, 11)",5,10,10,10,10,10,3,7,0
13232,conv2d_17,"(1, 1, 20, 38)",8,10,10,10,10,10,1,9,0
13233,conv2d_17,"(0, 1, 39, 37)",31,10,10,10,10,10,0,10,0
13234,conv2d_17,"(1, 2, 0, 61)",5,10,10,10,10,10,2,8,0
13235,conv2d_17,"(2, 0, 2, 11)",3,10,10,10,10,10,1,9,0
13236,conv2d_17,"(1, 2, 50, 22)",6,10,10,10,10,10,2,8,0
13237,conv2d_17,"(2, 2, 41, 25)",30,10,0,2,0,2,0,0,10
13238,conv2d_17,"(1, 1, 45, 33)",8,10,10,10,10,10,0,10,0
13239,conv2d_17,"(1, 1, 19, 47)",13,10,10,10,10,10,0,10,0
13240,conv2d_17,"(1, 2, 56, 11)",4,10,10,10,10,10,5,5,0
13241,conv2d_17,"(0, 1, 46, 0)",11,10,10,10,10,10,0,10,0
13242,conv2d_17,"(1, 1, 52, 45)",14,10,10,10,10,10,0,10,0
13243,conv2d_17,"(0, 1, 63, 26)",12,10,10,10,10,10,4,6,0
13244,conv2d_17,"(2, 0, 9, 39)",1,10,10,10,10,10,10,0,0
13245,conv2d_17,"(0, 1, 3, 3)",11,10,10,10,10,10,1,9,0
13246,conv2d_17,"(0, 1, 9, 2)",29,10,10,10,10,10,0,10,0
13247,conv2d_17,"(1, 1, 3, 48)",8,10,10,10,10,10,0,10,0
13248,conv2d_17,"(1, 2, 47, 47)",30,10,3,7,3,7,0,3,7
13249,conv2d_17,"(0, 0, 38, 37)",8,10,10,10,10,10,0,10,0
13250,conv2d_17,"(0, 0, 36, 39)",30,10,0,6,0,6,0,0,10
13251,conv2d_17,"(1, 2, 62, 22)",9,10,10,10,10,10,0,10,0
13252,conv2d_17,"(0, 2, 32, 9)",18,10,10,10,10,10,1,9,0
13253,conv2d_17,"(0, 1, 11, 60)",30,10,0,4,0,4,0,0,10
13254,conv2d_17,"(0, 2, 55, 14)",26,10,10,10,10,10,1,9,0
13255,conv2d_17,"(2, 0, 9, 37)",24,10,10,10,10,10,0,10,0
13256,conv2d_17,"(1, 2, 16, 30)",19,10,10,10,10,10,0,10,0
13257,conv2d_17,"(1, 2, 39, 11)",22,10,10,10,10,10,0,10,0
13258,conv2d_17,"(0, 0, 59, 0)",12,10,10,10,10,10,0,10,0
13259,conv2d_17,"(0, 0, 61, 5)",10,10,10,10,10,10,2,8,0
13260,conv2d_17,"(2, 2, 21, 35)",23,10,10,10,10,10,1,9,0
13261,conv2d_17,"(0, 1, 63, 19)",28,10,10,10,10,10,4,6,0
13262,conv2d_17,"(1, 1, 35, 29)",24,10,10,10,10,10,0,10,0
13263,conv2d_17,"(1, 1, 37, 26)",30,10,1,3,1,3,0,1,9
13264,conv2d_17,"(1, 2, 55, 32)",7,10,10,10,10,10,1,9,0
13265,conv2d_17,"(0, 0, 12, 31)",4,10,10,10,10,10,10,0,0
13266,conv2d_17,"(0, 2, 16, 47)",4,10,10,10,10,10,1,9,0
13267,conv2d_17,"(2, 1, 44, 11)",4,10,10,10,10,10,4,6,0
13268,conv2d_17,"(1, 2, 25, 20)",26,10,10,10,10,10,1,9,0
13269,conv2d_17,"(2, 2, 4, 49)",11,10,10,10,10,10,0,10,0
13270,conv2d_17,"(0, 1, 18, 29)",6,10,10,10,10,10,0,10,0
13271,conv2d_17,"(2, 2, 31, 9)",21,10,10,10,10,10,1,9,0
13272,conv2d_17,"(1, 2, 22, 21)",16,10,10,10,10,10,0,10,0
13273,conv2d_17,"(1, 0, 46, 36)",13,10,10,10,10,10,1,9,0
13274,conv2d_17,"(1, 2, 60, 10)",6,10,10,10,10,10,5,5,0
13275,conv2d_17,"(2, 0, 11, 7)",10,10,10,10,10,10,2,8,0
13276,conv2d_17,"(0, 1, 60, 35)",12,10,10,10,10,10,2,8,0
13277,conv2d_17,"(1, 0, 12, 7)",17,10,10,10,10,10,3,7,0
13278,conv2d_17,"(1, 1, 28, 23)",28,10,10,10,10,10,0,10,0
13279,conv2d_17,"(2, 1, 43, 35)",23,10,10,10,10,10,2,8,0
13280,conv2d_17,"(0, 2, 56, 15)",12,10,10,10,10,10,0,10,0
13281,conv2d_17,"(1, 1, 8, 0)",16,10,10,10,10,10,0,10,0
13282,conv2d_17,"(1, 1, 50, 58)",5,10,10,10,10,10,3,7,0
13283,conv2d_17,"(1, 1, 9, 47)",22,10,10,10,10,10,0,10,0
13284,conv2d_17,"(1, 0, 11, 42)",24,10,10,10,10,10,1,9,0
13285,conv2d_17,"(0, 0, 19, 32)",27,10,10,10,10,10,0,10,0
13286,conv2d_17,"(1, 0, 14, 6)",19,10,10,10,10,10,0,10,0
13287,conv2d_17,"(0, 2, 20, 61)",8,10,10,10,10,10,3,7,0
13288,conv2d_17,"(0, 0, 42, 36)",25,10,10,10,10,10,0,10,0
13289,conv2d_17,"(1, 1, 10, 40)",18,10,10,10,10,10,0,10,0
13290,conv2d_17,"(1, 1, 1, 12)",0,10,10,10,10,10,10,0,0
13291,conv2d_17,"(2, 0, 41, 3)",0,10,10,10,10,10,8,2,0
13292,conv2d_17,"(0, 1, 20, 34)",25,10,10,10,10,10,2,8,0
13293,conv2d_17,"(2, 2, 4, 13)",29,10,10,10,10,10,1,9,0
13294,conv2d_17,"(2, 2, 42, 54)",5,10,10,10,10,10,9,1,0
13295,conv2d_17,"(0, 2, 12, 28)",31,10,10,10,10,10,0,10,0
13296,conv2d_17,"(2, 2, 58, 2)",4,10,10,10,10,10,3,7,0
13297,conv2d_17,"(1, 2, 57, 42)",7,10,10,10,10,10,4,6,0
13298,conv2d_17,"(0, 1, 62, 54)",20,10,10,10,10,10,1,9,0
13299,conv2d_17,"(0, 2, 60, 55)",27,10,10,10,10,10,0,10,0
13300,conv2d_17,"(2, 2, 63, 55)",21,10,10,10,10,10,2,8,0
13301,conv2d_17,"(2, 0, 54, 15)",1,10,10,10,10,10,5,5,0
13302,conv2d_17,"(0, 2, 47, 25)",23,10,10,10,10,10,1,9,0
13303,conv2d_17,"(0, 0, 38, 59)",21,10,10,10,10,10,0,10,0
13304,conv2d_17,"(2, 1, 10, 36)",1,10,10,10,10,10,10,0,0
13305,conv2d_17,"(0, 0, 43, 51)",5,10,10,10,10,10,1,9,0
13306,conv2d_17,"(2, 1, 48, 10)",31,10,10,10,10,10,2,8,0
13307,conv2d_17,"(2, 0, 34, 25)",20,10,10,10,10,10,3,7,0
13308,conv2d_17,"(2, 1, 32, 14)",26,10,10,10,10,10,0,10,0
13309,conv2d_17,"(1, 2, 47, 57)",6,10,10,10,10,10,1,9,0
13310,conv2d_17,"(1, 0, 40, 48)",8,10,10,10,10,10,1,9,0
13311,conv2d_17,"(0, 2, 12, 24)",18,10,10,10,10,10,0,10,0
13312,conv2d_17,"(2, 0, 49, 23)",24,10,10,10,10,10,3,7,0
13313,conv2d_17,"(0, 0, 59, 44)",22,10,10,10,10,10,0,10,0
13314,conv2d_17,"(0, 0, 2, 59)",27,10,10,10,10,10,0,10,0
13315,conv2d_17,"(0, 2, 44, 37)",9,10,10,10,10,10,0,10,0
13316,conv2d_17,"(2, 0, 34, 21)",11,10,10,10,10,10,0,10,0
13317,conv2d_17,"(2, 2, 56, 28)",12,10,10,10,10,10,0,10,0
13318,conv2d_17,"(2, 0, 25, 5)",18,10,10,10,10,10,1,9,0
13319,conv2d_17,"(0, 1, 50, 59)",0,10,10,10,10,10,9,1,0
13320,conv2d_17,"(2, 1, 23, 50)",9,10,10,10,10,10,3,7,0
13321,conv2d_17,"(1, 2, 19, 20)",22,10,10,10,10,10,0,10,0
13322,conv2d_17,"(1, 0, 56, 25)",7,10,10,10,10,10,1,9,0
13323,conv2d_17,"(0, 0, 46, 0)",28,10,10,10,10,10,1,9,0
13324,conv2d_17,"(0, 0, 56, 16)",27,10,10,10,10,10,2,8,0
13325,conv2d_17,"(1, 1, 59, 50)",0,10,10,10,10,10,8,2,0
13326,conv2d_17,"(0, 0, 63, 46)",15,10,10,10,10,10,5,5,0
13327,conv2d_17,"(2, 0, 41, 58)",30,10,0,5,0,5,0,0,10
13328,conv2d_17,"(2, 0, 47, 32)",13,10,10,10,10,10,0,10,0
13329,conv2d_17,"(2, 0, 51, 0)",16,10,10,10,10,10,0,10,0
13330,conv2d_17,"(0, 1, 56, 15)",26,10,10,10,10,10,0,10,0
13331,conv2d_17,"(2, 1, 19, 62)",8,10,10,10,10,10,1,9,0
13332,conv2d_17,"(2, 0, 10, 57)",27,10,10,10,10,10,1,9,0
13333,conv2d_17,"(2, 2, 57, 27)",1,10,10,10,10,10,8,2,0
13334,conv2d_17,"(1, 0, 34, 4)",0,10,10,10,10,10,10,0,0
13335,conv2d_17,"(0, 2, 21, 21)",28,10,10,10,10,10,0,10,0
13336,conv2d_17,"(2, 1, 0, 62)",30,10,6,7,6,7,0,6,4
13337,conv2d_17,"(1, 2, 8, 4)",10,10,10,10,10,10,1,9,0
13338,conv2d_17,"(1, 1, 22, 38)",15,10,10,10,10,10,0,10,0
13339,conv2d_17,"(0, 2, 5, 11)",13,10,10,10,10,10,1,9,0
13340,conv2d_17,"(0, 0, 12, 18)",25,10,10,10,10,10,0,10,0
13341,conv2d_17,"(0, 0, 33, 60)",11,10,10,10,10,10,0,10,0
13342,conv2d_17,"(0, 1, 33, 43)",1,10,10,10,10,10,10,0,0
13343,conv2d_17,"(2, 2, 13, 27)",7,10,10,10,10,10,3,7,0
13344,conv2d_17,"(1, 0, 30, 7)",1,10,10,10,10,10,10,0,0
13345,conv2d_17,"(1, 2, 13, 58)",13,10,10,10,10,10,2,8,0
13346,conv2d_17,"(2, 1, 42, 5)",22,10,10,10,10,10,1,9,0
13347,conv2d_17,"(1, 2, 16, 3)",22,10,10,10,10,10,2,8,0
13348,conv2d_17,"(2, 0, 47, 50)",31,10,10,10,10,10,0,10,0
13349,conv2d_17,"(1, 2, 38, 35)",28,10,10,10,10,10,1,9,0
13350,conv2d_17,"(0, 0, 19, 33)",10,10,10,10,10,10,0,10,0
13351,conv2d_17,"(0, 1, 32, 51)",0,10,10,10,10,10,10,0,0
13352,conv2d_17,"(1, 1, 52, 38)",5,10,10,10,10,10,4,6,0
13353,conv2d_17,"(0, 1, 37, 62)",23,10,10,10,10,10,1,9,0
13354,conv2d_17,"(1, 1, 6, 38)",5,10,10,10,10,10,1,9,0
13355,conv2d_17,"(1, 0, 34, 19)",5,10,10,10,10,10,2,8,0
13356,conv2d_17,"(2, 0, 55, 8)",6,10,10,10,10,10,1,9,0
13357,conv2d_17,"(2, 0, 34, 20)",6,10,10,10,10,10,1,9,0
13358,conv2d_17,"(0, 1, 52, 12)",25,10,10,10,10,10,3,7,0
13359,conv2d_17,"(0, 2, 12, 22)",25,10,10,10,10,10,0,10,0
13360,conv2d_17,"(2, 0, 52, 20)",5,10,10,10,10,10,3,7,0
13361,conv2d_17,"(1, 0, 34, 48)",1,10,10,10,10,10,7,3,0
13362,conv2d_17,"(1, 0, 6, 20)",4,10,10,10,10,10,3,7,0
13363,conv2d_17,"(0, 2, 8, 39)",8,10,10,10,10,10,0,10,0
13364,conv2d_17,"(0, 0, 32, 35)",22,10,10,10,10,10,1,9,0
13365,conv2d_17,"(2, 1, 0, 38)",27,10,10,10,10,10,0,10,0
13366,conv2d_17,"(0, 2, 36, 49)",25,10,10,10,10,10,0,10,0
13367,conv2d_17,"(0, 1, 62, 15)",29,10,10,10,10,10,0,10,0
13368,conv2d_17,"(2, 0, 62, 17)",4,10,10,10,10,10,4,6,0
13369,conv2d_17,"(1, 0, 4, 62)",19,10,10,10,10,10,0,10,0
13370,conv2d_17,"(0, 0, 49, 34)",13,10,10,10,10,10,3,7,0
13371,conv2d_17,"(1, 2, 36, 56)",22,10,10,10,10,10,1,9,0
13372,conv2d_17,"(2, 2, 9, 60)",4,10,10,10,10,10,2,8,0
13373,conv2d_17,"(0, 1, 61, 55)",9,10,10,10,10,10,2,8,0
13374,conv2d_17,"(0, 0, 32, 9)",6,10,10,10,10,10,2,8,0
13375,conv2d_17,"(1, 2, 3, 35)",4,10,10,10,10,10,7,3,0
13376,conv2d_17,"(2, 1, 55, 29)",19,10,10,10,10,10,0,10,0
13377,conv2d_17,"(1, 0, 1, 16)",12,10,10,10,10,10,2,8,0
13378,conv2d_17,"(0, 1, 37, 28)",7,10,10,10,10,10,1,9,0
13379,conv2d_17,"(0, 1, 33, 28)",31,10,10,10,10,10,0,10,0
13380,conv2d_17,"(2, 1, 53, 7)",8,10,10,10,10,10,5,5,0
13381,conv2d_17,"(1, 2, 16, 16)",28,10,10,10,10,10,1,9,0
13382,conv2d_17,"(2, 1, 53, 12)",3,10,10,10,10,10,7,3,0
13383,conv2d_17,"(2, 2, 35, 3)",23,10,10,10,10,10,1,9,0
13384,conv2d_17,"(0, 1, 33, 20)",14,10,10,10,10,10,0,10,0
13385,conv2d_17,"(1, 1, 46, 35)",26,10,10,10,10,10,0,10,0
13386,conv2d_17,"(2, 1, 27, 50)",5,10,10,10,10,10,2,8,0
13387,conv2d_17,"(0, 2, 11, 5)",2,10,10,10,10,10,7,3,0
13388,conv2d_17,"(0, 1, 26, 49)",31,10,10,10,10,10,0,10,0
13389,conv2d_17,"(2, 1, 61, 45)",29,10,10,10,10,10,0,10,0
13390,conv2d_17,"(1, 1, 51, 40)",26,10,10,10,10,10,0,10,0
13391,conv2d_17,"(2, 1, 48, 35)",31,10,10,10,10,10,2,8,0
13392,conv2d_17,"(1, 1, 50, 48)",5,10,10,10,10,10,0,10,0
13393,conv2d_17,"(2, 2, 38, 28)",6,10,10,10,10,10,0,10,0
13394,conv2d_17,"(0, 0, 35, 50)",10,10,10,10,10,10,1,9,0
13395,conv2d_17,"(0, 0, 18, 38)",27,10,10,10,10,10,0,10,0
13396,conv2d_17,"(0, 2, 45, 32)",8,10,10,10,10,10,0,10,0
13397,conv2d_17,"(2, 2, 36, 36)",8,10,10,10,10,10,0,10,0
13398,conv2d_17,"(1, 0, 39, 15)",0,10,10,10,10,10,10,0,0
13399,conv2d_17,"(2, 2, 36, 2)",12,10,10,10,10,10,0,10,0
13400,conv2d_17,"(0, 1, 5, 40)",6,10,10,10,10,10,8,2,0
13401,conv2d_17,"(1, 0, 54, 24)",18,10,10,10,10,10,0,10,0
13402,conv2d_17,"(1, 2, 7, 51)",5,10,10,10,10,10,4,6,0
13403,conv2d_17,"(1, 1, 61, 29)",13,10,10,10,10,10,0,10,0
13404,conv2d_17,"(0, 1, 4, 58)",29,10,10,10,10,10,0,10,0
13405,conv2d_17,"(0, 0, 32, 27)",3,10,10,10,10,10,5,5,0
13406,conv2d_17,"(0, 2, 45, 63)",21,10,10,10,10,10,0,10,0
13407,conv2d_17,"(1, 1, 27, 7)",23,10,10,10,10,10,4,6,0
13408,conv2d_17,"(1, 1, 26, 14)",2,10,10,10,10,10,5,5,0
13409,conv2d_17,"(0, 2, 38, 16)",9,10,10,10,10,10,2,8,0
13410,conv2d_17,"(2, 1, 42, 5)",0,10,10,10,10,10,10,0,0
13411,conv2d_17,"(0, 2, 12, 24)",6,10,10,10,10,10,1,9,0
13412,conv2d_17,"(2, 1, 43, 46)",23,10,10,10,10,10,1,9,0
13413,conv2d_17,"(0, 2, 34, 22)",28,10,10,10,10,10,0,10,0
13414,conv2d_17,"(1, 1, 55, 14)",20,10,10,10,10,10,1,9,0
13415,conv2d_17,"(0, 0, 48, 27)",5,10,10,10,10,10,7,3,0
13416,conv2d_17,"(0, 0, 60, 13)",8,10,10,10,10,10,1,9,0
13417,conv2d_17,"(0, 2, 31, 5)",22,10,10,10,10,10,1,9,0
13418,conv2d_17,"(1, 0, 25, 25)",18,10,10,10,10,10,1,9,0
13419,conv2d_17,"(1, 2, 15, 34)",9,10,10,10,10,10,0,10,0
13420,conv2d_17,"(1, 0, 53, 9)",19,10,10,10,10,10,2,8,0
13421,conv2d_17,"(0, 1, 8, 15)",26,10,10,10,10,10,1,9,0
13422,conv2d_17,"(1, 0, 22, 63)",7,10,10,10,10,10,4,6,0
13423,conv2d_17,"(1, 0, 30, 63)",11,10,10,10,10,10,0,10,0
13424,conv2d_17,"(0, 2, 47, 15)",16,10,10,10,10,10,0,10,0
13425,conv2d_17,"(0, 1, 5, 44)",20,10,10,10,10,10,0,10,0
13426,conv2d_17,"(0, 0, 59, 50)",12,10,10,10,10,10,0,10,0
13427,conv2d_17,"(0, 0, 19, 13)",4,10,10,10,10,10,3,7,0
13428,conv2d_17,"(0, 1, 39, 23)",24,10,10,10,10,10,0,10,0
13429,conv2d_17,"(0, 2, 49, 48)",7,10,10,10,10,10,1,9,0
13430,conv2d_17,"(0, 0, 48, 25)",21,10,10,10,10,10,1,9,0
13431,conv2d_17,"(1, 0, 35, 29)",24,10,10,10,10,10,0,10,0
13432,conv2d_17,"(1, 1, 9, 0)",7,10,10,10,10,10,2,8,0
13433,conv2d_17,"(1, 2, 1, 16)",17,10,10,10,10,10,0,10,0
13434,conv2d_17,"(1, 1, 32, 36)",14,10,10,10,10,10,1,9,0
13435,conv2d_17,"(0, 0, 54, 25)",30,10,0,3,0,3,0,0,10
13436,conv2d_17,"(0, 2, 13, 37)",12,10,10,10,10,10,0,10,0
13437,conv2d_17,"(0, 2, 30, 47)",15,10,10,10,10,10,0,10,0
13438,conv2d_17,"(0, 1, 35, 54)",22,10,10,10,10,10,4,6,0
13439,conv2d_17,"(2, 0, 3, 14)",28,10,10,10,10,10,1,9,0
13440,conv2d_17,"(1, 2, 49, 44)",9,10,10,10,10,10,0,10,0
13441,conv2d_17,"(1, 2, 41, 43)",15,10,10,10,10,10,0,10,0
13442,conv2d_17,"(0, 0, 48, 54)",12,10,10,10,10,10,4,6,0
13443,conv2d_17,"(2, 0, 62, 43)",21,10,10,10,10,10,0,10,0
13444,conv2d_17,"(0, 0, 61, 0)",3,10,10,10,10,10,3,7,0
13445,conv2d_17,"(2, 1, 16, 61)",20,10,10,10,10,10,0,10,0
13446,conv2d_17,"(1, 1, 31, 49)",25,10,10,10,10,10,0,10,0
13447,conv2d_17,"(0, 0, 24, 56)",25,10,10,10,10,10,0,10,0
13448,conv2d_17,"(0, 0, 50, 22)",29,10,10,10,10,10,1,9,0
13449,conv2d_17,"(1, 0, 39, 42)",7,10,10,10,10,10,6,4,0
13450,conv2d_17,"(0, 1, 23, 10)",12,10,10,10,10,10,1,9,0
13451,conv2d_17,"(2, 0, 24, 45)",16,10,10,10,10,10,0,10,0
13452,conv2d_17,"(0, 2, 56, 20)",9,10,10,10,10,10,1,9,0
13453,conv2d_17,"(1, 1, 44, 15)",24,10,10,10,10,10,0,10,0
13454,conv2d_17,"(0, 0, 37, 1)",29,10,10,10,10,10,2,8,0
13455,conv2d_17,"(1, 1, 39, 36)",1,10,10,10,10,10,6,4,0
13456,conv2d_17,"(2, 0, 35, 49)",13,10,10,10,10,10,0,10,0
13457,conv2d_17,"(1, 2, 43, 30)",10,10,10,10,10,10,0,10,0
13458,conv2d_17,"(2, 1, 34, 19)",8,10,10,10,10,10,0,10,0
13459,conv2d_17,"(0, 1, 41, 29)",19,10,10,10,10,10,0,10,0
13460,conv2d_17,"(2, 0, 31, 27)",24,10,10,10,10,10,1,9,0
13461,conv2d_17,"(2, 0, 50, 3)",27,10,10,10,10,10,0,10,0
13462,conv2d_17,"(0, 2, 18, 25)",7,10,10,10,10,10,3,7,0
13463,conv2d_17,"(1, 2, 37, 17)",30,10,2,4,2,4,0,2,8
13464,conv2d_17,"(1, 1, 45, 35)",26,10,10,10,10,10,2,8,0
13465,conv2d_17,"(2, 0, 24, 1)",26,10,10,10,10,10,2,8,0
13466,conv2d_17,"(2, 0, 46, 49)",30,10,0,4,0,4,0,0,10
13467,conv2d_17,"(2, 0, 14, 39)",26,10,10,10,10,10,0,10,0
13468,conv2d_17,"(1, 2, 41, 37)",8,10,10,10,10,10,0,10,0
13469,conv2d_17,"(0, 2, 63, 58)",22,10,10,10,10,10,2,8,0
13470,conv2d_17,"(2, 2, 15, 10)",16,10,10,10,10,10,1,9,0
13471,conv2d_17,"(1, 1, 29, 14)",19,10,10,10,10,10,0,10,0
13472,conv2d_17,"(0, 2, 60, 57)",6,10,10,10,10,10,8,2,0
13473,conv2d_17,"(1, 0, 36, 15)",7,10,10,10,10,10,0,10,0
13474,conv2d_17,"(2, 0, 57, 32)",11,10,10,10,10,10,1,9,0
13475,conv2d_17,"(2, 2, 11, 25)",24,10,10,10,10,10,1,9,0
13476,conv2d_17,"(2, 0, 60, 14)",22,10,10,10,10,10,0,10,0
13477,conv2d_17,"(2, 1, 33, 17)",10,10,10,10,10,10,1,9,0
13478,conv2d_17,"(2, 2, 15, 56)",1,10,10,10,10,10,10,0,0
13479,conv2d_17,"(1, 2, 46, 33)",5,10,10,10,10,10,2,8,0
13480,conv2d_17,"(0, 0, 47, 22)",6,10,10,10,10,10,2,8,0
13481,conv2d_17,"(2, 1, 39, 61)",28,10,10,10,10,10,0,10,0
13482,conv2d_17,"(2, 2, 54, 47)",14,10,10,10,10,10,0,10,0
13483,conv2d_17,"(0, 2, 43, 50)",13,10,10,10,10,10,0,10,0
13484,conv2d_17,"(1, 1, 3, 60)",2,10,10,10,10,10,10,0,0
13485,conv2d_17,"(1, 0, 24, 20)",10,10,10,10,10,10,1,9,0
13486,conv2d_17,"(1, 2, 2, 46)",11,10,10,10,10,10,2,8,0
13487,conv2d_17,"(0, 0, 17, 14)",23,10,10,10,10,10,0,10,0
13488,conv2d_17,"(2, 2, 30, 15)",28,10,10,10,10,10,0,10,0
13489,conv2d_17,"(2, 2, 10, 42)",27,10,10,10,10,10,1,9,0
13490,conv2d_17,"(1, 0, 33, 23)",16,10,10,10,10,10,1,9,0
13491,conv2d_17,"(1, 2, 46, 4)",29,10,10,10,10,10,1,9,0
13492,conv2d_17,"(1, 2, 29, 22)",4,10,10,10,10,10,5,5,0
13493,conv2d_17,"(0, 0, 45, 40)",9,10,10,10,10,10,1,9,0
13494,conv2d_17,"(0, 0, 61, 56)",23,10,10,10,10,10,4,6,0
13495,conv2d_17,"(2, 1, 45, 36)",20,10,10,10,10,10,1,9,0
13496,conv2d_17,"(0, 0, 17, 36)",20,10,10,10,10,10,0,10,0
13497,conv2d_17,"(0, 2, 57, 37)",7,10,10,10,10,10,5,5,0
13498,conv2d_17,"(1, 0, 51, 23)",15,10,10,10,10,10,2,8,0
13499,conv2d_17,"(1, 0, 30, 46)",27,10,10,10,10,10,2,8,0
13500,conv2d_17,"(0, 0, 18, 27)",0,10,10,10,10,10,10,0,0
13501,conv2d_17,"(0, 2, 56, 9)",22,10,10,10,10,10,1,9,0
13502,conv2d_17,"(1, 0, 61, 45)",8,10,10,10,10,10,0,10,0
13503,conv2d_17,"(1, 1, 15, 47)",8,10,10,10,10,10,0,10,0
13504,conv2d_17,"(2, 1, 44, 9)",30,10,3,7,3,7,0,3,7
13505,conv2d_17,"(0, 1, 48, 34)",18,10,10,10,10,10,1,9,0
13506,conv2d_17,"(0, 2, 6, 62)",1,10,10,10,10,10,5,5,0
13507,conv2d_17,"(1, 0, 52, 27)",27,10,10,10,10,10,2,8,0
13508,conv2d_17,"(1, 2, 16, 6)",29,10,10,10,10,10,0,10,0
13509,conv2d_17,"(1, 2, 58, 14)",16,10,10,10,10,10,1,9,0
13510,conv2d_17,"(0, 0, 42, 2)",26,10,10,10,10,10,0,10,0
13511,conv2d_17,"(0, 0, 41, 42)",30,10,0,2,0,2,0,0,10
13512,conv2d_17,"(1, 0, 15, 49)",29,10,10,10,10,10,0,10,0
13513,conv2d_17,"(0, 0, 53, 34)",15,10,10,10,10,10,4,6,0
13514,conv2d_17,"(0, 1, 11, 37)",11,10,10,10,10,10,0,10,0
13515,conv2d_17,"(0, 1, 3, 57)",5,10,10,10,10,10,3,7,0
13516,conv2d_17,"(2, 2, 11, 61)",17,10,10,10,10,10,1,9,0
13517,conv2d_17,"(1, 0, 33, 56)",1,10,10,10,10,10,10,0,0
13518,conv2d_17,"(1, 1, 6, 61)",16,10,10,10,10,10,2,8,0
13519,conv2d_17,"(2, 0, 60, 6)",11,10,10,10,10,10,0,10,0
13520,conv2d_17,"(1, 1, 29, 41)",6,10,10,10,10,10,5,5,0
13521,conv2d_17,"(1, 2, 41, 12)",21,10,10,10,10,10,1,9,0
13522,conv2d_17,"(2, 0, 33, 23)",8,10,10,10,10,10,1,9,0
13523,conv2d_17,"(0, 0, 23, 56)",23,10,10,10,10,10,1,9,0
13524,conv2d_17,"(0, 0, 14, 8)",14,10,10,10,10,10,0,10,0
13525,conv2d_17,"(0, 0, 24, 44)",27,10,10,10,10,10,0,10,0
13526,conv2d_17,"(1, 0, 15, 41)",9,10,10,10,10,10,1,9,0
13527,conv2d_17,"(1, 0, 33, 26)",27,10,10,10,10,10,0,10,0
13528,conv2d_17,"(0, 2, 61, 3)",13,10,10,10,10,10,2,8,0
13529,conv2d_17,"(1, 1, 49, 62)",0,10,10,10,10,10,10,0,0
13530,conv2d_17,"(0, 1, 49, 7)",3,10,10,10,10,10,8,2,0
13531,conv2d_17,"(2, 1, 7, 43)",18,10,10,10,10,10,0,10,0
13532,conv2d_17,"(0, 0, 45, 3)",14,10,10,10,10,10,1,9,0
13533,conv2d_17,"(0, 2, 35, 22)",6,10,10,10,10,10,1,9,0
13534,conv2d_17,"(0, 1, 35, 37)",1,10,10,10,10,10,7,3,0
13535,conv2d_17,"(2, 2, 25, 34)",12,10,10,10,10,10,3,7,0
13536,conv2d_17,"(0, 1, 28, 41)",12,10,10,10,10,10,2,8,0
13537,conv2d_17,"(1, 0, 37, 18)",22,10,10,10,10,10,0,10,0
13538,conv2d_17,"(0, 1, 20, 45)",5,10,10,10,10,10,1,9,0
13539,conv2d_17,"(1, 0, 31, 8)",18,10,10,10,10,10,2,8,0
13540,conv2d_17,"(1, 2, 17, 13)",8,10,10,10,10,10,1,9,0
13541,conv2d_17,"(2, 2, 47, 49)",14,10,10,10,10,10,0,10,0
13542,conv2d_17,"(1, 0, 22, 41)",13,10,10,10,10,10,1,9,0
13543,conv2d_17,"(1, 0, 41, 52)",26,10,10,10,10,10,0,10,0
13544,conv2d_17,"(1, 2, 41, 34)",17,10,10,10,10,10,2,8,0
13545,conv2d_17,"(2, 0, 6, 56)",5,10,10,10,10,10,3,7,0
13546,conv2d_17,"(2, 2, 62, 47)",27,10,10,10,10,10,0,10,0
13547,conv2d_17,"(0, 2, 13, 42)",15,10,10,10,10,10,1,9,0
13548,conv2d_17,"(2, 2, 32, 32)",16,10,10,10,10,10,0,10,0
13549,conv2d_17,"(1, 2, 0, 27)",19,10,10,10,10,10,1,9,0
13550,conv2d_17,"(2, 1, 58, 42)",16,10,10,10,10,10,2,8,0
13551,conv2d_17,"(0, 0, 21, 7)",30,10,1,5,1,5,0,1,9
13552,conv2d_17,"(1, 2, 14, 60)",24,10,10,10,10,10,0,10,0
13553,conv2d_17,"(2, 2, 4, 42)",9,10,10,10,10,10,3,7,0
13554,conv2d_17,"(0, 0, 1, 54)",15,10,10,10,10,10,4,6,0
13555,conv2d_17,"(2, 0, 52, 56)",2,10,10,10,10,10,8,2,0
13556,conv2d_17,"(2, 2, 12, 9)",14,10,10,10,10,10,1,9,0
13557,conv2d_17,"(0, 0, 7, 60)",2,10,10,10,10,10,2,8,0
13558,conv2d_17,"(0, 2, 58, 36)",17,10,10,10,10,10,1,9,0
13559,conv2d_17,"(1, 1, 32, 35)",14,10,10,10,10,10,3,7,0
13560,conv2d_17,"(1, 1, 44, 17)",8,10,10,10,10,10,2,8,0
13561,conv2d_17,"(2, 2, 8, 11)",21,10,10,10,10,10,0,10,0
13562,conv2d_17,"(0, 2, 11, 9)",17,10,10,10,10,10,1,9,0
13563,conv2d_17,"(1, 1, 16, 46)",8,10,10,10,10,10,2,8,0
13564,conv2d_17,"(1, 1, 52, 9)",5,10,10,10,10,10,8,2,0
13565,conv2d_17,"(0, 2, 55, 38)",0,10,10,10,10,10,9,1,0
13566,conv2d_17,"(2, 2, 0, 0)",30,10,1,8,1,8,0,1,9
13567,conv2d_17,"(2, 0, 38, 53)",19,10,10,10,10,10,1,9,0
13568,conv2d_17,"(1, 0, 58, 30)",10,10,10,10,10,10,3,7,0
13569,conv2d_17,"(1, 1, 47, 22)",12,10,10,10,10,10,1,9,0
13570,conv2d_17,"(2, 0, 35, 10)",22,10,10,10,10,10,1,9,0
13571,conv2d_17,"(2, 0, 9, 36)",31,10,10,10,10,10,0,10,0
13572,conv2d_17,"(1, 1, 18, 25)",4,10,10,10,10,10,9,1,0
13573,conv2d_17,"(1, 1, 30, 5)",28,10,10,10,10,10,0,10,0
13574,conv2d_17,"(0, 0, 11, 31)",10,10,10,10,10,10,10,0,0
13575,conv2d_17,"(1, 2, 24, 40)",20,10,10,10,10,10,0,10,0
13576,conv2d_17,"(1, 2, 26, 28)",20,10,10,10,10,10,0,10,0
13577,conv2d_17,"(2, 0, 44, 14)",18,10,10,10,10,10,0,10,0
13578,conv2d_17,"(2, 0, 5, 35)",31,10,10,10,10,10,1,9,0
13579,conv2d_17,"(1, 0, 55, 33)",14,10,10,10,10,10,1,9,0
13580,conv2d_17,"(0, 2, 10, 58)",9,10,10,10,10,10,1,9,0
13581,conv2d_17,"(1, 1, 6, 12)",2,10,10,10,10,10,7,3,0
13582,conv2d_17,"(1, 2, 46, 41)",29,10,10,10,10,10,1,9,0
13583,conv2d_17,"(0, 1, 32, 5)",14,10,10,10,10,10,1,9,0
13584,conv2d_17,"(1, 2, 59, 56)",26,10,10,10,10,10,0,10,0
13585,conv2d_17,"(0, 1, 31, 61)",17,10,10,10,10,10,0,10,0
13586,conv2d_17,"(0, 1, 48, 50)",0,10,10,10,10,10,7,3,0
13587,conv2d_17,"(0, 1, 60, 22)",8,10,10,10,10,10,0,10,0
13588,conv2d_17,"(1, 1, 3, 26)",7,10,10,10,10,10,0,10,0
13589,conv2d_17,"(1, 2, 14, 19)",27,10,10,10,10,10,0,10,0
13590,conv2d_17,"(2, 1, 49, 23)",11,10,10,10,10,10,2,8,0
13591,conv2d_17,"(1, 0, 29, 61)",3,10,10,10,10,10,3,7,0
13592,conv2d_17,"(1, 2, 21, 33)",20,10,10,10,10,10,0,10,0
13593,conv2d_17,"(1, 0, 37, 37)",25,10,10,10,10,10,0,10,0
13594,conv2d_17,"(0, 0, 30, 42)",4,10,10,10,10,10,8,2,0
13595,conv2d_17,"(2, 0, 24, 29)",17,10,10,10,10,10,0,10,0
13596,conv2d_17,"(0, 1, 16, 38)",20,10,10,10,10,10,0,10,0
13597,conv2d_17,"(2, 2, 38, 26)",22,10,10,10,10,10,0,10,0
13598,conv2d_17,"(1, 2, 32, 53)",0,10,10,10,10,10,10,0,0
13599,conv2d_17,"(1, 0, 39, 36)",16,10,10,10,10,10,2,8,0
13600,conv2d_17,"(2, 2, 39, 3)",18,10,10,10,10,10,0,10,0
13601,conv2d_17,"(0, 0, 51, 12)",27,10,10,10,10,10,1,9,0
13602,conv2d_17,"(0, 1, 36, 49)",3,10,10,10,10,10,6,4,0
13603,conv2d_17,"(0, 0, 7, 6)",28,10,10,10,10,10,0,10,0
13604,conv2d_17,"(1, 1, 32, 2)",8,10,10,10,10,10,1,9,0
13605,conv2d_17,"(2, 0, 16, 14)",27,10,10,10,10,10,0,10,0
13606,conv2d_17,"(1, 2, 2, 50)",1,10,10,10,10,10,7,3,0
13607,conv2d_17,"(2, 0, 53, 41)",8,10,10,10,10,10,2,8,0
13608,conv2d_17,"(0, 2, 63, 12)",0,10,10,10,10,10,10,0,0
13609,conv2d_17,"(1, 0, 18, 56)",3,10,10,10,10,10,6,4,0
13610,conv2d_17,"(0, 0, 42, 61)",28,10,10,10,10,10,0,10,0
13611,conv2d_17,"(0, 1, 18, 59)",27,10,10,10,10,10,0,10,0
13612,conv2d_17,"(0, 1, 56, 50)",20,10,10,10,10,10,2,8,0
13613,conv2d_17,"(0, 2, 7, 55)",20,10,10,10,10,10,0,10,0
13614,conv2d_17,"(2, 1, 5, 4)",20,10,10,10,10,10,3,7,0
13615,conv2d_17,"(2, 1, 8, 34)",24,10,10,10,10,10,1,9,0
13616,conv2d_17,"(1, 1, 8, 44)",10,10,10,10,10,10,1,9,0
13617,conv2d_17,"(1, 0, 18, 14)",20,10,10,10,10,10,0,10,0
13618,conv2d_17,"(0, 1, 51, 18)",7,10,10,10,10,10,1,9,0
13619,conv2d_17,"(0, 2, 60, 53)",27,10,10,10,10,10,0,10,0
13620,conv2d_17,"(0, 0, 60, 30)",4,10,10,10,10,10,5,5,0
13621,conv2d_17,"(2, 2, 32, 55)",20,10,10,10,10,10,1,9,0
13622,conv2d_17,"(0, 0, 59, 33)",14,10,10,10,10,10,1,9,0
13623,conv2d_17,"(2, 0, 41, 17)",26,10,10,10,10,10,1,9,0
13624,conv2d_17,"(2, 0, 32, 26)",14,10,10,10,10,10,0,10,0
13625,conv2d_17,"(1, 2, 4, 2)",15,10,10,10,10,10,0,10,0
13626,conv2d_17,"(1, 2, 18, 49)",25,10,10,10,10,10,0,10,0
13627,conv2d_17,"(0, 2, 42, 14)",15,10,10,10,10,10,1,9,0
13628,conv2d_17,"(2, 0, 43, 0)",31,10,10,10,10,10,0,10,0
13629,conv2d_17,"(1, 0, 21, 48)",17,10,10,10,10,10,0,10,0
13630,conv2d_17,"(0, 0, 48, 54)",4,10,10,10,10,10,7,3,0
13631,conv2d_17,"(2, 2, 55, 4)",4,10,10,10,10,10,3,7,0
13632,conv2d_17,"(1, 0, 8, 44)",12,10,10,10,10,10,1,9,0
13633,conv2d_17,"(1, 0, 55, 19)",27,10,10,10,10,10,3,7,0
13634,conv2d_17,"(1, 1, 14, 49)",1,10,10,10,10,10,9,1,0
13635,conv2d_17,"(2, 1, 9, 9)",23,10,10,10,10,10,1,9,0
13636,conv2d_17,"(1, 1, 29, 7)",12,10,10,10,10,10,3,7,0
13637,conv2d_17,"(0, 1, 9, 49)",4,10,10,10,10,10,7,3,0
13638,conv2d_17,"(2, 2, 21, 36)",24,10,10,10,10,10,1,9,0
13639,conv2d_17,"(0, 1, 10, 12)",4,10,10,10,10,10,4,6,0
13640,conv2d_17,"(0, 0, 20, 41)",5,10,10,10,10,10,2,8,0
13641,conv2d_17,"(2, 1, 27, 30)",13,10,10,10,10,10,0,10,0
13642,conv2d_17,"(2, 1, 5, 2)",2,10,10,10,10,10,9,1,0
13643,conv2d_17,"(2, 2, 20, 30)",28,10,10,10,10,10,0,10,0
13644,conv2d_17,"(0, 1, 59, 45)",29,10,10,10,10,10,0,10,0
13645,conv2d_17,"(2, 2, 55, 47)",18,10,10,10,10,10,0,10,0
13646,conv2d_17,"(2, 2, 2, 13)",19,10,10,10,10,10,0,10,0
13647,conv2d_17,"(0, 1, 17, 47)",8,10,10,10,10,10,1,9,0
13648,conv2d_17,"(2, 0, 34, 43)",12,10,10,10,10,10,0,10,0
13649,conv2d_17,"(1, 2, 49, 63)",19,10,10,10,10,10,0,10,0
13650,conv2d_17,"(0, 0, 24, 10)",16,10,10,10,10,10,1,9,0
13651,conv2d_17,"(0, 2, 46, 40)",8,10,10,10,10,10,0,10,0
13652,conv2d_17,"(1, 2, 41, 47)",16,10,10,10,10,10,0,10,0
13653,conv2d_17,"(2, 1, 21, 16)",4,10,10,10,10,10,4,6,0
13654,conv2d_17,"(0, 1, 11, 33)",12,10,10,10,10,10,0,10,0
13655,conv2d_17,"(1, 2, 44, 18)",27,10,10,10,10,10,0,10,0
13656,conv2d_17,"(0, 2, 30, 13)",12,10,10,10,10,10,0,10,0
13657,conv2d_17,"(1, 1, 1, 27)",6,10,10,10,10,10,3,7,0
13658,conv2d_17,"(0, 0, 13, 29)",15,10,10,10,10,10,0,10,0
13659,conv2d_17,"(0, 2, 17, 63)",26,10,10,10,10,10,0,10,0
13660,conv2d_17,"(2, 0, 6, 60)",7,10,10,10,10,10,0,10,0
13661,conv2d_17,"(2, 2, 47, 27)",11,10,10,10,10,10,2,8,0
13662,conv2d_17,"(0, 0, 9, 19)",6,10,10,10,10,10,3,7,0
13663,conv2d_17,"(2, 2, 27, 3)",3,10,10,10,10,10,5,5,0
13664,conv2d_17,"(0, 0, 27, 61)",2,10,10,10,10,10,7,3,0
13665,conv2d_17,"(2, 2, 24, 8)",5,10,10,10,10,10,0,10,0
13666,conv2d_17,"(0, 0, 2, 54)",9,10,10,10,10,10,3,7,0
13667,conv2d_17,"(2, 0, 15, 52)",17,10,10,10,10,10,0,10,0
13668,conv2d_17,"(1, 2, 26, 30)",26,10,10,10,10,10,0,10,0
13669,conv2d_17,"(1, 2, 31, 22)",0,10,10,10,10,10,10,0,0
13670,conv2d_17,"(1, 2, 57, 46)",27,10,10,10,10,10,1,9,0
13671,conv2d_17,"(1, 2, 58, 4)",31,10,10,10,10,10,2,8,0
13672,conv2d_17,"(1, 1, 22, 6)",26,10,10,10,10,10,0,10,0
13673,conv2d_17,"(0, 0, 34, 33)",22,10,10,10,10,10,1,9,0
13674,conv2d_17,"(2, 1, 34, 48)",1,10,10,10,10,10,10,0,0
13675,conv2d_17,"(0, 0, 60, 23)",2,10,10,10,10,10,10,0,0
13676,conv2d_17,"(1, 0, 47, 62)",9,10,10,10,10,10,0,10,0
13677,conv2d_17,"(0, 1, 4, 33)",29,10,10,10,10,10,0,10,0
13678,conv2d_17,"(1, 0, 26, 49)",6,10,10,10,10,10,2,8,0
13679,conv2d_17,"(1, 2, 50, 42)",24,10,10,10,10,10,0,10,0
13680,conv2d_17,"(1, 0, 13, 53)",15,10,10,10,10,10,0,10,0
13681,conv2d_17,"(1, 1, 32, 34)",20,10,10,10,10,10,1,9,0
13682,conv2d_17,"(1, 2, 53, 30)",12,10,10,10,10,10,0,10,0
13683,conv2d_17,"(0, 0, 53, 22)",16,10,10,10,10,10,2,8,0
13684,conv2d_17,"(0, 2, 56, 44)",4,10,10,10,10,10,2,8,0
13685,conv2d_17,"(1, 2, 60, 9)",24,10,10,10,10,10,0,10,0
13686,conv2d_17,"(2, 1, 11, 52)",19,10,10,10,10,10,0,10,0
13687,conv2d_17,"(1, 2, 49, 54)",17,10,10,10,10,10,4,6,0
13688,conv2d_17,"(1, 0, 44, 7)",3,10,10,10,10,10,7,3,0
13689,conv2d_17,"(1, 0, 5, 61)",6,10,10,10,10,10,3,7,0
13690,conv2d_17,"(0, 0, 1, 32)",13,10,10,10,10,10,1,9,0
13691,conv2d_17,"(0, 1, 53, 43)",22,10,10,10,10,10,0,10,0
13692,conv2d_17,"(0, 0, 45, 42)",23,10,10,10,10,10,1,9,0
13693,conv2d_17,"(1, 0, 38, 2)",27,10,10,10,10,10,0,10,0
13694,conv2d_17,"(2, 2, 34, 2)",18,10,10,10,10,10,1,9,0
13695,conv2d_17,"(2, 0, 8, 50)",31,10,10,10,10,10,2,8,0
13696,conv2d_17,"(1, 2, 41, 36)",20,10,10,10,10,10,0,10,0
13697,conv2d_17,"(2, 0, 51, 56)",27,10,10,10,10,10,1,9,0
13698,conv2d_17,"(2, 2, 55, 27)",0,10,10,10,10,10,5,5,0
13699,conv2d_17,"(0, 2, 60, 4)",3,10,10,10,10,10,5,5,0
13700,conv2d_17,"(1, 2, 54, 28)",2,10,10,10,10,10,1,9,0
13701,conv2d_17,"(1, 1, 59, 59)",28,10,10,10,10,10,0,10,0
13702,conv2d_17,"(0, 1, 27, 32)",0,10,10,10,10,10,10,0,0
13703,conv2d_17,"(1, 1, 6, 58)",21,10,10,10,10,10,0,10,0
13704,conv2d_17,"(2, 2, 14, 3)",12,10,10,10,10,10,2,8,0
13705,conv2d_17,"(1, 0, 24, 26)",5,10,10,10,10,10,2,8,0
13706,conv2d_17,"(2, 1, 17, 60)",18,10,10,10,10,10,0,10,0
13707,conv2d_17,"(0, 2, 28, 54)",22,10,10,10,10,10,2,8,0
13708,conv2d_17,"(0, 0, 32, 30)",25,10,10,10,10,10,0,10,0
13709,conv2d_17,"(0, 1, 6, 15)",20,10,10,10,10,10,0,10,0
13710,conv2d_17,"(0, 0, 48, 19)",13,10,10,10,10,10,3,7,0
13711,conv2d_17,"(1, 2, 5, 10)",21,10,10,10,10,10,3,7,0
13712,conv2d_17,"(2, 2, 60, 60)",18,10,10,10,10,10,0,10,0
13713,conv2d_17,"(0, 1, 18, 53)",18,10,10,10,10,10,0,10,0
13714,conv2d_17,"(2, 2, 2, 17)",5,10,10,10,10,10,4,6,0
13715,conv2d_17,"(1, 2, 53, 11)",11,10,10,10,10,10,1,9,0
13716,conv2d_17,"(1, 0, 21, 60)",19,10,10,10,10,10,0,10,0
13717,conv2d_17,"(2, 2, 10, 5)",5,10,10,10,10,10,2,8,0
13718,conv2d_17,"(2, 1, 56, 36)",16,10,10,10,10,10,0,10,0
13719,conv2d_17,"(2, 2, 9, 13)",8,10,10,10,10,10,1,9,0
13720,conv2d_17,"(2, 1, 10, 59)",6,10,10,10,10,10,2,8,0
13721,conv2d_17,"(2, 1, 14, 24)",10,10,10,10,10,10,0,10,0
13722,conv2d_17,"(1, 2, 59, 17)",14,10,10,10,10,10,0,10,0
13723,conv2d_17,"(2, 1, 26, 34)",27,10,10,10,10,10,0,10,0
13724,conv2d_17,"(1, 2, 47, 29)",6,10,10,10,10,10,1,9,0
13725,conv2d_17,"(1, 1, 25, 51)",30,10,1,5,1,5,0,1,9
13726,conv2d_17,"(1, 1, 59, 29)",29,10,10,10,10,10,0,10,0
13727,conv2d_17,"(2, 1, 39, 14)",11,10,10,10,10,10,0,10,0
13728,conv2d_17,"(2, 2, 33, 57)",29,10,10,10,10,10,1,9,0
13729,conv2d_17,"(2, 2, 15, 25)",1,10,10,10,10,10,10,0,0
13730,conv2d_17,"(0, 0, 9, 56)",12,10,10,10,10,10,1,9,0
13731,conv2d_17,"(2, 0, 56, 54)",9,10,10,10,10,10,6,4,0
13732,conv2d_17,"(1, 1, 42, 13)",10,10,10,10,10,10,1,9,0
13733,conv2d_17,"(0, 2, 56, 28)",28,10,10,10,10,10,0,10,0
13734,conv2d_17,"(1, 2, 2, 57)",6,10,10,10,10,10,0,10,0
13735,conv2d_17,"(2, 2, 43, 32)",26,10,10,10,10,10,0,10,0
13736,conv2d_17,"(1, 1, 27, 10)",12,10,10,10,10,10,0,10,0
13737,conv2d_17,"(1, 2, 31, 19)",2,10,10,10,10,10,4,6,0
13738,conv2d_17,"(0, 2, 31, 51)",29,10,10,10,10,10,0,10,0
13739,conv2d_17,"(1, 1, 41, 57)",18,10,10,10,10,10,0,10,0
13740,conv2d_17,"(1, 0, 1, 4)",4,10,10,10,10,10,5,5,0
13741,conv2d_17,"(2, 2, 62, 0)",21,10,10,10,10,10,0,10,0
13742,conv2d_17,"(2, 0, 52, 58)",4,10,10,10,10,10,6,4,0
13743,conv2d_17,"(2, 1, 53, 51)",28,10,10,10,10,10,1,9,0
13744,conv2d_17,"(1, 2, 23, 26)",12,10,10,10,10,10,0,10,0
13745,conv2d_17,"(2, 1, 4, 49)",2,10,10,10,10,10,10,0,0
13746,conv2d_17,"(0, 1, 23, 62)",15,10,10,10,10,10,2,8,0
13747,conv2d_17,"(0, 0, 9, 31)",12,10,10,10,10,10,10,0,0
13748,conv2d_17,"(1, 0, 16, 51)",12,10,10,10,10,10,1,9,0
13749,conv2d_17,"(2, 0, 42, 10)",24,10,10,10,10,10,0,10,0
13750,conv2d_17,"(1, 1, 50, 33)",16,10,10,10,10,10,0,10,0
13751,conv2d_17,"(2, 0, 52, 41)",11,10,10,10,10,10,2,8,0
13752,conv2d_17,"(0, 1, 42, 18)",19,10,10,10,10,10,0,10,0
13753,conv2d_17,"(2, 2, 59, 48)",18,10,10,10,10,10,0,10,0
13754,conv2d_17,"(2, 1, 47, 1)",16,10,10,10,10,10,2,8,0
13755,conv2d_17,"(0, 0, 36, 61)",1,10,10,10,10,10,8,2,0
13756,conv2d_17,"(0, 1, 19, 16)",14,10,10,10,10,10,0,10,0
13757,conv2d_17,"(1, 0, 12, 57)",18,10,10,10,10,10,1,9,0
13758,conv2d_17,"(0, 0, 7, 24)",29,10,10,10,10,10,0,10,0
13759,conv2d_17,"(2, 0, 34, 22)",18,10,10,10,10,10,2,8,0
13760,conv2d_17,"(2, 1, 51, 4)",20,10,10,10,10,10,1,9,0
13761,conv2d_17,"(2, 2, 28, 62)",21,10,10,10,10,10,0,10,0
13762,conv2d_17,"(1, 0, 59, 29)",11,10,10,10,10,10,0,10,0
13763,conv2d_17,"(1, 0, 1, 19)",5,10,10,10,10,10,3,7,0
13764,conv2d_17,"(1, 1, 6, 40)",0,10,10,10,10,10,10,0,0
13765,conv2d_17,"(0, 1, 23, 22)",31,10,10,10,10,10,1,9,0
13766,conv2d_17,"(0, 2, 29, 4)",5,10,10,10,10,10,4,6,0
13767,conv2d_17,"(1, 2, 24, 30)",1,10,10,10,10,10,10,0,0
13768,conv2d_17,"(2, 1, 49, 7)",0,10,10,10,10,10,10,0,0
13769,conv2d_17,"(0, 2, 35, 52)",14,10,10,10,10,10,0,10,0
13770,conv2d_17,"(1, 0, 41, 46)",28,10,10,10,10,10,1,9,0
13771,conv2d_17,"(0, 0, 22, 24)",8,10,10,10,10,10,0,10,0
13772,conv2d_17,"(1, 2, 38, 16)",7,10,10,10,10,10,1,9,0
13773,conv2d_17,"(2, 1, 5, 28)",6,10,10,10,10,10,3,7,0
13774,conv2d_17,"(1, 2, 47, 0)",31,10,10,10,10,10,0,10,0
13775,conv2d_17,"(0, 2, 35, 7)",12,10,10,10,10,10,2,8,0
13776,conv2d_17,"(0, 1, 32, 52)",17,10,10,10,10,10,0,10,0
13777,conv2d_17,"(0, 0, 47, 12)",8,10,10,10,10,10,1,9,0
13778,conv2d_17,"(1, 0, 21, 23)",14,10,10,10,10,10,0,10,0
13779,conv2d_17,"(0, 0, 47, 21)",1,10,10,10,10,10,10,0,0
13780,conv2d_17,"(0, 0, 31, 16)",10,10,10,10,10,10,1,9,0
13781,conv2d_17,"(2, 2, 27, 15)",8,10,10,10,10,10,1,9,0
13782,conv2d_17,"(1, 0, 15, 40)",31,10,10,10,10,10,2,8,0
13783,conv2d_17,"(0, 0, 40, 29)",8,10,10,10,10,10,0,10,0
13784,conv2d_17,"(2, 0, 34, 12)",25,10,10,10,10,10,1,9,0
13785,conv2d_17,"(2, 0, 6, 11)",21,10,10,10,10,10,0,10,0
13786,conv2d_17,"(0, 0, 18, 28)",21,10,10,10,10,10,0,10,0
13787,conv2d_17,"(2, 0, 38, 61)",5,10,10,10,10,10,1,9,0
13788,conv2d_17,"(2, 1, 31, 37)",7,10,10,10,10,10,3,7,0
13789,conv2d_17,"(2, 2, 15, 38)",29,10,10,10,10,10,0,10,0
13790,conv2d_17,"(1, 0, 62, 11)",1,10,10,10,10,10,10,0,0
13791,conv2d_17,"(0, 1, 13, 13)",17,10,10,10,10,10,0,10,0
13792,conv2d_17,"(1, 2, 14, 26)",28,10,10,10,10,10,0,10,0
13793,conv2d_17,"(2, 1, 10, 6)",7,10,10,10,10,10,3,7,0
13794,conv2d_17,"(2, 2, 38, 0)",8,10,10,10,10,10,0,10,0
13795,conv2d_17,"(1, 2, 52, 3)",22,10,10,10,10,10,3,7,0
13796,conv2d_17,"(2, 2, 18, 48)",1,10,10,10,10,10,4,6,0
13797,conv2d_17,"(2, 0, 24, 3)",31,10,10,10,10,10,0,10,0
13798,conv2d_17,"(1, 0, 55, 24)",13,10,10,10,10,10,0,10,0
13799,conv2d_17,"(1, 2, 16, 58)",8,10,10,10,10,10,0,10,0
13800,conv2d_17,"(1, 1, 40, 6)",26,10,10,10,10,10,0,10,0
13801,conv2d_17,"(1, 1, 12, 59)",4,10,10,10,10,10,0,10,0
13802,conv2d_17,"(2, 1, 59, 18)",17,10,10,10,10,10,0,10,0
13803,conv2d_17,"(0, 0, 12, 2)",22,10,10,10,10,10,0,10,0
13804,conv2d_17,"(1, 0, 16, 57)",15,10,10,10,10,10,1,9,0
13805,conv2d_17,"(2, 2, 39, 21)",29,10,10,10,10,10,0,10,0
13806,conv2d_17,"(2, 0, 58, 5)",1,10,10,10,10,10,10,0,0
13807,conv2d_17,"(2, 2, 54, 50)",30,10,0,5,0,5,0,0,10
13808,conv2d_17,"(2, 0, 14, 55)",3,10,10,10,10,10,4,6,0
13809,conv2d_17,"(2, 2, 18, 17)",22,10,10,10,10,10,1,9,0
13810,conv2d_17,"(1, 0, 5, 36)",9,10,10,10,10,10,3,7,0
13811,conv2d_17,"(1, 1, 11, 51)",16,10,10,10,10,10,0,10,0
13812,conv2d_17,"(0, 1, 7, 40)",27,10,10,10,10,10,0,10,0
13813,conv2d_17,"(1, 2, 21, 16)",16,10,10,10,10,10,1,9,0
13814,conv2d_17,"(1, 0, 2, 14)",18,10,10,10,10,10,0,10,0
13815,conv2d_17,"(2, 1, 23, 42)",4,10,10,10,10,10,8,2,0
13816,conv2d_17,"(0, 1, 60, 36)",27,10,10,10,10,10,0,10,0
13817,conv2d_17,"(2, 0, 59, 38)",30,10,2,6,2,6,0,2,8
13818,conv2d_17,"(0, 1, 15, 18)",6,10,10,10,10,10,3,7,0
13819,conv2d_17,"(0, 1, 31, 40)",22,10,10,10,10,10,0,10,0
13820,conv2d_17,"(2, 1, 24, 28)",13,10,10,10,10,10,0,10,0
13821,conv2d_17,"(1, 2, 17, 2)",29,10,10,10,10,10,1,9,0
13822,conv2d_17,"(0, 0, 26, 25)",11,10,10,10,10,10,1,9,0
13823,conv2d_17,"(2, 0, 43, 6)",2,10,10,10,10,10,4,6,0
13824,conv2d_17,"(1, 1, 51, 46)",0,10,10,10,10,10,10,0,0
13825,conv2d_17,"(1, 0, 33, 24)",21,10,10,10,10,10,0,10,0
13826,conv2d_17,"(1, 2, 55, 45)",23,10,10,10,10,10,0,10,0
13827,conv2d_17,"(2, 1, 60, 10)",15,10,10,10,10,10,0,10,0
13828,conv2d_17,"(1, 1, 4, 44)",19,10,10,10,10,10,0,10,0
13829,conv2d_17,"(2, 1, 2, 17)",17,10,10,10,10,10,0,10,0
13830,conv2d_17,"(1, 2, 46, 40)",5,10,10,10,10,10,4,6,0
13831,conv2d_17,"(0, 0, 26, 23)",28,10,10,10,10,10,0,10,0
13832,conv2d_17,"(1, 0, 37, 36)",11,10,10,10,10,10,0,10,0
13833,conv2d_17,"(2, 2, 18, 30)",21,10,10,10,10,10,0,10,0
13834,conv2d_17,"(0, 1, 37, 58)",26,10,10,10,10,10,0,10,0
13835,conv2d_17,"(1, 2, 0, 28)",20,10,10,10,10,10,0,10,0
13836,conv2d_17,"(2, 1, 2, 43)",28,10,10,10,10,10,0,10,0
13837,conv2d_17,"(0, 1, 36, 48)",12,10,10,10,10,10,0,10,0
13838,conv2d_17,"(0, 2, 8, 21)",21,10,10,10,10,10,0,10,0
13839,conv2d_17,"(0, 0, 44, 20)",6,10,10,10,10,10,0,10,0
13840,conv2d_17,"(1, 0, 36, 15)",15,10,10,10,10,10,0,10,0
13841,conv2d_17,"(1, 1, 10, 13)",23,10,10,10,10,10,0,10,0
13842,conv2d_17,"(0, 2, 49, 47)",27,10,10,10,10,10,0,10,0
13843,conv2d_17,"(0, 2, 0, 28)",18,10,10,10,10,10,0,10,0
13844,conv2d_17,"(1, 2, 25, 24)",2,10,10,10,10,10,3,7,0
13845,conv2d_17,"(1, 1, 44, 10)",0,10,10,10,10,10,9,1,0
13846,conv2d_17,"(1, 2, 46, 58)",25,10,10,10,10,10,1,9,0
13847,conv2d_17,"(1, 1, 11, 36)",28,10,10,10,10,10,0,10,0
13848,conv2d_17,"(2, 0, 43, 26)",12,10,10,10,10,10,0,10,0
13849,conv2d_17,"(1, 1, 19, 49)",29,10,10,10,10,10,0,10,0
13850,conv2d_17,"(2, 1, 12, 33)",7,10,10,10,10,10,0,10,0
13851,conv2d_17,"(1, 2, 46, 54)",25,10,10,10,10,10,2,8,0
13852,conv2d_17,"(1, 1, 59, 40)",0,10,10,10,10,10,9,1,0
13853,conv2d_17,"(0, 1, 27, 50)",22,10,10,10,10,10,1,9,0
13854,conv2d_17,"(0, 1, 50, 43)",7,10,10,10,10,10,2,8,0
13855,conv2d_17,"(1, 2, 7, 10)",26,10,10,10,10,10,0,10,0
13856,conv2d_17,"(2, 0, 49, 58)",11,10,10,10,10,10,0,10,0
13857,conv2d_17,"(0, 0, 52, 35)",19,10,10,10,10,10,2,8,0
13858,conv2d_17,"(1, 2, 25, 36)",11,10,10,10,10,10,0,10,0
13859,conv2d_17,"(1, 1, 10, 40)",11,10,10,10,10,10,0,10,0
13860,conv2d_17,"(2, 1, 63, 26)",28,10,10,10,10,10,3,7,0
13861,conv2d_17,"(0, 1, 37, 57)",13,10,10,10,10,10,0,10,0
13862,conv2d_17,"(1, 2, 31, 28)",3,10,10,10,10,10,5,5,0
13863,conv2d_17,"(1, 2, 6, 14)",27,10,10,10,10,10,0,10,0
13864,conv2d_17,"(2, 0, 49, 61)",23,10,10,10,10,10,2,8,0
13865,conv2d_17,"(2, 1, 36, 27)",2,10,10,10,10,10,6,4,0
13866,conv2d_17,"(2, 2, 42, 26)",6,10,10,10,10,10,1,9,0
13867,conv2d_17,"(1, 2, 46, 54)",3,10,10,10,10,10,7,3,0
13868,conv2d_17,"(2, 1, 13, 50)",24,10,10,10,10,10,1,9,0
13869,conv2d_17,"(1, 0, 63, 38)",23,10,10,10,10,10,2,8,0
13870,conv2d_17,"(1, 1, 50, 57)",1,10,10,10,10,10,6,4,0
13871,conv2d_17,"(0, 2, 48, 26)",10,10,10,10,10,10,1,9,0
13872,conv2d_17,"(2, 1, 16, 36)",25,10,10,10,10,10,1,9,0
13873,conv2d_17,"(1, 0, 18, 22)",9,10,10,10,10,10,2,8,0
13874,conv2d_17,"(0, 1, 58, 11)",24,10,10,10,10,10,0,10,0
13875,conv2d_17,"(1, 1, 55, 43)",14,10,10,10,10,10,0,10,0
13876,conv2d_17,"(2, 0, 48, 7)",31,10,10,10,10,10,2,8,0
13877,conv2d_17,"(2, 1, 63, 20)",10,10,10,10,10,10,4,6,0
13878,conv2d_17,"(1, 2, 52, 24)",28,10,10,10,10,10,1,9,0
13879,conv2d_17,"(1, 1, 9, 52)",27,10,10,10,10,10,0,10,0
13880,conv2d_17,"(2, 2, 45, 52)",30,10,1,8,1,8,0,1,9
13881,conv2d_17,"(1, 0, 53, 15)",10,10,10,10,10,10,1,9,0
13882,conv2d_17,"(0, 2, 50, 20)",8,10,10,10,10,10,0,10,0
13883,conv2d_17,"(2, 2, 32, 25)",16,10,10,10,10,10,1,9,0
13884,conv2d_17,"(0, 1, 57, 43)",16,10,10,10,10,10,1,9,0
13885,conv2d_17,"(1, 1, 58, 11)",11,10,10,10,10,10,1,9,0
13886,conv2d_17,"(1, 2, 12, 54)",4,10,10,10,10,10,7,3,0
13887,conv2d_17,"(2, 1, 43, 3)",4,10,10,10,10,10,3,7,0
13888,conv2d_17,"(2, 2, 26, 31)",1,10,10,10,10,10,10,0,0
13889,conv2d_17,"(0, 2, 1, 62)",15,10,10,10,10,10,0,10,0
13890,conv2d_17,"(1, 1, 44, 14)",30,10,5,8,5,8,0,5,5
13891,conv2d_17,"(0, 0, 43, 1)",2,10,10,10,10,10,3,7,0
13892,conv2d_17,"(2, 2, 11, 42)",12,10,10,10,10,10,0,10,0
13893,conv2d_17,"(1, 2, 7, 49)",25,10,10,10,10,10,0,10,0
13894,conv2d_17,"(2, 2, 39, 23)",23,10,10,10,10,10,0,10,0
13895,conv2d_17,"(0, 0, 11, 53)",12,10,10,10,10,10,0,10,0
13896,conv2d_17,"(1, 2, 56, 1)",24,10,10,10,10,10,2,8,0
13897,conv2d_17,"(1, 0, 3, 27)",18,10,10,10,10,10,3,7,0
13898,conv2d_17,"(1, 0, 12, 34)",25,10,10,10,10,10,0,10,0
13899,conv2d_17,"(0, 0, 12, 51)",25,10,10,10,10,10,0,10,0
13900,conv2d_17,"(1, 2, 41, 25)",22,10,10,10,10,10,1,9,0
13901,conv2d_17,"(0, 2, 53, 24)",0,10,10,10,10,10,8,2,0
13902,conv2d_17,"(2, 2, 2, 37)",0,10,10,10,10,10,8,2,0
13903,conv2d_17,"(1, 2, 61, 40)",31,10,10,10,10,10,0,10,0
13904,conv2d_17,"(2, 0, 32, 46)",10,10,10,10,10,10,1,9,0
13905,conv2d_17,"(2, 1, 31, 38)",4,10,10,10,10,10,0,10,0
13906,conv2d_17,"(1, 2, 18, 27)",14,10,10,10,10,10,2,8,0
13907,conv2d_17,"(1, 2, 36, 43)",17,10,10,10,10,10,0,10,0
13908,conv2d_17,"(1, 2, 2, 43)",28,10,10,10,10,10,0,10,0
13909,conv2d_17,"(0, 2, 7, 25)",20,10,10,10,10,10,0,10,0
13910,conv2d_17,"(0, 1, 50, 16)",22,10,10,10,10,10,0,10,0
13911,conv2d_17,"(1, 1, 21, 56)",25,10,10,10,10,10,0,10,0
13912,conv2d_17,"(1, 0, 29, 54)",3,10,10,10,10,10,6,4,0
13913,conv2d_17,"(0, 2, 14, 45)",5,10,10,10,10,10,5,5,0
13914,conv2d_17,"(1, 2, 25, 52)",27,10,10,10,10,10,0,10,0
13915,conv2d_17,"(1, 0, 11, 29)",12,10,10,10,10,10,0,10,0
13916,conv2d_17,"(1, 2, 45, 25)",15,10,10,10,10,10,1,9,0
13917,conv2d_17,"(1, 0, 42, 50)",3,10,10,10,10,10,8,2,0
13918,conv2d_17,"(2, 0, 42, 14)",15,10,10,10,10,10,1,9,0
13919,conv2d_17,"(0, 1, 26, 34)",9,10,10,10,10,10,2,8,0
13920,conv2d_17,"(2, 1, 25, 22)",25,10,10,10,10,10,0,10,0
13921,conv2d_17,"(0, 1, 15, 23)",12,10,10,10,10,10,0,10,0
13922,conv2d_17,"(1, 0, 47, 30)",11,10,10,10,10,10,1,9,0
13923,conv2d_17,"(1, 1, 41, 2)",8,10,10,10,10,10,0,10,0
13924,conv2d_17,"(2, 2, 28, 8)",27,10,10,10,10,10,0,10,0
13925,conv2d_17,"(2, 0, 48, 0)",28,10,10,10,10,10,0,10,0
13926,conv2d_17,"(0, 0, 57, 17)",16,10,10,10,10,10,0,10,0
13927,conv2d_17,"(1, 2, 51, 47)",20,10,10,10,10,10,0,10,0
13928,conv2d_17,"(2, 0, 15, 29)",30,10,0,4,0,4,0,0,10
13929,conv2d_17,"(1, 0, 7, 50)",0,10,10,10,10,10,10,0,0
13930,conv2d_17,"(2, 2, 5, 49)",27,10,10,10,10,10,0,10,0
13931,conv2d_17,"(1, 0, 39, 59)",20,10,10,10,10,10,0,10,0
13932,conv2d_17,"(1, 2, 35, 28)",31,10,10,10,10,10,0,10,0
13933,conv2d_17,"(2, 2, 52, 9)",7,10,10,10,10,10,6,4,0
13934,conv2d_17,"(0, 0, 54, 46)",24,10,10,10,10,10,2,8,0
13935,conv2d_17,"(2, 0, 52, 2)",1,10,10,10,10,10,10,0,0
13936,conv2d_17,"(2, 0, 31, 10)",13,10,10,10,10,10,0,10,0
13937,conv2d_17,"(0, 0, 23, 8)",14,10,10,10,10,10,1,9,0
13938,conv2d_17,"(0, 1, 63, 51)",18,10,10,10,10,10,2,8,0
13939,conv2d_17,"(0, 2, 29, 56)",5,10,10,10,10,10,4,6,0
13940,conv2d_17,"(0, 1, 5, 52)",1,10,10,10,10,10,10,0,0
13941,conv2d_17,"(0, 0, 34, 26)",25,10,10,10,10,10,0,10,0
13942,conv2d_17,"(2, 2, 43, 18)",0,10,10,10,10,10,10,0,0
13943,conv2d_17,"(1, 2, 17, 35)",21,10,10,10,10,10,0,10,0
13944,conv2d_17,"(2, 1, 9, 12)",14,10,10,10,10,10,2,8,0
13945,conv2d_17,"(0, 1, 9, 20)",15,10,10,10,10,10,1,9,0
13946,conv2d_17,"(2, 1, 63, 48)",28,10,10,10,10,10,1,9,0
13947,conv2d_17,"(2, 2, 24, 29)",16,10,10,10,10,10,0,10,0
13948,conv2d_17,"(1, 1, 48, 49)",25,10,10,10,10,10,0,10,0
13949,conv2d_17,"(0, 0, 26, 16)",31,10,10,10,10,10,1,9,0
13950,conv2d_17,"(0, 0, 60, 26)",28,10,10,10,10,10,0,10,0
13951,conv2d_17,"(1, 1, 37, 63)",14,10,10,10,10,10,0,10,0
13952,conv2d_17,"(2, 2, 2, 43)",10,10,10,10,10,10,0,10,0
13953,conv2d_17,"(0, 1, 57, 47)",17,10,10,10,10,10,0,10,0
13954,conv2d_17,"(1, 0, 44, 43)",15,10,10,10,10,10,0,10,0
13955,conv2d_17,"(2, 1, 61, 47)",11,10,10,10,10,10,0,10,0
13956,conv2d_17,"(2, 1, 6, 12)",14,10,10,10,10,10,3,7,0
13957,conv2d_17,"(1, 2, 44, 5)",29,10,10,10,10,10,1,9,0
13958,conv2d_17,"(0, 0, 29, 33)",27,10,10,10,10,10,0,10,0
13959,conv2d_17,"(2, 1, 3, 6)",23,10,10,10,10,10,0,10,0
13960,conv2d_17,"(2, 2, 29, 28)",23,10,10,10,10,10,0,10,0
13961,conv2d_17,"(1, 0, 57, 48)",1,10,10,10,10,10,10,0,0
13962,conv2d_17,"(1, 0, 23, 32)",15,10,10,10,10,10,0,10,0
13963,conv2d_17,"(1, 2, 42, 52)",19,10,10,10,10,10,0,10,0
13964,conv2d_17,"(2, 2, 27, 25)",0,10,10,10,10,10,10,0,0
13965,conv2d_17,"(1, 0, 27, 46)",16,10,10,10,10,10,1,9,0
13966,conv2d_17,"(2, 1, 10, 56)",31,10,10,10,10,10,1,9,0
13967,conv2d_17,"(1, 2, 32, 5)",3,10,10,10,10,10,4,6,0
13968,conv2d_17,"(1, 1, 39, 44)",8,10,10,10,10,10,0,10,0
13969,conv2d_17,"(2, 0, 47, 21)",16,10,10,10,10,10,0,10,0
13970,conv2d_17,"(2, 0, 36, 13)",28,10,10,10,10,10,1,9,0
13971,conv2d_17,"(2, 0, 41, 33)",6,10,10,10,10,10,1,9,0
13972,conv2d_17,"(2, 0, 12, 25)",22,10,10,10,10,10,1,9,0
13973,conv2d_17,"(2, 1, 49, 61)",16,10,10,10,10,10,2,8,0
13974,conv2d_17,"(2, 1, 8, 48)",5,10,10,10,10,10,1,9,0
13975,conv2d_17,"(2, 1, 41, 49)",4,10,10,10,10,10,4,6,0
13976,conv2d_17,"(2, 1, 13, 33)",28,10,10,10,10,10,0,10,0
13977,conv2d_17,"(0, 1, 15, 39)",25,10,10,10,10,10,0,10,0
13978,conv2d_17,"(0, 1, 24, 52)",11,10,10,10,10,10,0,10,0
13979,conv2d_17,"(0, 0, 54, 35)",11,10,10,10,10,10,1,9,0
13980,conv2d_17,"(2, 2, 63, 43)",26,10,10,10,10,10,2,8,0
13981,conv2d_17,"(1, 1, 29, 43)",24,10,10,10,10,10,0,10,0
13982,conv2d_17,"(1, 0, 50, 53)",27,10,10,10,10,10,0,10,0
13983,conv2d_17,"(0, 0, 28, 3)",7,10,10,10,10,10,3,7,0
13984,conv2d_17,"(1, 2, 35, 21)",27,10,10,10,10,10,0,10,0
13985,conv2d_17,"(1, 1, 45, 10)",19,10,10,10,10,10,0,10,0
13986,conv2d_17,"(2, 2, 12, 33)",22,10,10,10,10,10,0,10,0
13987,conv2d_17,"(2, 0, 52, 8)",10,10,10,10,10,10,3,7,0
13988,conv2d_17,"(0, 2, 53, 61)",3,10,10,10,10,10,6,4,0
13989,conv2d_17,"(1, 0, 28, 18)",1,10,10,10,10,10,10,0,0
13990,conv2d_17,"(0, 0, 53, 47)",12,10,10,10,10,10,1,9,0
13991,conv2d_17,"(1, 1, 2, 28)",15,10,10,10,10,10,0,10,0
13992,conv2d_17,"(0, 0, 62, 19)",17,10,10,10,10,10,1,9,0
13993,conv2d_17,"(1, 2, 62, 24)",6,10,10,10,10,10,1,9,0
13994,conv2d_17,"(0, 1, 54, 13)",24,10,10,10,10,10,2,8,0
13995,conv2d_17,"(2, 1, 8, 57)",4,10,10,10,10,10,9,1,0
13996,conv2d_17,"(2, 1, 34, 15)",28,10,10,10,10,10,0,10,0
13997,conv2d_17,"(1, 0, 15, 59)",7,10,10,10,10,10,0,10,0
13998,conv2d_17,"(2, 0, 25, 40)",25,10,10,10,10,10,1,9,0
13999,conv2d_17,"(2, 1, 59, 18)",7,10,10,10,10,10,4,6,0
14000,conv2d_17,"(2, 0, 8, 11)",14,10,10,10,10,10,0,10,0
14001,conv2d_17,"(0, 0, 34, 35)",27,10,10,10,10,10,1,9,0
14002,conv2d_17,"(1, 2, 28, 5)",29,10,10,10,10,10,0,10,0
14003,conv2d_17,"(1, 2, 27, 36)",19,10,10,10,10,10,0,10,0
14004,conv2d_17,"(2, 1, 40, 7)",10,10,10,10,10,10,4,6,0
14005,conv2d_17,"(2, 1, 38, 0)",16,10,10,10,10,10,0,10,0
14006,conv2d_17,"(1, 1, 63, 22)",21,10,10,10,10,10,2,8,0
14007,conv2d_17,"(1, 0, 57, 55)",26,10,10,10,10,10,0,10,0
14008,conv2d_17,"(1, 1, 9, 52)",13,10,10,10,10,10,0,10,0
14009,conv2d_17,"(0, 0, 39, 16)",12,10,10,10,10,10,1,9,0
14010,conv2d_17,"(0, 0, 26, 62)",25,10,10,10,10,10,0,10,0
14011,conv2d_17,"(2, 0, 6, 38)",19,10,10,10,10,10,1,9,0
14012,conv2d_17,"(2, 2, 36, 39)",3,10,10,10,10,10,1,9,0
14013,conv2d_17,"(2, 1, 3, 18)",8,10,10,10,10,10,0,10,0
14014,conv2d_17,"(1, 2, 29, 59)",6,10,10,10,10,10,2,8,0
14015,conv2d_17,"(1, 1, 11, 16)",27,10,10,10,10,10,0,10,0
14016,conv2d_17,"(2, 2, 35, 32)",10,10,10,10,10,10,0,10,0
14017,conv2d_17,"(0, 0, 10, 55)",20,10,10,10,10,10,3,7,0
14018,conv2d_17,"(0, 0, 57, 18)",7,10,10,10,10,10,4,6,0
14019,conv2d_17,"(0, 1, 48, 6)",27,10,10,10,10,10,0,10,0
14020,conv2d_17,"(0, 2, 19, 47)",8,10,10,10,10,10,0,10,0
14021,conv2d_17,"(1, 0, 45, 19)",16,10,10,10,10,10,2,8,0
14022,conv2d_17,"(1, 1, 28, 37)",9,10,10,10,10,10,0,10,0
14023,conv2d_17,"(1, 1, 4, 19)",22,10,10,10,10,10,2,8,0
14024,conv2d_17,"(1, 2, 46, 33)",26,10,10,10,10,10,0,10,0
14025,conv2d_17,"(0, 1, 6, 63)",3,10,10,10,10,10,1,9,0
14026,conv2d_17,"(0, 0, 6, 56)",23,10,10,10,10,10,0,10,0
14027,conv2d_17,"(1, 0, 61, 46)",8,10,10,10,10,10,3,7,0
14028,conv2d_17,"(2, 1, 57, 43)",13,10,10,10,10,10,0,10,0
14029,conv2d_17,"(0, 1, 11, 58)",4,10,10,10,10,10,3,7,0
14030,conv2d_17,"(2, 0, 51, 44)",4,10,10,10,10,10,4,6,0
14031,conv2d_17,"(2, 2, 10, 60)",31,10,10,10,10,10,0,10,0
14032,conv2d_17,"(1, 2, 11, 42)",7,10,10,10,10,10,1,9,0
14033,conv2d_17,"(0, 2, 17, 54)",13,10,10,10,10,10,3,7,0
14034,conv2d_17,"(0, 2, 34, 59)",29,10,10,10,10,10,0,10,0
14035,conv2d_17,"(1, 0, 46, 8)",22,10,10,10,10,10,2,8,0
14036,conv2d_17,"(0, 0, 22, 51)",3,10,10,10,10,10,10,0,0
14037,conv2d_17,"(1, 2, 33, 2)",4,10,10,10,10,10,3,7,0
14038,conv2d_17,"(1, 2, 5, 37)",21,10,10,10,10,10,1,9,0
14039,conv2d_17,"(2, 0, 43, 55)",3,10,10,10,10,10,1,9,0
14040,conv2d_17,"(0, 2, 56, 24)",26,10,10,10,10,10,0,10,0
14041,conv2d_17,"(1, 0, 38, 8)",5,10,10,10,10,10,3,7,0
14042,conv2d_17,"(1, 2, 18, 6)",18,10,10,10,10,10,0,10,0
14043,conv2d_17,"(1, 2, 27, 22)",12,10,10,10,10,10,0,10,0
14044,conv2d_17,"(0, 0, 54, 57)",7,10,10,10,10,10,2,8,0
14045,conv2d_17,"(0, 0, 60, 35)",9,10,10,10,10,10,3,7,0
14046,conv2d_17,"(2, 1, 2, 50)",26,10,10,10,10,10,0,10,0
14047,conv2d_17,"(1, 1, 16, 20)",10,10,10,10,10,10,2,8,0
14048,conv2d_17,"(0, 0, 49, 29)",6,10,10,10,10,10,0,10,0
14049,conv2d_17,"(0, 0, 37, 29)",16,10,10,10,10,10,0,10,0
14050,conv2d_17,"(0, 0, 55, 63)",9,10,10,10,10,10,0,10,0
14051,conv2d_17,"(2, 0, 16, 50)",5,10,10,10,10,10,3,7,0
14052,conv2d_17,"(0, 2, 25, 2)",25,10,10,10,10,10,0,10,0
14053,conv2d_17,"(1, 2, 24, 42)",4,10,10,10,10,10,1,9,0
14054,conv2d_17,"(2, 0, 44, 24)",27,10,10,10,10,10,0,10,0
14055,conv2d_17,"(2, 1, 63, 31)",28,10,10,10,10,10,10,0,0
14056,conv2d_17,"(1, 2, 38, 18)",7,10,10,10,10,10,4,6,0
14057,conv2d_17,"(2, 0, 14, 63)",13,10,10,10,10,10,0,10,0
14058,conv2d_17,"(0, 0, 62, 15)",8,10,10,10,10,10,1,9,0
14059,conv2d_17,"(2, 0, 28, 20)",29,10,10,10,10,10,0,10,0
14060,conv2d_17,"(0, 0, 39, 40)",30,10,2,5,2,5,0,2,8
14061,conv2d_17,"(1, 1, 47, 6)",18,10,10,10,10,10,0,10,0
14062,conv2d_17,"(2, 1, 42, 3)",31,10,10,10,10,10,0,10,0
14063,conv2d_17,"(0, 0, 45, 41)",18,10,10,10,10,10,2,8,0
14064,conv2d_17,"(1, 2, 25, 14)",2,10,10,10,10,10,10,0,0
14065,conv2d_17,"(0, 2, 4, 61)",19,10,10,10,10,10,1,9,0
14066,conv2d_17,"(2, 0, 35, 15)",0,10,10,10,10,10,10,0,0
14067,conv2d_17,"(1, 2, 12, 60)",29,10,10,10,10,10,0,10,0
14068,conv2d_17,"(1, 2, 63, 53)",13,10,10,10,10,10,1,9,0
14069,conv2d_17,"(0, 1, 1, 48)",20,10,10,10,10,10,0,10,0
14070,conv2d_17,"(1, 2, 43, 38)",18,10,10,10,10,10,0,10,0
14071,conv2d_17,"(1, 0, 63, 17)",29,10,10,10,10,10,1,9,0
14072,conv2d_17,"(0, 0, 58, 27)",25,10,10,10,10,10,2,8,0
14073,conv2d_17,"(1, 0, 25, 44)",16,10,10,10,10,10,0,10,0
14074,conv2d_17,"(2, 1, 35, 39)",7,10,10,10,10,10,2,8,0
14075,conv2d_17,"(1, 2, 20, 20)",20,10,10,10,10,10,0,10,0
14076,conv2d_17,"(2, 2, 37, 9)",15,10,10,10,10,10,1,9,0
14077,conv2d_17,"(0, 0, 20, 53)",6,10,10,10,10,10,2,8,0
14078,conv2d_17,"(2, 2, 44, 18)",23,10,10,10,10,10,0,10,0
14079,conv2d_17,"(2, 0, 39, 30)",8,10,10,10,10,10,0,10,0
14080,conv2d_17,"(2, 2, 2, 62)",22,10,10,10,10,10,1,9,0
14081,conv2d_17,"(0, 1, 60, 30)",16,10,10,10,10,10,0,10,0
14082,conv2d_17,"(0, 1, 9, 4)",17,10,10,10,10,10,0,10,0
14083,conv2d_17,"(2, 0, 63, 50)",27,10,10,10,10,10,2,8,0
14084,conv2d_17,"(1, 2, 62, 28)",8,10,10,10,10,10,1,9,0
14085,conv2d_17,"(0, 0, 50, 33)",21,10,10,10,10,10,0,10,0
14086,conv2d_17,"(2, 0, 14, 31)",18,10,10,10,10,10,10,0,0
14087,conv2d_17,"(2, 1, 62, 38)",1,10,10,10,10,10,7,3,0
14088,conv2d_17,"(2, 2, 4, 41)",20,10,10,10,10,10,1,9,0
14089,conv2d_17,"(2, 1, 42, 13)",0,10,10,10,10,10,10,0,0
14090,conv2d_17,"(0, 1, 7, 52)",26,10,10,10,10,10,0,10,0
14091,conv2d_17,"(0, 1, 59, 20)",4,10,10,10,10,10,1,9,0
14092,conv2d_17,"(0, 0, 46, 2)",6,10,10,10,10,10,4,6,0
14093,conv2d_17,"(2, 2, 13, 62)",23,10,10,10,10,10,0,10,0
14094,conv2d_17,"(0, 2, 56, 31)",6,10,10,10,10,10,10,0,0
14095,conv2d_17,"(2, 1, 61, 59)",0,10,10,10,10,10,10,0,0
14096,conv2d_17,"(2, 1, 60, 39)",23,10,10,10,10,10,0,10,0
14097,conv2d_17,"(2, 2, 9, 27)",7,10,10,10,10,10,1,9,0
14098,conv2d_17,"(1, 2, 37, 46)",4,10,10,10,10,10,5,5,0
14099,conv2d_17,"(0, 2, 38, 53)",15,10,10,10,10,10,0,10,0
14100,conv2d_17,"(1, 1, 30, 16)",0,10,10,10,10,10,10,0,0
14101,conv2d_17,"(1, 0, 58, 5)",26,10,10,10,10,10,2,8,0
14102,conv2d_17,"(2, 1, 62, 17)",31,10,10,10,10,10,1,9,0
14103,conv2d_17,"(0, 2, 58, 12)",12,10,10,10,10,10,3,7,0
14104,conv2d_17,"(1, 2, 56, 6)",22,10,10,10,10,10,1,9,0
14105,conv2d_17,"(2, 0, 52, 60)",24,10,10,10,10,10,0,10,0
14106,conv2d_17,"(0, 2, 32, 40)",12,10,10,10,10,10,0,10,0
14107,conv2d_17,"(2, 2, 4, 0)",13,10,10,10,10,10,0,10,0
14108,conv2d_17,"(0, 1, 21, 20)",18,10,10,10,10,10,1,9,0
14109,conv2d_17,"(0, 1, 22, 51)",27,10,10,10,10,10,1,9,0
14110,conv2d_17,"(2, 2, 22, 62)",15,10,10,10,10,10,0,10,0
14111,conv2d_17,"(2, 2, 10, 53)",19,10,10,10,10,10,1,9,0
14112,conv2d_17,"(0, 2, 3, 10)",11,10,10,10,10,10,1,9,0
14113,conv2d_17,"(2, 2, 25, 51)",0,10,10,10,10,10,10,0,0
14114,conv2d_17,"(1, 2, 55, 22)",9,10,10,10,10,10,0,10,0
14115,conv2d_17,"(0, 1, 29, 6)",6,10,10,10,10,10,4,6,0
14116,conv2d_17,"(2, 1, 21, 20)",20,10,10,10,10,10,0,10,0
14117,conv2d_17,"(1, 0, 56, 10)",11,10,10,10,10,10,2,8,0
14118,conv2d_17,"(2, 0, 59, 44)",27,10,10,10,10,10,0,10,0
14119,conv2d_17,"(2, 0, 53, 29)",8,10,10,10,10,10,1,9,0
14120,conv2d_17,"(1, 2, 2, 28)",14,10,10,10,10,10,0,10,0
14121,conv2d_17,"(0, 1, 41, 19)",3,10,10,10,10,10,3,7,0
14122,conv2d_17,"(2, 0, 8, 5)",6,10,10,10,10,10,2,8,0
14123,conv2d_17,"(0, 1, 31, 23)",13,10,10,10,10,10,1,9,0
14124,conv2d_17,"(2, 0, 9, 7)",10,10,10,10,10,10,5,5,0
14125,conv2d_17,"(1, 2, 17, 11)",12,10,10,10,10,10,0,10,0
14126,conv2d_17,"(0, 0, 44, 53)",3,10,10,10,10,10,1,9,0
14127,conv2d_17,"(1, 2, 4, 9)",17,10,10,10,10,10,1,9,0
14128,conv2d_17,"(0, 2, 22, 42)",22,10,10,10,10,10,1,9,0
14129,conv2d_17,"(2, 2, 4, 6)",5,10,10,10,10,10,3,7,0
14130,conv2d_17,"(0, 1, 59, 8)",1,10,10,10,10,10,7,3,0
14131,conv2d_17,"(0, 2, 15, 47)",4,10,10,10,10,10,1,9,0
14132,conv2d_17,"(2, 2, 2, 41)",19,10,10,10,10,10,1,9,0
14133,conv2d_17,"(0, 2, 21, 13)",21,10,10,10,10,10,0,10,0
14134,conv2d_17,"(0, 0, 9, 7)",29,10,10,10,10,10,2,8,0
14135,conv2d_17,"(2, 0, 7, 42)",25,10,10,10,10,10,2,8,0
14136,conv2d_17,"(0, 2, 5, 59)",3,10,10,10,10,10,4,6,0
14137,conv2d_17,"(2, 0, 31, 62)",28,10,10,10,10,10,0,10,0
14138,conv2d_17,"(2, 0, 36, 12)",31,10,10,10,10,10,2,8,0
14139,conv2d_17,"(0, 1, 11, 13)",23,10,10,10,10,10,0,10,0
14140,conv2d_17,"(0, 1, 38, 14)",24,10,10,10,10,10,0,10,0
14141,conv2d_17,"(1, 1, 63, 15)",4,10,10,10,10,10,9,1,0
14142,conv2d_17,"(2, 0, 44, 5)",18,10,10,10,10,10,2,8,0
14143,conv2d_17,"(2, 0, 43, 30)",10,10,10,10,10,10,0,10,0
14144,conv2d_17,"(0, 1, 42, 59)",11,10,10,10,10,10,0,10,0
14145,conv2d_17,"(2, 2, 60, 38)",3,10,10,10,10,10,3,7,0
14146,conv2d_17,"(0, 2, 23, 45)",12,10,10,10,10,10,1,9,0
14147,conv2d_17,"(1, 0, 60, 39)",4,10,10,10,10,10,0,10,0
14148,conv2d_17,"(1, 2, 24, 61)",26,10,10,10,10,10,0,10,0
14149,conv2d_17,"(1, 0, 48, 24)",23,10,10,10,10,10,0,10,0
14150,conv2d_17,"(0, 2, 9, 42)",23,10,10,10,10,10,0,10,0
14151,conv2d_17,"(1, 0, 57, 44)",30,10,3,6,3,6,0,3,7
14152,conv2d_17,"(1, 1, 56, 2)",30,10,7,9,7,9,0,7,3
14153,conv2d_17,"(0, 1, 55, 54)",4,10,10,10,10,10,9,1,0
14154,conv2d_17,"(0, 0, 49, 7)",18,10,10,10,10,10,5,5,0
14155,conv2d_17,"(0, 0, 4, 22)",30,10,0,2,0,2,0,0,10
14156,conv2d_17,"(0, 2, 44, 26)",24,10,10,10,10,10,0,10,0
14157,conv2d_17,"(1, 2, 8, 18)",29,10,10,10,10,10,1,9,0
14158,conv2d_17,"(2, 1, 1, 2)",24,10,10,10,10,10,0,10,0
14159,conv2d_17,"(2, 0, 54, 14)",3,10,10,10,10,10,4,6,0
14160,conv2d_17,"(1, 2, 31, 40)",29,10,10,10,10,10,0,10,0
14161,conv2d_17,"(0, 2, 40, 41)",28,10,10,10,10,10,1,9,0
14162,conv2d_17,"(1, 1, 12, 38)",19,10,10,10,10,10,0,10,0
14163,conv2d_17,"(1, 1, 33, 30)",10,10,10,10,10,10,0,10,0
14164,conv2d_17,"(0, 1, 51, 51)",13,10,10,10,10,10,0,10,0
14165,conv2d_17,"(2, 2, 12, 44)",6,10,10,10,10,10,0,10,0
14166,conv2d_17,"(0, 1, 29, 29)",19,10,10,10,10,10,1,9,0
14167,conv2d_17,"(1, 0, 40, 10)",10,10,10,10,10,10,0,10,0
14168,conv2d_17,"(1, 2, 59, 59)",29,10,10,10,10,10,0,10,0
14169,conv2d_17,"(1, 2, 24, 11)",26,10,10,10,10,10,1,9,0
14170,conv2d_17,"(0, 0, 50, 15)",5,10,10,10,10,10,9,1,0
14171,conv2d_17,"(0, 0, 13, 26)",31,10,10,10,10,10,0,10,0
14172,conv2d_17,"(2, 1, 8, 56)",29,10,10,10,10,10,0,10,0
14173,conv2d_17,"(0, 2, 30, 21)",3,10,10,10,10,10,4,6,0
14174,conv2d_17,"(0, 1, 60, 57)",19,10,10,10,10,10,0,10,0
14175,conv2d_17,"(2, 2, 6, 6)",0,10,10,10,10,10,10,0,0
14176,conv2d_17,"(2, 1, 23, 53)",1,10,10,10,10,10,5,5,0
14177,conv2d_17,"(2, 1, 52, 34)",25,10,10,10,10,10,2,8,0
14178,conv2d_17,"(0, 1, 42, 0)",1,10,10,10,10,10,4,6,0
14179,conv2d_17,"(2, 1, 46, 23)",10,10,10,10,10,10,2,8,0
14180,conv2d_17,"(1, 2, 25, 58)",16,10,10,10,10,10,1,9,0
14181,conv2d_17,"(2, 0, 56, 3)",16,10,10,10,10,10,1,9,0
14182,conv2d_17,"(0, 1, 3, 14)",7,10,10,10,10,10,0,10,0
14183,conv2d_17,"(1, 1, 13, 52)",8,10,10,10,10,10,0,10,0
14184,conv2d_17,"(2, 2, 63, 24)",28,10,10,10,10,10,1,9,0
14185,conv2d_17,"(2, 0, 4, 29)",21,10,10,10,10,10,0,10,0
14186,conv2d_17,"(0, 0, 24, 28)",10,10,10,10,10,10,0,10,0
14187,conv2d_17,"(2, 1, 15, 42)",18,10,10,10,10,10,1,9,0
14188,conv2d_17,"(1, 2, 2, 57)",23,10,10,10,10,10,0,10,0
14189,conv2d_17,"(0, 0, 5, 40)",5,10,10,10,10,10,5,5,0
14190,conv2d_17,"(2, 1, 57, 31)",17,10,10,10,10,10,10,0,0
14191,conv2d_17,"(1, 1, 15, 62)",22,10,10,10,10,10,0,10,0
14192,conv2d_17,"(1, 0, 27, 6)",20,10,10,10,10,10,0,10,0
14193,conv2d_17,"(1, 1, 1, 3)",14,10,10,10,10,10,0,10,0
14194,conv2d_17,"(2, 0, 55, 19)",3,10,10,10,10,10,6,4,0
14195,conv2d_17,"(0, 0, 18, 10)",6,10,10,10,10,10,2,8,0
14196,conv2d_17,"(1, 0, 18, 40)",3,10,10,10,10,10,1,9,0
14197,conv2d_17,"(2, 1, 54, 61)",23,10,10,10,10,10,0,10,0
14198,conv2d_17,"(2, 1, 40, 63)",6,10,10,10,10,10,0,10,0
14199,conv2d_17,"(0, 1, 57, 55)",1,10,10,10,10,10,8,2,0
14200,conv2d_17,"(2, 1, 55, 3)",15,10,10,10,10,10,0,10,0
14201,conv2d_17,"(2, 1, 43, 54)",16,10,10,10,10,10,3,7,0
14202,conv2d_17,"(0, 2, 26, 18)",22,10,10,10,10,10,0,10,0
14203,conv2d_17,"(0, 2, 14, 13)",5,10,10,10,10,10,2,8,0
14204,conv2d_17,"(0, 0, 25, 63)",21,10,10,10,10,10,0,10,0
14205,conv2d_17,"(2, 0, 9, 58)",12,10,10,10,10,10,0,10,0
14206,conv2d_17,"(2, 0, 54, 52)",30,10,1,8,1,8,0,1,9
14207,conv2d_17,"(2, 2, 46, 52)",5,10,10,10,10,10,4,6,0
14208,conv2d_17,"(1, 0, 59, 30)",26,10,10,10,10,10,0,10,0
14209,conv2d_17,"(0, 0, 57, 8)",22,10,10,10,10,10,0,10,0
14210,conv2d_17,"(1, 1, 7, 43)",16,10,10,10,10,10,0,10,0
14211,conv2d_17,"(2, 1, 14, 25)",10,10,10,10,10,10,1,9,0
14212,conv2d_17,"(0, 2, 34, 53)",12,10,10,10,10,10,1,9,0
14213,conv2d_17,"(1, 0, 34, 34)",17,10,10,10,10,10,2,8,0
14214,conv2d_17,"(2, 2, 23, 7)",21,10,10,10,10,10,4,6,0
14215,conv2d_17,"(0, 2, 10, 40)",29,10,10,10,10,10,2,8,0
14216,conv2d_17,"(1, 1, 13, 57)",27,10,10,10,10,10,1,9,0
14217,conv2d_17,"(1, 1, 31, 48)",0,10,10,10,10,10,8,2,0
14218,conv2d_17,"(2, 1, 8, 24)",12,10,10,10,10,10,0,10,0
14219,conv2d_17,"(0, 1, 7, 20)",13,10,10,10,10,10,2,8,0
14220,conv2d_17,"(1, 0, 42, 50)",28,10,10,10,10,10,1,9,0
14221,conv2d_17,"(0, 0, 13, 0)",25,10,10,10,10,10,0,10,0
14222,conv2d_17,"(2, 0, 58, 22)",8,10,10,10,10,10,1,9,0
14223,conv2d_17,"(1, 0, 56, 33)",14,10,10,10,10,10,0,10,0
14224,conv2d_17,"(1, 2, 63, 39)",24,10,10,10,10,10,1,9,0
14225,conv2d_17,"(0, 0, 12, 5)",1,10,10,10,10,10,9,1,0
14226,conv2d_17,"(1, 1, 16, 54)",12,10,10,10,10,10,2,8,0
14227,conv2d_17,"(1, 1, 15, 10)",6,10,10,10,10,10,4,6,0
14228,conv2d_17,"(1, 0, 49, 17)",11,10,10,10,10,10,0,10,0
14229,conv2d_17,"(2, 0, 14, 58)",25,10,10,10,10,10,0,10,0
14230,conv2d_17,"(1, 1, 52, 33)",22,10,10,10,10,10,0,10,0
14231,conv2d_17,"(2, 1, 46, 53)",2,10,10,10,10,10,10,0,0
14232,conv2d_17,"(2, 2, 23, 36)",5,10,10,10,10,10,1,9,0
14233,conv2d_17,"(1, 1, 27, 7)",28,10,10,10,10,10,4,6,0
14234,conv2d_17,"(1, 1, 54, 24)",26,10,10,10,10,10,0,10,0
14235,conv2d_17,"(0, 0, 9, 63)",10,10,10,10,10,10,0,10,0
14236,conv2d_17,"(1, 2, 57, 38)",19,10,10,10,10,10,0,10,0
14237,conv2d_17,"(1, 1, 41, 9)",8,10,10,10,10,10,1,9,0
14238,conv2d_17,"(0, 2, 31, 15)",5,10,10,10,10,10,3,7,0
14239,conv2d_17,"(2, 0, 48, 31)",3,10,10,10,10,10,10,0,0
14240,conv2d_17,"(2, 1, 20, 21)",27,10,10,10,10,10,0,10,0
14241,conv2d_17,"(0, 0, 22, 62)",31,10,10,10,10,10,0,10,0
14242,conv2d_17,"(0, 1, 9, 10)",1,10,10,10,10,10,10,0,0
14243,conv2d_17,"(1, 1, 24, 29)",18,10,10,10,10,10,0,10,0
14244,conv2d_17,"(1, 2, 18, 36)",13,10,10,10,10,10,0,10,0
14245,conv2d_17,"(1, 1, 60, 54)",18,10,10,10,10,10,4,6,0
14246,conv2d_17,"(0, 1, 24, 62)",21,10,10,10,10,10,0,10,0
14247,conv2d_17,"(2, 1, 14, 57)",23,10,10,10,10,10,1,9,0
14248,conv2d_17,"(2, 1, 55, 34)",30,10,0,5,0,5,0,0,10
14249,conv2d_17,"(2, 1, 58, 20)",2,10,10,10,10,10,5,5,0
14250,conv2d_17,"(2, 0, 8, 33)",5,10,10,10,10,10,0,10,0
14251,conv2d_17,"(0, 1, 63, 61)",5,10,10,10,10,10,9,1,0
14252,conv2d_17,"(1, 1, 36, 49)",11,10,10,10,10,10,0,10,0
14253,conv2d_17,"(0, 0, 48, 24)",17,10,10,10,10,10,0,10,0
14254,conv2d_17,"(0, 1, 5, 63)",10,10,10,10,10,10,1,9,0
14255,conv2d_17,"(2, 2, 41, 47)",17,10,10,10,10,10,0,10,0
14256,conv2d_17,"(0, 0, 14, 60)",2,10,10,10,10,10,5,5,0
14257,conv2d_17,"(0, 1, 29, 56)",2,10,10,10,10,10,5,5,0
14258,conv2d_17,"(2, 0, 48, 5)",17,10,10,10,10,10,2,8,0
14259,conv2d_17,"(2, 2, 31, 18)",30,10,2,5,2,5,0,2,8
14260,conv2d_17,"(2, 1, 50, 56)",20,10,10,10,10,10,1,9,0
14261,conv2d_17,"(2, 2, 16, 25)",14,10,10,10,10,10,1,9,0
14262,conv2d_17,"(2, 1, 61, 12)",3,10,10,10,10,10,7,3,0
14263,conv2d_17,"(0, 2, 38, 46)",19,10,10,10,10,10,1,9,0
14264,conv2d_17,"(1, 1, 35, 23)",7,10,10,10,10,10,1,9,0
14265,conv2d_17,"(0, 2, 0, 8)",17,10,10,10,10,10,1,9,0
14266,conv2d_17,"(0, 2, 57, 51)",1,10,10,10,10,10,7,3,0
14267,conv2d_17,"(1, 2, 13, 54)",13,10,10,10,10,10,4,6,0
14268,conv2d_17,"(0, 2, 62, 33)",4,10,10,10,10,10,0,10,0
14269,conv2d_17,"(0, 1, 50, 3)",0,10,10,10,10,10,10,0,0
14270,conv2d_17,"(0, 2, 21, 56)",23,10,10,10,10,10,3,7,0
14271,conv2d_17,"(0, 1, 16, 4)",4,10,10,10,10,10,3,7,0
14272,conv2d_17,"(1, 0, 31, 51)",21,10,10,10,10,10,0,10,0
14273,conv2d_17,"(1, 2, 49, 36)",20,10,10,10,10,10,1,9,0
14274,conv2d_17,"(1, 1, 14, 2)",10,10,10,10,10,10,0,10,0
14275,conv2d_17,"(2, 0, 7, 39)",4,10,10,10,10,10,0,10,0
14276,conv2d_17,"(1, 0, 46, 58)",18,10,10,10,10,10,1,9,0
14277,conv2d_17,"(1, 2, 41, 30)",7,10,10,10,10,10,0,10,0
14278,conv2d_17,"(0, 1, 11, 36)",31,10,10,10,10,10,0,10,0
14279,conv2d_17,"(2, 1, 9, 3)",15,10,10,10,10,10,0,10,0
14280,conv2d_17,"(2, 0, 63, 24)",15,10,10,10,10,10,1,9,0
14281,conv2d_17,"(0, 0, 15, 21)",7,10,10,10,10,10,0,10,0
14282,conv2d_17,"(1, 2, 62, 10)",2,10,10,10,10,10,6,4,0
14283,conv2d_17,"(1, 0, 63, 7)",9,10,10,10,10,10,9,1,0
14284,conv2d_17,"(2, 2, 21, 49)",16,10,10,10,10,10,0,10,0
14285,conv2d_17,"(0, 2, 21, 27)",31,10,10,10,10,10,1,9,0
14286,conv2d_17,"(2, 2, 5, 49)",13,10,10,10,10,10,0,10,0
14287,conv2d_17,"(1, 0, 48, 40)",17,10,10,10,10,10,1,9,0
14288,conv2d_17,"(1, 1, 18, 35)",11,10,10,10,10,10,3,7,0
14289,conv2d_17,"(1, 1, 20, 17)",30,10,4,5,4,5,0,4,6
14290,conv2d_17,"(2, 0, 31, 19)",14,10,10,10,10,10,1,9,0
14291,conv2d_17,"(0, 2, 30, 39)",24,10,10,10,10,10,0,10,0
14292,conv2d_17,"(0, 0, 27, 5)",9,10,10,10,10,10,3,7,0
14293,conv2d_17,"(1, 0, 42, 57)",31,10,10,10,10,10,0,10,0
14294,conv2d_17,"(1, 2, 27, 45)",17,10,10,10,10,10,0,10,0
14295,conv2d_17,"(0, 0, 58, 9)",5,10,10,10,10,10,2,8,0
14296,conv2d_17,"(1, 2, 18, 10)",9,10,10,10,10,10,0,10,0
14297,conv2d_17,"(0, 2, 14, 35)",27,10,10,10,10,10,2,8,0
14298,conv2d_17,"(2, 1, 45, 28)",23,10,10,10,10,10,0,10,0
14299,conv2d_17,"(2, 2, 17, 20)",14,10,10,10,10,10,1,9,0
14300,conv2d_17,"(2, 0, 3, 19)",31,10,10,10,10,10,2,8,0
14301,conv2d_17,"(0, 2, 4, 33)",11,10,10,10,10,10,0,10,0
14302,conv2d_17,"(1, 1, 52, 29)",23,10,10,10,10,10,0,10,0
14303,conv2d_18,"(1, 1, 35, 10)",17,10,10,10,10,10,0,10,0
14304,conv2d_18,"(1, 2, 36, 39)",19,10,10,10,10,10,1,9,0
14305,conv2d_18,"(0, 1, 59, 18)",9,10,10,10,10,10,4,6,0
14306,conv2d_18,"(0, 0, 24, 54)",13,10,10,10,10,10,0,10,0
14307,conv2d_18,"(0, 1, 27, 32)",22,10,10,10,10,10,1,9,0
14308,conv2d_18,"(2, 2, 57, 47)",14,10,10,10,10,10,0,10,0
14309,conv2d_18,"(0, 0, 43, 63)",12,10,10,10,10,10,4,6,0
14310,conv2d_18,"(1, 1, 13, 9)",13,10,10,10,10,10,0,10,0
14311,conv2d_18,"(1, 1, 18, 14)",22,10,10,10,10,10,1,9,0
14312,conv2d_18,"(1, 1, 48, 48)",28,10,10,10,10,10,0,10,0
14313,conv2d_18,"(1, 0, 45, 4)",30,10,3,4,3,4,0,3,7
14314,conv2d_18,"(2, 2, 46, 11)",5,10,10,10,10,10,7,3,0
14315,conv2d_18,"(0, 0, 29, 28)",23,10,10,10,10,10,0,10,0
14316,conv2d_18,"(2, 2, 21, 50)",23,10,10,10,10,10,0,10,0
14317,conv2d_18,"(0, 0, 2, 43)",21,10,10,10,10,10,1,9,0
14318,conv2d_18,"(0, 2, 14, 39)",15,10,10,10,10,10,2,8,0
14319,conv2d_18,"(0, 0, 10, 33)",28,10,10,10,10,10,2,8,0
14320,conv2d_18,"(0, 2, 17, 24)",8,10,10,10,10,10,10,0,0
14321,conv2d_18,"(0, 1, 4, 16)",14,10,10,10,10,10,3,7,0
14322,conv2d_18,"(2, 1, 16, 22)",2,10,10,10,10,10,10,0,0
14323,conv2d_18,"(2, 2, 50, 50)",26,10,10,10,10,10,0,10,0
14324,conv2d_18,"(0, 1, 29, 53)",1,10,10,10,10,10,10,0,0
14325,conv2d_18,"(2, 2, 36, 52)",26,10,10,10,10,10,1,9,0
14326,conv2d_18,"(1, 1, 57, 29)",6,10,10,10,10,10,9,1,0
14327,conv2d_18,"(2, 0, 42, 21)",5,10,10,10,10,10,8,2,0
14328,conv2d_18,"(2, 2, 16, 2)",19,10,10,10,10,10,1,9,0
14329,conv2d_18,"(1, 0, 24, 26)",15,10,10,10,10,10,0,10,0
14330,conv2d_18,"(1, 0, 56, 18)",8,10,10,10,10,10,10,0,0
14331,conv2d_18,"(2, 2, 37, 49)",25,10,10,10,10,10,0,10,0
14332,conv2d_18,"(0, 2, 16, 24)",5,10,10,10,10,10,10,0,0
14333,conv2d_18,"(1, 1, 1, 31)",12,10,10,10,10,10,2,8,0
14334,conv2d_18,"(0, 2, 21, 25)",25,10,10,10,10,10,0,10,0
14335,conv2d_18,"(2, 2, 12, 9)",24,10,10,10,10,10,1,9,0
14336,conv2d_18,"(2, 0, 39, 48)",4,10,10,10,10,10,9,1,0
14337,conv2d_18,"(2, 1, 11, 43)",18,10,10,10,10,10,0,10,0
14338,conv2d_18,"(1, 2, 52, 32)",9,10,10,10,10,10,5,5,0
14339,conv2d_18,"(1, 2, 53, 24)",30,10,3,6,3,6,0,3,7
14340,conv2d_18,"(2, 0, 55, 19)",3,10,10,10,10,10,10,0,0
14341,conv2d_18,"(1, 1, 0, 1)",0,10,10,10,10,10,10,0,0
14342,conv2d_18,"(0, 1, 23, 25)",2,10,10,10,10,10,10,0,0
14343,conv2d_18,"(2, 0, 39, 1)",5,10,10,10,10,10,8,2,0
14344,conv2d_18,"(2, 1, 34, 25)",15,10,10,10,10,10,1,9,0
14345,conv2d_18,"(1, 0, 2, 15)",14,10,10,10,10,10,0,10,0
14346,conv2d_18,"(2, 2, 20, 12)",0,10,10,10,10,10,10,0,0
14347,conv2d_18,"(0, 2, 34, 39)",9,10,10,10,10,10,5,5,0
14348,conv2d_18,"(0, 1, 53, 30)",2,10,10,10,10,10,10,0,0
14349,conv2d_18,"(2, 2, 2, 10)",31,10,10,10,10,10,1,9,0
14350,conv2d_18,"(2, 2, 26, 18)",10,10,10,10,10,10,1,9,0
14351,conv2d_18,"(2, 2, 16, 8)",6,10,10,10,10,10,10,0,0
14352,conv2d_18,"(1, 0, 12, 5)",0,10,10,10,10,10,10,0,0
14353,conv2d_18,"(2, 2, 6, 53)",31,10,10,10,10,10,0,10,0
14354,conv2d_18,"(2, 0, 61, 38)",18,10,10,10,10,10,2,8,0
14355,conv2d_18,"(2, 1, 4, 19)",29,10,10,10,10,10,2,8,0
14356,conv2d_18,"(2, 0, 54, 51)",6,10,10,10,10,10,10,0,0
14357,conv2d_18,"(2, 1, 6, 4)",21,10,10,10,10,10,0,10,0
14358,conv2d_18,"(2, 2, 9, 25)",17,10,10,10,10,10,3,7,0
14359,conv2d_18,"(0, 1, 17, 17)",20,10,10,10,10,10,1,9,0
14360,conv2d_18,"(1, 0, 21, 30)",16,10,10,10,10,10,1,9,0
14361,conv2d_18,"(2, 2, 22, 61)",22,10,10,10,10,10,2,8,0
14362,conv2d_18,"(1, 0, 61, 1)",12,10,10,10,10,10,3,7,0
14363,conv2d_18,"(1, 1, 16, 29)",2,10,10,10,10,10,10,0,0
14364,conv2d_18,"(1, 2, 39, 34)",14,10,10,10,10,10,1,9,0
14365,conv2d_18,"(2, 1, 63, 10)",13,10,10,10,10,10,2,8,0
14366,conv2d_18,"(0, 1, 1, 53)",5,10,10,10,10,10,10,0,0
14367,conv2d_18,"(2, 2, 60, 55)",24,10,10,10,10,10,0,10,0
14368,conv2d_18,"(1, 0, 3, 28)",29,10,10,10,10,10,2,8,0
14369,conv2d_18,"(2, 1, 19, 20)",30,10,2,6,2,6,0,2,8
14370,conv2d_18,"(2, 0, 33, 47)",25,10,10,10,10,10,0,10,0
14371,conv2d_18,"(1, 0, 15, 26)",6,10,10,10,10,10,9,1,0
14372,conv2d_18,"(0, 0, 13, 27)",20,10,10,10,10,10,2,8,0
14373,conv2d_18,"(0, 2, 16, 56)",13,10,10,10,10,10,3,7,0
14374,conv2d_18,"(2, 1, 43, 29)",8,10,10,10,10,10,5,5,0
14375,conv2d_18,"(0, 2, 35, 27)",8,10,10,10,10,10,8,2,0
14376,conv2d_18,"(0, 0, 37, 29)",26,10,10,10,10,10,0,10,0
14377,conv2d_18,"(0, 0, 9, 38)",16,10,10,10,10,10,2,8,0
14378,conv2d_18,"(0, 0, 18, 35)",23,10,10,10,10,10,1,9,0
14379,conv2d_18,"(1, 1, 49, 48)",28,10,10,10,10,10,0,10,0
14380,conv2d_18,"(2, 1, 1, 53)",6,10,10,10,10,10,9,1,0
14381,conv2d_18,"(0, 1, 45, 19)",16,10,10,10,10,10,0,10,0
14382,conv2d_18,"(0, 0, 38, 30)",1,10,10,10,10,10,10,0,0
14383,conv2d_18,"(2, 2, 30, 39)",12,10,10,10,10,10,2,8,0
14384,conv2d_18,"(2, 0, 31, 3)",27,10,10,10,10,10,10,0,0
14385,conv2d_18,"(1, 1, 33, 52)",0,10,10,10,10,10,10,0,0
14386,conv2d_18,"(2, 2, 50, 19)",30,10,5,6,5,6,0,5,5
14387,conv2d_18,"(0, 2, 44, 37)",6,10,10,10,10,10,9,1,0
14388,conv2d_18,"(2, 2, 54, 57)",27,10,10,10,10,10,4,6,0
14389,conv2d_18,"(1, 1, 18, 14)",24,10,10,10,10,10,1,9,0
14390,conv2d_18,"(1, 1, 58, 41)",19,10,10,10,10,10,1,9,0
14391,conv2d_18,"(1, 1, 20, 54)",2,10,10,10,10,10,10,0,0
14392,conv2d_18,"(1, 1, 20, 23)",19,10,10,10,10,10,0,10,0
14393,conv2d_18,"(2, 2, 35, 52)",11,10,10,10,10,10,4,6,0
14394,conv2d_18,"(1, 1, 37, 42)",24,10,10,10,10,10,2,8,0
14395,conv2d_18,"(1, 1, 37, 31)",10,10,10,10,10,10,4,6,0
14396,conv2d_18,"(0, 0, 6, 5)",31,10,10,10,10,10,2,8,0
14397,conv2d_18,"(1, 0, 31, 49)",4,10,10,10,10,10,10,0,0
14398,conv2d_18,"(0, 2, 62, 30)",16,10,10,10,10,10,0,10,0
14399,conv2d_18,"(1, 1, 5, 22)",23,10,10,10,10,10,2,8,0
14400,conv2d_18,"(0, 0, 40, 29)",31,10,10,10,10,10,0,10,0
14401,conv2d_18,"(1, 0, 43, 7)",24,10,10,10,10,10,0,10,0
14402,conv2d_18,"(2, 2, 58, 63)",12,10,10,10,10,10,2,8,0
14403,conv2d_18,"(0, 2, 6, 5)",3,10,10,10,10,10,10,0,0
14404,conv2d_18,"(1, 0, 4, 24)",12,10,10,10,10,10,8,2,0
14405,conv2d_18,"(1, 2, 62, 6)",1,10,10,10,10,10,10,0,0
14406,conv2d_18,"(0, 0, 11, 3)",23,10,10,10,10,10,0,10,0
14407,conv2d_18,"(0, 2, 23, 24)",19,10,10,10,10,10,1,9,0
14408,conv2d_18,"(1, 1, 43, 7)",0,10,10,10,10,10,10,0,0
14409,conv2d_18,"(1, 0, 20, 54)",7,10,10,10,10,10,5,5,0
14410,conv2d_18,"(0, 0, 49, 6)",23,10,10,10,10,10,1,9,0
14411,conv2d_18,"(2, 2, 35, 36)",3,10,10,10,10,10,9,1,0
14412,conv2d_18,"(1, 2, 49, 55)",24,10,10,10,10,10,0,10,0
14413,conv2d_18,"(0, 2, 55, 34)",2,10,10,10,10,10,10,0,0
14414,conv2d_18,"(0, 1, 41, 53)",22,10,10,10,10,10,2,8,0
14415,conv2d_18,"(1, 1, 16, 10)",16,10,10,10,10,10,0,10,0
14416,conv2d_18,"(1, 0, 25, 60)",17,10,10,10,10,10,8,2,0
14417,conv2d_18,"(1, 0, 8, 21)",23,10,10,10,10,10,3,7,0
14418,conv2d_18,"(2, 1, 30, 18)",28,10,10,10,10,10,0,10,0
14419,conv2d_18,"(0, 0, 7, 63)",21,10,10,10,10,10,6,4,0
14420,conv2d_18,"(0, 1, 44, 34)",13,10,10,10,10,10,0,10,0
14421,conv2d_18,"(1, 0, 60, 43)",13,10,10,10,10,10,1,9,0
14422,conv2d_18,"(0, 1, 23, 14)",19,10,10,10,10,10,1,9,0
14423,conv2d_18,"(1, 0, 27, 24)",25,10,10,10,10,10,1,9,0
14424,conv2d_18,"(0, 1, 0, 19)",26,10,10,10,10,10,0,10,0
14425,conv2d_18,"(2, 0, 16, 7)",31,10,10,10,10,10,0,10,0
14426,conv2d_18,"(0, 1, 57, 4)",15,10,10,10,10,10,6,4,0
14427,conv2d_18,"(2, 0, 53, 50)",15,10,10,10,10,10,1,9,0
14428,conv2d_18,"(2, 2, 55, 11)",28,10,10,10,10,10,2,8,0
14429,conv2d_18,"(1, 2, 2, 55)",0,10,10,10,10,10,10,0,0
14430,conv2d_18,"(2, 1, 49, 34)",1,10,10,10,10,10,10,0,0
14431,conv2d_18,"(1, 2, 43, 5)",15,10,10,10,10,10,2,8,0
14432,conv2d_18,"(2, 0, 35, 8)",17,10,10,10,10,10,3,7,0
14433,conv2d_18,"(2, 2, 8, 34)",24,10,10,10,10,10,1,9,0
14434,conv2d_18,"(2, 0, 46, 10)",11,10,10,10,10,10,4,6,0
14435,conv2d_18,"(1, 2, 19, 56)",11,10,10,10,10,10,2,8,0
14436,conv2d_18,"(1, 1, 41, 17)",28,10,10,10,10,10,2,8,0
14437,conv2d_18,"(2, 1, 13, 38)",22,10,10,10,10,10,2,8,0
14438,conv2d_18,"(1, 1, 4, 5)",1,10,10,10,10,10,10,0,0
14439,conv2d_18,"(0, 1, 53, 29)",0,10,10,10,10,10,10,0,0
14440,conv2d_18,"(0, 1, 48, 11)",13,10,10,10,10,10,1,9,0
14441,conv2d_18,"(0, 0, 31, 15)",24,10,10,10,10,10,10,0,0
14442,conv2d_18,"(1, 0, 37, 25)",1,10,10,10,10,10,10,0,0
14443,conv2d_18,"(0, 0, 28, 34)",24,10,10,10,10,10,0,10,0
14444,conv2d_18,"(1, 1, 35, 32)",6,10,10,10,10,10,8,2,0
14445,conv2d_18,"(2, 1, 38, 51)",26,10,10,10,10,10,0,10,0
14446,conv2d_18,"(0, 2, 42, 12)",26,10,10,10,10,10,2,8,0
14447,conv2d_18,"(2, 0, 41, 14)",23,10,10,10,10,10,3,7,0
14448,conv2d_18,"(1, 2, 59, 52)",1,10,10,10,10,10,9,1,0
14449,conv2d_18,"(2, 0, 32, 62)",28,10,10,10,10,10,0,10,0
14450,conv2d_18,"(0, 2, 54, 3)",6,10,10,10,10,10,10,0,0
14451,conv2d_18,"(1, 0, 44, 17)",25,10,10,10,10,10,1,9,0
14452,conv2d_18,"(2, 2, 19, 3)",10,10,10,10,10,10,8,2,0
14453,conv2d_18,"(2, 2, 33, 18)",28,10,10,10,10,10,0,10,0
14454,conv2d_18,"(1, 0, 39, 8)",26,10,10,10,10,10,0,10,0
14455,conv2d_18,"(2, 1, 44, 62)",21,10,10,10,10,10,0,10,0
14456,conv2d_18,"(2, 2, 2, 4)",1,10,10,10,10,10,10,0,0
14457,conv2d_18,"(2, 2, 14, 23)",28,10,10,10,10,10,0,10,0
14458,conv2d_18,"(1, 2, 53, 57)",28,10,10,10,10,10,1,9,0
14459,conv2d_18,"(2, 2, 39, 0)",26,10,10,10,10,10,0,10,0
14460,conv2d_18,"(1, 1, 10, 3)",25,10,10,10,10,10,1,9,0
14461,conv2d_18,"(1, 1, 18, 8)",26,10,10,10,10,10,1,9,0
14462,conv2d_18,"(1, 2, 42, 17)",22,10,10,10,10,10,2,8,0
14463,conv2d_18,"(1, 0, 18, 8)",27,10,10,10,10,10,1,9,0
14464,conv2d_18,"(0, 1, 3, 17)",6,10,10,10,10,10,6,4,0
14465,conv2d_18,"(0, 2, 22, 35)",18,10,10,10,10,10,2,8,0
14466,conv2d_18,"(1, 2, 36, 63)",31,10,10,10,10,10,1,9,0
14467,conv2d_18,"(0, 1, 15, 44)",4,10,10,10,10,10,10,0,0
14468,conv2d_18,"(2, 1, 2, 35)",17,10,10,10,10,10,2,8,0
14469,conv2d_18,"(1, 2, 29, 48)",2,10,10,10,10,10,8,2,0
14470,conv2d_18,"(1, 0, 17, 5)",5,10,10,10,10,10,10,0,0
14471,conv2d_18,"(1, 0, 13, 57)",6,10,10,10,10,10,9,1,0
14472,conv2d_18,"(0, 2, 13, 17)",2,10,10,10,10,10,9,1,0
14473,conv2d_18,"(0, 2, 37, 44)",12,10,10,10,10,10,3,7,0
14474,conv2d_18,"(1, 2, 21, 50)",13,10,10,10,10,10,0,10,0
14475,conv2d_18,"(2, 1, 28, 11)",16,10,10,10,10,10,1,9,0
14476,conv2d_18,"(1, 2, 3, 54)",4,10,10,10,10,10,10,0,0
14477,conv2d_18,"(0, 0, 43, 20)",15,10,10,10,10,10,0,10,0
14478,conv2d_18,"(0, 0, 20, 43)",13,10,10,10,10,10,1,9,0
14479,conv2d_18,"(1, 0, 8, 15)",14,10,10,10,10,10,0,10,0
14480,conv2d_18,"(1, 1, 10, 10)",30,10,10,10,10,10,0,10,0
14481,conv2d_18,"(1, 2, 1, 57)",14,10,10,10,10,10,1,9,0
14482,conv2d_18,"(0, 1, 22, 10)",2,10,10,10,10,10,10,0,0
14483,conv2d_18,"(2, 1, 29, 40)",19,10,10,10,10,10,0,10,0
14484,conv2d_18,"(2, 1, 21, 31)",22,10,10,10,10,10,0,10,0
14485,conv2d_18,"(2, 2, 16, 9)",13,10,10,10,10,10,1,9,0
14486,conv2d_18,"(0, 0, 34, 58)",0,10,10,10,10,10,10,0,0
14487,conv2d_18,"(2, 0, 37, 56)",16,10,10,10,10,10,3,7,0
14488,conv2d_18,"(1, 0, 53, 57)",28,10,10,10,10,10,1,9,0
14489,conv2d_18,"(0, 2, 0, 27)",10,10,10,10,10,10,2,8,0
14490,conv2d_18,"(2, 2, 12, 6)",31,10,10,10,10,10,0,10,0
14491,conv2d_18,"(2, 2, 53, 7)",12,10,10,10,10,10,2,8,0
14492,conv2d_18,"(1, 0, 18, 18)",5,10,10,10,10,10,10,0,0
14493,conv2d_18,"(0, 2, 48, 14)",1,10,10,10,10,10,10,0,0
14494,conv2d_18,"(2, 0, 53, 11)",29,10,10,10,10,10,1,9,0
14495,conv2d_18,"(2, 0, 21, 30)",29,10,10,10,10,10,0,10,0
14496,conv2d_18,"(1, 1, 4, 46)",9,10,10,10,10,10,6,4,0
14497,conv2d_18,"(1, 1, 2, 9)",22,10,10,10,10,10,0,10,0
14498,conv2d_18,"(1, 1, 42, 7)",23,10,10,10,10,10,1,9,0
14499,conv2d_18,"(0, 0, 35, 29)",9,10,10,10,10,10,7,3,0
14500,conv2d_18,"(0, 1, 63, 55)",4,10,10,10,10,10,8,2,0
14501,conv2d_18,"(1, 1, 17, 58)",20,10,10,10,10,10,2,8,0
14502,conv2d_18,"(1, 0, 42, 29)",5,10,10,10,10,10,10,0,0
14503,conv2d_18,"(0, 2, 12, 54)",26,10,10,10,10,10,2,8,0
14504,conv2d_18,"(2, 0, 35, 14)",7,10,10,10,10,10,9,1,0
14505,conv2d_18,"(2, 0, 23, 47)",3,10,10,10,10,10,8,2,0
14506,conv2d_18,"(2, 1, 37, 3)",9,10,10,10,10,10,9,1,0
14507,conv2d_18,"(1, 2, 34, 20)",29,10,10,10,10,10,1,9,0
14508,conv2d_18,"(1, 1, 13, 51)",7,10,10,10,10,10,9,1,0
14509,conv2d_18,"(1, 0, 47, 14)",3,10,10,10,10,10,10,0,0
14510,conv2d_18,"(2, 0, 2, 11)",3,10,10,10,10,10,10,0,0
14511,conv2d_18,"(1, 2, 29, 60)",27,10,10,10,10,10,0,10,0
14512,conv2d_18,"(1, 2, 41, 51)",30,10,1,6,1,6,1,0,9
14513,conv2d_18,"(1, 1, 43, 14)",10,10,10,10,10,10,4,6,0
14514,conv2d_18,"(1, 0, 24, 5)",14,10,10,10,10,10,0,10,0
14515,conv2d_18,"(0, 1, 40, 53)",24,10,10,10,10,10,1,9,0
14516,conv2d_18,"(2, 1, 29, 63)",9,10,10,10,10,10,3,7,0
14517,conv2d_18,"(1, 2, 21, 62)",1,10,10,10,10,10,10,0,0
14518,conv2d_18,"(1, 2, 24, 50)",14,10,10,10,10,10,1,9,0
14519,conv2d_18,"(0, 2, 20, 15)",23,10,10,10,10,10,1,9,0
14520,conv2d_18,"(0, 2, 5, 9)",6,10,10,10,10,10,10,0,0
14521,conv2d_18,"(2, 1, 23, 22)",27,10,10,10,10,10,0,10,0
14522,conv2d_18,"(2, 0, 27, 12)",6,10,10,10,10,10,10,0,0
14523,conv2d_18,"(1, 2, 24, 0)",1,10,10,10,10,10,10,0,0
14524,conv2d_18,"(2, 0, 59, 58)",3,10,10,10,10,10,10,0,0
14525,conv2d_18,"(0, 2, 21, 11)",16,10,10,10,10,10,1,9,0
14526,conv2d_18,"(2, 1, 29, 43)",23,10,10,10,10,10,0,10,0
14527,conv2d_18,"(2, 2, 28, 48)",19,10,10,10,10,10,0,10,0
14528,conv2d_18,"(1, 2, 31, 41)",17,10,10,10,10,10,10,0,0
14529,conv2d_18,"(2, 1, 14, 50)",24,10,10,10,10,10,1,9,0
14530,conv2d_18,"(2, 2, 24, 22)",3,10,10,10,10,10,10,0,0
14531,conv2d_18,"(1, 0, 24, 1)",25,10,10,10,10,10,0,10,0
14532,conv2d_18,"(2, 1, 59, 25)",30,10,1,2,1,2,0,1,9
14533,conv2d_18,"(1, 0, 8, 4)",0,10,10,10,10,10,10,0,0
14534,conv2d_18,"(2, 0, 63, 58)",13,10,10,10,10,10,3,7,0
14535,conv2d_18,"(1, 0, 23, 54)",18,10,10,10,10,10,0,10,0
14536,conv2d_18,"(1, 1, 50, 38)",23,10,10,10,10,10,0,10,0
14537,conv2d_18,"(0, 0, 44, 57)",3,10,10,10,10,10,10,0,0
14538,conv2d_18,"(1, 1, 17, 5)",28,10,10,10,10,10,0,10,0
14539,conv2d_18,"(1, 1, 23, 39)",28,10,10,10,10,10,1,9,0
14540,conv2d_18,"(2, 2, 34, 9)",4,10,10,10,10,10,10,0,0
14541,conv2d_18,"(1, 0, 47, 22)",6,10,10,10,10,10,6,4,0
14542,conv2d_18,"(0, 2, 44, 51)",31,10,10,10,10,10,0,10,0
14543,conv2d_18,"(1, 1, 35, 32)",0,10,10,10,10,10,10,0,0
14544,conv2d_18,"(2, 2, 42, 8)",26,10,10,10,10,10,3,7,0
14545,conv2d_18,"(2, 0, 36, 53)",28,10,10,10,10,10,0,10,0
14546,conv2d_18,"(1, 1, 46, 20)",10,10,10,10,10,10,4,6,0
14547,conv2d_18,"(1, 0, 19, 24)",8,10,10,10,10,10,10,0,0
14548,conv2d_18,"(2, 2, 4, 24)",4,10,10,10,10,10,10,0,0
14549,conv2d_18,"(2, 2, 20, 17)",18,10,10,10,10,10,1,9,0
14550,conv2d_18,"(0, 2, 56, 24)",20,10,10,10,10,10,0,10,0
14551,conv2d_18,"(0, 0, 13, 4)",15,10,10,10,10,10,0,10,0
14552,conv2d_18,"(1, 2, 14, 38)",8,10,10,10,10,10,8,2,0
14553,conv2d_18,"(2, 1, 7, 7)",2,10,10,10,10,10,9,1,0
14554,conv2d_18,"(1, 2, 56, 15)",16,10,10,10,10,10,1,9,0
14555,conv2d_18,"(2, 0, 22, 12)",8,10,10,10,10,10,10,0,0
14556,conv2d_18,"(0, 0, 47, 37)",0,10,10,10,10,10,9,1,0
14557,conv2d_18,"(0, 2, 57, 54)",11,10,10,10,10,10,2,8,0
14558,conv2d_18,"(0, 1, 8, 37)",14,10,10,10,10,10,2,8,0
14559,conv2d_18,"(2, 2, 58, 38)",28,10,10,10,10,10,0,10,0
14560,conv2d_18,"(0, 2, 53, 59)",30,10,3,6,3,6,0,3,7
14561,conv2d_18,"(1, 2, 49, 34)",13,10,10,10,10,10,1,9,0
14562,conv2d_18,"(0, 0, 59, 0)",31,10,10,10,10,10,1,9,0
14563,conv2d_18,"(2, 2, 9, 22)",8,10,10,10,10,10,7,3,0
14564,conv2d_18,"(2, 0, 3, 61)",25,10,10,10,10,10,1,9,0
14565,conv2d_18,"(1, 0, 50, 32)",31,10,10,10,10,10,3,7,0
14566,conv2d_18,"(1, 2, 38, 31)",28,10,10,10,10,10,0,10,0
14567,conv2d_18,"(2, 1, 24, 49)",29,10,10,10,10,10,0,10,0
14568,conv2d_18,"(0, 0, 12, 24)",13,10,10,10,10,10,10,0,0
14569,conv2d_18,"(2, 2, 36, 46)",11,10,10,10,10,10,2,8,0
14570,conv2d_18,"(1, 1, 48, 40)",20,10,10,10,10,10,0,10,0
14571,conv2d_18,"(1, 0, 37, 52)",7,10,10,10,10,10,10,0,0
14572,conv2d_18,"(2, 0, 20, 26)",23,10,10,10,10,10,1,9,0
14573,conv2d_18,"(0, 1, 9, 49)",11,10,10,10,10,10,3,7,0
14574,conv2d_18,"(2, 2, 30, 28)",9,10,10,10,10,10,8,2,0
14575,conv2d_18,"(1, 0, 37, 4)",18,10,10,10,10,10,0,10,0
14576,conv2d_18,"(1, 0, 56, 49)",30,10,6,9,6,9,0,6,4
14577,conv2d_18,"(2, 0, 36, 17)",6,10,10,10,10,10,6,4,0
14578,conv2d_18,"(0, 1, 61, 61)",1,10,10,10,10,10,10,0,0
14579,conv2d_18,"(1, 2, 10, 32)",10,10,10,10,10,10,2,8,0
14580,conv2d_18,"(2, 0, 57, 62)",4,10,10,10,10,10,8,2,0
14581,conv2d_18,"(1, 1, 20, 45)",0,10,10,10,10,10,10,0,0
14582,conv2d_18,"(1, 0, 26, 59)",15,10,10,10,10,10,0,10,0
14583,conv2d_18,"(1, 0, 4, 23)",25,10,10,10,10,10,1,9,0
14584,conv2d_18,"(0, 0, 20, 31)",24,10,10,10,10,10,0,10,0
14585,conv2d_18,"(2, 2, 12, 22)",29,10,10,10,10,10,3,7,0
14586,conv2d_18,"(0, 0, 13, 10)",1,10,10,10,10,10,10,0,0
14587,conv2d_18,"(1, 1, 29, 60)",5,10,10,10,10,10,10,0,0
14588,conv2d_18,"(0, 2, 58, 51)",28,10,10,10,10,10,0,10,0
14589,conv2d_18,"(2, 0, 56, 55)",24,10,10,10,10,10,0,10,0
14590,conv2d_18,"(1, 1, 51, 22)",6,10,10,10,10,10,8,2,0
14591,conv2d_18,"(1, 2, 8, 34)",11,10,10,10,10,10,0,10,0
14592,conv2d_18,"(2, 1, 46, 52)",2,10,10,10,10,10,10,0,0
14593,conv2d_18,"(0, 0, 56, 6)",7,10,10,10,10,10,8,2,0
14594,conv2d_18,"(0, 2, 57, 17)",8,10,10,10,10,10,4,6,0
14595,conv2d_18,"(0, 2, 45, 10)",28,10,10,10,10,10,0,10,0
14596,conv2d_18,"(0, 1, 51, 2)",14,10,10,10,10,10,2,8,0
14597,conv2d_18,"(1, 0, 54, 13)",16,10,10,10,10,10,1,9,0
14598,conv2d_18,"(0, 1, 33, 19)",31,10,10,10,10,10,0,10,0
14599,conv2d_18,"(1, 2, 11, 53)",17,10,10,10,10,10,0,10,0
14600,conv2d_18,"(1, 2, 41, 1)",22,10,10,10,10,10,1,9,0
14601,conv2d_18,"(0, 1, 16, 14)",6,10,10,10,10,10,8,2,0
14602,conv2d_18,"(2, 1, 48, 16)",15,10,10,10,10,10,0,10,0
14603,conv2d_18,"(0, 1, 1, 60)",17,10,10,10,10,10,3,7,0
14604,conv2d_18,"(0, 2, 61, 58)",23,10,10,10,10,10,2,8,0
14605,conv2d_18,"(2, 0, 63, 16)",9,10,10,10,10,10,3,7,0
14606,conv2d_18,"(0, 2, 29, 45)",4,10,10,10,10,10,8,2,0
14607,conv2d_18,"(1, 2, 27, 62)",26,10,10,10,10,10,1,9,0
14608,conv2d_18,"(0, 1, 20, 34)",4,10,10,10,10,10,10,0,0
14609,conv2d_18,"(2, 1, 17, 10)",4,10,10,10,10,10,8,2,0
14610,conv2d_18,"(2, 0, 8, 0)",9,10,10,10,10,10,6,4,0
14611,conv2d_18,"(1, 1, 62, 61)",22,10,10,10,10,10,1,9,0
14612,conv2d_18,"(1, 1, 27, 24)",29,10,10,10,10,10,1,9,0
14613,conv2d_18,"(1, 1, 20, 29)",10,10,10,10,10,10,4,6,0
14614,conv2d_18,"(1, 1, 53, 55)",13,10,10,10,10,10,0,10,0
14615,conv2d_18,"(1, 0, 11, 3)",12,10,10,10,10,10,4,6,0
14616,conv2d_18,"(1, 2, 17, 43)",17,10,10,10,10,10,2,8,0
14617,conv2d_18,"(0, 1, 36, 30)",4,10,10,10,10,10,10,0,0
14618,conv2d_18,"(2, 1, 18, 51)",25,10,10,10,10,10,1,9,0
14619,conv2d_18,"(1, 2, 33, 55)",19,10,10,10,10,10,0,10,0
14620,conv2d_18,"(2, 1, 3, 55)",24,10,10,10,10,10,0,10,0
14621,conv2d_18,"(0, 0, 15, 32)",1,10,10,10,10,10,9,1,0
14622,conv2d_18,"(1, 0, 51, 51)",9,10,10,10,10,10,2,8,0
14623,conv2d_18,"(2, 1, 18, 63)",21,10,10,10,10,10,0,10,0
14624,conv2d_18,"(2, 1, 25, 15)",26,10,10,10,10,10,0,10,0
14625,conv2d_18,"(0, 2, 6, 0)",16,10,10,10,10,10,3,7,0
14626,conv2d_18,"(2, 0, 51, 1)",3,10,10,10,10,10,9,1,0
14627,conv2d_18,"(2, 2, 43, 54)",23,10,10,10,10,10,0,10,0
14628,conv2d_18,"(2, 1, 26, 0)",13,10,10,10,10,10,0,10,0
14629,conv2d_18,"(0, 0, 55, 18)",30,10,2,6,2,6,0,2,8
14630,conv2d_18,"(1, 2, 2, 41)",18,10,10,10,10,10,2,8,0
14631,conv2d_18,"(0, 2, 19, 26)",26,10,10,10,10,10,0,10,0
14632,conv2d_18,"(1, 2, 20, 1)",17,10,10,10,10,10,1,9,0
14633,conv2d_18,"(1, 0, 23, 49)",24,10,10,10,10,10,0,10,0
14634,conv2d_18,"(1, 2, 57, 26)",16,10,10,10,10,10,1,9,0
14635,conv2d_18,"(2, 0, 61, 45)",9,10,10,10,10,10,6,4,0
14636,conv2d_18,"(1, 2, 2, 27)",4,10,10,10,10,10,9,1,0
14637,conv2d_18,"(1, 1, 42, 5)",2,10,10,10,10,10,10,0,0
14638,conv2d_18,"(1, 1, 52, 2)",6,10,10,10,10,10,6,4,0
14639,conv2d_18,"(1, 2, 49, 47)",20,10,10,10,10,10,1,9,0
14640,conv2d_18,"(2, 0, 36, 16)",31,10,10,10,10,10,0,10,0
14641,conv2d_18,"(1, 2, 12, 34)",23,10,10,10,10,10,1,9,0
14642,conv2d_18,"(1, 1, 58, 2)",26,10,10,10,10,10,0,10,0
14643,conv2d_18,"(2, 1, 39, 33)",15,10,10,10,10,10,0,10,0
14644,conv2d_18,"(1, 2, 12, 23)",7,10,10,10,10,10,7,3,0
14645,conv2d_18,"(0, 1, 39, 50)",3,10,10,10,10,10,9,1,0
14646,conv2d_18,"(1, 1, 25, 36)",18,10,10,10,10,10,1,9,0
14647,conv2d_18,"(2, 0, 10, 41)",27,10,10,10,10,10,2,8,0
14648,conv2d_18,"(2, 0, 6, 6)",8,10,10,10,10,10,3,7,0
14649,conv2d_18,"(2, 1, 54, 19)",27,10,10,10,10,10,3,7,0
14650,conv2d_18,"(1, 1, 20, 63)",8,10,10,10,10,10,5,5,0
14651,conv2d_18,"(1, 2, 29, 38)",6,10,10,10,10,10,9,1,0
14652,conv2d_18,"(1, 2, 8, 59)",2,10,10,10,10,10,10,0,0
14653,conv2d_18,"(2, 2, 46, 49)",24,10,10,10,10,10,3,7,0
14654,conv2d_18,"(1, 2, 38, 13)",9,10,10,10,10,10,5,5,0
14655,conv2d_18,"(2, 0, 9, 14)",24,10,10,10,10,10,1,9,0
14656,conv2d_18,"(1, 1, 46, 59)",5,10,10,10,10,10,10,0,0
14657,conv2d_18,"(2, 2, 22, 21)",30,10,1,5,1,5,0,1,9
14658,conv2d_18,"(0, 2, 62, 54)",16,10,10,10,10,10,1,9,0
14659,conv2d_18,"(1, 0, 39, 34)",24,10,10,10,10,10,0,10,0
14660,conv2d_18,"(0, 2, 8, 37)",3,10,10,10,10,10,10,0,0
14661,conv2d_18,"(2, 0, 4, 32)",26,10,10,10,10,10,1,9,0
14662,conv2d_18,"(1, 2, 29, 17)",20,10,10,10,10,10,1,9,0
14663,conv2d_18,"(1, 0, 12, 61)",29,10,10,10,10,10,1,9,0
14664,conv2d_18,"(0, 2, 27, 4)",5,10,10,10,10,10,9,1,0
14665,conv2d_18,"(0, 1, 8, 23)",21,10,10,10,10,10,1,9,0
14666,conv2d_18,"(0, 2, 42, 29)",8,10,10,10,10,10,6,4,0
14667,conv2d_18,"(0, 1, 15, 36)",26,10,10,10,10,10,0,10,0
14668,conv2d_18,"(2, 0, 22, 51)",27,10,10,10,10,10,2,8,0
14669,conv2d_18,"(1, 0, 50, 41)",0,10,10,10,10,10,10,0,0
14670,conv2d_18,"(1, 0, 42, 19)",4,10,10,10,10,10,9,1,0
14671,conv2d_18,"(2, 0, 15, 9)",1,10,10,10,10,10,10,0,0
14672,conv2d_18,"(0, 0, 45, 11)",24,10,10,10,10,10,0,10,0
14673,conv2d_18,"(1, 1, 42, 11)",9,10,10,10,10,10,8,2,0
14674,conv2d_18,"(2, 0, 57, 59)",17,10,10,10,10,10,0,10,0
14675,conv2d_18,"(1, 1, 6, 8)",8,10,10,10,10,10,1,9,0
14676,conv2d_18,"(1, 2, 52, 60)",27,10,10,10,10,10,0,10,0
14677,conv2d_18,"(2, 2, 3, 2)",16,10,10,10,10,10,0,10,0
14678,conv2d_18,"(1, 0, 19, 41)",21,10,10,10,10,10,1,9,0
14679,conv2d_18,"(1, 2, 47, 13)",24,10,10,10,10,10,0,10,0
14680,conv2d_18,"(0, 1, 12, 35)",9,10,10,10,10,10,6,4,0
14681,conv2d_18,"(0, 0, 13, 13)",13,10,10,10,10,10,0,10,0
14682,conv2d_18,"(1, 2, 38, 9)",25,10,10,10,10,10,0,10,0
14683,conv2d_18,"(1, 2, 53, 29)",2,10,10,10,10,10,10,0,0
14684,conv2d_18,"(1, 1, 40, 22)",21,10,10,10,10,10,1,9,0
14685,conv2d_18,"(0, 1, 42, 57)",22,10,10,10,10,10,2,8,0
14686,conv2d_18,"(0, 1, 4, 62)",26,10,10,10,10,10,2,8,0
14687,conv2d_18,"(1, 0, 37, 17)",9,10,10,10,10,10,10,0,0
14688,conv2d_18,"(2, 0, 11, 4)",27,10,10,10,10,10,1,9,0
14689,conv2d_18,"(0, 2, 52, 5)",15,10,10,10,10,10,1,9,0
14690,conv2d_18,"(0, 0, 55, 41)",24,10,10,10,10,10,3,7,0
14691,conv2d_18,"(0, 0, 41, 11)",0,10,10,10,10,10,10,0,0
14692,conv2d_18,"(1, 2, 63, 26)",9,10,10,10,10,10,2,8,0
14693,conv2d_18,"(0, 2, 19, 15)",26,10,10,10,10,10,1,9,0
14694,conv2d_18,"(0, 2, 4, 49)",31,10,10,10,10,10,3,7,0
14695,conv2d_18,"(1, 0, 41, 59)",23,10,10,10,10,10,1,9,0
14696,conv2d_18,"(1, 0, 42, 46)",12,10,10,10,10,10,2,8,0
14697,conv2d_18,"(1, 1, 63, 36)",26,10,10,10,10,10,0,10,0
14698,conv2d_18,"(1, 1, 36, 8)",23,10,10,10,10,10,0,10,0
14699,conv2d_18,"(0, 2, 43, 0)",1,10,10,10,10,10,10,0,0
14700,conv2d_18,"(1, 1, 7, 40)",1,10,10,10,10,10,10,0,0
14701,conv2d_18,"(1, 1, 16, 27)",8,10,10,10,10,10,3,7,0
14702,conv2d_18,"(0, 0, 12, 43)",6,10,10,10,10,10,10,0,0
14703,conv2d_18,"(0, 2, 31, 46)",29,10,10,10,10,10,10,0,0
14704,conv2d_18,"(0, 0, 30, 4)",10,10,10,10,10,10,9,1,0
14705,conv2d_18,"(1, 1, 52, 35)",26,10,10,10,10,10,0,10,0
14706,conv2d_18,"(2, 0, 57, 53)",27,10,10,10,10,10,0,10,0
14707,conv2d_18,"(0, 2, 11, 37)",3,10,10,10,10,10,10,0,0
14708,conv2d_18,"(1, 2, 0, 8)",9,10,10,10,10,10,9,1,0
14709,conv2d_18,"(0, 0, 63, 55)",18,10,10,10,10,10,0,10,0
14710,conv2d_18,"(0, 1, 44, 43)",28,10,10,10,10,10,0,10,0
14711,conv2d_18,"(1, 0, 25, 4)",18,10,10,10,10,10,1,9,0
14712,conv2d_18,"(0, 2, 56, 11)",3,10,10,10,10,10,10,0,0
14713,conv2d_18,"(2, 2, 29, 6)",21,10,10,10,10,10,0,10,0
14714,conv2d_18,"(1, 2, 5, 63)",14,10,10,10,10,10,2,8,0
14715,conv2d_18,"(2, 1, 39, 28)",15,10,10,10,10,10,1,9,0
14716,conv2d_18,"(1, 1, 36, 62)",3,10,10,10,10,10,10,0,0
14717,conv2d_18,"(1, 2, 26, 54)",21,10,10,10,10,10,1,9,0
14718,conv2d_18,"(2, 1, 23, 26)",13,10,10,10,10,10,3,7,0
14719,conv2d_18,"(1, 2, 29, 48)",5,10,10,10,10,10,7,3,0
14720,conv2d_18,"(0, 1, 46, 8)",26,10,10,10,10,10,1,9,0
14721,conv2d_18,"(2, 1, 12, 34)",22,10,10,10,10,10,2,8,0
14722,conv2d_18,"(1, 0, 55, 6)",14,10,10,10,10,10,0,10,0
14723,conv2d_18,"(1, 0, 44, 3)",25,10,10,10,10,10,0,10,0
14724,conv2d_18,"(0, 1, 47, 54)",9,10,10,10,10,10,2,8,0
14725,conv2d_18,"(1, 0, 22, 49)",21,10,10,10,10,10,0,10,0
14726,conv2d_18,"(2, 0, 31, 52)",2,10,10,10,10,10,10,0,0
14727,conv2d_18,"(2, 0, 18, 7)",17,10,10,10,10,10,0,10,0
14728,conv2d_18,"(1, 1, 11, 9)",7,10,10,10,10,10,5,5,0
14729,conv2d_18,"(2, 0, 45, 47)",27,10,10,10,10,10,1,9,0
14730,conv2d_18,"(0, 2, 30, 62)",30,10,3,5,3,5,0,3,7
14731,conv2d_18,"(0, 0, 20, 37)",21,10,10,10,10,10,0,10,0
14732,conv2d_18,"(2, 2, 13, 16)",10,10,10,10,10,10,1,9,0
14733,conv2d_18,"(1, 0, 30, 55)",31,10,10,10,10,10,0,10,0
14734,conv2d_18,"(0, 2, 60, 5)",23,10,10,10,10,10,1,9,0
14735,conv2d_18,"(0, 0, 12, 46)",1,10,10,10,10,10,10,0,0
14736,conv2d_18,"(2, 2, 54, 30)",27,10,10,10,10,10,3,7,0
14737,conv2d_18,"(2, 1, 42, 24)",6,10,10,10,10,10,10,0,0
14738,conv2d_18,"(0, 2, 28, 18)",30,10,0,6,0,6,0,0,10
14739,conv2d_18,"(1, 1, 48, 45)",20,10,10,10,10,10,0,10,0
14740,conv2d_18,"(2, 1, 59, 31)",2,10,10,10,10,10,9,1,0
14741,conv2d_18,"(0, 0, 32, 50)",23,10,10,10,10,10,0,10,0
14742,conv2d_18,"(2, 1, 26, 52)",4,10,10,10,10,10,8,2,0
14743,conv2d_18,"(0, 0, 3, 55)",9,10,10,10,10,10,2,8,0
14744,conv2d_18,"(1, 1, 10, 8)",8,10,10,10,10,10,4,6,0
14745,conv2d_18,"(1, 1, 10, 24)",17,10,10,10,10,10,3,7,0
14746,conv2d_18,"(0, 1, 31, 7)",17,10,10,10,10,10,10,0,0
14747,conv2d_18,"(1, 1, 43, 13)",16,10,10,10,10,10,1,9,0
14748,conv2d_18,"(1, 1, 19, 23)",8,10,10,10,10,10,9,1,0
14749,conv2d_18,"(0, 2, 63, 17)",11,10,10,10,10,10,1,9,0
14750,conv2d_18,"(1, 1, 60, 1)",5,10,10,10,10,10,8,2,0
14751,conv2d_18,"(2, 2, 37, 13)",24,10,10,10,10,10,1,9,0
14752,conv2d_18,"(2, 0, 62, 20)",8,10,10,10,10,10,4,6,0
14753,conv2d_18,"(0, 2, 41, 36)",7,10,10,10,10,10,5,5,0
14754,conv2d_18,"(2, 1, 15, 21)",27,10,10,10,10,10,0,10,0
14755,conv2d_18,"(2, 0, 34, 7)",1,10,10,10,10,10,10,0,0
14756,conv2d_18,"(2, 2, 54, 28)",28,10,10,10,10,10,3,7,0
14757,conv2d_18,"(1, 0, 8, 5)",4,10,10,10,10,10,10,0,0
14758,conv2d_18,"(2, 1, 11, 47)",29,10,10,10,10,10,0,10,0
14759,conv2d_18,"(0, 0, 33, 36)",3,10,10,10,10,10,10,0,0
14760,conv2d_18,"(2, 0, 32, 40)",5,10,10,10,10,10,10,0,0
14761,conv2d_18,"(0, 2, 16, 20)",26,10,10,10,10,10,1,9,0
14762,conv2d_18,"(0, 0, 23, 38)",28,10,10,10,10,10,1,9,0
14763,conv2d_18,"(2, 1, 38, 21)",22,10,10,10,10,10,0,10,0
14764,conv2d_18,"(2, 2, 28, 4)",13,10,10,10,10,10,0,10,0
14765,conv2d_18,"(1, 2, 61, 38)",17,10,10,10,10,10,0,10,0
14766,conv2d_18,"(2, 0, 23, 41)",9,10,10,10,10,10,8,2,0
14767,conv2d_18,"(2, 1, 25, 40)",30,10,7,8,7,8,0,7,3
14768,conv2d_18,"(0, 2, 23, 37)",26,10,10,10,10,10,1,9,0
14769,conv2d_18,"(1, 1, 8, 56)",16,10,10,10,10,10,0,10,0
14770,conv2d_18,"(0, 1, 44, 30)",22,10,10,10,10,10,0,10,0
14771,conv2d_18,"(0, 1, 51, 36)",2,10,10,10,10,10,10,0,0
14772,conv2d_18,"(0, 2, 43, 41)",23,10,10,10,10,10,0,10,0
14773,conv2d_18,"(2, 2, 44, 45)",21,10,10,10,10,10,1,9,0
14774,conv2d_18,"(0, 1, 7, 12)",30,10,9,10,9,10,1,8,1
14775,conv2d_18,"(1, 2, 32, 58)",22,10,10,10,10,10,2,8,0
14776,conv2d_18,"(2, 2, 27, 42)",6,10,10,10,10,10,10,0,0
14777,conv2d_18,"(0, 0, 8, 15)",13,10,10,10,10,10,0,10,0
14778,conv2d_18,"(0, 0, 10, 18)",27,10,10,10,10,10,3,7,0
14779,conv2d_18,"(1, 0, 57, 12)",22,10,10,10,10,10,0,10,0
14780,conv2d_18,"(0, 2, 58, 11)",6,10,10,10,10,10,7,3,0
14781,conv2d_18,"(2, 2, 18, 3)",15,10,10,10,10,10,3,7,0
14782,conv2d_18,"(0, 1, 12, 27)",20,10,10,10,10,10,2,8,0
14783,conv2d_18,"(0, 0, 12, 18)",28,10,10,10,10,10,3,7,0
14784,conv2d_18,"(0, 0, 61, 36)",22,10,10,10,10,10,0,10,0
14785,conv2d_18,"(0, 1, 37, 32)",15,10,10,10,10,10,1,9,0
14786,conv2d_18,"(2, 1, 7, 6)",26,10,10,10,10,10,2,8,0
14787,conv2d_18,"(2, 2, 42, 52)",4,10,10,10,10,10,9,1,0
14788,conv2d_18,"(2, 0, 26, 40)",24,10,10,10,10,10,0,10,0
14789,conv2d_18,"(0, 0, 18, 19)",13,10,10,10,10,10,0,10,0
14790,conv2d_18,"(1, 2, 35, 49)",22,10,10,10,10,10,0,10,0
14791,conv2d_18,"(1, 1, 39, 34)",9,10,10,10,10,10,6,4,0
14792,conv2d_18,"(1, 2, 46, 1)",23,10,10,10,10,10,2,8,0
14793,conv2d_18,"(0, 0, 59, 6)",23,10,10,10,10,10,0,10,0
14794,conv2d_18,"(1, 0, 11, 59)",3,10,10,10,10,10,9,1,0
14795,conv2d_18,"(0, 1, 61, 61)",8,10,10,10,10,10,4,6,0
14796,conv2d_18,"(0, 0, 23, 46)",2,10,10,10,10,10,10,0,0
14797,conv2d_18,"(0, 1, 53, 51)",8,10,10,10,10,10,3,7,0
14798,conv2d_18,"(1, 0, 4, 43)",4,10,10,10,10,10,10,0,0
14799,conv2d_18,"(0, 2, 4, 17)",18,10,10,10,10,10,1,9,0
14800,conv2d_18,"(1, 2, 60, 5)",10,10,10,10,10,10,1,9,0
14801,conv2d_18,"(1, 0, 18, 16)",19,10,10,10,10,10,2,8,0
14802,conv2d_18,"(0, 1, 28, 41)",21,10,10,10,10,10,0,10,0
14803,conv2d_18,"(0, 1, 61, 60)",3,10,10,10,10,10,10,0,0
14804,conv2d_18,"(2, 1, 29, 44)",30,10,4,9,4,9,0,4,6
14805,conv2d_18,"(1, 0, 56, 51)",12,10,10,10,10,10,4,6,0
14806,conv2d_18,"(1, 2, 24, 61)",25,10,10,10,10,10,0,10,0
14807,conv2d_18,"(2, 0, 18, 60)",12,10,10,10,10,10,7,3,0
14808,conv2d_18,"(0, 2, 56, 52)",16,10,10,10,10,10,1,9,0
14809,conv2d_18,"(0, 0, 47, 51)",11,10,10,10,10,10,1,9,0
14810,conv2d_18,"(1, 2, 43, 24)",9,10,10,10,10,10,9,1,0
14811,conv2d_18,"(2, 2, 25, 22)",17,10,10,10,10,10,1,9,0
14812,conv2d_18,"(2, 0, 4, 59)",19,10,10,10,10,10,1,9,0
14813,conv2d_18,"(0, 1, 55, 6)",9,10,10,10,10,10,4,6,0
14814,conv2d_18,"(1, 1, 29, 47)",19,10,10,10,10,10,1,9,0
14815,conv2d_18,"(2, 1, 34, 9)",31,10,10,10,10,10,0,10,0
14816,conv2d_18,"(1, 2, 37, 56)",17,10,10,10,10,10,1,9,0
14817,conv2d_18,"(1, 2, 29, 15)",0,10,10,10,10,10,10,0,0
14818,conv2d_18,"(0, 0, 24, 7)",28,10,10,10,10,10,0,10,0
14819,conv2d_18,"(1, 2, 36, 49)",4,10,10,10,10,10,10,0,0
14820,conv2d_18,"(1, 0, 45, 60)",21,10,10,10,10,10,0,10,0
14821,conv2d_18,"(2, 0, 8, 29)",22,10,10,10,10,10,3,7,0
14822,conv2d_18,"(1, 0, 17, 41)",1,10,10,10,10,10,10,0,0
14823,conv2d_18,"(2, 2, 6, 24)",29,10,10,10,10,10,0,10,0
14824,conv2d_18,"(1, 0, 60, 25)",11,10,10,10,10,10,2,8,0
14825,conv2d_18,"(0, 0, 60, 60)",15,10,10,10,10,10,1,9,0
14826,conv2d_18,"(2, 1, 14, 17)",13,10,10,10,10,10,2,8,0
14827,conv2d_18,"(0, 0, 26, 51)",8,10,10,10,10,10,4,6,0
14828,conv2d_18,"(1, 1, 54, 44)",14,10,10,10,10,10,3,7,0
14829,conv2d_18,"(1, 2, 2, 49)",15,10,10,10,10,10,3,7,0
14830,conv2d_18,"(0, 2, 50, 30)",7,10,10,10,10,10,9,1,0
14831,conv2d_18,"(0, 1, 40, 56)",2,10,10,10,10,10,10,0,0
14832,conv2d_18,"(0, 2, 59, 37)",0,10,10,10,10,10,10,0,0
14833,conv2d_18,"(0, 0, 44, 49)",5,10,10,10,10,10,5,5,0
14834,conv2d_18,"(0, 2, 35, 15)",26,10,10,10,10,10,0,10,0
14835,conv2d_18,"(0, 1, 25, 57)",16,10,10,10,10,10,4,6,0
14836,conv2d_18,"(2, 0, 49, 50)",24,10,10,10,10,10,2,8,0
14837,conv2d_18,"(0, 0, 49, 37)",29,10,10,10,10,10,1,9,0
14838,conv2d_18,"(1, 1, 21, 12)",16,10,10,10,10,10,0,10,0
14839,conv2d_18,"(1, 1, 60, 15)",20,10,10,10,10,10,1,9,0
14840,conv2d_18,"(2, 0, 28, 16)",26,10,10,10,10,10,0,10,0
14841,conv2d_18,"(0, 1, 61, 18)",6,10,10,10,10,10,10,0,0
14842,conv2d_18,"(2, 1, 15, 36)",26,10,10,10,10,10,0,10,0
14843,conv2d_18,"(0, 0, 30, 16)",15,10,10,10,10,10,3,7,0
14844,conv2d_18,"(1, 0, 51, 14)",3,10,10,10,10,10,10,0,0
14845,conv2d_18,"(1, 0, 30, 4)",19,10,10,10,10,10,0,10,0
14846,conv2d_18,"(2, 2, 7, 62)",16,10,10,10,10,10,3,7,0
14847,conv2d_18,"(0, 0, 45, 15)",3,10,10,10,10,10,9,1,0
14848,conv2d_18,"(1, 1, 38, 62)",9,10,10,10,10,10,8,2,0
14849,conv2d_18,"(0, 1, 1, 4)",10,10,10,10,10,10,8,2,0
14850,conv2d_18,"(1, 2, 46, 2)",2,10,10,10,10,10,10,0,0
14851,conv2d_18,"(2, 0, 16, 25)",26,10,10,10,10,10,3,7,0
14852,conv2d_18,"(0, 0, 0, 30)",31,10,10,10,10,10,2,8,0
14853,conv2d_18,"(0, 2, 63, 29)",26,10,10,10,10,10,1,9,0
14854,conv2d_18,"(2, 2, 18, 33)",17,10,10,10,10,10,1,9,0
14855,conv2d_18,"(0, 2, 12, 51)",22,10,10,10,10,10,2,8,0
14856,conv2d_18,"(2, 0, 15, 62)",12,10,10,10,10,10,1,9,0
14857,conv2d_18,"(2, 1, 15, 24)",1,10,10,10,10,10,10,0,0
14858,conv2d_18,"(2, 2, 6, 25)",11,10,10,10,10,10,2,8,0
14859,conv2d_18,"(0, 2, 51, 47)",5,10,10,10,10,10,3,7,0
14860,conv2d_18,"(0, 0, 37, 11)",6,10,10,10,10,10,7,3,0
14861,conv2d_18,"(0, 2, 26, 44)",0,10,10,10,10,10,10,0,0
14862,conv2d_18,"(0, 1, 7, 36)",26,10,10,10,10,10,1,9,0
14863,conv2d_18,"(1, 2, 59, 9)",6,10,10,10,10,10,4,6,0
14864,conv2d_18,"(0, 0, 31, 21)",14,10,10,10,10,10,10,0,0
14865,conv2d_18,"(1, 0, 47, 35)",9,10,10,10,10,10,5,5,0
14866,conv2d_18,"(2, 1, 10, 26)",31,10,10,10,10,10,0,10,0
14867,conv2d_18,"(0, 0, 49, 14)",17,10,10,10,10,10,1,9,0
14868,conv2d_18,"(1, 1, 60, 20)",27,10,10,10,10,10,0,10,0
14869,conv2d_18,"(0, 1, 56, 43)",27,10,10,10,10,10,3,7,0
14870,conv2d_18,"(2, 1, 8, 19)",7,10,10,10,10,10,9,1,0
14871,conv2d_18,"(1, 0, 27, 52)",8,10,10,10,10,10,3,7,0
14872,conv2d_18,"(0, 0, 36, 8)",1,10,10,10,10,10,10,0,0
14873,conv2d_18,"(0, 1, 15, 48)",4,10,10,10,10,10,10,0,0
14874,conv2d_18,"(1, 1, 49, 5)",21,10,10,10,10,10,0,10,0
14875,conv2d_18,"(0, 2, 0, 23)",16,10,10,10,10,10,1,9,0
14876,conv2d_18,"(1, 1, 16, 8)",22,10,10,10,10,10,1,9,0
14877,conv2d_18,"(0, 2, 48, 15)",19,10,10,10,10,10,0,10,0
14878,conv2d_18,"(0, 1, 42, 52)",0,10,10,10,10,10,10,0,0
14879,conv2d_18,"(2, 2, 27, 19)",30,10,5,9,5,9,0,5,5
14880,conv2d_18,"(2, 0, 23, 30)",10,10,10,10,10,10,2,8,0
14881,conv2d_18,"(1, 1, 48, 31)",1,10,10,10,10,10,10,0,0
14882,conv2d_18,"(1, 0, 26, 47)",22,10,10,10,10,10,1,9,0
14883,conv2d_18,"(0, 0, 63, 8)",12,10,10,10,10,10,0,10,0
14884,conv2d_18,"(2, 0, 11, 40)",7,10,10,10,10,10,5,5,0
14885,conv2d_18,"(1, 0, 47, 47)",16,10,10,10,10,10,1,9,0
14886,conv2d_18,"(2, 1, 0, 31)",7,10,10,10,10,10,6,4,0
14887,conv2d_18,"(0, 1, 1, 26)",5,10,10,10,10,10,9,1,0
14888,conv2d_18,"(0, 0, 39, 3)",11,10,10,10,10,10,9,1,0
14889,conv2d_18,"(1, 0, 16, 8)",3,10,10,10,10,10,10,0,0
14890,conv2d_18,"(2, 0, 54, 0)",3,10,10,10,10,10,10,0,0
14891,conv2d_18,"(1, 1, 49, 17)",26,10,10,10,10,10,0,10,0
14892,conv2d_18,"(2, 0, 56, 60)",12,10,10,10,10,10,10,0,0
14893,conv2d_18,"(0, 1, 24, 36)",14,10,10,10,10,10,1,9,0
14894,conv2d_18,"(2, 0, 38, 27)",23,10,10,10,10,10,0,10,0
14895,conv2d_18,"(1, 2, 56, 46)",1,10,10,10,10,10,10,0,0
14896,conv2d_18,"(1, 1, 56, 43)",5,10,10,10,10,10,7,3,0
14897,conv2d_18,"(0, 1, 56, 62)",21,10,10,10,10,10,0,10,0
14898,conv2d_18,"(2, 2, 37, 52)",24,10,10,10,10,10,2,8,0
14899,conv2d_18,"(0, 0, 30, 32)",16,10,10,10,10,10,0,10,0
14900,conv2d_18,"(0, 0, 49, 50)",6,10,10,10,10,10,9,1,0
14901,conv2d_18,"(0, 2, 53, 41)",12,10,10,10,10,10,2,8,0
14902,conv2d_18,"(0, 1, 49, 20)",12,10,10,10,10,10,1,9,0
14903,conv2d_18,"(1, 0, 19, 6)",1,10,10,10,10,10,10,0,0
14904,conv2d_18,"(1, 0, 17, 36)",7,10,10,10,10,10,5,5,0
14905,conv2d_18,"(0, 1, 18, 44)",13,10,10,10,10,10,0,10,0
14906,conv2d_18,"(0, 2, 6, 14)",28,10,10,10,10,10,0,10,0
14907,conv2d_18,"(2, 2, 26, 30)",11,10,10,10,10,10,0,10,0
14908,conv2d_18,"(0, 1, 61, 36)",10,10,10,10,10,10,1,9,0
14909,conv2d_18,"(1, 0, 51, 43)",3,10,10,10,10,10,10,0,0
14910,conv2d_18,"(1, 2, 13, 24)",28,10,10,10,10,10,0,10,0
14911,conv2d_18,"(2, 2, 13, 22)",23,10,10,10,10,10,1,9,0
14912,conv2d_18,"(1, 0, 4, 32)",18,10,10,10,10,10,1,9,0
14913,conv2d_18,"(2, 0, 10, 29)",22,10,10,10,10,10,1,9,0
14914,conv2d_18,"(1, 1, 27, 57)",27,10,10,10,10,10,0,10,0
14915,conv2d_18,"(2, 2, 43, 59)",30,10,2,6,2,6,0,2,8
14916,conv2d_18,"(1, 2, 11, 7)",18,10,10,10,10,10,1,9,0
14917,conv2d_18,"(2, 2, 17, 19)",31,10,10,10,10,10,0,10,0
14918,conv2d_18,"(1, 1, 47, 5)",29,10,10,10,10,10,0,10,0
14919,conv2d_18,"(0, 2, 4, 20)",20,10,10,10,10,10,2,8,0
14920,conv2d_18,"(2, 2, 53, 29)",3,10,10,10,10,10,9,1,0
14921,conv2d_18,"(0, 1, 34, 55)",15,10,10,10,10,10,0,10,0
14922,conv2d_18,"(0, 2, 4, 22)",30,10,7,7,7,7,0,7,3
14923,conv2d_18,"(1, 2, 52, 62)",5,10,10,10,10,10,7,3,0
14924,conv2d_18,"(2, 1, 34, 20)",4,10,10,10,10,10,8,2,0
14925,conv2d_18,"(0, 2, 47, 8)",0,10,10,10,10,10,10,0,0
14926,conv2d_18,"(2, 1, 19, 13)",3,10,10,10,10,10,9,1,0
14927,conv2d_18,"(1, 1, 24, 56)",11,10,10,10,10,10,0,10,0
14928,conv2d_18,"(2, 0, 52, 6)",31,10,10,10,10,10,0,10,0
14929,conv2d_18,"(1, 1, 33, 16)",0,10,10,10,10,10,10,0,0
14930,conv2d_18,"(1, 1, 60, 54)",0,10,10,10,10,10,10,0,0
14931,conv2d_18,"(1, 0, 8, 58)",14,10,10,10,10,10,4,6,0
14932,conv2d_18,"(0, 1, 45, 19)",22,10,10,10,10,10,0,10,0
14933,conv2d_18,"(2, 2, 42, 46)",28,10,10,10,10,10,2,8,0
14934,conv2d_18,"(1, 2, 56, 43)",7,10,10,10,10,10,8,2,0
14935,conv2d_18,"(0, 0, 20, 14)",22,10,10,10,10,10,0,10,0
14936,conv2d_18,"(2, 1, 41, 53)",22,10,10,10,10,10,1,9,0
14937,conv2d_18,"(2, 2, 6, 31)",16,10,10,10,10,10,0,10,0
14938,conv2d_18,"(2, 1, 61, 2)",12,10,10,10,10,10,1,9,0
14939,conv2d_18,"(0, 2, 58, 26)",28,10,10,10,10,10,0,10,0
14940,conv2d_18,"(2, 1, 60, 1)",13,10,10,10,10,10,0,10,0
14941,conv2d_18,"(2, 2, 45, 29)",11,10,10,10,10,10,2,8,0
14942,conv2d_18,"(0, 2, 21, 36)",19,10,10,10,10,10,0,10,0
14943,conv2d_18,"(0, 2, 16, 32)",9,10,10,10,10,10,3,7,0
14944,conv2d_18,"(2, 1, 12, 1)",4,10,10,10,10,10,10,0,0
14945,conv2d_18,"(0, 1, 50, 4)",4,10,10,10,10,10,9,1,0
14946,conv2d_18,"(2, 2, 55, 15)",15,10,10,10,10,10,2,8,0
14947,conv2d_18,"(1, 0, 43, 27)",17,10,10,10,10,10,0,10,0
14948,conv2d_18,"(2, 2, 63, 42)",4,10,10,10,10,10,9,1,0
14949,conv2d_18,"(0, 0, 36, 17)",16,10,10,10,10,10,2,8,0
14950,conv2d_18,"(2, 2, 47, 7)",29,10,10,10,10,10,1,9,0
14951,conv2d_18,"(2, 2, 32, 0)",5,10,10,10,10,10,8,2,0
14952,conv2d_18,"(2, 2, 14, 25)",29,10,10,10,10,10,2,8,0
14953,conv2d_18,"(0, 2, 16, 28)",12,10,10,10,10,10,2,8,0
14954,conv2d_18,"(2, 1, 13, 41)",3,10,10,10,10,10,10,0,0
14955,conv2d_18,"(0, 0, 17, 53)",19,10,10,10,10,10,0,10,0
14956,conv2d_18,"(2, 1, 3, 34)",15,10,10,10,10,10,1,9,0
14957,conv2d_18,"(0, 0, 31, 30)",28,10,10,10,10,10,10,0,0
14958,conv2d_18,"(2, 2, 26, 62)",14,10,10,10,10,10,0,10,0
14959,conv2d_18,"(1, 2, 7, 41)",10,10,10,10,10,10,5,5,0
14960,conv2d_18,"(1, 2, 8, 43)",0,10,10,10,10,10,10,0,0
14961,conv2d_18,"(0, 1, 42, 41)",21,10,10,10,10,10,0,10,0
14962,conv2d_18,"(1, 1, 62, 52)",19,10,10,10,10,10,0,10,0
14963,conv2d_18,"(1, 0, 23, 17)",3,10,10,10,10,10,10,0,0
14964,conv2d_18,"(0, 1, 53, 4)",18,10,10,10,10,10,1,9,0
14965,conv2d_18,"(1, 2, 4, 59)",30,10,8,10,8,10,0,8,2
14966,conv2d_18,"(0, 2, 37, 7)",2,10,10,10,10,10,10,0,0
14967,conv2d_18,"(2, 0, 13, 34)",18,10,10,10,10,10,2,8,0
14968,conv2d_18,"(1, 0, 56, 34)",12,10,10,10,10,10,1,9,0
14969,conv2d_18,"(2, 2, 62, 58)",15,10,10,10,10,10,1,9,0
14970,conv2d_18,"(1, 0, 32, 2)",7,10,10,10,10,10,8,2,0
14971,conv2d_18,"(0, 1, 1, 31)",27,10,10,10,10,10,1,9,0
14972,conv2d_18,"(2, 0, 34, 1)",6,10,10,10,10,10,10,0,0
14973,conv2d_18,"(0, 1, 59, 63)",29,10,10,10,10,10,1,9,0
14974,conv2d_18,"(0, 0, 27, 57)",3,10,10,10,10,10,10,0,0
14975,conv2d_18,"(2, 0, 62, 22)",14,10,10,10,10,10,2,8,0
14976,conv2d_18,"(0, 1, 21, 54)",23,10,10,10,10,10,0,10,0
14977,conv2d_18,"(0, 2, 36, 62)",0,10,10,10,10,10,10,0,0
14978,conv2d_18,"(0, 0, 19, 31)",4,10,10,10,10,10,6,4,0
14979,conv2d_18,"(2, 2, 28, 14)",27,10,10,10,10,10,0,10,0
14980,conv2d_18,"(1, 0, 51, 8)",30,10,5,8,5,8,0,5,5
14981,conv2d_18,"(0, 2, 39, 1)",20,10,10,10,10,10,1,9,0
14982,conv2d_18,"(1, 0, 20, 63)",26,10,10,10,10,10,0,10,0
14983,conv2d_18,"(1, 2, 32, 43)",13,10,10,10,10,10,1,9,0
14984,conv2d_18,"(2, 0, 9, 49)",22,10,10,10,10,10,1,9,0
14985,conv2d_18,"(0, 1, 39, 25)",14,10,10,10,10,10,2,8,0
14986,conv2d_18,"(1, 2, 63, 37)",11,10,10,10,10,10,0,10,0
14987,conv2d_18,"(2, 2, 5, 27)",4,10,10,10,10,10,10,0,0
14988,conv2d_18,"(2, 2, 60, 6)",14,10,10,10,10,10,0,10,0
14989,conv2d_18,"(1, 1, 45, 34)",4,10,10,10,10,10,10,0,0
14990,conv2d_18,"(1, 2, 3, 28)",10,10,10,10,10,10,4,6,0
14991,conv2d_18,"(1, 2, 58, 49)",20,10,10,10,10,10,0,10,0
14992,conv2d_18,"(2, 1, 28, 31)",8,10,10,10,10,10,5,5,0
14993,conv2d_18,"(1, 2, 10, 40)",1,10,10,10,10,10,10,0,0
14994,conv2d_18,"(0, 1, 61, 23)",11,10,10,10,10,10,4,6,0
14995,conv2d_18,"(0, 1, 57, 17)",10,10,10,10,10,10,1,9,0
14996,conv2d_18,"(0, 2, 52, 17)",27,10,10,10,10,10,0,10,0
14997,conv2d_18,"(0, 1, 59, 14)",4,10,10,10,10,10,10,0,0
14998,conv2d_18,"(1, 2, 24, 24)",6,10,10,10,10,10,10,0,0
14999,conv2d_18,"(0, 1, 12, 63)",9,10,10,10,10,10,9,1,0
15000,conv2d_18,"(0, 0, 41, 38)",20,10,10,10,10,10,3,7,0
15001,conv2d_18,"(1, 1, 27, 58)",11,10,10,10,10,10,2,8,0
15002,conv2d_18,"(2, 0, 14, 9)",21,10,10,10,10,10,0,10,0
15003,conv2d_18,"(0, 1, 50, 60)",16,10,10,10,10,10,2,8,0
15004,conv2d_18,"(0, 1, 2, 37)",29,10,10,10,10,10,3,7,0
15005,conv2d_18,"(0, 0, 38, 62)",21,10,10,10,10,10,1,9,0
15006,conv2d_18,"(1, 2, 20, 21)",5,10,10,10,10,10,8,2,0
15007,conv2d_18,"(2, 1, 1, 14)",19,10,10,10,10,10,2,8,0
15008,conv2d_18,"(1, 0, 44, 55)",25,10,10,10,10,10,0,10,0
15009,conv2d_18,"(0, 0, 30, 47)",0,10,10,10,10,10,10,0,0
15010,conv2d_18,"(2, 2, 54, 3)",25,10,10,10,10,10,4,6,0
15011,conv2d_18,"(0, 0, 20, 44)",3,10,10,10,10,10,10,0,0
15012,conv2d_18,"(0, 2, 17, 38)",18,10,10,10,10,10,0,10,0
15013,conv2d_18,"(1, 1, 18, 20)",0,10,10,10,10,10,10,0,0
15014,conv2d_18,"(2, 1, 20, 33)",20,10,10,10,10,10,0,10,0
15015,conv2d_18,"(0, 1, 9, 6)",30,10,5,5,5,5,0,5,5
15016,conv2d_18,"(1, 0, 37, 17)",15,10,10,10,10,10,3,7,0
15017,conv2d_18,"(0, 2, 6, 18)",20,10,10,10,10,10,0,10,0
15018,conv2d_18,"(0, 0, 41, 56)",14,10,10,10,10,10,4,6,0
15019,conv2d_18,"(2, 1, 49, 20)",17,10,10,10,10,10,0,10,0
15020,conv2d_18,"(0, 0, 39, 48)",1,10,10,10,10,10,10,0,0
15021,conv2d_18,"(2, 0, 14, 16)",1,10,10,10,10,10,9,1,0
15022,conv2d_18,"(2, 1, 55, 62)",13,10,10,10,10,10,3,7,0
15023,conv2d_18,"(0, 2, 63, 45)",30,10,0,3,0,3,0,0,10
15024,conv2d_18,"(0, 2, 17, 54)",11,10,10,10,10,10,1,9,0
15025,conv2d_18,"(2, 0, 63, 58)",16,10,10,10,10,10,3,7,0
15026,conv2d_18,"(2, 1, 22, 27)",1,10,10,10,10,10,10,0,0
15027,conv2d_18,"(0, 1, 33, 63)",0,10,10,10,10,10,10,0,0
15028,conv2d_18,"(1, 0, 57, 15)",6,10,10,10,10,10,8,2,0
15029,conv2d_18,"(1, 1, 61, 59)",28,10,10,10,10,10,0,10,0
15030,conv2d_18,"(0, 2, 4, 44)",4,10,10,10,10,10,10,0,0
15031,conv2d_18,"(1, 1, 15, 53)",12,10,10,10,10,10,0,10,0
15032,conv2d_18,"(1, 2, 54, 54)",0,10,10,10,10,10,10,0,0
15033,conv2d_18,"(0, 0, 0, 53)",1,10,10,10,10,10,10,0,0
15034,conv2d_18,"(2, 0, 26, 2)",7,10,10,10,10,10,9,1,0
15035,conv2d_18,"(2, 1, 7, 58)",28,10,10,10,10,10,4,6,0
15036,conv2d_18,"(2, 1, 43, 51)",18,10,10,10,10,10,1,9,0
15037,conv2d_18,"(2, 2, 4, 36)",21,10,10,10,10,10,3,7,0
15038,conv2d_18,"(1, 0, 25, 1)",4,10,10,10,10,10,10,0,0
15039,conv2d_18,"(1, 0, 3, 26)",1,10,10,10,10,10,10,0,0
15040,conv2d_18,"(2, 1, 16, 38)",1,10,10,10,10,10,10,0,0
15041,conv2d_18,"(0, 0, 53, 36)",31,10,10,10,10,10,1,9,0
15042,conv2d_18,"(0, 0, 39, 29)",10,10,10,10,10,10,1,9,0
15043,conv2d_18,"(1, 0, 46, 12)",18,10,10,10,10,10,2,8,0
15044,conv2d_18,"(1, 2, 62, 25)",9,10,10,10,10,10,5,5,0
15045,conv2d_18,"(0, 2, 16, 44)",6,10,10,10,10,10,9,1,0
15046,conv2d_18,"(1, 1, 36, 43)",13,10,10,10,10,10,0,10,0
15047,conv2d_18,"(1, 1, 45, 21)",22,10,10,10,10,10,0,10,0
15048,conv2d_18,"(2, 0, 30, 40)",23,10,10,10,10,10,0,10,0
15049,conv2d_18,"(1, 2, 55, 3)",16,10,10,10,10,10,8,2,0
15050,conv2d_18,"(2, 0, 24, 9)",30,10,2,7,2,7,0,2,8
15051,conv2d_18,"(0, 0, 32, 35)",31,10,10,10,10,10,0,10,0
15052,conv2d_18,"(0, 0, 0, 16)",11,10,10,10,10,10,0,10,0
15053,conv2d_18,"(0, 2, 18, 15)",28,10,10,10,10,10,1,9,0
15054,conv2d_18,"(0, 2, 29, 1)",8,10,10,10,10,10,8,2,0
15055,conv2d_18,"(2, 0, 7, 60)",27,10,10,10,10,10,3,7,0
15056,conv2d_18,"(2, 1, 7, 3)",8,10,10,10,10,10,10,0,0
15057,conv2d_18,"(0, 0, 54, 7)",18,10,10,10,10,10,6,4,0
15058,conv2d_18,"(1, 2, 3, 13)",31,10,10,10,10,10,1,9,0
15059,conv2d_18,"(1, 0, 59, 60)",8,10,10,10,10,10,10,0,0
15060,conv2d_18,"(0, 2, 50, 31)",30,10,4,5,4,5,0,4,6
15061,conv2d_18,"(1, 2, 26, 60)",18,10,10,10,10,10,0,10,0
15062,conv2d_18,"(1, 2, 14, 18)",21,10,10,10,10,10,0,10,0
15063,conv2d_18,"(0, 2, 20, 60)",1,10,10,10,10,10,10,0,0
15064,conv2d_18,"(1, 2, 28, 34)",5,10,10,10,10,10,9,1,0
15065,conv2d_18,"(0, 2, 37, 56)",13,10,10,10,10,10,1,9,0
15066,conv2d_18,"(2, 0, 55, 6)",5,10,10,10,10,10,9,1,0
15067,conv2d_18,"(1, 1, 13, 6)",20,10,10,10,10,10,0,10,0
15068,conv2d_18,"(2, 1, 16, 42)",20,10,10,10,10,10,3,7,0
15069,conv2d_18,"(0, 0, 63, 25)",16,10,10,10,10,10,0,10,0
15070,conv2d_18,"(0, 2, 4, 14)",12,10,10,10,10,10,3,7,0
15071,conv2d_18,"(0, 2, 49, 28)",24,10,10,10,10,10,0,10,0
15072,conv2d_18,"(0, 1, 10, 36)",8,10,10,10,10,10,2,8,0
15073,conv2d_18,"(2, 0, 60, 62)",15,10,10,10,10,10,0,10,0
15074,conv2d_18,"(2, 0, 9, 29)",27,10,10,10,10,10,1,9,0
15075,conv2d_18,"(0, 1, 2, 33)",20,10,10,10,10,10,0,10,0
15076,conv2d_18,"(1, 2, 9, 57)",31,10,10,10,10,10,2,8,0
15077,conv2d_18,"(0, 2, 28, 18)",1,10,10,10,10,10,10,0,0
15078,conv2d_18,"(0, 2, 4, 9)",22,10,10,10,10,10,2,8,0
15079,conv2d_18,"(0, 1, 34, 45)",31,10,10,10,10,10,3,7,0
15080,conv2d_18,"(2, 1, 36, 33)",1,10,10,10,10,10,10,0,0
15081,conv2d_18,"(2, 1, 10, 28)",6,10,10,10,10,10,9,1,0
15082,conv2d_18,"(1, 1, 34, 61)",1,10,10,10,10,10,10,0,0
15083,conv2d_18,"(0, 0, 23, 60)",23,10,10,10,10,10,1,9,0
15084,conv2d_18,"(1, 0, 30, 25)",25,10,10,10,10,10,1,9,0
15085,conv2d_18,"(0, 2, 25, 18)",21,10,10,10,10,10,1,9,0
15086,conv2d_18,"(0, 2, 51, 56)",3,10,10,10,10,10,7,3,0
15087,conv2d_18,"(1, 1, 21, 59)",15,10,10,10,10,10,0,10,0
15088,conv2d_18,"(2, 1, 46, 15)",11,10,10,10,10,10,5,5,0
15089,conv2d_18,"(0, 1, 55, 12)",14,10,10,10,10,10,3,7,0
15090,conv2d_18,"(0, 2, 49, 45)",16,10,10,10,10,10,3,7,0
15091,conv2d_18,"(0, 0, 36, 62)",16,10,10,10,10,10,0,10,0
15092,conv2d_18,"(2, 0, 37, 26)",12,10,10,10,10,10,8,2,0
15093,conv2d_18,"(1, 2, 18, 32)",10,10,10,10,10,10,6,4,0
15094,conv2d_18,"(1, 1, 28, 52)",19,10,10,10,10,10,0,10,0
15095,conv2d_18,"(1, 0, 0, 26)",1,10,10,10,10,10,8,2,0
15096,conv2d_18,"(1, 2, 39, 47)",24,10,10,10,10,10,2,8,0
15097,conv2d_18,"(2, 0, 8, 1)",29,10,10,10,10,10,2,8,0
15098,conv2d_18,"(2, 1, 21, 62)",31,10,10,10,10,10,0,10,0
15099,conv2d_18,"(1, 2, 55, 40)",1,10,10,10,10,10,10,0,0
15100,conv2d_18,"(1, 1, 24, 62)",29,10,10,10,10,10,0,10,0
15101,conv2d_18,"(1, 0, 2, 15)",29,10,10,10,10,10,0,10,0
15102,conv2d_18,"(1, 1, 52, 2)",2,10,10,10,10,10,9,1,0
15103,conv2d_18,"(1, 1, 54, 22)",8,10,10,10,10,10,10,0,0
15104,conv2d_18,"(0, 1, 25, 17)",26,10,10,10,10,10,0,10,0
15105,conv2d_18,"(0, 0, 19, 37)",0,10,10,10,10,10,10,0,0
15106,conv2d_18,"(1, 1, 50, 57)",27,10,10,10,10,10,1,9,0
15107,conv2d_18,"(1, 2, 58, 50)",5,10,10,10,10,10,10,0,0
15108,conv2d_18,"(0, 1, 38, 26)",17,10,10,10,10,10,0,10,0
15109,conv2d_18,"(2, 1, 56, 59)",10,10,10,10,10,10,4,6,0
15110,conv2d_18,"(2, 2, 50, 29)",24,10,10,10,10,10,0,10,0
15111,conv2d_18,"(1, 2, 31, 52)",27,10,10,10,10,10,10,0,0
15112,conv2d_18,"(0, 1, 23, 15)",22,10,10,10,10,10,1,9,0
15113,conv2d_18,"(1, 1, 63, 63)",16,10,10,10,10,10,0,10,0
15114,conv2d_18,"(2, 1, 32, 7)",1,10,10,10,10,10,10,0,0
15115,conv2d_18,"(1, 0, 21, 50)",7,10,10,10,10,10,2,8,0
15116,conv2d_18,"(2, 1, 44, 11)",27,10,10,10,10,10,0,10,0
15117,conv2d_18,"(2, 0, 22, 43)",29,10,10,10,10,10,1,9,0
15118,conv2d_18,"(1, 0, 24, 15)",16,10,10,10,10,10,0,10,0
15119,conv2d_18,"(1, 1, 34, 1)",30,10,0,3,0,3,0,0,10
15120,conv2d_18,"(2, 0, 25, 28)",21,10,10,10,10,10,2,8,0
15121,conv2d_18,"(2, 1, 19, 6)",24,10,10,10,10,10,2,8,0
15122,conv2d_18,"(0, 2, 49, 20)",6,10,10,10,10,10,9,1,0
15123,conv2d_18,"(0, 1, 11, 33)",2,10,10,10,10,10,8,2,0
15124,conv2d_18,"(2, 1, 57, 24)",5,10,10,10,10,10,10,0,0
15125,conv2d_18,"(0, 0, 9, 38)",4,10,10,10,10,10,7,3,0
15126,conv2d_18,"(1, 1, 3, 9)",31,10,10,10,10,10,0,10,0
15127,conv2d_18,"(2, 1, 53, 29)",11,10,10,10,10,10,3,7,0
15128,conv2d_18,"(2, 1, 58, 30)",29,10,10,10,10,10,0,10,0
15129,conv2d_18,"(0, 1, 15, 53)",21,10,10,10,10,10,0,10,0
15130,conv2d_18,"(0, 2, 61, 36)",19,10,10,10,10,10,0,10,0
15131,conv2d_18,"(2, 0, 0, 1)",4,10,10,10,10,10,7,3,0
15132,conv2d_18,"(0, 0, 45, 7)",10,10,10,10,10,10,1,9,0
15133,conv2d_18,"(2, 1, 2, 33)",27,10,10,10,10,10,1,9,0
15134,conv2d_18,"(2, 1, 61, 52)",6,10,10,10,10,10,8,2,0
15135,conv2d_18,"(1, 1, 48, 49)",12,10,10,10,10,10,0,10,0
15136,conv2d_18,"(1, 0, 25, 31)",13,10,10,10,10,10,3,7,0
15137,conv2d_18,"(1, 2, 5, 15)",19,10,10,10,10,10,1,9,0
15138,conv2d_18,"(0, 0, 51, 56)",5,10,10,10,10,10,5,5,0
15139,conv2d_18,"(1, 1, 60, 5)",12,10,10,10,10,10,0,10,0
15140,conv2d_18,"(0, 2, 31, 47)",26,10,10,10,10,10,10,0,0
15141,conv2d_18,"(1, 1, 10, 33)",5,10,10,10,10,10,10,0,0
15142,conv2d_18,"(1, 1, 61, 21)",0,10,10,10,10,10,10,0,0
15143,conv2d_18,"(0, 0, 58, 22)",12,10,10,10,10,10,3,7,0
15144,conv2d_18,"(1, 0, 20, 42)",9,10,10,10,10,10,2,8,0
15145,conv2d_18,"(1, 1, 58, 0)",19,10,10,10,10,10,1,9,0
15146,conv2d_18,"(2, 0, 63, 51)",0,10,10,10,10,10,10,0,0
15147,conv2d_18,"(1, 2, 60, 36)",29,10,10,10,10,10,0,10,0
15148,conv2d_18,"(0, 2, 12, 5)",1,10,10,10,10,10,9,1,0
15149,conv2d_18,"(0, 1, 4, 58)",6,10,10,10,10,10,10,0,0
15150,conv2d_18,"(0, 2, 50, 15)",26,10,10,10,10,10,1,9,0
15151,conv2d_18,"(0, 0, 4, 9)",12,10,10,10,10,10,2,8,0
15152,conv2d_18,"(1, 0, 13, 6)",21,10,10,10,10,10,0,10,0
15153,conv2d_18,"(2, 0, 57, 17)",2,10,10,10,10,10,9,1,0
15154,conv2d_18,"(0, 2, 52, 41)",26,10,10,10,10,10,1,9,0
15155,conv2d_18,"(0, 2, 36, 24)",24,10,10,10,10,10,1,9,0
15156,conv2d_18,"(0, 2, 39, 17)",16,10,10,10,10,10,1,9,0
15157,conv2d_18,"(1, 1, 56, 33)",1,10,10,10,10,10,10,0,0
15158,conv2d_18,"(2, 0, 63, 46)",15,10,10,10,10,10,0,10,0
15159,conv2d_18,"(2, 0, 8, 21)",20,10,10,10,10,10,3,7,0
15160,conv2d_18,"(2, 2, 53, 61)",22,10,10,10,10,10,2,8,0
15161,conv2d_18,"(0, 1, 29, 25)",24,10,10,10,10,10,2,8,0
15162,conv2d_18,"(0, 2, 34, 16)",22,10,10,10,10,10,3,7,0
15163,conv2d_18,"(2, 1, 59, 10)",15,10,10,10,10,10,0,10,0
15164,conv2d_18,"(1, 2, 22, 12)",24,10,10,10,10,10,1,9,0
15165,conv2d_18,"(2, 1, 52, 46)",24,10,10,10,10,10,0,10,0
15166,conv2d_18,"(1, 2, 25, 58)",23,10,10,10,10,10,2,8,0
15167,conv2d_18,"(2, 2, 4, 49)",20,10,10,10,10,10,3,7,0
15168,conv2d_18,"(1, 0, 55, 52)",7,10,10,10,10,10,6,4,0
15169,conv2d_18,"(2, 2, 27, 48)",19,10,10,10,10,10,0,10,0
15170,conv2d_18,"(2, 1, 48, 60)",1,10,10,10,10,10,10,0,0
15171,conv2d_18,"(1, 0, 6, 15)",5,10,10,10,10,10,7,3,0
15172,conv2d_18,"(2, 2, 17, 36)",24,10,10,10,10,10,1,9,0
15173,conv2d_18,"(2, 0, 15, 38)",10,10,10,10,10,10,3,7,0
15174,conv2d_18,"(1, 2, 6, 18)",15,10,10,10,10,10,2,8,0
15175,conv2d_18,"(2, 1, 41, 41)",1,10,10,10,10,10,10,0,0
15176,conv2d_18,"(0, 1, 44, 28)",11,10,10,10,10,10,2,8,0
15177,conv2d_18,"(2, 2, 31, 57)",11,10,10,10,10,10,10,0,0
15178,conv2d_18,"(0, 1, 50, 56)",29,10,10,10,10,10,2,8,0
15179,conv2d_18,"(0, 1, 50, 4)",0,10,10,10,10,10,10,0,0
15180,conv2d_18,"(2, 2, 60, 10)",10,10,10,10,10,10,1,9,0
15181,conv2d_18,"(0, 2, 12, 51)",3,10,10,10,10,10,8,2,0
15182,conv2d_18,"(2, 0, 55, 41)",24,10,10,10,10,10,1,9,0
15183,conv2d_18,"(0, 0, 23, 30)",12,10,10,10,10,10,1,9,0
15184,conv2d_18,"(2, 0, 62, 55)",25,10,10,10,10,10,0,10,0
15185,conv2d_18,"(2, 0, 32, 43)",5,10,10,10,10,10,9,1,0
15186,conv2d_18,"(0, 0, 27, 61)",5,10,10,10,10,10,9,1,0
15187,conv2d_18,"(2, 0, 2, 21)",29,10,10,10,10,10,1,9,0
15188,conv2d_18,"(0, 1, 22, 21)",15,10,10,10,10,10,0,10,0
15189,conv2d_18,"(1, 2, 62, 8)",6,10,10,10,10,10,9,1,0
15190,conv2d_18,"(2, 1, 16, 28)",15,10,10,10,10,10,1,9,0
15191,conv2d_18,"(0, 2, 35, 28)",21,10,10,10,10,10,3,7,0
15192,conv2d_18,"(1, 1, 31, 50)",27,10,10,10,10,10,10,0,0
15193,conv2d_18,"(0, 1, 31, 23)",27,10,10,10,10,10,10,0,0
15194,conv2d_18,"(0, 2, 32, 17)",27,10,10,10,10,10,0,10,0
15195,conv2d_18,"(2, 0, 28, 48)",28,10,10,10,10,10,0,10,0
15196,conv2d_18,"(2, 1, 16, 35)",27,10,10,10,10,10,1,9,0
15197,conv2d_18,"(2, 2, 26, 26)",5,10,10,10,10,10,9,1,0
15198,conv2d_18,"(2, 0, 18, 22)",0,10,10,10,10,10,10,0,0
15199,conv2d_18,"(2, 1, 28, 23)",3,10,10,10,10,10,8,2,0
15200,conv2d_18,"(2, 2, 2, 52)",12,10,10,10,10,10,3,7,0
15201,conv2d_18,"(0, 1, 36, 9)",15,10,10,10,10,10,1,9,0
15202,conv2d_18,"(0, 0, 49, 31)",14,10,10,10,10,10,4,6,0
15203,conv2d_18,"(2, 0, 25, 27)",16,10,10,10,10,10,1,9,0
15204,conv2d_18,"(2, 2, 35, 43)",28,10,10,10,10,10,2,8,0
15205,conv2d_18,"(2, 2, 10, 44)",21,10,10,10,10,10,1,9,0
15206,conv2d_18,"(2, 2, 30, 20)",21,10,10,10,10,10,0,10,0
15207,conv2d_18,"(1, 0, 19, 56)",24,10,10,10,10,10,0,10,0
15208,conv2d_18,"(0, 0, 9, 58)",8,10,10,10,10,10,6,4,0
15209,conv2d_18,"(2, 2, 57, 28)",1,10,10,10,10,10,10,0,0
15210,conv2d_18,"(0, 0, 30, 2)",19,10,10,10,10,10,1,9,0
15211,conv2d_18,"(1, 0, 39, 50)",0,10,10,10,10,10,10,0,0
15212,conv2d_18,"(2, 0, 42, 10)",14,10,10,10,10,10,0,10,0
15213,conv2d_18,"(0, 2, 28, 42)",8,10,10,10,10,10,7,3,0
15214,conv2d_18,"(0, 2, 46, 54)",0,10,10,10,10,10,10,0,0
15215,conv2d_18,"(2, 0, 22, 15)",19,10,10,10,10,10,1,9,0
15216,conv2d_18,"(1, 1, 49, 28)",3,10,10,10,10,10,10,0,0
15217,conv2d_18,"(0, 1, 6, 31)",29,10,10,10,10,10,0,10,0
15218,conv2d_18,"(1, 1, 25, 8)",2,10,10,10,10,10,10,0,0
15219,conv2d_18,"(1, 1, 3, 48)",25,10,10,10,10,10,1,9,0
15220,conv2d_18,"(0, 2, 18, 8)",31,10,10,10,10,10,1,9,0
15221,conv2d_18,"(0, 1, 60, 39)",31,10,10,10,10,10,0,10,0
15222,conv2d_18,"(1, 0, 27, 23)",27,10,10,10,10,10,1,9,0
15223,conv2d_18,"(0, 1, 63, 56)",21,10,10,10,10,10,0,10,0
15224,conv2d_18,"(1, 2, 53, 25)",31,10,10,10,10,10,4,6,0
15225,conv2d_18,"(0, 2, 56, 7)",19,10,10,10,10,10,2,8,0
15226,conv2d_18,"(2, 0, 13, 16)",13,10,10,10,10,10,0,10,0
15227,conv2d_18,"(2, 2, 50, 13)",8,10,10,10,10,10,10,0,0
15228,conv2d_18,"(2, 2, 63, 25)",23,10,10,10,10,10,2,8,0
15229,conv2d_18,"(0, 2, 38, 31)",1,10,10,10,10,10,10,0,0
15230,conv2d_18,"(1, 2, 52, 42)",1,10,10,10,10,10,7,3,0
15231,conv2d_18,"(1, 0, 28, 58)",25,10,10,10,10,10,0,10,0
15232,conv2d_18,"(1, 1, 40, 57)",11,10,10,10,10,10,3,7,0
15233,conv2d_18,"(0, 2, 47, 0)",2,10,10,10,10,10,9,1,0
15234,conv2d_18,"(0, 0, 50, 24)",1,10,10,10,10,10,10,0,0
15235,conv2d_18,"(2, 0, 55, 34)",21,10,10,10,10,10,2,8,0
15236,conv2d_18,"(0, 0, 0, 13)",21,10,10,10,10,10,0,10,0
15237,conv2d_18,"(2, 2, 5, 0)",30,10,0,4,0,4,0,0,10
15238,conv2d_18,"(1, 1, 50, 21)",9,10,10,10,10,10,5,5,0
15239,conv2d_18,"(1, 1, 13, 57)",22,10,10,10,10,10,0,10,0
15240,conv2d_18,"(1, 2, 1, 16)",15,10,10,10,10,10,3,7,0
15241,conv2d_18,"(0, 1, 33, 42)",31,10,10,10,10,10,1,9,0
15242,conv2d_18,"(2, 1, 30, 20)",16,10,10,10,10,10,0,10,0
15243,conv2d_18,"(1, 1, 32, 23)",9,10,10,10,10,10,3,7,0
15244,conv2d_18,"(2, 2, 12, 41)",20,10,10,10,10,10,1,9,0
15245,conv2d_18,"(1, 1, 39, 62)",5,10,10,10,10,10,10,0,0
15246,conv2d_18,"(2, 1, 54, 37)",24,10,10,10,10,10,3,7,0
15247,conv2d_18,"(1, 0, 14, 27)",13,10,10,10,10,10,4,6,0
15248,conv2d_18,"(2, 2, 33, 23)",30,10,2,4,2,4,0,2,8
15249,conv2d_18,"(2, 1, 13, 38)",8,10,10,10,10,10,3,7,0
15250,conv2d_18,"(2, 2, 28, 55)",22,10,10,10,10,10,0,10,0
15251,conv2d_18,"(2, 0, 17, 17)",10,10,10,10,10,10,4,6,0
15252,conv2d_18,"(1, 0, 12, 27)",2,10,10,10,10,10,10,0,0
15253,conv2d_18,"(0, 0, 44, 19)",0,10,10,10,10,10,10,0,0
15254,conv2d_18,"(1, 0, 3, 16)",26,10,10,10,10,10,2,8,0
15255,conv2d_18,"(2, 0, 61, 5)",20,10,10,10,10,10,3,7,0
15256,conv2d_18,"(1, 1, 33, 30)",0,10,10,10,10,10,10,0,0
15257,conv2d_18,"(2, 0, 42, 56)",27,10,10,10,10,10,0,10,0
15258,conv2d_18,"(0, 0, 49, 9)",7,10,10,10,10,10,4,6,0
15259,conv2d_18,"(1, 2, 15, 19)",5,10,10,10,10,10,9,1,0
15260,conv2d_18,"(1, 1, 23, 55)",25,10,10,10,10,10,0,10,0
15261,conv2d_18,"(0, 0, 34, 60)",15,10,10,10,10,10,4,6,0
15262,conv2d_18,"(1, 1, 36, 29)",25,10,10,10,10,10,1,9,0
15263,conv2d_18,"(1, 2, 11, 8)",20,10,10,10,10,10,1,9,0
15264,conv2d_18,"(2, 1, 47, 38)",4,10,10,10,10,10,10,0,0
15265,conv2d_18,"(0, 1, 56, 10)",16,10,10,10,10,10,1,9,0
15266,conv2d_18,"(1, 0, 9, 39)",24,10,10,10,10,10,1,9,0
15267,conv2d_18,"(1, 0, 32, 15)",13,10,10,10,10,10,8,2,0
15268,conv2d_18,"(0, 0, 29, 9)",7,10,10,10,10,10,8,2,0
15269,conv2d_18,"(0, 1, 60, 48)",6,10,10,10,10,10,5,5,0
15270,conv2d_18,"(0, 0, 50, 46)",3,10,10,10,10,10,10,0,0
15271,conv2d_18,"(1, 0, 16, 62)",29,10,10,10,10,10,0,10,0
15272,conv2d_18,"(0, 1, 45, 48)",18,10,10,10,10,10,0,10,0
15273,conv2d_18,"(1, 0, 54, 7)",3,10,10,10,10,10,10,0,0
15274,conv2d_18,"(1, 1, 36, 43)",6,10,10,10,10,10,7,3,0
15275,conv2d_18,"(1, 0, 21, 17)",16,10,10,10,10,10,6,4,0
15276,conv2d_18,"(0, 1, 9, 20)",27,10,10,10,10,10,2,8,0
15277,conv2d_18,"(0, 2, 60, 36)",17,10,10,10,10,10,0,10,0
15278,conv2d_18,"(1, 2, 19, 31)",20,10,10,10,10,10,1,9,0
15279,conv2d_18,"(2, 2, 38, 63)",23,10,10,10,10,10,1,9,0
15280,conv2d_18,"(0, 1, 28, 13)",22,10,10,10,10,10,0,10,0
15281,conv2d_18,"(1, 1, 28, 25)",11,10,10,10,10,10,1,9,0
15282,conv2d_18,"(2, 1, 11, 26)",7,10,10,10,10,10,8,2,0
15283,conv2d_18,"(1, 2, 32, 50)",28,10,10,10,10,10,0,10,0
15284,conv2d_18,"(2, 2, 55, 44)",8,10,10,10,10,10,4,6,0
15285,conv2d_18,"(2, 1, 39, 23)",26,10,10,10,10,10,1,9,0
15286,conv2d_18,"(0, 1, 60, 4)",30,10,2,4,2,4,0,2,8
15287,conv2d_18,"(2, 0, 45, 56)",12,10,10,10,10,10,0,10,0
15288,conv2d_18,"(2, 1, 41, 11)",26,10,10,10,10,10,1,9,0
15289,conv2d_18,"(1, 2, 54, 24)",27,10,10,10,10,10,3,7,0
15290,conv2d_18,"(0, 2, 13, 19)",27,10,10,10,10,10,2,8,0
15291,conv2d_18,"(0, 2, 55, 1)",18,10,10,10,10,10,2,8,0
15292,conv2d_18,"(1, 2, 34, 35)",11,10,10,10,10,10,1,9,0
15293,conv2d_18,"(1, 1, 17, 63)",20,10,10,10,10,10,1,9,0
15294,conv2d_18,"(2, 2, 49, 62)",31,10,10,10,10,10,0,10,0
15295,conv2d_18,"(0, 2, 8, 40)",18,10,10,10,10,10,1,9,0
15296,conv2d_18,"(2, 0, 25, 31)",25,10,10,10,10,10,0,10,0
15297,conv2d_18,"(0, 0, 55, 26)",19,10,10,10,10,10,3,7,0
15298,conv2d_18,"(0, 1, 63, 34)",29,10,10,10,10,10,0,10,0
15299,conv2d_18,"(2, 1, 9, 63)",17,10,10,10,10,10,1,9,0
15300,conv2d_18,"(2, 2, 46, 42)",25,10,10,10,10,10,5,5,0
15301,conv2d_18,"(0, 2, 33, 10)",29,10,10,10,10,10,2,8,0
15302,conv2d_18,"(0, 2, 39, 58)",18,10,10,10,10,10,4,6,0
15303,conv2d_18,"(1, 1, 18, 13)",1,10,10,10,10,10,10,0,0
15304,conv2d_18,"(1, 0, 31, 41)",14,10,10,10,10,10,10,0,0
15305,conv2d_18,"(1, 1, 17, 22)",31,10,10,10,10,10,0,10,0
15306,conv2d_18,"(1, 1, 7, 24)",11,10,10,10,10,10,5,5,0
15307,conv2d_18,"(1, 1, 55, 15)",14,10,10,10,10,10,2,8,0
15308,conv2d_18,"(0, 1, 55, 16)",4,10,10,10,10,10,10,0,0
15309,conv2d_18,"(2, 2, 32, 59)",14,10,10,10,10,10,0,10,0
15310,conv2d_18,"(2, 0, 44, 35)",10,10,10,10,10,10,10,0,0
15311,conv2d_18,"(2, 0, 12, 57)",22,10,10,10,10,10,2,8,0
15312,conv2d_18,"(1, 0, 33, 40)",3,10,10,10,10,10,10,0,0
15313,conv2d_18,"(0, 2, 62, 53)",0,10,10,10,10,10,9,1,0
15314,conv2d_18,"(2, 0, 53, 17)",1,10,10,10,10,10,10,0,0
15315,conv2d_18,"(2, 0, 52, 44)",14,10,10,10,10,10,0,10,0
15316,conv2d_18,"(0, 2, 33, 50)",28,10,10,10,10,10,0,10,0
15317,conv2d_18,"(2, 0, 18, 52)",28,10,10,10,10,10,1,9,0
15318,conv2d_18,"(2, 2, 20, 10)",11,10,10,10,10,10,2,8,0
15319,conv2d_18,"(0, 0, 31, 52)",25,10,10,10,10,10,10,0,0
15320,conv2d_18,"(1, 1, 22, 58)",2,10,10,10,10,10,10,0,0
15321,conv2d_18,"(2, 1, 63, 56)",4,10,10,10,10,10,7,3,0
15322,conv2d_18,"(0, 1, 19, 53)",13,10,10,10,10,10,0,10,0
15323,conv2d_18,"(0, 1, 11, 20)",31,10,10,10,10,10,0,10,0
15324,conv2d_18,"(1, 1, 14, 27)",18,10,10,10,10,10,1,9,0
15325,conv2d_18,"(2, 2, 61, 21)",16,10,10,10,10,10,0,10,0
15326,conv2d_18,"(2, 2, 61, 24)",30,10,2,6,2,6,0,2,8
15327,conv2d_18,"(0, 1, 34, 20)",22,10,10,10,10,10,2,8,0
15328,conv2d_18,"(0, 2, 34, 10)",24,10,10,10,10,10,3,7,0
15329,conv2d_18,"(2, 1, 7, 41)",0,10,10,10,10,10,9,1,0
15330,conv2d_18,"(0, 1, 27, 47)",19,10,10,10,10,10,2,8,0
15331,conv2d_18,"(1, 2, 6, 56)",16,10,10,10,10,10,0,10,0
15332,conv2d_18,"(0, 2, 43, 59)",17,10,10,10,10,10,0,10,0
15333,conv2d_18,"(2, 2, 61, 4)",13,10,10,10,10,10,0,10,0
15334,conv2d_18,"(1, 1, 37, 23)",15,10,10,10,10,10,1,9,0
15335,conv2d_18,"(2, 0, 17, 18)",30,10,1,7,1,7,0,1,9
15336,conv2d_18,"(2, 0, 4, 11)",9,10,10,10,10,10,8,2,0
15337,conv2d_18,"(0, 0, 34, 15)",12,10,10,10,10,10,4,6,0
15338,conv2d_18,"(1, 1, 61, 32)",15,10,10,10,10,10,0,10,0
15339,conv2d_18,"(1, 2, 49, 27)",14,10,10,10,10,10,2,8,0
15340,conv2d_18,"(1, 1, 36, 45)",2,10,10,10,10,10,10,0,0
15341,conv2d_18,"(2, 2, 62, 52)",6,10,10,10,10,10,10,0,0
15342,conv2d_18,"(0, 2, 18, 26)",6,10,10,10,10,10,8,2,0
15343,conv2d_18,"(2, 1, 52, 12)",25,10,10,10,10,10,0,10,0
15344,conv2d_18,"(1, 2, 57, 35)",15,10,10,10,10,10,0,10,0
15345,conv2d_18,"(1, 1, 45, 31)",15,10,10,10,10,10,0,10,0
15346,conv2d_18,"(0, 1, 21, 21)",0,10,10,10,10,10,10,0,0
15347,conv2d_18,"(1, 1, 60, 51)",31,10,10,10,10,10,0,10,0
15348,conv2d_18,"(2, 1, 4, 30)",11,10,10,10,10,10,9,1,0
15349,conv2d_18,"(1, 1, 7, 40)",2,10,10,10,10,10,10,0,0
15350,conv2d_18,"(1, 2, 27, 17)",5,10,10,10,10,10,10,0,0
15351,conv2d_18,"(1, 0, 33, 6)",24,10,10,10,10,10,0,10,0
15352,conv2d_18,"(2, 0, 18, 31)",5,10,10,10,10,10,6,4,0
15353,conv2d_18,"(1, 0, 38, 44)",8,10,10,10,10,10,2,8,0
15354,conv2d_18,"(2, 2, 32, 9)",5,10,10,10,10,10,9,1,0
15355,conv2d_18,"(2, 2, 23, 22)",26,10,10,10,10,10,1,9,0
15356,conv2d_18,"(0, 2, 24, 57)",16,10,10,10,10,10,0,10,0
15357,conv2d_18,"(2, 0, 32, 15)",26,10,10,10,10,10,0,10,0
15358,conv2d_18,"(0, 2, 13, 40)",21,10,10,10,10,10,1,9,0
15359,conv2d_18,"(0, 0, 22, 7)",13,10,10,10,10,10,2,8,0
15360,conv2d_18,"(2, 2, 41, 11)",10,10,10,10,10,10,3,7,0
15361,conv2d_18,"(2, 1, 1, 12)",4,10,10,10,10,10,10,0,0
15362,conv2d_18,"(2, 0, 39, 19)",3,10,10,10,10,10,9,1,0
15363,conv2d_18,"(2, 0, 38, 14)",20,10,10,10,10,10,0,10,0
15364,conv2d_18,"(0, 2, 28, 60)",3,10,10,10,10,10,10,0,0
15365,conv2d_18,"(1, 0, 40, 52)",30,10,4,6,4,6,0,4,6
15366,conv2d_18,"(0, 1, 6, 24)",21,10,10,10,10,10,0,10,0
15367,conv2d_18,"(1, 0, 46, 39)",11,10,10,10,10,10,4,6,0
15368,conv2d_18,"(1, 2, 44, 32)",0,10,10,10,10,10,10,0,0
15369,conv2d_18,"(1, 0, 28, 46)",25,10,10,10,10,10,0,10,0
15370,conv2d_18,"(2, 0, 54, 41)",20,10,10,10,10,10,4,6,0
15371,conv2d_18,"(2, 2, 1, 33)",23,10,10,10,10,10,1,9,0
15372,conv2d_18,"(1, 2, 12, 20)",30,10,7,8,7,8,0,7,3
15373,conv2d_18,"(0, 0, 55, 23)",11,10,10,10,10,10,3,7,0
15374,conv2d_18,"(2, 1, 36, 29)",30,10,7,7,7,7,0,7,3
15375,conv2d_18,"(1, 1, 38, 13)",4,10,10,10,10,10,7,3,0
15376,conv2d_18,"(0, 1, 24, 56)",19,10,10,10,10,10,1,9,0
15377,conv2d_18,"(2, 1, 3, 31)",25,10,10,10,10,10,0,10,0
15378,conv2d_18,"(2, 1, 57, 49)",0,10,10,10,10,10,9,1,0
15379,conv2d_18,"(2, 2, 12, 1)",19,10,10,10,10,10,3,7,0
15380,conv2d_18,"(1, 2, 54, 59)",23,10,10,10,10,10,3,7,0
15381,conv2d_18,"(2, 1, 44, 24)",1,10,10,10,10,10,10,0,0
15382,conv2d_18,"(0, 1, 11, 56)",3,10,10,10,10,10,9,1,0
15383,conv2d_18,"(1, 1, 60, 32)",9,10,10,10,10,10,1,9,0
15384,conv2d_18,"(1, 0, 44, 3)",11,10,10,10,10,10,4,6,0
15385,conv2d_18,"(0, 2, 58, 38)",3,10,10,10,10,10,10,0,0
15386,conv2d_18,"(2, 1, 9, 24)",15,10,10,10,10,10,1,9,0
15387,conv2d_18,"(0, 1, 13, 58)",20,10,10,10,10,10,1,9,0
15388,conv2d_18,"(0, 2, 48, 23)",25,10,10,10,10,10,0,10,0
15389,conv2d_18,"(2, 1, 3, 4)",20,10,10,10,10,10,1,9,0
15390,conv2d_18,"(2, 2, 58, 7)",29,10,10,10,10,10,1,9,0
15391,conv2d_18,"(0, 0, 18, 43)",29,10,10,10,10,10,1,9,0
15392,conv2d_18,"(1, 1, 52, 1)",28,10,10,10,10,10,0,10,0
15393,conv2d_18,"(2, 2, 8, 38)",12,10,10,10,10,10,0,10,0
15394,conv2d_18,"(1, 0, 8, 1)",27,10,10,10,10,10,2,8,0
15395,conv2d_18,"(1, 0, 16, 34)",13,10,10,10,10,10,0,10,0
15396,conv2d_18,"(2, 2, 10, 55)",6,10,10,10,10,10,6,4,0
15397,conv2d_18,"(1, 2, 40, 30)",27,10,10,10,10,10,1,9,0
15398,conv2d_18,"(0, 1, 58, 46)",9,10,10,10,10,10,3,7,0
15399,conv2d_18,"(2, 2, 14, 63)",16,10,10,10,10,10,2,8,0
15400,conv2d_18,"(1, 1, 38, 14)",11,10,10,10,10,10,2,8,0
15401,conv2d_18,"(0, 1, 4, 30)",31,10,10,10,10,10,1,9,0
15402,conv2d_18,"(1, 0, 37, 7)",27,10,10,10,10,10,2,8,0
15403,conv2d_18,"(0, 2, 61, 59)",26,10,10,10,10,10,0,10,0
15404,conv2d_18,"(2, 0, 9, 35)",16,10,10,10,10,10,2,8,0
15405,conv2d_18,"(1, 2, 6, 53)",5,10,10,10,10,10,7,3,0
15406,conv2d_18,"(1, 0, 28, 19)",9,10,10,10,10,10,1,9,0
15407,conv2d_18,"(2, 2, 3, 18)",10,10,10,10,10,10,6,4,0
15408,conv2d_18,"(0, 0, 0, 57)",19,10,10,10,10,10,0,10,0
15409,conv2d_18,"(2, 0, 19, 62)",27,10,10,10,10,10,2,8,0
15410,conv2d_18,"(2, 2, 31, 62)",27,10,10,10,10,10,10,0,0
15411,conv2d_18,"(1, 0, 61, 49)",27,10,10,10,10,10,2,8,0
15412,conv2d_18,"(1, 1, 26, 47)",29,10,10,10,10,10,1,9,0
15413,conv2d_18,"(2, 2, 31, 3)",11,10,10,10,10,10,10,0,0
15414,conv2d_18,"(2, 2, 38, 61)",5,10,10,10,10,10,9,1,0
15415,conv2d_18,"(2, 0, 29, 38)",28,10,10,10,10,10,1,9,0
15416,conv2d_18,"(1, 0, 0, 40)",0,10,10,10,10,10,9,1,0
15417,conv2d_18,"(1, 0, 27, 24)",6,10,10,10,10,10,10,0,0
15418,conv2d_18,"(1, 0, 54, 37)",22,10,10,10,10,10,3,7,0
15419,conv2d_18,"(2, 2, 10, 9)",11,10,10,10,10,10,6,4,0
15420,conv2d_18,"(0, 0, 6, 62)",10,10,10,10,10,10,5,5,0
15421,conv2d_18,"(0, 1, 8, 37)",2,10,10,10,10,10,10,0,0
15422,conv2d_18,"(1, 1, 24, 39)",22,10,10,10,10,10,0,10,0
15423,conv2d_18,"(2, 1, 57, 47)",27,10,10,10,10,10,0,10,0
15424,conv2d_18,"(0, 2, 38, 31)",5,10,10,10,10,10,7,3,0
15425,conv2d_18,"(1, 2, 63, 16)",17,10,10,10,10,10,1,9,0
15426,conv2d_18,"(1, 1, 62, 20)",19,10,10,10,10,10,0,10,0
15427,conv2d_18,"(0, 1, 23, 57)",3,10,10,10,10,10,10,0,0
15428,conv2d_18,"(1, 2, 19, 10)",24,10,10,10,10,10,2,8,0
15429,conv2d_18,"(2, 1, 45, 59)",30,10,2,6,2,6,0,2,8
15430,conv2d_18,"(0, 1, 26, 49)",7,10,10,10,10,10,9,1,0
15431,conv2d_18,"(1, 0, 25, 9)",29,10,10,10,10,10,1,9,0
15432,conv2d_18,"(0, 1, 58, 3)",20,10,10,10,10,10,4,6,0
15433,conv2d_18,"(1, 0, 14, 6)",13,10,10,10,10,10,0,10,0
15434,conv2d_18,"(0, 0, 50, 56)",20,10,10,10,10,10,2,8,0
15435,conv2d_18,"(0, 2, 36, 20)",6,10,10,10,10,10,9,1,0
15436,conv2d_18,"(1, 0, 35, 54)",16,10,10,10,10,10,1,9,0
15437,conv2d_18,"(1, 0, 43, 40)",29,10,10,10,10,10,0,10,0
15438,conv2d_18,"(1, 2, 35, 17)",28,10,10,10,10,10,2,8,0
15439,conv2d_18,"(2, 2, 25, 44)",28,10,10,10,10,10,0,10,0
15440,conv2d_18,"(0, 1, 4, 17)",9,10,10,10,10,10,3,7,0
15441,conv2d_18,"(1, 2, 25, 21)",11,10,10,10,10,10,2,8,0
15442,conv2d_18,"(2, 1, 48, 46)",20,10,10,10,10,10,0,10,0
15443,conv2d_18,"(1, 0, 48, 1)",7,10,10,10,10,10,3,7,0
15444,conv2d_18,"(1, 1, 51, 10)",25,10,10,10,10,10,0,10,0
15445,conv2d_18,"(0, 1, 12, 45)",1,10,10,10,10,10,10,0,0
15446,conv2d_18,"(1, 1, 41, 30)",6,10,10,10,10,10,10,0,0
15447,conv2d_18,"(1, 1, 6, 7)",1,10,10,10,10,10,10,0,0
15448,conv2d_18,"(2, 1, 54, 45)",30,10,1,3,1,3,1,0,9
15449,conv2d_18,"(0, 1, 13, 23)",1,10,10,10,10,10,10,0,0
15450,conv2d_18,"(2, 2, 34, 5)",13,10,10,10,10,10,1,9,0
15451,conv2d_18,"(2, 1, 3, 4)",15,10,10,10,10,10,2,8,0
15452,conv2d_18,"(2, 0, 63, 29)",15,10,10,10,10,10,1,9,0
15453,conv2d_18,"(0, 2, 14, 54)",31,10,10,10,10,10,0,10,0
15454,conv2d_18,"(0, 2, 21, 57)",6,10,10,10,10,10,7,3,0
15455,conv2d_18,"(2, 0, 25, 49)",7,10,10,10,10,10,9,1,0
15456,conv2d_18,"(0, 1, 42, 55)",2,10,10,10,10,10,10,0,0
15457,conv2d_18,"(1, 0, 34, 3)",6,10,10,10,10,10,10,0,0
15458,conv2d_18,"(1, 1, 25, 41)",2,10,10,10,10,10,10,0,0
15459,conv2d_18,"(1, 2, 26, 2)",28,10,10,10,10,10,1,9,0
15460,conv2d_18,"(0, 0, 62, 10)",0,10,10,10,10,10,10,0,0
15461,conv2d_18,"(1, 2, 44, 6)",23,10,10,10,10,10,0,10,0
15462,conv2d_18,"(2, 2, 13, 1)",28,10,10,10,10,10,1,9,0
15463,conv2d_18,"(2, 1, 7, 1)",11,10,10,10,10,10,4,6,0
15464,conv2d_18,"(0, 0, 18, 33)",22,10,10,10,10,10,0,10,0
15465,conv2d_18,"(0, 2, 33, 44)",12,10,10,10,10,10,1,9,0
15466,conv2d_18,"(2, 0, 21, 32)",11,10,10,10,10,10,7,3,0
15467,conv2d_18,"(2, 1, 22, 10)",12,10,10,10,10,10,1,9,0
15468,conv2d_18,"(1, 2, 18, 0)",12,10,10,10,10,10,1,9,0
15469,conv2d_18,"(0, 1, 2, 31)",4,10,10,10,10,10,7,3,0
15470,conv2d_18,"(0, 1, 17, 30)",27,10,10,10,10,10,1,9,0
15471,conv2d_18,"(2, 2, 32, 1)",30,10,0,3,0,3,0,0,10
15472,conv2d_18,"(1, 2, 38, 33)",14,10,10,10,10,10,1,9,0
15473,conv2d_18,"(0, 0, 13, 1)",28,10,10,10,10,10,2,8,0
15474,conv2d_18,"(1, 1, 62, 1)",30,10,0,3,0,3,0,0,10
15475,conv2d_18,"(0, 0, 43, 39)",18,10,10,10,10,10,0,10,0
15476,conv2d_18,"(1, 2, 31, 24)",29,10,10,10,10,10,10,0,0
15477,conv2d_18,"(1, 0, 28, 38)",4,10,10,10,10,10,10,0,0
15478,conv2d_18,"(0, 0, 5, 9)",25,10,10,10,10,10,1,9,0
15479,conv2d_18,"(1, 0, 26, 10)",30,10,2,2,2,2,0,2,8
15480,conv2d_18,"(1, 0, 3, 41)",20,10,10,10,10,10,0,10,0
15481,conv2d_18,"(0, 2, 28, 7)",23,10,10,10,10,10,1,9,0
15482,conv2d_18,"(1, 0, 14, 12)",30,10,0,5,0,5,0,0,10
15483,conv2d_18,"(2, 1, 45, 36)",15,10,10,10,10,10,0,10,0
15484,conv2d_18,"(1, 0, 21, 52)",0,10,10,10,10,10,10,0,0
15485,conv2d_18,"(2, 2, 34, 31)",8,10,10,10,10,10,4,6,0
15486,conv2d_18,"(0, 1, 0, 55)",15,10,10,10,10,10,0,10,0
15487,conv2d_18,"(1, 2, 16, 23)",8,10,10,10,10,10,8,2,0
15488,conv2d_18,"(2, 2, 17, 57)",29,10,10,10,10,10,0,10,0
15489,conv2d_18,"(0, 2, 16, 3)",19,10,10,10,10,10,4,6,0
15490,conv2d_18,"(2, 2, 2, 1)",31,10,10,10,10,10,1,9,0
15491,conv2d_18,"(0, 0, 10, 42)",11,10,10,10,10,10,4,6,0
15492,conv2d_18,"(0, 2, 33, 30)",26,10,10,10,10,10,0,10,0
15493,conv2d_18,"(1, 2, 53, 45)",22,10,10,10,10,10,2,8,0
15494,conv2d_18,"(2, 1, 35, 48)",5,10,10,10,10,10,10,0,0
15495,conv2d_18,"(0, 0, 8, 56)",14,10,10,10,10,10,2,8,0
15496,conv2d_18,"(2, 1, 18, 20)",19,10,10,10,10,10,1,9,0
15497,conv2d_18,"(0, 0, 21, 22)",18,10,10,10,10,10,0,10,0
15498,conv2d_18,"(0, 0, 27, 26)",15,10,10,10,10,10,2,8,0
15499,conv2d_18,"(0, 2, 4, 29)",3,10,10,10,10,10,10,0,0
15500,conv2d_18,"(2, 1, 21, 37)",24,10,10,10,10,10,0,10,0
15501,conv2d_18,"(0, 0, 24, 0)",12,10,10,10,10,10,1,9,0
15502,conv2d_18,"(2, 1, 43, 0)",11,10,10,10,10,10,2,8,0
15503,conv2d_18,"(0, 1, 21, 3)",22,10,10,10,10,10,0,10,0
15504,conv2d_18,"(0, 2, 6, 19)",11,10,10,10,10,10,3,7,0
15505,conv2d_18,"(1, 2, 45, 41)",13,10,10,10,10,10,0,10,0
15506,conv2d_18,"(0, 1, 55, 10)",10,10,10,10,10,10,3,7,0
15507,conv2d_18,"(1, 0, 14, 28)",30,10,4,6,4,6,0,4,6
15508,conv2d_18,"(0, 1, 38, 36)",15,10,10,10,10,10,0,10,0
15509,conv2d_18,"(0, 1, 44, 0)",26,10,10,10,10,10,0,10,0
15510,conv2d_18,"(1, 0, 62, 16)",0,10,10,10,10,10,10,0,0
15511,conv2d_18,"(1, 0, 62, 4)",11,10,10,10,10,10,0,10,0
15512,conv2d_18,"(1, 2, 17, 41)",15,10,10,10,10,10,1,9,0
15513,conv2d_18,"(1, 1, 49, 56)",5,10,10,10,10,10,9,1,0
15514,conv2d_18,"(1, 0, 12, 29)",0,10,10,10,10,10,10,0,0
15515,conv2d_18,"(1, 1, 63, 29)",19,10,10,10,10,10,0,10,0
15516,conv2d_18,"(0, 0, 39, 8)",19,10,10,10,10,10,0,10,0
15517,conv2d_18,"(0, 2, 13, 3)",30,10,3,4,3,4,0,3,7
15518,conv2d_18,"(2, 1, 20, 39)",15,10,10,10,10,10,1,9,0
15519,conv2d_18,"(0, 2, 59, 25)",16,10,10,10,10,10,5,5,0
15520,conv2d_18,"(0, 2, 36, 23)",23,10,10,10,10,10,2,8,0
15521,conv2d_18,"(2, 0, 28, 52)",11,10,10,10,10,10,1,9,0
15522,conv2d_18,"(0, 0, 19, 42)",3,10,10,10,10,10,10,0,0
15523,conv2d_18,"(2, 0, 36, 6)",25,10,10,10,10,10,0,10,0
15524,conv2d_18,"(2, 0, 46, 34)",23,10,10,10,10,10,2,8,0
15525,conv2d_18,"(1, 2, 51, 45)",30,10,6,6,6,6,0,6,4
15526,conv2d_18,"(0, 0, 24, 4)",29,10,10,10,10,10,0,10,0
15527,conv2d_18,"(2, 1, 30, 1)",2,10,10,10,10,10,10,0,0
15528,conv2d_18,"(0, 2, 21, 35)",23,10,10,10,10,10,1,9,0
15529,conv2d_18,"(0, 2, 1, 33)",4,10,10,10,10,10,9,1,0
15530,conv2d_18,"(1, 2, 5, 52)",4,10,10,10,10,10,9,1,0
15531,conv2d_18,"(2, 1, 43, 29)",13,10,10,10,10,10,0,10,0
15532,conv2d_18,"(0, 1, 18, 49)",18,10,10,10,10,10,1,9,0
15533,conv2d_18,"(1, 1, 23, 55)",23,10,10,10,10,10,0,10,0
15534,conv2d_18,"(1, 2, 15, 52)",31,10,10,10,10,10,1,9,0
15535,conv2d_18,"(0, 1, 16, 57)",22,10,10,10,10,10,0,10,0
15536,conv2d_18,"(0, 1, 61, 10)",17,10,10,10,10,10,0,10,0
15537,conv2d_18,"(2, 2, 58, 37)",11,10,10,10,10,10,4,6,0
15538,conv2d_18,"(1, 2, 5, 59)",16,10,10,10,10,10,1,9,0
15539,conv2d_18,"(0, 1, 48, 35)",14,10,10,10,10,10,0,10,0
15540,conv2d_18,"(1, 0, 28, 40)",26,10,10,10,10,10,0,10,0
15541,conv2d_18,"(1, 2, 37, 36)",0,10,10,10,10,10,10,0,0
15542,conv2d_18,"(1, 0, 62, 54)",4,10,10,10,10,10,8,2,0
15543,conv2d_18,"(0, 0, 49, 20)",29,10,10,10,10,10,0,10,0
15544,conv2d_18,"(2, 1, 2, 6)",4,10,10,10,10,10,8,2,0
15545,conv2d_18,"(1, 1, 3, 13)",3,10,10,10,10,10,8,2,0
15546,conv2d_18,"(0, 1, 24, 18)",25,10,10,10,10,10,0,10,0
15547,conv2d_18,"(2, 2, 7, 2)",6,10,10,10,10,10,10,0,0
15548,conv2d_18,"(2, 2, 38, 36)",19,10,10,10,10,10,1,9,0
15549,conv2d_18,"(1, 0, 42, 49)",4,10,10,10,10,10,9,1,0
15550,conv2d_18,"(2, 0, 35, 23)",9,10,10,10,10,10,4,6,0
15551,conv2d_18,"(1, 2, 7, 52)",5,10,10,10,10,10,9,1,0
15552,conv2d_18,"(2, 0, 23, 31)",30,10,0,5,0,5,0,0,10
15553,conv2d_18,"(0, 2, 40, 20)",4,10,10,10,10,10,10,0,0
15554,conv2d_18,"(1, 2, 55, 52)",9,10,10,10,10,10,9,1,0
15555,conv2d_18,"(1, 1, 52, 27)",27,10,10,10,10,10,0,10,0
15556,conv2d_18,"(2, 1, 52, 58)",18,10,10,10,10,10,2,8,0
15557,conv2d_18,"(1, 2, 28, 50)",30,10,2,6,2,6,0,2,8
15558,conv2d_18,"(2, 2, 42, 44)",28,10,10,10,10,10,1,9,0
15559,conv2d_18,"(2, 2, 10, 14)",30,10,5,7,5,7,0,5,5
15560,conv2d_18,"(2, 2, 36, 16)",7,10,10,10,10,10,10,0,0
15561,conv2d_18,"(1, 0, 2, 56)",13,10,10,10,10,10,1,9,0
15562,conv2d_18,"(1, 1, 58, 61)",9,10,10,10,10,10,3,7,0
15563,conv2d_18,"(2, 0, 56, 52)",10,10,10,10,10,10,3,7,0
15564,conv2d_18,"(0, 1, 14, 49)",4,10,10,10,10,10,9,1,0
15565,conv2d_18,"(1, 1, 28, 43)",3,10,10,10,10,10,9,1,0
15566,conv2d_18,"(0, 0, 50, 61)",11,10,10,10,10,10,4,6,0
15567,conv2d_18,"(1, 1, 3, 19)",20,10,10,10,10,10,1,9,0
15568,conv2d_18,"(2, 1, 23, 52)",5,10,10,10,10,10,9,1,0
15569,conv2d_18,"(1, 1, 18, 31)",6,10,10,10,10,10,6,4,0
15570,conv2d_18,"(2, 0, 30, 16)",18,10,10,10,10,10,2,8,0
15571,conv2d_18,"(0, 0, 34, 10)",22,10,10,10,10,10,5,5,0
15572,conv2d_18,"(1, 1, 43, 18)",7,10,10,10,10,10,10,0,0
15573,conv2d_18,"(1, 0, 28, 32)",9,10,10,10,10,10,1,9,0
15574,conv2d_18,"(0, 2, 7, 44)",24,10,10,10,10,10,2,8,0
15575,conv2d_18,"(1, 0, 4, 16)",3,10,10,10,10,10,10,0,0
15576,conv2d_18,"(2, 0, 32, 24)",23,10,10,10,10,10,0,10,0
15577,conv2d_18,"(2, 2, 17, 38)",12,10,10,10,10,10,4,6,0
15578,conv2d_18,"(0, 2, 36, 36)",15,10,10,10,10,10,2,8,0
15579,conv2d_18,"(1, 0, 17, 45)",26,10,10,10,10,10,0,10,0
15580,conv2d_18,"(1, 2, 57, 1)",4,10,10,10,10,10,6,4,0
15581,conv2d_18,"(1, 1, 61, 35)",9,10,10,10,10,10,1,9,0
15582,conv2d_18,"(2, 0, 50, 29)",31,10,10,10,10,10,0,10,0
15583,conv2d_18,"(0, 1, 30, 5)",11,10,10,10,10,10,4,6,0
15584,conv2d_18,"(1, 0, 29, 23)",29,10,10,10,10,10,0,10,0
15585,conv2d_18,"(2, 2, 19, 58)",5,10,10,10,10,10,10,0,0
15586,conv2d_18,"(0, 0, 58, 13)",23,10,10,10,10,10,1,9,0
15587,conv2d_18,"(1, 2, 36, 20)",25,10,10,10,10,10,1,9,0
15588,conv2d_18,"(0, 0, 3, 1)",30,10,0,3,0,3,0,0,10
15589,conv2d_18,"(0, 0, 61, 15)",18,10,10,10,10,10,2,8,0
15590,conv2d_18,"(1, 0, 20, 2)",17,10,10,10,10,10,0,10,0
15591,conv2d_18,"(1, 0, 11, 25)",7,10,10,10,10,10,6,4,0
15592,conv2d_18,"(0, 1, 62, 11)",26,10,10,10,10,10,1,9,0
15593,conv2d_18,"(2, 1, 44, 23)",5,10,10,10,10,10,9,1,0
15594,conv2d_18,"(0, 1, 52, 47)",25,10,10,10,10,10,1,9,0
15595,conv2d_18,"(2, 2, 49, 34)",21,10,10,10,10,10,1,9,0
15596,conv2d_18,"(1, 1, 36, 2)",24,10,10,10,10,10,1,9,0
15597,conv2d_18,"(0, 2, 53, 0)",22,10,10,10,10,10,1,9,0
15598,conv2d_18,"(2, 2, 49, 29)",31,10,10,10,10,10,0,10,0
15599,conv2d_18,"(2, 2, 21, 39)",4,10,10,10,10,10,10,0,0
15600,conv2d_18,"(0, 2, 9, 60)",12,10,10,10,10,10,9,1,0
15601,conv2d_18,"(1, 1, 29, 52)",12,10,10,10,10,10,0,10,0
15602,conv2d_18,"(0, 0, 29, 15)",5,10,10,10,10,10,6,4,0
15603,conv2d_18,"(2, 0, 62, 18)",27,10,10,10,10,10,0,10,0
15604,conv2d_18,"(1, 1, 40, 36)",13,10,10,10,10,10,0,10,0
15605,conv2d_18,"(2, 1, 35, 2)",5,10,10,10,10,10,8,2,0
15606,conv2d_18,"(0, 2, 30, 2)",13,10,10,10,10,10,1,9,0
15607,conv2d_18,"(2, 2, 60, 28)",7,10,10,10,10,10,8,2,0
15608,conv2d_18,"(2, 1, 9, 51)",0,10,10,10,10,10,10,0,0
15609,conv2d_18,"(1, 1, 59, 20)",3,10,10,10,10,10,10,0,0
15610,conv2d_18,"(1, 0, 32, 54)",13,10,10,10,10,10,0,10,0
15611,conv2d_18,"(1, 1, 40, 3)",27,10,10,10,10,10,0,10,0
15612,conv2d_18,"(0, 1, 37, 11)",9,10,10,10,10,10,6,4,0
15613,conv2d_18,"(0, 1, 2, 50)",18,10,10,10,10,10,2,8,0
15614,conv2d_18,"(0, 1, 53, 19)",31,10,10,10,10,10,1,9,0
15615,conv2d_18,"(2, 2, 4, 35)",21,10,10,10,10,10,1,9,0
15616,conv2d_18,"(1, 1, 56, 13)",19,10,10,10,10,10,1,9,0
15617,conv2d_18,"(0, 2, 9, 37)",8,10,10,10,10,10,4,6,0
15618,conv2d_18,"(2, 0, 23, 40)",22,10,10,10,10,10,1,9,0
15619,conv2d_18,"(1, 0, 18, 43)",29,10,10,10,10,10,2,8,0
15620,conv2d_18,"(2, 0, 31, 26)",24,10,10,10,10,10,10,0,0
15621,conv2d_18,"(1, 2, 63, 12)",2,10,10,10,10,10,10,0,0
15622,conv2d_18,"(2, 2, 26, 36)",5,10,10,10,10,10,6,4,0
15623,conv2d_18,"(1, 0, 1, 6)",6,10,10,10,10,10,8,2,0
15624,conv2d_18,"(2, 2, 40, 0)",22,10,10,10,10,10,0,10,0
15625,conv2d_18,"(1, 0, 59, 3)",16,10,10,10,10,10,0,10,0
15626,conv2d_18,"(2, 1, 33, 0)",29,10,10,10,10,10,0,10,0
15627,conv2d_18,"(2, 0, 55, 14)",30,10,4,6,4,6,0,4,6
15628,conv2d_18,"(2, 0, 28, 30)",6,10,10,10,10,10,9,1,0
15629,conv2d_18,"(0, 0, 23, 7)",6,10,10,10,10,10,10,0,0
15630,conv2d_18,"(2, 2, 35, 14)",8,10,10,10,10,10,10,0,0
15631,conv2d_18,"(2, 1, 48, 14)",1,10,10,10,10,10,10,0,0
15632,conv2d_18,"(2, 0, 59, 35)",14,10,10,10,10,10,0,10,0
15633,conv2d_18,"(1, 2, 32, 49)",0,10,10,10,10,10,10,0,0
15634,conv2d_18,"(0, 2, 14, 53)",27,10,10,10,10,10,0,10,0
15635,conv2d_18,"(0, 2, 28, 4)",9,10,10,10,10,10,7,3,0
15636,conv2d_18,"(1, 0, 30, 23)",29,10,10,10,10,10,1,9,0
15637,conv2d_18,"(2, 1, 41, 40)",8,10,10,10,10,10,6,4,0
15638,conv2d_18,"(1, 2, 4, 59)",8,10,10,10,10,10,8,2,0
15639,conv2d_18,"(2, 0, 3, 40)",28,10,10,10,10,10,1,9,0
15640,conv2d_18,"(1, 2, 5, 19)",25,10,10,10,10,10,1,9,0
15641,conv2d_18,"(1, 1, 56, 46)",31,10,10,10,10,10,0,10,0
15642,conv2d_18,"(0, 0, 60, 59)",0,10,10,10,10,10,10,0,0
15643,conv2d_18,"(2, 1, 26, 32)",8,10,10,10,10,10,9,1,0
15644,conv2d_18,"(1, 2, 5, 0)",27,10,10,10,10,10,1,9,0
15645,conv2d_18,"(2, 1, 16, 27)",27,10,10,10,10,10,0,10,0
15646,conv2d_18,"(1, 1, 45, 48)",15,10,10,10,10,10,0,10,0
15647,conv2d_18,"(2, 0, 59, 51)",27,10,10,10,10,10,1,9,0
15648,conv2d_18,"(1, 0, 63, 8)",0,10,10,10,10,10,10,0,0
15649,conv2d_18,"(2, 1, 9, 27)",3,10,10,10,10,10,9,1,0
15650,conv2d_18,"(2, 2, 26, 32)",0,10,10,10,10,10,10,0,0
15651,conv2d_18,"(0, 0, 45, 11)",22,10,10,10,10,10,0,10,0
15652,conv2d_18,"(1, 2, 1, 0)",13,10,10,10,10,10,2,8,0
15653,conv2d_18,"(1, 2, 24, 47)",20,10,10,10,10,10,0,10,0
15654,conv2d_18,"(1, 1, 23, 37)",25,10,10,10,10,10,0,10,0
15655,conv2d_18,"(0, 2, 35, 8)",28,10,10,10,10,10,2,8,0
15656,conv2d_18,"(1, 1, 27, 38)",1,10,10,10,10,10,10,0,0
15657,conv2d_18,"(0, 1, 25, 12)",30,10,0,5,0,5,0,0,10
15658,conv2d_18,"(2, 1, 49, 15)",14,10,10,10,10,10,0,10,0
15659,conv2d_18,"(1, 2, 19, 46)",26,10,10,10,10,10,2,8,0
15660,conv2d_18,"(0, 1, 54, 24)",11,10,10,10,10,10,10,0,0
15661,conv2d_18,"(1, 2, 2, 41)",0,10,10,10,10,10,9,1,0
15662,conv2d_18,"(2, 1, 30, 8)",5,10,10,10,10,10,7,3,0
15663,conv2d_18,"(2, 0, 30, 37)",17,10,10,10,10,10,0,10,0
15664,conv2d_18,"(1, 2, 46, 39)",19,10,10,10,10,10,3,7,0
15665,conv2d_18,"(2, 0, 39, 29)",20,10,10,10,10,10,0,10,0
15666,conv2d_18,"(0, 0, 9, 45)",25,10,10,10,10,10,1,9,0
15667,conv2d_18,"(2, 2, 18, 42)",14,10,10,10,10,10,3,7,0
15668,conv2d_18,"(0, 1, 13, 20)",9,10,10,10,10,10,1,9,0
15669,conv2d_18,"(0, 0, 44, 48)",2,10,10,10,10,10,9,1,0
15670,conv2d_18,"(0, 1, 58, 5)",2,10,10,10,10,10,10,0,0
15671,conv2d_18,"(0, 2, 25, 9)",22,10,10,10,10,10,1,9,0
15672,conv2d_18,"(2, 1, 2, 59)",18,10,10,10,10,10,2,8,0
15673,conv2d_18,"(2, 0, 33, 10)",9,10,10,10,10,10,3,7,0
15674,conv2d_18,"(0, 0, 26, 35)",21,10,10,10,10,10,0,10,0
15675,conv2d_18,"(1, 1, 46, 41)",13,10,10,10,10,10,6,4,0
15676,conv2d_18,"(1, 0, 62, 28)",25,10,10,10,10,10,0,10,0
15677,conv2d_18,"(1, 0, 45, 0)",8,10,10,10,10,10,1,9,0
15678,conv2d_18,"(1, 2, 20, 50)",7,10,10,10,10,10,8,2,0
15679,conv2d_18,"(1, 0, 30, 34)",23,10,10,10,10,10,0,10,0
15680,conv2d_18,"(2, 0, 52, 40)",29,10,10,10,10,10,0,10,0
15681,conv2d_18,"(1, 0, 1, 20)",15,10,10,10,10,10,2,8,0
15682,conv2d_18,"(2, 2, 62, 55)",13,10,10,10,10,10,0,10,0
15683,conv2d_18,"(1, 0, 24, 60)",3,10,10,10,10,10,10,0,0
15684,conv2d_18,"(2, 0, 44, 12)",30,10,2,5,2,5,0,2,8
15685,conv2d_18,"(1, 1, 25, 61)",5,10,10,10,10,10,9,1,0
15686,conv2d_18,"(1, 2, 38, 15)",31,10,10,10,10,10,0,10,0
15687,conv2d_18,"(0, 2, 45, 2)",6,10,10,10,10,10,4,6,0
15688,conv2d_18,"(0, 2, 37, 36)",1,10,10,10,10,10,10,0,0
15689,conv2d_18,"(1, 1, 21, 7)",29,10,10,10,10,10,0,10,0
15690,conv2d_18,"(1, 0, 41, 19)",7,10,10,10,10,10,8,2,0
15691,conv2d_18,"(0, 0, 2, 27)",1,10,10,10,10,10,10,0,0
15692,conv2d_18,"(0, 2, 57, 29)",22,10,10,10,10,10,1,9,0
15693,conv2d_18,"(1, 2, 5, 38)",14,10,10,10,10,10,1,9,0
15694,conv2d_18,"(0, 0, 32, 25)",26,10,10,10,10,10,1,9,0
15695,conv2d_18,"(2, 2, 58, 35)",23,10,10,10,10,10,0,10,0
15696,conv2d_18,"(0, 2, 53, 7)",14,10,10,10,10,10,2,8,0
15697,conv2d_18,"(0, 2, 63, 25)",24,10,10,10,10,10,1,9,0
15698,conv2d_18,"(0, 0, 40, 45)",8,10,10,10,10,10,4,6,0
15699,conv2d_18,"(1, 1, 36, 8)",16,10,10,10,10,10,0,10,0
15700,conv2d_18,"(0, 0, 26, 13)",1,10,10,10,10,10,10,0,0
15701,conv2d_18,"(1, 0, 8, 50)",20,10,10,10,10,10,1,9,0
15702,conv2d_18,"(2, 0, 10, 3)",28,10,10,10,10,10,2,8,0
15703,conv2d_18,"(2, 1, 56, 61)",1,10,10,10,10,10,10,0,0
15704,conv2d_18,"(2, 2, 59, 38)",2,10,10,10,10,10,10,0,0
15705,conv2d_18,"(0, 0, 51, 1)",20,10,10,10,10,10,1,9,0
15706,conv2d_18,"(1, 1, 9, 5)",21,10,10,10,10,10,1,9,0
15707,conv2d_18,"(2, 1, 59, 9)",2,10,10,10,10,10,8,2,0
15708,conv2d_18,"(2, 0, 25, 22)",26,10,10,10,10,10,1,9,0
15709,conv2d_18,"(2, 1, 39, 2)",31,10,10,10,10,10,0,10,0
15710,conv2d_18,"(2, 2, 59, 2)",1,10,10,10,10,10,6,4,0
15711,conv2d_18,"(0, 2, 55, 53)",22,10,10,10,10,10,2,8,0
15712,conv2d_18,"(1, 0, 48, 63)",30,10,1,3,1,3,0,1,9
15713,conv2d_18,"(0, 2, 31, 26)",6,10,10,10,10,10,10,0,0
15714,conv2d_18,"(2, 2, 41, 20)",10,10,10,10,10,10,4,6,0
15715,conv2d_18,"(2, 2, 10, 17)",28,10,10,10,10,10,1,9,0
15716,conv2d_18,"(1, 0, 14, 1)",18,10,10,10,10,10,3,7,0
15717,conv2d_18,"(1, 0, 34, 32)",25,10,10,10,10,10,3,7,0
15718,conv2d_18,"(0, 1, 10, 52)",0,10,10,10,10,10,10,0,0
15719,conv2d_18,"(0, 2, 33, 31)",18,10,10,10,10,10,0,10,0
15720,conv2d_18,"(0, 0, 41, 60)",20,10,10,10,10,10,3,7,0
15721,conv2d_18,"(2, 1, 17, 5)",18,10,10,10,10,10,1,9,0
15722,conv2d_18,"(2, 2, 31, 30)",7,10,10,10,10,10,10,0,0
15723,conv2d_18,"(1, 1, 48, 12)",20,10,10,10,10,10,0,10,0
15724,conv2d_18,"(1, 0, 3, 35)",3,10,10,10,10,10,10,0,0
15725,conv2d_18,"(2, 1, 16, 40)",21,10,10,10,10,10,0,10,0
15726,conv2d_18,"(1, 0, 7, 50)",22,10,10,10,10,10,4,6,0
15727,conv2d_18,"(0, 2, 24, 7)",14,10,10,10,10,10,0,10,0
15728,conv2d_18,"(0, 1, 18, 2)",11,10,10,10,10,10,0,10,0
15729,conv2d_18,"(1, 0, 1, 18)",18,10,10,10,10,10,2,8,0
15730,conv2d_18,"(2, 0, 20, 43)",13,10,10,10,10,10,1,9,0
15731,conv2d_18,"(2, 1, 59, 32)",28,10,10,10,10,10,0,10,0
15732,conv2d_18,"(0, 0, 19, 40)",24,10,10,10,10,10,1,9,0
15733,conv2d_18,"(0, 0, 10, 48)",9,10,10,10,10,10,5,5,0
15734,conv2d_18,"(2, 1, 15, 14)",11,10,10,10,10,10,2,8,0
15735,conv2d_18,"(0, 2, 40, 0)",8,10,10,10,10,10,2,8,0
15736,conv2d_18,"(0, 0, 40, 47)",3,10,10,10,10,10,10,0,0
15737,conv2d_18,"(2, 1, 22, 50)",11,10,10,10,10,10,3,7,0
15738,conv2d_18,"(2, 2, 37, 52)",31,10,10,10,10,10,2,8,0
15739,conv2d_18,"(1, 0, 2, 62)",13,10,10,10,10,10,1,9,0
15740,conv2d_18,"(1, 0, 43, 37)",4,10,10,10,10,10,9,1,0
15741,conv2d_18,"(1, 0, 45, 45)",31,10,10,10,10,10,2,8,0
15742,conv2d_18,"(0, 1, 19, 32)",6,10,10,10,10,10,9,1,0
15743,conv2d_18,"(1, 2, 62, 45)",19,10,10,10,10,10,2,8,0
15744,conv2d_18,"(1, 1, 1, 14)",16,10,10,10,10,10,1,9,0
15745,conv2d_18,"(1, 1, 55, 6)",31,10,10,10,10,10,0,10,0
15746,conv2d_18,"(1, 0, 18, 18)",24,10,10,10,10,10,0,10,0
15747,conv2d_18,"(0, 2, 51, 54)",6,10,10,10,10,10,7,3,0
15748,conv2d_18,"(0, 1, 7, 56)",17,10,10,10,10,10,4,6,0
15749,conv2d_18,"(1, 0, 1, 1)",2,10,10,10,10,10,10,0,0
15750,conv2d_18,"(0, 0, 4, 19)",23,10,10,10,10,10,2,8,0
15751,conv2d_18,"(1, 1, 55, 47)",20,10,10,10,10,10,1,9,0
15752,conv2d_18,"(1, 0, 14, 23)",23,10,10,10,10,10,1,9,0
15753,conv2d_18,"(2, 1, 32, 20)",19,10,10,10,10,10,1,9,0
15754,conv2d_18,"(1, 1, 3, 45)",20,10,10,10,10,10,2,8,0
15755,conv2d_18,"(2, 2, 58, 39)",6,10,10,10,10,10,8,2,0
15756,conv2d_18,"(2, 0, 47, 40)",29,10,10,10,10,10,0,10,0
15757,conv2d_18,"(2, 2, 46, 62)",7,10,10,10,10,10,9,1,0
15758,conv2d_18,"(1, 2, 17, 39)",1,10,10,10,10,10,10,0,0
15759,conv2d_18,"(0, 0, 37, 63)",7,10,10,10,10,10,10,0,0
15760,conv2d_18,"(0, 1, 0, 20)",13,10,10,10,10,10,1,9,0
15761,conv2d_18,"(0, 0, 1, 52)",19,10,10,10,10,10,1,9,0
15762,conv2d_18,"(0, 0, 23, 41)",15,10,10,10,10,10,2,8,0
15763,conv2d_18,"(1, 0, 13, 16)",2,10,10,10,10,10,10,0,0
15764,conv2d_18,"(1, 2, 12, 33)",13,10,10,10,10,10,0,10,0
15765,conv2d_18,"(2, 1, 28, 41)",12,10,10,10,10,10,0,10,0
15766,conv2d_18,"(0, 2, 61, 1)",19,10,10,10,10,10,2,8,0
15767,conv2d_18,"(0, 2, 55, 52)",1,10,10,10,10,10,10,0,0
15768,conv2d_18,"(0, 2, 42, 31)",17,10,10,10,10,10,1,9,0
15769,conv2d_18,"(0, 0, 26, 6)",6,10,10,10,10,10,7,3,0
15770,conv2d_18,"(1, 2, 24, 31)",2,10,10,10,10,10,7,3,0
15771,conv2d_18,"(0, 2, 60, 45)",3,10,10,10,10,10,10,0,0
15772,conv2d_18,"(0, 0, 25, 57)",23,10,10,10,10,10,0,10,0
15773,conv2d_18,"(1, 2, 62, 52)",11,10,10,10,10,10,5,5,0
15774,conv2d_18,"(1, 2, 54, 30)",8,10,10,10,10,10,10,0,0
15775,conv2d_18,"(0, 0, 29, 51)",24,10,10,10,10,10,0,10,0
15776,conv2d_18,"(0, 0, 7, 9)",13,10,10,10,10,10,3,7,0
15777,conv2d_18,"(0, 1, 35, 56)",13,10,10,10,10,10,1,9,0
15778,conv2d_18,"(2, 1, 0, 36)",18,10,10,10,10,10,1,9,0
15779,conv2d_18,"(1, 0, 45, 63)",21,10,10,10,10,10,0,10,0
15780,conv2d_18,"(0, 0, 28, 51)",4,10,10,10,10,10,10,0,0
15781,conv2d_18,"(2, 2, 20, 8)",0,10,10,10,10,10,10,0,0
15782,conv2d_18,"(1, 1, 10, 8)",1,10,10,10,10,10,9,1,0
15783,conv2d_18,"(1, 1, 23, 10)",7,10,10,10,10,10,8,2,0
15784,conv2d_18,"(1, 1, 43, 58)",21,10,10,10,10,10,1,9,0
15785,conv2d_18,"(1, 0, 50, 56)",9,10,10,10,10,10,5,5,0
15786,conv2d_18,"(1, 2, 57, 10)",18,10,10,10,10,10,2,8,0
15787,conv2d_18,"(0, 1, 39, 33)",24,10,10,10,10,10,0,10,0
15788,conv2d_18,"(1, 0, 57, 46)",30,10,5,7,5,7,0,5,5
15789,conv2d_18,"(1, 2, 23, 42)",4,10,10,10,10,10,10,0,0
15790,conv2d_18,"(2, 0, 18, 27)",0,10,10,10,10,10,10,0,0
15791,conv2d_18,"(2, 2, 23, 12)",23,10,10,10,10,10,0,10,0
15792,conv2d_18,"(2, 1, 34, 45)",20,10,10,10,10,10,2,8,0
15793,conv2d_18,"(1, 0, 24, 57)",24,10,10,10,10,10,0,10,0
15794,conv2d_18,"(1, 0, 4, 33)",19,10,10,10,10,10,2,8,0
15795,conv2d_18,"(0, 0, 25, 10)",16,10,10,10,10,10,2,8,0
15796,conv2d_18,"(0, 1, 47, 55)",19,10,10,10,10,10,0,10,0
15797,conv2d_18,"(1, 1, 33, 7)",16,10,10,10,10,10,1,9,0
15798,conv2d_18,"(0, 0, 35, 41)",11,10,10,10,10,10,3,7,0
15799,conv2d_18,"(2, 0, 30, 7)",27,10,10,10,10,10,1,9,0
15800,conv2d_18,"(0, 2, 12, 40)",16,10,10,10,10,10,2,8,0
15801,conv2d_18,"(2, 2, 23, 57)",8,10,10,10,10,10,10,0,0
15802,conv2d_18,"(0, 1, 28, 51)",2,10,10,10,10,10,10,0,0
15803,conv2d_18,"(0, 0, 44, 4)",13,10,10,10,10,10,2,8,0
15804,conv2d_18,"(0, 0, 23, 10)",28,10,10,10,10,10,1,9,0
15805,conv2d_18,"(1, 2, 12, 55)",16,10,10,10,10,10,0,10,0
15806,conv2d_18,"(2, 0, 44, 19)",5,10,10,10,10,10,9,1,0
15807,conv2d_18,"(0, 0, 37, 60)",15,10,10,10,10,10,2,8,0
15808,conv2d_18,"(2, 0, 42, 15)",5,10,10,10,10,10,6,4,0
15809,conv2d_18,"(2, 1, 21, 27)",22,10,10,10,10,10,0,10,0
15810,conv2d_18,"(0, 1, 3, 62)",1,10,10,10,10,10,10,0,0
15811,conv2d_18,"(2, 2, 15, 56)",5,10,10,10,10,10,8,2,0
15812,conv2d_18,"(1, 0, 47, 34)",25,10,10,10,10,10,1,9,0
15813,conv2d_18,"(2, 1, 56, 18)",6,10,10,10,10,10,10,0,0
15814,conv2d_18,"(0, 1, 24, 59)",20,10,10,10,10,10,0,10,0
15815,conv2d_18,"(1, 1, 61, 17)",10,10,10,10,10,10,1,9,0
15816,conv2d_18,"(2, 1, 49, 32)",7,10,10,10,10,10,8,2,0
15817,conv2d_18,"(0, 1, 51, 19)",22,10,10,10,10,10,0,10,0
15818,conv2d_18,"(1, 2, 19, 51)",18,10,10,10,10,10,1,9,0
15819,conv2d_18,"(2, 0, 6, 20)",14,10,10,10,10,10,1,9,0
15820,conv2d_18,"(0, 0, 50, 15)",8,10,10,10,10,10,4,6,0
15821,conv2d_18,"(0, 0, 13, 10)",31,10,10,10,10,10,3,7,0
15822,conv2d_18,"(0, 1, 38, 4)",31,10,10,10,10,10,1,9,0
15823,conv2d_18,"(1, 1, 29, 60)",3,10,10,10,10,10,10,0,0
15824,conv2d_18,"(0, 2, 17, 47)",29,10,10,10,10,10,0,10,0
15825,conv2d_18,"(0, 1, 16, 0)",15,10,10,10,10,10,1,9,0
15826,conv2d_18,"(2, 0, 7, 61)",26,10,10,10,10,10,3,7,0
15827,conv2d_18,"(1, 0, 15, 29)",20,10,10,10,10,10,0,10,0
15828,conv2d_18,"(1, 1, 6, 8)",7,10,10,10,10,10,6,4,0
15829,conv2d_18,"(1, 1, 63, 50)",16,10,10,10,10,10,0,10,0
15830,conv2d_18,"(1, 0, 51, 8)",25,10,10,10,10,10,2,8,0
15831,conv2d_18,"(2, 2, 43, 34)",18,10,10,10,10,10,2,8,0
15832,conv2d_18,"(2, 0, 34, 39)",18,10,10,10,10,10,1,9,0
15833,conv2d_18,"(1, 2, 7, 43)",25,10,10,10,10,10,4,6,0
15834,conv2d_18,"(0, 2, 45, 37)",27,10,10,10,10,10,0,10,0
15835,conv2d_18,"(0, 0, 40, 37)",26,10,10,10,10,10,2,8,0
15836,conv2d_18,"(1, 1, 22, 42)",26,10,10,10,10,10,2,8,0
15837,conv2d_18,"(0, 1, 30, 56)",23,10,10,10,10,10,0,10,0
15838,conv2d_18,"(1, 0, 40, 22)",29,10,10,10,10,10,1,9,0
15839,conv2d_18,"(0, 0, 23, 27)",9,10,10,10,10,10,4,6,0
15840,conv2d_18,"(2, 1, 13, 48)",23,10,10,10,10,10,0,10,0
15841,conv2d_18,"(0, 1, 50, 3)",20,10,10,10,10,10,3,7,0
15842,conv2d_18,"(2, 2, 53, 43)",31,10,10,10,10,10,1,9,0
15843,conv2d_18,"(0, 1, 8, 62)",23,10,10,10,10,10,0,10,0
15844,conv2d_18,"(1, 2, 23, 48)",15,10,10,10,10,10,3,7,0
15845,conv2d_18,"(1, 0, 22, 38)",13,10,10,10,10,10,2,8,0
15846,conv2d_18,"(2, 2, 23, 46)",30,10,4,6,4,6,0,4,6
15847,conv2d_18,"(1, 0, 2, 1)",22,10,10,10,10,10,0,10,0
15848,conv2d_18,"(2, 1, 41, 22)",7,10,10,10,10,10,7,3,0
15849,conv2d_18,"(0, 2, 12, 23)",16,10,10,10,10,10,3,7,0
15850,conv2d_18,"(2, 2, 34, 1)",29,10,10,10,10,10,0,10,0
15851,conv2d_18,"(1, 0, 19, 33)",22,10,10,10,10,10,0,10,0
15852,conv2d_18,"(0, 0, 59, 39)",4,10,10,10,10,10,9,1,0
15853,conv2d_18,"(1, 1, 16, 48)",29,10,10,10,10,10,1,9,0
15854,conv2d_18,"(2, 0, 30, 24)",2,10,10,10,10,10,10,0,0
15855,conv2d_18,"(0, 0, 53, 3)",14,10,10,10,10,10,2,8,0
15856,conv2d_18,"(0, 2, 44, 55)",30,10,1,7,1,7,0,1,9
15857,conv2d_18,"(0, 2, 1, 36)",12,10,10,10,10,10,3,7,0
15858,conv2d_18,"(0, 0, 45, 29)",20,10,10,10,10,10,0,10,0
15859,conv2d_18,"(2, 1, 47, 32)",15,10,10,10,10,10,1,9,0
15860,conv2d_18,"(1, 0, 39, 27)",28,10,10,10,10,10,0,10,0
15861,conv2d_18,"(1, 2, 9, 36)",7,10,10,10,10,10,6,4,0
15862,conv2d_18,"(1, 1, 41, 40)",6,10,10,10,10,10,9,1,0
15863,conv2d_18,"(2, 0, 54, 24)",19,10,10,10,10,10,5,5,0
15864,conv2d_18,"(0, 2, 41, 60)",0,10,10,10,10,10,10,0,0
15865,conv2d_18,"(1, 0, 23, 37)",20,10,10,10,10,10,1,9,0
15866,conv2d_18,"(1, 2, 50, 33)",13,10,10,10,10,10,3,7,0
15867,conv2d_18,"(1, 1, 31, 25)",5,10,10,10,10,10,10,0,0
15868,conv2d_18,"(2, 2, 55, 57)",23,10,10,10,10,10,2,8,0
15869,conv2d_18,"(2, 2, 34, 24)",17,10,10,10,10,10,3,7,0
15870,conv2d_18,"(2, 1, 34, 2)",29,10,10,10,10,10,1,9,0
15871,conv2d_18,"(2, 1, 60, 18)",9,10,10,10,10,10,4,6,0
15872,conv2d_18,"(1, 1, 17, 3)",4,10,10,10,10,10,10,0,0
15873,conv2d_18,"(0, 2, 0, 38)",18,10,10,10,10,10,0,10,0
15874,conv2d_18,"(0, 2, 32, 48)",31,10,10,10,10,10,0,10,0
15875,conv2d_18,"(0, 1, 60, 12)",7,10,10,10,10,10,10,0,0
15876,conv2d_18,"(2, 1, 57, 43)",9,10,10,10,10,10,3,7,0
15877,conv2d_18,"(0, 0, 46, 34)",24,10,10,10,10,10,2,8,0
15878,conv2d_18,"(2, 0, 21, 37)",5,10,10,10,10,10,10,0,0
15879,conv2d_18,"(2, 0, 6, 14)",20,10,10,10,10,10,0,10,0
15880,conv2d_18,"(0, 0, 40, 32)",5,10,10,10,10,10,9,1,0
15881,conv2d_18,"(2, 1, 14, 17)",19,10,10,10,10,10,2,8,0
15882,conv2d_18,"(0, 0, 31, 54)",6,10,10,10,10,10,10,0,0
15883,conv2d_18,"(0, 1, 32, 60)",26,10,10,10,10,10,3,7,0
15884,conv2d_18,"(1, 1, 12, 5)",1,10,10,10,10,10,10,0,0
15885,conv2d_18,"(2, 1, 6, 48)",14,10,10,10,10,10,4,6,0
15886,conv2d_18,"(0, 2, 59, 25)",7,10,10,10,10,10,9,1,0
15887,conv2d_18,"(0, 2, 48, 30)",26,10,10,10,10,10,0,10,0
15888,conv2d_18,"(1, 2, 8, 43)",13,10,10,10,10,10,3,7,0
15889,conv2d_18,"(1, 0, 32, 52)",24,10,10,10,10,10,0,10,0
15890,conv2d_18,"(1, 2, 44, 7)",21,10,10,10,10,10,1,9,0
15891,conv2d_18,"(2, 0, 9, 23)",10,10,10,10,10,10,3,7,0
15892,conv2d_18,"(0, 0, 60, 50)",20,10,10,10,10,10,0,10,0
15893,conv2d_18,"(1, 1, 1, 35)",26,10,10,10,10,10,1,9,0
15894,conv2d_18,"(2, 0, 31, 7)",28,10,10,10,10,10,10,0,0
15895,conv2d_18,"(1, 1, 42, 31)",3,10,10,10,10,10,8,2,0
15896,conv2d_18,"(2, 1, 62, 1)",16,10,10,10,10,10,2,8,0
15897,conv2d_18,"(1, 2, 60, 7)",22,10,10,10,10,10,0,10,0
15898,conv2d_18,"(1, 2, 34, 48)",9,10,10,10,10,10,2,8,0
15899,conv2d_18,"(2, 0, 43, 40)",15,10,10,10,10,10,0,10,0
15900,conv2d_18,"(2, 1, 48, 32)",19,10,10,10,10,10,0,10,0
15901,conv2d_18,"(0, 0, 7, 52)",11,10,10,10,10,10,5,5,0
15902,conv2d_18,"(1, 1, 56, 1)",24,10,10,10,10,10,2,8,0
15903,conv2d_18,"(0, 2, 25, 46)",31,10,10,10,10,10,1,9,0
15904,conv2d_18,"(2, 1, 43, 47)",8,10,10,10,10,10,6,4,0
15905,conv2d_18,"(0, 0, 33, 60)",14,10,10,10,10,10,6,4,0
15906,conv2d_18,"(0, 2, 15, 38)",15,10,10,10,10,10,1,9,0
15907,conv2d_18,"(2, 1, 30, 36)",1,10,10,10,10,10,10,0,0
15908,conv2d_18,"(1, 0, 59, 30)",25,10,10,10,10,10,0,10,0
15909,conv2d_18,"(1, 1, 47, 53)",14,10,10,10,10,10,1,9,0
15910,conv2d_18,"(2, 2, 48, 8)",6,10,10,10,10,10,3,7,0
15911,conv2d_18,"(1, 2, 33, 24)",14,10,10,10,10,10,6,4,0
15912,conv2d_18,"(1, 1, 16, 30)",25,10,10,10,10,10,0,10,0
15913,conv2d_18,"(0, 2, 48, 11)",17,10,10,10,10,10,1,9,0
15914,conv2d_18,"(1, 0, 15, 13)",9,10,10,10,10,10,3,7,0
15915,conv2d_18,"(0, 1, 15, 43)",30,10,0,3,0,3,0,0,10
15916,conv2d_18,"(1, 0, 15, 39)",11,10,10,10,10,10,0,10,0
15917,conv2d_18,"(2, 0, 55, 39)",24,10,10,10,10,10,2,8,0
15918,conv2d_18,"(2, 2, 13, 29)",0,10,10,10,10,10,10,0,0
15919,conv2d_18,"(1, 0, 44, 42)",2,10,10,10,10,10,9,1,0
15920,conv2d_18,"(2, 2, 0, 50)",15,10,10,10,10,10,0,10,0
15921,conv2d_18,"(0, 2, 6, 50)",31,10,10,10,10,10,1,9,0
15922,conv2d_18,"(1, 0, 27, 33)",25,10,10,10,10,10,1,9,0
15923,conv2d_18,"(1, 0, 62, 12)",13,10,10,10,10,10,6,4,0
15924,conv2d_18,"(1, 1, 4, 17)",4,10,10,10,10,10,9,1,0
15925,conv2d_18,"(1, 2, 30, 14)",27,10,10,10,10,10,2,8,0
15926,conv2d_18,"(2, 1, 57, 43)",7,10,10,10,10,10,8,2,0
15927,conv2d_18,"(0, 0, 31, 1)",8,10,10,10,10,10,10,0,0
15928,conv2d_18,"(0, 0, 33, 20)",31,10,10,10,10,10,0,10,0
15929,conv2d_18,"(2, 0, 20, 28)",20,10,10,10,10,10,0,10,0
15930,conv2d_18,"(0, 0, 39, 41)",9,10,10,10,10,10,4,6,0
15931,conv2d_18,"(1, 1, 52, 33)",0,10,10,10,10,10,10,0,0
15932,conv2d_18,"(0, 1, 36, 0)",15,10,10,10,10,10,0,10,0
15933,conv2d_18,"(1, 0, 12, 57)",7,10,10,10,10,10,8,2,0
15934,conv2d_18,"(2, 0, 59, 47)",26,10,10,10,10,10,0,10,0
15935,conv2d_18,"(2, 0, 52, 6)",16,10,10,10,10,10,0,10,0
15936,conv2d_18,"(0, 0, 47, 5)",2,10,10,10,10,10,10,0,0
15937,conv2d_18,"(1, 0, 44, 5)",14,10,10,10,10,10,0,10,0
15938,conv2d_18,"(0, 1, 26, 47)",7,10,10,10,10,10,5,5,0
15939,conv2d_18,"(0, 0, 29, 21)",26,10,10,10,10,10,0,10,0
15940,conv2d_18,"(1, 0, 15, 62)",26,10,10,10,10,10,0,10,0
15941,conv2d_18,"(1, 1, 59, 8)",5,10,10,10,10,10,9,1,0
15942,conv2d_18,"(0, 2, 37, 36)",15,10,10,10,10,10,0,10,0
15943,conv2d_18,"(0, 2, 44, 28)",6,10,10,10,10,10,8,2,0
15944,conv2d_18,"(0, 0, 51, 40)",13,10,10,10,10,10,1,9,0
15945,conv2d_18,"(1, 1, 38, 21)",25,10,10,10,10,10,0,10,0
15946,conv2d_18,"(1, 0, 16, 61)",22,10,10,10,10,10,0,10,0
15947,conv2d_18,"(0, 1, 9, 45)",3,10,10,10,10,10,9,1,0
15948,conv2d_18,"(2, 2, 44, 26)",28,10,10,10,10,10,0,10,0
15949,conv2d_18,"(2, 1, 2, 58)",18,10,10,10,10,10,2,8,0
15950,conv2d_18,"(2, 1, 58, 12)",30,10,6,8,6,8,0,6,4
15951,conv2d_18,"(1, 2, 27, 28)",14,10,10,10,10,10,1,9,0
15952,conv2d_18,"(1, 0, 42, 38)",1,10,10,10,10,10,10,0,0
15953,conv2d_18,"(0, 1, 6, 16)",10,10,10,10,10,10,2,8,0
15954,conv2d_18,"(1, 2, 7, 15)",6,10,10,10,10,10,9,1,0
15955,conv2d_18,"(1, 2, 33, 15)",5,10,10,10,10,10,9,1,0
15956,conv2d_18,"(0, 0, 29, 31)",13,10,10,10,10,10,0,10,0
15957,conv2d_18,"(2, 2, 25, 55)",18,10,10,10,10,10,0,10,0
15958,conv2d_18,"(1, 2, 27, 17)",8,10,10,10,10,10,2,8,0
15959,conv2d_18,"(1, 2, 25, 35)",7,10,10,10,10,10,5,5,0
15960,conv2d_18,"(0, 1, 35, 5)",25,10,10,10,10,10,0,10,0
15961,conv2d_18,"(2, 0, 42, 23)",0,10,10,10,10,10,8,2,0
15962,conv2d_18,"(0, 1, 0, 31)",17,10,10,10,10,10,0,10,0
15963,conv2d_18,"(0, 0, 34, 5)",29,10,10,10,10,10,2,8,0
15964,conv2d_18,"(0, 0, 16, 51)",1,10,10,10,10,10,10,0,0
15965,conv2d_18,"(1, 0, 4, 55)",5,10,10,10,10,10,7,3,0
15966,conv2d_18,"(2, 2, 38, 13)",9,10,10,10,10,10,8,2,0
15967,conv2d_18,"(0, 0, 14, 8)",24,10,10,10,10,10,3,7,0
15968,conv2d_18,"(1, 0, 32, 18)",20,10,10,10,10,10,0,10,0
15969,conv2d_18,"(2, 1, 8, 2)",26,10,10,10,10,10,1,9,0
15970,conv2d_18,"(1, 0, 10, 37)",23,10,10,10,10,10,2,8,0
15971,conv2d_18,"(1, 2, 42, 63)",5,10,10,10,10,10,6,4,0
15972,conv2d_18,"(1, 0, 29, 9)",4,10,10,10,10,10,9,1,0
15973,conv2d_18,"(0, 2, 28, 43)",14,10,10,10,10,10,1,9,0
15974,conv2d_18,"(2, 0, 33, 12)",8,10,10,10,10,10,10,0,0
15975,conv2d_18,"(0, 1, 20, 19)",25,10,10,10,10,10,0,10,0
15976,conv2d_18,"(2, 1, 35, 31)",10,10,10,10,10,10,4,6,0
15977,conv2d_18,"(2, 1, 21, 54)",28,10,10,10,10,10,0,10,0
15978,conv2d_18,"(2, 0, 29, 13)",26,10,10,10,10,10,0,10,0
15979,conv2d_18,"(1, 2, 21, 40)",28,10,10,10,10,10,0,10,0
15980,conv2d_18,"(2, 1, 0, 25)",8,10,10,10,10,10,6,4,0
15981,conv2d_18,"(0, 1, 1, 32)",18,10,10,10,10,10,2,8,0
15982,conv2d_18,"(2, 0, 1, 5)",22,10,10,10,10,10,2,8,0
15983,conv2d_18,"(1, 2, 1, 36)",17,10,10,10,10,10,1,9,0
15984,conv2d_18,"(1, 1, 58, 48)",4,10,10,10,10,10,10,0,0
15985,conv2d_18,"(1, 2, 18, 62)",31,10,10,10,10,10,0,10,0
15986,conv2d_18,"(0, 2, 28, 40)",7,10,10,10,10,10,3,7,0
15987,conv2d_18,"(2, 1, 26, 16)",20,10,10,10,10,10,3,7,0
15988,conv2d_18,"(1, 1, 55, 42)",6,10,10,10,10,10,8,2,0
15989,conv2d_18,"(0, 0, 25, 33)",4,10,10,10,10,10,9,1,0
15990,conv2d_18,"(0, 2, 0, 47)",11,10,10,10,10,10,1,9,0
15991,conv2d_18,"(0, 0, 1, 32)",10,10,10,10,10,10,5,5,0
15992,conv2d_18,"(1, 0, 28, 17)",24,10,10,10,10,10,0,10,0
15993,conv2d_18,"(1, 1, 38, 34)",27,10,10,10,10,10,0,10,0
15994,conv2d_18,"(2, 2, 2, 25)",2,10,10,10,10,10,10,0,0
15995,conv2d_18,"(2, 1, 54, 48)",3,10,10,10,10,10,10,0,0
15996,conv2d_18,"(0, 1, 34, 36)",26,10,10,10,10,10,3,7,0
15997,conv2d_18,"(1, 1, 39, 38)",4,10,10,10,10,10,9,1,0
15998,conv2d_18,"(0, 1, 59, 42)",9,10,10,10,10,10,2,8,0
15999,conv2d_18,"(0, 0, 6, 29)",12,10,10,10,10,10,2,8,0
16000,conv2d_18,"(2, 1, 16, 35)",18,10,10,10,10,10,1,9,0
16001,conv2d_18,"(0, 1, 41, 42)",19,10,10,10,10,10,3,7,0
16002,conv2d_18,"(2, 0, 18, 21)",12,10,10,10,10,10,2,8,0
16003,conv2d_18,"(1, 0, 35, 62)",3,10,10,10,10,10,10,0,0
16004,conv2d_18,"(0, 1, 8, 1)",27,10,10,10,10,10,0,10,0
16005,conv2d_18,"(2, 0, 60, 61)",14,10,10,10,10,10,1,9,0
16006,conv2d_18,"(2, 1, 32, 55)",19,10,10,10,10,10,0,10,0
16007,conv2d_18,"(2, 0, 17, 38)",7,10,10,10,10,10,8,2,0
16008,conv2d_18,"(2, 2, 52, 51)",10,10,10,10,10,10,1,9,0
16009,conv2d_18,"(2, 1, 62, 55)",14,10,10,10,10,10,0,10,0
16010,conv2d_18,"(2, 1, 40, 37)",12,10,10,10,10,10,1,9,0
16011,conv2d_18,"(0, 0, 60, 46)",12,10,10,10,10,10,1,9,0
16012,conv2d_18,"(0, 2, 40, 10)",25,10,10,10,10,10,1,9,0
16013,conv2d_18,"(2, 1, 46, 4)",18,10,10,10,10,10,3,7,0
16014,conv2d_18,"(1, 1, 40, 8)",7,10,10,10,10,10,8,2,0
16015,conv2d_18,"(0, 2, 4, 3)",23,10,10,10,10,10,2,8,0
16016,conv2d_18,"(1, 1, 39, 39)",4,10,10,10,10,10,10,0,0
16017,conv2d_18,"(1, 1, 33, 22)",15,10,10,10,10,10,1,9,0
16018,conv2d_18,"(2, 0, 34, 61)",3,10,10,10,10,10,10,0,0
16019,conv2d_18,"(2, 0, 0, 18)",10,10,10,10,10,10,7,3,0
16020,conv2d_18,"(1, 2, 6, 63)",24,10,10,10,10,10,1,9,0
16021,conv2d_18,"(2, 2, 61, 8)",15,10,10,10,10,10,2,8,0
16022,conv2d_18,"(1, 2, 17, 19)",3,10,10,10,10,10,10,0,0
16023,conv2d_18,"(2, 1, 47, 13)",28,10,10,10,10,10,0,10,0
16024,conv2d_18,"(0, 0, 20, 29)",11,10,10,10,10,10,0,10,0
16025,conv2d_18,"(1, 0, 17, 31)",5,10,10,10,10,10,10,0,0
16026,conv2d_18,"(1, 0, 45, 58)",25,10,10,10,10,10,2,8,0
16027,conv2d_18,"(0, 2, 21, 26)",5,10,10,10,10,10,10,0,0
16028,conv2d_18,"(0, 0, 34, 17)",19,10,10,10,10,10,2,8,0
16029,conv2d_18,"(2, 1, 4, 24)",5,10,10,10,10,10,10,0,0
16030,conv2d_18,"(1, 2, 42, 34)",30,10,6,8,6,8,0,6,4
16031,conv2d_18,"(2, 1, 56, 18)",30,10,8,9,8,9,0,8,2
16032,conv2d_18,"(0, 2, 2, 25)",13,10,10,10,10,10,3,7,0
16033,conv2d_18,"(1, 2, 37, 37)",28,10,10,10,10,10,1,9,0
16034,conv2d_18,"(1, 1, 34, 10)",14,10,10,10,10,10,1,9,0
16035,conv2d_18,"(2, 0, 6, 26)",7,10,10,10,10,10,4,6,0
16036,conv2d_18,"(0, 0, 56, 31)",13,10,10,10,10,10,1,9,0
16037,conv2d_18,"(1, 0, 62, 20)",12,10,10,10,10,10,0,10,0
16038,conv2d_18,"(2, 1, 55, 14)",30,10,6,7,6,7,0,6,4
16039,conv2d_18,"(1, 0, 30, 34)",7,10,10,10,10,10,8,2,0
16040,conv2d_18,"(2, 1, 57, 46)",23,10,10,10,10,10,0,10,0
16041,conv2d_18,"(0, 0, 47, 10)",6,10,10,10,10,10,6,4,0
16042,conv2d_18,"(1, 2, 33, 51)",8,10,10,10,10,10,3,7,0
16043,conv2d_18,"(0, 1, 38, 11)",5,10,10,10,10,10,9,1,0
16044,conv2d_18,"(0, 2, 52, 60)",26,10,10,10,10,10,0,10,0
16045,conv2d_18,"(2, 1, 3, 11)",19,10,10,10,10,10,1,9,0
16046,conv2d_18,"(0, 0, 28, 1)",9,10,10,10,10,10,9,1,0
16047,conv2d_18,"(1, 1, 28, 45)",21,10,10,10,10,10,1,9,0
16048,conv2d_18,"(2, 1, 25, 46)",11,10,10,10,10,10,3,7,0
16049,conv2d_18,"(1, 0, 41, 1)",0,10,10,10,10,10,9,1,0
16050,conv2d_18,"(0, 0, 37, 53)",11,10,10,10,10,10,2,8,0
16051,conv2d_18,"(2, 1, 46, 18)",15,10,10,10,10,10,1,9,0
16052,conv2d_18,"(0, 1, 59, 53)",5,10,10,10,10,10,10,0,0
16053,conv2d_18,"(2, 0, 49, 5)",6,10,10,10,10,10,8,2,0
16054,conv2d_18,"(2, 0, 29, 10)",14,10,10,10,10,10,3,7,0
16055,conv2d_18,"(0, 2, 20, 17)",10,10,10,10,10,10,6,4,0
16056,conv2d_18,"(2, 1, 45, 31)",14,10,10,10,10,10,0,10,0
16057,conv2d_18,"(2, 1, 63, 25)",20,10,10,10,10,10,0,10,0
16058,conv2d_18,"(2, 1, 55, 26)",25,10,10,10,10,10,1,9,0
16059,conv2d_18,"(1, 1, 17, 4)",19,10,10,10,10,10,0,10,0
16060,conv2d_18,"(0, 1, 22, 12)",14,10,10,10,10,10,4,6,0
16061,conv2d_18,"(1, 2, 32, 21)",24,10,10,10,10,10,0,10,0
16062,conv2d_18,"(0, 2, 21, 23)",31,10,10,10,10,10,0,10,0
16063,conv2d_18,"(2, 2, 35, 18)",16,10,10,10,10,10,1,9,0
16064,conv2d_18,"(2, 2, 54, 27)",3,10,10,10,10,10,10,0,0
16065,conv2d_18,"(1, 2, 6, 48)",12,10,10,10,10,10,2,8,0
16066,conv2d_18,"(1, 0, 0, 10)",22,10,10,10,10,10,0,10,0
16067,conv2d_18,"(0, 2, 58, 3)",3,10,10,10,10,10,10,0,0
16068,conv2d_18,"(1, 0, 52, 9)",21,10,10,10,10,10,0,10,0
16069,conv2d_18,"(1, 2, 8, 46)",12,10,10,10,10,10,2,8,0
16070,conv2d_18,"(2, 2, 7, 19)",10,10,10,10,10,10,6,4,0
16071,conv2d_18,"(0, 1, 47, 29)",9,10,10,10,10,10,4,6,0
16072,conv2d_18,"(0, 2, 42, 35)",5,10,10,10,10,10,9,1,0
16073,conv2d_18,"(2, 2, 21, 40)",0,10,10,10,10,10,10,0,0
16074,conv2d_18,"(1, 2, 53, 6)",26,10,10,10,10,10,0,10,0
16075,conv2d_18,"(1, 2, 40, 15)",29,10,10,10,10,10,0,10,0
16076,conv2d_18,"(1, 1, 23, 27)",25,10,10,10,10,10,1,9,0
16077,conv2d_18,"(2, 2, 21, 34)",27,10,10,10,10,10,0,10,0
16078,conv2d_18,"(2, 0, 52, 25)",6,10,10,10,10,10,10,0,0
16079,conv2d_18,"(1, 2, 53, 23)",12,10,10,10,10,10,2,8,0
16080,conv2d_18,"(1, 1, 4, 6)",28,10,10,10,10,10,0,10,0
16081,conv2d_18,"(0, 2, 35, 51)",18,10,10,10,10,10,2,8,0
16082,conv2d_18,"(0, 2, 39, 34)",11,10,10,10,10,10,1,9,0
16083,conv2d_18,"(0, 1, 24, 11)",23,10,10,10,10,10,2,8,0
16084,conv2d_18,"(1, 1, 20, 10)",4,10,10,10,10,10,10,0,0
16085,conv2d_18,"(1, 0, 23, 61)",29,10,10,10,10,10,2,8,0
16086,conv2d_18,"(0, 1, 14, 23)",1,10,10,10,10,10,10,0,0
16087,conv2d_18,"(0, 0, 54, 50)",8,10,10,10,10,10,9,1,0
16088,conv2d_18,"(0, 1, 29, 51)",22,10,10,10,10,10,0,10,0
16089,conv2d_18,"(2, 0, 14, 6)",17,10,10,10,10,10,0,10,0
16090,conv2d_18,"(2, 0, 37, 7)",13,10,10,10,10,10,1,9,0
16091,conv2d_18,"(1, 1, 12, 39)",0,10,10,10,10,10,10,0,0
16092,conv2d_18,"(0, 1, 14, 62)",30,10,7,7,7,7,0,7,3
16093,conv2d_18,"(2, 1, 27, 61)",19,10,10,10,10,10,3,7,0
16094,conv2d_18,"(1, 0, 33, 2)",17,10,10,10,10,10,0,10,0
16095,conv2d_18,"(2, 2, 5, 19)",27,10,10,10,10,10,0,10,0
16096,conv2d_18,"(1, 2, 38, 51)",26,10,10,10,10,10,0,10,0
16097,conv2d_18,"(2, 2, 46, 24)",17,10,10,10,10,10,3,7,0
16098,conv2d_18,"(2, 2, 1, 31)",4,10,10,10,10,10,9,1,0
16099,conv2d_18,"(1, 2, 16, 19)",19,10,10,10,10,10,0,10,0
16100,conv2d_18,"(0, 2, 41, 15)",20,10,10,10,10,10,2,8,0
16101,conv2d_18,"(0, 2, 25, 32)",30,10,1,6,1,6,0,1,9
16102,conv2d_18,"(0, 2, 44, 1)",10,10,10,10,10,10,2,8,0
16103,conv2d_18,"(1, 0, 8, 18)",23,10,10,10,10,10,0,10,0
16104,conv2d_18,"(0, 1, 22, 28)",0,10,10,10,10,10,10,0,0
16105,conv2d_18,"(2, 1, 2, 37)",18,10,10,10,10,10,1,9,0
16106,conv2d_18,"(1, 0, 31, 25)",26,10,10,10,10,10,10,0,0
16107,conv2d_18,"(0, 1, 31, 17)",8,10,10,10,10,10,10,0,0
16108,conv2d_18,"(1, 0, 35, 63)",8,10,10,10,10,10,6,4,0
16109,conv2d_18,"(0, 0, 25, 14)",9,10,10,10,10,10,5,5,0
16110,conv2d_18,"(0, 0, 54, 61)",11,10,10,10,10,10,6,4,0
16111,conv2d_18,"(1, 1, 13, 15)",2,10,10,10,10,10,10,0,0
16112,conv2d_18,"(0, 2, 33, 49)",23,10,10,10,10,10,0,10,0
16113,conv2d_18,"(0, 2, 8, 42)",27,10,10,10,10,10,3,7,0
16114,conv2d_18,"(0, 2, 30, 51)",1,10,10,10,10,10,10,0,0
16115,conv2d_18,"(0, 2, 31, 41)",28,10,10,10,10,10,10,0,0
16116,conv2d_18,"(2, 1, 3, 50)",24,10,10,10,10,10,1,9,0
16117,conv2d_18,"(0, 1, 40, 25)",30,10,6,6,6,6,0,6,4
16118,conv2d_18,"(2, 2, 13, 29)",21,10,10,10,10,10,1,9,0
16119,conv2d_18,"(1, 1, 59, 30)",15,10,10,10,10,10,0,10,0
16120,conv2d_18,"(2, 2, 44, 27)",16,10,10,10,10,10,0,10,0
16121,conv2d_18,"(2, 2, 40, 5)",15,10,10,10,10,10,3,7,0
16122,conv2d_18,"(2, 1, 21, 24)",15,10,10,10,10,10,1,9,0
16123,conv2d_18,"(0, 1, 41, 25)",18,10,10,10,10,10,1,9,0
16124,conv2d_18,"(0, 2, 31, 38)",1,10,10,10,10,10,10,0,0
16125,conv2d_18,"(1, 1, 41, 20)",5,10,10,10,10,10,10,0,0
16126,conv2d_18,"(2, 0, 60, 22)",25,10,10,10,10,10,0,10,0
16127,conv2d_18,"(1, 2, 32, 48)",23,10,10,10,10,10,0,10,0
16128,conv2d_18,"(2, 2, 61, 52)",24,10,10,10,10,10,0,10,0
16129,conv2d_18,"(2, 2, 50, 21)",22,10,10,10,10,10,0,10,0
16130,conv2d_18,"(0, 1, 14, 40)",3,10,10,10,10,10,10,0,0
16131,conv2d_18,"(2, 2, 13, 12)",13,10,10,10,10,10,9,1,0
16132,conv2d_18,"(1, 0, 7, 53)",31,10,10,10,10,10,2,8,0
16133,conv2d_18,"(1, 1, 41, 1)",22,10,10,10,10,10,1,9,0
16134,conv2d_18,"(0, 1, 43, 52)",17,10,10,10,10,10,0,10,0
16135,conv2d_18,"(0, 0, 35, 11)",26,10,10,10,10,10,1,9,0
16136,conv2d_18,"(1, 0, 39, 9)",19,10,10,10,10,10,1,9,0
16137,conv2d_18,"(2, 2, 28, 15)",10,10,10,10,10,10,0,10,0
16138,conv2d_18,"(2, 0, 45, 19)",17,10,10,10,10,10,0,10,0
16139,conv2d_18,"(2, 0, 10, 4)",6,10,10,10,10,10,10,0,0
16140,conv2d_18,"(1, 0, 3, 15)",19,10,10,10,10,10,1,9,0
16141,conv2d_18,"(2, 2, 21, 39)",6,10,10,10,10,10,10,0,0
16142,conv2d_18,"(1, 2, 39, 53)",2,10,10,10,10,10,10,0,0
16143,conv2d_18,"(2, 2, 4, 13)",25,10,10,10,10,10,2,8,0
16144,conv2d_18,"(1, 0, 42, 28)",31,10,10,10,10,10,1,9,0
16145,conv2d_18,"(0, 1, 51, 18)",17,10,10,10,10,10,0,10,0
16146,conv2d_18,"(1, 1, 40, 45)",10,10,10,10,10,10,1,9,0
16147,conv2d_18,"(1, 2, 63, 37)",8,10,10,10,10,10,2,8,0
16148,conv2d_18,"(1, 2, 32, 40)",31,10,10,10,10,10,0,10,0
16149,conv2d_18,"(0, 1, 19, 17)",2,10,10,10,10,10,10,0,0
16150,conv2d_18,"(1, 0, 10, 15)",1,10,10,10,10,10,10,0,0
16151,conv2d_18,"(2, 1, 54, 17)",27,10,10,10,10,10,2,8,0
16152,conv2d_18,"(1, 1, 58, 60)",7,10,10,10,10,10,10,0,0
16153,conv2d_18,"(0, 2, 6, 22)",29,10,10,10,10,10,1,9,0
16154,conv2d_18,"(1, 1, 31, 51)",21,10,10,10,10,10,10,0,0
16155,conv2d_18,"(2, 1, 46, 44)",19,10,10,10,10,10,1,9,0
16156,conv2d_18,"(2, 2, 13, 29)",12,10,10,10,10,10,2,8,0
16157,conv2d_18,"(1, 0, 48, 49)",5,10,10,10,10,10,10,0,0
16158,conv2d_18,"(1, 0, 21, 51)",21,10,10,10,10,10,0,10,0
16159,conv2d_18,"(2, 0, 17, 22)",25,10,10,10,10,10,0,10,0
16160,conv2d_18,"(2, 1, 10, 21)",12,10,10,10,10,10,4,6,0
16161,conv2d_18,"(2, 0, 43, 59)",29,10,10,10,10,10,0,10,0
16162,conv2d_18,"(1, 0, 61, 16)",13,10,10,10,10,10,1,9,0
16163,conv2d_18,"(2, 2, 41, 9)",24,10,10,10,10,10,2,8,0
16164,conv2d_18,"(1, 0, 2, 18)",13,10,10,10,10,10,1,9,0
16165,conv2d_18,"(2, 1, 60, 32)",21,10,10,10,10,10,0,10,0
16166,conv2d_18,"(1, 2, 6, 38)",16,10,10,10,10,10,0,10,0
16167,conv2d_18,"(2, 0, 31, 44)",17,10,10,10,10,10,10,0,0
16168,conv2d_18,"(0, 0, 13, 10)",26,10,10,10,10,10,3,7,0
16169,conv2d_18,"(2, 0, 52, 38)",20,10,10,10,10,10,0,10,0
16170,conv2d_18,"(2, 1, 48, 6)",29,10,10,10,10,10,0,10,0
16171,conv2d_18,"(1, 1, 0, 19)",29,10,10,10,10,10,0,10,0
16172,conv2d_18,"(2, 1, 0, 39)",23,10,10,10,10,10,0,10,0
16173,conv2d_18,"(1, 1, 28, 2)",0,10,10,10,10,10,10,0,0
16174,conv2d_18,"(0, 1, 52, 15)",23,10,10,10,10,10,0,10,0
16175,conv2d_18,"(1, 1, 5, 62)",28,10,10,10,10,10,0,10,0
16176,conv2d_18,"(0, 1, 16, 8)",11,10,10,10,10,10,3,7,0
16177,conv2d_18,"(1, 1, 30, 60)",25,10,10,10,10,10,0,10,0
16178,conv2d_18,"(1, 0, 55, 45)",26,10,10,10,10,10,1,9,0
16179,conv2d_18,"(2, 2, 27, 44)",3,10,10,10,10,10,9,1,0
16180,conv2d_18,"(1, 0, 36, 40)",31,10,10,10,10,10,0,10,0
16181,conv2d_18,"(2, 0, 32, 56)",27,10,10,10,10,10,1,9,0
16182,conv2d_18,"(1, 2, 62, 54)",17,10,10,10,10,10,1,9,0
16183,conv2d_18,"(2, 1, 15, 50)",6,10,10,10,10,10,5,5,0
16184,conv2d_18,"(0, 2, 1, 55)",0,10,10,10,10,10,9,1,0
16185,conv2d_18,"(0, 1, 36, 32)",14,10,10,10,10,10,0,10,0
16186,conv2d_18,"(0, 0, 13, 43)",26,10,10,10,10,10,1,9,0
16187,conv2d_18,"(2, 1, 4, 60)",27,10,10,10,10,10,1,9,0
16188,conv2d_18,"(2, 2, 31, 3)",16,10,10,10,10,10,10,0,0
16189,conv2d_18,"(0, 0, 28, 46)",29,10,10,10,10,10,0,10,0
16190,conv2d_18,"(0, 1, 35, 24)",9,10,10,10,10,10,9,1,0
16191,conv2d_18,"(2, 0, 35, 61)",5,10,10,10,10,10,10,0,0
16192,conv2d_18,"(0, 0, 15, 18)",3,10,10,10,10,10,10,0,0
16193,conv2d_18,"(2, 0, 30, 37)",7,10,10,10,10,10,7,3,0
16194,conv2d_18,"(2, 1, 62, 7)",12,10,10,10,10,10,2,8,0
16195,conv2d_18,"(0, 0, 38, 58)",26,10,10,10,10,10,0,10,0
16196,conv2d_18,"(0, 1, 3, 2)",28,10,10,10,10,10,0,10,0
16197,conv2d_18,"(2, 2, 43, 34)",24,10,10,10,10,10,2,8,0
16198,conv2d_18,"(0, 0, 32, 9)",24,10,10,10,10,10,0,10,0
16199,conv2d_18,"(2, 2, 37, 19)",29,10,10,10,10,10,0,10,0
16200,conv2d_18,"(0, 2, 3, 16)",9,10,10,10,10,10,3,7,0
16201,conv2d_18,"(1, 1, 24, 44)",20,10,10,10,10,10,0,10,0
16202,conv2d_18,"(0, 1, 19, 19)",12,10,10,10,10,10,0,10,0
16203,conv2d_18,"(0, 0, 7, 36)",11,10,10,10,10,10,3,7,0
16204,conv2d_18,"(1, 1, 13, 45)",7,10,10,10,10,10,9,1,0
16205,conv2d_18,"(2, 1, 8, 50)",19,10,10,10,10,10,0,10,0
16206,conv2d_18,"(0, 0, 58, 52)",0,10,10,10,10,10,10,0,0
16207,conv2d_18,"(0, 2, 38, 36)",23,10,10,10,10,10,0,10,0
16208,conv2d_18,"(0, 0, 56, 4)",13,10,10,10,10,10,2,8,0
16209,conv2d_18,"(0, 1, 44, 25)",27,10,10,10,10,10,1,9,0
16210,conv2d_18,"(1, 1, 46, 31)",25,10,10,10,10,10,1,9,0
16211,conv2d_18,"(2, 2, 35, 47)",20,10,10,10,10,10,1,9,0
16212,conv2d_18,"(1, 0, 58, 38)",0,10,10,10,10,10,10,0,0
16213,conv2d_18,"(2, 2, 29, 54)",18,10,10,10,10,10,0,10,0
16214,conv2d_18,"(0, 1, 62, 49)",1,10,10,10,10,10,10,0,0
16215,conv2d_18,"(2, 2, 13, 23)",30,10,4,5,4,5,0,4,6
16216,conv2d_18,"(1, 1, 15, 50)",12,10,10,10,10,10,1,9,0
16217,conv2d_18,"(1, 2, 53, 17)",5,10,10,10,10,10,7,3,0
16218,conv2d_18,"(2, 0, 20, 61)",23,10,10,10,10,10,1,9,0
16219,conv2d_18,"(1, 1, 15, 46)",21,10,10,10,10,10,0,10,0
16220,conv2d_18,"(2, 0, 15, 2)",0,10,10,10,10,10,10,0,0
16221,conv2d_18,"(0, 0, 1, 11)",10,10,10,10,10,10,6,4,0
16222,conv2d_18,"(2, 2, 31, 48)",2,10,10,10,10,10,10,0,0
16223,conv2d_18,"(2, 2, 13, 1)",1,10,10,10,10,10,9,1,0
16224,conv2d_18,"(2, 1, 29, 57)",15,10,10,10,10,10,0,10,0
16225,conv2d_18,"(0, 2, 0, 39)",2,10,10,10,10,10,9,1,0
16226,conv2d_18,"(1, 2, 0, 54)",30,10,0,6,0,6,0,0,10
16227,conv2d_18,"(0, 2, 59, 8)",31,10,10,10,10,10,1,9,0
16228,conv2d_18,"(1, 1, 24, 6)",3,10,10,10,10,10,10,0,0
16229,conv2d_18,"(2, 0, 21, 47)",10,10,10,10,10,10,1,9,0
16230,conv2d_18,"(1, 2, 32, 32)",18,10,10,10,10,10,1,9,0
16231,conv2d_18,"(1, 0, 60, 26)",9,10,10,10,10,10,6,4,0
16232,conv2d_18,"(1, 2, 62, 41)",14,10,10,10,10,10,2,8,0
16233,conv2d_18,"(2, 0, 39, 1)",6,10,10,10,10,10,9,1,0
16234,conv2d_18,"(0, 2, 41, 35)",10,10,10,10,10,10,3,7,0
16235,conv2d_18,"(0, 0, 30, 25)",13,10,10,10,10,10,2,8,0
16236,conv2d_18,"(2, 0, 8, 4)",24,10,10,10,10,10,0,10,0
16237,conv2d_18,"(1, 1, 17, 20)",11,10,10,10,10,10,1,9,0
16238,conv2d_18,"(1, 0, 43, 31)",4,10,10,10,10,10,9,1,0
16239,conv2d_18,"(1, 0, 24, 36)",18,10,10,10,10,10,0,10,0
16240,conv2d_18,"(1, 0, 41, 62)",28,10,10,10,10,10,1,9,0
16241,conv2d_18,"(1, 1, 31, 19)",13,10,10,10,10,10,10,0,0
16242,conv2d_18,"(1, 1, 32, 9)",24,10,10,10,10,10,1,9,0
16243,conv2d_18,"(2, 2, 38, 5)",12,10,10,10,10,10,6,4,0
16244,conv2d_18,"(0, 1, 50, 42)",31,10,10,10,10,10,4,6,0
16245,conv2d_18,"(2, 2, 55, 12)",3,10,10,10,10,10,10,0,0
16246,conv2d_18,"(1, 0, 60, 13)",3,10,10,10,10,10,9,1,0
16247,conv2d_18,"(1, 1, 50, 55)",2,10,10,10,10,10,10,0,0
16248,conv2d_18,"(0, 0, 46, 50)",9,10,10,10,10,10,5,5,0
16249,conv2d_18,"(1, 2, 47, 25)",19,10,10,10,10,10,1,9,0
16250,conv2d_18,"(0, 1, 38, 10)",29,10,10,10,10,10,0,10,0
16251,conv2d_18,"(0, 0, 32, 14)",1,10,10,10,10,10,10,0,0
16252,conv2d_18,"(0, 1, 39, 40)",5,10,10,10,10,10,9,1,0
16253,conv2d_18,"(0, 2, 56, 24)",14,10,10,10,10,10,0,10,0
16254,conv2d_18,"(2, 2, 62, 33)",9,10,10,10,10,10,3,7,0
16255,conv2d_18,"(0, 2, 13, 19)",2,10,10,10,10,10,10,0,0
16256,conv2d_18,"(2, 1, 57, 56)",20,10,10,10,10,10,1,9,0
16257,conv2d_18,"(2, 2, 22, 10)",9,10,10,10,10,10,9,1,0
16258,conv2d_18,"(1, 2, 59, 15)",27,10,10,10,10,10,0,10,0
16259,conv2d_18,"(2, 0, 29, 7)",16,10,10,10,10,10,0,10,0
16260,conv2d_18,"(0, 1, 55, 62)",17,10,10,10,10,10,1,9,0
16261,conv2d_18,"(2, 1, 10, 54)",7,10,10,10,10,10,8,2,0
16262,conv2d_18,"(0, 2, 6, 42)",26,10,10,10,10,10,3,7,0
16263,conv2d_18,"(0, 0, 43, 2)",20,10,10,10,10,10,0,10,0
16264,conv2d_18,"(2, 1, 1, 4)",25,10,10,10,10,10,1,9,0
16265,conv2d_18,"(2, 1, 12, 8)",1,10,10,10,10,10,10,0,0
16266,conv2d_18,"(1, 0, 55, 59)",14,10,10,10,10,10,1,9,0
16267,conv2d_18,"(0, 0, 59, 38)",8,10,10,10,10,10,7,3,0
16268,conv2d_18,"(1, 1, 24, 50)",26,10,10,10,10,10,0,10,0
16269,conv2d_18,"(0, 0, 48, 36)",22,10,10,10,10,10,0,10,0
16270,conv2d_18,"(1, 1, 57, 5)",27,10,10,10,10,10,1,9,0
16271,conv2d_18,"(2, 2, 11, 21)",15,10,10,10,10,10,0,10,0
16272,conv2d_18,"(2, 0, 40, 27)",0,10,10,10,10,10,10,0,0
16273,conv2d_18,"(2, 1, 50, 9)",28,10,10,10,10,10,0,10,0
16274,conv2d_18,"(0, 2, 56, 7)",8,10,10,10,10,10,10,0,0
16275,conv2d_18,"(1, 0, 61, 46)",6,10,10,10,10,10,10,0,0
16276,conv2d_18,"(1, 1, 9, 58)",1,10,10,10,10,10,10,0,0
16277,conv2d_18,"(0, 2, 36, 24)",29,10,10,10,10,10,1,9,0
16278,conv2d_18,"(1, 0, 51, 40)",7,10,10,10,10,10,5,5,0
16279,conv2d_18,"(0, 1, 6, 13)",24,10,10,10,10,10,0,10,0
16280,conv2d_18,"(0, 1, 0, 49)",5,10,10,10,10,10,6,4,0
16281,conv2d_18,"(0, 1, 53, 16)",17,10,10,10,10,10,1,9,0
16282,conv2d_18,"(1, 2, 46, 4)",5,10,10,10,10,10,10,0,0
16283,conv2d_18,"(2, 0, 29, 0)",19,10,10,10,10,10,0,10,0
16284,conv2d_18,"(0, 0, 7, 15)",12,10,10,10,10,10,4,6,0
16285,conv2d_18,"(0, 2, 43, 39)",12,10,10,10,10,10,1,9,0
16286,conv2d_18,"(1, 2, 60, 14)",8,10,10,10,10,10,6,4,0
16287,conv2d_18,"(1, 1, 11, 18)",6,10,10,10,10,10,10,0,0
16288,conv2d_18,"(2, 2, 46, 10)",30,10,5,6,5,6,0,5,5
16289,conv2d_18,"(1, 2, 25, 11)",28,10,10,10,10,10,3,7,0
16290,conv2d_18,"(1, 2, 31, 43)",9,10,10,10,10,10,10,0,0
16291,conv2d_18,"(0, 2, 49, 7)",24,10,10,10,10,10,1,9,0
16292,conv2d_18,"(2, 0, 33, 17)",31,10,10,10,10,10,1,9,0
16293,conv2d_18,"(0, 0, 63, 23)",4,10,10,10,10,10,9,1,0
16294,conv2d_18,"(2, 1, 6, 41)",13,10,10,10,10,10,0,10,0
16295,conv2d_18,"(0, 2, 23, 35)",7,10,10,10,10,10,6,4,0
16296,conv2d_18,"(2, 2, 12, 20)",11,10,10,10,10,10,3,7,0
16297,conv2d_18,"(1, 1, 12, 21)",19,10,10,10,10,10,1,9,0
16298,conv2d_18,"(2, 2, 5, 59)",20,10,10,10,10,10,1,9,0
16299,conv2d_18,"(0, 0, 31, 36)",5,10,10,10,10,10,10,0,0
16300,conv2d_18,"(2, 2, 41, 19)",22,10,10,10,10,10,1,9,0
16301,conv2d_18,"(0, 2, 24, 37)",17,10,10,10,10,10,1,9,0
16302,conv2d_18,"(2, 2, 27, 37)",11,10,10,10,10,10,6,4,0
16303,conv2d_18,"(1, 2, 7, 22)",7,10,10,10,10,10,8,2,0
16304,conv2d_18,"(2, 0, 42, 3)",17,10,10,10,10,10,2,8,0
16305,conv2d_18,"(1, 2, 10, 6)",29,10,10,10,10,10,1,9,0
16306,conv2d_18,"(0, 1, 31, 20)",15,10,10,10,10,10,10,0,0
16307,conv2d_18,"(2, 0, 12, 47)",29,10,10,10,10,10,3,7,0
16308,conv2d_18,"(0, 1, 47, 27)",13,10,10,10,10,10,1,9,0
16309,conv2d_18,"(1, 1, 27, 36)",30,10,2,4,2,4,0,2,8
16310,conv2d_18,"(1, 1, 9, 36)",0,10,10,10,10,10,10,0,0
16311,conv2d_18,"(0, 1, 53, 38)",17,10,10,10,10,10,0,10,0
16312,conv2d_18,"(1, 0, 40, 47)",31,10,10,10,10,10,1,9,0
16313,conv2d_18,"(2, 1, 15, 4)",6,10,10,10,10,10,10,0,0
16314,conv2d_18,"(0, 0, 11, 41)",0,10,10,10,10,10,10,0,0
16315,conv2d_18,"(1, 0, 24, 50)",26,10,10,10,10,10,0,10,0
16316,conv2d_18,"(2, 2, 22, 12)",10,10,10,10,10,10,10,0,0
16317,conv2d_18,"(2, 0, 19, 48)",24,10,10,10,10,10,2,8,0
16318,conv2d_18,"(1, 1, 14, 14)",29,10,10,10,10,10,0,10,0
16319,conv2d_18,"(1, 0, 52, 56)",12,10,10,10,10,10,0,10,0
16320,conv2d_18,"(0, 1, 40, 59)",1,10,10,10,10,10,10,0,0
16321,conv2d_18,"(1, 1, 58, 39)",10,10,10,10,10,10,3,7,0
16322,conv2d_18,"(0, 0, 1, 25)",20,10,10,10,10,10,3,7,0
16323,conv2d_18,"(0, 0, 13, 2)",10,10,10,10,10,10,7,3,0
16324,conv2d_18,"(0, 0, 6, 0)",10,10,10,10,10,10,3,7,0
16325,conv2d_18,"(1, 0, 30, 34)",22,10,10,10,10,10,0,10,0
16326,conv2d_18,"(0, 0, 17, 19)",5,10,10,10,10,10,10,0,0
16327,conv2d_18,"(0, 0, 9, 47)",0,10,10,10,10,10,10,0,0
16328,conv2d_18,"(1, 1, 6, 43)",23,10,10,10,10,10,0,10,0
16329,conv2d_18,"(1, 0, 43, 28)",17,10,10,10,10,10,1,9,0
16330,conv2d_18,"(2, 2, 3, 7)",6,10,10,10,10,10,8,2,0
16331,conv2d_18,"(0, 2, 44, 38)",25,10,10,10,10,10,0,10,0
16332,conv2d_18,"(2, 2, 51, 1)",9,10,10,10,10,10,4,6,0
16333,conv2d_18,"(2, 1, 61, 11)",16,10,10,10,10,10,3,7,0
16334,conv2d_18,"(1, 1, 2, 62)",21,10,10,10,10,10,0,10,0
16335,conv2d_18,"(1, 2, 17, 22)",16,10,10,10,10,10,1,9,0
16336,conv2d_18,"(0, 2, 51, 56)",7,10,10,10,10,10,4,6,0
16337,conv2d_18,"(0, 1, 3, 48)",25,10,10,10,10,10,1,9,0
16338,conv2d_18,"(2, 1, 10, 36)",20,10,10,10,10,10,2,8,0
16339,conv2d_18,"(2, 0, 3, 59)",22,10,10,10,10,10,0,10,0
16340,conv2d_18,"(0, 1, 44, 16)",15,10,10,10,10,10,0,10,0
16341,conv2d_18,"(0, 2, 38, 43)",27,10,10,10,10,10,1,9,0
16342,conv2d_18,"(0, 0, 42, 56)",17,10,10,10,10,10,2,8,0
16343,conv2d_18,"(1, 1, 40, 38)",22,10,10,10,10,10,0,10,0
16344,conv2d_18,"(0, 0, 51, 8)",19,10,10,10,10,10,2,8,0
16345,conv2d_18,"(1, 0, 25, 26)",22,10,10,10,10,10,0,10,0
16346,conv2d_18,"(0, 1, 14, 11)",16,10,10,10,10,10,2,8,0
16347,conv2d_18,"(0, 1, 49, 12)",23,10,10,10,10,10,0,10,0
16348,conv2d_18,"(1, 1, 3, 22)",26,10,10,10,10,10,1,9,0
16349,conv2d_18,"(2, 2, 42, 0)",12,10,10,10,10,10,3,7,0
16350,conv2d_18,"(2, 1, 8, 18)",17,10,10,10,10,10,1,9,0
16351,conv2d_18,"(1, 0, 47, 51)",9,10,10,10,10,10,4,6,0
16352,conv2d_18,"(2, 0, 52, 47)",10,10,10,10,10,10,1,9,0
16353,conv2d_18,"(0, 2, 50, 56)",28,10,10,10,10,10,1,9,0
16354,conv2d_18,"(0, 2, 11, 52)",7,10,10,10,10,10,3,7,0
16355,conv2d_18,"(2, 0, 16, 2)",31,10,10,10,10,10,1,9,0
16356,conv2d_18,"(0, 2, 4, 39)",14,10,10,10,10,10,3,7,0
16357,conv2d_18,"(2, 2, 42, 53)",1,10,10,10,10,10,10,0,0
16358,conv2d_18,"(0, 2, 31, 5)",1,10,10,10,10,10,10,0,0
16359,conv2d_18,"(2, 2, 58, 40)",10,10,10,10,10,10,1,9,0
16360,conv2d_18,"(0, 0, 34, 40)",1,10,10,10,10,10,10,0,0
16361,conv2d_18,"(0, 0, 45, 48)",29,10,10,10,10,10,0,10,0
16362,conv2d_18,"(2, 1, 37, 63)",3,10,10,10,10,10,10,0,0
16363,conv2d_18,"(1, 0, 45, 23)",30,10,2,4,2,4,0,2,8
16364,conv2d_18,"(2, 2, 11, 11)",24,10,10,10,10,10,0,10,0
16365,conv2d_18,"(0, 1, 56, 6)",15,10,10,10,10,10,1,9,0
16366,conv2d_18,"(1, 1, 47, 22)",29,10,10,10,10,10,0,10,0
16367,conv2d_18,"(2, 1, 34, 60)",0,10,10,10,10,10,10,0,0
16368,conv2d_18,"(0, 2, 21, 46)",26,10,10,10,10,10,0,10,0
16369,conv2d_18,"(1, 0, 16, 11)",26,10,10,10,10,10,1,9,0
16370,conv2d_18,"(1, 1, 48, 0)",27,10,10,10,10,10,0,10,0
16371,conv2d_18,"(1, 0, 55, 20)",11,10,10,10,10,10,1,9,0
16372,conv2d_18,"(2, 2, 13, 39)",29,10,10,10,10,10,2,8,0
16373,conv2d_18,"(1, 0, 5, 51)",31,10,10,10,10,10,1,9,0
16374,conv2d_18,"(2, 2, 41, 20)",25,10,10,10,10,10,2,8,0
16375,conv2d_18,"(2, 1, 19, 56)",7,10,10,10,10,10,9,1,0
16376,conv2d_18,"(0, 2, 36, 45)",23,10,10,10,10,10,3,7,0
16377,conv2d_18,"(1, 1, 8, 60)",10,10,10,10,10,10,10,0,0
16378,conv2d_18,"(1, 0, 48, 51)",8,10,10,10,10,10,10,0,0
16379,conv2d_18,"(1, 1, 62, 46)",21,10,10,10,10,10,1,9,0
16380,conv2d_18,"(1, 1, 8, 43)",23,10,10,10,10,10,0,10,0
16381,conv2d_18,"(1, 0, 8, 29)",3,10,10,10,10,10,10,0,0
16382,conv2d_18,"(0, 0, 29, 44)",15,10,10,10,10,10,0,10,0
16383,conv2d_18,"(2, 0, 46, 13)",2,10,10,10,10,10,10,0,0
16384,conv2d_18,"(1, 1, 48, 41)",13,10,10,10,10,10,6,4,0
16385,conv2d_18,"(1, 1, 5, 29)",6,10,10,10,10,10,10,0,0
16386,conv2d_18,"(1, 0, 63, 13)",23,10,10,10,10,10,0,10,0
16387,conv2d_18,"(2, 1, 54, 10)",21,10,10,10,10,10,4,6,0
16388,conv2d_18,"(2, 1, 48, 52)",6,10,10,10,10,10,2,8,0
16389,conv2d_18,"(2, 0, 46, 57)",19,10,10,10,10,10,2,8,0
16390,conv2d_18,"(2, 1, 58, 5)",24,10,10,10,10,10,0,10,0
16391,conv2d_18,"(2, 2, 31, 13)",14,10,10,10,10,10,10,0,0
16392,conv2d_18,"(1, 2, 60, 35)",23,10,10,10,10,10,0,10,0
16393,conv2d_18,"(1, 1, 6, 5)",4,10,10,10,10,10,10,0,0
16394,conv2d_18,"(0, 2, 7, 45)",27,10,10,10,10,10,4,6,0
16395,conv2d_18,"(0, 1, 24, 4)",19,10,10,10,10,10,1,9,0
16396,conv2d_18,"(0, 1, 48, 30)",25,10,10,10,10,10,0,10,0
16397,conv2d_18,"(2, 1, 41, 10)",20,10,10,10,10,10,2,8,0
16398,conv2d_18,"(1, 0, 24, 60)",16,10,10,10,10,10,0,10,0
16399,conv2d_18,"(2, 2, 31, 50)",16,10,10,10,10,10,10,0,0
16400,conv2d_18,"(1, 0, 25, 9)",28,10,10,10,10,10,1,9,0
16401,conv2d_18,"(0, 2, 3, 60)",12,10,10,10,10,10,6,4,0
16402,conv2d_18,"(1, 0, 11, 6)",7,10,10,10,10,10,3,7,0
16403,conv2d_18,"(2, 0, 49, 19)",27,10,10,10,10,10,0,10,0
16404,conv2d_18,"(2, 0, 49, 5)",5,10,10,10,10,10,9,1,0
16405,conv2d_18,"(1, 1, 56, 60)",25,10,10,10,10,10,2,8,0
16406,conv2d_18,"(1, 1, 2, 63)",19,10,10,10,10,10,1,9,0
16407,conv2d_18,"(1, 0, 0, 21)",3,10,10,10,10,10,7,3,0
16408,conv2d_18,"(0, 0, 1, 4)",9,10,10,10,10,10,8,2,0
16409,conv2d_18,"(2, 1, 0, 53)",11,10,10,10,10,10,0,10,0
16410,conv2d_18,"(0, 2, 15, 7)",0,10,10,10,10,10,10,0,0
16411,conv2d_18,"(0, 2, 61, 49)",2,10,10,10,10,10,10,0,0
16412,conv2d_18,"(0, 0, 39, 6)",9,10,10,10,10,10,6,4,0
16413,conv2d_18,"(0, 2, 52, 52)",17,10,10,10,10,10,1,9,0
16414,conv2d_18,"(1, 1, 51, 44)",2,10,10,10,10,10,10,0,0
16415,conv2d_18,"(2, 1, 4, 33)",18,10,10,10,10,10,1,9,0
16416,conv2d_18,"(2, 0, 44, 18)",8,10,10,10,10,10,9,1,0
16417,conv2d_18,"(0, 0, 21, 1)",20,10,10,10,10,10,0,10,0
16418,conv2d_18,"(1, 1, 3, 16)",16,10,10,10,10,10,3,7,0
16419,conv2d_18,"(2, 0, 43, 31)",9,10,10,10,10,10,4,6,0
16420,conv2d_18,"(0, 2, 53, 46)",12,10,10,10,10,10,1,9,0
16421,conv2d_18,"(0, 1, 5, 60)",29,10,10,10,10,10,5,5,0
16422,conv2d_18,"(1, 0, 39, 61)",26,10,10,10,10,10,0,10,0
16423,conv2d_18,"(0, 1, 19, 54)",20,10,10,10,10,10,2,8,0
16424,conv2d_18,"(1, 2, 34, 39)",5,10,10,10,10,10,10,0,0
16425,conv2d_18,"(1, 2, 28, 54)",6,10,10,10,10,10,3,7,0
16426,conv2d_18,"(1, 2, 41, 63)",10,10,10,10,10,10,4,6,0
16427,conv2d_18,"(1, 2, 8, 51)",7,10,10,10,10,10,7,3,0
16428,conv2d_18,"(2, 0, 42, 46)",5,10,10,10,10,10,9,1,0
16429,conv2d_18,"(1, 0, 42, 37)",0,10,10,10,10,10,10,0,0
16430,conv2d_18,"(0, 1, 2, 36)",12,10,10,10,10,10,4,6,0
16431,conv2d_18,"(1, 2, 58, 29)",5,10,10,10,10,10,9,1,0
16432,conv2d_18,"(2, 2, 21, 13)",26,10,10,10,10,10,2,8,0
16433,conv2d_18,"(0, 2, 29, 9)",13,10,10,10,10,10,0,10,0
16434,conv2d_18,"(1, 0, 42, 43)",5,10,10,10,10,10,8,2,0
16435,conv2d_18,"(0, 1, 3, 53)",5,10,10,10,10,10,7,3,0
16436,conv2d_18,"(0, 1, 38, 47)",15,10,10,10,10,10,0,10,0
16437,conv2d_18,"(1, 0, 17, 41)",28,10,10,10,10,10,0,10,0
16438,conv2d_18,"(0, 0, 38, 1)",24,10,10,10,10,10,1,9,0
16439,conv2d_18,"(2, 2, 41, 45)",17,10,10,10,10,10,2,8,0
16440,conv2d_18,"(2, 0, 0, 35)",20,10,10,10,10,10,0,10,0
16441,conv2d_18,"(0, 2, 17, 19)",21,10,10,10,10,10,0,10,0
16442,conv2d_18,"(0, 0, 54, 39)",15,10,10,10,10,10,2,8,0
16443,conv2d_18,"(0, 2, 61, 61)",21,10,10,10,10,10,1,9,0
16444,conv2d_18,"(0, 2, 29, 14)",21,10,10,10,10,10,0,10,0
16445,conv2d_18,"(2, 0, 38, 31)",2,10,10,10,10,10,8,2,0
16446,conv2d_18,"(0, 2, 49, 22)",26,10,10,10,10,10,2,8,0
16447,conv2d_18,"(1, 1, 28, 36)",16,10,10,10,10,10,0,10,0
16448,conv2d_18,"(1, 1, 1, 62)",20,10,10,10,10,10,1,9,0
16449,conv2d_18,"(0, 2, 46, 37)",10,10,10,10,10,10,6,4,0
16450,conv2d_18,"(2, 2, 30, 19)",17,10,10,10,10,10,0,10,0
16451,conv2d_18,"(1, 0, 15, 3)",20,10,10,10,10,10,0,10,0
16452,conv2d_18,"(0, 2, 39, 62)",9,10,10,10,10,10,7,3,0
16453,conv2d_18,"(2, 0, 63, 54)",10,10,10,10,10,10,0,10,0
16454,conv2d_18,"(2, 2, 45, 56)",28,10,10,10,10,10,1,9,0
16455,conv2d_18,"(1, 2, 5, 48)",4,10,10,10,10,10,10,0,0
16456,conv2d_18,"(0, 2, 45, 5)",14,10,10,10,10,10,0,10,0
16457,conv2d_18,"(1, 2, 39, 13)",10,10,10,10,10,10,3,7,0
16458,conv2d_18,"(2, 2, 26, 28)",24,10,10,10,10,10,1,9,0
16459,conv2d_18,"(1, 2, 33, 27)",31,10,10,10,10,10,2,8,0
16460,conv2d_18,"(1, 0, 28, 21)",24,10,10,10,10,10,0,10,0
16461,conv2d_18,"(2, 2, 42, 19)",18,10,10,10,10,10,1,9,0
16462,conv2d_18,"(2, 1, 13, 9)",23,10,10,10,10,10,0,10,0
16463,conv2d_18,"(2, 2, 46, 62)",29,10,10,10,10,10,3,7,0
16464,conv2d_18,"(2, 2, 52, 28)",1,10,10,10,10,10,10,0,0
16465,conv2d_18,"(2, 1, 6, 46)",19,10,10,10,10,10,0,10,0
16466,conv2d_18,"(0, 1, 12, 40)",11,10,10,10,10,10,5,5,0
16467,conv2d_18,"(0, 2, 59, 37)",28,10,10,10,10,10,0,10,0
16468,conv2d_18,"(2, 0, 2, 10)",1,10,10,10,10,10,10,0,0
16469,conv2d_18,"(0, 0, 0, 25)",21,10,10,10,10,10,1,9,0
16470,conv2d_18,"(1, 0, 60, 17)",29,10,10,10,10,10,0,10,0
16471,conv2d_18,"(0, 0, 50, 22)",17,10,10,10,10,10,3,7,0
16472,conv2d_18,"(2, 2, 63, 39)",15,10,10,10,10,10,1,9,0
16473,conv2d_18,"(2, 2, 4, 54)",2,10,10,10,10,10,10,0,0
16474,conv2d_18,"(2, 2, 38, 18)",23,10,10,10,10,10,1,9,0
16475,conv2d_18,"(2, 0, 23, 45)",18,10,10,10,10,10,2,8,0
16476,conv2d_18,"(1, 2, 12, 51)",10,10,10,10,10,10,4,6,0
16477,conv2d_18,"(0, 2, 3, 60)",7,10,10,10,10,10,8,2,0
16478,conv2d_18,"(0, 0, 63, 26)",31,10,10,10,10,10,0,10,0
16479,conv2d_18,"(1, 0, 31, 16)",27,10,10,10,10,10,10,0,0
16480,conv2d_18,"(2, 2, 54, 48)",17,10,10,10,10,10,2,8,0
16481,conv2d_18,"(2, 1, 63, 32)",15,10,10,10,10,10,0,10,0
16482,conv2d_18,"(0, 0, 57, 11)",8,10,10,10,10,10,4,6,0
16483,conv2d_18,"(1, 0, 3, 16)",17,10,10,10,10,10,2,8,0
16484,conv2d_18,"(0, 1, 59, 3)",18,10,10,10,10,10,0,10,0
16485,conv2d_18,"(2, 2, 42, 27)",23,10,10,10,10,10,3,7,0
16486,conv2d_18,"(0, 2, 27, 49)",31,10,10,10,10,10,1,9,0
16487,conv2d_18,"(1, 0, 31, 33)",3,10,10,10,10,10,10,0,0
16488,conv2d_18,"(0, 1, 2, 42)",3,10,10,10,10,10,10,0,0
16489,conv2d_18,"(0, 2, 45, 0)",13,10,10,10,10,10,0,10,0
16490,conv2d_18,"(0, 0, 44, 36)",28,10,10,10,10,10,0,10,0
16491,conv2d_18,"(0, 2, 47, 29)",11,10,10,10,10,10,5,5,0
16492,conv2d_18,"(1, 2, 22, 49)",10,10,10,10,10,10,0,10,0
16493,conv2d_18,"(1, 1, 8, 54)",5,10,10,10,10,10,9,1,0
16494,conv2d_18,"(0, 2, 32, 46)",8,10,10,10,10,10,4,6,0
16495,conv2d_18,"(0, 0, 57, 22)",9,10,10,10,10,10,6,4,0
16496,conv2d_18,"(1, 2, 27, 8)",5,10,10,10,10,10,9,1,0
16497,conv2d_18,"(0, 0, 21, 27)",13,10,10,10,10,10,6,4,0
16498,conv2d_18,"(2, 2, 35, 56)",18,10,10,10,10,10,1,9,0
16499,conv2d_18,"(0, 0, 12, 42)",29,10,10,10,10,10,3,7,0
16500,conv2d_18,"(1, 2, 0, 53)",26,10,10,10,10,10,0,10,0
16501,conv2d_18,"(1, 2, 0, 54)",25,10,10,10,10,10,0,10,0
16502,conv2d_18,"(2, 2, 36, 37)",8,10,10,10,10,10,4,6,0
16503,conv2d_18,"(0, 1, 58, 0)",31,10,10,10,10,10,1,9,0
16504,conv2d_18,"(2, 1, 29, 13)",9,10,10,10,10,10,4,6,0
16505,conv2d_18,"(0, 0, 31, 30)",20,10,10,10,10,10,10,0,0
16506,conv2d_18,"(2, 2, 11, 14)",27,10,10,10,10,10,0,10,0
16507,conv2d_18,"(1, 0, 44, 0)",12,10,10,10,10,10,0,10,0
16508,conv2d_18,"(2, 0, 12, 9)",24,10,10,10,10,10,1,9,0
16509,conv2d_18,"(1, 1, 45, 17)",17,10,10,10,10,10,1,9,0
16510,conv2d_18,"(2, 1, 51, 50)",19,10,10,10,10,10,0,10,0
16511,conv2d_18,"(1, 0, 41, 49)",23,10,10,10,10,10,1,9,0
16512,conv2d_18,"(2, 0, 40, 57)",17,10,10,10,10,10,0,10,0
16513,conv2d_18,"(0, 1, 32, 29)",17,10,10,10,10,10,1,9,0
16514,conv2d_18,"(2, 0, 40, 18)",23,10,10,10,10,10,0,10,0
16515,conv2d_18,"(1, 1, 10, 8)",16,10,10,10,10,10,1,9,0
16516,conv2d_18,"(2, 0, 47, 57)",18,10,10,10,10,10,0,10,0
16517,conv2d_18,"(0, 1, 47, 54)",10,10,10,10,10,10,1,9,0
16518,conv2d_18,"(2, 0, 38, 43)",9,10,10,10,10,10,6,4,0
16519,conv2d_18,"(2, 0, 29, 2)",26,10,10,10,10,10,0,10,0
16520,conv2d_18,"(2, 1, 21, 0)",18,10,10,10,10,10,0,10,0
16521,conv2d_18,"(1, 2, 41, 3)",27,10,10,10,10,10,1,9,0
16522,conv2d_18,"(0, 1, 25, 57)",10,10,10,10,10,10,10,0,0
16523,conv2d_18,"(2, 2, 12, 4)",29,10,10,10,10,10,2,8,0
16524,conv2d_18,"(0, 0, 11, 50)",28,10,10,10,10,10,2,8,0
16525,conv2d_18,"(0, 0, 25, 55)",27,10,10,10,10,10,1,9,0
16526,conv2d_18,"(0, 1, 44, 54)",4,10,10,10,10,10,6,4,0
16527,conv2d_18,"(2, 0, 59, 45)",28,10,10,10,10,10,0,10,0
16528,conv2d_18,"(1, 2, 10, 20)",25,10,10,10,10,10,2,8,0
16529,conv2d_18,"(2, 2, 30, 21)",22,10,10,10,10,10,0,10,0
16530,conv2d_18,"(2, 1, 15, 44)",6,10,10,10,10,10,7,3,0
16531,conv2d_18,"(1, 1, 31, 3)",27,10,10,10,10,10,10,0,0
16532,conv2d_18,"(0, 2, 30, 56)",0,10,10,10,10,10,10,0,0
16533,conv2d_18,"(2, 0, 0, 33)",11,10,10,10,10,10,1,9,0
16534,conv2d_18,"(1, 2, 16, 62)",17,10,10,10,10,10,0,10,0
16535,conv2d_18,"(0, 0, 1, 55)",7,10,10,10,10,10,8,2,0
16536,conv2d_18,"(1, 1, 46, 11)",15,10,10,10,10,10,2,8,0
16537,conv2d_18,"(0, 2, 8, 15)",17,10,10,10,10,10,0,10,0
16538,conv2d_18,"(1, 2, 43, 47)",12,10,10,10,10,10,1,9,0
16539,conv2d_18,"(0, 1, 12, 28)",1,10,10,10,10,10,10,0,0
16540,conv2d_18,"(1, 1, 36, 13)",24,10,10,10,10,10,0,10,0
16541,conv2d_18,"(2, 1, 35, 50)",27,10,10,10,10,10,1,9,0
16542,conv2d_18,"(2, 0, 42, 11)",1,10,10,10,10,10,10,0,0
16543,conv2d_18,"(1, 0, 38, 14)",28,10,10,10,10,10,0,10,0
16544,conv2d_18,"(2, 0, 58, 13)",0,10,10,10,10,10,10,0,0
16545,conv2d_18,"(2, 0, 24, 35)",4,10,10,10,10,10,10,0,0
16546,conv2d_18,"(1, 0, 56, 24)",12,10,10,10,10,10,5,5,0
16547,conv2d_18,"(2, 1, 0, 9)",6,10,10,10,10,10,9,1,0
16548,conv2d_18,"(1, 2, 28, 61)",22,10,10,10,10,10,1,9,0
16549,conv2d_18,"(1, 1, 15, 62)",28,10,10,10,10,10,0,10,0
16550,conv2d_18,"(1, 1, 14, 20)",18,10,10,10,10,10,0,10,0
16551,conv2d_18,"(1, 0, 10, 7)",20,10,10,10,10,10,2,8,0
16552,conv2d_18,"(1, 1, 25, 43)",17,10,10,10,10,10,2,8,0
16553,conv2d_18,"(0, 2, 60, 58)",1,10,10,10,10,10,10,0,0
16554,conv2d_18,"(0, 1, 63, 24)",22,10,10,10,10,10,0,10,0
16555,conv2d_18,"(1, 2, 13, 54)",12,10,10,10,10,10,0,10,0
16556,conv2d_18,"(0, 0, 40, 63)",19,10,10,10,10,10,2,8,0
16557,conv2d_18,"(0, 1, 5, 15)",1,10,10,10,10,10,9,1,0
16558,conv2d_18,"(1, 2, 50, 30)",25,10,10,10,10,10,3,7,0
16559,conv2d_18,"(1, 0, 60, 45)",2,10,10,10,10,10,10,0,0
16560,conv2d_18,"(1, 0, 17, 46)",12,10,10,10,10,10,0,10,0
16561,conv2d_18,"(1, 0, 44, 63)",20,10,10,10,10,10,0,10,0
16562,conv2d_18,"(1, 2, 60, 39)",3,10,10,10,10,10,9,1,0
16563,conv2d_18,"(0, 1, 40, 15)",0,10,10,10,10,10,10,0,0
16564,conv2d_18,"(2, 1, 37, 62)",13,10,10,10,10,10,0,10,0
16565,conv2d_18,"(2, 1, 24, 43)",17,10,10,10,10,10,0,10,0
16566,conv2d_18,"(2, 2, 14, 57)",25,10,10,10,10,10,0,10,0
16567,conv2d_18,"(2, 2, 41, 51)",5,10,10,10,10,10,9,1,0
16568,conv2d_18,"(1, 1, 38, 36)",1,10,10,10,10,10,10,0,0
16569,conv2d_18,"(2, 0, 22, 28)",7,10,10,10,10,10,9,1,0
16570,conv2d_18,"(2, 2, 33, 19)",7,10,10,10,10,10,6,4,0
16571,conv2d_18,"(1, 1, 20, 32)",8,10,10,10,10,10,8,2,0
16572,conv2d_18,"(1, 2, 13, 42)",24,10,10,10,10,10,2,8,0
16573,conv2d_18,"(1, 2, 38, 41)",9,10,10,10,10,10,6,4,0
16574,conv2d_18,"(1, 2, 27, 61)",11,10,10,10,10,10,3,7,0
16575,conv2d_18,"(0, 1, 33, 2)",12,10,10,10,10,10,0,10,0
16576,conv2d_18,"(1, 0, 21, 34)",20,10,10,10,10,10,0,10,0
16577,conv2d_18,"(2, 2, 37, 2)",3,10,10,10,10,10,10,0,0
16578,conv2d_18,"(0, 1, 49, 1)",31,10,10,10,10,10,3,7,0
16579,conv2d_18,"(1, 0, 63, 1)",17,10,10,10,10,10,1,9,0
16580,conv2d_18,"(2, 0, 16, 3)",13,10,10,10,10,10,7,3,0
16581,conv2d_18,"(2, 2, 3, 6)",11,10,10,10,10,10,3,7,0
16582,conv2d_18,"(0, 2, 27, 60)",20,10,10,10,10,10,3,7,0
16583,conv2d_18,"(1, 1, 22, 19)",1,10,10,10,10,10,10,0,0
16584,conv2d_18,"(2, 1, 51, 18)",10,10,10,10,10,10,2,8,0
16585,conv2d_18,"(1, 1, 21, 8)",4,10,10,10,10,10,7,3,0
16586,conv2d_18,"(1, 0, 57, 46)",7,10,10,10,10,10,7,3,0
16587,dense,"(42, 7)",15,10,10,10,10,10,0,10,0
16588,dense,"(29, 6)",28,10,10,10,10,10,0,10,0
16589,dense,"(48, 8)",2,10,10,10,10,10,9,1,0
16590,dense,"(50, 3)",7,10,10,10,10,10,1,9,0
16591,dense,"(35, 8)",15,10,10,10,10,10,0,10,0
16592,dense,"(52, 9)",10,10,10,10,10,10,0,10,0
16593,dense,"(24, 2)",13,10,10,10,10,10,0,10,0
16594,dense,"(9, 6)",21,10,10,10,10,10,0,10,0
16595,dense,"(13, 7)",30,10,10,10,10,10,0,10,0
16596,dense,"(26, 8)",0,10,10,10,10,10,10,0,0
16597,dense,"(24, 0)",1,10,10,10,10,10,10,0,0
16598,dense,"(48, 5)",19,10,10,10,10,10,0,10,0
16599,dense,"(10, 4)",20,10,10,10,10,10,0,10,0
16600,dense,"(51, 8)",31,10,10,10,10,10,0,10,0
16601,dense,"(19, 4)",29,10,10,10,10,10,0,10,0
16602,dense,"(26, 5)",12,10,10,10,10,10,0,10,0
16603,dense,"(31, 1)",1,10,10,10,10,10,10,0,0
16604,dense,"(11, 2)",20,10,10,10,10,10,0,10,0
16605,dense,"(30, 7)",9,10,10,10,10,10,0,10,0
16606,dense,"(26, 0)",26,10,10,10,10,10,0,10,0
16607,dense,"(48, 1)",11,10,10,10,10,10,0,10,0
16608,dense,"(60, 2)",18,10,10,10,10,10,0,10,0
16609,dense,"(29, 7)",5,10,10,10,10,10,2,8,0
16610,dense,"(1, 1)",8,10,10,10,10,10,0,10,0
16611,dense,"(37, 0)",7,10,10,10,10,10,2,8,0
16612,dense,"(12, 6)",4,10,10,10,10,10,10,0,0
16613,dense,"(31, 3)",27,10,10,10,10,10,0,10,0
16614,dense,"(47, 2)",30,10,0,10,0,10,0,0,10
16615,dense,"(13, 0)",23,10,10,10,10,10,0,10,0
16616,dense,"(52, 8)",30,10,2,10,2,10,0,2,8
16617,dense,"(53, 1)",22,10,10,10,10,10,0,10,0
16618,dense,"(55, 2)",15,10,10,10,10,10,0,10,0
16619,dense,"(21, 0)",26,10,10,10,10,10,0,10,0
16620,dense,"(5, 6)",13,10,10,10,10,10,0,10,0
16621,dense,"(56, 2)",13,10,10,10,10,10,0,10,0
16622,dense,"(52, 9)",27,10,10,10,10,10,0,10,0
16623,dense,"(22, 6)",1,10,10,10,10,10,9,1,0
16624,dense,"(8, 9)",13,10,10,10,10,10,0,10,0
16625,dense,"(36, 7)",4,10,10,10,10,10,2,8,0
16626,dense,"(26, 2)",4,10,10,10,10,10,3,7,0
