Injection,Layer,TensorIndex,Bit
0,conv2d,"(2, 0, 2, 6)",15
1,conv2d,"(0, 1, 0, 11)",6
2,conv2d,"(2, 2, 0, 5)",8
3,conv2d,"(2, 2, 2, 12)",14
4,conv2d,"(1, 0, 2, 8)",16
5,conv2d,"(0, 2, 2, 7)",14
6,conv2d,"(1, 2, 1, 8)",25
7,conv2d,"(1, 1, 0, 6)",26
8,conv2d,"(1, 0, 1, 6)",17
9,conv2d,"(0, 0, 2, 8)",13
10,conv2d,"(2, 1, 1, 12)",27
11,conv2d,"(0, 2, 0, 4)",25
12,conv2d,"(2, 2, 1, 13)",7
13,conv2d,"(1, 0, 0, 15)",11
14,conv2d,"(2, 1, 1, 14)",29
15,conv2d,"(2, 1, 0, 14)",24
16,conv2d,"(2, 0, 2, 1)",23
17,conv2d_1,"(1, 0, 9, 14)",6
18,conv2d_1,"(0, 2, 8, 1)",18
19,conv2d_1,"(2, 2, 14, 10)",2
20,conv2d_1,"(0, 0, 11, 14)",29
21,conv2d_1,"(0, 1, 11, 7)",25
22,conv2d_1,"(2, 2, 6, 12)",31
23,conv2d_1,"(0, 0, 3, 8)",18
24,conv2d_1,"(1, 2, 5, 14)",7
25,conv2d_1,"(2, 0, 14, 6)",6
26,conv2d_1,"(2, 1, 12, 15)",20
27,conv2d_1,"(2, 2, 4, 13)",21
28,conv2d_1,"(2, 0, 7, 1)",0
29,conv2d_1,"(0, 0, 0, 9)",13
30,conv2d_1,"(0, 1, 10, 14)",25
31,conv2d_1,"(1, 2, 9, 13)",14
32,conv2d_1,"(1, 0, 3, 15)",11
33,conv2d_1,"(2, 1, 12, 8)",28
34,conv2d_1,"(1, 2, 6, 7)",5
35,conv2d_1,"(2, 0, 15, 6)",12
36,conv2d_1,"(1, 1, 4, 7)",13
37,conv2d_1,"(2, 1, 5, 10)",1
38,conv2d_1,"(2, 2, 14, 2)",27
39,conv2d_1,"(2, 1, 10, 3)",15
40,conv2d_1,"(2, 1, 4, 15)",20
41,conv2d_1,"(2, 2, 9, 8)",13
42,conv2d_1,"(2, 2, 13, 14)",16
43,conv2d_1,"(0, 1, 9, 9)",15
44,conv2d_1,"(0, 1, 0, 2)",13
45,conv2d_1,"(0, 0, 2, 1)",21
46,conv2d_1,"(2, 1, 15, 2)",10
47,conv2d_1,"(2, 1, 6, 6)",18
48,conv2d_1,"(1, 2, 6, 0)",23
49,conv2d_1,"(1, 0, 6, 13)",8
50,conv2d_1,"(0, 2, 12, 8)",30
51,conv2d_1,"(1, 2, 1, 8)",21
52,conv2d_1,"(0, 2, 5, 1)",10
53,conv2d_1,"(2, 1, 0, 2)",4
54,conv2d_1,"(0, 2, 5, 14)",23
55,conv2d_1,"(0, 1, 14, 7)",3
56,conv2d_1,"(0, 0, 6, 11)",7
57,conv2d_1,"(0, 2, 2, 8)",27
58,conv2d_1,"(1, 1, 5, 10)",21
59,conv2d_1,"(2, 1, 6, 7)",8
60,conv2d_1,"(0, 1, 5, 9)",29
61,conv2d_1,"(0, 0, 5, 2)",8
62,conv2d_1,"(0, 1, 14, 14)",17
63,conv2d_1,"(1, 0, 13, 2)",25
64,conv2d_1,"(1, 0, 8, 8)",18
65,conv2d_1,"(2, 2, 2, 5)",24
66,conv2d_1,"(1, 0, 14, 12)",25
67,conv2d_1,"(1, 1, 14, 9)",15
68,conv2d_1,"(1, 1, 1, 6)",3
69,conv2d_1,"(1, 1, 3, 8)",13
70,conv2d_1,"(0, 2, 0, 6)",29
71,conv2d_1,"(0, 0, 0, 13)",2
72,conv2d_1,"(1, 0, 11, 8)",2
73,conv2d_1,"(1, 2, 12, 2)",23
74,conv2d_1,"(0, 2, 11, 4)",16
75,conv2d_1,"(0, 2, 3, 3)",15
76,conv2d_1,"(2, 2, 6, 1)",10
77,conv2d_1,"(2, 0, 0, 7)",25
78,conv2d_1,"(1, 1, 12, 9)",28
79,conv2d_1,"(1, 1, 0, 1)",28
80,conv2d_1,"(0, 0, 10, 13)",5
81,conv2d_1,"(0, 1, 8, 6)",19
82,conv2d_1,"(2, 2, 14, 13)",3
83,conv2d_1,"(1, 1, 0, 12)",31
84,conv2d_1,"(2, 0, 10, 9)",15
85,conv2d_1,"(2, 1, 10, 8)",16
86,conv2d_1,"(1, 0, 5, 0)",12
87,conv2d_1,"(1, 1, 4, 2)",28
88,conv2d_1,"(2, 2, 0, 11)",2
89,conv2d_1,"(2, 0, 13, 8)",9
90,conv2d_1,"(0, 2, 11, 5)",8
91,conv2d_1,"(1, 2, 5, 6)",18
92,conv2d_1,"(0, 2, 14, 5)",1
93,conv2d_1,"(0, 2, 5, 0)",13
94,conv2d_1,"(0, 2, 6, 12)",15
95,conv2d_1,"(1, 2, 14, 3)",14
96,conv2d_1,"(2, 0, 5, 0)",9
97,conv2d_1,"(2, 1, 14, 4)",15
98,conv2d_1,"(1, 2, 4, 3)",20
99,conv2d_1,"(0, 1, 11, 8)",16
100,conv2d_1,"(0, 1, 13, 14)",19
101,conv2d_1,"(1, 1, 5, 13)",25
102,conv2d_1,"(1, 1, 14, 6)",7
103,conv2d_2,"(0, 2, 1, 5)",21
104,conv2d_2,"(2, 0, 13, 14)",13
105,conv2d_2,"(1, 0, 12, 14)",17
106,conv2d_2,"(1, 2, 9, 6)",2
107,conv2d_2,"(0, 0, 2, 7)",1
108,conv2d_2,"(2, 1, 9, 14)",12
109,conv2d_2,"(0, 1, 12, 6)",24
110,conv2d_2,"(0, 0, 5, 8)",22
111,conv2d_2,"(2, 0, 0, 5)",15
112,conv2d_2,"(0, 0, 13, 5)",17
113,conv2d_2,"(0, 0, 8, 0)",13
114,conv2d_2,"(1, 1, 6, 11)",16
115,conv2d_2,"(2, 1, 6, 8)",4
116,conv2d_2,"(1, 0, 10, 5)",15
117,conv2d_2,"(2, 2, 5, 4)",8
118,conv2d_2,"(1, 1, 8, 1)",30
119,conv2d_2,"(2, 2, 1, 5)",9
120,conv2d_2,"(1, 2, 0, 14)",21
121,conv2d_2,"(2, 1, 13, 5)",29
122,conv2d_2,"(1, 1, 7, 12)",22
123,conv2d_2,"(0, 1, 2, 12)",28
124,conv2d_2,"(1, 2, 3, 14)",7
125,conv2d_2,"(0, 2, 6, 14)",5
126,conv2d_2,"(0, 0, 2, 11)",5
127,conv2d_2,"(0, 0, 2, 9)",5
128,conv2d_2,"(2, 0, 2, 8)",17
129,conv2d_2,"(0, 1, 13, 5)",1
130,conv2d_2,"(0, 2, 9, 6)",9
131,conv2d_2,"(1, 0, 3, 8)",1
132,conv2d_2,"(2, 2, 13, 1)",1
133,conv2d_2,"(0, 0, 2, 1)",13
134,conv2d_2,"(1, 0, 11, 10)",11
135,conv2d_2,"(1, 2, 0, 2)",8
136,conv2d_2,"(0, 2, 9, 5)",13
137,conv2d_2,"(2, 2, 8, 4)",0
138,conv2d_2,"(2, 1, 4, 6)",31
139,conv2d_2,"(0, 2, 8, 10)",25
140,conv2d_2,"(2, 2, 4, 14)",27
141,conv2d_2,"(2, 2, 15, 9)",23
142,conv2d_2,"(2, 2, 9, 15)",20
143,conv2d_2,"(1, 1, 1, 3)",25
144,conv2d_2,"(0, 1, 12, 15)",7
145,conv2d_2,"(0, 0, 14, 1)",27
146,conv2d_2,"(2, 1, 13, 12)",16
147,conv2d_2,"(1, 0, 15, 3)",17
148,conv2d_2,"(2, 2, 12, 4)",29
149,conv2d_2,"(1, 0, 1, 5)",3
150,conv2d_2,"(1, 1, 6, 5)",23
151,conv2d_2,"(2, 0, 8, 10)",21
152,conv2d_2,"(0, 1, 3, 4)",2
153,conv2d_2,"(2, 1, 8, 6)",4
154,conv2d_2,"(2, 2, 9, 6)",1
155,conv2d_2,"(0, 1, 1, 10)",12
156,conv2d_2,"(1, 2, 2, 3)",28
157,conv2d_2,"(0, 1, 6, 14)",3
158,conv2d_2,"(0, 2, 8, 14)",18
159,conv2d_2,"(1, 0, 2, 7)",18
160,conv2d_2,"(1, 1, 10, 15)",0
161,conv2d_2,"(1, 0, 8, 15)",20
162,conv2d_2,"(2, 0, 2, 13)",16
163,conv2d_2,"(0, 2, 5, 11)",23
164,conv2d_2,"(1, 0, 13, 15)",31
165,conv2d_2,"(1, 2, 6, 14)",1
166,conv2d_2,"(1, 1, 8, 4)",22
167,conv2d_2,"(1, 2, 2, 13)",3
168,conv2d_2,"(1, 0, 8, 10)",15
169,conv2d_2,"(1, 2, 1, 5)",14
170,conv2d_2,"(1, 0, 2, 9)",30
171,conv2d_2,"(0, 2, 12, 9)",30
172,conv2d_2,"(1, 1, 7, 1)",8
173,conv2d_2,"(0, 0, 7, 3)",18
174,conv2d_2,"(1, 2, 10, 14)",23
175,conv2d_2,"(0, 1, 15, 5)",7
176,conv2d_2,"(2, 0, 8, 2)",20
177,conv2d_2,"(1, 0, 2, 11)",6
178,conv2d_2,"(1, 2, 9, 9)",16
179,conv2d_2,"(2, 0, 8, 13)",3
180,conv2d_2,"(2, 2, 11, 13)",4
181,conv2d_2,"(1, 0, 12, 5)",28
182,conv2d_2,"(2, 0, 8, 6)",28
183,conv2d_2,"(2, 1, 8, 5)",24
184,conv2d_2,"(0, 2, 14, 13)",26
185,conv2d_2,"(0, 2, 4, 7)",9
186,conv2d_2,"(2, 0, 12, 9)",23
187,conv2d_2,"(2, 2, 13, 5)",30
188,conv2d_2,"(2, 0, 8, 9)",6
189,conv2d_3,"(1, 0, 14, 9)",29
190,conv2d_3,"(0, 1, 0, 14)",1
191,conv2d_3,"(0, 2, 1, 1)",1
192,conv2d_3,"(1, 1, 7, 9)",17
193,conv2d_3,"(2, 2, 14, 2)",3
194,conv2d_3,"(2, 2, 12, 2)",5
195,conv2d_3,"(1, 1, 15, 2)",5
196,conv2d_3,"(1, 2, 11, 8)",20
197,conv2d_3,"(0, 0, 8, 5)",2
198,conv2d_3,"(1, 0, 13, 12)",1
199,conv2d_3,"(0, 1, 14, 12)",8
200,conv2d_3,"(1, 2, 14, 0)",13
201,conv2d_3,"(2, 2, 9, 8)",2
202,conv2d_3,"(1, 1, 7, 4)",24
203,conv2d_3,"(0, 2, 5, 11)",20
204,conv2d_3,"(2, 1, 5, 0)",2
205,conv2d_3,"(0, 2, 14, 8)",1
206,conv2d_3,"(0, 2, 10, 4)",21
207,conv2d_3,"(0, 1, 5, 11)",18
208,conv2d_3,"(2, 1, 2, 4)",12
209,conv2d_3,"(2, 1, 6, 7)",31
210,conv2d_3,"(1, 0, 15, 8)",7
211,conv2d_3,"(1, 1, 2, 5)",11
212,conv2d_3,"(0, 2, 5, 1)",23
213,conv2d_3,"(1, 2, 14, 5)",30
214,conv2d_3,"(1, 0, 14, 8)",6
215,conv2d_3,"(2, 2, 14, 15)",9
216,conv2d_3,"(0, 0, 8, 1)",0
217,conv2d_3,"(2, 2, 6, 3)",7
218,conv2d_3,"(2, 0, 1, 9)",8
219,conv2d_3,"(0, 2, 10, 14)",12
220,conv2d_3,"(0, 2, 4, 9)",13
221,conv2d_3,"(2, 0, 5, 0)",8
222,conv2d_3,"(0, 1, 5, 8)",8
223,conv2d_3,"(1, 2, 11, 13)",10
224,conv2d_3,"(1, 2, 6, 2)",10
225,conv2d_3,"(2, 1, 0, 11)",17
226,conv2d_3,"(0, 2, 13, 1)",13
227,conv2d_3,"(2, 1, 7, 13)",23
228,conv2d_3,"(1, 2, 15, 11)",0
229,conv2d_3,"(1, 1, 15, 11)",19
230,conv2d_3,"(2, 2, 0, 9)",13
231,conv2d_3,"(2, 1, 15, 2)",11
232,conv2d_3,"(2, 1, 5, 8)",24
233,conv2d_3,"(2, 2, 5, 4)",26
234,conv2d_3,"(2, 1, 3, 4)",3
235,conv2d_3,"(2, 1, 8, 4)",13
236,conv2d_3,"(0, 2, 14, 9)",12
237,conv2d_3,"(0, 1, 6, 8)",0
238,conv2d_3,"(2, 0, 11, 1)",18
239,conv2d_3,"(0, 2, 7, 6)",15
240,conv2d_3,"(2, 0, 8, 13)",26
241,conv2d_3,"(2, 1, 4, 6)",26
242,conv2d_3,"(1, 1, 4, 9)",30
243,conv2d_3,"(2, 0, 6, 10)",15
244,conv2d_3,"(0, 0, 8, 3)",2
245,conv2d_3,"(1, 1, 5, 12)",1
246,conv2d_3,"(1, 0, 12, 0)",4
247,conv2d_3,"(0, 1, 6, 2)",14
248,conv2d_3,"(0, 0, 12, 10)",27
249,conv2d_3,"(1, 2, 1, 6)",20
250,conv2d_3,"(0, 0, 14, 7)",13
251,conv2d_3,"(0, 0, 13, 0)",23
252,conv2d_3,"(2, 1, 7, 15)",7
253,conv2d_3,"(1, 2, 1, 13)",23
254,conv2d_3,"(2, 2, 13, 5)",9
255,conv2d_3,"(2, 2, 5, 15)",12
256,conv2d_3,"(0, 0, 14, 5)",23
257,conv2d_3,"(0, 1, 6, 12)",29
258,conv2d_3,"(1, 1, 7, 2)",25
259,conv2d_3,"(2, 1, 3, 3)",30
260,conv2d_3,"(0, 2, 14, 7)",8
261,conv2d_3,"(1, 0, 8, 0)",20
262,conv2d_3,"(1, 1, 0, 14)",23
263,conv2d_3,"(0, 2, 13, 15)",27
264,conv2d_3,"(0, 1, 5, 14)",30
265,conv2d_3,"(0, 1, 14, 15)",3
266,conv2d_3,"(1, 0, 5, 10)",25
267,conv2d_3,"(0, 2, 8, 6)",10
268,conv2d_3,"(1, 0, 12, 15)",30
269,conv2d_3,"(1, 1, 13, 3)",30
270,conv2d_3,"(0, 2, 15, 13)",19
271,conv2d_3,"(0, 0, 10, 8)",14
272,conv2d_3,"(2, 2, 4, 11)",25
273,conv2d_3,"(2, 2, 6, 5)",15
274,conv2d_3,"(1, 1, 4, 12)",20
275,conv2d_4,"(2, 0, 11, 0)",10
276,conv2d_4,"(2, 0, 8, 1)",6
277,conv2d_4,"(0, 1, 10, 11)",31
278,conv2d_4,"(1, 2, 3, 12)",19
279,conv2d_4,"(2, 1, 2, 6)",22
280,conv2d_4,"(1, 0, 7, 4)",9
281,conv2d_4,"(1, 0, 10, 6)",5
282,conv2d_4,"(1, 2, 13, 0)",27
283,conv2d_4,"(1, 2, 0, 11)",20
284,conv2d_4,"(0, 1, 12, 8)",27
285,conv2d_4,"(0, 2, 3, 15)",23
286,conv2d_4,"(1, 2, 5, 9)",9
287,conv2d_4,"(0, 2, 7, 4)",8
288,conv2d_4,"(2, 0, 14, 6)",1
289,conv2d_4,"(0, 2, 15, 9)",16
290,conv2d_4,"(1, 2, 3, 5)",2
291,conv2d_4,"(2, 0, 13, 6)",19
292,conv2d_4,"(2, 1, 13, 6)",19
293,conv2d_4,"(0, 1, 13, 2)",24
294,conv2d_4,"(0, 0, 14, 7)",11
295,conv2d_4,"(1, 1, 12, 4)",10
296,conv2d_4,"(1, 2, 4, 6)",8
297,conv2d_4,"(1, 0, 12, 5)",8
298,conv2d_4,"(0, 1, 14, 6)",16
299,conv2d_4,"(2, 1, 9, 9)",20
300,conv2d_4,"(0, 2, 3, 4)",8
301,conv2d_4,"(1, 0, 8, 2)",22
302,conv2d_4,"(0, 0, 10, 4)",19
303,conv2d_4,"(0, 2, 6, 14)",2
304,conv2d_4,"(2, 1, 4, 6)",1
305,conv2d_4,"(1, 0, 1, 2)",13
306,conv2d_4,"(1, 1, 13, 15)",6
307,conv2d_4,"(0, 0, 11, 12)",7
308,conv2d_4,"(1, 2, 9, 0)",30
309,conv2d_4,"(0, 1, 13, 1)",18
310,conv2d_4,"(0, 1, 14, 14)",26
311,conv2d_4,"(1, 2, 5, 5)",23
312,conv2d_4,"(2, 1, 15, 3)",31
313,conv2d_4,"(0, 2, 6, 5)",4
314,conv2d_4,"(0, 1, 3, 12)",25
315,conv2d_4,"(0, 1, 0, 8)",11
316,conv2d_4,"(2, 0, 15, 10)",13
317,conv2d_4,"(1, 1, 9, 14)",30
318,conv2d_4,"(2, 0, 8, 15)",6
319,conv2d_4,"(2, 2, 12, 5)",3
320,conv2d_4,"(2, 1, 7, 14)",13
321,conv2d_4,"(1, 1, 0, 14)",7
322,conv2d_4,"(1, 2, 3, 2)",5
323,conv2d_4,"(2, 2, 8, 1)",23
324,conv2d_4,"(1, 0, 0, 1)",12
325,conv2d_4,"(0, 2, 2, 5)",7
326,conv2d_4,"(0, 2, 3, 6)",20
327,conv2d_4,"(0, 1, 0, 10)",27
328,conv2d_4,"(1, 2, 12, 5)",28
329,conv2d_4,"(1, 0, 1, 4)",12
330,conv2d_4,"(2, 1, 7, 4)",20
331,conv2d_4,"(1, 1, 4, 8)",9
332,conv2d_4,"(1, 1, 2, 3)",22
333,conv2d_4,"(0, 1, 8, 2)",15
334,conv2d_4,"(1, 0, 6, 11)",6
335,conv2d_4,"(2, 0, 3, 14)",11
336,conv2d_4,"(0, 0, 7, 0)",19
337,conv2d_4,"(1, 2, 8, 4)",5
338,conv2d_4,"(1, 1, 5, 11)",22
339,conv2d_4,"(0, 0, 3, 7)",18
340,conv2d_4,"(2, 0, 5, 1)",13
341,conv2d_4,"(2, 1, 11, 11)",26
342,conv2d_4,"(2, 0, 14, 5)",2
343,conv2d_4,"(0, 2, 2, 0)",7
344,conv2d_4,"(1, 1, 15, 5)",10
345,conv2d_4,"(1, 0, 0, 15)",25
346,conv2d_4,"(2, 2, 15, 10)",1
347,conv2d_4,"(2, 0, 1, 8)",25
348,conv2d_4,"(1, 0, 13, 1)",20
349,conv2d_4,"(1, 0, 0, 14)",18
350,conv2d_4,"(0, 1, 10, 0)",1
351,conv2d_4,"(0, 0, 7, 14)",9
352,conv2d_4,"(0, 0, 1, 9)",1
353,conv2d_4,"(1, 1, 6, 8)",6
354,conv2d_4,"(2, 2, 5, 3)",28
355,conv2d_4,"(0, 1, 6, 4)",20
356,conv2d_4,"(2, 2, 10, 10)",0
357,conv2d_4,"(2, 0, 6, 1)",22
358,conv2d_4,"(1, 0, 0, 8)",12
359,conv2d_4,"(1, 0, 6, 7)",15
360,conv2d_4,"(0, 2, 3, 9)",6
361,conv2d_5,"(2, 2, 14, 11)",31
362,conv2d_5,"(1, 2, 14, 11)",2
363,conv2d_5,"(1, 0, 10, 12)",7
364,conv2d_5,"(1, 2, 4, 3)",8
365,conv2d_5,"(1, 0, 5, 7)",6
366,conv2d_5,"(1, 0, 4, 8)",30
367,conv2d_5,"(2, 1, 6, 4)",7
368,conv2d_5,"(1, 1, 14, 8)",27
369,conv2d_5,"(2, 1, 12, 13)",31
370,conv2d_5,"(2, 1, 14, 2)",1
371,conv2d_5,"(1, 0, 3, 1)",19
372,conv2d_5,"(2, 1, 8, 15)",2
373,conv2d_5,"(2, 2, 8, 11)",20
374,conv2d_5,"(2, 1, 14, 8)",22
375,conv2d_5,"(2, 1, 14, 9)",2
376,conv2d_5,"(2, 0, 12, 2)",9
377,conv2d_5,"(2, 2, 2, 3)",19
378,conv2d_5,"(1, 2, 11, 9)",15
379,conv2d_5,"(2, 2, 11, 9)",3
380,conv2d_5,"(2, 0, 10, 2)",28
381,conv2d_5,"(1, 1, 6, 6)",10
382,conv2d_5,"(1, 0, 0, 1)",12
383,conv2d_5,"(0, 1, 11, 8)",14
384,conv2d_5,"(2, 0, 0, 11)",7
385,conv2d_5,"(1, 2, 4, 1)",14
386,conv2d_5,"(0, 0, 6, 8)",20
387,conv2d_5,"(1, 1, 4, 0)",28
388,conv2d_5,"(2, 2, 7, 8)",23
389,conv2d_5,"(1, 2, 0, 5)",1
390,conv2d_5,"(0, 2, 5, 12)",17
391,conv2d_5,"(0, 2, 7, 4)",27
392,conv2d_5,"(1, 0, 6, 6)",3
393,conv2d_5,"(1, 2, 7, 6)",19
394,conv2d_5,"(1, 1, 14, 12)",28
395,conv2d_5,"(1, 0, 5, 1)",23
396,conv2d_5,"(1, 2, 9, 4)",9
397,conv2d_5,"(2, 0, 0, 13)",28
398,conv2d_5,"(0, 2, 8, 1)",17
399,conv2d_5,"(0, 1, 2, 7)",20
400,conv2d_5,"(2, 2, 12, 10)",26
401,conv2d_5,"(1, 2, 8, 12)",26
402,conv2d_5,"(0, 0, 7, 10)",7
403,conv2d_5,"(1, 2, 12, 13)",28
404,conv2d_5,"(0, 0, 4, 9)",12
405,conv2d_5,"(2, 2, 10, 5)",29
406,conv2d_5,"(0, 1, 3, 10)",25
407,conv2d_5,"(0, 1, 12, 13)",7
408,conv2d_5,"(0, 1, 2, 1)",6
409,conv2d_5,"(1, 0, 15, 6)",0
410,conv2d_5,"(2, 1, 2, 5)",10
411,conv2d_5,"(1, 1, 8, 5)",15
412,conv2d_5,"(2, 1, 1, 11)",25
413,conv2d_5,"(0, 2, 13, 10)",16
414,conv2d_5,"(0, 2, 10, 15)",14
415,conv2d_5,"(1, 1, 14, 9)",29
416,conv2d_5,"(1, 2, 7, 11)",25
417,conv2d_5,"(1, 0, 12, 7)",23
418,conv2d_5,"(0, 1, 0, 5)",30
419,conv2d_5,"(1, 2, 2, 6)",19
420,conv2d_5,"(1, 2, 12, 1)",23
421,conv2d_5,"(1, 1, 2, 11)",2
422,conv2d_5,"(2, 0, 5, 9)",18
423,conv2d_5,"(2, 2, 9, 8)",14
424,conv2d_5,"(2, 1, 12, 10)",1
425,conv2d_5,"(2, 0, 12, 11)",14
426,conv2d_5,"(1, 1, 4, 4)",20
427,conv2d_5,"(0, 2, 9, 5)",11
428,conv2d_5,"(1, 2, 1, 11)",18
429,conv2d_5,"(0, 1, 4, 15)",9
430,conv2d_5,"(1, 0, 4, 12)",18
431,conv2d_5,"(0, 2, 2, 15)",26
432,conv2d_5,"(2, 2, 8, 14)",10
433,conv2d_5,"(0, 0, 2, 1)",3
434,conv2d_5,"(1, 2, 0, 14)",7
435,conv2d_5,"(0, 1, 6, 12)",29
436,conv2d_5,"(0, 0, 4, 2)",18
437,conv2d_5,"(1, 1, 13, 9)",3
438,conv2d_5,"(2, 0, 4, 4)",25
439,conv2d_5,"(0, 0, 14, 8)",30
440,conv2d_5,"(1, 0, 2, 14)",30
441,conv2d_5,"(2, 2, 3, 4)",1
442,conv2d_5,"(0, 0, 11, 8)",4
443,conv2d_5,"(0, 2, 13, 5)",21
444,conv2d_5,"(0, 1, 3, 14)",19
445,conv2d_5,"(1, 0, 10, 2)",11
446,conv2d_5,"(1, 1, 5, 0)",13
447,conv2d_6,"(2, 2, 2, 1)",0
448,conv2d_6,"(0, 1, 4, 15)",7
449,conv2d_6,"(0, 1, 7, 3)",27
450,conv2d_6,"(2, 0, 8, 8)",9
451,conv2d_6,"(1, 1, 15, 13)",6
452,conv2d_6,"(2, 2, 11, 8)",20
453,conv2d_6,"(1, 2, 5, 6)",11
454,conv2d_6,"(0, 2, 8, 12)",8
455,conv2d_6,"(2, 2, 5, 7)",11
456,conv2d_6,"(2, 2, 8, 11)",19
457,conv2d_6,"(1, 2, 5, 15)",18
458,conv2d_6,"(1, 1, 15, 12)",27
459,conv2d_6,"(0, 2, 5, 6)",8
460,conv2d_6,"(0, 2, 14, 3)",16
461,conv2d_6,"(1, 2, 11, 13)",23
462,conv2d_6,"(2, 0, 13, 14)",6
463,conv2d_6,"(0, 2, 10, 3)",22
464,conv2d_6,"(2, 1, 0, 9)",28
465,conv2d_6,"(0, 1, 8, 9)",18
466,conv2d_6,"(1, 1, 14, 1)",15
467,conv2d_6,"(2, 0, 13, 0)",15
468,conv2d_6,"(2, 0, 10, 2)",5
469,conv2d_6,"(2, 0, 11, 15)",13
470,conv2d_6,"(0, 1, 12, 9)",20
471,conv2d_6,"(0, 1, 5, 4)",30
472,conv2d_6,"(0, 1, 3, 15)",29
473,conv2d_6,"(0, 2, 14, 12)",25
474,conv2d_6,"(2, 1, 1, 0)",25
475,conv2d_6,"(0, 1, 13, 12)",22
476,conv2d_6,"(1, 0, 5, 9)",20
477,conv2d_6,"(0, 0, 5, 6)",28
478,conv2d_6,"(0, 1, 2, 4)",4
479,conv2d_6,"(2, 1, 5, 11)",6
480,conv2d_6,"(1, 0, 6, 7)",13
481,conv2d_6,"(1, 0, 8, 3)",13
482,conv2d_6,"(2, 1, 5, 1)",13
483,conv2d_6,"(0, 0, 8, 11)",27
484,conv2d_6,"(0, 1, 2, 15)",4
485,conv2d_6,"(1, 1, 5, 1)",15
486,conv2d_6,"(1, 0, 11, 15)",21
487,conv2d_6,"(2, 2, 13, 2)",15
488,conv2d_6,"(2, 1, 2, 5)",3
489,conv2d_6,"(2, 0, 10, 8)",14
490,conv2d_6,"(1, 2, 14, 12)",31
491,conv2d_6,"(0, 1, 3, 11)",27
492,conv2d_6,"(1, 2, 15, 7)",17
493,conv2d_6,"(0, 1, 5, 10)",30
494,conv2d_6,"(2, 2, 0, 5)",16
495,conv2d_6,"(0, 1, 13, 1)",24
496,conv2d_6,"(0, 1, 5, 15)",0
497,conv2d_6,"(2, 0, 2, 14)",27
498,conv2d_6,"(0, 1, 15, 3)",31
499,conv2d_6,"(0, 1, 1, 13)",5
500,conv2d_6,"(1, 0, 0, 6)",10
501,conv2d_6,"(2, 0, 5, 5)",1
502,conv2d_6,"(2, 2, 15, 11)",8
503,conv2d_6,"(0, 0, 14, 12)",21
504,conv2d_6,"(0, 0, 1, 4)",29
505,conv2d_6,"(1, 0, 2, 2)",3
506,conv2d_6,"(0, 1, 7, 1)",25
507,conv2d_6,"(1, 0, 3, 1)",19
508,conv2d_6,"(1, 1, 4, 4)",8
509,conv2d_6,"(0, 2, 1, 3)",6
510,conv2d_6,"(0, 0, 6, 5)",1
511,conv2d_6,"(1, 1, 9, 13)",29
512,conv2d_6,"(1, 0, 4, 14)",30
513,conv2d_6,"(2, 1, 0, 0)",6
514,conv2d_6,"(1, 1, 11, 0)",0
515,conv2d_6,"(1, 1, 9, 0)",2
516,conv2d_6,"(2, 2, 15, 3)",7
517,conv2d_6,"(1, 2, 2, 14)",15
518,conv2d_6,"(0, 2, 11, 7)",11
519,conv2d_6,"(1, 2, 1, 1)",19
520,conv2d_6,"(0, 0, 2, 15)",11
521,conv2d_6,"(0, 0, 7, 15)",5
522,conv2d_6,"(2, 1, 10, 14)",8
523,conv2d_6,"(0, 1, 5, 13)",9
524,conv2d_6,"(2, 2, 12, 13)",31
525,conv2d_6,"(2, 1, 11, 6)",22
526,conv2d_6,"(1, 1, 5, 3)",16
527,conv2d_6,"(1, 1, 13, 7)",8
528,conv2d_6,"(0, 1, 12, 3)",17
529,conv2d_6,"(1, 1, 12, 10)",2
530,conv2d_6,"(0, 0, 2, 8)",12
531,conv2d_6,"(2, 2, 14, 10)",6
532,conv2d_6,"(0, 1, 15, 0)",12
533,conv2d_7,"(1, 0, 2, 7)",29
534,conv2d_7,"(2, 2, 15, 30)",1
535,conv2d_7,"(0, 0, 12, 26)",12
536,conv2d_7,"(1, 0, 1, 15)",29
537,conv2d_7,"(2, 2, 10, 30)",1
538,conv2d_7,"(2, 1, 12, 21)",23
539,conv2d_7,"(0, 2, 8, 25)",18
540,conv2d_7,"(0, 0, 8, 17)",22
541,conv2d_7,"(0, 1, 3, 28)",20
542,conv2d_7,"(0, 2, 2, 8)",10
543,conv2d_7,"(1, 1, 10, 14)",15
544,conv2d_7,"(1, 2, 12, 20)",1
545,conv2d_7,"(0, 1, 10, 6)",10
546,conv2d_7,"(0, 1, 5, 12)",30
547,conv2d_7,"(2, 2, 4, 20)",19
548,conv2d_7,"(2, 1, 8, 30)",6
549,conv2d_7,"(1, 1, 10, 18)",11
550,conv2d_7,"(2, 2, 8, 18)",25
551,conv2d_7,"(1, 0, 12, 21)",21
552,conv2d_7,"(1, 0, 5, 26)",27
553,conv2d_7,"(2, 2, 11, 27)",9
554,conv2d_7,"(0, 1, 13, 12)",3
555,conv2d_7,"(1, 1, 12, 9)",30
556,conv2d_7,"(0, 0, 5, 21)",26
557,conv2d_7,"(0, 2, 7, 17)",11
558,conv2d_7,"(0, 0, 5, 14)",3
559,conv2d_7,"(0, 2, 3, 4)",24
560,conv2d_7,"(2, 2, 7, 18)",29
561,conv2d_7,"(2, 1, 5, 8)",8
562,conv2d_7,"(0, 2, 9, 27)",25
563,conv2d_7,"(2, 1, 5, 26)",21
564,conv2d_7,"(2, 0, 12, 22)",5
565,conv2d_7,"(1, 2, 8, 8)",15
566,conv2d_7,"(0, 0, 2, 1)",10
567,conv2d_7,"(2, 0, 10, 25)",8
568,conv2d_7,"(1, 1, 12, 23)",7
569,conv2d_7,"(1, 0, 2, 1)",10
570,conv2d_7,"(0, 2, 5, 4)",13
571,conv2d_7,"(1, 0, 11, 4)",27
572,conv2d_7,"(2, 2, 15, 25)",11
573,conv2d_7,"(2, 2, 2, 21)",17
574,conv2d_7,"(2, 0, 5, 5)",20
575,conv2d_7,"(2, 2, 4, 7)",31
576,conv2d_7,"(2, 0, 9, 7)",25
577,conv2d_7,"(0, 2, 13, 29)",14
578,conv2d_7,"(0, 1, 5, 14)",9
579,conv2d_7,"(1, 0, 10, 16)",30
580,conv2d_7,"(1, 0, 9, 11)",11
581,conv2d_7,"(0, 0, 12, 22)",18
582,conv2d_7,"(0, 2, 4, 29)",26
583,conv2d_7,"(0, 1, 3, 30)",22
584,conv2d_7,"(1, 2, 15, 1)",3
585,conv2d_7,"(1, 2, 3, 13)",21
586,conv2d_7,"(2, 2, 3, 8)",17
587,conv2d_7,"(0, 0, 4, 16)",4
588,conv2d_7,"(0, 2, 15, 2)",18
589,conv2d_7,"(1, 1, 9, 7)",17
590,conv2d_7,"(2, 1, 12, 8)",4
591,conv2d_7,"(0, 0, 11, 12)",2
592,conv2d_7,"(1, 1, 1, 31)",2
593,conv2d_7,"(1, 0, 8, 8)",24
594,conv2d_7,"(0, 1, 5, 17)",31
595,conv2d_7,"(0, 1, 12, 6)",29
596,conv2d_7,"(1, 1, 7, 17)",4
597,conv2d_7,"(0, 2, 14, 5)",30
598,conv2d_7,"(1, 0, 6, 9)",30
599,conv2d_7,"(0, 1, 4, 23)",0
600,conv2d_7,"(2, 1, 10, 16)",13
601,conv2d_7,"(0, 1, 6, 18)",19
602,conv2d_7,"(2, 1, 1, 1)",25
603,conv2d_7,"(1, 2, 13, 21)",30
604,conv2d_7,"(0, 2, 1, 17)",11
605,conv2d_7,"(0, 0, 8, 5)",6
606,conv2d_7,"(0, 0, 9, 14)",24
607,conv2d_7,"(0, 0, 12, 30)",20
608,conv2d_7,"(2, 0, 15, 17)",5
609,conv2d_7,"(1, 1, 11, 1)",5
610,conv2d_7,"(2, 2, 8, 24)",28
611,conv2d_7,"(1, 1, 13, 2)",6
612,conv2d_7,"(1, 0, 6, 11)",30
613,conv2d_7,"(2, 0, 8, 2)",30
614,conv2d_7,"(0, 1, 9, 31)",4
615,conv2d_7,"(2, 2, 14, 0)",11
616,conv2d_7,"(0, 1, 13, 25)",20
617,conv2d_7,"(2, 1, 12, 20)",25
618,conv2d_7,"(2, 2, 12, 25)",3
619,conv2d_7,"(1, 2, 2, 4)",0
620,conv2d_7,"(0, 1, 2, 7)",2
621,conv2d_7,"(2, 2, 6, 30)",14
622,conv2d_7,"(1, 0, 11, 7)",17
623,conv2d_7,"(2, 1, 12, 7)",3
624,conv2d_7,"(1, 0, 11, 5)",3
625,conv2d_7,"(1, 2, 12, 5)",21
626,conv2d_7,"(2, 1, 13, 30)",3
627,conv2d_7,"(1, 0, 15, 20)",30
628,conv2d_7,"(0, 0, 1, 20)",24
629,conv2d_7,"(1, 1, 13, 0)",3
630,conv2d_7,"(1, 1, 5, 7)",31
631,conv2d_7,"(0, 0, 7, 4)",7
632,conv2d_7,"(2, 0, 2, 28)",1
633,conv2d_7,"(1, 1, 15, 11)",17
634,conv2d_7,"(2, 1, 11, 24)",21
635,conv2d_7,"(1, 1, 11, 8)",31
636,conv2d_7,"(0, 2, 8, 20)",17
637,conv2d_7,"(2, 1, 7, 4)",19
638,conv2d_7,"(1, 1, 6, 5)",22
639,conv2d_7,"(0, 2, 12, 27)",9
640,conv2d_7,"(2, 2, 1, 25)",26
641,conv2d_7,"(0, 1, 3, 3)",11
642,conv2d_7,"(1, 1, 3, 20)",6
643,conv2d_7,"(0, 2, 1, 16)",14
644,conv2d_7,"(1, 2, 1, 25)",29
645,conv2d_7,"(1, 0, 3, 0)",6
646,conv2d_7,"(0, 2, 12, 17)",17
647,conv2d_7,"(1, 0, 14, 31)",12
648,conv2d_7,"(0, 1, 0, 22)",20
649,conv2d_7,"(0, 2, 5, 2)",6
650,conv2d_7,"(0, 0, 10, 7)",4
651,conv2d_7,"(0, 0, 1, 28)",9
652,conv2d_7,"(1, 0, 4, 19)",25
653,conv2d_7,"(0, 1, 3, 10)",22
654,conv2d_7,"(2, 2, 4, 9)",19
655,conv2d_7,"(0, 2, 7, 18)",10
656,conv2d_7,"(0, 2, 14, 26)",17
657,conv2d_7,"(1, 1, 2, 20)",24
658,conv2d_7,"(1, 1, 10, 12)",19
659,conv2d_7,"(2, 2, 12, 7)",5
660,conv2d_7,"(0, 2, 11, 19)",15
661,conv2d_7,"(0, 2, 7, 22)",6
662,conv2d_7,"(2, 2, 7, 23)",20
663,conv2d_7,"(2, 2, 11, 5)",15
664,conv2d_7,"(0, 1, 14, 13)",23
665,conv2d_7,"(0, 1, 10, 0)",0
666,conv2d_7,"(2, 0, 8, 29)",19
667,conv2d_7,"(1, 2, 11, 8)",2
668,conv2d_7,"(0, 0, 12, 0)",29
669,conv2d_7,"(2, 2, 1, 8)",3
670,conv2d_7,"(0, 1, 4, 15)",14
671,conv2d_7,"(1, 0, 7, 21)",30
672,conv2d_7,"(1, 2, 4, 19)",29
673,conv2d_7,"(2, 0, 14, 18)",10
674,conv2d_7,"(2, 0, 12, 28)",26
675,conv2d_7,"(0, 2, 5, 1)",14
676,conv2d_7,"(1, 1, 14, 19)",27
677,conv2d_7,"(2, 0, 1, 27)",24
678,conv2d_7,"(2, 1, 9, 15)",23
679,conv2d_7,"(0, 0, 12, 10)",2
680,conv2d_7,"(1, 1, 0, 19)",27
681,conv2d_7,"(2, 1, 11, 10)",12
682,conv2d_7,"(2, 0, 13, 11)",22
683,conv2d_7,"(2, 0, 15, 7)",31
684,conv2d_7,"(0, 0, 3, 17)",24
685,conv2d_7,"(2, 0, 5, 31)",0
686,conv2d_7,"(2, 2, 5, 22)",29
687,conv2d_7,"(2, 1, 13, 26)",25
688,conv2d_7,"(2, 2, 6, 11)",18
689,conv2d_7,"(1, 1, 8, 21)",1
690,conv2d_7,"(0, 2, 5, 23)",3
691,conv2d_7,"(0, 0, 6, 7)",19
692,conv2d_7,"(1, 2, 6, 22)",17
693,conv2d_7,"(2, 2, 2, 3)",26
694,conv2d_7,"(0, 1, 11, 30)",4
695,conv2d_7,"(2, 0, 4, 26)",1
696,conv2d_7,"(2, 1, 6, 27)",13
697,conv2d_7,"(1, 1, 6, 21)",14
698,conv2d_7,"(0, 0, 14, 18)",13
699,conv2d_7,"(1, 1, 15, 19)",30
700,conv2d_7,"(0, 2, 10, 27)",6
701,conv2d_7,"(0, 1, 12, 4)",24
702,conv2d_7,"(1, 1, 2, 21)",3
703,conv2d_7,"(2, 2, 5, 26)",28
704,conv2d_7,"(0, 1, 1, 26)",22
705,conv2d_8,"(2, 2, 7, 9)",19
706,conv2d_8,"(1, 0, 2, 5)",30
707,conv2d_8,"(1, 2, 26, 30)",9
708,conv2d_8,"(0, 1, 6, 5)",15
709,conv2d_8,"(0, 2, 10, 5)",11
710,conv2d_8,"(0, 2, 10, 10)",12
711,conv2d_8,"(0, 0, 21, 20)",0
712,conv2d_8,"(1, 0, 25, 25)",16
713,conv2d_8,"(2, 0, 27, 2)",0
714,conv2d_8,"(2, 2, 10, 18)",24
715,conv2d_8,"(2, 2, 6, 21)",31
716,conv2d_8,"(2, 0, 9, 7)",3
717,conv2d_8,"(0, 1, 26, 29)",20
718,conv2d_8,"(2, 0, 28, 10)",7
719,conv2d_8,"(2, 1, 6, 19)",16
720,conv2d_8,"(1, 2, 28, 1)",31
721,conv2d_8,"(1, 2, 8, 6)",6
722,conv2d_8,"(2, 1, 24, 30)",1
723,conv2d_8,"(2, 2, 22, 15)",12
724,conv2d_8,"(1, 0, 0, 27)",12
725,conv2d_8,"(0, 2, 18, 24)",11
726,conv2d_8,"(1, 2, 31, 25)",7
727,conv2d_8,"(2, 2, 29, 2)",6
728,conv2d_8,"(2, 0, 5, 29)",24
729,conv2d_8,"(0, 0, 30, 22)",7
730,conv2d_8,"(0, 1, 5, 24)",24
731,conv2d_8,"(2, 2, 23, 9)",27
732,conv2d_8,"(0, 1, 21, 21)",8
733,conv2d_8,"(2, 0, 5, 31)",2
734,conv2d_8,"(0, 2, 13, 20)",1
735,conv2d_8,"(1, 0, 26, 2)",18
736,conv2d_8,"(2, 0, 19, 10)",25
737,conv2d_8,"(0, 0, 11, 9)",23
738,conv2d_8,"(2, 2, 18, 14)",26
739,conv2d_8,"(2, 0, 5, 8)",18
740,conv2d_8,"(0, 1, 10, 16)",26
741,conv2d_8,"(0, 0, 7, 17)",24
742,conv2d_8,"(0, 1, 21, 8)",24
743,conv2d_8,"(2, 2, 9, 8)",10
744,conv2d_8,"(2, 2, 13, 20)",6
745,conv2d_8,"(2, 0, 6, 7)",9
746,conv2d_8,"(1, 1, 29, 5)",8
747,conv2d_8,"(1, 1, 11, 5)",29
748,conv2d_8,"(2, 0, 13, 10)",3
749,conv2d_8,"(1, 2, 12, 5)",12
750,conv2d_8,"(1, 2, 29, 22)",12
751,conv2d_8,"(0, 1, 13, 25)",25
752,conv2d_8,"(1, 1, 11, 10)",14
753,conv2d_8,"(0, 1, 0, 18)",6
754,conv2d_8,"(1, 2, 3, 18)",11
755,conv2d_8,"(0, 0, 11, 18)",5
756,conv2d_8,"(2, 1, 14, 26)",2
757,conv2d_8,"(1, 2, 1, 17)",12
758,conv2d_8,"(1, 0, 18, 24)",21
759,conv2d_8,"(2, 1, 20, 28)",7
760,conv2d_8,"(2, 1, 22, 16)",14
761,conv2d_8,"(0, 0, 15, 29)",9
762,conv2d_8,"(2, 0, 24, 23)",3
763,conv2d_8,"(2, 2, 13, 19)",7
764,conv2d_8,"(0, 0, 10, 27)",16
765,conv2d_8,"(2, 2, 16, 8)",16
766,conv2d_8,"(0, 1, 11, 31)",27
767,conv2d_8,"(0, 1, 31, 19)",12
768,conv2d_8,"(0, 0, 29, 18)",1
769,conv2d_8,"(0, 0, 0, 1)",31
770,conv2d_8,"(1, 1, 8, 31)",20
771,conv2d_8,"(0, 2, 10, 20)",19
772,conv2d_8,"(0, 2, 13, 27)",0
773,conv2d_8,"(1, 0, 27, 15)",18
774,conv2d_8,"(1, 2, 26, 14)",4
775,conv2d_8,"(1, 2, 2, 6)",8
776,conv2d_8,"(1, 2, 17, 8)",16
777,conv2d_8,"(1, 1, 25, 31)",24
778,conv2d_8,"(2, 2, 3, 16)",14
779,conv2d_8,"(0, 0, 9, 12)",14
780,conv2d_8,"(1, 1, 17, 15)",2
781,conv2d_8,"(0, 2, 10, 0)",17
782,conv2d_8,"(0, 1, 25, 29)",21
783,conv2d_8,"(0, 0, 10, 17)",8
784,conv2d_8,"(1, 1, 27, 21)",21
785,conv2d_8,"(1, 0, 26, 26)",5
786,conv2d_8,"(2, 2, 8, 7)",11
787,conv2d_8,"(1, 2, 10, 20)",7
788,conv2d_8,"(0, 1, 0, 27)",15
789,conv2d_8,"(0, 1, 29, 12)",11
790,conv2d_8,"(0, 1, 3, 27)",29
791,conv2d_8,"(0, 0, 4, 7)",10
792,conv2d_8,"(1, 1, 20, 20)",12
793,conv2d_8,"(0, 2, 25, 25)",9
794,conv2d_8,"(0, 0, 15, 18)",15
795,conv2d_8,"(0, 1, 0, 4)",4
796,conv2d_8,"(0, 2, 24, 28)",29
797,conv2d_8,"(2, 1, 26, 10)",22
798,conv2d_8,"(0, 1, 9, 18)",23
799,conv2d_8,"(1, 2, 22, 7)",5
800,conv2d_8,"(2, 2, 21, 10)",22
801,conv2d_8,"(1, 2, 6, 0)",31
802,conv2d_8,"(1, 2, 10, 13)",12
803,conv2d_8,"(0, 2, 21, 28)",21
804,conv2d_8,"(2, 2, 18, 4)",28
805,conv2d_8,"(2, 0, 18, 4)",3
806,conv2d_8,"(0, 0, 30, 18)",23
807,conv2d_8,"(1, 2, 27, 28)",13
808,conv2d_8,"(0, 1, 11, 3)",9
809,conv2d_8,"(1, 2, 14, 9)",25
810,conv2d_8,"(0, 1, 12, 25)",29
811,conv2d_8,"(2, 0, 6, 4)",15
812,conv2d_8,"(2, 2, 5, 20)",12
813,conv2d_8,"(2, 1, 13, 24)",29
814,conv2d_8,"(1, 2, 27, 18)",10
815,conv2d_8,"(1, 2, 24, 25)",7
816,conv2d_8,"(1, 0, 31, 31)",27
817,conv2d_8,"(1, 0, 9, 28)",13
818,conv2d_8,"(0, 1, 28, 30)",14
819,conv2d_8,"(0, 1, 19, 22)",1
820,conv2d_8,"(0, 1, 26, 31)",29
821,conv2d_8,"(0, 1, 6, 13)",12
822,conv2d_8,"(1, 2, 8, 20)",11
823,conv2d_8,"(2, 0, 5, 5)",28
824,conv2d_8,"(0, 0, 11, 7)",11
825,conv2d_8,"(1, 2, 25, 29)",16
826,conv2d_8,"(1, 2, 11, 13)",26
827,conv2d_8,"(2, 1, 0, 15)",28
828,conv2d_8,"(2, 0, 16, 25)",20
829,conv2d_8,"(0, 1, 2, 5)",14
830,conv2d_8,"(0, 2, 7, 0)",11
831,conv2d_8,"(2, 0, 0, 24)",28
832,conv2d_8,"(1, 1, 13, 21)",16
833,conv2d_8,"(0, 1, 11, 16)",8
834,conv2d_8,"(1, 2, 19, 4)",25
835,conv2d_8,"(0, 0, 30, 2)",23
836,conv2d_8,"(0, 1, 19, 24)",2
837,conv2d_8,"(2, 0, 23, 24)",22
838,conv2d_8,"(1, 0, 8, 24)",23
839,conv2d_8,"(1, 2, 1, 30)",24
840,conv2d_8,"(1, 2, 30, 5)",9
841,conv2d_8,"(0, 1, 7, 25)",15
842,conv2d_8,"(2, 1, 11, 11)",9
843,conv2d_8,"(0, 0, 21, 9)",11
844,conv2d_8,"(0, 2, 24, 0)",6
845,conv2d_8,"(0, 2, 31, 19)",14
846,conv2d_8,"(2, 1, 15, 5)",28
847,conv2d_8,"(2, 0, 10, 27)",4
848,conv2d_8,"(1, 2, 21, 14)",18
849,conv2d_8,"(0, 0, 21, 18)",30
850,conv2d_8,"(1, 0, 15, 24)",19
851,conv2d_8,"(2, 0, 21, 14)",14
852,conv2d_8,"(2, 0, 29, 10)",0
853,conv2d_8,"(0, 0, 29, 8)",24
854,conv2d_8,"(0, 1, 25, 5)",10
855,conv2d_8,"(2, 0, 3, 3)",15
856,conv2d_8,"(1, 2, 13, 4)",31
857,conv2d_8,"(0, 1, 25, 16)",16
858,conv2d_8,"(2, 2, 9, 9)",11
859,conv2d_8,"(2, 0, 22, 24)",9
860,conv2d_8,"(1, 2, 8, 21)",4
861,conv2d_8,"(0, 1, 20, 0)",23
862,conv2d_8,"(0, 2, 15, 23)",8
863,conv2d_8,"(0, 2, 22, 24)",12
864,conv2d_8,"(1, 2, 8, 2)",10
865,conv2d_8,"(0, 0, 0, 10)",31
866,conv2d_8,"(2, 0, 27, 9)",29
867,conv2d_8,"(1, 1, 31, 13)",14
868,conv2d_8,"(0, 1, 24, 1)",3
869,conv2d_8,"(0, 1, 29, 19)",1
870,conv2d_8,"(0, 2, 27, 3)",17
871,conv2d_8,"(0, 0, 21, 14)",22
872,conv2d_8,"(0, 2, 5, 20)",17
873,conv2d_8,"(0, 2, 3, 27)",12
874,conv2d_8,"(1, 2, 16, 12)",29
875,conv2d_8,"(0, 1, 0, 11)",1
876,conv2d_8,"(2, 0, 14, 23)",13
877,conv2d_8,"(0, 2, 21, 5)",10
878,conv2d_8,"(1, 1, 11, 0)",0
879,conv2d_8,"(2, 0, 13, 22)",18
880,conv2d_8,"(2, 1, 2, 31)",1
881,conv2d_8,"(2, 2, 6, 6)",3
882,conv2d_8,"(0, 1, 2, 19)",19
883,conv2d_8,"(1, 1, 12, 29)",15
884,conv2d_8,"(0, 1, 2, 24)",25
885,conv2d_8,"(2, 0, 7, 14)",25
886,conv2d_8,"(1, 2, 4, 16)",12
887,conv2d_8,"(0, 2, 17, 5)",13
888,conv2d_8,"(0, 0, 31, 9)",11
889,conv2d_8,"(2, 1, 19, 24)",3
890,conv2d_8,"(1, 2, 25, 6)",25
891,conv2d_8,"(1, 0, 23, 17)",18
892,conv2d_8,"(0, 2, 20, 12)",16
893,conv2d_8,"(0, 1, 21, 1)",2
894,conv2d_8,"(1, 2, 3, 26)",16
895,conv2d_8,"(0, 2, 31, 29)",8
896,conv2d_8,"(1, 0, 22, 16)",8
897,conv2d_8,"(1, 2, 19, 1)",24
898,conv2d_8,"(1, 2, 8, 22)",11
899,conv2d_8,"(1, 0, 15, 25)",1
900,conv2d_8,"(2, 1, 13, 10)",1
901,conv2d_8,"(0, 0, 6, 31)",31
902,conv2d_8,"(2, 0, 17, 26)",27
903,conv2d_8,"(2, 1, 8, 12)",15
904,conv2d_8,"(2, 0, 22, 6)",10
905,conv2d_8,"(0, 0, 24, 2)",29
906,conv2d_8,"(2, 2, 12, 28)",31
907,conv2d_8,"(2, 2, 18, 2)",12
908,conv2d_8,"(0, 2, 25, 22)",5
909,conv2d_8,"(0, 2, 23, 4)",11
910,conv2d_8,"(0, 0, 7, 28)",27
911,conv2d_8,"(1, 1, 8, 7)",29
912,conv2d_8,"(0, 2, 7, 26)",0
913,conv2d_8,"(0, 2, 10, 18)",13
914,conv2d_8,"(1, 1, 12, 0)",9
915,conv2d_8,"(1, 0, 7, 16)",23
916,conv2d_8,"(2, 2, 14, 19)",15
917,conv2d_8,"(0, 0, 4, 13)",20
918,conv2d_8,"(1, 1, 25, 28)",28
919,conv2d_8,"(2, 0, 13, 13)",9
920,conv2d_8,"(1, 0, 2, 18)",10
921,conv2d_8,"(0, 0, 17, 15)",1
922,conv2d_8,"(1, 2, 18, 13)",13
923,conv2d_8,"(2, 2, 16, 24)",4
924,conv2d_8,"(0, 0, 9, 14)",3
925,conv2d_8,"(2, 1, 8, 9)",2
926,conv2d_8,"(0, 1, 18, 5)",4
927,conv2d_8,"(2, 2, 5, 24)",29
928,conv2d_8,"(1, 0, 28, 24)",22
929,conv2d_8,"(2, 1, 9, 18)",0
930,conv2d_8,"(0, 0, 3, 3)",7
931,conv2d_8,"(1, 1, 16, 25)",26
932,conv2d_8,"(0, 2, 24, 16)",0
933,conv2d_8,"(1, 1, 14, 6)",11
934,conv2d_8,"(2, 0, 28, 3)",20
935,conv2d_8,"(0, 1, 3, 15)",28
936,conv2d_8,"(0, 2, 25, 20)",26
937,conv2d_8,"(1, 2, 11, 4)",18
938,conv2d_8,"(1, 2, 0, 21)",19
939,conv2d_8,"(2, 1, 17, 10)",5
940,conv2d_8,"(0, 0, 6, 12)",25
941,conv2d_8,"(2, 2, 8, 31)",10
942,conv2d_8,"(1, 1, 20, 3)",23
943,conv2d_8,"(1, 1, 23, 10)",18
944,conv2d_8,"(1, 0, 12, 24)",24
945,conv2d_8,"(0, 0, 22, 20)",3
946,conv2d_8,"(0, 2, 3, 3)",9
947,conv2d_8,"(2, 1, 11, 0)",19
948,conv2d_8,"(0, 1, 3, 0)",19
949,conv2d_8,"(0, 1, 24, 20)",30
950,conv2d_8,"(0, 2, 3, 10)",14
951,conv2d_8,"(2, 0, 19, 7)",29
952,conv2d_8,"(2, 1, 29, 9)",19
953,conv2d_8,"(0, 0, 22, 17)",2
954,conv2d_8,"(2, 2, 12, 20)",7
955,conv2d_8,"(2, 0, 21, 27)",10
956,conv2d_8,"(1, 1, 15, 31)",3
957,conv2d_8,"(2, 1, 28, 5)",23
958,conv2d_8,"(1, 2, 10, 3)",10
959,conv2d_8,"(2, 0, 21, 0)",2
960,conv2d_8,"(0, 2, 0, 27)",19
961,conv2d_8,"(1, 2, 24, 11)",22
962,conv2d_8,"(0, 1, 7, 5)",2
963,conv2d_8,"(2, 1, 15, 3)",2
964,conv2d_8,"(2, 2, 31, 5)",5
965,conv2d_8,"(1, 2, 1, 7)",12
966,conv2d_8,"(2, 0, 30, 22)",1
967,conv2d_8,"(2, 2, 10, 24)",15
968,conv2d_8,"(1, 1, 28, 4)",17
969,conv2d_8,"(0, 0, 27, 10)",19
970,conv2d_8,"(1, 0, 0, 4)",9
971,conv2d_8,"(0, 1, 16, 13)",18
972,conv2d_8,"(1, 0, 2, 11)",23
973,conv2d_8,"(2, 0, 31, 14)",9
974,conv2d_8,"(1, 1, 16, 19)",25
975,conv2d_8,"(0, 0, 4, 9)",4
976,conv2d_8,"(1, 1, 4, 5)",27
977,conv2d_8,"(0, 0, 21, 28)",11
978,conv2d_8,"(1, 2, 21, 30)",6
979,conv2d_8,"(1, 0, 24, 22)",23
980,conv2d_8,"(0, 2, 6, 22)",4
981,conv2d_8,"(2, 1, 0, 14)",0
982,conv2d_8,"(1, 2, 1, 6)",18
983,conv2d_8,"(0, 2, 23, 28)",18
984,conv2d_8,"(2, 1, 20, 9)",25
985,conv2d_8,"(1, 2, 11, 1)",20
986,conv2d_8,"(1, 0, 31, 30)",22
987,conv2d_8,"(2, 1, 3, 26)",0
988,conv2d_8,"(0, 0, 26, 5)",29
989,conv2d_8,"(0, 2, 11, 23)",23
990,conv2d_8,"(1, 1, 11, 22)",17
991,conv2d_8,"(0, 0, 15, 26)",14
992,conv2d_8,"(2, 2, 1, 14)",30
993,conv2d_8,"(0, 1, 22, 3)",16
994,conv2d_8,"(1, 0, 4, 19)",14
995,conv2d_8,"(0, 2, 25, 16)",5
996,conv2d_8,"(0, 0, 13, 22)",9
997,conv2d_8,"(0, 0, 15, 1)",29
998,conv2d_8,"(2, 0, 18, 11)",14
999,conv2d_8,"(0, 2, 27, 23)",16
1000,conv2d_8,"(0, 1, 4, 24)",24
1001,conv2d_8,"(2, 1, 21, 2)",29
1002,conv2d_8,"(1, 2, 21, 18)",7
1003,conv2d_8,"(2, 0, 26, 25)",26
1004,conv2d_8,"(1, 2, 5, 19)",13
1005,conv2d_8,"(0, 2, 13, 22)",9
1006,conv2d_8,"(0, 1, 24, 11)",18
1007,conv2d_8,"(0, 0, 13, 5)",0
1008,conv2d_8,"(2, 2, 20, 5)",20
1009,conv2d_8,"(0, 1, 5, 5)",31
1010,conv2d_8,"(1, 1, 0, 27)",2
1011,conv2d_8,"(2, 0, 9, 17)",25
1012,conv2d_8,"(0, 2, 0, 22)",7
1013,conv2d_8,"(1, 0, 1, 12)",26
1014,conv2d_8,"(1, 1, 30, 15)",8
1015,conv2d_8,"(0, 2, 12, 15)",17
1016,conv2d_8,"(0, 2, 0, 10)",5
1017,conv2d_8,"(0, 1, 25, 14)",13
1018,conv2d_8,"(0, 2, 6, 2)",31
1019,conv2d_8,"(1, 1, 31, 6)",7
1020,conv2d_8,"(0, 1, 5, 20)",11
1021,conv2d_8,"(1, 1, 5, 30)",1
1022,conv2d_8,"(2, 2, 21, 7)",31
1023,conv2d_8,"(2, 1, 10, 19)",0
1024,conv2d_8,"(1, 0, 4, 9)",21
1025,conv2d_8,"(1, 1, 26, 30)",28
1026,conv2d_8,"(1, 1, 29, 16)",10
1027,conv2d_8,"(1, 2, 5, 20)",8
1028,conv2d_8,"(2, 2, 22, 9)",4
1029,conv2d_8,"(1, 0, 4, 6)",16
1030,conv2d_8,"(1, 0, 20, 13)",25
1031,conv2d_8,"(0, 0, 3, 0)",28
1032,conv2d_8,"(1, 0, 21, 16)",9
1033,conv2d_8,"(1, 1, 2, 11)",17
1034,conv2d_8,"(0, 0, 0, 27)",18
1035,conv2d_8,"(2, 0, 22, 0)",29
1036,conv2d_8,"(2, 1, 5, 14)",18
1037,conv2d_8,"(0, 2, 19, 26)",21
1038,conv2d_8,"(1, 0, 31, 22)",28
1039,conv2d_8,"(0, 2, 15, 30)",25
1040,conv2d_8,"(1, 2, 26, 1)",3
1041,conv2d_8,"(2, 1, 30, 4)",10
1042,conv2d_8,"(2, 1, 6, 8)",29
1043,conv2d_8,"(1, 2, 0, 3)",30
1044,conv2d_8,"(1, 2, 3, 30)",20
1045,conv2d_8,"(0, 1, 10, 11)",12
1046,conv2d_8,"(0, 1, 6, 0)",31
1047,conv2d_8,"(0, 0, 18, 13)",10
1048,conv2d_8,"(0, 1, 10, 6)",22
1049,conv2d_9,"(0, 2, 30, 28)",28
1050,conv2d_9,"(0, 2, 12, 11)",5
1051,conv2d_9,"(1, 1, 20, 13)",15
1052,conv2d_9,"(0, 2, 24, 5)",0
1053,conv2d_9,"(1, 1, 7, 5)",22
1054,conv2d_9,"(0, 2, 28, 5)",12
1055,conv2d_9,"(2, 1, 15, 18)",21
1056,conv2d_9,"(1, 2, 14, 5)",10
1057,conv2d_9,"(1, 1, 31, 20)",19
1058,conv2d_9,"(2, 0, 25, 24)",12
1059,conv2d_9,"(1, 2, 0, 13)",11
1060,conv2d_9,"(1, 0, 8, 13)",16
1061,conv2d_9,"(0, 1, 8, 9)",10
1062,conv2d_9,"(0, 0, 28, 5)",5
1063,conv2d_9,"(1, 1, 28, 25)",16
1064,conv2d_9,"(2, 2, 26, 20)",18
1065,conv2d_9,"(0, 0, 1, 15)",28
1066,conv2d_9,"(2, 2, 10, 24)",29
1067,conv2d_9,"(2, 2, 31, 22)",24
1068,conv2d_9,"(0, 0, 27, 21)",28
1069,conv2d_9,"(2, 2, 5, 13)",25
1070,conv2d_9,"(1, 2, 20, 26)",0
1071,conv2d_9,"(0, 2, 30, 29)",14
1072,conv2d_9,"(0, 1, 12, 21)",25
1073,conv2d_9,"(0, 0, 14, 27)",12
1074,conv2d_9,"(0, 2, 15, 18)",26
1075,conv2d_9,"(2, 0, 5, 4)",27
1076,conv2d_9,"(2, 0, 22, 3)",12
1077,conv2d_9,"(1, 2, 16, 13)",13
1078,conv2d_9,"(1, 0, 29, 24)",27
1079,conv2d_9,"(1, 1, 29, 30)",31
1080,conv2d_9,"(0, 2, 9, 1)",26
1081,conv2d_9,"(1, 0, 26, 21)",16
1082,conv2d_9,"(1, 0, 25, 1)",29
1083,conv2d_9,"(0, 0, 17, 2)",16
1084,conv2d_9,"(0, 2, 17, 27)",30
1085,conv2d_9,"(1, 0, 12, 17)",3
1086,conv2d_9,"(2, 2, 3, 13)",11
1087,conv2d_9,"(0, 0, 26, 31)",27
1088,conv2d_9,"(2, 2, 27, 10)",13
1089,conv2d_9,"(2, 0, 18, 13)",22
1090,conv2d_9,"(2, 0, 24, 5)",21
1091,conv2d_9,"(1, 1, 6, 1)",2
1092,conv2d_9,"(1, 2, 7, 31)",14
1093,conv2d_9,"(2, 0, 9, 21)",28
1094,conv2d_9,"(0, 2, 29, 24)",8
1095,conv2d_9,"(0, 2, 19, 30)",21
1096,conv2d_9,"(1, 2, 8, 6)",29
1097,conv2d_9,"(0, 0, 27, 1)",28
1098,conv2d_9,"(1, 1, 2, 31)",6
1099,conv2d_9,"(1, 1, 10, 22)",3
1100,conv2d_9,"(0, 1, 27, 4)",23
1101,conv2d_9,"(0, 2, 20, 21)",11
1102,conv2d_9,"(2, 2, 3, 15)",16
1103,conv2d_9,"(2, 1, 16, 23)",4
1104,conv2d_9,"(0, 1, 16, 2)",2
1105,conv2d_9,"(0, 2, 3, 13)",12
1106,conv2d_9,"(1, 0, 2, 8)",11
1107,conv2d_9,"(1, 2, 16, 8)",22
1108,conv2d_9,"(0, 0, 5, 12)",31
1109,conv2d_9,"(1, 1, 29, 10)",31
1110,conv2d_9,"(0, 1, 18, 24)",11
1111,conv2d_9,"(1, 0, 15, 21)",11
1112,conv2d_9,"(1, 0, 10, 8)",29
1113,conv2d_9,"(2, 1, 17, 17)",27
1114,conv2d_9,"(0, 0, 24, 24)",30
1115,conv2d_9,"(0, 1, 6, 29)",6
1116,conv2d_9,"(0, 1, 20, 30)",19
1117,conv2d_9,"(2, 2, 24, 27)",11
1118,conv2d_9,"(2, 1, 20, 6)",9
1119,conv2d_9,"(1, 1, 18, 25)",11
1120,conv2d_9,"(2, 2, 5, 0)",24
1121,conv2d_9,"(2, 1, 30, 21)",7
1122,conv2d_9,"(2, 1, 20, 24)",30
1123,conv2d_9,"(2, 1, 18, 13)",5
1124,conv2d_9,"(2, 0, 24, 23)",12
1125,conv2d_9,"(0, 2, 17, 1)",1
1126,conv2d_9,"(0, 2, 13, 21)",24
1127,conv2d_9,"(2, 0, 11, 4)",8
1128,conv2d_9,"(1, 1, 29, 20)",5
1129,conv2d_9,"(1, 0, 5, 30)",10
1130,conv2d_9,"(1, 2, 30, 3)",20
1131,conv2d_9,"(1, 0, 2, 17)",6
1132,conv2d_9,"(0, 2, 27, 15)",12
1133,conv2d_9,"(2, 0, 27, 7)",29
1134,conv2d_9,"(0, 0, 21, 24)",12
1135,conv2d_9,"(1, 1, 24, 24)",19
1136,conv2d_9,"(2, 1, 28, 2)",7
1137,conv2d_9,"(1, 2, 7, 22)",12
1138,conv2d_9,"(0, 0, 17, 13)",4
1139,conv2d_9,"(0, 0, 22, 13)",3
1140,conv2d_9,"(0, 1, 1, 3)",12
1141,conv2d_9,"(0, 0, 21, 0)",13
1142,conv2d_9,"(0, 0, 25, 24)",25
1143,conv2d_9,"(1, 1, 5, 23)",12
1144,conv2d_9,"(0, 1, 15, 5)",28
1145,conv2d_9,"(2, 2, 16, 1)",15
1146,conv2d_9,"(2, 0, 6, 13)",27
1147,conv2d_9,"(0, 0, 22, 8)",24
1148,conv2d_9,"(2, 0, 9, 13)",12
1149,conv2d_9,"(0, 0, 2, 31)",9
1150,conv2d_9,"(2, 1, 27, 31)",28
1151,conv2d_9,"(1, 1, 8, 13)",17
1152,conv2d_9,"(2, 2, 25, 29)",18
1153,conv2d_9,"(1, 1, 2, 5)",26
1154,conv2d_9,"(2, 2, 30, 5)",1
1155,conv2d_9,"(1, 0, 0, 5)",5
1156,conv2d_9,"(1, 0, 5, 21)",28
1157,conv2d_9,"(2, 1, 0, 12)",6
1158,conv2d_9,"(1, 1, 4, 9)",29
1159,conv2d_9,"(2, 2, 6, 2)",20
1160,conv2d_9,"(2, 2, 10, 26)",26
1161,conv2d_9,"(2, 1, 3, 26)",9
1162,conv2d_9,"(0, 2, 2, 5)",19
1163,conv2d_9,"(0, 1, 25, 13)",8
1164,conv2d_9,"(1, 2, 5, 20)",21
1165,conv2d_9,"(1, 1, 4, 4)",13
1166,conv2d_9,"(2, 2, 21, 19)",2
1167,conv2d_9,"(2, 2, 27, 4)",15
1168,conv2d_9,"(2, 1, 27, 14)",13
1169,conv2d_9,"(1, 1, 30, 0)",10
1170,conv2d_9,"(0, 0, 20, 28)",25
1171,conv2d_9,"(2, 2, 15, 2)",6
1172,conv2d_9,"(2, 2, 8, 28)",28
1173,conv2d_9,"(2, 0, 26, 10)",7
1174,conv2d_9,"(1, 0, 1, 21)",1
1175,conv2d_9,"(1, 1, 8, 9)",27
1176,conv2d_9,"(0, 0, 0, 14)",23
1177,conv2d_9,"(1, 0, 2, 24)",7
1178,conv2d_9,"(1, 1, 9, 27)",12
1179,conv2d_9,"(1, 1, 30, 18)",2
1180,conv2d_9,"(1, 2, 14, 7)",24
1181,conv2d_9,"(1, 1, 12, 30)",6
1182,conv2d_9,"(0, 0, 21, 23)",21
1183,conv2d_9,"(2, 2, 14, 8)",31
1184,conv2d_9,"(2, 0, 10, 17)",29
1185,conv2d_9,"(0, 2, 18, 19)",21
1186,conv2d_9,"(2, 1, 4, 10)",3
1187,conv2d_9,"(0, 2, 6, 0)",30
1188,conv2d_9,"(2, 2, 30, 31)",5
1189,conv2d_9,"(2, 0, 25, 4)",16
1190,conv2d_9,"(1, 0, 23, 25)",12
1191,conv2d_9,"(2, 2, 5, 3)",5
1192,conv2d_9,"(0, 0, 10, 19)",20
1193,conv2d_9,"(0, 2, 0, 27)",21
1194,conv2d_9,"(2, 2, 6, 8)",5
1195,conv2d_9,"(0, 1, 18, 21)",14
1196,conv2d_9,"(0, 0, 5, 15)",16
1197,conv2d_9,"(2, 2, 30, 3)",9
1198,conv2d_9,"(0, 1, 17, 5)",9
1199,conv2d_9,"(0, 1, 13, 18)",3
1200,conv2d_9,"(1, 2, 30, 8)",10
1201,conv2d_9,"(1, 0, 9, 20)",20
1202,conv2d_9,"(0, 2, 5, 19)",5
1203,conv2d_9,"(2, 2, 14, 6)",6
1204,conv2d_9,"(1, 1, 30, 21)",19
1205,conv2d_9,"(1, 2, 23, 3)",11
1206,conv2d_9,"(1, 1, 17, 20)",19
1207,conv2d_9,"(0, 0, 28, 22)",1
1208,conv2d_9,"(2, 0, 28, 0)",9
1209,conv2d_9,"(0, 1, 17, 24)",1
1210,conv2d_9,"(0, 1, 27, 3)",20
1211,conv2d_9,"(0, 1, 29, 21)",0
1212,conv2d_9,"(0, 0, 24, 0)",11
1213,conv2d_9,"(0, 2, 7, 31)",24
1214,conv2d_9,"(2, 2, 14, 28)",8
1215,conv2d_9,"(0, 0, 23, 5)",7
1216,conv2d_9,"(1, 0, 14, 31)",10
1217,conv2d_9,"(0, 1, 18, 13)",7
1218,conv2d_9,"(1, 0, 2, 18)",19
1219,conv2d_9,"(2, 0, 7, 8)",19
1220,conv2d_9,"(0, 1, 5, 3)",18
1221,conv2d_9,"(1, 2, 17, 13)",25
1222,conv2d_9,"(1, 0, 25, 29)",16
1223,conv2d_9,"(2, 1, 7, 18)",8
1224,conv2d_9,"(1, 0, 29, 23)",5
1225,conv2d_9,"(2, 0, 20, 11)",28
1226,conv2d_9,"(2, 2, 11, 14)",29
1227,conv2d_9,"(1, 0, 11, 6)",31
1228,conv2d_9,"(0, 0, 28, 13)",0
1229,conv2d_9,"(0, 0, 30, 10)",27
1230,conv2d_9,"(0, 1, 3, 25)",26
1231,conv2d_9,"(2, 1, 28, 1)",27
1232,conv2d_9,"(0, 0, 24, 25)",6
1233,conv2d_9,"(2, 1, 28, 13)",10
1234,conv2d_9,"(1, 0, 30, 24)",16
1235,conv2d_9,"(1, 2, 5, 26)",20
1236,conv2d_9,"(1, 1, 9, 1)",17
1237,conv2d_9,"(0, 1, 9, 21)",29
1238,conv2d_9,"(1, 1, 8, 11)",0
1239,conv2d_9,"(1, 2, 17, 5)",19
1240,conv2d_9,"(0, 0, 27, 12)",26
1241,conv2d_9,"(0, 1, 24, 1)",6
1242,conv2d_9,"(2, 2, 1, 0)",31
1243,conv2d_9,"(1, 1, 20, 3)",16
1244,conv2d_9,"(1, 1, 24, 3)",5
1245,conv2d_9,"(0, 0, 19, 15)",4
1246,conv2d_9,"(0, 0, 21, 18)",7
1247,conv2d_9,"(1, 1, 0, 15)",20
1248,conv2d_9,"(0, 1, 26, 10)",15
1249,conv2d_9,"(2, 0, 30, 2)",28
1250,conv2d_9,"(1, 1, 1, 12)",9
1251,conv2d_9,"(1, 0, 6, 16)",18
1252,conv2d_9,"(2, 1, 31, 2)",18
1253,conv2d_9,"(1, 0, 29, 9)",8
1254,conv2d_9,"(2, 1, 8, 15)",16
1255,conv2d_9,"(2, 0, 4, 21)",21
1256,conv2d_9,"(1, 1, 24, 15)",31
1257,conv2d_9,"(2, 2, 16, 6)",1
1258,conv2d_9,"(0, 0, 21, 19)",24
1259,conv2d_9,"(0, 1, 5, 20)",25
1260,conv2d_9,"(2, 2, 21, 23)",31
1261,conv2d_9,"(0, 0, 25, 4)",20
1262,conv2d_9,"(0, 0, 2, 1)",0
1263,conv2d_9,"(2, 2, 4, 17)",26
1264,conv2d_9,"(0, 1, 0, 22)",10
1265,conv2d_9,"(2, 0, 14, 27)",4
1266,conv2d_9,"(1, 1, 28, 26)",0
1267,conv2d_9,"(0, 2, 31, 3)",13
1268,conv2d_9,"(1, 2, 26, 0)",29
1269,conv2d_9,"(0, 1, 11, 14)",16
1270,conv2d_9,"(0, 0, 12, 26)",18
1271,conv2d_9,"(1, 1, 29, 28)",9
1272,conv2d_9,"(0, 0, 25, 17)",5
1273,conv2d_9,"(2, 0, 22, 9)",14
1274,conv2d_9,"(0, 2, 22, 21)",17
1275,conv2d_9,"(0, 0, 18, 15)",12
1276,conv2d_9,"(0, 1, 27, 1)",10
1277,conv2d_9,"(0, 2, 9, 24)",9
1278,conv2d_9,"(1, 1, 4, 16)",21
1279,conv2d_9,"(2, 1, 25, 16)",31
1280,conv2d_9,"(0, 1, 5, 24)",10
1281,conv2d_9,"(0, 0, 13, 18)",25
1282,conv2d_9,"(1, 2, 28, 26)",4
1283,conv2d_9,"(0, 0, 22, 21)",22
1284,conv2d_9,"(1, 0, 3, 7)",15
1285,conv2d_9,"(0, 1, 6, 6)",31
1286,conv2d_9,"(2, 0, 14, 12)",12
1287,conv2d_9,"(2, 0, 3, 21)",1
1288,conv2d_9,"(0, 0, 24, 11)",0
1289,conv2d_9,"(0, 1, 19, 25)",24
1290,conv2d_9,"(0, 0, 16, 16)",22
1291,conv2d_9,"(1, 1, 3, 30)",10
1292,conv2d_9,"(0, 1, 31, 6)",26
1293,conv2d_9,"(1, 0, 25, 22)",24
1294,conv2d_9,"(2, 0, 0, 19)",18
1295,conv2d_9,"(1, 2, 19, 16)",21
1296,conv2d_9,"(1, 1, 15, 16)",9
1297,conv2d_9,"(2, 1, 29, 9)",20
1298,conv2d_9,"(2, 1, 10, 13)",10
1299,conv2d_9,"(0, 2, 31, 9)",13
1300,conv2d_9,"(0, 0, 5, 8)",11
1301,conv2d_9,"(1, 2, 16, 14)",22
1302,conv2d_9,"(2, 0, 23, 21)",10
1303,conv2d_9,"(2, 1, 18, 11)",12
1304,conv2d_9,"(1, 2, 0, 2)",0
1305,conv2d_9,"(2, 0, 2, 21)",15
1306,conv2d_9,"(1, 2, 0, 22)",3
1307,conv2d_9,"(1, 2, 2, 6)",12
1308,conv2d_9,"(2, 1, 6, 22)",23
1309,conv2d_9,"(1, 1, 15, 6)",17
1310,conv2d_9,"(0, 1, 12, 0)",25
1311,conv2d_9,"(0, 2, 28, 21)",1
1312,conv2d_9,"(2, 2, 25, 25)",24
1313,conv2d_9,"(1, 0, 25, 12)",25
1314,conv2d_9,"(0, 0, 24, 16)",0
1315,conv2d_9,"(1, 1, 22, 20)",26
1316,conv2d_9,"(2, 2, 15, 1)",14
1317,conv2d_9,"(1, 0, 30, 28)",29
1318,conv2d_9,"(2, 1, 23, 11)",24
1319,conv2d_9,"(1, 0, 23, 18)",21
1320,conv2d_9,"(2, 1, 30, 30)",25
1321,conv2d_9,"(0, 2, 13, 27)",6
1322,conv2d_9,"(0, 0, 4, 26)",22
1323,conv2d_9,"(2, 1, 9, 25)",11
1324,conv2d_9,"(0, 2, 6, 3)",22
1325,conv2d_9,"(0, 2, 12, 31)",22
1326,conv2d_9,"(2, 2, 16, 4)",31
1327,conv2d_9,"(2, 1, 5, 0)",24
1328,conv2d_9,"(0, 2, 14, 15)",7
1329,conv2d_9,"(1, 0, 5, 10)",9
1330,conv2d_9,"(1, 1, 17, 13)",26
1331,conv2d_9,"(1, 2, 19, 5)",0
1332,conv2d_9,"(0, 1, 0, 0)",13
1333,conv2d_9,"(1, 1, 27, 21)",31
1334,conv2d_9,"(1, 1, 29, 12)",23
1335,conv2d_9,"(2, 1, 15, 28)",18
1336,conv2d_9,"(1, 1, 3, 10)",9
1337,conv2d_9,"(2, 0, 5, 0)",3
1338,conv2d_9,"(0, 1, 7, 21)",23
1339,conv2d_9,"(0, 1, 29, 13)",18
1340,conv2d_9,"(1, 2, 21, 8)",18
1341,conv2d_9,"(2, 0, 21, 25)",14
1342,conv2d_9,"(0, 1, 17, 19)",10
1343,conv2d_9,"(1, 1, 29, 18)",22
1344,conv2d_9,"(1, 0, 24, 20)",12
1345,conv2d_9,"(0, 2, 21, 27)",17
1346,conv2d_9,"(0, 1, 22, 8)",29
1347,conv2d_9,"(0, 1, 30, 24)",20
1348,conv2d_9,"(2, 1, 22, 6)",28
1349,conv2d_9,"(2, 0, 7, 15)",3
1350,conv2d_9,"(2, 2, 8, 13)",25
1351,conv2d_9,"(2, 1, 5, 30)",26
1352,conv2d_9,"(1, 2, 11, 22)",22
1353,conv2d_9,"(1, 2, 13, 5)",1
1354,conv2d_9,"(2, 0, 4, 20)",19
1355,conv2d_9,"(1, 0, 25, 7)",20
1356,conv2d_9,"(0, 0, 20, 2)",16
1357,conv2d_9,"(1, 0, 10, 26)",22
1358,conv2d_9,"(2, 0, 18, 20)",17
1359,conv2d_9,"(2, 2, 20, 2)",19
1360,conv2d_9,"(0, 1, 16, 5)",20
1361,conv2d_9,"(2, 1, 7, 16)",29
1362,conv2d_9,"(0, 0, 27, 29)",25
1363,conv2d_9,"(1, 2, 13, 29)",2
1364,conv2d_9,"(1, 1, 19, 30)",16
1365,conv2d_9,"(1, 0, 15, 20)",2
1366,conv2d_9,"(0, 0, 29, 0)",20
1367,conv2d_9,"(2, 1, 16, 21)",18
1368,conv2d_9,"(2, 0, 5, 28)",8
1369,conv2d_9,"(1, 2, 16, 5)",17
1370,conv2d_9,"(2, 0, 7, 21)",20
1371,conv2d_9,"(1, 0, 6, 3)",18
1372,conv2d_9,"(1, 1, 25, 26)",17
1373,conv2d_9,"(1, 1, 0, 27)",12
1374,conv2d_9,"(0, 0, 6, 27)",0
1375,conv2d_9,"(1, 2, 21, 22)",22
1376,conv2d_9,"(0, 0, 29, 15)",10
1377,conv2d_9,"(2, 1, 3, 14)",6
1378,conv2d_9,"(0, 2, 4, 27)",9
1379,conv2d_9,"(1, 0, 8, 5)",11
1380,conv2d_9,"(1, 0, 5, 1)",7
1381,conv2d_9,"(0, 1, 4, 31)",23
1382,conv2d_9,"(2, 0, 19, 13)",19
1383,conv2d_9,"(1, 0, 16, 13)",1
1384,conv2d_9,"(0, 2, 29, 5)",12
1385,conv2d_9,"(0, 2, 20, 6)",23
1386,conv2d_9,"(1, 2, 14, 21)",9
1387,conv2d_9,"(0, 1, 12, 15)",13
1388,conv2d_9,"(2, 0, 12, 18)",20
1389,conv2d_9,"(2, 1, 20, 0)",13
1390,conv2d_9,"(2, 2, 3, 17)",3
1391,conv2d_9,"(0, 0, 15, 16)",14
1392,conv2d_9,"(2, 1, 7, 10)",21
1393,conv2d_10,"(2, 0, 26, 2)",17
1394,conv2d_10,"(1, 0, 15, 6)",23
1395,conv2d_10,"(1, 1, 7, 14)",31
1396,conv2d_10,"(2, 2, 22, 5)",7
1397,conv2d_10,"(0, 0, 16, 5)",15
1398,conv2d_10,"(2, 0, 15, 2)",15
1399,conv2d_10,"(2, 0, 30, 13)",31
1400,conv2d_10,"(1, 0, 19, 3)",7
1401,conv2d_10,"(2, 1, 26, 29)",0
1402,conv2d_10,"(1, 1, 22, 3)",12
1403,conv2d_10,"(1, 1, 8, 15)",13
1404,conv2d_10,"(2, 0, 3, 28)",7
1405,conv2d_10,"(1, 2, 26, 6)",7
1406,conv2d_10,"(1, 1, 22, 10)",3
1407,conv2d_10,"(2, 1, 23, 21)",16
1408,conv2d_10,"(2, 2, 30, 19)",21
1409,conv2d_10,"(1, 2, 24, 9)",5
1410,conv2d_10,"(1, 2, 5, 20)",6
1411,conv2d_10,"(1, 2, 4, 30)",13
1412,conv2d_10,"(2, 2, 1, 21)",28
1413,conv2d_10,"(0, 2, 28, 23)",21
1414,conv2d_10,"(2, 0, 0, 14)",9
1415,conv2d_10,"(0, 0, 28, 23)",7
1416,conv2d_10,"(1, 0, 26, 22)",7
1417,conv2d_10,"(2, 1, 25, 22)",24
1418,conv2d_10,"(2, 2, 8, 2)",3
1419,conv2d_10,"(1, 2, 7, 13)",14
1420,conv2d_10,"(0, 0, 12, 11)",4
1421,conv2d_10,"(2, 1, 29, 28)",15
1422,conv2d_10,"(2, 1, 24, 18)",16
1423,conv2d_10,"(0, 2, 0, 9)",30
1424,conv2d_10,"(1, 0, 25, 0)",15
1425,conv2d_10,"(1, 1, 3, 16)",10
1426,conv2d_10,"(0, 1, 4, 3)",24
1427,conv2d_10,"(1, 1, 31, 28)",27
1428,conv2d_10,"(1, 0, 14, 10)",25
1429,conv2d_10,"(0, 1, 24, 4)",18
1430,conv2d_10,"(1, 1, 24, 15)",4
1431,conv2d_10,"(2, 2, 5, 25)",9
1432,conv2d_10,"(1, 0, 1, 13)",20
1433,conv2d_10,"(2, 0, 10, 27)",30
1434,conv2d_10,"(2, 1, 19, 16)",11
1435,conv2d_10,"(1, 2, 15, 31)",18
1436,conv2d_10,"(1, 2, 29, 20)",9
1437,conv2d_10,"(0, 2, 11, 3)",24
1438,conv2d_10,"(1, 1, 29, 27)",19
1439,conv2d_10,"(0, 2, 16, 13)",27
1440,conv2d_10,"(1, 0, 9, 2)",12
1441,conv2d_10,"(1, 1, 20, 25)",28
1442,conv2d_10,"(2, 0, 21, 5)",18
1443,conv2d_10,"(0, 1, 25, 25)",8
1444,conv2d_10,"(1, 0, 3, 20)",3
1445,conv2d_10,"(1, 0, 21, 4)",20
1446,conv2d_10,"(0, 1, 6, 10)",3
1447,conv2d_10,"(0, 1, 13, 21)",14
1448,conv2d_10,"(2, 2, 31, 20)",10
1449,conv2d_10,"(0, 1, 1, 8)",7
1450,conv2d_10,"(1, 0, 22, 13)",0
1451,conv2d_10,"(2, 2, 2, 1)",5
1452,conv2d_10,"(0, 1, 11, 28)",22
1453,conv2d_10,"(2, 1, 25, 20)",21
1454,conv2d_10,"(1, 0, 16, 11)",2
1455,conv2d_10,"(0, 0, 15, 2)",21
1456,conv2d_10,"(2, 1, 18, 21)",22
1457,conv2d_10,"(2, 1, 1, 16)",0
1458,conv2d_10,"(0, 0, 20, 19)",11
1459,conv2d_10,"(1, 1, 30, 2)",10
1460,conv2d_10,"(2, 2, 20, 13)",24
1461,conv2d_10,"(1, 1, 11, 30)",17
1462,conv2d_10,"(0, 1, 19, 8)",18
1463,conv2d_10,"(2, 2, 16, 22)",8
1464,conv2d_10,"(0, 2, 5, 17)",26
1465,conv2d_10,"(0, 1, 18, 31)",19
1466,conv2d_10,"(2, 0, 28, 31)",27
1467,conv2d_10,"(1, 0, 20, 8)",2
1468,conv2d_10,"(1, 0, 28, 18)",11
1469,conv2d_10,"(2, 0, 9, 5)",12
1470,conv2d_10,"(1, 2, 27, 1)",17
1471,conv2d_10,"(0, 0, 21, 1)",29
1472,conv2d_10,"(0, 2, 17, 1)",10
1473,conv2d_10,"(0, 0, 19, 17)",7
1474,conv2d_10,"(0, 1, 26, 7)",26
1475,conv2d_10,"(2, 1, 21, 25)",22
1476,conv2d_10,"(2, 0, 20, 31)",6
1477,conv2d_10,"(1, 1, 12, 5)",3
1478,conv2d_10,"(1, 1, 19, 26)",13
1479,conv2d_10,"(2, 0, 12, 18)",15
1480,conv2d_10,"(0, 0, 30, 2)",27
1481,conv2d_10,"(1, 0, 1, 3)",7
1482,conv2d_10,"(2, 1, 6, 2)",15
1483,conv2d_10,"(1, 0, 6, 15)",29
1484,conv2d_10,"(0, 1, 20, 13)",6
1485,conv2d_10,"(2, 0, 13, 24)",4
1486,conv2d_10,"(2, 0, 26, 26)",17
1487,conv2d_10,"(1, 0, 8, 13)",25
1488,conv2d_10,"(0, 1, 3, 20)",25
1489,conv2d_10,"(1, 1, 13, 22)",1
1490,conv2d_10,"(0, 2, 29, 30)",25
1491,conv2d_10,"(0, 0, 17, 13)",20
1492,conv2d_10,"(1, 2, 30, 15)",27
1493,conv2d_10,"(0, 2, 17, 11)",20
1494,conv2d_10,"(0, 1, 4, 28)",11
1495,conv2d_10,"(1, 2, 18, 19)",2
1496,conv2d_10,"(2, 0, 11, 30)",2
1497,conv2d_10,"(1, 0, 2, 6)",10
1498,conv2d_10,"(1, 0, 13, 20)",14
1499,conv2d_10,"(2, 1, 11, 19)",18
1500,conv2d_10,"(0, 1, 5, 23)",28
1501,conv2d_10,"(0, 1, 31, 20)",24
1502,conv2d_10,"(0, 2, 21, 13)",0
1503,conv2d_10,"(1, 2, 27, 28)",20
1504,conv2d_10,"(2, 0, 9, 6)",3
1505,conv2d_10,"(0, 1, 21, 2)",16
1506,conv2d_10,"(0, 1, 27, 27)",22
1507,conv2d_10,"(0, 2, 5, 26)",31
1508,conv2d_10,"(2, 1, 7, 4)",16
1509,conv2d_10,"(1, 2, 21, 4)",14
1510,conv2d_10,"(2, 0, 28, 24)",26
1511,conv2d_10,"(0, 1, 13, 28)",0
1512,conv2d_10,"(0, 2, 17, 15)",23
1513,conv2d_10,"(1, 0, 27, 30)",18
1514,conv2d_10,"(0, 2, 9, 2)",24
1515,conv2d_10,"(1, 1, 11, 31)",0
1516,conv2d_10,"(1, 2, 0, 14)",2
1517,conv2d_10,"(2, 0, 11, 19)",8
1518,conv2d_10,"(1, 1, 26, 26)",21
1519,conv2d_10,"(0, 0, 4, 24)",10
1520,conv2d_10,"(1, 0, 8, 12)",24
1521,conv2d_10,"(1, 0, 25, 13)",0
1522,conv2d_10,"(1, 0, 18, 28)",30
1523,conv2d_10,"(2, 1, 14, 6)",29
1524,conv2d_10,"(2, 1, 19, 2)",24
1525,conv2d_10,"(2, 2, 8, 23)",20
1526,conv2d_10,"(2, 2, 6, 30)",14
1527,conv2d_10,"(1, 2, 29, 4)",21
1528,conv2d_10,"(0, 1, 3, 8)",6
1529,conv2d_10,"(0, 2, 30, 2)",4
1530,conv2d_10,"(2, 1, 24, 3)",18
1531,conv2d_10,"(0, 0, 3, 8)",5
1532,conv2d_10,"(0, 0, 28, 11)",15
1533,conv2d_10,"(2, 0, 8, 21)",3
1534,conv2d_10,"(2, 0, 17, 18)",24
1535,conv2d_10,"(1, 2, 0, 11)",17
1536,conv2d_10,"(0, 0, 26, 31)",11
1537,conv2d_10,"(0, 1, 18, 10)",20
1538,conv2d_10,"(1, 0, 4, 6)",16
1539,conv2d_10,"(1, 2, 26, 4)",5
1540,conv2d_10,"(2, 0, 21, 0)",1
1541,conv2d_10,"(0, 2, 12, 21)",16
1542,conv2d_10,"(2, 0, 5, 19)",5
1543,conv2d_10,"(2, 1, 10, 24)",14
1544,conv2d_10,"(1, 0, 17, 8)",1
1545,conv2d_10,"(0, 0, 19, 23)",18
1546,conv2d_10,"(0, 0, 19, 25)",9
1547,conv2d_10,"(2, 0, 31, 13)",2
1548,conv2d_10,"(0, 0, 29, 13)",13
1549,conv2d_10,"(0, 0, 26, 28)",9
1550,conv2d_10,"(2, 2, 19, 0)",26
1551,conv2d_10,"(0, 2, 20, 6)",21
1552,conv2d_10,"(1, 2, 24, 12)",11
1553,conv2d_10,"(2, 0, 6, 16)",3
1554,conv2d_10,"(1, 1, 30, 18)",14
1555,conv2d_10,"(1, 1, 5, 18)",29
1556,conv2d_10,"(0, 1, 31, 27)",1
1557,conv2d_10,"(2, 2, 18, 24)",1
1558,conv2d_10,"(0, 0, 22, 7)",11
1559,conv2d_10,"(2, 2, 20, 22)",24
1560,conv2d_10,"(1, 0, 7, 10)",31
1561,conv2d_10,"(1, 0, 0, 8)",3
1562,conv2d_10,"(0, 2, 11, 2)",9
1563,conv2d_10,"(0, 1, 4, 18)",0
1564,conv2d_10,"(0, 0, 19, 5)",3
1565,conv2d_10,"(0, 0, 9, 1)",20
1566,conv2d_10,"(1, 1, 12, 3)",10
1567,conv2d_10,"(2, 0, 19, 16)",18
1568,conv2d_10,"(0, 1, 23, 30)",20
1569,conv2d_10,"(0, 2, 12, 24)",15
1570,conv2d_10,"(0, 2, 13, 3)",11
1571,conv2d_10,"(1, 1, 2, 20)",21
1572,conv2d_10,"(2, 0, 18, 1)",29
1573,conv2d_10,"(2, 1, 13, 19)",18
1574,conv2d_10,"(0, 2, 28, 17)",1
1575,conv2d_10,"(2, 2, 7, 6)",29
1576,conv2d_10,"(2, 0, 31, 3)",9
1577,conv2d_10,"(0, 0, 21, 18)",29
1578,conv2d_10,"(0, 1, 15, 6)",3
1579,conv2d_10,"(2, 1, 24, 14)",14
1580,conv2d_10,"(1, 2, 2, 8)",20
1581,conv2d_10,"(1, 1, 31, 22)",6
1582,conv2d_10,"(1, 2, 26, 23)",16
1583,conv2d_10,"(0, 1, 12, 18)",27
1584,conv2d_10,"(2, 1, 25, 10)",10
1585,conv2d_10,"(0, 0, 1, 0)",13
1586,conv2d_10,"(1, 0, 14, 4)",27
1587,conv2d_10,"(2, 2, 24, 24)",6
1588,conv2d_10,"(0, 0, 23, 17)",13
1589,conv2d_10,"(0, 1, 21, 1)",9
1590,conv2d_10,"(1, 1, 20, 30)",17
1591,conv2d_10,"(0, 2, 12, 18)",1
1592,conv2d_10,"(0, 0, 0, 0)",19
1593,conv2d_10,"(1, 0, 24, 30)",10
1594,conv2d_10,"(1, 2, 23, 8)",29
1595,conv2d_10,"(1, 1, 6, 3)",13
1596,conv2d_10,"(1, 0, 13, 22)",30
1597,conv2d_10,"(2, 0, 7, 9)",20
1598,conv2d_10,"(0, 0, 20, 3)",28
1599,conv2d_10,"(0, 1, 0, 15)",13
1600,conv2d_10,"(0, 1, 18, 22)",0
1601,conv2d_10,"(0, 2, 18, 10)",24
1602,conv2d_10,"(0, 0, 8, 23)",13
1603,conv2d_10,"(2, 2, 8, 8)",13
1604,conv2d_10,"(2, 1, 30, 21)",24
1605,conv2d_10,"(0, 2, 19, 5)",29
1606,conv2d_10,"(2, 1, 30, 7)",2
1607,conv2d_10,"(0, 1, 27, 20)",24
1608,conv2d_10,"(2, 1, 16, 2)",27
1609,conv2d_10,"(1, 1, 23, 14)",25
1610,conv2d_10,"(1, 1, 11, 27)",21
1611,conv2d_10,"(2, 1, 21, 27)",11
1612,conv2d_10,"(2, 0, 12, 1)",8
1613,conv2d_10,"(2, 0, 31, 12)",21
1614,conv2d_10,"(1, 0, 19, 8)",22
1615,conv2d_10,"(2, 1, 13, 12)",27
1616,conv2d_10,"(0, 1, 22, 26)",1
1617,conv2d_10,"(1, 1, 28, 17)",22
1618,conv2d_10,"(2, 2, 13, 4)",0
1619,conv2d_10,"(0, 1, 22, 2)",9
1620,conv2d_10,"(2, 1, 30, 17)",27
1621,conv2d_10,"(0, 2, 20, 14)",5
1622,conv2d_10,"(1, 1, 4, 14)",19
1623,conv2d_10,"(2, 1, 24, 9)",7
1624,conv2d_10,"(0, 1, 20, 15)",10
1625,conv2d_10,"(2, 1, 12, 6)",19
1626,conv2d_10,"(2, 0, 23, 0)",26
1627,conv2d_10,"(1, 0, 12, 5)",9
1628,conv2d_10,"(2, 0, 16, 2)",13
1629,conv2d_10,"(0, 0, 21, 20)",25
1630,conv2d_10,"(1, 2, 15, 20)",12
1631,conv2d_10,"(1, 0, 3, 11)",6
1632,conv2d_10,"(1, 1, 5, 22)",4
1633,conv2d_10,"(1, 2, 21, 7)",10
1634,conv2d_10,"(2, 1, 31, 29)",27
1635,conv2d_10,"(0, 1, 17, 18)",22
1636,conv2d_10,"(2, 2, 13, 30)",17
1637,conv2d_10,"(2, 0, 24, 14)",11
1638,conv2d_10,"(2, 0, 6, 3)",27
1639,conv2d_10,"(2, 2, 25, 26)",7
1640,conv2d_10,"(0, 1, 5, 21)",1
1641,conv2d_10,"(2, 2, 16, 4)",12
1642,conv2d_10,"(1, 0, 10, 4)",18
1643,conv2d_10,"(0, 0, 3, 24)",14
1644,conv2d_10,"(0, 2, 16, 2)",16
1645,conv2d_10,"(0, 0, 15, 10)",0
1646,conv2d_10,"(0, 2, 21, 11)",2
1647,conv2d_10,"(2, 2, 14, 16)",23
1648,conv2d_10,"(2, 1, 0, 24)",14
1649,conv2d_10,"(0, 2, 12, 20)",3
1650,conv2d_10,"(0, 0, 27, 2)",19
1651,conv2d_10,"(1, 1, 18, 29)",29
1652,conv2d_10,"(1, 1, 8, 29)",4
1653,conv2d_10,"(2, 0, 16, 18)",1
1654,conv2d_10,"(0, 1, 6, 2)",30
1655,conv2d_10,"(2, 0, 27, 14)",21
1656,conv2d_10,"(0, 2, 2, 17)",4
1657,conv2d_10,"(1, 0, 9, 8)",30
1658,conv2d_10,"(0, 2, 13, 31)",2
1659,conv2d_10,"(1, 0, 30, 13)",6
1660,conv2d_10,"(0, 0, 4, 14)",2
1661,conv2d_10,"(1, 1, 13, 24)",20
1662,conv2d_10,"(2, 0, 12, 28)",26
1663,conv2d_10,"(1, 1, 23, 8)",24
1664,conv2d_10,"(1, 1, 13, 21)",11
1665,conv2d_10,"(0, 0, 28, 18)",17
1666,conv2d_10,"(0, 0, 24, 4)",11
1667,conv2d_10,"(0, 2, 18, 2)",26
1668,conv2d_10,"(0, 1, 19, 13)",26
1669,conv2d_10,"(1, 1, 16, 18)",11
1670,conv2d_10,"(0, 1, 27, 26)",14
1671,conv2d_10,"(2, 1, 11, 30)",25
1672,conv2d_10,"(2, 0, 10, 17)",9
1673,conv2d_10,"(0, 0, 15, 31)",22
1674,conv2d_10,"(2, 2, 9, 2)",4
1675,conv2d_10,"(2, 1, 24, 26)",13
1676,conv2d_10,"(1, 2, 27, 18)",28
1677,conv2d_10,"(2, 0, 7, 26)",17
1678,conv2d_10,"(0, 1, 26, 0)",15
1679,conv2d_10,"(1, 0, 24, 25)",26
1680,conv2d_10,"(2, 1, 0, 27)",14
1681,conv2d_10,"(0, 1, 26, 31)",30
1682,conv2d_10,"(2, 1, 21, 22)",12
1683,conv2d_10,"(2, 1, 22, 20)",29
1684,conv2d_10,"(0, 2, 9, 19)",26
1685,conv2d_10,"(2, 2, 5, 8)",24
1686,conv2d_10,"(2, 1, 13, 18)",21
1687,conv2d_10,"(2, 1, 13, 11)",28
1688,conv2d_10,"(0, 1, 9, 13)",16
1689,conv2d_10,"(0, 1, 21, 4)",13
1690,conv2d_10,"(2, 2, 6, 0)",19
1691,conv2d_10,"(1, 2, 21, 5)",9
1692,conv2d_10,"(1, 0, 9, 28)",27
1693,conv2d_10,"(1, 1, 19, 14)",17
1694,conv2d_10,"(0, 0, 14, 11)",31
1695,conv2d_10,"(2, 2, 31, 8)",14
1696,conv2d_10,"(2, 2, 9, 4)",22
1697,conv2d_10,"(0, 1, 31, 19)",2
1698,conv2d_10,"(0, 0, 21, 30)",17
1699,conv2d_10,"(1, 2, 14, 27)",15
1700,conv2d_10,"(0, 2, 17, 28)",19
1701,conv2d_10,"(1, 1, 6, 11)",27
1702,conv2d_10,"(0, 2, 19, 6)",18
1703,conv2d_10,"(2, 0, 2, 11)",8
1704,conv2d_10,"(0, 0, 28, 7)",15
1705,conv2d_10,"(1, 1, 12, 20)",31
1706,conv2d_10,"(0, 2, 13, 30)",10
1707,conv2d_10,"(0, 0, 6, 29)",11
1708,conv2d_10,"(0, 1, 7, 23)",31
1709,conv2d_10,"(0, 1, 26, 27)",31
1710,conv2d_10,"(1, 1, 27, 28)",27
1711,conv2d_10,"(1, 2, 0, 10)",25
1712,conv2d_10,"(1, 2, 21, 11)",8
1713,conv2d_10,"(0, 0, 25, 4)",5
1714,conv2d_10,"(2, 2, 25, 15)",29
1715,conv2d_10,"(0, 1, 22, 19)",17
1716,conv2d_10,"(0, 1, 1, 5)",15
1717,conv2d_10,"(1, 1, 30, 16)",27
1718,conv2d_10,"(0, 2, 27, 21)",20
1719,conv2d_10,"(0, 0, 23, 6)",9
1720,conv2d_10,"(1, 1, 5, 21)",25
1721,conv2d_10,"(0, 2, 30, 5)",30
1722,conv2d_10,"(0, 1, 19, 15)",6
1723,conv2d_10,"(1, 0, 7, 26)",16
1724,conv2d_10,"(2, 1, 13, 28)",0
1725,conv2d_10,"(1, 1, 0, 15)",26
1726,conv2d_10,"(0, 1, 21, 30)",11
1727,conv2d_10,"(2, 1, 3, 20)",6
1728,conv2d_10,"(1, 0, 21, 2)",0
1729,conv2d_10,"(2, 2, 6, 18)",16
1730,conv2d_10,"(1, 1, 4, 19)",2
1731,conv2d_10,"(0, 2, 0, 5)",27
1732,conv2d_10,"(0, 1, 25, 8)",20
1733,conv2d_10,"(1, 0, 12, 20)",30
1734,conv2d_10,"(1, 0, 16, 15)",5
1735,conv2d_10,"(1, 2, 26, 13)",16
1736,conv2d_10,"(1, 2, 13, 14)",0
1737,conv2d_11,"(1, 2, 26, 19)",13
1738,conv2d_11,"(2, 1, 5, 15)",12
1739,conv2d_11,"(0, 2, 7, 18)",13
1740,conv2d_11,"(1, 1, 3, 18)",30
1741,conv2d_11,"(0, 1, 1, 29)",27
1742,conv2d_11,"(2, 2, 5, 0)",10
1743,conv2d_11,"(2, 2, 1, 24)",27
1744,conv2d_11,"(2, 0, 0, 31)",26
1745,conv2d_11,"(1, 2, 3, 1)",28
1746,conv2d_11,"(1, 1, 17, 31)",21
1747,conv2d_11,"(2, 0, 26, 12)",24
1748,conv2d_11,"(1, 2, 21, 24)",5
1749,conv2d_11,"(2, 2, 21, 25)",17
1750,conv2d_11,"(1, 2, 17, 16)",2
1751,conv2d_11,"(2, 1, 1, 26)",25
1752,conv2d_11,"(0, 1, 12, 11)",3
1753,conv2d_11,"(2, 2, 8, 1)",27
1754,conv2d_11,"(2, 2, 20, 6)",31
1755,conv2d_11,"(0, 0, 11, 21)",14
1756,conv2d_11,"(0, 1, 14, 3)",12
1757,conv2d_11,"(1, 1, 13, 9)",0
1758,conv2d_11,"(0, 0, 6, 12)",31
1759,conv2d_11,"(1, 0, 3, 14)",2
1760,conv2d_11,"(2, 0, 25, 19)",30
1761,conv2d_11,"(0, 1, 7, 23)",26
1762,conv2d_11,"(2, 0, 9, 1)",9
1763,conv2d_11,"(2, 0, 27, 25)",2
1764,conv2d_11,"(0, 2, 27, 20)",8
1765,conv2d_11,"(1, 1, 26, 19)",31
1766,conv2d_11,"(1, 0, 22, 27)",0
1767,conv2d_11,"(2, 2, 6, 18)",30
1768,conv2d_11,"(0, 2, 20, 7)",7
1769,conv2d_11,"(0, 1, 18, 8)",11
1770,conv2d_11,"(0, 0, 26, 1)",25
1771,conv2d_11,"(2, 2, 26, 22)",17
1772,conv2d_11,"(0, 0, 9, 16)",18
1773,conv2d_11,"(1, 2, 27, 15)",22
1774,conv2d_11,"(2, 1, 8, 2)",16
1775,conv2d_11,"(2, 1, 8, 9)",8
1776,conv2d_11,"(1, 1, 13, 24)",1
1777,conv2d_11,"(2, 0, 22, 31)",26
1778,conv2d_11,"(2, 2, 19, 10)",12
1779,conv2d_11,"(2, 2, 25, 16)",11
1780,conv2d_11,"(1, 2, 27, 2)",13
1781,conv2d_11,"(2, 0, 29, 19)",19
1782,conv2d_11,"(1, 2, 25, 22)",19
1783,conv2d_11,"(0, 2, 23, 27)",5
1784,conv2d_11,"(2, 2, 30, 16)",0
1785,conv2d_11,"(2, 2, 24, 31)",14
1786,conv2d_11,"(0, 1, 13, 3)",8
1787,conv2d_11,"(0, 1, 28, 17)",24
1788,conv2d_11,"(1, 1, 22, 19)",0
1789,conv2d_11,"(2, 0, 4, 12)",31
1790,conv2d_11,"(1, 0, 11, 20)",19
1791,conv2d_11,"(0, 0, 27, 2)",27
1792,conv2d_11,"(1, 1, 26, 6)",25
1793,conv2d_11,"(1, 2, 15, 17)",12
1794,conv2d_11,"(0, 2, 17, 1)",26
1795,conv2d_11,"(0, 0, 11, 1)",17
1796,conv2d_11,"(1, 1, 1, 7)",31
1797,conv2d_11,"(2, 1, 5, 31)",30
1798,conv2d_11,"(1, 1, 7, 8)",11
1799,conv2d_11,"(0, 1, 10, 30)",19
1800,conv2d_11,"(0, 2, 1, 16)",4
1801,conv2d_11,"(0, 1, 1, 19)",28
1802,conv2d_11,"(1, 1, 9, 14)",16
1803,conv2d_11,"(0, 2, 27, 16)",27
1804,conv2d_11,"(2, 1, 22, 5)",21
1805,conv2d_11,"(1, 0, 12, 27)",3
1806,conv2d_11,"(1, 1, 14, 20)",18
1807,conv2d_11,"(2, 0, 21, 5)",2
1808,conv2d_11,"(2, 1, 22, 30)",7
1809,conv2d_11,"(1, 2, 29, 19)",18
1810,conv2d_11,"(1, 2, 31, 3)",20
1811,conv2d_11,"(1, 0, 5, 8)",28
1812,conv2d_11,"(1, 0, 11, 22)",2
1813,conv2d_11,"(0, 0, 19, 7)",20
1814,conv2d_11,"(1, 1, 28, 30)",0
1815,conv2d_11,"(2, 2, 26, 23)",7
1816,conv2d_11,"(1, 2, 31, 31)",16
1817,conv2d_11,"(0, 0, 1, 3)",8
1818,conv2d_11,"(1, 2, 22, 27)",25
1819,conv2d_11,"(0, 2, 30, 2)",2
1820,conv2d_11,"(0, 1, 27, 31)",27
1821,conv2d_11,"(1, 2, 11, 10)",13
1822,conv2d_11,"(2, 2, 18, 17)",18
1823,conv2d_11,"(2, 0, 3, 16)",28
1824,conv2d_11,"(2, 0, 18, 31)",12
1825,conv2d_11,"(1, 2, 12, 18)",28
1826,conv2d_11,"(0, 2, 25, 9)",3
1827,conv2d_11,"(0, 2, 22, 13)",12
1828,conv2d_11,"(0, 2, 1, 21)",31
1829,conv2d_11,"(0, 0, 24, 10)",1
1830,conv2d_11,"(1, 0, 24, 24)",12
1831,conv2d_11,"(0, 0, 2, 0)",5
1832,conv2d_11,"(2, 0, 30, 23)",5
1833,conv2d_11,"(1, 0, 29, 13)",7
1834,conv2d_11,"(2, 2, 11, 28)",31
1835,conv2d_11,"(1, 1, 27, 6)",17
1836,conv2d_11,"(0, 0, 25, 6)",25
1837,conv2d_11,"(1, 2, 25, 0)",4
1838,conv2d_11,"(1, 1, 27, 23)",11
1839,conv2d_11,"(1, 0, 5, 6)",0
1840,conv2d_11,"(0, 2, 22, 11)",21
1841,conv2d_11,"(1, 1, 31, 21)",19
1842,conv2d_11,"(0, 0, 23, 25)",23
1843,conv2d_11,"(2, 1, 4, 8)",3
1844,conv2d_11,"(0, 0, 13, 26)",22
1845,conv2d_11,"(2, 2, 22, 23)",26
1846,conv2d_11,"(1, 0, 14, 0)",8
1847,conv2d_11,"(1, 2, 29, 31)",10
1848,conv2d_11,"(2, 1, 6, 15)",3
1849,conv2d_11,"(1, 2, 24, 28)",30
1850,conv2d_11,"(1, 0, 2, 12)",28
1851,conv2d_11,"(0, 0, 29, 5)",30
1852,conv2d_11,"(1, 0, 26, 25)",12
1853,conv2d_11,"(0, 2, 6, 26)",30
1854,conv2d_11,"(0, 0, 27, 9)",3
1855,conv2d_11,"(0, 0, 11, 12)",28
1856,conv2d_11,"(0, 0, 18, 6)",24
1857,conv2d_11,"(1, 0, 15, 3)",10
1858,conv2d_11,"(2, 0, 17, 5)",16
1859,conv2d_11,"(1, 0, 8, 19)",30
1860,conv2d_11,"(1, 2, 7, 26)",11
1861,conv2d_11,"(0, 0, 16, 31)",23
1862,conv2d_11,"(2, 0, 15, 18)",17
1863,conv2d_11,"(1, 1, 8, 21)",23
1864,conv2d_11,"(2, 0, 24, 22)",0
1865,conv2d_11,"(1, 2, 7, 9)",13
1866,conv2d_11,"(1, 2, 31, 27)",28
1867,conv2d_11,"(2, 0, 4, 22)",15
1868,conv2d_11,"(2, 1, 30, 15)",28
1869,conv2d_11,"(0, 0, 19, 8)",27
1870,conv2d_11,"(2, 1, 30, 26)",31
1871,conv2d_11,"(1, 2, 17, 22)",14
1872,conv2d_11,"(1, 2, 4, 2)",14
1873,conv2d_11,"(2, 1, 27, 14)",12
1874,conv2d_11,"(0, 1, 23, 2)",4
1875,conv2d_11,"(0, 2, 10, 31)",4
1876,conv2d_11,"(0, 0, 2, 7)",22
1877,conv2d_11,"(0, 2, 10, 17)",2
1878,conv2d_11,"(0, 0, 16, 29)",7
1879,conv2d_11,"(2, 1, 6, 6)",7
1880,conv2d_11,"(2, 1, 3, 16)",1
1881,conv2d_11,"(1, 0, 28, 26)",17
1882,conv2d_11,"(0, 0, 23, 31)",0
1883,conv2d_11,"(0, 0, 28, 9)",19
1884,conv2d_11,"(0, 2, 25, 31)",6
1885,conv2d_11,"(1, 1, 26, 15)",24
1886,conv2d_11,"(1, 2, 25, 2)",19
1887,conv2d_11,"(2, 2, 11, 26)",23
1888,conv2d_11,"(1, 0, 11, 9)",31
1889,conv2d_11,"(2, 2, 14, 14)",30
1890,conv2d_11,"(2, 2, 26, 7)",25
1891,conv2d_11,"(2, 2, 7, 26)",5
1892,conv2d_11,"(1, 1, 4, 28)",27
1893,conv2d_11,"(0, 0, 26, 28)",24
1894,conv2d_11,"(0, 2, 14, 2)",1
1895,conv2d_11,"(2, 1, 22, 2)",0
1896,conv2d_11,"(0, 1, 24, 22)",29
1897,conv2d_11,"(0, 1, 30, 19)",0
1898,conv2d_11,"(1, 1, 23, 24)",30
1899,conv2d_11,"(0, 2, 12, 20)",9
1900,conv2d_11,"(0, 2, 31, 19)",4
1901,conv2d_11,"(1, 1, 6, 0)",29
1902,conv2d_11,"(2, 0, 12, 13)",16
1903,conv2d_11,"(2, 1, 5, 21)",16
1904,conv2d_11,"(2, 0, 27, 9)",12
1905,conv2d_11,"(0, 1, 23, 15)",9
1906,conv2d_11,"(0, 0, 25, 24)",4
1907,conv2d_11,"(1, 0, 25, 20)",23
1908,conv2d_11,"(2, 2, 9, 19)",2
1909,conv2d_11,"(2, 2, 24, 29)",15
1910,conv2d_11,"(0, 2, 30, 1)",0
1911,conv2d_11,"(1, 0, 13, 6)",7
1912,conv2d_11,"(1, 0, 23, 1)",30
1913,conv2d_11,"(0, 0, 12, 14)",19
1914,conv2d_11,"(0, 1, 12, 5)",24
1915,conv2d_11,"(1, 2, 31, 13)",5
1916,conv2d_11,"(0, 2, 2, 28)",1
1917,conv2d_11,"(2, 0, 4, 3)",28
1918,conv2d_11,"(2, 1, 11, 4)",16
1919,conv2d_11,"(0, 1, 5, 21)",17
1920,conv2d_11,"(0, 2, 31, 31)",19
1921,conv2d_11,"(0, 0, 27, 16)",16
1922,conv2d_11,"(0, 0, 29, 31)",15
1923,conv2d_11,"(0, 1, 7, 31)",6
1924,conv2d_11,"(0, 0, 20, 25)",30
1925,conv2d_11,"(1, 1, 16, 24)",19
1926,conv2d_11,"(0, 2, 15, 31)",27
1927,conv2d_11,"(0, 0, 22, 7)",24
1928,conv2d_11,"(1, 0, 2, 25)",21
1929,conv2d_11,"(1, 2, 19, 11)",3
1930,conv2d_11,"(0, 1, 2, 3)",19
1931,conv2d_11,"(2, 0, 26, 11)",1
1932,conv2d_11,"(0, 1, 28, 19)",8
1933,conv2d_11,"(1, 0, 29, 17)",10
1934,conv2d_11,"(1, 2, 15, 11)",31
1935,conv2d_11,"(2, 2, 17, 18)",30
1936,conv2d_11,"(2, 1, 18, 0)",6
1937,conv2d_11,"(1, 0, 9, 31)",22
1938,conv2d_11,"(1, 0, 10, 17)",10
1939,conv2d_11,"(1, 2, 12, 20)",6
1940,conv2d_11,"(1, 1, 25, 5)",7
1941,conv2d_11,"(2, 1, 10, 13)",28
1942,conv2d_11,"(0, 2, 15, 26)",5
1943,conv2d_11,"(2, 1, 13, 17)",0
1944,conv2d_11,"(1, 2, 12, 30)",26
1945,conv2d_11,"(1, 0, 30, 6)",12
1946,conv2d_11,"(1, 1, 27, 17)",22
1947,conv2d_11,"(0, 2, 13, 12)",15
1948,conv2d_11,"(1, 2, 20, 20)",23
1949,conv2d_11,"(2, 1, 24, 13)",15
1950,conv2d_11,"(2, 0, 2, 27)",0
1951,conv2d_11,"(2, 2, 6, 1)",19
1952,conv2d_11,"(1, 2, 0, 5)",14
1953,conv2d_11,"(1, 1, 8, 8)",27
1954,conv2d_11,"(1, 1, 15, 2)",2
1955,conv2d_11,"(2, 1, 12, 22)",15
1956,conv2d_11,"(1, 1, 10, 20)",7
1957,conv2d_11,"(2, 0, 2, 16)",9
1958,conv2d_11,"(2, 0, 20, 31)",2
1959,conv2d_11,"(0, 1, 19, 1)",8
1960,conv2d_11,"(0, 0, 0, 0)",7
1961,conv2d_11,"(0, 2, 19, 14)",17
1962,conv2d_11,"(1, 1, 3, 13)",28
1963,conv2d_11,"(1, 0, 27, 29)",5
1964,conv2d_11,"(0, 1, 18, 3)",11
1965,conv2d_11,"(1, 1, 24, 18)",25
1966,conv2d_11,"(0, 1, 3, 6)",26
1967,conv2d_11,"(2, 2, 28, 1)",21
1968,conv2d_11,"(0, 1, 6, 26)",8
1969,conv2d_11,"(2, 0, 4, 15)",14
1970,conv2d_11,"(0, 2, 17, 29)",10
1971,conv2d_11,"(2, 1, 30, 16)",25
1972,conv2d_11,"(0, 2, 26, 10)",14
1973,conv2d_11,"(2, 0, 3, 7)",13
1974,conv2d_11,"(0, 2, 6, 2)",1
1975,conv2d_11,"(1, 1, 17, 14)",12
1976,conv2d_11,"(2, 1, 14, 25)",24
1977,conv2d_11,"(0, 1, 9, 3)",9
1978,conv2d_11,"(2, 1, 1, 10)",10
1979,conv2d_11,"(1, 2, 1, 20)",20
1980,conv2d_11,"(0, 1, 31, 31)",11
1981,conv2d_11,"(2, 1, 20, 9)",22
1982,conv2d_11,"(1, 1, 1, 4)",17
1983,conv2d_11,"(2, 2, 0, 13)",18
1984,conv2d_11,"(2, 0, 23, 2)",13
1985,conv2d_11,"(2, 0, 20, 14)",27
1986,conv2d_11,"(0, 1, 24, 18)",8
1987,conv2d_11,"(1, 0, 20, 13)",26
1988,conv2d_11,"(0, 1, 6, 8)",9
1989,conv2d_11,"(0, 0, 24, 25)",24
1990,conv2d_11,"(2, 0, 27, 18)",6
1991,conv2d_11,"(2, 1, 15, 14)",11
1992,conv2d_11,"(1, 0, 4, 20)",17
1993,conv2d_11,"(0, 2, 19, 15)",1
1994,conv2d_11,"(0, 2, 14, 13)",30
1995,conv2d_11,"(1, 0, 20, 31)",29
1996,conv2d_11,"(0, 2, 8, 3)",2
1997,conv2d_11,"(1, 0, 19, 19)",11
1998,conv2d_11,"(2, 2, 17, 26)",27
1999,conv2d_11,"(2, 0, 16, 22)",6
2000,conv2d_11,"(1, 0, 24, 31)",7
2001,conv2d_11,"(2, 0, 2, 0)",15
2002,conv2d_11,"(2, 2, 9, 26)",16
2003,conv2d_11,"(2, 2, 23, 14)",3
2004,conv2d_11,"(1, 1, 17, 21)",10
2005,conv2d_11,"(2, 2, 11, 23)",2
2006,conv2d_11,"(2, 1, 2, 23)",10
2007,conv2d_11,"(2, 0, 11, 3)",18
2008,conv2d_11,"(0, 2, 31, 12)",21
2009,conv2d_11,"(0, 2, 10, 5)",11
2010,conv2d_11,"(2, 1, 10, 21)",24
2011,conv2d_11,"(0, 2, 25, 24)",30
2012,conv2d_11,"(1, 2, 15, 13)",10
2013,conv2d_11,"(2, 0, 1, 31)",12
2014,conv2d_11,"(2, 1, 9, 2)",6
2015,conv2d_11,"(2, 2, 23, 15)",23
2016,conv2d_11,"(1, 1, 18, 3)",7
2017,conv2d_11,"(1, 0, 7, 23)",2
2018,conv2d_11,"(0, 1, 31, 2)",31
2019,conv2d_11,"(1, 1, 8, 16)",13
2020,conv2d_11,"(1, 0, 20, 27)",30
2021,conv2d_11,"(1, 0, 13, 8)",6
2022,conv2d_11,"(1, 1, 8, 17)",31
2023,conv2d_11,"(1, 0, 31, 29)",9
2024,conv2d_11,"(0, 2, 28, 15)",1
2025,conv2d_11,"(2, 2, 30, 23)",29
2026,conv2d_11,"(2, 2, 10, 30)",21
2027,conv2d_11,"(0, 1, 15, 31)",18
2028,conv2d_11,"(1, 2, 20, 21)",4
2029,conv2d_11,"(2, 2, 24, 1)",4
2030,conv2d_11,"(1, 2, 26, 14)",11
2031,conv2d_11,"(0, 0, 31, 31)",19
2032,conv2d_11,"(2, 2, 20, 18)",30
2033,conv2d_11,"(1, 0, 23, 8)",15
2034,conv2d_11,"(1, 0, 31, 19)",2
2035,conv2d_11,"(2, 0, 19, 12)",2
2036,conv2d_11,"(0, 0, 13, 10)",22
2037,conv2d_11,"(2, 0, 17, 25)",17
2038,conv2d_11,"(0, 1, 24, 11)",3
2039,conv2d_11,"(0, 1, 30, 0)",23
2040,conv2d_11,"(0, 0, 10, 27)",0
2041,conv2d_11,"(2, 1, 1, 27)",31
2042,conv2d_11,"(1, 2, 29, 18)",18
2043,conv2d_11,"(2, 2, 19, 11)",21
2044,conv2d_11,"(2, 0, 4, 0)",8
2045,conv2d_11,"(0, 0, 4, 31)",9
2046,conv2d_11,"(2, 0, 17, 24)",0
2047,conv2d_11,"(0, 1, 29, 2)",13
2048,conv2d_11,"(0, 2, 28, 30)",12
2049,conv2d_11,"(2, 2, 25, 0)",25
2050,conv2d_11,"(0, 2, 22, 8)",3
2051,conv2d_11,"(1, 0, 8, 15)",13
2052,conv2d_11,"(2, 0, 21, 12)",21
2053,conv2d_11,"(2, 0, 7, 13)",22
2054,conv2d_11,"(2, 1, 4, 24)",1
2055,conv2d_11,"(2, 0, 22, 25)",23
2056,conv2d_11,"(0, 2, 26, 3)",5
2057,conv2d_11,"(2, 1, 26, 25)",18
2058,conv2d_11,"(1, 0, 0, 12)",24
2059,conv2d_11,"(2, 0, 1, 20)",18
2060,conv2d_11,"(2, 1, 7, 9)",12
2061,conv2d_11,"(2, 2, 23, 10)",21
2062,conv2d_11,"(1, 0, 12, 12)",5
2063,conv2d_11,"(0, 0, 28, 7)",1
2064,conv2d_11,"(2, 2, 6, 12)",28
2065,conv2d_11,"(1, 2, 4, 29)",31
2066,conv2d_11,"(0, 1, 14, 31)",20
2067,conv2d_11,"(0, 0, 28, 12)",5
2068,conv2d_11,"(2, 1, 9, 31)",23
2069,conv2d_11,"(0, 2, 24, 21)",2
2070,conv2d_11,"(0, 2, 13, 21)",24
2071,conv2d_11,"(2, 2, 10, 19)",12
2072,conv2d_11,"(0, 2, 26, 7)",10
2073,conv2d_11,"(0, 2, 9, 17)",5
2074,conv2d_11,"(2, 2, 12, 0)",19
2075,conv2d_11,"(2, 1, 30, 9)",5
2076,conv2d_11,"(1, 0, 19, 30)",7
2077,conv2d_11,"(0, 1, 27, 0)",21
2078,conv2d_11,"(0, 2, 1, 7)",21
2079,conv2d_11,"(1, 1, 8, 19)",5
2080,conv2d_11,"(1, 1, 18, 16)",11
2081,conv2d_12,"(0, 0, 10, 6)",23
2082,conv2d_12,"(0, 2, 2, 12)",11
2083,conv2d_12,"(2, 2, 5, 8)",17
2084,conv2d_12,"(0, 2, 28, 5)",17
2085,conv2d_12,"(1, 0, 28, 4)",0
2086,conv2d_12,"(2, 1, 20, 27)",17
2087,conv2d_12,"(0, 2, 25, 7)",24
2088,conv2d_12,"(0, 1, 5, 1)",24
2089,conv2d_12,"(0, 0, 19, 6)",7
2090,conv2d_12,"(0, 0, 23, 17)",1
2091,conv2d_12,"(2, 1, 28, 8)",21
2092,conv2d_12,"(1, 1, 21, 20)",22
2093,conv2d_12,"(2, 0, 8, 1)",18
2094,conv2d_12,"(2, 2, 15, 6)",10
2095,conv2d_12,"(0, 1, 20, 7)",1
2096,conv2d_12,"(0, 1, 28, 25)",21
2097,conv2d_12,"(0, 0, 12, 20)",4
2098,conv2d_12,"(1, 1, 1, 13)",14
2099,conv2d_12,"(2, 2, 10, 7)",28
2100,conv2d_12,"(2, 1, 2, 16)",6
2101,conv2d_12,"(0, 0, 30, 8)",21
2102,conv2d_12,"(2, 2, 11, 17)",1
2103,conv2d_12,"(1, 2, 31, 18)",6
2104,conv2d_12,"(2, 2, 31, 31)",18
2105,conv2d_12,"(1, 2, 31, 2)",30
2106,conv2d_12,"(0, 2, 2, 5)",28
2107,conv2d_12,"(1, 1, 9, 26)",13
2108,conv2d_12,"(2, 2, 14, 1)",20
2109,conv2d_12,"(0, 0, 2, 10)",17
2110,conv2d_12,"(2, 1, 9, 21)",1
2111,conv2d_12,"(1, 2, 2, 3)",1
2112,conv2d_12,"(2, 0, 4, 21)",15
2113,conv2d_12,"(2, 1, 30, 25)",7
2114,conv2d_12,"(0, 2, 31, 15)",2
2115,conv2d_12,"(0, 2, 26, 31)",1
2116,conv2d_12,"(2, 2, 20, 11)",10
2117,conv2d_12,"(1, 1, 12, 31)",9
2118,conv2d_12,"(0, 2, 13, 9)",11
2119,conv2d_12,"(1, 0, 13, 29)",5
2120,conv2d_12,"(0, 2, 9, 10)",25
2121,conv2d_12,"(1, 2, 11, 28)",10
2122,conv2d_12,"(2, 1, 20, 12)",13
2123,conv2d_12,"(1, 0, 7, 21)",6
2124,conv2d_12,"(1, 1, 3, 25)",4
2125,conv2d_12,"(2, 1, 13, 19)",3
2126,conv2d_12,"(0, 0, 29, 11)",2
2127,conv2d_12,"(2, 0, 23, 2)",5
2128,conv2d_12,"(1, 0, 29, 8)",19
2129,conv2d_12,"(2, 1, 16, 24)",20
2130,conv2d_12,"(0, 2, 24, 19)",0
2131,conv2d_12,"(2, 1, 6, 9)",28
2132,conv2d_12,"(0, 0, 7, 20)",9
2133,conv2d_12,"(2, 2, 20, 12)",26
2134,conv2d_12,"(2, 2, 3, 15)",9
2135,conv2d_12,"(0, 0, 21, 1)",16
2136,conv2d_12,"(1, 0, 15, 10)",26
2137,conv2d_12,"(1, 2, 30, 9)",14
2138,conv2d_12,"(0, 2, 26, 30)",4
2139,conv2d_12,"(1, 1, 1, 25)",6
2140,conv2d_12,"(1, 0, 18, 2)",0
2141,conv2d_12,"(2, 0, 31, 30)",22
2142,conv2d_12,"(1, 0, 30, 18)",14
2143,conv2d_12,"(1, 1, 23, 17)",1
2144,conv2d_12,"(0, 0, 29, 15)",30
2145,conv2d_12,"(2, 0, 1, 24)",2
2146,conv2d_12,"(0, 0, 23, 0)",5
2147,conv2d_12,"(1, 1, 23, 6)",29
2148,conv2d_12,"(2, 2, 19, 23)",3
2149,conv2d_12,"(0, 1, 22, 7)",29
2150,conv2d_12,"(0, 0, 12, 9)",15
2151,conv2d_12,"(2, 0, 20, 21)",29
2152,conv2d_12,"(2, 1, 26, 24)",21
2153,conv2d_12,"(0, 2, 7, 10)",19
2154,conv2d_12,"(0, 0, 13, 9)",19
2155,conv2d_12,"(2, 2, 11, 20)",1
2156,conv2d_12,"(2, 2, 1, 11)",0
2157,conv2d_12,"(2, 2, 29, 5)",29
2158,conv2d_12,"(1, 0, 2, 8)",16
2159,conv2d_12,"(0, 0, 17, 1)",21
2160,conv2d_12,"(1, 0, 6, 11)",29
2161,conv2d_12,"(1, 2, 1, 4)",8
2162,conv2d_12,"(1, 1, 5, 16)",31
2163,conv2d_12,"(1, 0, 2, 29)",20
2164,conv2d_12,"(0, 2, 4, 8)",24
2165,conv2d_12,"(2, 1, 3, 13)",16
2166,conv2d_12,"(1, 1, 20, 24)",10
2167,conv2d_12,"(1, 0, 13, 9)",7
2168,conv2d_12,"(1, 2, 6, 23)",1
2169,conv2d_12,"(0, 1, 26, 11)",9
2170,conv2d_12,"(2, 0, 14, 23)",17
2171,conv2d_12,"(0, 2, 4, 4)",15
2172,conv2d_12,"(2, 1, 0, 18)",15
2173,conv2d_12,"(1, 2, 19, 1)",22
2174,conv2d_12,"(1, 2, 12, 7)",27
2175,conv2d_12,"(0, 2, 3, 21)",14
2176,conv2d_12,"(0, 1, 14, 21)",4
2177,conv2d_12,"(1, 2, 5, 31)",21
2178,conv2d_12,"(0, 1, 22, 25)",27
2179,conv2d_12,"(0, 0, 0, 14)",27
2180,conv2d_12,"(0, 0, 26, 17)",24
2181,conv2d_12,"(1, 1, 31, 0)",15
2182,conv2d_12,"(1, 2, 31, 6)",18
2183,conv2d_12,"(2, 2, 27, 7)",14
2184,conv2d_12,"(1, 2, 28, 7)",12
2185,conv2d_12,"(0, 1, 5, 24)",7
2186,conv2d_12,"(0, 0, 11, 29)",7
2187,conv2d_12,"(1, 2, 2, 29)",28
2188,conv2d_12,"(0, 2, 15, 22)",13
2189,conv2d_12,"(0, 0, 26, 20)",19
2190,conv2d_12,"(1, 1, 5, 15)",10
2191,conv2d_12,"(1, 2, 1, 13)",4
2192,conv2d_12,"(0, 2, 21, 5)",14
2193,conv2d_12,"(1, 0, 2, 7)",16
2194,conv2d_12,"(1, 0, 15, 16)",28
2195,conv2d_12,"(1, 0, 13, 10)",22
2196,conv2d_12,"(2, 0, 16, 11)",18
2197,conv2d_12,"(2, 0, 3, 5)",27
2198,conv2d_12,"(0, 0, 10, 12)",1
2199,conv2d_12,"(0, 2, 6, 19)",16
2200,conv2d_12,"(0, 0, 29, 0)",4
2201,conv2d_12,"(0, 2, 25, 9)",31
2202,conv2d_12,"(2, 2, 10, 6)",8
2203,conv2d_12,"(2, 0, 19, 2)",19
2204,conv2d_12,"(0, 2, 31, 27)",12
2205,conv2d_12,"(1, 1, 27, 10)",8
2206,conv2d_12,"(1, 1, 12, 12)",20
2207,conv2d_12,"(0, 1, 1, 13)",25
2208,conv2d_12,"(1, 2, 17, 18)",3
2209,conv2d_12,"(2, 2, 12, 15)",21
2210,conv2d_12,"(0, 2, 17, 10)",23
2211,conv2d_12,"(0, 0, 20, 23)",18
2212,conv2d_12,"(2, 0, 31, 29)",22
2213,conv2d_12,"(1, 2, 26, 29)",16
2214,conv2d_12,"(2, 1, 2, 15)",21
2215,conv2d_12,"(2, 2, 30, 1)",20
2216,conv2d_12,"(0, 0, 23, 12)",9
2217,conv2d_12,"(1, 1, 5, 1)",2
2218,conv2d_12,"(2, 2, 14, 24)",12
2219,conv2d_12,"(2, 2, 28, 5)",0
2220,conv2d_12,"(0, 0, 7, 24)",3
2221,conv2d_12,"(2, 0, 7, 25)",31
2222,conv2d_12,"(2, 1, 14, 6)",28
2223,conv2d_12,"(0, 1, 3, 14)",2
2224,conv2d_12,"(2, 1, 25, 21)",30
2225,conv2d_12,"(1, 2, 15, 13)",21
2226,conv2d_12,"(2, 0, 9, 16)",15
2227,conv2d_12,"(0, 0, 13, 3)",27
2228,conv2d_12,"(1, 1, 16, 14)",20
2229,conv2d_12,"(0, 1, 10, 11)",16
2230,conv2d_12,"(0, 1, 15, 24)",29
2231,conv2d_12,"(2, 2, 15, 18)",13
2232,conv2d_12,"(0, 1, 24, 2)",22
2233,conv2d_12,"(2, 1, 7, 26)",20
2234,conv2d_12,"(0, 0, 20, 1)",27
2235,conv2d_12,"(0, 2, 3, 19)",17
2236,conv2d_12,"(1, 2, 15, 20)",24
2237,conv2d_12,"(2, 0, 19, 1)",15
2238,conv2d_12,"(2, 1, 3, 23)",7
2239,conv2d_12,"(0, 0, 9, 13)",28
2240,conv2d_12,"(1, 0, 20, 3)",31
2241,conv2d_12,"(0, 2, 22, 5)",12
2242,conv2d_12,"(2, 1, 3, 25)",9
2243,conv2d_12,"(0, 1, 10, 6)",18
2244,conv2d_12,"(0, 2, 20, 1)",0
2245,conv2d_12,"(0, 1, 20, 9)",20
2246,conv2d_12,"(1, 0, 2, 3)",27
2247,conv2d_12,"(1, 2, 31, 30)",0
2248,conv2d_12,"(1, 2, 10, 4)",2
2249,conv2d_12,"(1, 0, 19, 25)",10
2250,conv2d_12,"(2, 0, 15, 23)",22
2251,conv2d_12,"(1, 2, 6, 16)",31
2252,conv2d_12,"(2, 0, 2, 31)",16
2253,conv2d_12,"(1, 0, 4, 24)",30
2254,conv2d_12,"(1, 0, 19, 2)",29
2255,conv2d_12,"(2, 1, 2, 31)",7
2256,conv2d_12,"(1, 2, 13, 1)",18
2257,conv2d_12,"(2, 1, 25, 25)",30
2258,conv2d_12,"(2, 0, 4, 1)",17
2259,conv2d_12,"(2, 2, 9, 25)",12
2260,conv2d_12,"(1, 1, 17, 31)",7
2261,conv2d_12,"(1, 0, 10, 1)",0
2262,conv2d_12,"(1, 0, 9, 15)",28
2263,conv2d_12,"(1, 1, 9, 21)",21
2264,conv2d_12,"(1, 0, 26, 13)",18
2265,conv2d_12,"(2, 2, 30, 19)",19
2266,conv2d_12,"(0, 2, 31, 4)",3
2267,conv2d_12,"(0, 0, 15, 19)",4
2268,conv2d_12,"(0, 2, 27, 3)",16
2269,conv2d_12,"(2, 0, 18, 19)",23
2270,conv2d_12,"(1, 2, 31, 16)",11
2271,conv2d_12,"(1, 1, 22, 4)",27
2272,conv2d_12,"(1, 1, 7, 19)",2
2273,conv2d_12,"(1, 2, 2, 5)",29
2274,conv2d_12,"(0, 0, 10, 4)",17
2275,conv2d_12,"(1, 0, 2, 19)",21
2276,conv2d_12,"(1, 0, 30, 3)",11
2277,conv2d_12,"(1, 0, 15, 22)",3
2278,conv2d_12,"(2, 2, 30, 22)",10
2279,conv2d_12,"(1, 0, 8, 19)",30
2280,conv2d_12,"(2, 0, 19, 10)",25
2281,conv2d_12,"(1, 0, 6, 28)",0
2282,conv2d_12,"(2, 0, 24, 6)",13
2283,conv2d_12,"(0, 0, 27, 28)",7
2284,conv2d_12,"(0, 1, 1, 25)",5
2285,conv2d_12,"(0, 2, 4, 10)",28
2286,conv2d_12,"(1, 0, 7, 28)",30
2287,conv2d_12,"(1, 0, 3, 28)",31
2288,conv2d_12,"(1, 2, 15, 30)",26
2289,conv2d_12,"(1, 2, 26, 19)",27
2290,conv2d_12,"(2, 1, 14, 27)",13
2291,conv2d_12,"(1, 0, 31, 30)",25
2292,conv2d_12,"(0, 0, 9, 29)",5
2293,conv2d_12,"(0, 0, 8, 18)",11
2294,conv2d_12,"(1, 2, 17, 0)",21
2295,conv2d_12,"(0, 1, 4, 6)",7
2296,conv2d_12,"(0, 2, 8, 21)",0
2297,conv2d_12,"(0, 0, 16, 21)",31
2298,conv2d_12,"(0, 0, 18, 13)",2
2299,conv2d_12,"(1, 1, 11, 15)",19
2300,conv2d_12,"(1, 1, 31, 2)",0
2301,conv2d_12,"(1, 0, 22, 23)",24
2302,conv2d_12,"(1, 1, 3, 3)",8
2303,conv2d_12,"(1, 0, 31, 27)",17
2304,conv2d_12,"(2, 1, 9, 15)",24
2305,conv2d_12,"(1, 2, 1, 18)",10
2306,conv2d_12,"(1, 0, 22, 14)",7
2307,conv2d_12,"(2, 2, 23, 22)",5
2308,conv2d_12,"(1, 2, 5, 21)",23
2309,conv2d_12,"(1, 0, 14, 13)",12
2310,conv2d_12,"(0, 0, 22, 10)",31
2311,conv2d_12,"(2, 0, 21, 1)",9
2312,conv2d_12,"(0, 2, 30, 31)",26
2313,conv2d_12,"(2, 0, 24, 0)",2
2314,conv2d_12,"(1, 2, 3, 6)",0
2315,conv2d_12,"(1, 0, 11, 5)",14
2316,conv2d_12,"(2, 1, 20, 22)",11
2317,conv2d_12,"(0, 1, 18, 0)",3
2318,conv2d_12,"(1, 0, 18, 12)",4
2319,conv2d_12,"(0, 0, 26, 0)",7
2320,conv2d_12,"(0, 0, 21, 6)",21
2321,conv2d_12,"(1, 1, 7, 30)",1
2322,conv2d_12,"(1, 1, 7, 0)",5
2323,conv2d_12,"(0, 1, 25, 5)",7
2324,conv2d_12,"(1, 1, 12, 26)",27
2325,conv2d_12,"(2, 2, 12, 17)",30
2326,conv2d_12,"(1, 2, 28, 28)",1
2327,conv2d_12,"(0, 1, 4, 3)",20
2328,conv2d_12,"(0, 0, 1, 16)",20
2329,conv2d_12,"(1, 1, 9, 3)",25
2330,conv2d_12,"(2, 0, 1, 28)",19
2331,conv2d_12,"(1, 1, 18, 24)",22
2332,conv2d_12,"(1, 2, 23, 11)",1
2333,conv2d_12,"(2, 0, 17, 25)",27
2334,conv2d_12,"(1, 1, 5, 8)",7
2335,conv2d_12,"(0, 2, 30, 12)",1
2336,conv2d_12,"(1, 1, 12, 29)",28
2337,conv2d_12,"(2, 2, 7, 20)",31
2338,conv2d_12,"(2, 2, 1, 16)",8
2339,conv2d_12,"(2, 0, 3, 25)",19
2340,conv2d_12,"(1, 0, 24, 8)",17
2341,conv2d_12,"(0, 1, 9, 7)",6
2342,conv2d_12,"(2, 2, 8, 1)",5
2343,conv2d_12,"(0, 0, 19, 8)",15
2344,conv2d_12,"(1, 2, 27, 31)",1
2345,conv2d_12,"(2, 1, 18, 23)",23
2346,conv2d_12,"(1, 1, 6, 24)",17
2347,conv2d_12,"(1, 1, 11, 18)",19
2348,conv2d_12,"(2, 0, 24, 25)",8
2349,conv2d_12,"(0, 0, 14, 15)",28
2350,conv2d_12,"(1, 0, 18, 23)",23
2351,conv2d_12,"(1, 0, 27, 11)",9
2352,conv2d_12,"(1, 2, 15, 14)",22
2353,conv2d_12,"(2, 2, 29, 24)",22
2354,conv2d_12,"(0, 1, 0, 2)",0
2355,conv2d_12,"(0, 1, 11, 7)",29
2356,conv2d_12,"(2, 1, 27, 8)",15
2357,conv2d_12,"(2, 2, 16, 4)",5
2358,conv2d_12,"(1, 2, 18, 28)",24
2359,conv2d_12,"(0, 1, 5, 22)",16
2360,conv2d_12,"(0, 0, 26, 13)",18
2361,conv2d_12,"(0, 1, 7, 0)",31
2362,conv2d_12,"(0, 2, 29, 14)",26
2363,conv2d_12,"(2, 1, 29, 17)",28
2364,conv2d_12,"(1, 2, 11, 1)",16
2365,conv2d_12,"(2, 0, 2, 17)",12
2366,conv2d_12,"(0, 1, 22, 4)",31
2367,conv2d_12,"(1, 0, 25, 22)",16
2368,conv2d_12,"(1, 2, 18, 12)",21
2369,conv2d_12,"(2, 1, 18, 11)",1
2370,conv2d_12,"(2, 2, 8, 30)",8
2371,conv2d_12,"(2, 1, 12, 3)",8
2372,conv2d_12,"(2, 0, 7, 12)",23
2373,conv2d_12,"(2, 2, 22, 21)",23
2374,conv2d_12,"(1, 1, 5, 31)",6
2375,conv2d_12,"(0, 2, 31, 5)",31
2376,conv2d_12,"(1, 0, 1, 12)",29
2377,conv2d_12,"(1, 2, 14, 19)",4
2378,conv2d_12,"(0, 2, 18, 29)",29
2379,conv2d_12,"(1, 1, 25, 2)",21
2380,conv2d_12,"(1, 2, 10, 30)",22
2381,conv2d_12,"(2, 0, 14, 24)",14
2382,conv2d_12,"(2, 0, 11, 22)",23
2383,conv2d_12,"(0, 2, 4, 25)",27
2384,conv2d_12,"(0, 1, 3, 23)",16
2385,conv2d_12,"(2, 0, 10, 27)",10
2386,conv2d_12,"(1, 1, 2, 31)",19
2387,conv2d_12,"(2, 2, 20, 2)",10
2388,conv2d_12,"(0, 2, 9, 0)",1
2389,conv2d_12,"(1, 0, 30, 17)",21
2390,conv2d_12,"(0, 2, 4, 3)",1
2391,conv2d_12,"(1, 0, 19, 1)",31
2392,conv2d_12,"(2, 2, 7, 26)",14
2393,conv2d_12,"(1, 2, 23, 9)",12
2394,conv2d_12,"(2, 1, 22, 1)",0
2395,conv2d_12,"(2, 1, 1, 10)",12
2396,conv2d_12,"(0, 2, 29, 18)",13
2397,conv2d_12,"(1, 1, 23, 1)",23
2398,conv2d_12,"(0, 0, 4, 28)",27
2399,conv2d_12,"(0, 1, 21, 29)",3
2400,conv2d_12,"(0, 1, 25, 25)",25
2401,conv2d_12,"(2, 0, 30, 20)",11
2402,conv2d_12,"(2, 2, 28, 18)",12
2403,conv2d_12,"(1, 0, 26, 10)",2
2404,conv2d_12,"(0, 0, 17, 20)",6
2405,conv2d_12,"(1, 1, 31, 11)",29
2406,conv2d_12,"(2, 1, 29, 1)",14
2407,conv2d_12,"(2, 1, 7, 28)",18
2408,conv2d_12,"(2, 0, 29, 3)",7
2409,conv2d_12,"(1, 0, 6, 3)",21
2410,conv2d_12,"(1, 0, 6, 5)",18
2411,conv2d_12,"(2, 2, 13, 18)",31
2412,conv2d_12,"(0, 1, 30, 4)",6
2413,conv2d_12,"(2, 0, 1, 22)",25
2414,conv2d_12,"(2, 2, 18, 25)",28
2415,conv2d_12,"(2, 1, 20, 16)",4
2416,conv2d_12,"(0, 0, 5, 4)",4
2417,conv2d_12,"(0, 2, 6, 4)",17
2418,conv2d_12,"(1, 1, 0, 17)",23
2419,conv2d_12,"(1, 1, 6, 16)",19
2420,conv2d_12,"(0, 2, 24, 27)",4
2421,conv2d_12,"(0, 0, 4, 16)",27
2422,conv2d_12,"(1, 0, 22, 25)",11
2423,conv2d_12,"(0, 1, 13, 25)",29
2424,conv2d_12,"(1, 2, 13, 20)",5
2425,conv2d_13,"(1, 1, 8, 43)",17
2426,conv2d_13,"(0, 2, 16, 34)",27
2427,conv2d_13,"(1, 2, 1, 1)",25
2428,conv2d_13,"(0, 1, 7, 49)",17
2429,conv2d_13,"(2, 0, 14, 7)",10
2430,conv2d_13,"(0, 2, 26, 25)",18
2431,conv2d_13,"(0, 0, 16, 22)",30
2432,conv2d_13,"(2, 2, 29, 17)",9
2433,conv2d_13,"(0, 2, 15, 43)",19
2434,conv2d_13,"(0, 0, 22, 27)",21
2435,conv2d_13,"(1, 1, 11, 6)",4
2436,conv2d_13,"(2, 2, 1, 49)",30
2437,conv2d_13,"(0, 2, 14, 44)",27
2438,conv2d_13,"(2, 2, 1, 10)",25
2439,conv2d_13,"(2, 2, 10, 19)",29
2440,conv2d_13,"(2, 1, 4, 2)",31
2441,conv2d_13,"(2, 1, 8, 9)",8
2442,conv2d_13,"(1, 2, 17, 30)",15
2443,conv2d_13,"(2, 1, 6, 18)",16
2444,conv2d_13,"(2, 2, 13, 38)",17
2445,conv2d_13,"(0, 2, 21, 7)",24
2446,conv2d_13,"(0, 1, 16, 59)",1
2447,conv2d_13,"(0, 1, 30, 35)",11
2448,conv2d_13,"(2, 0, 6, 35)",6
2449,conv2d_13,"(1, 1, 30, 49)",28
2450,conv2d_13,"(1, 2, 14, 11)",8
2451,conv2d_13,"(0, 1, 22, 36)",14
2452,conv2d_13,"(2, 2, 13, 37)",5
2453,conv2d_13,"(2, 0, 4, 7)",21
2454,conv2d_13,"(0, 1, 20, 17)",6
2455,conv2d_13,"(0, 0, 28, 1)",23
2456,conv2d_13,"(1, 1, 4, 2)",28
2457,conv2d_13,"(1, 1, 15, 53)",5
2458,conv2d_13,"(1, 0, 28, 36)",5
2459,conv2d_13,"(1, 1, 28, 33)",19
2460,conv2d_13,"(2, 2, 21, 55)",13
2461,conv2d_13,"(2, 2, 13, 33)",12
2462,conv2d_13,"(0, 1, 6, 47)",14
2463,conv2d_13,"(0, 2, 27, 29)",4
2464,conv2d_13,"(0, 1, 5, 12)",13
2465,conv2d_13,"(2, 0, 15, 21)",13
2466,conv2d_13,"(0, 2, 16, 48)",19
2467,conv2d_13,"(2, 1, 25, 16)",12
2468,conv2d_13,"(2, 0, 2, 62)",8
2469,conv2d_13,"(2, 2, 5, 63)",7
2470,conv2d_13,"(0, 2, 25, 31)",17
2471,conv2d_13,"(1, 2, 20, 60)",29
2472,conv2d_13,"(1, 2, 0, 59)",12
2473,conv2d_13,"(2, 2, 16, 0)",8
2474,conv2d_13,"(1, 1, 7, 2)",14
2475,conv2d_13,"(0, 1, 2, 28)",27
2476,conv2d_13,"(2, 2, 21, 42)",28
2477,conv2d_13,"(2, 0, 6, 34)",22
2478,conv2d_13,"(0, 2, 1, 35)",14
2479,conv2d_13,"(0, 1, 1, 48)",27
2480,conv2d_13,"(0, 0, 3, 62)",31
2481,conv2d_13,"(0, 0, 6, 21)",28
2482,conv2d_13,"(1, 0, 19, 36)",23
2483,conv2d_13,"(1, 1, 31, 46)",21
2484,conv2d_13,"(1, 0, 3, 58)",21
2485,conv2d_13,"(2, 0, 0, 61)",17
2486,conv2d_13,"(2, 2, 7, 63)",16
2487,conv2d_13,"(2, 2, 0, 49)",24
2488,conv2d_13,"(0, 1, 3, 27)",23
2489,conv2d_13,"(0, 2, 15, 12)",27
2490,conv2d_13,"(1, 2, 14, 44)",9
2491,conv2d_13,"(2, 0, 22, 1)",3
2492,conv2d_13,"(0, 1, 22, 24)",24
2493,conv2d_13,"(0, 1, 8, 15)",12
2494,conv2d_13,"(0, 1, 13, 63)",22
2495,conv2d_13,"(0, 1, 18, 62)",20
2496,conv2d_13,"(2, 0, 5, 33)",12
2497,conv2d_13,"(2, 0, 29, 50)",2
2498,conv2d_13,"(2, 0, 16, 14)",24
2499,conv2d_13,"(0, 0, 13, 41)",6
2500,conv2d_13,"(0, 2, 15, 62)",1
2501,conv2d_13,"(0, 0, 31, 48)",6
2502,conv2d_13,"(0, 0, 25, 46)",0
2503,conv2d_13,"(2, 2, 27, 9)",20
2504,conv2d_13,"(0, 0, 8, 52)",20
2505,conv2d_13,"(0, 2, 25, 36)",21
2506,conv2d_13,"(2, 1, 14, 43)",8
2507,conv2d_13,"(0, 2, 19, 29)",18
2508,conv2d_13,"(2, 1, 20, 32)",7
2509,conv2d_13,"(2, 2, 2, 15)",13
2510,conv2d_13,"(1, 1, 7, 54)",21
2511,conv2d_13,"(0, 1, 8, 31)",2
2512,conv2d_13,"(0, 1, 19, 30)",27
2513,conv2d_13,"(0, 2, 27, 21)",9
2514,conv2d_13,"(0, 2, 4, 5)",9
2515,conv2d_13,"(0, 2, 1, 16)",18
2516,conv2d_13,"(1, 1, 2, 1)",23
2517,conv2d_13,"(1, 1, 17, 53)",2
2518,conv2d_13,"(0, 0, 9, 18)",24
2519,conv2d_13,"(2, 0, 17, 40)",15
2520,conv2d_13,"(1, 1, 26, 31)",1
2521,conv2d_13,"(2, 2, 11, 44)",4
2522,conv2d_13,"(0, 2, 30, 49)",19
2523,conv2d_13,"(0, 2, 2, 21)",10
2524,conv2d_13,"(1, 0, 25, 13)",7
2525,conv2d_13,"(0, 0, 18, 28)",18
2526,conv2d_13,"(0, 1, 18, 3)",7
2527,conv2d_13,"(2, 2, 30, 8)",31
2528,conv2d_13,"(1, 0, 4, 54)",6
2529,conv2d_13,"(0, 1, 4, 1)",22
2530,conv2d_13,"(1, 1, 17, 37)",15
2531,conv2d_13,"(1, 0, 22, 63)",13
2532,conv2d_13,"(2, 2, 30, 24)",28
2533,conv2d_13,"(1, 2, 28, 58)",13
2534,conv2d_13,"(2, 1, 28, 27)",23
2535,conv2d_13,"(0, 0, 8, 40)",20
2536,conv2d_13,"(1, 0, 1, 58)",0
2537,conv2d_13,"(2, 1, 25, 39)",21
2538,conv2d_13,"(1, 0, 21, 53)",29
2539,conv2d_13,"(0, 1, 3, 9)",21
2540,conv2d_13,"(0, 1, 1, 40)",27
2541,conv2d_13,"(0, 0, 4, 62)",11
2542,conv2d_13,"(2, 1, 15, 27)",28
2543,conv2d_13,"(0, 2, 9, 35)",14
2544,conv2d_13,"(0, 1, 25, 41)",8
2545,conv2d_13,"(1, 1, 31, 59)",20
2546,conv2d_13,"(1, 2, 28, 0)",10
2547,conv2d_13,"(0, 1, 19, 57)",7
2548,conv2d_13,"(2, 1, 14, 31)",8
2549,conv2d_13,"(2, 0, 31, 20)",26
2550,conv2d_13,"(2, 0, 31, 13)",7
2551,conv2d_13,"(0, 1, 26, 56)",26
2552,conv2d_13,"(2, 2, 30, 3)",2
2553,conv2d_13,"(2, 0, 14, 48)",26
2554,conv2d_13,"(2, 0, 18, 58)",1
2555,conv2d_13,"(0, 2, 13, 35)",22
2556,conv2d_13,"(2, 0, 10, 38)",29
2557,conv2d_13,"(1, 2, 13, 5)",7
2558,conv2d_13,"(0, 2, 5, 5)",16
2559,conv2d_13,"(2, 2, 4, 3)",28
2560,conv2d_13,"(1, 0, 19, 26)",30
2561,conv2d_13,"(0, 2, 15, 41)",2
2562,conv2d_13,"(2, 2, 28, 42)",16
2563,conv2d_13,"(0, 1, 5, 41)",3
2564,conv2d_13,"(2, 1, 2, 10)",18
2565,conv2d_13,"(2, 1, 25, 14)",30
2566,conv2d_13,"(1, 1, 18, 2)",25
2567,conv2d_13,"(0, 0, 21, 43)",20
2568,conv2d_13,"(1, 1, 16, 42)",26
2569,conv2d_13,"(1, 0, 19, 33)",26
2570,conv2d_13,"(0, 0, 29, 51)",23
2571,conv2d_13,"(0, 2, 26, 27)",15
2572,conv2d_13,"(0, 0, 17, 16)",25
2573,conv2d_13,"(2, 0, 22, 47)",3
2574,conv2d_13,"(1, 2, 18, 54)",8
2575,conv2d_13,"(0, 0, 19, 41)",25
2576,conv2d_13,"(2, 1, 20, 3)",28
2577,conv2d_13,"(0, 1, 24, 30)",23
2578,conv2d_13,"(1, 1, 30, 34)",21
2579,conv2d_13,"(0, 0, 26, 50)",25
2580,conv2d_13,"(2, 2, 27, 17)",15
2581,conv2d_13,"(1, 1, 9, 63)",22
2582,conv2d_13,"(2, 0, 3, 47)",26
2583,conv2d_13,"(1, 2, 15, 16)",0
2584,conv2d_13,"(2, 2, 6, 21)",30
2585,conv2d_13,"(2, 1, 24, 53)",23
2586,conv2d_13,"(2, 2, 30, 15)",6
2587,conv2d_13,"(2, 1, 15, 8)",31
2588,conv2d_13,"(2, 1, 27, 49)",22
2589,conv2d_13,"(0, 0, 3, 61)",21
2590,conv2d_13,"(1, 2, 1, 28)",11
2591,conv2d_13,"(1, 0, 21, 60)",4
2592,conv2d_13,"(2, 1, 4, 56)",20
2593,conv2d_13,"(0, 1, 6, 41)",29
2594,conv2d_13,"(1, 1, 13, 29)",22
2595,conv2d_13,"(2, 2, 3, 21)",31
2596,conv2d_13,"(2, 0, 26, 5)",24
2597,conv2d_13,"(1, 1, 3, 2)",1
2598,conv2d_13,"(0, 0, 0, 4)",17
2599,conv2d_13,"(2, 0, 16, 49)",3
2600,conv2d_13,"(0, 2, 20, 3)",25
2601,conv2d_13,"(0, 0, 2, 19)",26
2602,conv2d_13,"(2, 2, 29, 57)",26
2603,conv2d_13,"(2, 1, 13, 6)",9
2604,conv2d_13,"(1, 1, 31, 62)",9
2605,conv2d_13,"(0, 1, 7, 8)",28
2606,conv2d_13,"(1, 2, 25, 19)",24
2607,conv2d_13,"(1, 1, 14, 23)",9
2608,conv2d_13,"(0, 1, 28, 2)",15
2609,conv2d_13,"(1, 1, 14, 30)",16
2610,conv2d_13,"(0, 0, 16, 27)",27
2611,conv2d_13,"(1, 2, 14, 10)",29
2612,conv2d_13,"(0, 0, 5, 20)",1
2613,conv2d_13,"(1, 1, 25, 29)",22
2614,conv2d_13,"(1, 0, 20, 47)",15
2615,conv2d_13,"(1, 1, 19, 22)",12
2616,conv2d_13,"(1, 1, 22, 1)",28
2617,conv2d_13,"(0, 2, 16, 25)",24
2618,conv2d_13,"(1, 0, 30, 12)",27
2619,conv2d_13,"(1, 2, 11, 35)",3
2620,conv2d_13,"(2, 1, 17, 32)",1
2621,conv2d_13,"(0, 0, 27, 31)",26
2622,conv2d_13,"(0, 2, 1, 10)",7
2623,conv2d_13,"(1, 0, 29, 40)",4
2624,conv2d_13,"(1, 0, 29, 10)",31
2625,conv2d_13,"(1, 1, 28, 50)",23
2626,conv2d_13,"(1, 0, 5, 12)",29
2627,conv2d_13,"(1, 0, 15, 8)",27
2628,conv2d_13,"(0, 1, 19, 29)",29
2629,conv2d_13,"(1, 0, 2, 16)",7
2630,conv2d_13,"(0, 2, 7, 34)",0
2631,conv2d_13,"(0, 2, 28, 13)",13
2632,conv2d_13,"(2, 1, 1, 39)",3
2633,conv2d_13,"(2, 1, 13, 29)",8
2634,conv2d_13,"(0, 0, 3, 6)",22
2635,conv2d_13,"(0, 2, 4, 39)",14
2636,conv2d_13,"(1, 2, 3, 31)",6
2637,conv2d_13,"(1, 2, 12, 42)",8
2638,conv2d_13,"(1, 1, 1, 42)",14
2639,conv2d_13,"(0, 1, 15, 54)",31
2640,conv2d_13,"(0, 0, 10, 26)",1
2641,conv2d_13,"(1, 2, 24, 45)",5
2642,conv2d_13,"(1, 1, 31, 57)",8
2643,conv2d_13,"(2, 0, 4, 53)",11
2644,conv2d_13,"(1, 2, 28, 33)",18
2645,conv2d_13,"(0, 1, 31, 2)",20
2646,conv2d_13,"(2, 1, 25, 43)",30
2647,conv2d_13,"(2, 0, 3, 39)",7
2648,conv2d_13,"(0, 2, 30, 10)",2
2649,conv2d_13,"(1, 0, 26, 47)",30
2650,conv2d_13,"(1, 2, 2, 2)",23
2651,conv2d_13,"(2, 1, 7, 21)",1
2652,conv2d_13,"(0, 2, 31, 0)",25
2653,conv2d_13,"(0, 1, 6, 13)",11
2654,conv2d_13,"(1, 0, 10, 17)",16
2655,conv2d_13,"(2, 0, 0, 54)",24
2656,conv2d_13,"(1, 1, 19, 54)",25
2657,conv2d_13,"(0, 0, 2, 16)",27
2658,conv2d_13,"(0, 0, 0, 19)",1
2659,conv2d_13,"(0, 0, 11, 51)",30
2660,conv2d_13,"(1, 2, 5, 47)",18
2661,conv2d_13,"(1, 2, 12, 47)",25
2662,conv2d_13,"(2, 2, 26, 56)",20
2663,conv2d_13,"(2, 2, 15, 57)",1
2664,conv2d_13,"(2, 0, 22, 42)",5
2665,conv2d_13,"(1, 0, 10, 32)",22
2666,conv2d_13,"(0, 2, 12, 4)",28
2667,conv2d_13,"(2, 0, 9, 55)",15
2668,conv2d_13,"(2, 1, 0, 29)",24
2669,conv2d_13,"(1, 1, 5, 36)",31
2670,conv2d_13,"(2, 0, 15, 27)",8
2671,conv2d_13,"(2, 2, 10, 53)",8
2672,conv2d_13,"(1, 0, 24, 36)",3
2673,conv2d_13,"(1, 2, 14, 7)",29
2674,conv2d_13,"(2, 0, 19, 12)",20
2675,conv2d_13,"(1, 2, 10, 52)",9
2676,conv2d_13,"(2, 2, 3, 41)",14
2677,conv2d_13,"(2, 1, 5, 17)",6
2678,conv2d_13,"(2, 0, 15, 40)",8
2679,conv2d_13,"(2, 2, 24, 6)",0
2680,conv2d_13,"(2, 2, 19, 21)",10
2681,conv2d_13,"(2, 1, 4, 5)",25
2682,conv2d_13,"(1, 0, 5, 56)",9
2683,conv2d_13,"(1, 2, 18, 35)",6
2684,conv2d_13,"(0, 1, 24, 4)",22
2685,conv2d_13,"(0, 2, 27, 6)",27
2686,conv2d_13,"(2, 0, 0, 9)",9
2687,conv2d_13,"(0, 1, 25, 0)",20
2688,conv2d_13,"(1, 1, 24, 11)",16
2689,conv2d_13,"(0, 0, 8, 41)",0
2690,conv2d_13,"(0, 2, 10, 48)",19
2691,conv2d_13,"(2, 2, 18, 50)",24
2692,conv2d_13,"(1, 0, 10, 62)",28
2693,conv2d_13,"(1, 0, 1, 56)",30
2694,conv2d_13,"(0, 1, 23, 58)",6
2695,conv2d_13,"(2, 2, 18, 0)",22
2696,conv2d_13,"(1, 0, 26, 39)",20
2697,conv2d_13,"(2, 2, 22, 48)",21
2698,conv2d_13,"(0, 1, 22, 51)",31
2699,conv2d_13,"(1, 2, 1, 16)",13
2700,conv2d_13,"(2, 1, 11, 60)",29
2701,conv2d_13,"(1, 2, 16, 56)",24
2702,conv2d_13,"(0, 1, 26, 2)",10
2703,conv2d_13,"(0, 1, 18, 12)",29
2704,conv2d_13,"(2, 0, 5, 35)",31
2705,conv2d_13,"(0, 1, 29, 2)",19
2706,conv2d_13,"(1, 1, 26, 60)",12
2707,conv2d_13,"(1, 0, 28, 50)",17
2708,conv2d_13,"(1, 2, 10, 24)",14
2709,conv2d_13,"(1, 0, 14, 12)",30
2710,conv2d_13,"(0, 1, 5, 17)",13
2711,conv2d_13,"(0, 1, 5, 59)",7
2712,conv2d_13,"(2, 0, 29, 47)",6
2713,conv2d_13,"(2, 1, 23, 37)",24
2714,conv2d_13,"(1, 2, 4, 1)",28
2715,conv2d_13,"(0, 1, 9, 59)",25
2716,conv2d_13,"(1, 2, 25, 18)",12
2717,conv2d_13,"(0, 2, 3, 9)",3
2718,conv2d_13,"(2, 1, 23, 63)",24
2719,conv2d_13,"(2, 1, 12, 41)",8
2720,conv2d_13,"(0, 2, 20, 39)",25
2721,conv2d_13,"(0, 1, 0, 49)",19
2722,conv2d_13,"(0, 2, 5, 11)",2
2723,conv2d_13,"(1, 1, 4, 61)",30
2724,conv2d_13,"(2, 1, 4, 0)",8
2725,conv2d_13,"(0, 1, 5, 53)",26
2726,conv2d_13,"(0, 0, 27, 27)",22
2727,conv2d_13,"(0, 0, 29, 17)",1
2728,conv2d_13,"(2, 1, 4, 13)",20
2729,conv2d_13,"(1, 2, 10, 15)",19
2730,conv2d_13,"(2, 1, 17, 55)",30
2731,conv2d_13,"(1, 2, 24, 12)",20
2732,conv2d_13,"(2, 2, 30, 12)",25
2733,conv2d_13,"(1, 0, 15, 28)",6
2734,conv2d_13,"(2, 2, 12, 63)",10
2735,conv2d_13,"(0, 2, 4, 2)",14
2736,conv2d_13,"(0, 2, 18, 6)",10
2737,conv2d_13,"(2, 2, 23, 63)",1
2738,conv2d_13,"(1, 1, 3, 3)",23
2739,conv2d_13,"(2, 1, 14, 35)",8
2740,conv2d_13,"(1, 0, 9, 30)",11
2741,conv2d_13,"(1, 0, 12, 47)",16
2742,conv2d_13,"(1, 1, 2, 60)",15
2743,conv2d_13,"(0, 1, 15, 31)",31
2744,conv2d_13,"(1, 1, 15, 3)",0
2745,conv2d_13,"(2, 1, 30, 62)",26
2746,conv2d_13,"(0, 1, 9, 0)",15
2747,conv2d_13,"(0, 1, 0, 21)",30
2748,conv2d_13,"(1, 2, 25, 41)",12
2749,conv2d_13,"(2, 2, 11, 17)",12
2750,conv2d_13,"(0, 0, 14, 7)",22
2751,conv2d_13,"(2, 0, 29, 42)",26
2752,conv2d_13,"(0, 0, 20, 19)",25
2753,conv2d_13,"(1, 2, 16, 9)",10
2754,conv2d_13,"(0, 2, 28, 0)",15
2755,conv2d_13,"(2, 0, 14, 45)",0
2756,conv2d_13,"(1, 2, 3, 29)",1
2757,conv2d_13,"(2, 2, 18, 9)",8
2758,conv2d_13,"(1, 2, 0, 27)",31
2759,conv2d_13,"(2, 0, 16, 60)",7
2760,conv2d_13,"(1, 0, 20, 40)",21
2761,conv2d_13,"(2, 1, 16, 45)",17
2762,conv2d_13,"(2, 1, 1, 5)",5
2763,conv2d_13,"(1, 0, 25, 22)",17
2764,conv2d_13,"(0, 0, 20, 44)",10
2765,conv2d_13,"(0, 2, 10, 12)",0
2766,conv2d_13,"(0, 1, 26, 39)",9
2767,conv2d_13,"(0, 2, 23, 40)",24
2768,conv2d_13,"(0, 1, 29, 8)",27
2769,conv2d_13,"(1, 2, 22, 24)",28
2770,conv2d_13,"(1, 0, 17, 3)",18
2771,conv2d_13,"(1, 0, 2, 43)",26
2772,conv2d_13,"(0, 1, 13, 1)",8
2773,conv2d_13,"(2, 0, 15, 2)",27
2774,conv2d_13,"(1, 1, 27, 36)",0
2775,conv2d_13,"(2, 2, 9, 17)",1
2776,conv2d_13,"(1, 2, 9, 15)",20
2777,conv2d_13,"(0, 2, 26, 21)",1
2778,conv2d_13,"(0, 0, 5, 62)",25
2779,conv2d_13,"(1, 2, 18, 56)",7
2780,conv2d_13,"(2, 0, 25, 14)",2
2781,conv2d_13,"(2, 2, 31, 62)",21
2782,conv2d_13,"(1, 2, 14, 62)",4
2783,conv2d_13,"(0, 1, 8, 50)",18
2784,conv2d_13,"(0, 0, 31, 22)",13
2785,conv2d_13,"(2, 2, 12, 62)",9
2786,conv2d_13,"(1, 2, 7, 6)",3
2787,conv2d_13,"(1, 2, 1, 5)",17
2788,conv2d_13,"(2, 2, 16, 8)",14
2789,conv2d_13,"(0, 2, 10, 16)",26
2790,conv2d_13,"(1, 0, 18, 22)",2
2791,conv2d_13,"(1, 2, 8, 15)",29
2792,conv2d_13,"(1, 1, 14, 38)",2
2793,conv2d_13,"(0, 1, 2, 25)",13
2794,conv2d_13,"(2, 0, 27, 49)",22
2795,conv2d_13,"(0, 0, 19, 36)",11
2796,conv2d_13,"(1, 0, 29, 13)",21
2797,conv2d_13,"(2, 1, 22, 15)",2
2798,conv2d_13,"(2, 2, 30, 11)",31
2799,conv2d_13,"(2, 1, 18, 12)",3
2800,conv2d_13,"(0, 1, 13, 53)",8
2801,conv2d_13,"(1, 0, 18, 35)",8
2802,conv2d_13,"(1, 0, 28, 22)",28
2803,conv2d_13,"(1, 2, 9, 24)",5
2804,conv2d_13,"(1, 0, 2, 29)",26
2805,conv2d_13,"(1, 2, 24, 29)",0
2806,conv2d_13,"(0, 0, 10, 11)",26
2807,conv2d_13,"(1, 0, 13, 23)",16
2808,conv2d_13,"(2, 1, 14, 1)",17
2809,conv2d_13,"(1, 1, 14, 16)",17
2810,conv2d_13,"(2, 1, 7, 45)",5
2811,conv2d_13,"(1, 1, 15, 11)",3
2812,conv2d_13,"(0, 2, 4, 10)",21
2813,conv2d_13,"(1, 2, 10, 28)",24
2814,conv2d_13,"(0, 1, 20, 53)",27
2815,conv2d_13,"(2, 1, 27, 48)",23
2816,conv2d_13,"(1, 1, 21, 7)",23
2817,conv2d_13,"(2, 1, 25, 55)",26
2818,conv2d_13,"(0, 1, 3, 2)",7
2819,conv2d_13,"(0, 2, 1, 60)",20
2820,conv2d_13,"(0, 2, 24, 18)",17
2821,conv2d_13,"(0, 0, 17, 41)",30
2822,conv2d_13,"(0, 2, 1, 52)",25
2823,conv2d_13,"(0, 2, 2, 42)",30
2824,conv2d_13,"(1, 2, 23, 11)",25
2825,conv2d_13,"(0, 1, 27, 5)",15
2826,conv2d_13,"(2, 2, 29, 25)",17
2827,conv2d_13,"(1, 2, 16, 27)",17
2828,conv2d_13,"(1, 2, 9, 25)",8
2829,conv2d_13,"(1, 0, 3, 11)",19
2830,conv2d_13,"(0, 1, 14, 34)",3
2831,conv2d_13,"(2, 0, 3, 29)",0
2832,conv2d_13,"(0, 2, 22, 38)",0
2833,conv2d_13,"(1, 1, 31, 38)",6
2834,conv2d_13,"(0, 2, 13, 48)",30
2835,conv2d_13,"(2, 2, 5, 48)",23
2836,conv2d_13,"(0, 1, 18, 39)",19
2837,conv2d_13,"(1, 1, 22, 9)",15
2838,conv2d_13,"(0, 1, 12, 0)",16
2839,conv2d_13,"(0, 1, 27, 48)",21
2840,conv2d_13,"(0, 2, 19, 28)",18
2841,conv2d_13,"(0, 2, 20, 55)",13
2842,conv2d_13,"(1, 2, 21, 63)",3
2843,conv2d_13,"(2, 1, 31, 54)",17
2844,conv2d_13,"(2, 2, 31, 11)",4
2845,conv2d_13,"(0, 2, 21, 63)",14
2846,conv2d_13,"(2, 0, 31, 58)",30
2847,conv2d_13,"(1, 2, 3, 21)",9
2848,conv2d_13,"(1, 2, 6, 46)",2
2849,conv2d_13,"(1, 1, 27, 24)",29
2850,conv2d_13,"(1, 1, 28, 44)",14
2851,conv2d_13,"(2, 1, 2, 3)",15
2852,conv2d_13,"(2, 0, 29, 25)",7
2853,conv2d_13,"(2, 1, 21, 35)",19
2854,conv2d_13,"(1, 0, 15, 52)",16
2855,conv2d_13,"(0, 0, 15, 6)",20
2856,conv2d_13,"(1, 2, 24, 5)",2
2857,conv2d_13,"(1, 0, 4, 59)",0
2858,conv2d_13,"(1, 1, 11, 28)",18
2859,conv2d_13,"(2, 0, 5, 6)",0
2860,conv2d_13,"(2, 2, 8, 36)",28
2861,conv2d_13,"(1, 1, 19, 24)",16
2862,conv2d_13,"(1, 1, 25, 27)",2
2863,conv2d_13,"(2, 1, 20, 8)",18
2864,conv2d_13,"(1, 2, 22, 39)",6
2865,conv2d_13,"(0, 1, 28, 27)",7
2866,conv2d_13,"(1, 2, 29, 20)",22
2867,conv2d_13,"(1, 0, 29, 34)",12
2868,conv2d_13,"(1, 0, 3, 8)",11
2869,conv2d_13,"(2, 1, 13, 26)",0
2870,conv2d_13,"(1, 0, 30, 0)",8
2871,conv2d_13,"(2, 1, 13, 12)",2
2872,conv2d_13,"(1, 0, 26, 5)",16
2873,conv2d_13,"(2, 0, 18, 56)",22
2874,conv2d_13,"(0, 1, 3, 24)",14
2875,conv2d_13,"(1, 2, 1, 43)",23
2876,conv2d_13,"(1, 2, 17, 26)",0
2877,conv2d_13,"(0, 0, 3, 4)",24
2878,conv2d_13,"(0, 2, 30, 12)",4
2879,conv2d_13,"(0, 1, 22, 40)",17
2880,conv2d_13,"(1, 2, 13, 53)",25
2881,conv2d_13,"(1, 0, 11, 11)",25
2882,conv2d_13,"(0, 0, 21, 44)",8
2883,conv2d_13,"(1, 2, 4, 30)",28
2884,conv2d_13,"(0, 2, 30, 9)",21
2885,conv2d_13,"(1, 2, 9, 54)",23
2886,conv2d_13,"(2, 0, 2, 3)",29
2887,conv2d_13,"(1, 0, 3, 17)",27
2888,conv2d_13,"(2, 0, 14, 3)",4
2889,conv2d_13,"(2, 0, 5, 4)",12
2890,conv2d_13,"(2, 1, 3, 45)",15
2891,conv2d_13,"(1, 1, 9, 17)",4
2892,conv2d_13,"(0, 2, 27, 48)",7
2893,conv2d_13,"(0, 2, 17, 1)",17
2894,conv2d_13,"(2, 1, 18, 7)",18
2895,conv2d_13,"(2, 2, 16, 56)",19
2896,conv2d_13,"(0, 0, 30, 3)",24
2897,conv2d_13,"(2, 0, 5, 45)",22
2898,conv2d_13,"(0, 2, 3, 52)",28
2899,conv2d_13,"(0, 1, 22, 8)",30
2900,conv2d_13,"(1, 1, 1, 47)",8
2901,conv2d_13,"(0, 1, 10, 34)",30
2902,conv2d_13,"(1, 1, 14, 21)",19
2903,conv2d_13,"(1, 0, 10, 12)",6
2904,conv2d_13,"(2, 2, 5, 20)",26
2905,conv2d_13,"(2, 1, 6, 40)",29
2906,conv2d_13,"(2, 0, 16, 48)",27
2907,conv2d_13,"(1, 0, 0, 43)",27
2908,conv2d_13,"(1, 1, 2, 23)",11
2909,conv2d_13,"(0, 0, 7, 45)",3
2910,conv2d_13,"(2, 1, 27, 30)",3
2911,conv2d_13,"(0, 2, 31, 18)",30
2912,conv2d_13,"(0, 2, 20, 62)",17
2913,conv2d_13,"(0, 0, 24, 34)",18
2914,conv2d_13,"(0, 1, 13, 13)",6
2915,conv2d_13,"(0, 2, 5, 50)",30
2916,conv2d_13,"(2, 2, 0, 48)",25
2917,conv2d_13,"(0, 2, 14, 18)",2
2918,conv2d_13,"(2, 2, 2, 60)",0
2919,conv2d_13,"(1, 2, 19, 47)",25
2920,conv2d_13,"(1, 0, 9, 49)",2
2921,conv2d_13,"(0, 0, 31, 3)",29
2922,conv2d_13,"(0, 0, 21, 0)",15
2923,conv2d_13,"(0, 1, 21, 24)",0
2924,conv2d_13,"(2, 0, 1, 4)",3
2925,conv2d_13,"(1, 2, 17, 20)",29
2926,conv2d_13,"(2, 0, 0, 7)",23
2927,conv2d_13,"(1, 2, 21, 24)",19
2928,conv2d_13,"(2, 0, 4, 17)",31
2929,conv2d_13,"(0, 2, 22, 58)",12
2930,conv2d_13,"(1, 2, 20, 25)",8
2931,conv2d_13,"(1, 2, 0, 44)",31
2932,conv2d_13,"(1, 1, 7, 24)",5
2933,conv2d_13,"(1, 2, 26, 53)",18
2934,conv2d_13,"(2, 0, 19, 0)",4
2935,conv2d_13,"(0, 0, 22, 58)",0
2936,conv2d_13,"(1, 0, 4, 42)",6
2937,conv2d_13,"(0, 1, 0, 1)",30
2938,conv2d_13,"(0, 1, 29, 41)",28
2939,conv2d_13,"(1, 1, 27, 9)",21
2940,conv2d_13,"(1, 2, 27, 0)",15
2941,conv2d_13,"(0, 0, 13, 25)",4
2942,conv2d_13,"(0, 2, 31, 20)",17
2943,conv2d_13,"(1, 2, 25, 24)",27
2944,conv2d_13,"(2, 0, 9, 33)",11
2945,conv2d_13,"(0, 0, 17, 13)",5
2946,conv2d_13,"(1, 2, 6, 1)",14
2947,conv2d_13,"(1, 0, 1, 46)",1
2948,conv2d_13,"(1, 2, 16, 19)",21
2949,conv2d_13,"(1, 1, 11, 32)",25
2950,conv2d_13,"(1, 2, 9, 38)",0
2951,conv2d_13,"(2, 0, 19, 57)",14
2952,conv2d_13,"(0, 2, 12, 37)",26
2953,conv2d_13,"(0, 1, 26, 36)",1
2954,conv2d_13,"(0, 0, 20, 16)",21
2955,conv2d_13,"(1, 0, 31, 57)",1
2956,conv2d_13,"(0, 0, 27, 57)",28
2957,conv2d_13,"(0, 2, 3, 4)",1
2958,conv2d_13,"(0, 2, 13, 19)",11
2959,conv2d_13,"(0, 2, 22, 53)",2
2960,conv2d_13,"(0, 2, 21, 60)",18
2961,conv2d_13,"(0, 0, 31, 21)",30
2962,conv2d_13,"(1, 1, 20, 8)",4
2963,conv2d_13,"(0, 1, 4, 5)",0
2964,conv2d_13,"(0, 0, 21, 5)",18
2965,conv2d_13,"(1, 2, 0, 11)",10
2966,conv2d_13,"(2, 1, 25, 61)",14
2967,conv2d_13,"(0, 1, 13, 25)",7
2968,conv2d_13,"(0, 0, 19, 39)",5
2969,conv2d_13,"(0, 0, 30, 43)",3
2970,conv2d_13,"(2, 2, 2, 28)",20
2971,conv2d_13,"(2, 0, 14, 32)",1
2972,conv2d_13,"(2, 1, 1, 29)",27
2973,conv2d_13,"(1, 0, 26, 11)",2
2974,conv2d_13,"(2, 2, 25, 54)",16
2975,conv2d_13,"(0, 1, 14, 62)",18
2976,conv2d_13,"(2, 2, 0, 54)",22
2977,conv2d_13,"(2, 2, 28, 25)",6
2978,conv2d_13,"(0, 2, 29, 17)",12
2979,conv2d_13,"(2, 1, 28, 19)",31
2980,conv2d_13,"(1, 0, 26, 56)",17
2981,conv2d_13,"(1, 1, 15, 45)",27
2982,conv2d_13,"(0, 1, 8, 55)",25
2983,conv2d_13,"(0, 1, 19, 26)",5
2984,conv2d_13,"(2, 0, 24, 22)",1
2985,conv2d_13,"(0, 0, 26, 36)",0
2986,conv2d_13,"(0, 1, 13, 57)",1
2987,conv2d_13,"(0, 2, 19, 42)",30
2988,conv2d_13,"(2, 1, 21, 27)",8
2989,conv2d_13,"(0, 1, 9, 51)",8
2990,conv2d_13,"(0, 2, 8, 5)",28
2991,conv2d_13,"(1, 0, 10, 52)",21
2992,conv2d_13,"(2, 0, 21, 62)",26
2993,conv2d_13,"(1, 0, 18, 28)",26
2994,conv2d_13,"(1, 1, 9, 35)",14
2995,conv2d_13,"(1, 2, 4, 58)",13
2996,conv2d_13,"(1, 1, 11, 56)",20
2997,conv2d_13,"(0, 1, 13, 19)",28
2998,conv2d_13,"(0, 0, 24, 47)",30
2999,conv2d_13,"(1, 1, 19, 10)",17
3000,conv2d_13,"(2, 1, 8, 37)",31
3001,conv2d_13,"(2, 2, 26, 59)",10
3002,conv2d_13,"(0, 1, 9, 9)",1
3003,conv2d_13,"(0, 2, 25, 56)",26
3004,conv2d_13,"(1, 2, 9, 13)",19
3005,conv2d_13,"(2, 1, 29, 26)",14
3006,conv2d_13,"(1, 0, 27, 28)",0
3007,conv2d_13,"(0, 1, 11, 50)",14
3008,conv2d_13,"(1, 0, 31, 37)",31
3009,conv2d_13,"(0, 1, 26, 33)",21
3010,conv2d_13,"(0, 0, 3, 23)",5
3011,conv2d_13,"(2, 0, 28, 37)",7
3012,conv2d_13,"(1, 2, 26, 15)",11
3013,conv2d_13,"(2, 2, 20, 24)",27
3014,conv2d_13,"(0, 0, 9, 1)",26
3015,conv2d_13,"(0, 2, 21, 41)",31
3016,conv2d_13,"(1, 2, 17, 21)",24
3017,conv2d_13,"(1, 2, 18, 20)",30
3018,conv2d_13,"(1, 1, 7, 10)",28
3019,conv2d_13,"(0, 1, 11, 17)",1
3020,conv2d_13,"(2, 2, 14, 56)",8
3021,conv2d_13,"(2, 2, 5, 18)",12
3022,conv2d_13,"(2, 2, 25, 32)",8
3023,conv2d_13,"(0, 1, 28, 31)",2
3024,conv2d_13,"(0, 0, 25, 13)",15
3025,conv2d_13,"(2, 0, 5, 13)",9
3026,conv2d_13,"(2, 0, 24, 23)",19
3027,conv2d_13,"(0, 0, 10, 41)",24
3028,conv2d_13,"(2, 0, 1, 27)",27
3029,conv2d_13,"(1, 0, 26, 50)",7
3030,conv2d_13,"(1, 0, 12, 55)",10
3031,conv2d_13,"(0, 2, 24, 42)",20
3032,conv2d_13,"(1, 1, 13, 56)",31
3033,conv2d_13,"(0, 1, 7, 52)",7
3034,conv2d_13,"(2, 0, 21, 47)",15
3035,conv2d_13,"(1, 0, 29, 5)",17
3036,conv2d_13,"(1, 2, 0, 8)",14
3037,conv2d_13,"(0, 2, 12, 25)",8
3038,conv2d_13,"(0, 2, 10, 34)",30
3039,conv2d_13,"(2, 2, 23, 22)",19
3040,conv2d_13,"(2, 0, 22, 23)",11
3041,conv2d_13,"(0, 1, 26, 61)",0
3042,conv2d_13,"(0, 2, 9, 55)",13
3043,conv2d_13,"(1, 2, 0, 57)",9
3044,conv2d_13,"(2, 0, 20, 12)",5
3045,conv2d_13,"(2, 1, 21, 6)",1
3046,conv2d_13,"(2, 1, 5, 29)",17
3047,conv2d_13,"(2, 1, 20, 13)",31
3048,conv2d_13,"(1, 1, 18, 60)",25
3049,conv2d_13,"(0, 1, 13, 27)",18
3050,conv2d_13,"(1, 1, 4, 29)",9
3051,conv2d_13,"(0, 1, 22, 11)",22
3052,conv2d_13,"(0, 2, 22, 21)",10
3053,conv2d_13,"(0, 1, 8, 41)",3
3054,conv2d_13,"(0, 2, 20, 13)",16
3055,conv2d_13,"(1, 2, 24, 31)",1
3056,conv2d_13,"(0, 1, 12, 7)",18
3057,conv2d_13,"(0, 1, 4, 42)",18
3058,conv2d_13,"(0, 0, 17, 46)",10
3059,conv2d_13,"(0, 1, 15, 32)",7
3060,conv2d_13,"(0, 2, 20, 43)",14
3061,conv2d_13,"(0, 0, 18, 12)",30
3062,conv2d_13,"(1, 2, 19, 41)",16
3063,conv2d_13,"(1, 1, 22, 62)",13
3064,conv2d_13,"(2, 0, 29, 56)",29
3065,conv2d_13,"(1, 1, 12, 11)",0
3066,conv2d_13,"(2, 1, 21, 45)",14
3067,conv2d_13,"(0, 0, 6, 14)",13
3068,conv2d_13,"(0, 2, 19, 17)",26
3069,conv2d_13,"(0, 1, 5, 50)",27
3070,conv2d_13,"(1, 1, 1, 59)",19
3071,conv2d_13,"(1, 0, 28, 11)",25
3072,conv2d_13,"(1, 2, 26, 24)",16
3073,conv2d_13,"(2, 2, 30, 0)",15
3074,conv2d_13,"(0, 1, 2, 61)",20
3075,conv2d_13,"(2, 2, 20, 32)",5
3076,conv2d_13,"(2, 1, 23, 7)",31
3077,conv2d_13,"(0, 1, 7, 60)",26
3078,conv2d_13,"(2, 1, 29, 15)",9
3079,conv2d_13,"(2, 2, 24, 58)",14
3080,conv2d_13,"(2, 2, 5, 14)",13
3081,conv2d_13,"(1, 0, 13, 62)",17
3082,conv2d_13,"(2, 1, 11, 3)",2
3083,conv2d_13,"(0, 1, 21, 45)",14
3084,conv2d_13,"(2, 1, 0, 26)",29
3085,conv2d_13,"(2, 0, 16, 63)",11
3086,conv2d_13,"(1, 1, 24, 9)",21
3087,conv2d_13,"(2, 0, 7, 20)",13
3088,conv2d_13,"(1, 2, 7, 22)",4
3089,conv2d_13,"(1, 2, 1, 35)",8
3090,conv2d_13,"(2, 0, 12, 34)",31
3091,conv2d_13,"(0, 2, 16, 14)",12
3092,conv2d_13,"(2, 1, 21, 19)",13
3093,conv2d_13,"(0, 0, 0, 29)",0
3094,conv2d_13,"(2, 0, 25, 33)",26
3095,conv2d_13,"(2, 0, 12, 33)",12
3096,conv2d_13,"(0, 2, 5, 44)",20
3097,conv2d_13,"(1, 2, 21, 6)",10
3098,conv2d_13,"(0, 1, 20, 28)",9
3099,conv2d_13,"(0, 2, 23, 29)",2
3100,conv2d_13,"(1, 0, 9, 57)",18
3101,conv2d_13,"(2, 1, 14, 9)",28
3102,conv2d_13,"(1, 2, 4, 4)",25
3103,conv2d_13,"(0, 1, 18, 45)",16
3104,conv2d_13,"(1, 0, 27, 44)",28
3105,conv2d_13,"(1, 2, 13, 25)",13
3106,conv2d_13,"(1, 1, 4, 21)",26
3107,conv2d_13,"(2, 1, 19, 28)",15
3108,conv2d_13,"(0, 2, 19, 38)",22
3109,conv2d_13,"(0, 0, 4, 37)",23
3110,conv2d_13,"(0, 0, 27, 44)",4
3111,conv2d_13,"(0, 0, 3, 57)",15
3112,conv2d_14,"(1, 0, 41, 0)",19
3113,conv2d_14,"(2, 0, 60, 18)",9
3114,conv2d_14,"(0, 1, 0, 54)",30
3115,conv2d_14,"(2, 2, 42, 57)",30
3116,conv2d_14,"(1, 1, 26, 16)",26
3117,conv2d_14,"(1, 0, 49, 23)",1
3118,conv2d_14,"(0, 2, 51, 47)",8
3119,conv2d_14,"(0, 2, 4, 0)",24
3120,conv2d_14,"(1, 0, 56, 11)",1
3121,conv2d_14,"(1, 0, 48, 50)",31
3122,conv2d_14,"(0, 2, 43, 45)",17
3123,conv2d_14,"(0, 1, 20, 37)",19
3124,conv2d_14,"(2, 2, 47, 34)",17
3125,conv2d_14,"(1, 1, 1, 6)",21
3126,conv2d_14,"(2, 2, 22, 20)",9
3127,conv2d_14,"(0, 0, 27, 17)",14
3128,conv2d_14,"(0, 1, 8, 10)",3
3129,conv2d_14,"(1, 0, 42, 42)",19
3130,conv2d_14,"(1, 0, 10, 42)",0
3131,conv2d_14,"(0, 1, 54, 31)",3
3132,conv2d_14,"(2, 1, 5, 8)",22
3133,conv2d_14,"(0, 0, 61, 8)",23
3134,conv2d_14,"(2, 2, 61, 37)",0
3135,conv2d_14,"(1, 0, 3, 31)",25
3136,conv2d_14,"(2, 1, 56, 21)",30
3137,conv2d_14,"(2, 0, 55, 15)",13
3138,conv2d_14,"(0, 0, 32, 53)",29
3139,conv2d_14,"(2, 2, 35, 21)",6
3140,conv2d_14,"(2, 2, 62, 55)",21
3141,conv2d_14,"(0, 2, 55, 14)",22
3142,conv2d_14,"(2, 1, 43, 51)",31
3143,conv2d_14,"(1, 2, 9, 15)",23
3144,conv2d_14,"(2, 0, 62, 22)",26
3145,conv2d_14,"(1, 0, 17, 14)",28
3146,conv2d_14,"(1, 1, 32, 53)",18
3147,conv2d_14,"(1, 0, 61, 5)",27
3148,conv2d_14,"(0, 1, 8, 40)",24
3149,conv2d_14,"(0, 1, 50, 52)",12
3150,conv2d_14,"(0, 0, 33, 1)",5
3151,conv2d_14,"(1, 1, 60, 15)",23
3152,conv2d_14,"(1, 0, 47, 54)",7
3153,conv2d_14,"(2, 1, 22, 45)",16
3154,conv2d_14,"(0, 1, 44, 46)",12
3155,conv2d_14,"(0, 0, 19, 26)",1
3156,conv2d_14,"(2, 1, 60, 38)",8
3157,conv2d_14,"(1, 2, 49, 46)",16
3158,conv2d_14,"(0, 1, 1, 60)",24
3159,conv2d_14,"(1, 2, 14, 43)",7
3160,conv2d_14,"(1, 1, 60, 55)",13
3161,conv2d_14,"(1, 1, 15, 25)",0
3162,conv2d_14,"(2, 1, 28, 5)",13
3163,conv2d_14,"(1, 2, 36, 51)",13
3164,conv2d_14,"(0, 2, 38, 35)",11
3165,conv2d_14,"(1, 0, 49, 7)",16
3166,conv2d_14,"(0, 2, 63, 22)",27
3167,conv2d_14,"(1, 1, 45, 36)",12
3168,conv2d_14,"(2, 1, 48, 41)",13
3169,conv2d_14,"(2, 2, 1, 15)",1
3170,conv2d_14,"(1, 0, 29, 38)",31
3171,conv2d_14,"(1, 0, 52, 35)",24
3172,conv2d_14,"(2, 2, 34, 26)",7
3173,conv2d_14,"(2, 0, 63, 30)",1
3174,conv2d_14,"(1, 1, 32, 41)",23
3175,conv2d_14,"(1, 1, 49, 18)",6
3176,conv2d_14,"(0, 0, 20, 55)",30
3177,conv2d_14,"(2, 2, 17, 53)",3
3178,conv2d_14,"(0, 0, 10, 56)",6
3179,conv2d_14,"(2, 2, 58, 18)",14
3180,conv2d_14,"(1, 1, 53, 61)",22
3181,conv2d_14,"(0, 0, 25, 43)",17
3182,conv2d_14,"(2, 2, 55, 38)",29
3183,conv2d_14,"(2, 2, 41, 52)",29
3184,conv2d_14,"(0, 0, 6, 63)",30
3185,conv2d_14,"(0, 0, 5, 3)",18
3186,conv2d_14,"(0, 0, 45, 45)",20
3187,conv2d_14,"(0, 1, 3, 40)",21
3188,conv2d_14,"(0, 2, 8, 62)",7
3189,conv2d_14,"(1, 0, 63, 28)",6
3190,conv2d_14,"(1, 1, 62, 42)",5
3191,conv2d_14,"(0, 0, 41, 6)",18
3192,conv2d_14,"(2, 2, 34, 18)",4
3193,conv2d_14,"(0, 2, 9, 19)",2
3194,conv2d_14,"(2, 1, 16, 55)",16
3195,conv2d_14,"(1, 2, 48, 55)",3
3196,conv2d_14,"(0, 2, 3, 41)",13
3197,conv2d_14,"(1, 1, 28, 18)",22
3198,conv2d_14,"(2, 2, 38, 31)",24
3199,conv2d_14,"(2, 1, 34, 10)",2
3200,conv2d_14,"(2, 0, 62, 29)",20
3201,conv2d_14,"(1, 0, 62, 23)",31
3202,conv2d_14,"(1, 2, 45, 8)",9
3203,conv2d_14,"(1, 0, 7, 43)",24
3204,conv2d_14,"(1, 0, 52, 13)",6
3205,conv2d_14,"(1, 1, 52, 36)",7
3206,conv2d_14,"(2, 0, 40, 50)",22
3207,conv2d_14,"(0, 2, 53, 41)",12
3208,conv2d_14,"(2, 2, 35, 36)",12
3209,conv2d_14,"(1, 1, 51, 30)",7
3210,conv2d_14,"(0, 1, 47, 22)",26
3211,conv2d_14,"(0, 1, 36, 55)",31
3212,conv2d_14,"(2, 1, 61, 55)",26
3213,conv2d_14,"(2, 1, 18, 32)",8
3214,conv2d_14,"(0, 2, 18, 2)",29
3215,conv2d_14,"(2, 0, 7, 46)",2
3216,conv2d_14,"(0, 0, 24, 56)",5
3217,conv2d_14,"(2, 1, 54, 25)",29
3218,conv2d_14,"(2, 0, 22, 19)",30
3219,conv2d_14,"(1, 0, 54, 41)",26
3220,conv2d_14,"(0, 2, 24, 59)",23
3221,conv2d_14,"(2, 2, 55, 41)",9
3222,conv2d_14,"(1, 2, 25, 8)",10
3223,conv2d_14,"(0, 1, 33, 44)",1
3224,conv2d_14,"(2, 0, 12, 9)",25
3225,conv2d_14,"(1, 1, 17, 63)",15
3226,conv2d_14,"(0, 2, 0, 12)",9
3227,conv2d_14,"(1, 2, 12, 3)",6
3228,conv2d_14,"(2, 0, 32, 30)",14
3229,conv2d_14,"(0, 0, 43, 29)",6
3230,conv2d_14,"(2, 1, 2, 34)",26
3231,conv2d_14,"(2, 1, 23, 52)",1
3232,conv2d_14,"(0, 0, 30, 27)",14
3233,conv2d_14,"(0, 1, 0, 63)",21
3234,conv2d_14,"(2, 0, 3, 60)",3
3235,conv2d_14,"(1, 1, 3, 3)",19
3236,conv2d_14,"(0, 2, 14, 4)",0
3237,conv2d_14,"(2, 0, 41, 62)",21
3238,conv2d_14,"(1, 0, 20, 6)",11
3239,conv2d_14,"(0, 0, 5, 10)",2
3240,conv2d_14,"(1, 0, 60, 19)",9
3241,conv2d_14,"(1, 2, 22, 6)",26
3242,conv2d_14,"(1, 2, 4, 63)",5
3243,conv2d_14,"(1, 1, 22, 25)",17
3244,conv2d_14,"(2, 2, 39, 41)",27
3245,conv2d_14,"(1, 2, 13, 5)",16
3246,conv2d_14,"(1, 2, 15, 8)",9
3247,conv2d_14,"(0, 1, 40, 10)",23
3248,conv2d_14,"(0, 1, 22, 7)",18
3249,conv2d_14,"(2, 2, 62, 6)",31
3250,conv2d_14,"(0, 0, 0, 61)",4
3251,conv2d_14,"(1, 1, 46, 30)",27
3252,conv2d_14,"(2, 2, 51, 32)",16
3253,conv2d_14,"(1, 2, 9, 26)",2
3254,conv2d_14,"(2, 0, 33, 7)",15
3255,conv2d_14,"(1, 1, 54, 39)",7
3256,conv2d_14,"(2, 0, 13, 1)",9
3257,conv2d_14,"(2, 0, 38, 6)",0
3258,conv2d_14,"(1, 1, 49, 56)",3
3259,conv2d_14,"(1, 2, 48, 40)",14
3260,conv2d_14,"(2, 2, 4, 57)",15
3261,conv2d_14,"(0, 2, 15, 56)",2
3262,conv2d_14,"(1, 2, 11, 43)",21
3263,conv2d_14,"(2, 2, 49, 44)",4
3264,conv2d_14,"(1, 0, 21, 40)",10
3265,conv2d_14,"(2, 2, 14, 1)",3
3266,conv2d_14,"(2, 1, 33, 4)",31
3267,conv2d_14,"(2, 2, 42, 51)",23
3268,conv2d_14,"(0, 0, 23, 58)",29
3269,conv2d_14,"(2, 0, 3, 41)",8
3270,conv2d_14,"(2, 2, 34, 29)",25
3271,conv2d_14,"(1, 1, 18, 63)",9
3272,conv2d_14,"(0, 2, 50, 62)",15
3273,conv2d_14,"(0, 1, 22, 57)",7
3274,conv2d_14,"(1, 2, 33, 55)",16
3275,conv2d_14,"(2, 2, 33, 28)",18
3276,conv2d_14,"(2, 0, 39, 49)",6
3277,conv2d_14,"(2, 2, 16, 23)",8
3278,conv2d_14,"(1, 1, 1, 11)",26
3279,conv2d_14,"(0, 2, 52, 53)",28
3280,conv2d_14,"(1, 0, 63, 21)",28
3281,conv2d_14,"(2, 1, 44, 43)",17
3282,conv2d_14,"(0, 2, 25, 44)",10
3283,conv2d_14,"(0, 0, 52, 38)",29
3284,conv2d_14,"(1, 1, 30, 60)",16
3285,conv2d_14,"(0, 1, 62, 45)",21
3286,conv2d_14,"(1, 1, 4, 7)",27
3287,conv2d_14,"(1, 1, 58, 42)",24
3288,conv2d_14,"(2, 2, 16, 45)",24
3289,conv2d_14,"(2, 2, 41, 48)",16
3290,conv2d_14,"(0, 2, 24, 0)",14
3291,conv2d_14,"(1, 0, 37, 15)",20
3292,conv2d_14,"(2, 1, 63, 43)",17
3293,conv2d_14,"(1, 1, 23, 3)",11
3294,conv2d_14,"(2, 0, 52, 40)",18
3295,conv2d_14,"(0, 0, 12, 10)",9
3296,conv2d_14,"(1, 2, 63, 47)",17
3297,conv2d_14,"(2, 0, 6, 26)",0
3298,conv2d_14,"(2, 1, 38, 22)",9
3299,conv2d_14,"(0, 2, 62, 32)",28
3300,conv2d_14,"(1, 1, 50, 6)",10
3301,conv2d_14,"(2, 1, 57, 63)",29
3302,conv2d_14,"(2, 2, 33, 13)",18
3303,conv2d_14,"(1, 1, 36, 16)",7
3304,conv2d_14,"(1, 2, 29, 20)",20
3305,conv2d_14,"(2, 1, 29, 52)",9
3306,conv2d_14,"(0, 1, 24, 2)",24
3307,conv2d_14,"(2, 1, 16, 17)",4
3308,conv2d_14,"(2, 2, 10, 19)",20
3309,conv2d_14,"(2, 2, 32, 19)",14
3310,conv2d_14,"(1, 0, 47, 63)",0
3311,conv2d_14,"(0, 2, 47, 54)",17
3312,conv2d_14,"(0, 1, 25, 54)",13
3313,conv2d_14,"(0, 2, 41, 22)",23
3314,conv2d_14,"(2, 2, 33, 45)",3
3315,conv2d_14,"(1, 0, 44, 21)",13
3316,conv2d_14,"(1, 0, 17, 41)",12
3317,conv2d_14,"(0, 1, 26, 54)",2
3318,conv2d_14,"(0, 2, 35, 50)",21
3319,conv2d_14,"(1, 1, 18, 28)",12
3320,conv2d_14,"(1, 2, 29, 24)",18
3321,conv2d_14,"(1, 0, 62, 59)",7
3322,conv2d_14,"(1, 1, 12, 27)",27
3323,conv2d_14,"(0, 0, 42, 61)",17
3324,conv2d_14,"(2, 1, 49, 19)",5
3325,conv2d_14,"(2, 2, 46, 16)",24
3326,conv2d_14,"(2, 1, 23, 39)",19
3327,conv2d_14,"(2, 1, 20, 22)",5
3328,conv2d_14,"(1, 0, 42, 9)",4
3329,conv2d_14,"(2, 2, 40, 62)",18
3330,conv2d_14,"(0, 2, 53, 38)",22
3331,conv2d_14,"(0, 0, 52, 25)",13
3332,conv2d_14,"(1, 1, 15, 16)",12
3333,conv2d_14,"(0, 2, 61, 52)",22
3334,conv2d_14,"(2, 0, 36, 63)",19
3335,conv2d_14,"(1, 1, 31, 59)",4
3336,conv2d_14,"(1, 0, 9, 38)",15
3337,conv2d_14,"(2, 1, 35, 63)",11
3338,conv2d_14,"(2, 1, 10, 34)",13
3339,conv2d_14,"(0, 2, 52, 23)",13
3340,conv2d_14,"(1, 2, 2, 18)",29
3341,conv2d_14,"(2, 2, 53, 11)",26
3342,conv2d_14,"(1, 1, 7, 38)",24
3343,conv2d_14,"(0, 2, 31, 51)",26
3344,conv2d_14,"(0, 0, 5, 45)",26
3345,conv2d_14,"(1, 2, 0, 41)",16
3346,conv2d_14,"(2, 2, 60, 52)",3
3347,conv2d_14,"(2, 2, 39, 57)",30
3348,conv2d_14,"(0, 1, 54, 14)",12
3349,conv2d_14,"(2, 1, 61, 25)",28
3350,conv2d_14,"(2, 1, 39, 56)",28
3351,conv2d_14,"(0, 1, 28, 44)",26
3352,conv2d_14,"(2, 0, 35, 30)",22
3353,conv2d_14,"(1, 0, 61, 26)",22
3354,conv2d_14,"(2, 0, 39, 9)",18
3355,conv2d_14,"(2, 2, 52, 17)",1
3356,conv2d_14,"(0, 2, 56, 31)",2
3357,conv2d_14,"(0, 2, 59, 10)",2
3358,conv2d_14,"(0, 0, 41, 50)",21
3359,conv2d_14,"(0, 1, 31, 8)",27
3360,conv2d_14,"(2, 1, 43, 14)",30
3361,conv2d_14,"(2, 0, 45, 22)",15
3362,conv2d_14,"(1, 1, 39, 63)",11
3363,conv2d_14,"(0, 2, 60, 63)",22
3364,conv2d_14,"(2, 0, 45, 26)",20
3365,conv2d_14,"(2, 1, 19, 7)",16
3366,conv2d_14,"(0, 1, 40, 12)",26
3367,conv2d_14,"(2, 2, 57, 21)",21
3368,conv2d_14,"(1, 0, 51, 26)",28
3369,conv2d_14,"(2, 0, 60, 54)",16
3370,conv2d_14,"(1, 1, 32, 14)",27
3371,conv2d_14,"(0, 1, 62, 54)",29
3372,conv2d_14,"(2, 1, 9, 21)",30
3373,conv2d_14,"(0, 0, 42, 31)",31
3374,conv2d_14,"(1, 0, 9, 5)",19
3375,conv2d_14,"(2, 2, 10, 17)",13
3376,conv2d_14,"(0, 0, 20, 2)",29
3377,conv2d_14,"(2, 0, 34, 41)",21
3378,conv2d_14,"(1, 2, 10, 62)",0
3379,conv2d_14,"(1, 0, 0, 40)",9
3380,conv2d_14,"(2, 0, 38, 57)",26
3381,conv2d_14,"(2, 1, 13, 31)",14
3382,conv2d_14,"(2, 1, 40, 47)",26
3383,conv2d_14,"(1, 0, 63, 41)",18
3384,conv2d_14,"(0, 0, 41, 29)",13
3385,conv2d_14,"(2, 1, 51, 15)",17
3386,conv2d_14,"(1, 0, 53, 57)",16
3387,conv2d_14,"(2, 1, 7, 48)",11
3388,conv2d_14,"(0, 0, 16, 38)",15
3389,conv2d_14,"(2, 2, 3, 61)",0
3390,conv2d_14,"(2, 2, 32, 48)",8
3391,conv2d_14,"(1, 0, 14, 57)",10
3392,conv2d_14,"(1, 1, 6, 4)",8
3393,conv2d_14,"(1, 2, 22, 46)",27
3394,conv2d_14,"(2, 0, 45, 11)",22
3395,conv2d_14,"(2, 1, 29, 44)",10
3396,conv2d_14,"(0, 2, 45, 54)",3
3397,conv2d_14,"(0, 1, 14, 2)",17
3398,conv2d_14,"(1, 0, 2, 47)",17
3399,conv2d_14,"(1, 2, 19, 0)",23
3400,conv2d_14,"(1, 1, 38, 59)",3
3401,conv2d_14,"(0, 0, 27, 15)",2
3402,conv2d_14,"(2, 2, 63, 38)",14
3403,conv2d_14,"(1, 2, 12, 62)",10
3404,conv2d_14,"(2, 1, 44, 15)",18
3405,conv2d_14,"(2, 2, 20, 13)",29
3406,conv2d_14,"(0, 2, 49, 46)",3
3407,conv2d_14,"(2, 1, 58, 18)",6
3408,conv2d_14,"(1, 0, 44, 22)",19
3409,conv2d_14,"(0, 2, 0, 59)",28
3410,conv2d_14,"(2, 2, 7, 13)",5
3411,conv2d_14,"(1, 1, 5, 56)",10
3412,conv2d_14,"(1, 0, 31, 14)",17
3413,conv2d_14,"(1, 1, 53, 47)",23
3414,conv2d_14,"(2, 0, 5, 31)",19
3415,conv2d_14,"(2, 2, 12, 29)",14
3416,conv2d_14,"(1, 2, 18, 12)",30
3417,conv2d_14,"(1, 2, 43, 17)",12
3418,conv2d_14,"(0, 0, 11, 9)",21
3419,conv2d_14,"(2, 0, 37, 4)",8
3420,conv2d_14,"(2, 1, 7, 44)",6
3421,conv2d_14,"(0, 2, 5, 21)",0
3422,conv2d_14,"(0, 0, 34, 36)",12
3423,conv2d_14,"(1, 2, 60, 11)",31
3424,conv2d_14,"(0, 0, 43, 47)",20
3425,conv2d_14,"(0, 0, 44, 43)",22
3426,conv2d_14,"(2, 2, 27, 14)",29
3427,conv2d_14,"(1, 2, 57, 28)",10
3428,conv2d_14,"(1, 0, 63, 0)",20
3429,conv2d_14,"(0, 1, 5, 8)",7
3430,conv2d_14,"(2, 2, 27, 9)",18
3431,conv2d_14,"(2, 0, 36, 35)",10
3432,conv2d_14,"(0, 0, 21, 10)",31
3433,conv2d_14,"(1, 0, 32, 12)",11
3434,conv2d_14,"(1, 1, 16, 22)",27
3435,conv2d_14,"(2, 1, 41, 11)",21
3436,conv2d_14,"(1, 2, 11, 19)",27
3437,conv2d_14,"(0, 1, 12, 34)",30
3438,conv2d_14,"(0, 1, 0, 51)",6
3439,conv2d_14,"(0, 0, 58, 44)",21
3440,conv2d_14,"(0, 0, 7, 43)",16
3441,conv2d_14,"(2, 1, 0, 28)",5
3442,conv2d_14,"(0, 0, 55, 63)",17
3443,conv2d_14,"(0, 0, 13, 35)",15
3444,conv2d_14,"(0, 0, 29, 6)",24
3445,conv2d_14,"(0, 2, 46, 16)",31
3446,conv2d_14,"(2, 2, 10, 28)",8
3447,conv2d_14,"(2, 0, 34, 47)",4
3448,conv2d_14,"(2, 1, 10, 1)",14
3449,conv2d_14,"(1, 2, 32, 41)",10
3450,conv2d_14,"(2, 2, 25, 19)",15
3451,conv2d_14,"(2, 1, 56, 32)",16
3452,conv2d_14,"(1, 1, 21, 61)",21
3453,conv2d_14,"(0, 2, 54, 30)",8
3454,conv2d_14,"(2, 2, 4, 36)",28
3455,conv2d_14,"(0, 2, 2, 2)",4
3456,conv2d_14,"(2, 0, 60, 44)",23
3457,conv2d_14,"(1, 2, 40, 50)",23
3458,conv2d_14,"(2, 1, 14, 38)",14
3459,conv2d_14,"(0, 1, 25, 20)",31
3460,conv2d_14,"(2, 1, 15, 19)",3
3461,conv2d_14,"(2, 2, 0, 56)",26
3462,conv2d_14,"(2, 2, 46, 63)",5
3463,conv2d_14,"(0, 0, 27, 27)",10
3464,conv2d_14,"(1, 0, 35, 55)",2
3465,conv2d_14,"(0, 2, 20, 38)",27
3466,conv2d_14,"(1, 2, 24, 16)",24
3467,conv2d_14,"(1, 2, 9, 23)",6
3468,conv2d_14,"(1, 0, 22, 5)",8
3469,conv2d_14,"(0, 1, 21, 22)",14
3470,conv2d_14,"(0, 0, 22, 46)",30
3471,conv2d_14,"(2, 0, 17, 1)",21
3472,conv2d_14,"(1, 2, 58, 41)",18
3473,conv2d_14,"(0, 1, 52, 26)",26
3474,conv2d_14,"(1, 1, 62, 22)",10
3475,conv2d_14,"(1, 1, 60, 41)",31
3476,conv2d_14,"(1, 0, 52, 46)",31
3477,conv2d_14,"(0, 2, 41, 50)",6
3478,conv2d_14,"(2, 1, 0, 36)",28
3479,conv2d_14,"(1, 1, 20, 6)",14
3480,conv2d_14,"(1, 1, 34, 38)",16
3481,conv2d_14,"(2, 0, 2, 10)",12
3482,conv2d_14,"(2, 2, 30, 63)",25
3483,conv2d_14,"(0, 2, 18, 12)",22
3484,conv2d_14,"(0, 2, 31, 7)",18
3485,conv2d_14,"(2, 0, 24, 2)",7
3486,conv2d_14,"(2, 2, 36, 27)",12
3487,conv2d_14,"(2, 1, 5, 60)",7
3488,conv2d_14,"(1, 2, 28, 34)",14
3489,conv2d_14,"(2, 2, 6, 63)",30
3490,conv2d_14,"(1, 0, 47, 48)",23
3491,conv2d_14,"(1, 0, 54, 26)",29
3492,conv2d_14,"(1, 1, 63, 38)",22
3493,conv2d_14,"(0, 0, 17, 12)",19
3494,conv2d_14,"(0, 2, 2, 1)",9
3495,conv2d_14,"(1, 2, 19, 30)",5
3496,conv2d_14,"(1, 2, 53, 35)",29
3497,conv2d_14,"(2, 2, 34, 31)",11
3498,conv2d_14,"(0, 2, 51, 41)",27
3499,conv2d_14,"(0, 2, 6, 22)",30
3500,conv2d_14,"(1, 2, 30, 62)",30
3501,conv2d_14,"(0, 0, 17, 38)",5
3502,conv2d_14,"(2, 1, 29, 56)",20
3503,conv2d_14,"(0, 0, 13, 18)",11
3504,conv2d_14,"(0, 0, 30, 7)",12
3505,conv2d_14,"(2, 2, 25, 11)",23
3506,conv2d_14,"(1, 1, 39, 48)",14
3507,conv2d_14,"(2, 2, 10, 7)",13
3508,conv2d_14,"(0, 0, 17, 2)",6
3509,conv2d_14,"(2, 2, 59, 63)",3
3510,conv2d_14,"(0, 1, 24, 63)",12
3511,conv2d_14,"(2, 1, 9, 17)",3
3512,conv2d_14,"(1, 2, 63, 26)",17
3513,conv2d_14,"(0, 0, 32, 57)",7
3514,conv2d_14,"(1, 2, 18, 25)",13
3515,conv2d_14,"(0, 1, 37, 63)",13
3516,conv2d_14,"(1, 0, 9, 44)",2
3517,conv2d_14,"(2, 1, 6, 52)",14
3518,conv2d_14,"(1, 1, 29, 16)",11
3519,conv2d_14,"(1, 0, 46, 18)",31
3520,conv2d_14,"(1, 2, 53, 26)",31
3521,conv2d_14,"(1, 0, 55, 52)",24
3522,conv2d_14,"(1, 2, 36, 60)",21
3523,conv2d_14,"(1, 0, 60, 55)",27
3524,conv2d_14,"(0, 2, 42, 38)",24
3525,conv2d_14,"(0, 1, 42, 57)",19
3526,conv2d_14,"(2, 0, 25, 6)",14
3527,conv2d_14,"(0, 0, 14, 50)",24
3528,conv2d_14,"(1, 2, 45, 54)",24
3529,conv2d_14,"(1, 2, 56, 59)",16
3530,conv2d_14,"(0, 0, 46, 21)",7
3531,conv2d_14,"(1, 2, 53, 29)",23
3532,conv2d_14,"(2, 0, 4, 4)",17
3533,conv2d_14,"(0, 0, 16, 40)",30
3534,conv2d_14,"(0, 0, 2, 30)",8
3535,conv2d_14,"(1, 1, 28, 62)",26
3536,conv2d_14,"(1, 2, 18, 28)",31
3537,conv2d_14,"(0, 0, 1, 18)",31
3538,conv2d_14,"(0, 2, 29, 52)",4
3539,conv2d_14,"(0, 0, 27, 23)",7
3540,conv2d_14,"(2, 1, 29, 45)",13
3541,conv2d_14,"(2, 1, 15, 18)",0
3542,conv2d_14,"(1, 1, 22, 8)",10
3543,conv2d_14,"(2, 0, 51, 42)",21
3544,conv2d_14,"(2, 1, 25, 20)",8
3545,conv2d_14,"(1, 0, 32, 63)",29
3546,conv2d_14,"(2, 2, 14, 46)",24
3547,conv2d_14,"(1, 0, 58, 59)",9
3548,conv2d_14,"(2, 1, 7, 19)",0
3549,conv2d_14,"(1, 2, 58, 26)",30
3550,conv2d_14,"(0, 1, 60, 53)",29
3551,conv2d_14,"(1, 2, 36, 30)",19
3552,conv2d_14,"(0, 2, 33, 34)",18
3553,conv2d_14,"(2, 0, 10, 9)",23
3554,conv2d_14,"(0, 0, 4, 7)",26
3555,conv2d_14,"(0, 2, 12, 63)",3
3556,conv2d_14,"(2, 1, 51, 62)",30
3557,conv2d_14,"(1, 1, 54, 8)",7
3558,conv2d_14,"(0, 0, 60, 42)",21
3559,conv2d_14,"(2, 1, 56, 42)",5
3560,conv2d_14,"(1, 1, 43, 44)",24
3561,conv2d_14,"(2, 1, 45, 63)",4
3562,conv2d_14,"(2, 1, 55, 10)",26
3563,conv2d_14,"(0, 1, 31, 40)",21
3564,conv2d_14,"(1, 0, 50, 49)",5
3565,conv2d_14,"(2, 2, 41, 4)",2
3566,conv2d_14,"(1, 1, 25, 41)",26
3567,conv2d_14,"(0, 0, 56, 45)",23
3568,conv2d_14,"(0, 1, 33, 46)",14
3569,conv2d_14,"(1, 2, 31, 42)",6
3570,conv2d_14,"(0, 1, 53, 9)",15
3571,conv2d_14,"(1, 0, 3, 41)",4
3572,conv2d_14,"(2, 1, 43, 5)",16
3573,conv2d_14,"(0, 1, 18, 14)",2
3574,conv2d_14,"(1, 0, 38, 20)",23
3575,conv2d_14,"(0, 0, 23, 2)",30
3576,conv2d_14,"(1, 0, 57, 8)",24
3577,conv2d_14,"(2, 0, 62, 26)",2
3578,conv2d_14,"(1, 2, 13, 63)",11
3579,conv2d_14,"(0, 1, 22, 62)",26
3580,conv2d_14,"(0, 1, 21, 47)",15
3581,conv2d_14,"(0, 1, 4, 20)",11
3582,conv2d_14,"(2, 0, 29, 8)",6
3583,conv2d_14,"(1, 0, 21, 34)",26
3584,conv2d_14,"(1, 2, 42, 16)",2
3585,conv2d_14,"(2, 0, 24, 44)",17
3586,conv2d_14,"(1, 1, 29, 50)",18
3587,conv2d_14,"(0, 0, 37, 14)",23
3588,conv2d_14,"(1, 2, 0, 11)",29
3589,conv2d_14,"(1, 1, 7, 48)",2
3590,conv2d_14,"(0, 1, 55, 62)",11
3591,conv2d_14,"(0, 0, 11, 29)",0
3592,conv2d_14,"(0, 2, 62, 46)",25
3593,conv2d_14,"(0, 2, 62, 30)",6
3594,conv2d_14,"(0, 0, 36, 45)",5
3595,conv2d_14,"(2, 0, 4, 32)",12
3596,conv2d_14,"(2, 0, 31, 51)",8
3597,conv2d_14,"(2, 0, 12, 33)",4
3598,conv2d_14,"(2, 2, 7, 19)",28
3599,conv2d_14,"(0, 1, 56, 24)",6
3600,conv2d_14,"(2, 0, 36, 42)",22
3601,conv2d_14,"(1, 1, 60, 56)",4
3602,conv2d_14,"(2, 2, 62, 53)",8
3603,conv2d_14,"(2, 1, 19, 37)",14
3604,conv2d_14,"(1, 2, 17, 7)",3
3605,conv2d_14,"(0, 2, 39, 20)",15
3606,conv2d_14,"(1, 2, 60, 0)",7
3607,conv2d_14,"(2, 2, 47, 19)",26
3608,conv2d_14,"(2, 2, 24, 52)",15
3609,conv2d_14,"(2, 1, 55, 37)",21
3610,conv2d_14,"(2, 0, 19, 30)",24
3611,conv2d_14,"(2, 0, 52, 38)",28
3612,conv2d_14,"(0, 0, 14, 37)",17
3613,conv2d_14,"(2, 1, 26, 2)",18
3614,conv2d_14,"(0, 0, 51, 7)",27
3615,conv2d_14,"(2, 1, 40, 38)",1
3616,conv2d_14,"(2, 2, 3, 31)",10
3617,conv2d_14,"(1, 1, 6, 46)",29
3618,conv2d_14,"(2, 0, 43, 16)",16
3619,conv2d_14,"(2, 0, 33, 23)",26
3620,conv2d_14,"(2, 0, 39, 4)",3
3621,conv2d_14,"(1, 0, 36, 60)",12
3622,conv2d_14,"(1, 2, 43, 15)",19
3623,conv2d_14,"(0, 0, 47, 30)",19
3624,conv2d_14,"(1, 0, 54, 48)",2
3625,conv2d_14,"(1, 1, 41, 13)",18
3626,conv2d_14,"(0, 2, 36, 58)",1
3627,conv2d_14,"(2, 0, 22, 34)",24
3628,conv2d_14,"(1, 0, 1, 10)",4
3629,conv2d_14,"(0, 2, 38, 6)",24
3630,conv2d_14,"(0, 0, 32, 8)",31
3631,conv2d_14,"(2, 1, 6, 25)",14
3632,conv2d_14,"(2, 2, 21, 28)",7
3633,conv2d_14,"(0, 0, 6, 38)",21
3634,conv2d_14,"(0, 2, 48, 17)",27
3635,conv2d_14,"(0, 0, 13, 6)",14
3636,conv2d_14,"(0, 0, 61, 21)",11
3637,conv2d_14,"(0, 2, 47, 35)",9
3638,conv2d_14,"(0, 0, 4, 29)",1
3639,conv2d_14,"(2, 1, 10, 59)",24
3640,conv2d_14,"(2, 2, 36, 11)",23
3641,conv2d_14,"(0, 2, 40, 29)",23
3642,conv2d_14,"(0, 2, 20, 58)",14
3643,conv2d_14,"(1, 2, 10, 36)",5
3644,conv2d_14,"(1, 2, 51, 4)",17
3645,conv2d_14,"(2, 2, 23, 1)",18
3646,conv2d_14,"(2, 0, 30, 58)",15
3647,conv2d_14,"(1, 2, 5, 20)",22
3648,conv2d_14,"(1, 0, 29, 62)",31
3649,conv2d_14,"(1, 0, 8, 18)",7
3650,conv2d_14,"(1, 2, 62, 60)",25
3651,conv2d_14,"(1, 0, 0, 27)",7
3652,conv2d_14,"(1, 1, 53, 56)",29
3653,conv2d_14,"(0, 0, 63, 17)",12
3654,conv2d_14,"(0, 0, 37, 3)",12
3655,conv2d_14,"(1, 0, 2, 57)",23
3656,conv2d_14,"(1, 2, 27, 60)",13
3657,conv2d_14,"(2, 0, 16, 62)",3
3658,conv2d_14,"(2, 2, 13, 57)",8
3659,conv2d_14,"(2, 0, 45, 15)",28
3660,conv2d_14,"(2, 2, 63, 24)",28
3661,conv2d_14,"(0, 0, 56, 57)",27
3662,conv2d_14,"(0, 1, 43, 32)",10
3663,conv2d_14,"(0, 2, 47, 6)",1
3664,conv2d_14,"(1, 0, 18, 39)",17
3665,conv2d_14,"(1, 2, 5, 21)",0
3666,conv2d_14,"(1, 2, 50, 50)",19
3667,conv2d_14,"(0, 2, 32, 48)",19
3668,conv2d_14,"(0, 1, 14, 5)",17
3669,conv2d_14,"(0, 1, 9, 4)",9
3670,conv2d_14,"(0, 2, 27, 59)",11
3671,conv2d_14,"(0, 0, 22, 63)",10
3672,conv2d_14,"(1, 1, 17, 43)",12
3673,conv2d_14,"(2, 1, 6, 30)",27
3674,conv2d_14,"(0, 0, 3, 52)",7
3675,conv2d_14,"(1, 0, 56, 51)",9
3676,conv2d_14,"(0, 2, 15, 63)",28
3677,conv2d_14,"(2, 2, 0, 15)",17
3678,conv2d_14,"(0, 1, 29, 0)",31
3679,conv2d_14,"(2, 1, 9, 46)",23
3680,conv2d_14,"(2, 1, 39, 55)",5
3681,conv2d_14,"(0, 1, 31, 57)",28
3682,conv2d_14,"(2, 1, 12, 42)",31
3683,conv2d_14,"(2, 0, 35, 27)",21
3684,conv2d_14,"(0, 2, 40, 6)",18
3685,conv2d_14,"(2, 2, 3, 33)",22
3686,conv2d_14,"(1, 2, 51, 9)",4
3687,conv2d_14,"(1, 1, 33, 36)",18
3688,conv2d_14,"(1, 2, 44, 22)",7
3689,conv2d_14,"(0, 2, 26, 41)",21
3690,conv2d_14,"(0, 1, 10, 25)",20
3691,conv2d_14,"(2, 0, 44, 39)",24
3692,conv2d_14,"(0, 1, 31, 26)",8
3693,conv2d_14,"(0, 1, 52, 23)",26
3694,conv2d_14,"(2, 2, 36, 61)",11
3695,conv2d_14,"(1, 1, 2, 51)",18
3696,conv2d_14,"(1, 2, 31, 8)",5
3697,conv2d_14,"(1, 0, 55, 33)",1
3698,conv2d_14,"(0, 0, 54, 56)",12
3699,conv2d_14,"(2, 0, 61, 46)",5
3700,conv2d_14,"(2, 0, 33, 20)",7
3701,conv2d_14,"(2, 1, 29, 5)",4
3702,conv2d_14,"(2, 1, 2, 0)",21
3703,conv2d_14,"(0, 2, 46, 50)",8
3704,conv2d_14,"(0, 2, 19, 59)",1
3705,conv2d_14,"(2, 0, 26, 63)",18
3706,conv2d_14,"(1, 2, 51, 40)",17
3707,conv2d_14,"(2, 0, 59, 48)",2
3708,conv2d_14,"(2, 2, 16, 4)",26
3709,conv2d_14,"(2, 2, 36, 19)",22
3710,conv2d_14,"(1, 0, 12, 62)",25
3711,conv2d_14,"(2, 2, 3, 15)",28
3712,conv2d_14,"(2, 2, 25, 21)",8
3713,conv2d_14,"(1, 0, 41, 53)",18
3714,conv2d_14,"(2, 1, 49, 16)",29
3715,conv2d_14,"(1, 1, 29, 58)",26
3716,conv2d_14,"(2, 2, 26, 20)",31
3717,conv2d_14,"(2, 0, 31, 2)",15
3718,conv2d_14,"(2, 0, 6, 30)",20
3719,conv2d_14,"(0, 0, 32, 17)",29
3720,conv2d_14,"(0, 0, 20, 60)",10
3721,conv2d_14,"(1, 1, 59, 61)",29
3722,conv2d_14,"(1, 1, 58, 5)",15
3723,conv2d_14,"(2, 2, 9, 8)",22
3724,conv2d_14,"(1, 1, 7, 7)",2
3725,conv2d_14,"(1, 0, 32, 38)",20
3726,conv2d_14,"(1, 1, 21, 6)",7
3727,conv2d_14,"(0, 2, 26, 50)",21
3728,conv2d_14,"(2, 2, 15, 58)",10
3729,conv2d_14,"(1, 0, 12, 63)",28
3730,conv2d_14,"(1, 2, 26, 11)",26
3731,conv2d_14,"(1, 2, 57, 21)",12
3732,conv2d_14,"(0, 0, 32, 59)",17
3733,conv2d_14,"(2, 2, 50, 37)",9
3734,conv2d_14,"(0, 1, 11, 45)",17
3735,conv2d_14,"(2, 0, 52, 30)",9
3736,conv2d_14,"(2, 2, 37, 3)",2
3737,conv2d_14,"(1, 0, 25, 56)",9
3738,conv2d_14,"(0, 0, 34, 37)",26
3739,conv2d_14,"(2, 1, 48, 22)",18
3740,conv2d_14,"(2, 0, 20, 35)",12
3741,conv2d_14,"(2, 1, 46, 12)",19
3742,conv2d_14,"(1, 0, 38, 54)",7
3743,conv2d_14,"(0, 0, 32, 46)",26
3744,conv2d_14,"(2, 2, 26, 53)",20
3745,conv2d_14,"(1, 0, 40, 22)",3
3746,conv2d_14,"(2, 1, 18, 41)",19
3747,conv2d_14,"(1, 2, 47, 24)",8
3748,conv2d_14,"(0, 2, 20, 47)",21
3749,conv2d_14,"(2, 0, 62, 35)",26
3750,conv2d_14,"(0, 1, 23, 11)",4
3751,conv2d_14,"(2, 2, 8, 30)",17
3752,conv2d_14,"(0, 0, 34, 38)",1
3753,conv2d_14,"(1, 2, 18, 9)",18
3754,conv2d_14,"(1, 2, 13, 13)",13
3755,conv2d_14,"(2, 0, 33, 19)",0
3756,conv2d_14,"(2, 2, 58, 21)",26
3757,conv2d_14,"(2, 1, 45, 42)",25
3758,conv2d_14,"(0, 2, 9, 18)",17
3759,conv2d_14,"(2, 2, 35, 13)",14
3760,conv2d_14,"(0, 0, 15, 38)",14
3761,conv2d_14,"(2, 1, 56, 1)",14
3762,conv2d_14,"(0, 1, 45, 28)",3
3763,conv2d_14,"(2, 2, 55, 16)",25
3764,conv2d_14,"(0, 0, 17, 49)",12
3765,conv2d_14,"(0, 1, 62, 63)",19
3766,conv2d_14,"(2, 2, 33, 31)",19
3767,conv2d_14,"(1, 1, 42, 8)",18
3768,conv2d_14,"(2, 0, 55, 60)",20
3769,conv2d_14,"(2, 1, 51, 33)",9
3770,conv2d_14,"(0, 0, 49, 25)",6
3771,conv2d_14,"(2, 1, 59, 53)",18
3772,conv2d_14,"(1, 1, 44, 33)",30
3773,conv2d_14,"(0, 0, 19, 29)",12
3774,conv2d_14,"(1, 2, 53, 57)",11
3775,conv2d_14,"(1, 2, 1, 27)",28
3776,conv2d_14,"(1, 2, 46, 45)",30
3777,conv2d_14,"(2, 1, 21, 35)",6
3778,conv2d_14,"(0, 1, 31, 12)",12
3779,conv2d_14,"(0, 2, 52, 27)",28
3780,conv2d_14,"(0, 1, 39, 8)",16
3781,conv2d_14,"(0, 1, 9, 27)",15
3782,conv2d_14,"(1, 2, 49, 35)",31
3783,conv2d_14,"(0, 0, 49, 17)",12
3784,conv2d_14,"(1, 0, 48, 63)",1
3785,conv2d_14,"(0, 0, 7, 28)",4
3786,conv2d_14,"(1, 1, 38, 46)",23
3787,conv2d_14,"(1, 0, 20, 5)",23
3788,conv2d_14,"(1, 0, 6, 43)",14
3789,conv2d_14,"(0, 2, 43, 59)",5
3790,conv2d_14,"(0, 0, 36, 41)",6
3791,conv2d_14,"(2, 1, 11, 35)",9
3792,conv2d_14,"(0, 2, 59, 63)",5
3793,conv2d_14,"(2, 1, 8, 0)",27
3794,conv2d_14,"(0, 0, 37, 22)",9
3795,conv2d_14,"(0, 1, 40, 46)",10
3796,conv2d_14,"(2, 0, 23, 63)",19
3797,conv2d_14,"(1, 0, 54, 35)",1
3798,conv2d_14,"(1, 0, 35, 26)",24
3799,conv2d_14,"(1, 1, 17, 16)",23
3800,conv2d_14,"(0, 2, 8, 29)",14
3801,conv2d_14,"(0, 2, 54, 46)",3
3802,conv2d_14,"(0, 2, 52, 3)",26
3803,conv2d_14,"(0, 0, 39, 59)",16
3804,conv2d_14,"(2, 1, 47, 54)",29
3805,conv2d_14,"(2, 0, 57, 13)",10
3806,conv2d_14,"(1, 2, 49, 18)",10
3807,conv2d_14,"(0, 0, 18, 29)",9
3808,conv2d_14,"(1, 0, 44, 43)",5
3809,conv2d_14,"(0, 0, 26, 3)",5
3810,conv2d_14,"(1, 1, 54, 28)",7
3811,conv2d_14,"(2, 0, 63, 32)",23
3812,conv2d_14,"(1, 1, 34, 43)",23
3813,conv2d_14,"(0, 2, 29, 53)",14
3814,conv2d_14,"(0, 2, 2, 31)",9
3815,conv2d_14,"(1, 0, 46, 22)",31
3816,conv2d_14,"(1, 2, 46, 15)",16
3817,conv2d_14,"(0, 0, 1, 8)",6
3818,conv2d_14,"(1, 0, 50, 21)",0
3819,conv2d_14,"(2, 0, 16, 0)",2
3820,conv2d_14,"(1, 2, 0, 33)",7
3821,conv2d_14,"(1, 1, 12, 63)",17
3822,conv2d_14,"(1, 0, 46, 40)",11
3823,conv2d_14,"(0, 0, 16, 31)",17
3824,conv2d_14,"(1, 0, 59, 63)",28
3825,conv2d_14,"(1, 1, 16, 54)",13
3826,conv2d_14,"(0, 1, 62, 42)",0
3827,conv2d_14,"(1, 1, 47, 47)",7
3828,conv2d_14,"(2, 1, 62, 14)",12
3829,conv2d_14,"(0, 2, 32, 59)",30
3830,conv2d_14,"(0, 1, 35, 2)",18
3831,conv2d_14,"(0, 0, 45, 1)",7
3832,conv2d_14,"(2, 1, 9, 50)",17
3833,conv2d_14,"(0, 0, 29, 19)",11
3834,conv2d_14,"(0, 2, 31, 55)",13
3835,conv2d_14,"(1, 2, 54, 2)",14
3836,conv2d_14,"(1, 2, 24, 20)",16
3837,conv2d_14,"(1, 2, 60, 28)",13
3838,conv2d_14,"(2, 1, 16, 29)",6
3839,conv2d_14,"(1, 2, 41, 20)",20
3840,conv2d_14,"(2, 2, 41, 23)",31
3841,conv2d_14,"(0, 2, 28, 29)",24
3842,conv2d_14,"(0, 0, 29, 18)",11
3843,conv2d_14,"(0, 0, 5, 15)",28
3844,conv2d_14,"(1, 0, 38, 41)",11
3845,conv2d_14,"(2, 1, 50, 58)",7
3846,conv2d_14,"(2, 2, 15, 34)",7
3847,conv2d_14,"(0, 2, 31, 63)",12
3848,conv2d_14,"(0, 0, 12, 30)",3
3849,conv2d_14,"(1, 2, 5, 19)",21
3850,conv2d_14,"(2, 0, 53, 63)",6
3851,conv2d_14,"(1, 2, 60, 58)",3
3852,conv2d_14,"(0, 1, 38, 27)",0
3853,conv2d_14,"(2, 2, 54, 54)",18
3854,conv2d_14,"(0, 1, 62, 23)",27
3855,conv2d_14,"(0, 0, 32, 9)",30
3856,conv2d_14,"(0, 2, 28, 44)",23
3857,conv2d_14,"(1, 0, 10, 33)",16
3858,conv2d_14,"(2, 1, 48, 44)",26
3859,conv2d_14,"(1, 1, 29, 17)",18
3860,conv2d_14,"(0, 0, 40, 31)",13
3861,conv2d_14,"(2, 1, 10, 56)",20
3862,conv2d_14,"(2, 2, 42, 58)",10
3863,conv2d_14,"(2, 2, 28, 35)",5
3864,conv2d_14,"(0, 2, 61, 10)",10
3865,conv2d_14,"(0, 1, 51, 59)",26
3866,conv2d_14,"(1, 2, 29, 36)",26
3867,conv2d_14,"(2, 1, 30, 16)",28
3868,conv2d_14,"(1, 1, 45, 19)",8
3869,conv2d_14,"(0, 1, 33, 9)",27
3870,conv2d_14,"(1, 0, 11, 46)",8
3871,conv2d_14,"(1, 2, 32, 44)",26
3872,conv2d_14,"(1, 2, 35, 27)",17
3873,conv2d_14,"(1, 2, 16, 9)",27
3874,conv2d_14,"(0, 0, 55, 34)",10
3875,conv2d_14,"(1, 2, 29, 62)",11
3876,conv2d_14,"(1, 1, 18, 31)",12
3877,conv2d_14,"(2, 1, 49, 1)",18
3878,conv2d_14,"(0, 2, 20, 22)",14
3879,conv2d_14,"(2, 2, 21, 3)",14
3880,conv2d_14,"(2, 0, 14, 56)",5
3881,conv2d_14,"(2, 2, 38, 4)",26
3882,conv2d_14,"(2, 2, 17, 41)",1
3883,conv2d_14,"(0, 1, 56, 46)",4
3884,conv2d_14,"(1, 0, 21, 10)",19
3885,conv2d_14,"(0, 0, 36, 23)",19
3886,conv2d_14,"(0, 0, 12, 27)",15
3887,conv2d_14,"(0, 1, 3, 51)",13
3888,conv2d_14,"(0, 2, 16, 23)",28
3889,conv2d_14,"(2, 1, 17, 7)",4
3890,conv2d_14,"(2, 0, 47, 29)",20
3891,conv2d_14,"(0, 2, 33, 25)",19
3892,conv2d_14,"(2, 1, 29, 14)",9
3893,conv2d_14,"(1, 2, 38, 36)",23
3894,conv2d_14,"(0, 0, 63, 63)",0
3895,conv2d_14,"(0, 2, 36, 41)",31
3896,conv2d_14,"(2, 0, 49, 33)",15
3897,conv2d_14,"(2, 1, 49, 36)",12
3898,conv2d_14,"(2, 1, 32, 19)",8
3899,conv2d_14,"(1, 1, 0, 36)",15
3900,conv2d_14,"(0, 1, 4, 29)",13
3901,conv2d_14,"(2, 0, 10, 45)",23
3902,conv2d_14,"(0, 2, 34, 34)",19
3903,conv2d_14,"(2, 2, 32, 31)",22
3904,conv2d_14,"(2, 2, 44, 39)",24
3905,conv2d_14,"(0, 0, 31, 24)",11
3906,conv2d_14,"(2, 0, 21, 36)",15
3907,conv2d_14,"(1, 0, 48, 6)",8
3908,conv2d_14,"(1, 2, 47, 48)",12
3909,conv2d_14,"(1, 1, 41, 39)",1
3910,conv2d_14,"(0, 2, 26, 42)",0
3911,conv2d_14,"(0, 2, 23, 37)",4
3912,conv2d_14,"(1, 1, 5, 39)",22
3913,conv2d_14,"(1, 0, 30, 24)",13
3914,conv2d_14,"(2, 2, 11, 1)",28
3915,conv2d_14,"(0, 1, 16, 5)",16
3916,conv2d_14,"(2, 1, 62, 46)",18
3917,conv2d_14,"(1, 0, 25, 25)",12
3918,conv2d_14,"(2, 1, 47, 47)",26
3919,conv2d_14,"(1, 1, 33, 62)",30
3920,conv2d_14,"(0, 0, 21, 37)",20
3921,conv2d_14,"(2, 2, 52, 6)",14
3922,conv2d_14,"(2, 1, 54, 5)",12
3923,conv2d_14,"(2, 1, 59, 23)",5
3924,conv2d_14,"(2, 1, 27, 39)",8
3925,conv2d_14,"(0, 0, 44, 17)",20
3926,conv2d_14,"(1, 0, 51, 12)",1
3927,conv2d_14,"(1, 1, 10, 36)",13
3928,conv2d_14,"(0, 2, 40, 12)",20
3929,conv2d_14,"(0, 2, 45, 26)",6
3930,conv2d_14,"(1, 0, 24, 50)",27
3931,conv2d_14,"(2, 0, 33, 14)",29
3932,conv2d_14,"(1, 2, 45, 15)",1
3933,conv2d_14,"(0, 0, 49, 1)",14
3934,conv2d_14,"(1, 2, 27, 18)",23
3935,conv2d_14,"(0, 0, 46, 2)",16
3936,conv2d_14,"(1, 2, 12, 56)",0
3937,conv2d_14,"(0, 1, 49, 26)",14
3938,conv2d_14,"(2, 0, 60, 55)",23
3939,conv2d_14,"(1, 1, 47, 29)",12
3940,conv2d_14,"(1, 2, 22, 29)",21
3941,conv2d_14,"(1, 1, 1, 63)",0
3942,conv2d_14,"(1, 1, 55, 6)",5
3943,conv2d_14,"(0, 1, 60, 9)",2
3944,conv2d_14,"(2, 0, 0, 55)",23
3945,conv2d_14,"(1, 2, 62, 43)",15
3946,conv2d_14,"(2, 2, 39, 30)",6
3947,conv2d_14,"(1, 0, 27, 9)",31
3948,conv2d_14,"(1, 2, 46, 9)",7
3949,conv2d_14,"(2, 2, 32, 0)",25
3950,conv2d_14,"(0, 2, 56, 63)",14
3951,conv2d_14,"(2, 1, 48, 17)",13
3952,conv2d_14,"(0, 1, 15, 63)",7
3953,conv2d_14,"(2, 0, 62, 36)",24
3954,conv2d_14,"(2, 2, 49, 25)",2
3955,conv2d_14,"(0, 1, 60, 56)",15
3956,conv2d_14,"(0, 0, 58, 12)",18
3957,conv2d_14,"(2, 0, 18, 52)",16
3958,conv2d_14,"(0, 1, 25, 28)",31
3959,conv2d_14,"(0, 1, 12, 63)",21
3960,conv2d_14,"(2, 1, 42, 11)",16
3961,conv2d_14,"(1, 1, 30, 8)",16
3962,conv2d_14,"(1, 0, 45, 55)",5
3963,conv2d_14,"(2, 2, 53, 34)",26
3964,conv2d_14,"(1, 1, 53, 11)",21
3965,conv2d_14,"(0, 0, 36, 15)",0
3966,conv2d_14,"(1, 1, 29, 63)",20
3967,conv2d_14,"(1, 1, 25, 60)",5
3968,conv2d_14,"(2, 2, 36, 60)",31
3969,conv2d_14,"(1, 2, 26, 46)",17
3970,conv2d_14,"(1, 0, 20, 32)",16
3971,conv2d_14,"(2, 1, 20, 14)",22
3972,conv2d_14,"(2, 0, 20, 61)",6
3973,conv2d_14,"(2, 2, 25, 54)",20
3974,conv2d_14,"(0, 1, 51, 31)",26
3975,conv2d_14,"(0, 1, 39, 5)",29
3976,conv2d_14,"(1, 1, 34, 33)",21
3977,conv2d_14,"(2, 2, 48, 49)",8
3978,conv2d_14,"(2, 1, 40, 31)",4
3979,conv2d_14,"(0, 0, 49, 22)",16
3980,conv2d_14,"(2, 1, 21, 9)",8
3981,conv2d_14,"(0, 2, 35, 16)",5
3982,conv2d_14,"(1, 2, 11, 24)",25
3983,conv2d_14,"(2, 1, 13, 29)",16
3984,conv2d_14,"(2, 0, 62, 5)",19
3985,conv2d_14,"(2, 2, 62, 46)",11
3986,conv2d_14,"(1, 1, 14, 62)",1
3987,conv2d_14,"(2, 0, 0, 59)",25
3988,conv2d_14,"(2, 1, 20, 55)",26
3989,conv2d_14,"(1, 1, 33, 57)",23
3990,conv2d_14,"(1, 1, 14, 57)",8
3991,conv2d_14,"(2, 0, 43, 5)",31
3992,conv2d_14,"(2, 2, 11, 57)",20
3993,conv2d_14,"(0, 0, 25, 54)",20
3994,conv2d_14,"(0, 2, 56, 52)",4
3995,conv2d_14,"(2, 0, 23, 9)",12
3996,conv2d_14,"(0, 1, 42, 12)",9
3997,conv2d_14,"(0, 1, 17, 42)",12
3998,conv2d_14,"(0, 0, 58, 40)",4
3999,conv2d_14,"(0, 0, 12, 36)",6
4000,conv2d_14,"(0, 2, 62, 25)",0
4001,conv2d_14,"(1, 1, 56, 29)",9
4002,conv2d_14,"(2, 2, 13, 21)",23
4003,conv2d_14,"(1, 2, 39, 57)",21
4004,conv2d_14,"(1, 0, 20, 15)",27
4005,conv2d_14,"(0, 1, 47, 15)",6
4006,conv2d_14,"(0, 0, 16, 26)",26
4007,conv2d_14,"(1, 0, 46, 57)",26
4008,conv2d_14,"(0, 1, 5, 39)",9
4009,conv2d_14,"(2, 0, 20, 14)",23
4010,conv2d_14,"(0, 2, 44, 58)",24
4011,conv2d_14,"(1, 2, 51, 2)",18
4012,conv2d_14,"(1, 1, 53, 39)",23
4013,conv2d_14,"(0, 2, 55, 0)",29
4014,conv2d_14,"(2, 0, 63, 55)",10
4015,conv2d_14,"(1, 1, 0, 1)",18
4016,conv2d_14,"(1, 0, 24, 63)",13
4017,conv2d_14,"(2, 0, 16, 2)",26
4018,conv2d_14,"(2, 1, 11, 44)",25
4019,conv2d_14,"(1, 0, 23, 60)",14
4020,conv2d_14,"(1, 2, 7, 16)",11
4021,conv2d_14,"(0, 0, 12, 18)",16
4022,conv2d_14,"(2, 0, 55, 63)",25
4023,conv2d_14,"(1, 2, 7, 47)",16
4024,conv2d_14,"(1, 2, 3, 56)",7
4025,conv2d_14,"(1, 2, 29, 2)",18
4026,conv2d_14,"(0, 2, 20, 24)",29
4027,conv2d_14,"(2, 0, 39, 58)",17
4028,conv2d_14,"(0, 0, 33, 57)",10
4029,conv2d_14,"(0, 1, 26, 27)",0
4030,conv2d_14,"(1, 0, 62, 54)",10
4031,conv2d_14,"(2, 1, 9, 16)",14
4032,conv2d_14,"(2, 0, 36, 18)",7
4033,conv2d_14,"(2, 2, 18, 7)",24
4034,conv2d_14,"(2, 0, 2, 35)",19
4035,conv2d_14,"(1, 0, 62, 46)",27
4036,conv2d_14,"(2, 2, 7, 23)",16
4037,conv2d_14,"(1, 0, 49, 51)",11
4038,conv2d_14,"(1, 2, 11, 44)",25
4039,conv2d_14,"(0, 1, 14, 53)",9
4040,conv2d_14,"(1, 1, 19, 62)",7
4041,conv2d_14,"(0, 1, 47, 59)",25
4042,conv2d_14,"(0, 2, 21, 33)",26
4043,conv2d_14,"(2, 2, 16, 55)",15
4044,conv2d_14,"(1, 1, 28, 63)",17
4045,conv2d_14,"(2, 0, 26, 59)",13
4046,conv2d_14,"(2, 2, 23, 37)",31
4047,conv2d_14,"(0, 0, 47, 6)",30
4048,conv2d_14,"(1, 0, 3, 7)",25
4049,conv2d_14,"(1, 2, 12, 35)",24
4050,conv2d_14,"(1, 0, 62, 48)",16
4051,conv2d_14,"(0, 2, 40, 46)",2
4052,conv2d_14,"(2, 0, 58, 35)",21
4053,conv2d_14,"(1, 2, 50, 29)",10
4054,conv2d_14,"(2, 1, 60, 45)",7
4055,conv2d_14,"(2, 0, 63, 26)",5
4056,conv2d_14,"(2, 2, 35, 55)",4
4057,conv2d_14,"(2, 2, 57, 32)",2
4058,conv2d_14,"(0, 1, 42, 39)",29
4059,conv2d_14,"(1, 0, 39, 8)",18
4060,conv2d_14,"(2, 0, 56, 21)",4
4061,conv2d_14,"(1, 1, 26, 21)",2
4062,conv2d_14,"(2, 0, 29, 12)",11
4063,conv2d_14,"(1, 0, 2, 12)",4
4064,conv2d_14,"(2, 1, 42, 54)",18
4065,conv2d_14,"(2, 2, 2, 36)",22
4066,conv2d_14,"(0, 0, 36, 59)",7
4067,conv2d_14,"(1, 1, 1, 43)",13
4068,conv2d_14,"(1, 2, 37, 22)",10
4069,conv2d_14,"(2, 1, 52, 43)",27
4070,conv2d_14,"(0, 0, 18, 20)",26
4071,conv2d_14,"(2, 2, 4, 44)",29
4072,conv2d_14,"(2, 0, 63, 39)",21
4073,conv2d_14,"(0, 0, 54, 24)",25
4074,conv2d_14,"(0, 0, 7, 46)",22
4075,conv2d_14,"(1, 1, 30, 22)",6
4076,conv2d_14,"(1, 0, 36, 62)",16
4077,conv2d_14,"(1, 2, 57, 56)",3
4078,conv2d_14,"(2, 2, 27, 1)",30
4079,conv2d_14,"(1, 1, 58, 53)",21
4080,conv2d_14,"(0, 2, 62, 37)",12
4081,conv2d_14,"(1, 0, 30, 46)",7
4082,conv2d_14,"(1, 0, 63, 34)",16
4083,conv2d_14,"(2, 0, 43, 1)",3
4084,conv2d_14,"(1, 0, 36, 12)",19
4085,conv2d_14,"(1, 0, 7, 37)",13
4086,conv2d_14,"(2, 2, 58, 13)",26
4087,conv2d_14,"(2, 1, 19, 0)",25
4088,conv2d_14,"(1, 1, 12, 23)",18
4089,conv2d_14,"(0, 2, 27, 56)",17
4090,conv2d_14,"(2, 2, 13, 47)",22
4091,conv2d_14,"(0, 1, 63, 33)",27
4092,conv2d_14,"(1, 0, 38, 17)",18
4093,conv2d_14,"(0, 0, 29, 63)",16
4094,conv2d_14,"(2, 0, 36, 37)",28
4095,conv2d_14,"(0, 1, 62, 26)",19
4096,conv2d_14,"(0, 2, 59, 58)",10
4097,conv2d_14,"(1, 1, 47, 43)",24
4098,conv2d_14,"(1, 2, 33, 2)",5
4099,conv2d_14,"(0, 0, 31, 16)",26
4100,conv2d_14,"(0, 0, 5, 40)",13
4101,conv2d_14,"(1, 1, 3, 15)",7
4102,conv2d_14,"(2, 0, 46, 37)",14
4103,conv2d_14,"(2, 1, 51, 51)",12
4104,conv2d_14,"(1, 0, 0, 50)",31
4105,conv2d_14,"(1, 1, 36, 25)",22
4106,conv2d_14,"(2, 1, 22, 20)",31
4107,conv2d_14,"(1, 2, 31, 53)",10
4108,conv2d_14,"(1, 2, 18, 54)",24
4109,conv2d_14,"(1, 2, 55, 33)",18
4110,conv2d_14,"(0, 0, 24, 11)",7
4111,conv2d_14,"(1, 0, 31, 0)",23
4112,conv2d_14,"(1, 1, 45, 57)",9
4113,conv2d_14,"(1, 0, 29, 3)",9
4114,conv2d_14,"(2, 0, 30, 35)",21
4115,conv2d_14,"(0, 0, 37, 63)",18
4116,conv2d_14,"(2, 2, 22, 4)",26
4117,conv2d_14,"(0, 0, 6, 25)",3
4118,conv2d_14,"(1, 2, 24, 14)",12
4119,conv2d_14,"(1, 1, 4, 50)",1
4120,conv2d_14,"(0, 1, 36, 18)",6
4121,conv2d_14,"(2, 2, 14, 35)",23
4122,conv2d_14,"(1, 2, 54, 4)",15
4123,conv2d_14,"(1, 1, 6, 12)",9
4124,conv2d_14,"(1, 0, 20, 47)",14
4125,conv2d_14,"(2, 1, 5, 63)",26
4126,conv2d_14,"(1, 2, 10, 3)",10
4127,conv2d_14,"(2, 1, 20, 63)",11
4128,conv2d_14,"(0, 1, 55, 42)",17
4129,conv2d_14,"(2, 2, 56, 41)",28
4130,conv2d_14,"(1, 2, 59, 40)",20
4131,conv2d_14,"(2, 2, 53, 47)",31
4132,conv2d_14,"(2, 1, 44, 19)",8
4133,conv2d_14,"(2, 0, 12, 27)",22
4134,conv2d_14,"(1, 0, 62, 34)",29
4135,conv2d_14,"(1, 1, 31, 56)",9
4136,conv2d_14,"(2, 1, 4, 52)",30
4137,conv2d_14,"(0, 1, 43, 48)",22
4138,conv2d_14,"(0, 2, 46, 36)",0
4139,conv2d_14,"(0, 0, 21, 16)",18
4140,conv2d_14,"(0, 0, 62, 29)",7
4141,conv2d_14,"(2, 2, 23, 21)",13
4142,conv2d_14,"(0, 1, 32, 60)",23
4143,conv2d_14,"(2, 0, 40, 54)",25
4144,conv2d_14,"(1, 0, 16, 6)",18
4145,conv2d_14,"(2, 0, 17, 57)",13
4146,conv2d_14,"(1, 2, 42, 24)",13
4147,conv2d_14,"(1, 2, 15, 44)",21
4148,conv2d_14,"(1, 1, 46, 41)",0
4149,conv2d_14,"(0, 1, 33, 3)",26
4150,conv2d_14,"(2, 0, 40, 3)",22
4151,conv2d_14,"(1, 2, 1, 49)",26
4152,conv2d_14,"(1, 2, 36, 59)",29
4153,conv2d_14,"(0, 2, 49, 44)",21
4154,conv2d_14,"(0, 1, 8, 33)",4
4155,conv2d_14,"(0, 0, 63, 47)",3
4156,conv2d_14,"(0, 2, 15, 22)",13
4157,conv2d_14,"(2, 0, 0, 54)",8
4158,conv2d_14,"(0, 0, 56, 27)",6
4159,conv2d_14,"(2, 2, 1, 41)",12
4160,conv2d_14,"(1, 0, 11, 17)",11
4161,conv2d_14,"(2, 1, 44, 63)",18
4162,conv2d_14,"(2, 1, 57, 16)",29
4163,conv2d_14,"(1, 2, 57, 23)",1
4164,conv2d_14,"(2, 0, 14, 52)",8
4165,conv2d_14,"(2, 1, 16, 39)",26
4166,conv2d_14,"(2, 1, 44, 0)",27
4167,conv2d_14,"(1, 2, 32, 17)",0
4168,conv2d_14,"(2, 1, 0, 61)",30
4169,conv2d_14,"(2, 2, 37, 54)",24
4170,conv2d_14,"(1, 0, 52, 8)",11
4171,conv2d_14,"(0, 1, 26, 2)",31
4172,conv2d_14,"(0, 2, 9, 47)",5
4173,conv2d_14,"(2, 0, 27, 16)",7
4174,conv2d_14,"(0, 0, 12, 2)",7
4175,conv2d_14,"(1, 1, 18, 8)",18
4176,conv2d_14,"(2, 0, 11, 52)",4
4177,conv2d_14,"(2, 2, 25, 50)",21
4178,conv2d_14,"(1, 0, 12, 40)",5
4179,conv2d_14,"(0, 2, 41, 4)",29
4180,conv2d_14,"(0, 2, 29, 29)",21
4181,conv2d_14,"(2, 0, 8, 49)",30
4182,conv2d_14,"(1, 1, 55, 0)",24
4183,conv2d_14,"(0, 0, 26, 1)",0
4184,conv2d_14,"(1, 1, 25, 32)",22
4185,conv2d_14,"(0, 2, 40, 27)",10
4186,conv2d_14,"(0, 2, 41, 10)",0
4187,conv2d_14,"(1, 1, 30, 63)",3
4188,conv2d_14,"(1, 2, 19, 15)",8
4189,conv2d_14,"(1, 0, 29, 47)",27
4190,conv2d_14,"(2, 0, 49, 62)",20
4191,conv2d_14,"(2, 0, 62, 60)",5
4192,conv2d_14,"(2, 1, 62, 11)",20
4193,conv2d_14,"(1, 0, 35, 31)",1
4194,conv2d_14,"(2, 2, 40, 16)",4
4195,conv2d_14,"(0, 1, 13, 61)",10
4196,conv2d_14,"(0, 1, 32, 2)",10
4197,conv2d_14,"(0, 0, 24, 32)",24
4198,conv2d_14,"(0, 1, 45, 4)",0
4199,conv2d_14,"(0, 1, 37, 46)",11
4200,conv2d_14,"(2, 0, 35, 3)",30
4201,conv2d_14,"(1, 0, 29, 5)",6
4202,conv2d_14,"(1, 0, 42, 45)",14
4203,conv2d_14,"(0, 0, 32, 22)",28
4204,conv2d_14,"(1, 1, 22, 0)",17
4205,conv2d_14,"(0, 2, 54, 16)",26
4206,conv2d_14,"(1, 1, 49, 62)",0
4207,conv2d_14,"(2, 2, 2, 9)",25
4208,conv2d_14,"(0, 2, 39, 51)",2
4209,conv2d_14,"(2, 1, 2, 37)",23
4210,conv2d_14,"(1, 2, 29, 12)",4
4211,conv2d_14,"(1, 1, 49, 21)",11
4212,conv2d_14,"(1, 0, 5, 39)",30
4213,conv2d_14,"(1, 0, 15, 41)",15
4214,conv2d_14,"(2, 2, 13, 24)",19
4215,conv2d_14,"(0, 2, 18, 45)",22
4216,conv2d_14,"(2, 2, 3, 46)",2
4217,conv2d_14,"(2, 1, 40, 17)",2
4218,conv2d_14,"(1, 2, 13, 52)",15
4219,conv2d_14,"(1, 1, 27, 41)",20
4220,conv2d_14,"(2, 0, 37, 3)",23
4221,conv2d_14,"(1, 1, 39, 35)",12
4222,conv2d_14,"(1, 0, 57, 29)",7
4223,conv2d_14,"(1, 0, 17, 9)",31
4224,conv2d_14,"(2, 1, 60, 37)",3
4225,conv2d_14,"(0, 0, 38, 23)",11
4226,conv2d_14,"(2, 2, 50, 27)",1
4227,conv2d_14,"(2, 2, 24, 34)",11
4228,conv2d_14,"(1, 2, 46, 47)",30
4229,conv2d_14,"(1, 2, 47, 26)",15
4230,conv2d_14,"(2, 2, 22, 22)",7
4231,conv2d_14,"(0, 1, 61, 26)",9
4232,conv2d_14,"(1, 0, 39, 52)",29
4233,conv2d_14,"(1, 2, 40, 46)",2
4234,conv2d_14,"(1, 0, 29, 52)",11
4235,conv2d_14,"(0, 2, 63, 56)",2
4236,conv2d_14,"(0, 0, 46, 59)",22
4237,conv2d_14,"(2, 2, 27, 47)",4
4238,conv2d_14,"(0, 1, 42, 31)",7
4239,conv2d_14,"(2, 1, 16, 45)",7
4240,conv2d_14,"(2, 1, 39, 58)",26
4241,conv2d_14,"(0, 0, 23, 31)",26
4242,conv2d_14,"(1, 0, 7, 54)",3
4243,conv2d_14,"(0, 0, 16, 17)",25
4244,conv2d_14,"(2, 2, 44, 1)",6
4245,conv2d_14,"(2, 2, 45, 42)",30
4246,conv2d_14,"(1, 2, 33, 32)",25
4247,conv2d_14,"(0, 1, 26, 13)",25
4248,conv2d_14,"(0, 0, 24, 21)",11
4249,conv2d_14,"(0, 1, 40, 19)",30
4250,conv2d_14,"(0, 0, 9, 45)",24
4251,conv2d_14,"(2, 0, 38, 19)",11
4252,conv2d_14,"(2, 0, 38, 5)",11
4253,conv2d_14,"(1, 2, 34, 58)",4
4254,conv2d_14,"(0, 0, 23, 1)",15
4255,conv2d_14,"(2, 1, 59, 29)",20
4256,conv2d_14,"(0, 2, 62, 19)",0
4257,conv2d_14,"(0, 1, 10, 45)",17
4258,conv2d_14,"(2, 0, 4, 26)",8
4259,conv2d_14,"(2, 2, 1, 36)",15
4260,conv2d_14,"(1, 1, 19, 50)",6
4261,conv2d_14,"(1, 0, 26, 24)",21
4262,conv2d_14,"(2, 1, 17, 38)",21
4263,conv2d_14,"(2, 1, 55, 26)",21
4264,conv2d_14,"(0, 0, 62, 51)",3
4265,conv2d_14,"(1, 1, 63, 33)",23
4266,conv2d_14,"(1, 1, 11, 58)",24
4267,conv2d_14,"(1, 2, 53, 45)",6
4268,conv2d_14,"(0, 1, 4, 59)",13
4269,conv2d_14,"(0, 1, 29, 29)",22
4270,conv2d_14,"(1, 1, 61, 14)",18
4271,conv2d_14,"(2, 1, 46, 19)",18
4272,conv2d_14,"(2, 1, 14, 47)",31
4273,conv2d_14,"(0, 1, 33, 59)",26
4274,conv2d_14,"(0, 1, 51, 38)",22
4275,conv2d_14,"(2, 2, 1, 43)",30
4276,conv2d_14,"(2, 2, 0, 51)",28
4277,conv2d_14,"(2, 1, 35, 33)",13
4278,conv2d_14,"(2, 1, 8, 58)",21
4279,conv2d_14,"(1, 0, 40, 55)",11
4280,conv2d_14,"(0, 0, 15, 37)",23
4281,conv2d_14,"(1, 1, 61, 26)",5
4282,conv2d_14,"(1, 0, 2, 38)",16
4283,conv2d_14,"(1, 0, 38, 40)",7
4284,conv2d_14,"(1, 2, 46, 36)",6
4285,conv2d_14,"(2, 1, 63, 37)",25
4286,conv2d_14,"(1, 1, 62, 43)",0
4287,conv2d_14,"(0, 1, 34, 27)",1
4288,conv2d_14,"(0, 2, 15, 48)",16
4289,conv2d_14,"(2, 0, 30, 32)",2
4290,conv2d_14,"(0, 2, 1, 24)",15
4291,conv2d_14,"(2, 2, 45, 9)",5
4292,conv2d_14,"(1, 1, 16, 8)",13
4293,conv2d_14,"(0, 0, 18, 24)",3
4294,conv2d_14,"(1, 2, 36, 36)",13
4295,conv2d_14,"(2, 0, 30, 11)",7
4296,conv2d_14,"(0, 2, 3, 11)",18
4297,conv2d_14,"(1, 2, 34, 36)",18
4298,conv2d_14,"(1, 0, 54, 11)",21
4299,conv2d_14,"(1, 0, 23, 40)",22
4300,conv2d_14,"(1, 2, 56, 53)",0
4301,conv2d_14,"(2, 1, 15, 63)",25
4302,conv2d_14,"(2, 1, 63, 29)",13
4303,conv2d_14,"(2, 1, 58, 20)",27
4304,conv2d_14,"(2, 1, 43, 37)",18
4305,conv2d_14,"(0, 0, 62, 13)",1
4306,conv2d_14,"(2, 2, 30, 42)",13
4307,conv2d_14,"(2, 1, 10, 53)",23
4308,conv2d_14,"(1, 0, 16, 41)",6
4309,conv2d_14,"(2, 2, 31, 24)",12
4310,conv2d_14,"(0, 0, 61, 42)",14
4311,conv2d_14,"(1, 1, 48, 7)",15
4312,conv2d_14,"(0, 0, 51, 63)",4
4313,conv2d_14,"(1, 0, 16, 17)",17
4314,conv2d_14,"(1, 2, 13, 2)",25
4315,conv2d_14,"(2, 0, 8, 4)",11
4316,conv2d_14,"(1, 2, 22, 22)",21
4317,conv2d_14,"(1, 0, 28, 30)",26
4318,conv2d_14,"(0, 0, 7, 11)",15
4319,conv2d_14,"(1, 1, 45, 10)",2
4320,conv2d_14,"(1, 1, 20, 54)",21
4321,conv2d_14,"(2, 0, 63, 22)",29
4322,conv2d_14,"(1, 2, 4, 46)",12
4323,conv2d_14,"(1, 2, 16, 16)",22
4324,conv2d_14,"(2, 2, 30, 9)",12
4325,conv2d_14,"(1, 2, 33, 52)",22
4326,conv2d_14,"(2, 1, 46, 47)",11
4327,conv2d_14,"(1, 1, 1, 10)",25
4328,conv2d_14,"(0, 2, 29, 16)",21
4329,conv2d_14,"(1, 1, 28, 48)",0
4330,conv2d_14,"(0, 1, 29, 17)",20
4331,conv2d_14,"(2, 1, 29, 27)",13
4332,conv2d_14,"(0, 1, 28, 16)",21
4333,conv2d_14,"(2, 2, 9, 42)",20
4334,conv2d_14,"(1, 0, 40, 20)",4
4335,conv2d_14,"(0, 1, 0, 19)",28
4336,conv2d_14,"(1, 1, 29, 2)",2
4337,conv2d_14,"(2, 2, 19, 37)",13
4338,conv2d_14,"(2, 0, 58, 63)",24
4339,conv2d_14,"(0, 1, 14, 41)",12
4340,conv2d_14,"(1, 1, 12, 30)",6
4341,conv2d_14,"(0, 0, 22, 18)",8
4342,conv2d_14,"(0, 0, 27, 48)",1
4343,conv2d_14,"(2, 2, 43, 47)",0
4344,conv2d_14,"(2, 0, 46, 5)",1
4345,conv2d_14,"(2, 1, 25, 14)",5
4346,conv2d_14,"(0, 2, 62, 51)",3
4347,conv2d_14,"(2, 1, 7, 20)",18
4348,conv2d_14,"(1, 1, 6, 54)",30
4349,conv2d_14,"(2, 1, 44, 34)",6
4350,conv2d_14,"(2, 0, 46, 43)",28
4351,conv2d_14,"(0, 1, 45, 35)",29
4352,conv2d_14,"(0, 0, 35, 46)",12
4353,conv2d_14,"(1, 2, 54, 54)",19
4354,conv2d_14,"(2, 2, 48, 0)",17
4355,conv2d_14,"(1, 1, 35, 34)",26
4356,conv2d_14,"(0, 0, 51, 21)",15
4357,conv2d_14,"(2, 0, 20, 3)",0
4358,conv2d_14,"(1, 2, 55, 60)",25
4359,conv2d_14,"(2, 2, 58, 23)",3
4360,conv2d_14,"(1, 1, 33, 54)",26
4361,conv2d_14,"(1, 2, 15, 61)",26
4362,conv2d_14,"(2, 0, 59, 25)",5
4363,conv2d_14,"(0, 2, 25, 3)",21
4364,conv2d_14,"(2, 0, 60, 24)",1
4365,conv2d_14,"(1, 1, 35, 3)",3
4366,conv2d_14,"(2, 0, 8, 30)",25
4367,conv2d_14,"(1, 0, 22, 38)",9
4368,conv2d_14,"(0, 1, 60, 8)",1
4369,conv2d_14,"(0, 2, 2, 43)",3
4370,conv2d_14,"(1, 1, 36, 23)",31
4371,conv2d_14,"(0, 2, 4, 13)",21
4372,conv2d_14,"(0, 0, 4, 59)",7
4373,conv2d_14,"(0, 0, 16, 61)",25
4374,conv2d_14,"(1, 0, 52, 37)",28
4375,conv2d_14,"(2, 1, 30, 2)",4
4376,conv2d_14,"(1, 1, 43, 58)",20
4377,conv2d_14,"(2, 2, 32, 36)",9
4378,conv2d_14,"(1, 0, 55, 24)",1
4379,conv2d_14,"(1, 1, 63, 32)",10
4380,conv2d_14,"(2, 0, 13, 29)",15
4381,conv2d_14,"(0, 2, 35, 5)",10
4382,conv2d_14,"(2, 1, 22, 52)",21
4383,conv2d_14,"(0, 2, 0, 63)",26
4384,conv2d_14,"(2, 2, 25, 15)",26
4385,conv2d_14,"(0, 2, 63, 27)",19
4386,conv2d_14,"(2, 2, 5, 38)",28
4387,conv2d_14,"(0, 2, 49, 58)",21
4388,conv2d_14,"(2, 2, 40, 20)",10
4389,conv2d_14,"(2, 0, 37, 58)",31
4390,conv2d_14,"(1, 0, 38, 16)",21
4391,conv2d_14,"(0, 2, 62, 12)",21
4392,conv2d_14,"(2, 1, 8, 18)",1
4393,conv2d_14,"(0, 0, 15, 28)",10
4394,conv2d_14,"(1, 0, 10, 11)",1
4395,conv2d_14,"(0, 0, 30, 4)",0
4396,conv2d_14,"(2, 1, 40, 40)",4
4397,conv2d_14,"(0, 1, 25, 36)",22
4398,conv2d_14,"(2, 1, 35, 36)",12
4399,conv2d_14,"(1, 1, 62, 52)",5
4400,conv2d_14,"(0, 1, 17, 46)",21
4401,conv2d_14,"(1, 2, 2, 61)",12
4402,conv2d_14,"(2, 0, 22, 57)",11
4403,conv2d_14,"(2, 2, 46, 29)",2
4404,conv2d_14,"(1, 0, 11, 42)",11
4405,conv2d_14,"(0, 1, 12, 58)",27
4406,conv2d_14,"(1, 1, 45, 53)",9
4407,conv2d_14,"(1, 2, 14, 50)",12
4408,conv2d_14,"(0, 0, 31, 13)",29
4409,conv2d_14,"(0, 2, 34, 53)",26
4410,conv2d_14,"(0, 1, 8, 28)",13
4411,conv2d_14,"(2, 2, 53, 56)",23
4412,conv2d_14,"(0, 0, 4, 4)",26
4413,conv2d_14,"(0, 0, 52, 47)",28
4414,conv2d_14,"(1, 1, 17, 53)",6
4415,conv2d_14,"(1, 0, 49, 49)",19
4416,conv2d_14,"(2, 1, 35, 0)",18
4417,conv2d_14,"(1, 2, 9, 47)",2
4418,conv2d_14,"(0, 0, 62, 41)",25
4419,conv2d_14,"(2, 2, 41, 8)",7
4420,conv2d_14,"(0, 2, 16, 11)",30
4421,conv2d_14,"(2, 0, 57, 22)",8
4422,conv2d_14,"(2, 0, 46, 63)",18
4423,conv2d_14,"(0, 1, 12, 55)",10
4424,conv2d_14,"(2, 0, 60, 25)",2
4425,conv2d_14,"(2, 2, 61, 40)",21
4426,conv2d_14,"(2, 0, 31, 46)",22
4427,conv2d_14,"(2, 2, 5, 63)",29
4428,conv2d_14,"(1, 0, 23, 52)",15
4429,conv2d_14,"(0, 0, 25, 0)",12
4430,conv2d_14,"(1, 2, 39, 2)",5
4431,conv2d_14,"(2, 0, 50, 10)",15
4432,conv2d_14,"(0, 1, 3, 36)",3
4433,conv2d_14,"(0, 1, 62, 28)",25
4434,conv2d_14,"(1, 0, 47, 61)",17
4435,conv2d_14,"(2, 1, 53, 12)",30
4436,conv2d_14,"(0, 2, 14, 49)",9
4437,conv2d_14,"(2, 0, 11, 20)",20
4438,conv2d_14,"(1, 1, 39, 62)",28
4439,conv2d_14,"(2, 1, 50, 10)",21
4440,conv2d_14,"(0, 0, 9, 4)",8
4441,conv2d_14,"(1, 2, 33, 51)",3
4442,conv2d_14,"(2, 0, 3, 28)",31
4443,conv2d_14,"(2, 0, 32, 15)",21
4444,conv2d_14,"(1, 2, 59, 4)",27
4445,conv2d_14,"(0, 1, 8, 18)",30
4446,conv2d_14,"(2, 1, 0, 47)",4
4447,conv2d_14,"(1, 0, 60, 17)",31
4448,conv2d_14,"(0, 1, 35, 38)",8
4449,conv2d_14,"(0, 0, 46, 43)",5
4450,conv2d_14,"(0, 2, 43, 41)",15
4451,conv2d_14,"(1, 0, 41, 39)",2
4452,conv2d_14,"(0, 2, 60, 48)",16
4453,conv2d_14,"(0, 0, 36, 3)",31
4454,conv2d_14,"(0, 2, 18, 57)",11
4455,conv2d_14,"(0, 0, 56, 14)",2
4456,conv2d_14,"(0, 0, 56, 38)",22
4457,conv2d_14,"(2, 2, 62, 19)",7
4458,conv2d_14,"(2, 0, 29, 40)",13
4459,conv2d_14,"(2, 1, 8, 63)",24
4460,conv2d_14,"(0, 0, 18, 6)",16
4461,conv2d_14,"(1, 1, 48, 17)",3
4462,conv2d_14,"(2, 0, 3, 34)",24
4463,conv2d_14,"(2, 1, 62, 53)",18
4464,conv2d_14,"(1, 0, 7, 7)",22
4465,conv2d_14,"(0, 0, 21, 50)",6
4466,conv2d_14,"(0, 1, 41, 2)",4
4467,conv2d_14,"(0, 0, 57, 51)",8
4468,conv2d_14,"(0, 0, 8, 47)",18
4469,conv2d_14,"(1, 2, 22, 8)",16
4470,conv2d_14,"(2, 2, 59, 33)",18
4471,conv2d_14,"(0, 1, 52, 16)",10
4472,conv2d_14,"(2, 2, 62, 44)",3
4473,conv2d_14,"(1, 1, 13, 0)",20
4474,conv2d_14,"(0, 1, 42, 46)",20
4475,conv2d_14,"(0, 0, 12, 48)",27
4476,conv2d_14,"(2, 0, 35, 39)",17
4477,conv2d_14,"(0, 0, 26, 54)",26
4478,conv2d_14,"(2, 1, 22, 30)",12
4479,conv2d_14,"(0, 0, 38, 2)",16
4480,conv2d_14,"(0, 0, 49, 49)",7
4481,conv2d_14,"(2, 1, 43, 49)",13
4482,conv2d_14,"(0, 2, 60, 33)",7
4483,conv2d_14,"(1, 2, 50, 42)",12
4484,conv2d_14,"(2, 0, 18, 22)",21
4485,conv2d_14,"(2, 0, 61, 40)",2
4486,conv2d_15,"(2, 2, 11, 21)",1
4487,conv2d_15,"(0, 1, 38, 0)",24
4488,conv2d_15,"(1, 1, 62, 47)",11
4489,conv2d_15,"(0, 1, 4, 10)",18
4490,conv2d_15,"(0, 1, 1, 8)",23
4491,conv2d_15,"(0, 0, 7, 56)",28
4492,conv2d_15,"(0, 0, 20, 33)",4
4493,conv2d_15,"(2, 2, 58, 53)",18
4494,conv2d_15,"(1, 0, 57, 5)",0
4495,conv2d_15,"(0, 0, 58, 46)",8
4496,conv2d_15,"(1, 0, 35, 27)",28
4497,conv2d_15,"(0, 2, 13, 6)",21
4498,conv2d_15,"(1, 2, 31, 58)",24
4499,conv2d_15,"(2, 0, 50, 49)",4
4500,conv2d_15,"(1, 2, 25, 59)",20
4501,conv2d_15,"(2, 0, 8, 50)",21
4502,conv2d_15,"(2, 2, 9, 28)",28
4503,conv2d_15,"(1, 1, 43, 15)",1
4504,conv2d_15,"(0, 0, 46, 36)",4
4505,conv2d_15,"(0, 1, 36, 36)",13
4506,conv2d_15,"(0, 0, 38, 10)",12
4507,conv2d_15,"(0, 2, 6, 20)",24
4508,conv2d_15,"(0, 1, 58, 58)",7
4509,conv2d_15,"(0, 0, 4, 11)",24
4510,conv2d_15,"(0, 1, 46, 27)",18
4511,conv2d_15,"(1, 1, 38, 57)",16
4512,conv2d_15,"(0, 0, 38, 63)",0
4513,conv2d_15,"(0, 0, 29, 19)",13
4514,conv2d_15,"(1, 0, 22, 44)",9
4515,conv2d_15,"(2, 0, 38, 2)",11
4516,conv2d_15,"(0, 0, 57, 56)",28
4517,conv2d_15,"(2, 1, 3, 53)",31
4518,conv2d_15,"(1, 2, 11, 23)",8
4519,conv2d_15,"(1, 0, 47, 20)",20
4520,conv2d_15,"(2, 1, 1, 11)",5
4521,conv2d_15,"(0, 0, 7, 47)",23
4522,conv2d_15,"(2, 0, 48, 6)",22
4523,conv2d_15,"(2, 0, 38, 42)",9
4524,conv2d_15,"(2, 1, 38, 22)",21
4525,conv2d_15,"(2, 2, 3, 4)",16
4526,conv2d_15,"(2, 1, 29, 38)",28
4527,conv2d_15,"(2, 0, 16, 43)",3
4528,conv2d_15,"(1, 0, 56, 57)",23
4529,conv2d_15,"(0, 2, 8, 44)",28
4530,conv2d_15,"(0, 0, 3, 48)",20
4531,conv2d_15,"(0, 1, 23, 28)",8
4532,conv2d_15,"(0, 0, 33, 38)",4
4533,conv2d_15,"(0, 0, 33, 12)",27
4534,conv2d_15,"(1, 2, 45, 42)",30
4535,conv2d_15,"(0, 1, 61, 15)",6
4536,conv2d_15,"(1, 1, 35, 33)",11
4537,conv2d_15,"(0, 0, 18, 0)",1
4538,conv2d_15,"(2, 1, 52, 58)",29
4539,conv2d_15,"(2, 1, 58, 50)",6
4540,conv2d_15,"(1, 1, 48, 4)",17
4541,conv2d_15,"(1, 0, 28, 60)",22
4542,conv2d_15,"(0, 1, 36, 43)",10
4543,conv2d_15,"(0, 1, 44, 17)",13
4544,conv2d_15,"(0, 2, 38, 40)",15
4545,conv2d_15,"(0, 0, 9, 27)",29
4546,conv2d_15,"(2, 1, 2, 36)",19
4547,conv2d_15,"(0, 0, 0, 28)",16
4548,conv2d_15,"(1, 1, 14, 60)",9
4549,conv2d_15,"(2, 2, 37, 16)",4
4550,conv2d_15,"(2, 1, 34, 48)",19
4551,conv2d_15,"(2, 2, 20, 44)",8
4552,conv2d_15,"(1, 1, 59, 54)",22
4553,conv2d_15,"(1, 2, 4, 36)",21
4554,conv2d_15,"(0, 1, 1, 7)",24
4555,conv2d_15,"(0, 0, 33, 59)",17
4556,conv2d_15,"(1, 2, 10, 13)",9
4557,conv2d_15,"(0, 2, 14, 45)",21
4558,conv2d_15,"(0, 1, 32, 20)",15
4559,conv2d_15,"(1, 1, 62, 46)",0
4560,conv2d_15,"(1, 1, 29, 52)",19
4561,conv2d_15,"(2, 2, 58, 58)",26
4562,conv2d_15,"(1, 1, 50, 28)",6
4563,conv2d_15,"(2, 1, 36, 6)",19
4564,conv2d_15,"(2, 0, 37, 32)",13
4565,conv2d_15,"(0, 2, 3, 24)",11
4566,conv2d_15,"(2, 1, 12, 62)",30
4567,conv2d_15,"(1, 2, 5, 32)",10
4568,conv2d_15,"(1, 1, 43, 60)",10
4569,conv2d_15,"(1, 2, 25, 18)",15
4570,conv2d_15,"(0, 0, 55, 15)",29
4571,conv2d_15,"(2, 2, 34, 37)",30
4572,conv2d_15,"(0, 2, 37, 52)",25
4573,conv2d_15,"(1, 0, 36, 50)",18
4574,conv2d_15,"(1, 2, 60, 0)",28
4575,conv2d_15,"(2, 0, 33, 55)",3
4576,conv2d_15,"(2, 2, 32, 45)",28
4577,conv2d_15,"(0, 0, 13, 59)",0
4578,conv2d_15,"(0, 1, 24, 18)",25
4579,conv2d_15,"(0, 2, 36, 2)",0
4580,conv2d_15,"(0, 2, 47, 32)",30
4581,conv2d_15,"(0, 2, 48, 59)",14
4582,conv2d_15,"(1, 1, 4, 15)",10
4583,conv2d_15,"(2, 1, 33, 8)",8
4584,conv2d_15,"(2, 1, 46, 33)",17
4585,conv2d_15,"(0, 1, 49, 23)",1
4586,conv2d_15,"(2, 0, 34, 14)",15
4587,conv2d_15,"(2, 1, 14, 27)",24
4588,conv2d_15,"(2, 0, 13, 16)",23
4589,conv2d_15,"(1, 0, 41, 36)",24
4590,conv2d_15,"(0, 0, 41, 42)",14
4591,conv2d_15,"(0, 2, 1, 21)",15
4592,conv2d_15,"(0, 1, 2, 1)",14
4593,conv2d_15,"(1, 0, 28, 53)",29
4594,conv2d_15,"(0, 0, 56, 2)",0
4595,conv2d_15,"(1, 2, 31, 23)",22
4596,conv2d_15,"(2, 1, 46, 32)",11
4597,conv2d_15,"(2, 0, 36, 56)",23
4598,conv2d_15,"(2, 2, 27, 30)",13
4599,conv2d_15,"(0, 1, 18, 52)",1
4600,conv2d_15,"(1, 0, 27, 50)",15
4601,conv2d_15,"(1, 0, 43, 15)",18
4602,conv2d_15,"(1, 1, 17, 23)",26
4603,conv2d_15,"(2, 1, 14, 0)",23
4604,conv2d_15,"(1, 2, 29, 35)",28
4605,conv2d_15,"(1, 0, 53, 54)",26
4606,conv2d_15,"(2, 2, 61, 29)",30
4607,conv2d_15,"(0, 0, 47, 24)",21
4608,conv2d_15,"(0, 2, 40, 11)",13
4609,conv2d_15,"(2, 1, 12, 50)",4
4610,conv2d_15,"(1, 2, 34, 26)",0
4611,conv2d_15,"(0, 2, 18, 60)",19
4612,conv2d_15,"(2, 1, 0, 51)",29
4613,conv2d_15,"(1, 1, 34, 6)",13
4614,conv2d_15,"(2, 2, 50, 38)",26
4615,conv2d_15,"(1, 0, 46, 58)",24
4616,conv2d_15,"(0, 0, 7, 63)",25
4617,conv2d_15,"(0, 1, 48, 18)",15
4618,conv2d_15,"(0, 0, 4, 3)",15
4619,conv2d_15,"(1, 0, 12, 15)",17
4620,conv2d_15,"(1, 2, 15, 55)",7
4621,conv2d_15,"(2, 1, 23, 29)",8
4622,conv2d_15,"(0, 2, 1, 56)",19
4623,conv2d_15,"(0, 1, 41, 11)",18
4624,conv2d_15,"(0, 2, 9, 50)",10
4625,conv2d_15,"(2, 1, 59, 36)",4
4626,conv2d_15,"(2, 1, 0, 3)",6
4627,conv2d_15,"(1, 0, 40, 26)",31
4628,conv2d_15,"(2, 2, 1, 49)",9
4629,conv2d_15,"(2, 2, 32, 1)",20
4630,conv2d_15,"(1, 2, 57, 58)",2
4631,conv2d_15,"(2, 2, 42, 46)",23
4632,conv2d_15,"(2, 2, 53, 50)",0
4633,conv2d_15,"(0, 0, 49, 50)",21
4634,conv2d_15,"(2, 1, 58, 13)",23
4635,conv2d_15,"(2, 1, 33, 30)",17
4636,conv2d_15,"(2, 0, 48, 1)",4
4637,conv2d_15,"(1, 2, 12, 0)",14
4638,conv2d_15,"(0, 2, 46, 30)",26
4639,conv2d_15,"(2, 1, 43, 18)",28
4640,conv2d_15,"(1, 0, 45, 38)",27
4641,conv2d_15,"(0, 2, 48, 25)",7
4642,conv2d_15,"(1, 1, 60, 31)",17
4643,conv2d_15,"(0, 2, 15, 43)",19
4644,conv2d_15,"(1, 1, 15, 62)",22
4645,conv2d_15,"(1, 2, 30, 28)",16
4646,conv2d_15,"(1, 0, 55, 23)",12
4647,conv2d_15,"(1, 2, 41, 22)",6
4648,conv2d_15,"(1, 2, 60, 63)",27
4649,conv2d_15,"(2, 2, 45, 61)",0
4650,conv2d_15,"(2, 2, 33, 12)",10
4651,conv2d_15,"(1, 0, 37, 42)",19
4652,conv2d_15,"(0, 2, 9, 16)",24
4653,conv2d_15,"(2, 1, 26, 28)",26
4654,conv2d_15,"(2, 2, 62, 46)",10
4655,conv2d_15,"(0, 0, 14, 59)",12
4656,conv2d_15,"(2, 1, 28, 32)",18
4657,conv2d_15,"(0, 0, 50, 35)",8
4658,conv2d_15,"(2, 2, 49, 59)",24
4659,conv2d_15,"(0, 1, 2, 33)",16
4660,conv2d_15,"(0, 1, 41, 23)",23
4661,conv2d_15,"(2, 2, 41, 54)",27
4662,conv2d_15,"(0, 2, 50, 50)",21
4663,conv2d_15,"(1, 0, 9, 59)",31
4664,conv2d_15,"(0, 1, 37, 62)",4
4665,conv2d_15,"(2, 1, 10, 38)",0
4666,conv2d_15,"(1, 1, 52, 53)",4
4667,conv2d_15,"(0, 1, 4, 45)",15
4668,conv2d_15,"(2, 1, 58, 38)",4
4669,conv2d_15,"(0, 2, 15, 50)",2
4670,conv2d_15,"(0, 0, 19, 4)",1
4671,conv2d_15,"(0, 2, 55, 25)",9
4672,conv2d_15,"(2, 2, 52, 12)",21
4673,conv2d_15,"(2, 1, 44, 19)",12
4674,conv2d_15,"(1, 1, 54, 41)",30
4675,conv2d_15,"(1, 1, 22, 48)",7
4676,conv2d_15,"(1, 2, 9, 42)",2
4677,conv2d_15,"(2, 0, 3, 24)",20
4678,conv2d_15,"(2, 1, 37, 39)",10
4679,conv2d_15,"(2, 1, 56, 62)",5
4680,conv2d_15,"(2, 0, 25, 33)",31
4681,conv2d_15,"(0, 1, 11, 6)",22
4682,conv2d_15,"(1, 1, 41, 36)",2
4683,conv2d_15,"(0, 0, 63, 35)",28
4684,conv2d_15,"(1, 0, 23, 39)",29
4685,conv2d_15,"(1, 1, 63, 21)",9
4686,conv2d_15,"(0, 1, 20, 48)",6
4687,conv2d_15,"(1, 2, 49, 36)",13
4688,conv2d_15,"(0, 1, 19, 17)",23
4689,conv2d_15,"(0, 2, 63, 60)",10
4690,conv2d_15,"(1, 2, 43, 55)",0
4691,conv2d_15,"(0, 2, 23, 59)",23
4692,conv2d_15,"(0, 1, 39, 27)",3
4693,conv2d_15,"(1, 0, 39, 19)",10
4694,conv2d_15,"(0, 2, 17, 33)",27
4695,conv2d_15,"(0, 0, 49, 9)",18
4696,conv2d_15,"(0, 1, 8, 49)",22
4697,conv2d_15,"(0, 1, 18, 29)",15
4698,conv2d_15,"(0, 0, 21, 31)",3
4699,conv2d_15,"(0, 2, 17, 15)",20
4700,conv2d_15,"(2, 1, 8, 47)",9
4701,conv2d_15,"(1, 1, 11, 13)",21
4702,conv2d_15,"(2, 2, 35, 7)",29
4703,conv2d_15,"(1, 1, 58, 40)",23
4704,conv2d_15,"(2, 1, 59, 44)",21
4705,conv2d_15,"(0, 1, 29, 47)",30
4706,conv2d_15,"(0, 2, 50, 52)",8
4707,conv2d_15,"(2, 1, 43, 28)",22
4708,conv2d_15,"(1, 2, 38, 17)",26
4709,conv2d_15,"(0, 1, 34, 44)",27
4710,conv2d_15,"(1, 0, 26, 29)",13
4711,conv2d_15,"(0, 1, 38, 39)",21
4712,conv2d_15,"(2, 2, 27, 24)",13
4713,conv2d_15,"(0, 1, 9, 45)",6
4714,conv2d_15,"(2, 2, 37, 45)",13
4715,conv2d_15,"(0, 1, 54, 12)",29
4716,conv2d_15,"(1, 2, 41, 35)",25
4717,conv2d_15,"(0, 1, 6, 14)",19
4718,conv2d_15,"(1, 0, 47, 19)",12
4719,conv2d_15,"(1, 2, 52, 28)",6
4720,conv2d_15,"(1, 1, 7, 10)",9
4721,conv2d_15,"(0, 0, 53, 47)",19
4722,conv2d_15,"(2, 0, 47, 0)",24
4723,conv2d_15,"(1, 2, 14, 32)",0
4724,conv2d_15,"(1, 1, 13, 0)",12
4725,conv2d_15,"(2, 0, 5, 53)",5
4726,conv2d_15,"(2, 1, 41, 53)",22
4727,conv2d_15,"(1, 2, 54, 28)",10
4728,conv2d_15,"(2, 1, 60, 59)",0
4729,conv2d_15,"(2, 0, 62, 22)",21
4730,conv2d_15,"(2, 1, 7, 57)",16
4731,conv2d_15,"(1, 2, 59, 2)",26
4732,conv2d_15,"(1, 2, 31, 45)",4
4733,conv2d_15,"(0, 1, 22, 35)",14
4734,conv2d_15,"(0, 0, 40, 4)",4
4735,conv2d_15,"(0, 1, 59, 0)",4
4736,conv2d_15,"(1, 2, 51, 59)",6
4737,conv2d_15,"(0, 1, 57, 26)",25
4738,conv2d_15,"(2, 1, 15, 12)",16
4739,conv2d_15,"(0, 2, 2, 58)",18
4740,conv2d_15,"(1, 1, 25, 24)",4
4741,conv2d_15,"(1, 1, 7, 37)",18
4742,conv2d_15,"(0, 1, 15, 21)",3
4743,conv2d_15,"(0, 1, 36, 61)",20
4744,conv2d_15,"(1, 1, 54, 43)",13
4745,conv2d_15,"(2, 2, 15, 46)",25
4746,conv2d_15,"(2, 1, 49, 49)",30
4747,conv2d_15,"(1, 2, 17, 15)",29
4748,conv2d_15,"(0, 0, 41, 4)",24
4749,conv2d_15,"(2, 1, 57, 39)",3
4750,conv2d_15,"(1, 0, 44, 18)",0
4751,conv2d_15,"(1, 1, 23, 11)",5
4752,conv2d_15,"(1, 2, 38, 18)",7
4753,conv2d_15,"(2, 0, 33, 40)",7
4754,conv2d_15,"(0, 2, 21, 0)",30
4755,conv2d_15,"(0, 1, 24, 9)",17
4756,conv2d_15,"(0, 0, 58, 59)",17
4757,conv2d_15,"(0, 1, 63, 28)",27
4758,conv2d_15,"(1, 0, 53, 28)",17
4759,conv2d_15,"(1, 0, 57, 59)",8
4760,conv2d_15,"(2, 1, 52, 17)",17
4761,conv2d_15,"(2, 0, 59, 15)",23
4762,conv2d_15,"(2, 0, 25, 3)",15
4763,conv2d_15,"(0, 1, 27, 17)",16
4764,conv2d_15,"(2, 0, 7, 27)",2
4765,conv2d_15,"(1, 0, 15, 43)",15
4766,conv2d_15,"(1, 1, 44, 24)",0
4767,conv2d_15,"(2, 2, 43, 18)",23
4768,conv2d_15,"(0, 1, 23, 59)",22
4769,conv2d_15,"(1, 2, 33, 35)",12
4770,conv2d_15,"(1, 0, 10, 13)",16
4771,conv2d_15,"(1, 2, 23, 58)",1
4772,conv2d_15,"(2, 2, 63, 1)",8
4773,conv2d_15,"(0, 0, 52, 57)",11
4774,conv2d_15,"(2, 2, 41, 9)",30
4775,conv2d_15,"(2, 0, 22, 59)",23
4776,conv2d_15,"(2, 1, 54, 32)",30
4777,conv2d_15,"(2, 0, 10, 34)",21
4778,conv2d_15,"(1, 0, 10, 21)",0
4779,conv2d_15,"(1, 2, 27, 24)",29
4780,conv2d_15,"(1, 0, 18, 3)",29
4781,conv2d_15,"(1, 2, 26, 40)",20
4782,conv2d_15,"(1, 0, 54, 41)",25
4783,conv2d_15,"(0, 1, 4, 52)",27
4784,conv2d_15,"(1, 1, 29, 32)",21
4785,conv2d_15,"(1, 0, 25, 6)",23
4786,conv2d_15,"(2, 1, 44, 0)",10
4787,conv2d_15,"(2, 0, 26, 10)",28
4788,conv2d_15,"(2, 2, 25, 56)",3
4789,conv2d_15,"(1, 0, 28, 46)",22
4790,conv2d_15,"(0, 1, 53, 58)",7
4791,conv2d_15,"(1, 1, 51, 52)",20
4792,conv2d_15,"(2, 0, 48, 43)",11
4793,conv2d_15,"(0, 2, 5, 53)",16
4794,conv2d_15,"(2, 1, 58, 44)",17
4795,conv2d_15,"(1, 2, 4, 62)",31
4796,conv2d_15,"(0, 0, 48, 21)",7
4797,conv2d_15,"(2, 2, 40, 31)",6
4798,conv2d_15,"(0, 1, 5, 37)",22
4799,conv2d_15,"(1, 1, 38, 54)",16
4800,conv2d_15,"(2, 1, 63, 4)",21
4801,conv2d_15,"(2, 0, 62, 0)",12
4802,conv2d_15,"(0, 0, 48, 43)",26
4803,conv2d_15,"(1, 0, 33, 19)",7
4804,conv2d_15,"(1, 0, 53, 3)",2
4805,conv2d_15,"(0, 2, 63, 46)",6
4806,conv2d_15,"(0, 2, 16, 5)",3
4807,conv2d_15,"(0, 0, 39, 50)",5
4808,conv2d_15,"(1, 0, 39, 61)",26
4809,conv2d_15,"(0, 1, 25, 7)",25
4810,conv2d_15,"(2, 1, 3, 36)",15
4811,conv2d_15,"(0, 0, 18, 63)",28
4812,conv2d_15,"(0, 1, 20, 30)",25
4813,conv2d_15,"(0, 1, 45, 30)",30
4814,conv2d_15,"(0, 2, 50, 12)",21
4815,conv2d_15,"(1, 0, 60, 6)",23
4816,conv2d_15,"(0, 2, 23, 47)",7
4817,conv2d_15,"(2, 1, 50, 55)",7
4818,conv2d_15,"(2, 1, 31, 56)",3
4819,conv2d_15,"(0, 0, 45, 18)",5
4820,conv2d_15,"(2, 2, 35, 40)",3
4821,conv2d_15,"(1, 1, 13, 34)",9
4822,conv2d_15,"(1, 2, 13, 57)",29
4823,conv2d_15,"(1, 2, 63, 43)",21
4824,conv2d_15,"(2, 2, 7, 12)",10
4825,conv2d_15,"(2, 1, 55, 39)",21
4826,conv2d_15,"(1, 2, 41, 18)",14
4827,conv2d_15,"(2, 1, 58, 40)",27
4828,conv2d_15,"(0, 1, 46, 11)",29
4829,conv2d_15,"(2, 1, 3, 0)",30
4830,conv2d_15,"(1, 2, 29, 63)",22
4831,conv2d_15,"(2, 2, 57, 1)",6
4832,conv2d_15,"(2, 1, 63, 24)",11
4833,conv2d_15,"(2, 0, 46, 36)",22
4834,conv2d_15,"(0, 0, 16, 17)",23
4835,conv2d_15,"(0, 2, 8, 33)",0
4836,conv2d_15,"(2, 1, 50, 20)",29
4837,conv2d_15,"(2, 2, 21, 22)",6
4838,conv2d_15,"(1, 1, 23, 26)",4
4839,conv2d_15,"(0, 1, 51, 61)",30
4840,conv2d_15,"(0, 1, 34, 0)",3
4841,conv2d_15,"(0, 0, 5, 46)",0
4842,conv2d_15,"(1, 1, 31, 15)",22
4843,conv2d_15,"(1, 1, 50, 53)",13
4844,conv2d_15,"(2, 0, 51, 61)",19
4845,conv2d_15,"(1, 1, 12, 3)",21
4846,conv2d_15,"(0, 2, 40, 59)",15
4847,conv2d_15,"(0, 1, 49, 1)",22
4848,conv2d_15,"(1, 0, 52, 0)",6
4849,conv2d_15,"(0, 0, 2, 45)",6
4850,conv2d_15,"(1, 0, 62, 15)",28
4851,conv2d_15,"(2, 1, 8, 48)",19
4852,conv2d_15,"(0, 1, 29, 24)",21
4853,conv2d_15,"(1, 0, 38, 44)",15
4854,conv2d_15,"(0, 1, 35, 52)",10
4855,conv2d_15,"(2, 1, 41, 1)",16
4856,conv2d_15,"(2, 1, 14, 40)",28
4857,conv2d_15,"(2, 0, 63, 26)",6
4858,conv2d_15,"(1, 1, 59, 21)",14
4859,conv2d_15,"(1, 1, 14, 26)",30
4860,conv2d_15,"(0, 0, 8, 63)",2
4861,conv2d_15,"(2, 0, 40, 61)",23
4862,conv2d_15,"(1, 1, 25, 16)",21
4863,conv2d_15,"(2, 2, 46, 20)",31
4864,conv2d_15,"(2, 0, 63, 29)",14
4865,conv2d_15,"(1, 1, 0, 26)",3
4866,conv2d_15,"(2, 1, 50, 57)",7
4867,conv2d_15,"(1, 0, 2, 59)",13
4868,conv2d_15,"(1, 2, 39, 58)",10
4869,conv2d_15,"(2, 1, 3, 52)",14
4870,conv2d_15,"(0, 2, 54, 28)",5
4871,conv2d_15,"(0, 2, 41, 20)",2
4872,conv2d_15,"(1, 0, 9, 11)",1
4873,conv2d_15,"(2, 2, 48, 30)",26
4874,conv2d_15,"(1, 0, 30, 8)",25
4875,conv2d_15,"(0, 2, 43, 11)",0
4876,conv2d_15,"(2, 0, 30, 39)",16
4877,conv2d_15,"(2, 2, 56, 26)",24
4878,conv2d_15,"(2, 2, 20, 36)",29
4879,conv2d_15,"(1, 2, 16, 28)",10
4880,conv2d_15,"(1, 1, 4, 35)",10
4881,conv2d_15,"(2, 1, 7, 48)",21
4882,conv2d_15,"(1, 1, 35, 6)",1
4883,conv2d_15,"(1, 2, 57, 16)",30
4884,conv2d_15,"(1, 0, 40, 52)",28
4885,conv2d_15,"(1, 1, 63, 60)",6
4886,conv2d_15,"(2, 2, 49, 58)",17
4887,conv2d_15,"(0, 0, 63, 51)",6
4888,conv2d_15,"(0, 0, 4, 59)",30
4889,conv2d_15,"(0, 0, 22, 18)",9
4890,conv2d_15,"(0, 2, 54, 44)",1
4891,conv2d_15,"(0, 1, 61, 26)",14
4892,conv2d_15,"(0, 2, 33, 29)",10
4893,conv2d_15,"(2, 1, 60, 16)",13
4894,conv2d_15,"(2, 0, 19, 32)",13
4895,conv2d_15,"(1, 2, 61, 59)",18
4896,conv2d_15,"(1, 1, 21, 23)",31
4897,conv2d_15,"(0, 2, 20, 47)",11
4898,conv2d_15,"(1, 0, 23, 18)",2
4899,conv2d_15,"(2, 0, 63, 45)",16
4900,conv2d_15,"(2, 0, 33, 32)",3
4901,conv2d_15,"(1, 2, 11, 5)",9
4902,conv2d_15,"(1, 0, 14, 51)",31
4903,conv2d_15,"(2, 0, 55, 53)",20
4904,conv2d_15,"(1, 2, 11, 9)",10
4905,conv2d_15,"(2, 1, 1, 21)",7
4906,conv2d_15,"(0, 1, 25, 30)",22
4907,conv2d_15,"(1, 2, 39, 27)",13
4908,conv2d_15,"(2, 2, 25, 24)",12
4909,conv2d_15,"(2, 2, 51, 54)",19
4910,conv2d_15,"(2, 1, 40, 58)",15
4911,conv2d_15,"(1, 1, 57, 28)",13
4912,conv2d_15,"(1, 1, 56, 16)",29
4913,conv2d_15,"(0, 2, 48, 20)",29
4914,conv2d_15,"(1, 2, 7, 39)",14
4915,conv2d_15,"(1, 1, 34, 37)",13
4916,conv2d_15,"(0, 2, 63, 19)",5
4917,conv2d_15,"(2, 2, 4, 26)",26
4918,conv2d_15,"(0, 0, 38, 17)",4
4919,conv2d_15,"(0, 1, 5, 19)",5
4920,conv2d_15,"(1, 2, 38, 21)",10
4921,conv2d_15,"(0, 1, 58, 56)",27
4922,conv2d_15,"(2, 2, 43, 30)",0
4923,conv2d_15,"(1, 0, 2, 50)",7
4924,conv2d_15,"(0, 1, 46, 25)",4
4925,conv2d_15,"(1, 0, 20, 17)",29
4926,conv2d_15,"(1, 1, 30, 58)",25
4927,conv2d_15,"(1, 1, 4, 59)",10
4928,conv2d_15,"(2, 2, 31, 22)",3
4929,conv2d_15,"(2, 1, 59, 4)",31
4930,conv2d_15,"(0, 1, 13, 34)",27
4931,conv2d_15,"(0, 0, 63, 42)",12
4932,conv2d_15,"(2, 1, 40, 55)",16
4933,conv2d_15,"(2, 2, 20, 7)",17
4934,conv2d_15,"(2, 0, 44, 0)",14
4935,conv2d_15,"(2, 2, 14, 39)",2
4936,conv2d_15,"(2, 1, 11, 4)",18
4937,conv2d_15,"(1, 2, 50, 22)",5
4938,conv2d_15,"(2, 1, 52, 49)",12
4939,conv2d_15,"(1, 0, 60, 43)",4
4940,conv2d_15,"(0, 0, 30, 19)",1
4941,conv2d_15,"(2, 0, 42, 53)",31
4942,conv2d_15,"(2, 0, 8, 47)",12
4943,conv2d_15,"(2, 0, 37, 6)",13
4944,conv2d_15,"(2, 0, 25, 20)",1
4945,conv2d_15,"(0, 0, 25, 1)",27
4946,conv2d_15,"(1, 0, 60, 19)",6
4947,conv2d_15,"(1, 1, 14, 12)",19
4948,conv2d_15,"(1, 2, 39, 55)",20
4949,conv2d_15,"(2, 2, 57, 13)",15
4950,conv2d_15,"(2, 1, 3, 27)",11
4951,conv2d_15,"(2, 2, 59, 34)",0
4952,conv2d_15,"(0, 0, 58, 18)",10
4953,conv2d_15,"(1, 0, 3, 23)",18
4954,conv2d_15,"(0, 2, 31, 19)",2
4955,conv2d_15,"(1, 2, 8, 2)",30
4956,conv2d_15,"(1, 2, 52, 14)",31
4957,conv2d_15,"(1, 1, 9, 12)",30
4958,conv2d_15,"(2, 0, 42, 37)",23
4959,conv2d_15,"(0, 1, 9, 6)",9
4960,conv2d_15,"(0, 2, 50, 14)",28
4961,conv2d_15,"(2, 0, 31, 49)",27
4962,conv2d_15,"(1, 2, 28, 21)",25
4963,conv2d_15,"(2, 2, 7, 7)",29
4964,conv2d_15,"(0, 2, 31, 0)",21
4965,conv2d_15,"(0, 2, 40, 36)",11
4966,conv2d_15,"(2, 0, 34, 63)",3
4967,conv2d_15,"(0, 0, 36, 51)",26
4968,conv2d_15,"(2, 0, 40, 44)",4
4969,conv2d_15,"(2, 1, 13, 35)",20
4970,conv2d_15,"(0, 2, 18, 39)",5
4971,conv2d_15,"(2, 2, 54, 19)",21
4972,conv2d_15,"(1, 1, 60, 41)",10
4973,conv2d_15,"(1, 2, 2, 3)",29
4974,conv2d_15,"(2, 2, 34, 46)",8
4975,conv2d_15,"(1, 1, 10, 44)",24
4976,conv2d_15,"(1, 0, 7, 31)",10
4977,conv2d_15,"(2, 2, 48, 18)",13
4978,conv2d_15,"(2, 2, 1, 37)",8
4979,conv2d_15,"(2, 2, 13, 28)",9
4980,conv2d_15,"(0, 2, 6, 24)",2
4981,conv2d_15,"(1, 1, 52, 39)",24
4982,conv2d_15,"(0, 2, 56, 57)",2
4983,conv2d_15,"(1, 0, 29, 19)",22
4984,conv2d_15,"(1, 2, 18, 30)",24
4985,conv2d_15,"(2, 2, 46, 40)",21
4986,conv2d_15,"(2, 2, 33, 36)",9
4987,conv2d_15,"(2, 0, 13, 1)",7
4988,conv2d_15,"(0, 2, 39, 55)",14
4989,conv2d_15,"(2, 2, 56, 20)",6
4990,conv2d_15,"(2, 0, 14, 25)",29
4991,conv2d_15,"(1, 0, 5, 50)",9
4992,conv2d_15,"(2, 2, 22, 12)",0
4993,conv2d_15,"(2, 1, 6, 37)",26
4994,conv2d_15,"(2, 0, 32, 57)",13
4995,conv2d_15,"(1, 1, 61, 2)",22
4996,conv2d_15,"(2, 1, 61, 6)",9
4997,conv2d_15,"(0, 2, 21, 2)",1
4998,conv2d_15,"(1, 2, 35, 31)",17
4999,conv2d_15,"(1, 1, 17, 9)",17
5000,conv2d_15,"(2, 2, 48, 8)",2
5001,conv2d_15,"(0, 1, 34, 23)",9
5002,conv2d_15,"(0, 1, 8, 54)",18
5003,conv2d_15,"(2, 2, 28, 30)",0
5004,conv2d_15,"(0, 2, 5, 1)",8
5005,conv2d_15,"(0, 1, 59, 37)",31
5006,conv2d_15,"(1, 2, 22, 41)",15
5007,conv2d_15,"(2, 1, 29, 54)",21
5008,conv2d_15,"(1, 1, 43, 27)",5
5009,conv2d_15,"(0, 2, 45, 7)",13
5010,conv2d_15,"(1, 1, 63, 9)",28
5011,conv2d_15,"(2, 0, 60, 23)",31
5012,conv2d_15,"(2, 1, 14, 1)",11
5013,conv2d_15,"(1, 2, 59, 48)",10
5014,conv2d_15,"(0, 0, 0, 40)",6
5015,conv2d_15,"(2, 1, 52, 48)",18
5016,conv2d_15,"(0, 2, 16, 58)",3
5017,conv2d_15,"(1, 2, 4, 50)",13
5018,conv2d_15,"(1, 0, 8, 36)",13
5019,conv2d_15,"(0, 1, 49, 59)",2
5020,conv2d_15,"(2, 2, 61, 55)",2
5021,conv2d_15,"(1, 0, 26, 12)",7
5022,conv2d_15,"(1, 1, 42, 57)",24
5023,conv2d_15,"(0, 2, 26, 6)",30
5024,conv2d_15,"(0, 0, 17, 26)",16
5025,conv2d_15,"(1, 2, 34, 16)",9
5026,conv2d_15,"(1, 0, 40, 29)",22
5027,conv2d_15,"(1, 0, 54, 5)",0
5028,conv2d_15,"(1, 2, 13, 35)",12
5029,conv2d_15,"(2, 1, 15, 7)",29
5030,conv2d_15,"(0, 2, 46, 61)",2
5031,conv2d_15,"(0, 1, 1, 41)",16
5032,conv2d_15,"(1, 2, 63, 3)",5
5033,conv2d_15,"(1, 2, 53, 38)",25
5034,conv2d_15,"(1, 1, 14, 29)",20
5035,conv2d_15,"(2, 1, 35, 22)",19
5036,conv2d_15,"(0, 1, 60, 52)",15
5037,conv2d_15,"(0, 0, 45, 54)",17
5038,conv2d_15,"(0, 2, 7, 55)",7
5039,conv2d_15,"(0, 1, 43, 33)",13
5040,conv2d_15,"(0, 1, 63, 61)",7
5041,conv2d_15,"(0, 2, 62, 59)",20
5042,conv2d_15,"(2, 1, 49, 31)",24
5043,conv2d_15,"(0, 0, 36, 39)",9
5044,conv2d_15,"(2, 2, 48, 47)",5
5045,conv2d_15,"(0, 1, 0, 59)",16
5046,conv2d_15,"(0, 0, 63, 32)",0
5047,conv2d_15,"(2, 0, 22, 24)",0
5048,conv2d_15,"(0, 1, 57, 57)",28
5049,conv2d_15,"(1, 2, 63, 15)",0
5050,conv2d_15,"(0, 0, 14, 45)",14
5051,conv2d_15,"(1, 0, 51, 15)",26
5052,conv2d_15,"(2, 0, 43, 0)",28
5053,conv2d_15,"(2, 0, 8, 52)",0
5054,conv2d_15,"(2, 0, 51, 24)",3
5055,conv2d_15,"(2, 1, 46, 9)",20
5056,conv2d_15,"(1, 0, 48, 31)",12
5057,conv2d_15,"(1, 1, 7, 14)",26
5058,conv2d_15,"(0, 0, 35, 24)",4
5059,conv2d_15,"(1, 2, 31, 39)",1
5060,conv2d_15,"(0, 1, 9, 4)",8
5061,conv2d_15,"(1, 1, 24, 58)",14
5062,conv2d_15,"(2, 0, 19, 19)",28
5063,conv2d_15,"(1, 1, 48, 45)",23
5064,conv2d_15,"(1, 0, 62, 29)",14
5065,conv2d_15,"(0, 1, 21, 50)",9
5066,conv2d_15,"(1, 1, 33, 32)",17
5067,conv2d_15,"(0, 2, 38, 7)",31
5068,conv2d_15,"(2, 2, 63, 17)",25
5069,conv2d_15,"(2, 1, 31, 25)",28
5070,conv2d_15,"(1, 0, 49, 8)",16
5071,conv2d_15,"(1, 1, 44, 32)",25
5072,conv2d_15,"(1, 0, 47, 3)",13
5073,conv2d_15,"(1, 1, 41, 59)",21
5074,conv2d_15,"(1, 2, 29, 9)",22
5075,conv2d_15,"(1, 1, 19, 39)",5
5076,conv2d_15,"(1, 0, 34, 8)",27
5077,conv2d_15,"(1, 0, 26, 28)",3
5078,conv2d_15,"(2, 1, 47, 16)",28
5079,conv2d_15,"(2, 0, 11, 20)",16
5080,conv2d_15,"(1, 1, 0, 19)",18
5081,conv2d_15,"(0, 2, 44, 48)",16
5082,conv2d_15,"(1, 0, 56, 12)",26
5083,conv2d_15,"(0, 1, 4, 62)",14
5084,conv2d_15,"(1, 1, 49, 53)",5
5085,conv2d_15,"(1, 0, 56, 36)",28
5086,conv2d_15,"(1, 0, 56, 34)",13
5087,conv2d_15,"(2, 2, 58, 32)",23
5088,conv2d_15,"(2, 0, 43, 48)",31
5089,conv2d_15,"(2, 1, 16, 39)",21
5090,conv2d_15,"(2, 2, 63, 4)",25
5091,conv2d_15,"(0, 1, 15, 37)",27
5092,conv2d_15,"(0, 1, 9, 20)",11
5093,conv2d_15,"(0, 2, 62, 46)",12
5094,conv2d_15,"(1, 1, 21, 24)",2
5095,conv2d_15,"(0, 2, 54, 19)",11
5096,conv2d_15,"(1, 0, 53, 56)",25
5097,conv2d_15,"(0, 2, 63, 41)",0
5098,conv2d_15,"(0, 0, 16, 34)",7
5099,conv2d_15,"(2, 0, 52, 53)",31
5100,conv2d_15,"(1, 2, 50, 45)",6
5101,conv2d_15,"(1, 1, 55, 13)",0
5102,conv2d_15,"(0, 2, 16, 60)",2
5103,conv2d_15,"(2, 1, 11, 18)",22
5104,conv2d_15,"(1, 0, 52, 63)",28
5105,conv2d_15,"(1, 2, 49, 3)",7
5106,conv2d_15,"(1, 0, 47, 36)",5
5107,conv2d_15,"(0, 0, 54, 50)",16
5108,conv2d_15,"(0, 2, 59, 18)",13
5109,conv2d_15,"(1, 1, 42, 2)",24
5110,conv2d_15,"(2, 2, 53, 59)",13
5111,conv2d_15,"(2, 1, 39, 48)",10
5112,conv2d_15,"(2, 0, 18, 45)",5
5113,conv2d_15,"(2, 0, 57, 59)",19
5114,conv2d_15,"(2, 0, 2, 10)",22
5115,conv2d_15,"(1, 2, 58, 16)",6
5116,conv2d_15,"(0, 1, 18, 30)",6
5117,conv2d_15,"(0, 1, 17, 19)",31
5118,conv2d_15,"(1, 0, 58, 43)",16
5119,conv2d_15,"(1, 0, 52, 41)",29
5120,conv2d_15,"(2, 2, 62, 49)",0
5121,conv2d_15,"(2, 2, 25, 42)",27
5122,conv2d_15,"(1, 1, 32, 6)",22
5123,conv2d_15,"(1, 0, 27, 23)",12
5124,conv2d_15,"(2, 0, 2, 31)",0
5125,conv2d_15,"(1, 0, 4, 4)",31
5126,conv2d_15,"(0, 0, 56, 17)",15
5127,conv2d_15,"(2, 1, 51, 26)",3
5128,conv2d_15,"(1, 1, 41, 54)",11
5129,conv2d_15,"(0, 1, 47, 15)",28
5130,conv2d_15,"(2, 0, 59, 35)",11
5131,conv2d_15,"(1, 0, 40, 24)",20
5132,conv2d_15,"(1, 1, 41, 53)",0
5133,conv2d_15,"(2, 1, 0, 58)",17
5134,conv2d_15,"(0, 0, 37, 15)",1
5135,conv2d_15,"(2, 1, 12, 19)",12
5136,conv2d_15,"(2, 2, 39, 54)",17
5137,conv2d_15,"(2, 1, 56, 3)",30
5138,conv2d_15,"(1, 1, 46, 54)",3
5139,conv2d_15,"(1, 2, 5, 20)",28
5140,conv2d_15,"(1, 2, 3, 4)",12
5141,conv2d_15,"(2, 0, 21, 30)",7
5142,conv2d_15,"(0, 2, 38, 58)",20
5143,conv2d_15,"(2, 0, 14, 30)",14
5144,conv2d_15,"(0, 0, 43, 13)",3
5145,conv2d_15,"(2, 0, 27, 25)",14
5146,conv2d_15,"(0, 1, 1, 9)",0
5147,conv2d_15,"(1, 1, 11, 27)",29
5148,conv2d_15,"(0, 0, 11, 16)",20
5149,conv2d_15,"(0, 2, 62, 5)",2
5150,conv2d_15,"(2, 1, 15, 13)",16
5151,conv2d_15,"(2, 1, 29, 37)",25
5152,conv2d_15,"(1, 2, 2, 47)",23
5153,conv2d_15,"(1, 1, 20, 5)",9
5154,conv2d_15,"(0, 1, 25, 11)",6
5155,conv2d_15,"(0, 1, 1, 43)",25
5156,conv2d_15,"(1, 0, 2, 11)",24
5157,conv2d_15,"(0, 1, 43, 59)",10
5158,conv2d_15,"(0, 0, 40, 6)",1
5159,conv2d_15,"(2, 0, 60, 51)",16
5160,conv2d_15,"(2, 0, 8, 59)",22
5161,conv2d_15,"(2, 0, 32, 30)",25
5162,conv2d_15,"(0, 0, 22, 28)",2
5163,conv2d_15,"(2, 2, 20, 40)",1
5164,conv2d_15,"(1, 0, 31, 16)",17
5165,conv2d_15,"(1, 1, 52, 40)",16
5166,conv2d_15,"(1, 2, 35, 0)",17
5167,conv2d_15,"(0, 1, 63, 32)",16
5168,conv2d_15,"(2, 1, 29, 33)",16
5169,conv2d_15,"(0, 0, 3, 57)",0
5170,conv2d_15,"(0, 0, 46, 51)",28
5171,conv2d_15,"(0, 0, 8, 34)",6
5172,conv2d_15,"(2, 1, 39, 49)",29
5173,conv2d_15,"(0, 0, 9, 7)",0
5174,conv2d_15,"(2, 1, 21, 10)",30
5175,conv2d_15,"(1, 0, 37, 2)",28
5176,conv2d_15,"(1, 0, 45, 25)",8
5177,conv2d_15,"(2, 2, 37, 38)",7
5178,conv2d_15,"(2, 1, 24, 32)",28
5179,conv2d_15,"(1, 0, 17, 5)",16
5180,conv2d_15,"(1, 2, 46, 4)",30
5181,conv2d_15,"(0, 0, 60, 42)",11
5182,conv2d_15,"(0, 2, 8, 58)",14
5183,conv2d_15,"(1, 2, 32, 16)",24
5184,conv2d_15,"(0, 2, 5, 20)",6
5185,conv2d_15,"(2, 1, 45, 13)",21
5186,conv2d_15,"(2, 2, 34, 13)",24
5187,conv2d_15,"(2, 0, 11, 45)",28
5188,conv2d_15,"(1, 2, 46, 25)",11
5189,conv2d_15,"(2, 0, 25, 2)",8
5190,conv2d_15,"(1, 2, 52, 0)",0
5191,conv2d_15,"(0, 0, 25, 6)",9
5192,conv2d_15,"(2, 0, 11, 40)",29
5193,conv2d_15,"(1, 0, 5, 52)",23
5194,conv2d_15,"(1, 0, 29, 3)",21
5195,conv2d_15,"(1, 2, 42, 41)",3
5196,conv2d_15,"(1, 0, 34, 36)",31
5197,conv2d_15,"(1, 0, 56, 63)",1
5198,conv2d_15,"(1, 0, 40, 9)",14
5199,conv2d_15,"(1, 1, 39, 4)",28
5200,conv2d_15,"(0, 2, 63, 3)",18
5201,conv2d_15,"(2, 0, 45, 48)",18
5202,conv2d_15,"(2, 2, 2, 28)",13
5203,conv2d_15,"(0, 1, 25, 24)",19
5204,conv2d_15,"(2, 2, 46, 31)",18
5205,conv2d_15,"(0, 0, 31, 61)",10
5206,conv2d_15,"(2, 1, 35, 60)",9
5207,conv2d_15,"(2, 1, 54, 15)",23
5208,conv2d_15,"(1, 2, 20, 28)",12
5209,conv2d_15,"(1, 0, 48, 53)",19
5210,conv2d_15,"(1, 2, 57, 29)",24
5211,conv2d_15,"(2, 2, 47, 43)",15
5212,conv2d_15,"(2, 1, 46, 59)",15
5213,conv2d_15,"(2, 1, 30, 59)",11
5214,conv2d_15,"(2, 2, 35, 41)",26
5215,conv2d_15,"(1, 2, 34, 28)",4
5216,conv2d_15,"(1, 1, 55, 29)",29
5217,conv2d_15,"(0, 1, 36, 19)",8
5218,conv2d_15,"(1, 0, 43, 31)",0
5219,conv2d_15,"(2, 1, 0, 4)",6
5220,conv2d_15,"(1, 2, 56, 38)",29
5221,conv2d_15,"(0, 1, 23, 29)",3
5222,conv2d_15,"(0, 1, 44, 44)",25
5223,conv2d_15,"(1, 1, 48, 2)",29
5224,conv2d_15,"(2, 0, 26, 51)",27
5225,conv2d_15,"(0, 2, 51, 44)",10
5226,conv2d_15,"(1, 0, 46, 51)",18
5227,conv2d_15,"(2, 1, 17, 10)",10
5228,conv2d_15,"(2, 2, 55, 43)",26
5229,conv2d_15,"(2, 0, 16, 23)",20
5230,conv2d_15,"(1, 0, 40, 28)",25
5231,conv2d_15,"(1, 1, 41, 9)",28
5232,conv2d_15,"(2, 1, 21, 27)",1
5233,conv2d_15,"(2, 0, 17, 31)",11
5234,conv2d_15,"(2, 2, 51, 62)",5
5235,conv2d_15,"(0, 0, 3, 53)",18
5236,conv2d_15,"(2, 1, 63, 2)",5
5237,conv2d_15,"(1, 2, 47, 36)",23
5238,conv2d_15,"(1, 2, 37, 62)",7
5239,conv2d_15,"(0, 0, 41, 9)",27
5240,conv2d_15,"(1, 0, 6, 54)",26
5241,conv2d_15,"(0, 2, 41, 60)",22
5242,conv2d_15,"(0, 2, 50, 57)",15
5243,conv2d_15,"(1, 1, 44, 49)",14
5244,conv2d_15,"(1, 2, 21, 59)",0
5245,conv2d_15,"(1, 2, 15, 2)",31
5246,conv2d_15,"(2, 0, 27, 12)",26
5247,conv2d_15,"(1, 0, 40, 40)",12
5248,conv2d_15,"(2, 1, 54, 40)",8
5249,conv2d_15,"(0, 2, 46, 0)",25
5250,conv2d_15,"(0, 2, 1, 24)",24
5251,conv2d_15,"(1, 0, 28, 41)",24
5252,conv2d_15,"(1, 1, 23, 10)",27
5253,conv2d_15,"(2, 1, 16, 5)",16
5254,conv2d_15,"(1, 1, 31, 58)",13
5255,conv2d_15,"(0, 1, 56, 61)",22
5256,conv2d_15,"(2, 1, 33, 37)",15
5257,conv2d_15,"(1, 2, 26, 56)",25
5258,conv2d_15,"(2, 1, 48, 45)",9
5259,conv2d_15,"(0, 0, 15, 0)",1
5260,conv2d_15,"(2, 1, 21, 26)",8
5261,conv2d_15,"(2, 1, 56, 43)",17
5262,conv2d_15,"(1, 0, 9, 40)",5
5263,conv2d_15,"(1, 1, 12, 61)",24
5264,conv2d_15,"(2, 2, 37, 12)",0
5265,conv2d_15,"(0, 1, 27, 27)",8
5266,conv2d_15,"(0, 0, 41, 32)",5
5267,conv2d_15,"(0, 0, 40, 60)",10
5268,conv2d_15,"(2, 0, 58, 55)",0
5269,conv2d_15,"(0, 0, 63, 18)",25
5270,conv2d_15,"(0, 1, 7, 52)",22
5271,conv2d_15,"(1, 0, 15, 49)",22
5272,conv2d_15,"(0, 1, 29, 30)",23
5273,conv2d_15,"(1, 0, 60, 48)",24
5274,conv2d_15,"(2, 0, 13, 14)",16
5275,conv2d_15,"(2, 1, 20, 15)",20
5276,conv2d_15,"(1, 0, 57, 57)",14
5277,conv2d_15,"(0, 1, 62, 58)",0
5278,conv2d_15,"(2, 2, 16, 10)",18
5279,conv2d_15,"(2, 0, 1, 28)",25
5280,conv2d_15,"(1, 0, 34, 4)",28
5281,conv2d_15,"(1, 2, 52, 25)",9
5282,conv2d_15,"(2, 0, 51, 57)",3
5283,conv2d_15,"(1, 1, 30, 29)",11
5284,conv2d_15,"(0, 2, 58, 57)",30
5285,conv2d_15,"(0, 0, 5, 51)",12
5286,conv2d_15,"(2, 0, 63, 62)",24
5287,conv2d_15,"(1, 0, 1, 60)",17
5288,conv2d_15,"(1, 1, 8, 42)",27
5289,conv2d_15,"(2, 1, 31, 31)",17
5290,conv2d_15,"(0, 2, 24, 38)",6
5291,conv2d_15,"(2, 2, 24, 12)",18
5292,conv2d_15,"(1, 1, 33, 23)",14
5293,conv2d_15,"(0, 0, 59, 51)",10
5294,conv2d_15,"(2, 1, 36, 17)",5
5295,conv2d_15,"(0, 0, 25, 34)",25
5296,conv2d_15,"(2, 2, 53, 35)",5
5297,conv2d_15,"(2, 0, 30, 0)",28
5298,conv2d_15,"(2, 0, 10, 33)",2
5299,conv2d_15,"(0, 0, 40, 16)",1
5300,conv2d_15,"(1, 0, 38, 20)",6
5301,conv2d_15,"(1, 2, 14, 22)",2
5302,conv2d_15,"(0, 0, 20, 57)",23
5303,conv2d_15,"(2, 1, 61, 54)",25
5304,conv2d_15,"(0, 1, 56, 63)",9
5305,conv2d_15,"(2, 2, 31, 39)",22
5306,conv2d_15,"(1, 2, 7, 25)",8
5307,conv2d_15,"(1, 1, 26, 6)",26
5308,conv2d_15,"(0, 0, 31, 53)",5
5309,conv2d_15,"(2, 1, 49, 10)",6
5310,conv2d_15,"(0, 2, 59, 25)",25
5311,conv2d_15,"(2, 1, 55, 22)",28
5312,conv2d_15,"(1, 0, 22, 0)",25
5313,conv2d_15,"(1, 0, 37, 37)",8
5314,conv2d_15,"(0, 2, 18, 62)",27
5315,conv2d_15,"(1, 2, 17, 44)",19
5316,conv2d_15,"(1, 2, 43, 34)",22
5317,conv2d_15,"(0, 2, 2, 37)",13
5318,conv2d_15,"(0, 2, 1, 8)",1
5319,conv2d_15,"(2, 1, 11, 32)",25
5320,conv2d_15,"(0, 1, 56, 41)",15
5321,conv2d_15,"(1, 2, 11, 59)",12
5322,conv2d_15,"(0, 1, 18, 43)",10
5323,conv2d_15,"(2, 2, 50, 28)",22
5324,conv2d_15,"(0, 0, 14, 37)",25
5325,conv2d_15,"(2, 2, 7, 28)",29
5326,conv2d_15,"(2, 0, 13, 4)",27
5327,conv2d_15,"(0, 0, 22, 21)",20
5328,conv2d_15,"(0, 1, 19, 18)",6
5329,conv2d_15,"(1, 0, 8, 7)",6
5330,conv2d_15,"(0, 0, 57, 8)",2
5331,conv2d_15,"(2, 1, 52, 39)",22
5332,conv2d_15,"(1, 2, 18, 54)",1
5333,conv2d_15,"(0, 1, 50, 51)",3
5334,conv2d_15,"(0, 2, 17, 6)",15
5335,conv2d_15,"(2, 0, 22, 7)",28
5336,conv2d_15,"(2, 1, 37, 38)",22
5337,conv2d_15,"(1, 0, 45, 35)",25
5338,conv2d_15,"(1, 1, 4, 33)",22
5339,conv2d_15,"(2, 0, 29, 37)",26
5340,conv2d_15,"(1, 2, 9, 9)",30
5341,conv2d_15,"(0, 2, 14, 0)",6
5342,conv2d_15,"(2, 1, 6, 12)",29
5343,conv2d_15,"(1, 2, 31, 13)",16
5344,conv2d_15,"(1, 0, 61, 27)",30
5345,conv2d_15,"(2, 1, 47, 42)",7
5346,conv2d_15,"(2, 2, 12, 21)",6
5347,conv2d_15,"(2, 1, 46, 54)",0
5348,conv2d_15,"(2, 0, 24, 21)",6
5349,conv2d_15,"(2, 0, 51, 0)",11
5350,conv2d_15,"(1, 1, 14, 10)",6
5351,conv2d_15,"(2, 1, 6, 30)",18
5352,conv2d_15,"(0, 2, 56, 33)",10
5353,conv2d_15,"(1, 1, 15, 49)",11
5354,conv2d_15,"(0, 0, 10, 39)",11
5355,conv2d_15,"(0, 2, 61, 29)",24
5356,conv2d_15,"(1, 0, 43, 38)",31
5357,conv2d_15,"(0, 2, 27, 3)",1
5358,conv2d_15,"(2, 0, 23, 62)",2
5359,conv2d_15,"(2, 1, 43, 30)",31
5360,conv2d_15,"(2, 1, 52, 23)",10
5361,conv2d_15,"(0, 1, 3, 43)",12
5362,conv2d_15,"(0, 2, 46, 16)",22
5363,conv2d_15,"(2, 0, 7, 58)",24
5364,conv2d_15,"(0, 2, 56, 0)",7
5365,conv2d_15,"(1, 2, 33, 48)",0
5366,conv2d_15,"(2, 2, 50, 31)",0
5367,conv2d_15,"(2, 2, 28, 19)",12
5368,conv2d_15,"(1, 0, 63, 13)",9
5369,conv2d_15,"(1, 0, 60, 44)",22
5370,conv2d_15,"(2, 1, 32, 46)",9
5371,conv2d_15,"(0, 2, 49, 21)",13
5372,conv2d_15,"(1, 2, 59, 3)",25
5373,conv2d_15,"(1, 2, 59, 15)",14
5374,conv2d_15,"(1, 0, 20, 8)",30
5375,conv2d_15,"(1, 0, 42, 23)",11
5376,conv2d_15,"(2, 1, 2, 41)",7
5377,conv2d_15,"(1, 0, 5, 46)",13
5378,conv2d_15,"(1, 2, 15, 50)",24
5379,conv2d_15,"(2, 0, 52, 26)",11
5380,conv2d_15,"(1, 1, 29, 40)",25
5381,conv2d_15,"(2, 0, 51, 19)",4
5382,conv2d_15,"(0, 0, 41, 24)",30
5383,conv2d_15,"(1, 2, 59, 21)",28
5384,conv2d_15,"(1, 1, 35, 27)",27
5385,conv2d_15,"(1, 0, 63, 18)",4
5386,conv2d_15,"(1, 0, 51, 58)",16
5387,conv2d_15,"(1, 2, 30, 24)",5
5388,conv2d_15,"(2, 1, 33, 57)",29
5389,conv2d_15,"(0, 2, 11, 5)",18
5390,conv2d_15,"(0, 2, 48, 17)",24
5391,conv2d_15,"(1, 0, 20, 46)",30
5392,conv2d_15,"(1, 0, 12, 22)",29
5393,conv2d_15,"(0, 0, 55, 26)",17
5394,conv2d_15,"(1, 1, 27, 62)",12
5395,conv2d_15,"(2, 0, 2, 25)",18
5396,conv2d_15,"(0, 0, 53, 32)",17
5397,conv2d_15,"(0, 2, 0, 53)",20
5398,conv2d_15,"(1, 1, 19, 4)",20
5399,conv2d_15,"(2, 0, 23, 19)",26
5400,conv2d_15,"(0, 0, 16, 3)",3
5401,conv2d_15,"(1, 2, 15, 0)",7
5402,conv2d_15,"(1, 0, 5, 38)",13
5403,conv2d_15,"(0, 0, 57, 37)",25
5404,conv2d_15,"(0, 1, 48, 4)",18
5405,conv2d_15,"(2, 1, 34, 0)",22
5406,conv2d_15,"(0, 2, 46, 28)",31
5407,conv2d_15,"(1, 1, 59, 8)",3
5408,conv2d_15,"(1, 0, 54, 28)",16
5409,conv2d_15,"(0, 1, 51, 33)",13
5410,conv2d_15,"(2, 2, 46, 30)",17
5411,conv2d_15,"(1, 1, 36, 58)",17
5412,conv2d_15,"(2, 2, 20, 1)",25
5413,conv2d_15,"(2, 0, 55, 8)",0
5414,conv2d_15,"(1, 2, 37, 7)",11
5415,conv2d_15,"(0, 2, 6, 59)",28
5416,conv2d_15,"(2, 0, 56, 33)",28
5417,conv2d_15,"(1, 1, 51, 0)",4
5418,conv2d_15,"(0, 0, 25, 26)",25
5419,conv2d_15,"(2, 0, 34, 4)",9
5420,conv2d_15,"(1, 0, 7, 15)",30
5421,conv2d_15,"(2, 0, 48, 8)",21
5422,conv2d_15,"(2, 0, 61, 36)",25
5423,conv2d_15,"(0, 0, 7, 5)",3
5424,conv2d_15,"(1, 0, 57, 32)",0
5425,conv2d_15,"(0, 0, 59, 52)",17
5426,conv2d_15,"(0, 0, 18, 19)",15
5427,conv2d_15,"(0, 2, 50, 6)",0
5428,conv2d_15,"(0, 0, 47, 38)",8
5429,conv2d_15,"(2, 1, 48, 21)",6
5430,conv2d_15,"(2, 1, 51, 1)",30
5431,conv2d_15,"(2, 1, 48, 28)",0
5432,conv2d_15,"(2, 2, 47, 58)",8
5433,conv2d_15,"(1, 1, 15, 0)",30
5434,conv2d_15,"(1, 2, 27, 49)",15
5435,conv2d_15,"(2, 0, 21, 36)",8
5436,conv2d_15,"(1, 1, 12, 11)",24
5437,conv2d_15,"(0, 0, 11, 42)",26
5438,conv2d_15,"(2, 0, 30, 36)",16
5439,conv2d_15,"(2, 1, 1, 27)",29
5440,conv2d_15,"(1, 2, 32, 10)",19
5441,conv2d_15,"(2, 2, 54, 57)",7
5442,conv2d_15,"(1, 2, 9, 36)",21
5443,conv2d_15,"(1, 2, 41, 30)",19
5444,conv2d_15,"(2, 2, 14, 59)",17
5445,conv2d_15,"(1, 1, 60, 4)",21
5446,conv2d_15,"(1, 0, 36, 24)",6
5447,conv2d_15,"(0, 1, 41, 24)",23
5448,conv2d_15,"(2, 0, 3, 18)",19
5449,conv2d_15,"(0, 2, 40, 47)",14
5450,conv2d_15,"(2, 1, 2, 3)",21
5451,conv2d_15,"(0, 1, 42, 14)",27
5452,conv2d_15,"(2, 1, 30, 10)",0
5453,conv2d_15,"(1, 0, 0, 43)",22
5454,conv2d_15,"(2, 1, 11, 61)",28
5455,conv2d_15,"(1, 2, 38, 42)",28
5456,conv2d_15,"(2, 1, 30, 56)",22
5457,conv2d_15,"(2, 1, 6, 31)",21
5458,conv2d_15,"(2, 2, 53, 20)",10
5459,conv2d_15,"(2, 2, 51, 14)",15
5460,conv2d_15,"(1, 0, 4, 13)",9
5461,conv2d_15,"(1, 1, 20, 12)",13
5462,conv2d_15,"(1, 1, 20, 48)",11
5463,conv2d_15,"(2, 1, 4, 11)",22
5464,conv2d_15,"(0, 1, 17, 20)",13
5465,conv2d_15,"(1, 2, 55, 27)",0
5466,conv2d_15,"(0, 0, 1, 58)",26
5467,conv2d_15,"(2, 0, 27, 46)",29
5468,conv2d_15,"(0, 0, 62, 5)",7
5469,conv2d_15,"(1, 0, 24, 40)",27
5470,conv2d_15,"(2, 0, 9, 28)",14
5471,conv2d_15,"(0, 0, 31, 40)",14
5472,conv2d_15,"(0, 1, 29, 51)",27
5473,conv2d_15,"(1, 2, 12, 42)",15
5474,conv2d_15,"(2, 2, 19, 41)",11
5475,conv2d_15,"(2, 2, 9, 14)",21
5476,conv2d_15,"(2, 1, 7, 8)",11
5477,conv2d_15,"(1, 2, 15, 17)",13
5478,conv2d_15,"(2, 2, 61, 18)",21
5479,conv2d_15,"(0, 2, 24, 6)",3
5480,conv2d_15,"(2, 0, 28, 33)",30
5481,conv2d_15,"(2, 0, 4, 59)",13
5482,conv2d_15,"(1, 0, 3, 28)",16
5483,conv2d_15,"(0, 2, 24, 22)",1
5484,conv2d_15,"(0, 2, 22, 33)",10
5485,conv2d_15,"(1, 1, 38, 49)",28
5486,conv2d_15,"(2, 0, 28, 9)",10
5487,conv2d_15,"(0, 2, 20, 16)",12
5488,conv2d_15,"(2, 1, 50, 60)",20
5489,conv2d_15,"(2, 0, 12, 47)",20
5490,conv2d_15,"(0, 0, 6, 29)",29
5491,conv2d_15,"(0, 1, 47, 10)",19
5492,conv2d_15,"(0, 2, 9, 63)",0
5493,conv2d_15,"(0, 2, 11, 47)",29
5494,conv2d_15,"(2, 2, 8, 18)",1
5495,conv2d_15,"(2, 1, 62, 59)",9
5496,conv2d_15,"(1, 1, 16, 27)",27
5497,conv2d_15,"(2, 2, 14, 0)",10
5498,conv2d_15,"(2, 2, 63, 22)",16
5499,conv2d_15,"(2, 1, 45, 32)",12
5500,conv2d_15,"(2, 1, 42, 0)",6
5501,conv2d_15,"(1, 0, 50, 51)",28
5502,conv2d_15,"(2, 0, 9, 27)",9
5503,conv2d_15,"(2, 1, 47, 36)",2
5504,conv2d_15,"(1, 0, 48, 46)",7
5505,conv2d_15,"(1, 2, 38, 46)",15
5506,conv2d_15,"(1, 1, 47, 8)",3
5507,conv2d_15,"(0, 2, 43, 62)",13
5508,conv2d_15,"(1, 0, 20, 53)",15
5509,conv2d_15,"(2, 1, 30, 5)",3
5510,conv2d_15,"(0, 1, 33, 57)",7
5511,conv2d_15,"(0, 2, 42, 15)",24
5512,conv2d_15,"(1, 0, 41, 24)",10
5513,conv2d_15,"(1, 0, 23, 22)",20
5514,conv2d_15,"(1, 2, 15, 42)",31
5515,conv2d_15,"(0, 2, 59, 20)",13
5516,conv2d_15,"(0, 2, 24, 36)",13
5517,conv2d_15,"(1, 0, 2, 41)",8
5518,conv2d_15,"(2, 2, 37, 20)",23
5519,conv2d_15,"(1, 1, 61, 7)",7
5520,conv2d_15,"(1, 0, 56, 35)",14
5521,conv2d_15,"(2, 0, 3, 45)",14
5522,conv2d_15,"(0, 0, 5, 26)",23
5523,conv2d_15,"(0, 1, 10, 61)",14
5524,conv2d_15,"(1, 2, 18, 21)",8
5525,conv2d_15,"(1, 0, 9, 56)",11
5526,conv2d_15,"(2, 2, 8, 35)",24
5527,conv2d_15,"(0, 0, 57, 33)",5
5528,conv2d_15,"(0, 2, 8, 26)",6
5529,conv2d_15,"(1, 2, 57, 38)",2
5530,conv2d_15,"(0, 1, 9, 2)",3
5531,conv2d_15,"(2, 1, 5, 58)",4
5532,conv2d_15,"(0, 1, 57, 17)",25
5533,conv2d_15,"(1, 0, 29, 15)",4
5534,conv2d_15,"(0, 0, 46, 33)",19
5535,conv2d_15,"(2, 1, 35, 31)",2
5536,conv2d_15,"(2, 2, 21, 3)",19
5537,conv2d_15,"(0, 0, 10, 46)",7
5538,conv2d_15,"(1, 0, 12, 48)",30
5539,conv2d_15,"(0, 2, 38, 26)",20
5540,conv2d_15,"(2, 2, 39, 46)",10
5541,conv2d_15,"(2, 1, 40, 54)",12
5542,conv2d_15,"(0, 2, 53, 53)",20
5543,conv2d_15,"(2, 2, 41, 12)",18
5544,conv2d_15,"(0, 1, 21, 18)",15
5545,conv2d_15,"(1, 2, 52, 31)",5
5546,conv2d_15,"(2, 1, 33, 27)",19
5547,conv2d_15,"(1, 2, 33, 0)",8
5548,conv2d_15,"(0, 0, 1, 6)",8
5549,conv2d_15,"(1, 0, 46, 27)",27
5550,conv2d_15,"(0, 2, 47, 30)",29
5551,conv2d_15,"(1, 0, 4, 3)",11
5552,conv2d_15,"(2, 1, 62, 0)",21
5553,conv2d_15,"(0, 1, 17, 22)",31
5554,conv2d_15,"(1, 2, 22, 58)",4
5555,conv2d_15,"(1, 1, 16, 33)",4
5556,conv2d_15,"(1, 0, 2, 53)",6
5557,conv2d_15,"(0, 0, 16, 51)",30
5558,conv2d_15,"(1, 1, 21, 14)",10
5559,conv2d_15,"(0, 0, 6, 2)",15
5560,conv2d_15,"(0, 2, 22, 1)",30
5561,conv2d_15,"(0, 1, 7, 37)",16
5562,conv2d_15,"(2, 1, 48, 0)",5
5563,conv2d_15,"(1, 1, 13, 54)",1
5564,conv2d_15,"(2, 0, 46, 6)",1
5565,conv2d_15,"(1, 0, 2, 31)",2
5566,conv2d_15,"(2, 2, 40, 19)",5
5567,conv2d_15,"(2, 0, 58, 14)",21
5568,conv2d_15,"(2, 2, 9, 1)",15
5569,conv2d_15,"(2, 0, 31, 56)",9
5570,conv2d_15,"(2, 0, 32, 39)",7
5571,conv2d_15,"(2, 2, 55, 6)",7
5572,conv2d_15,"(1, 2, 50, 54)",17
5573,conv2d_15,"(0, 2, 5, 25)",17
5574,conv2d_15,"(2, 1, 29, 0)",4
5575,conv2d_15,"(1, 0, 58, 1)",1
5576,conv2d_15,"(1, 1, 56, 29)",1
5577,conv2d_15,"(2, 2, 36, 48)",4
5578,conv2d_15,"(2, 0, 57, 0)",16
5579,conv2d_15,"(0, 0, 10, 19)",11
5580,conv2d_15,"(1, 0, 9, 0)",7
5581,conv2d_15,"(1, 2, 16, 45)",16
5582,conv2d_15,"(2, 1, 10, 22)",15
5583,conv2d_15,"(0, 1, 11, 23)",4
5584,conv2d_15,"(0, 1, 21, 41)",20
5585,conv2d_15,"(2, 1, 30, 22)",26
5586,conv2d_15,"(0, 2, 18, 44)",8
5587,conv2d_15,"(2, 0, 55, 1)",1
5588,conv2d_15,"(0, 2, 1, 60)",16
5589,conv2d_15,"(2, 2, 1, 58)",14
5590,conv2d_15,"(0, 2, 56, 25)",3
5591,conv2d_15,"(0, 0, 60, 48)",0
5592,conv2d_15,"(1, 1, 60, 47)",30
5593,conv2d_15,"(0, 0, 52, 38)",21
5594,conv2d_15,"(2, 0, 17, 58)",28
5595,conv2d_15,"(2, 0, 50, 5)",29
5596,conv2d_15,"(2, 2, 24, 30)",3
5597,conv2d_15,"(2, 1, 52, 31)",20
5598,conv2d_15,"(2, 2, 46, 0)",9
5599,conv2d_15,"(0, 1, 11, 48)",26
5600,conv2d_15,"(2, 1, 34, 30)",19
5601,conv2d_15,"(0, 1, 9, 60)",30
5602,conv2d_15,"(2, 0, 49, 4)",27
5603,conv2d_15,"(0, 0, 21, 49)",18
5604,conv2d_15,"(0, 0, 13, 14)",5
5605,conv2d_15,"(1, 0, 59, 21)",14
5606,conv2d_15,"(2, 1, 36, 5)",20
5607,conv2d_15,"(1, 2, 52, 24)",14
5608,conv2d_15,"(2, 1, 41, 51)",24
5609,conv2d_15,"(2, 2, 23, 19)",24
5610,conv2d_15,"(0, 0, 40, 5)",17
5611,conv2d_15,"(2, 0, 33, 24)",6
5612,conv2d_15,"(2, 1, 15, 25)",23
5613,conv2d_15,"(0, 1, 59, 57)",8
5614,conv2d_15,"(1, 1, 27, 43)",28
5615,conv2d_15,"(1, 0, 7, 40)",9
5616,conv2d_15,"(1, 0, 12, 50)",17
5617,conv2d_15,"(2, 1, 63, 31)",22
5618,conv2d_15,"(1, 2, 50, 60)",0
5619,conv2d_15,"(1, 0, 42, 28)",22
5620,conv2d_15,"(1, 0, 30, 28)",13
5621,conv2d_15,"(2, 2, 28, 59)",22
5622,conv2d_15,"(2, 2, 51, 41)",15
5623,conv2d_15,"(1, 2, 36, 31)",16
5624,conv2d_15,"(0, 1, 34, 60)",26
5625,conv2d_15,"(1, 1, 30, 37)",29
5626,conv2d_15,"(2, 0, 49, 18)",7
5627,conv2d_15,"(1, 0, 50, 22)",0
5628,conv2d_15,"(0, 0, 35, 47)",24
5629,conv2d_15,"(2, 2, 63, 32)",12
5630,conv2d_15,"(0, 1, 49, 60)",25
5631,conv2d_15,"(0, 0, 51, 18)",28
5632,conv2d_15,"(0, 2, 53, 21)",2
5633,conv2d_15,"(2, 1, 21, 46)",16
5634,conv2d_15,"(1, 0, 9, 58)",4
5635,conv2d_15,"(0, 0, 14, 28)",18
5636,conv2d_15,"(0, 2, 8, 21)",10
5637,conv2d_15,"(2, 2, 3, 63)",28
5638,conv2d_15,"(1, 0, 34, 25)",18
5639,conv2d_15,"(1, 2, 30, 62)",18
5640,conv2d_15,"(0, 0, 27, 46)",10
5641,conv2d_15,"(0, 0, 48, 60)",7
5642,conv2d_15,"(1, 2, 10, 53)",3
5643,conv2d_15,"(1, 2, 48, 30)",21
5644,conv2d_15,"(0, 2, 60, 28)",31
5645,conv2d_15,"(0, 2, 57, 11)",1
5646,conv2d_15,"(0, 0, 22, 44)",5
5647,conv2d_15,"(2, 0, 51, 27)",21
5648,conv2d_15,"(2, 1, 53, 33)",29
5649,conv2d_15,"(1, 1, 46, 44)",0
5650,conv2d_15,"(2, 1, 54, 26)",31
5651,conv2d_15,"(1, 2, 45, 33)",23
5652,conv2d_15,"(0, 0, 63, 59)",21
5653,conv2d_15,"(0, 0, 28, 0)",9
5654,conv2d_15,"(0, 1, 14, 53)",6
5655,conv2d_15,"(1, 1, 12, 13)",22
5656,conv2d_15,"(1, 0, 20, 12)",19
5657,conv2d_15,"(2, 1, 56, 4)",16
5658,conv2d_15,"(0, 1, 63, 12)",5
5659,conv2d_15,"(0, 2, 28, 4)",22
5660,conv2d_15,"(2, 1, 58, 36)",6
5661,conv2d_15,"(1, 0, 53, 4)",8
5662,conv2d_15,"(1, 1, 19, 55)",24
5663,conv2d_15,"(0, 2, 13, 28)",12
5664,conv2d_15,"(0, 1, 24, 36)",21
5665,conv2d_15,"(0, 1, 35, 38)",18
5666,conv2d_15,"(1, 2, 29, 7)",0
5667,conv2d_15,"(1, 1, 14, 61)",17
5668,conv2d_15,"(1, 1, 38, 19)",3
5669,conv2d_15,"(2, 0, 20, 52)",21
5670,conv2d_15,"(2, 2, 16, 13)",25
5671,conv2d_15,"(2, 2, 46, 26)",19
5672,conv2d_15,"(2, 1, 5, 59)",4
5673,conv2d_15,"(1, 0, 24, 1)",9
5674,conv2d_15,"(2, 2, 16, 59)",28
5675,conv2d_15,"(1, 1, 54, 26)",14
5676,conv2d_15,"(1, 1, 12, 44)",4
5677,conv2d_15,"(1, 1, 55, 17)",28
5678,conv2d_15,"(1, 1, 43, 55)",9
5679,conv2d_15,"(1, 1, 24, 39)",6
5680,conv2d_15,"(2, 2, 37, 10)",24
5681,conv2d_15,"(0, 2, 20, 15)",0
5682,conv2d_15,"(2, 0, 51, 21)",26
5683,conv2d_15,"(2, 0, 29, 30)",23
5684,conv2d_15,"(1, 1, 57, 19)",28
5685,conv2d_15,"(0, 0, 55, 62)",30
5686,conv2d_15,"(1, 1, 27, 48)",8
5687,conv2d_15,"(0, 2, 29, 34)",26
5688,conv2d_15,"(2, 2, 18, 59)",13
5689,conv2d_15,"(0, 1, 43, 50)",27
5690,conv2d_15,"(1, 1, 6, 33)",13
5691,conv2d_15,"(0, 0, 61, 28)",7
5692,conv2d_15,"(0, 2, 50, 4)",27
5693,conv2d_15,"(0, 0, 11, 52)",23
5694,conv2d_15,"(1, 1, 47, 12)",2
5695,conv2d_15,"(2, 1, 61, 10)",7
5696,conv2d_15,"(2, 0, 9, 43)",29
5697,conv2d_15,"(0, 2, 2, 46)",21
5698,conv2d_15,"(1, 1, 53, 28)",25
5699,conv2d_15,"(0, 0, 31, 60)",1
5700,conv2d_15,"(2, 2, 53, 23)",18
5701,conv2d_15,"(1, 1, 49, 58)",2
5702,conv2d_15,"(0, 0, 3, 19)",29
5703,conv2d_15,"(1, 1, 59, 47)",27
5704,conv2d_15,"(1, 0, 38, 26)",4
5705,conv2d_15,"(2, 0, 21, 41)",25
5706,conv2d_15,"(2, 2, 25, 3)",3
5707,conv2d_15,"(1, 2, 55, 7)",30
5708,conv2d_15,"(1, 2, 42, 8)",9
5709,conv2d_15,"(0, 2, 54, 0)",25
5710,conv2d_15,"(1, 1, 3, 8)",24
5711,conv2d_15,"(0, 0, 54, 44)",3
5712,conv2d_15,"(2, 2, 37, 24)",10
5713,conv2d_15,"(0, 1, 13, 58)",12
5714,conv2d_15,"(2, 1, 51, 2)",13
5715,conv2d_15,"(2, 0, 39, 15)",22
5716,conv2d_15,"(1, 2, 53, 32)",24
5717,conv2d_15,"(2, 1, 57, 14)",14
5718,conv2d_15,"(1, 1, 49, 8)",3
5719,conv2d_15,"(1, 1, 53, 39)",27
5720,conv2d_15,"(2, 1, 39, 8)",0
5721,conv2d_15,"(2, 1, 57, 42)",0
5722,conv2d_15,"(2, 0, 48, 36)",5
5723,conv2d_15,"(2, 1, 9, 30)",28
5724,conv2d_15,"(1, 1, 20, 59)",9
5725,conv2d_15,"(0, 2, 12, 26)",11
5726,conv2d_15,"(1, 2, 19, 26)",31
5727,conv2d_15,"(2, 1, 43, 59)",24
5728,conv2d_15,"(0, 1, 26, 0)",2
5729,conv2d_15,"(1, 0, 50, 40)",18
5730,conv2d_15,"(0, 0, 58, 25)",15
5731,conv2d_15,"(2, 0, 2, 55)",23
5732,conv2d_15,"(1, 2, 12, 21)",6
5733,conv2d_15,"(0, 0, 29, 1)",1
5734,conv2d_15,"(2, 2, 59, 7)",27
5735,conv2d_15,"(0, 0, 17, 12)",12
5736,conv2d_15,"(1, 0, 44, 41)",30
5737,conv2d_15,"(1, 1, 19, 0)",1
5738,conv2d_15,"(2, 1, 5, 3)",13
5739,conv2d_15,"(0, 2, 10, 48)",18
5740,conv2d_15,"(1, 0, 39, 21)",9
5741,conv2d_15,"(2, 1, 57, 21)",10
5742,conv2d_15,"(2, 1, 53, 19)",24
5743,conv2d_15,"(2, 2, 51, 0)",20
5744,conv2d_15,"(1, 1, 9, 38)",9
5745,conv2d_15,"(1, 1, 32, 26)",24
5746,conv2d_15,"(0, 0, 26, 28)",18
5747,conv2d_15,"(0, 2, 4, 10)",10
5748,conv2d_15,"(2, 2, 33, 56)",6
5749,conv2d_15,"(0, 1, 25, 2)",1
5750,conv2d_15,"(1, 0, 33, 55)",14
5751,conv2d_15,"(2, 0, 25, 0)",16
5752,conv2d_15,"(0, 0, 48, 50)",2
5753,conv2d_15,"(0, 1, 13, 43)",21
5754,conv2d_15,"(1, 1, 15, 27)",15
5755,conv2d_15,"(0, 0, 35, 33)",28
5756,conv2d_15,"(2, 1, 1, 31)",16
5757,conv2d_15,"(0, 1, 40, 16)",30
5758,conv2d_15,"(2, 0, 63, 40)",13
5759,conv2d_15,"(0, 0, 25, 54)",17
5760,conv2d_15,"(0, 2, 19, 36)",23
5761,conv2d_15,"(0, 2, 52, 59)",6
5762,conv2d_15,"(0, 0, 8, 40)",5
5763,conv2d_15,"(2, 1, 23, 52)",18
5764,conv2d_15,"(1, 2, 2, 6)",29
5765,conv2d_15,"(0, 0, 33, 44)",17
5766,conv2d_15,"(2, 1, 33, 21)",2
5767,conv2d_15,"(0, 1, 11, 36)",12
5768,conv2d_15,"(1, 0, 29, 24)",28
5769,conv2d_15,"(0, 1, 40, 59)",8
5770,conv2d_15,"(1, 2, 30, 0)",6
5771,conv2d_15,"(1, 2, 12, 48)",23
5772,conv2d_15,"(1, 2, 51, 29)",24
5773,conv2d_15,"(0, 2, 7, 35)",0
5774,conv2d_15,"(0, 0, 16, 55)",27
5775,conv2d_15,"(0, 1, 1, 34)",28
5776,conv2d_15,"(0, 0, 24, 53)",30
5777,conv2d_15,"(0, 1, 59, 4)",13
5778,conv2d_15,"(2, 1, 60, 36)",5
5779,conv2d_15,"(0, 2, 31, 63)",15
5780,conv2d_15,"(1, 1, 35, 4)",24
5781,conv2d_15,"(1, 1, 1, 49)",22
5782,conv2d_15,"(0, 0, 35, 43)",12
5783,conv2d_15,"(2, 2, 1, 45)",20
5784,conv2d_15,"(2, 2, 22, 48)",2
5785,conv2d_15,"(2, 2, 5, 10)",9
5786,conv2d_15,"(2, 0, 28, 63)",10
5787,conv2d_15,"(1, 1, 62, 24)",25
5788,conv2d_15,"(2, 1, 62, 21)",13
5789,conv2d_15,"(0, 2, 39, 57)",4
5790,conv2d_15,"(1, 2, 39, 30)",26
5791,conv2d_15,"(2, 1, 17, 15)",2
5792,conv2d_15,"(1, 1, 0, 61)",27
5793,conv2d_15,"(1, 0, 63, 0)",21
5794,conv2d_15,"(1, 2, 14, 21)",6
5795,conv2d_15,"(2, 2, 63, 35)",23
5796,conv2d_15,"(1, 2, 29, 33)",9
5797,conv2d_15,"(0, 0, 3, 47)",13
5798,conv2d_15,"(1, 0, 38, 0)",0
5799,conv2d_15,"(1, 0, 21, 10)",15
5800,conv2d_15,"(0, 1, 60, 28)",22
5801,conv2d_15,"(0, 1, 30, 48)",12
5802,conv2d_15,"(2, 2, 13, 39)",20
5803,conv2d_15,"(1, 2, 39, 40)",23
5804,conv2d_15,"(2, 2, 41, 26)",28
5805,conv2d_15,"(2, 2, 60, 28)",22
5806,conv2d_15,"(1, 1, 52, 15)",25
5807,conv2d_15,"(1, 0, 62, 11)",15
5808,conv2d_15,"(2, 0, 48, 53)",15
5809,conv2d_15,"(0, 1, 61, 51)",23
5810,conv2d_15,"(2, 1, 52, 3)",17
5811,conv2d_15,"(2, 2, 11, 16)",27
5812,conv2d_15,"(2, 0, 17, 60)",30
5813,conv2d_15,"(0, 1, 37, 29)",20
5814,conv2d_15,"(1, 2, 63, 58)",20
5815,conv2d_15,"(1, 0, 59, 58)",4
5816,conv2d_15,"(2, 2, 32, 54)",18
5817,conv2d_15,"(1, 2, 63, 63)",8
5818,conv2d_15,"(1, 0, 32, 28)",15
5819,conv2d_15,"(1, 1, 50, 59)",21
5820,conv2d_15,"(2, 0, 10, 13)",26
5821,conv2d_15,"(2, 0, 63, 50)",13
5822,conv2d_15,"(2, 0, 42, 22)",5
5823,conv2d_15,"(1, 2, 51, 32)",28
5824,conv2d_15,"(0, 1, 41, 27)",23
5825,conv2d_15,"(2, 1, 5, 32)",13
5826,conv2d_15,"(1, 0, 46, 60)",19
5827,conv2d_15,"(0, 2, 27, 53)",17
5828,conv2d_15,"(2, 1, 18, 14)",22
5829,conv2d_15,"(2, 2, 13, 37)",28
5830,conv2d_15,"(2, 2, 41, 48)",12
5831,conv2d_15,"(2, 0, 35, 53)",22
5832,conv2d_15,"(0, 0, 44, 58)",22
5833,conv2d_15,"(0, 0, 58, 37)",1
5834,conv2d_15,"(2, 1, 36, 32)",31
5835,conv2d_15,"(2, 2, 10, 36)",5
5836,conv2d_15,"(1, 0, 49, 10)",9
5837,conv2d_15,"(1, 2, 53, 17)",11
5838,conv2d_15,"(0, 2, 32, 34)",5
5839,conv2d_15,"(2, 0, 34, 20)",26
5840,conv2d_15,"(0, 2, 59, 17)",26
5841,conv2d_15,"(2, 2, 17, 31)",26
5842,conv2d_15,"(2, 0, 63, 4)",0
5843,conv2d_15,"(2, 0, 31, 6)",22
5844,conv2d_15,"(1, 1, 24, 3)",12
5845,conv2d_15,"(0, 2, 3, 60)",14
5846,conv2d_15,"(1, 2, 50, 21)",11
5847,conv2d_15,"(1, 1, 54, 51)",11
5848,conv2d_15,"(2, 0, 47, 29)",15
5849,conv2d_15,"(0, 2, 2, 39)",2
5850,conv2d_15,"(2, 2, 10, 0)",8
5851,conv2d_15,"(1, 1, 28, 32)",25
5852,conv2d_15,"(0, 0, 25, 59)",10
5853,conv2d_15,"(0, 2, 59, 33)",2
5854,conv2d_15,"(0, 1, 3, 30)",0
5855,conv2d_15,"(1, 0, 8, 16)",9
5856,conv2d_15,"(2, 1, 9, 26)",16
5857,conv2d_15,"(0, 2, 3, 11)",17
5858,conv2d_15,"(2, 0, 7, 4)",2
5859,conv2d_15,"(0, 2, 32, 46)",3
5860,conv2d_16,"(1, 2, 3, 17)",6
5861,conv2d_16,"(2, 1, 12, 24)",26
5862,conv2d_16,"(0, 1, 7, 25)",22
5863,conv2d_16,"(2, 0, 53, 35)",26
5864,conv2d_16,"(2, 1, 54, 60)",3
5865,conv2d_16,"(2, 2, 17, 61)",29
5866,conv2d_16,"(0, 0, 39, 8)",14
5867,conv2d_16,"(1, 0, 12, 48)",23
5868,conv2d_16,"(1, 2, 15, 2)",4
5869,conv2d_16,"(1, 2, 2, 32)",12
5870,conv2d_16,"(0, 0, 4, 54)",18
5871,conv2d_16,"(0, 1, 7, 57)",14
5872,conv2d_16,"(1, 0, 23, 41)",29
5873,conv2d_16,"(1, 0, 43, 56)",27
5874,conv2d_16,"(1, 2, 11, 36)",10
5875,conv2d_16,"(0, 0, 23, 30)",11
5876,conv2d_16,"(2, 2, 7, 8)",16
5877,conv2d_16,"(2, 1, 1, 52)",27
5878,conv2d_16,"(2, 1, 50, 11)",17
5879,conv2d_16,"(0, 1, 28, 11)",28
5880,conv2d_16,"(0, 1, 3, 43)",21
5881,conv2d_16,"(1, 2, 13, 29)",16
5882,conv2d_16,"(1, 1, 40, 52)",31
5883,conv2d_16,"(2, 2, 10, 18)",2
5884,conv2d_16,"(2, 1, 45, 35)",31
5885,conv2d_16,"(2, 2, 26, 62)",27
5886,conv2d_16,"(0, 1, 34, 50)",12
5887,conv2d_16,"(1, 0, 11, 7)",8
5888,conv2d_16,"(2, 2, 63, 40)",2
5889,conv2d_16,"(2, 1, 16, 57)",26
5890,conv2d_16,"(1, 2, 20, 57)",28
5891,conv2d_16,"(0, 2, 31, 19)",14
5892,conv2d_16,"(2, 1, 28, 41)",26
5893,conv2d_16,"(2, 2, 51, 19)",25
5894,conv2d_16,"(0, 0, 27, 48)",17
5895,conv2d_16,"(0, 0, 16, 58)",7
5896,conv2d_16,"(0, 0, 17, 48)",29
5897,conv2d_16,"(0, 0, 38, 48)",26
5898,conv2d_16,"(2, 2, 54, 30)",15
5899,conv2d_16,"(0, 1, 19, 26)",21
5900,conv2d_16,"(0, 1, 48, 6)",17
5901,conv2d_16,"(1, 1, 0, 62)",6
5902,conv2d_16,"(2, 1, 51, 63)",8
5903,conv2d_16,"(1, 2, 22, 10)",1
5904,conv2d_16,"(2, 1, 46, 44)",29
5905,conv2d_16,"(2, 0, 57, 49)",6
5906,conv2d_16,"(2, 0, 54, 9)",14
5907,conv2d_16,"(2, 0, 58, 48)",31
5908,conv2d_16,"(2, 1, 10, 2)",9
5909,conv2d_16,"(0, 2, 2, 48)",13
5910,conv2d_16,"(1, 1, 6, 36)",19
5911,conv2d_16,"(0, 2, 29, 11)",29
5912,conv2d_16,"(0, 2, 19, 33)",11
5913,conv2d_16,"(1, 2, 39, 14)",25
5914,conv2d_16,"(2, 0, 57, 51)",31
5915,conv2d_16,"(2, 2, 36, 55)",4
5916,conv2d_16,"(0, 0, 55, 2)",4
5917,conv2d_16,"(1, 0, 27, 52)",0
5918,conv2d_16,"(1, 0, 18, 14)",23
5919,conv2d_16,"(1, 2, 10, 27)",19
5920,conv2d_16,"(1, 1, 35, 30)",4
5921,conv2d_16,"(1, 2, 18, 13)",12
5922,conv2d_16,"(1, 2, 12, 43)",4
5923,conv2d_16,"(1, 2, 0, 25)",19
5924,conv2d_16,"(2, 0, 47, 58)",23
5925,conv2d_16,"(0, 2, 55, 26)",1
5926,conv2d_16,"(2, 2, 47, 17)",27
5927,conv2d_16,"(2, 0, 50, 12)",22
5928,conv2d_16,"(2, 2, 37, 0)",15
5929,conv2d_16,"(2, 1, 30, 10)",8
5930,conv2d_16,"(0, 0, 5, 29)",2
5931,conv2d_16,"(1, 0, 14, 23)",22
5932,conv2d_16,"(1, 1, 3, 57)",23
5933,conv2d_16,"(0, 0, 55, 58)",25
5934,conv2d_16,"(1, 2, 63, 4)",18
5935,conv2d_16,"(2, 2, 0, 41)",7
5936,conv2d_16,"(1, 1, 15, 8)",7
5937,conv2d_16,"(0, 2, 0, 40)",7
5938,conv2d_16,"(1, 0, 10, 8)",5
5939,conv2d_16,"(1, 2, 28, 32)",12
5940,conv2d_16,"(1, 0, 25, 1)",4
5941,conv2d_16,"(0, 0, 28, 18)",19
5942,conv2d_16,"(2, 0, 27, 28)",25
5943,conv2d_16,"(1, 1, 26, 6)",18
5944,conv2d_16,"(1, 1, 11, 51)",23
5945,conv2d_16,"(2, 1, 27, 29)",18
5946,conv2d_16,"(0, 2, 26, 58)",1
5947,conv2d_16,"(0, 1, 55, 7)",13
5948,conv2d_16,"(1, 1, 22, 2)",17
5949,conv2d_16,"(0, 2, 61, 25)",8
5950,conv2d_16,"(0, 2, 59, 38)",24
5951,conv2d_16,"(1, 1, 33, 7)",1
5952,conv2d_16,"(0, 2, 3, 55)",1
5953,conv2d_16,"(0, 1, 23, 44)",16
5954,conv2d_16,"(1, 2, 1, 12)",11
5955,conv2d_16,"(1, 1, 1, 26)",12
5956,conv2d_16,"(2, 0, 40, 2)",10
5957,conv2d_16,"(2, 1, 18, 61)",23
5958,conv2d_16,"(1, 2, 16, 59)",6
5959,conv2d_16,"(1, 0, 28, 20)",17
5960,conv2d_16,"(2, 1, 42, 50)",2
5961,conv2d_16,"(1, 0, 52, 57)",15
5962,conv2d_16,"(0, 0, 8, 60)",15
5963,conv2d_16,"(2, 2, 11, 0)",4
5964,conv2d_16,"(0, 1, 26, 37)",12
5965,conv2d_16,"(1, 2, 19, 45)",25
5966,conv2d_16,"(2, 0, 11, 26)",2
5967,conv2d_16,"(2, 0, 50, 49)",26
5968,conv2d_16,"(0, 2, 43, 4)",6
5969,conv2d_16,"(2, 0, 60, 53)",3
5970,conv2d_16,"(2, 0, 55, 44)",14
5971,conv2d_16,"(0, 1, 62, 6)",13
5972,conv2d_16,"(2, 1, 35, 48)",21
5973,conv2d_16,"(0, 1, 28, 4)",8
5974,conv2d_16,"(0, 1, 25, 12)",17
5975,conv2d_16,"(0, 1, 48, 24)",2
5976,conv2d_16,"(2, 2, 0, 7)",28
5977,conv2d_16,"(2, 0, 49, 28)",21
5978,conv2d_16,"(0, 0, 37, 53)",20
5979,conv2d_16,"(1, 0, 30, 50)",29
5980,conv2d_16,"(2, 1, 44, 53)",23
5981,conv2d_16,"(0, 2, 47, 7)",1
5982,conv2d_16,"(2, 1, 56, 11)",15
5983,conv2d_16,"(2, 1, 60, 37)",20
5984,conv2d_16,"(0, 1, 11, 0)",10
5985,conv2d_16,"(2, 2, 43, 45)",11
5986,conv2d_16,"(0, 0, 3, 34)",24
5987,conv2d_16,"(0, 2, 18, 8)",12
5988,conv2d_16,"(2, 2, 47, 46)",16
5989,conv2d_16,"(2, 0, 38, 50)",19
5990,conv2d_16,"(1, 2, 4, 22)",15
5991,conv2d_16,"(2, 2, 55, 4)",5
5992,conv2d_16,"(0, 0, 34, 19)",26
5993,conv2d_16,"(1, 2, 18, 49)",14
5994,conv2d_16,"(1, 2, 18, 63)",30
5995,conv2d_16,"(0, 1, 8, 1)",19
5996,conv2d_16,"(2, 2, 17, 44)",30
5997,conv2d_16,"(1, 0, 39, 14)",20
5998,conv2d_16,"(0, 2, 54, 30)",19
5999,conv2d_16,"(2, 2, 11, 19)",19
6000,conv2d_16,"(2, 2, 18, 1)",15
6001,conv2d_16,"(0, 0, 10, 1)",28
6002,conv2d_16,"(0, 1, 8, 41)",11
6003,conv2d_16,"(2, 2, 48, 51)",19
6004,conv2d_16,"(1, 2, 44, 56)",15
6005,conv2d_16,"(1, 0, 5, 44)",1
6006,conv2d_16,"(2, 2, 35, 1)",22
6007,conv2d_16,"(0, 0, 26, 42)",2
6008,conv2d_16,"(1, 0, 35, 58)",26
6009,conv2d_16,"(0, 2, 6, 62)",5
6010,conv2d_16,"(1, 0, 50, 26)",24
6011,conv2d_16,"(0, 1, 42, 20)",23
6012,conv2d_16,"(1, 0, 34, 9)",8
6013,conv2d_16,"(1, 1, 22, 46)",11
6014,conv2d_16,"(2, 2, 28, 22)",21
6015,conv2d_16,"(2, 0, 51, 5)",16
6016,conv2d_16,"(1, 2, 20, 60)",20
6017,conv2d_16,"(1, 1, 20, 15)",8
6018,conv2d_16,"(2, 2, 39, 57)",15
6019,conv2d_16,"(2, 2, 19, 11)",31
6020,conv2d_16,"(2, 1, 61, 61)",5
6021,conv2d_16,"(0, 0, 4, 38)",30
6022,conv2d_16,"(1, 0, 40, 53)",3
6023,conv2d_16,"(2, 1, 0, 62)",17
6024,conv2d_16,"(0, 0, 9, 51)",10
6025,conv2d_16,"(0, 1, 29, 48)",7
6026,conv2d_16,"(1, 2, 11, 7)",9
6027,conv2d_16,"(0, 1, 16, 62)",7
6028,conv2d_16,"(1, 1, 59, 43)",26
6029,conv2d_16,"(1, 2, 41, 3)",24
6030,conv2d_16,"(2, 2, 55, 52)",26
6031,conv2d_16,"(2, 1, 26, 19)",24
6032,conv2d_16,"(0, 2, 20, 9)",6
6033,conv2d_16,"(2, 2, 15, 47)",14
6034,conv2d_16,"(2, 1, 34, 50)",14
6035,conv2d_16,"(0, 1, 33, 24)",24
6036,conv2d_16,"(2, 1, 41, 44)",6
6037,conv2d_16,"(0, 1, 36, 52)",6
6038,conv2d_16,"(2, 2, 4, 49)",11
6039,conv2d_16,"(0, 2, 33, 30)",17
6040,conv2d_16,"(0, 1, 46, 0)",3
6041,conv2d_16,"(2, 0, 19, 1)",6
6042,conv2d_16,"(1, 0, 37, 24)",20
6043,conv2d_16,"(2, 1, 51, 13)",26
6044,conv2d_16,"(2, 2, 54, 2)",3
6045,conv2d_16,"(1, 0, 15, 30)",25
6046,conv2d_16,"(1, 0, 7, 17)",30
6047,conv2d_16,"(1, 1, 16, 32)",29
6048,conv2d_16,"(1, 0, 40, 54)",31
6049,conv2d_16,"(2, 2, 21, 14)",0
6050,conv2d_16,"(1, 2, 12, 57)",15
6051,conv2d_16,"(2, 1, 30, 42)",6
6052,conv2d_16,"(1, 2, 14, 56)",3
6053,conv2d_16,"(1, 1, 30, 16)",9
6054,conv2d_16,"(1, 0, 46, 58)",18
6055,conv2d_16,"(1, 0, 40, 48)",2
6056,conv2d_16,"(2, 1, 36, 44)",10
6057,conv2d_16,"(2, 0, 44, 8)",1
6058,conv2d_16,"(2, 0, 33, 32)",2
6059,conv2d_16,"(0, 1, 21, 36)",3
6060,conv2d_16,"(2, 0, 30, 53)",18
6061,conv2d_16,"(0, 1, 1, 27)",22
6062,conv2d_16,"(1, 0, 14, 0)",17
6063,conv2d_16,"(0, 1, 4, 28)",19
6064,conv2d_16,"(1, 1, 61, 43)",11
6065,conv2d_16,"(1, 1, 12, 17)",9
6066,conv2d_16,"(0, 0, 40, 7)",5
6067,conv2d_16,"(0, 0, 8, 23)",0
6068,conv2d_16,"(2, 2, 38, 25)",25
6069,conv2d_16,"(1, 2, 56, 43)",17
6070,conv2d_16,"(0, 2, 60, 9)",31
6071,conv2d_16,"(0, 1, 16, 33)",25
6072,conv2d_16,"(1, 0, 16, 50)",16
6073,conv2d_16,"(1, 0, 17, 52)",24
6074,conv2d_16,"(2, 2, 45, 48)",2
6075,conv2d_16,"(0, 0, 30, 42)",24
6076,conv2d_16,"(1, 1, 58, 3)",0
6077,conv2d_16,"(1, 2, 1, 14)",13
6078,conv2d_16,"(0, 2, 25, 50)",12
6079,conv2d_16,"(1, 0, 17, 25)",14
6080,conv2d_16,"(2, 1, 31, 6)",28
6081,conv2d_16,"(2, 0, 59, 9)",12
6082,conv2d_16,"(0, 2, 41, 2)",30
6083,conv2d_16,"(2, 2, 2, 56)",12
6084,conv2d_16,"(1, 2, 56, 22)",0
6085,conv2d_16,"(0, 2, 5, 32)",5
6086,conv2d_16,"(1, 1, 50, 48)",1
6087,conv2d_16,"(2, 2, 59, 28)",11
6088,conv2d_16,"(2, 2, 9, 8)",11
6089,conv2d_16,"(1, 1, 43, 58)",31
6090,conv2d_16,"(2, 0, 34, 30)",15
6091,conv2d_16,"(1, 2, 13, 48)",2
6092,conv2d_16,"(0, 2, 56, 17)",10
6093,conv2d_16,"(0, 1, 16, 41)",10
6094,conv2d_16,"(0, 1, 56, 28)",9
6095,conv2d_16,"(1, 0, 6, 30)",7
6096,conv2d_16,"(2, 2, 29, 54)",23
6097,conv2d_16,"(0, 2, 61, 59)",22
6098,conv2d_16,"(0, 0, 46, 18)",2
6099,conv2d_16,"(0, 0, 12, 13)",7
6100,conv2d_16,"(0, 0, 43, 40)",22
6101,conv2d_16,"(1, 1, 6, 54)",28
6102,conv2d_16,"(2, 1, 33, 30)",31
6103,conv2d_16,"(1, 1, 25, 35)",14
6104,conv2d_16,"(1, 2, 54, 28)",28
6105,conv2d_16,"(2, 0, 10, 36)",12
6106,conv2d_16,"(0, 2, 58, 19)",23
6107,conv2d_16,"(1, 1, 2, 17)",11
6108,conv2d_16,"(0, 1, 6, 6)",31
6109,conv2d_16,"(0, 2, 14, 48)",31
6110,conv2d_16,"(0, 1, 29, 7)",3
6111,conv2d_16,"(2, 2, 31, 51)",1
6112,conv2d_16,"(2, 1, 58, 48)",21
6113,conv2d_16,"(1, 2, 53, 21)",21
6114,conv2d_16,"(1, 1, 30, 28)",19
6115,conv2d_16,"(1, 2, 3, 16)",17
6116,conv2d_16,"(2, 2, 0, 54)",29
6117,conv2d_16,"(1, 0, 16, 17)",28
6118,conv2d_16,"(2, 0, 60, 4)",16
6119,conv2d_16,"(0, 2, 58, 55)",21
6120,conv2d_16,"(2, 0, 57, 47)",26
6121,conv2d_16,"(1, 0, 15, 11)",5
6122,conv2d_16,"(1, 1, 19, 62)",20
6123,conv2d_16,"(0, 2, 10, 38)",29
6124,conv2d_16,"(0, 2, 10, 22)",23
6125,conv2d_16,"(0, 2, 43, 43)",27
6126,conv2d_16,"(0, 2, 46, 38)",15
6127,conv2d_16,"(1, 1, 20, 6)",24
6128,conv2d_16,"(2, 0, 54, 22)",3
6129,conv2d_16,"(1, 0, 40, 18)",8
6130,conv2d_16,"(2, 2, 40, 31)",31
6131,conv2d_16,"(2, 2, 63, 34)",13
6132,conv2d_16,"(2, 1, 59, 41)",21
6133,conv2d_16,"(2, 2, 19, 1)",3
6134,conv2d_16,"(1, 0, 59, 6)",0
6135,conv2d_16,"(1, 0, 27, 56)",12
6136,conv2d_16,"(2, 2, 44, 58)",11
6137,conv2d_16,"(1, 2, 2, 41)",11
6138,conv2d_16,"(0, 0, 29, 56)",6
6139,conv2d_16,"(2, 1, 8, 14)",17
6140,conv2d_16,"(1, 2, 13, 62)",31
6141,conv2d_16,"(0, 2, 12, 50)",7
6142,conv2d_16,"(0, 2, 14, 52)",5
6143,conv2d_16,"(1, 2, 31, 46)",16
6144,conv2d_16,"(0, 0, 22, 35)",15
6145,conv2d_16,"(1, 2, 53, 27)",15
6146,conv2d_16,"(1, 2, 9, 28)",13
6147,conv2d_16,"(2, 1, 0, 5)",8
6148,conv2d_16,"(2, 2, 41, 34)",9
6149,conv2d_16,"(0, 0, 59, 5)",28
6150,conv2d_16,"(2, 2, 61, 38)",6
6151,conv2d_16,"(1, 1, 18, 11)",26
6152,conv2d_16,"(2, 0, 58, 40)",8
6153,conv2d_16,"(1, 0, 28, 3)",7
6154,conv2d_16,"(0, 0, 62, 43)",8
6155,conv2d_16,"(0, 2, 1, 49)",26
6156,conv2d_16,"(1, 1, 51, 2)",31
6157,conv2d_16,"(1, 2, 34, 1)",13
6158,conv2d_16,"(2, 0, 53, 47)",12
6159,conv2d_16,"(1, 0, 49, 8)",31
6160,conv2d_16,"(2, 1, 43, 13)",10
6161,conv2d_16,"(0, 0, 36, 30)",15
6162,conv2d_16,"(1, 0, 36, 22)",10
6163,conv2d_16,"(1, 1, 47, 31)",12
6164,conv2d_16,"(2, 2, 28, 59)",18
6165,conv2d_16,"(2, 0, 53, 63)",28
6166,conv2d_16,"(2, 0, 50, 1)",15
6167,conv2d_16,"(2, 1, 62, 15)",12
6168,conv2d_16,"(0, 1, 2, 3)",27
6169,conv2d_16,"(0, 0, 32, 52)",11
6170,conv2d_16,"(0, 2, 54, 58)",0
6171,conv2d_16,"(1, 1, 44, 32)",2
6172,conv2d_16,"(0, 0, 49, 26)",30
6173,conv2d_16,"(0, 2, 37, 37)",25
6174,conv2d_16,"(1, 0, 25, 45)",6
6175,conv2d_16,"(1, 1, 22, 39)",25
6176,conv2d_16,"(1, 0, 30, 26)",1
6177,conv2d_16,"(1, 2, 38, 55)",23
6178,conv2d_16,"(0, 2, 25, 32)",2
6179,conv2d_16,"(2, 1, 62, 48)",0
6180,conv2d_16,"(2, 0, 55, 60)",14
6181,conv2d_16,"(2, 1, 45, 1)",25
6182,conv2d_16,"(1, 1, 55, 18)",20
6183,conv2d_16,"(2, 1, 6, 20)",6
6184,conv2d_16,"(2, 0, 26, 51)",23
6185,conv2d_16,"(1, 2, 53, 58)",7
6186,conv2d_16,"(1, 0, 41, 27)",9
6187,conv2d_16,"(0, 0, 59, 38)",4
6188,conv2d_16,"(1, 1, 10, 44)",3
6189,conv2d_16,"(1, 2, 62, 33)",7
6190,conv2d_16,"(2, 0, 41, 23)",1
6191,conv2d_16,"(1, 2, 41, 62)",6
6192,conv2d_16,"(2, 2, 2, 26)",30
6193,conv2d_16,"(1, 0, 56, 43)",1
6194,conv2d_16,"(0, 2, 11, 20)",6
6195,conv2d_16,"(1, 2, 63, 27)",8
6196,conv2d_16,"(0, 2, 31, 28)",21
6197,conv2d_16,"(0, 0, 47, 4)",26
6198,conv2d_16,"(0, 0, 33, 60)",10
6199,conv2d_16,"(1, 0, 62, 30)",16
6200,conv2d_16,"(0, 1, 26, 4)",6
6201,conv2d_16,"(2, 0, 6, 40)",1
6202,conv2d_16,"(2, 1, 52, 10)",27
6203,conv2d_16,"(0, 2, 51, 35)",26
6204,conv2d_16,"(0, 0, 17, 46)",22
6205,conv2d_16,"(2, 1, 51, 32)",16
6206,conv2d_16,"(1, 0, 31, 34)",16
6207,conv2d_16,"(1, 0, 1, 49)",16
6208,conv2d_16,"(1, 1, 15, 63)",4
6209,conv2d_16,"(1, 0, 55, 63)",7
6210,conv2d_16,"(1, 1, 61, 58)",22
6211,conv2d_16,"(2, 1, 5, 24)",9
6212,conv2d_16,"(1, 2, 62, 9)",5
6213,conv2d_16,"(2, 0, 59, 27)",17
6214,conv2d_16,"(0, 0, 50, 29)",25
6215,conv2d_16,"(0, 1, 26, 56)",15
6216,conv2d_16,"(1, 2, 49, 27)",12
6217,conv2d_16,"(1, 2, 20, 10)",12
6218,conv2d_16,"(0, 1, 59, 56)",9
6219,conv2d_16,"(2, 2, 8, 31)",6
6220,conv2d_16,"(1, 1, 3, 27)",2
6221,conv2d_16,"(2, 1, 34, 29)",26
6222,conv2d_16,"(2, 1, 45, 23)",16
6223,conv2d_16,"(0, 1, 18, 23)",27
6224,conv2d_16,"(1, 0, 42, 8)",20
6225,conv2d_16,"(0, 1, 50, 20)",17
6226,conv2d_16,"(0, 1, 16, 46)",8
6227,conv2d_16,"(1, 0, 7, 5)",17
6228,conv2d_16,"(1, 2, 43, 33)",8
6229,conv2d_16,"(1, 1, 52, 25)",31
6230,conv2d_16,"(2, 0, 43, 26)",4
6231,conv2d_16,"(2, 0, 28, 15)",10
6232,conv2d_16,"(1, 2, 25, 28)",14
6233,conv2d_16,"(0, 0, 24, 50)",9
6234,conv2d_16,"(0, 1, 55, 46)",19
6235,conv2d_16,"(1, 0, 52, 30)",2
6236,conv2d_16,"(0, 2, 11, 7)",14
6237,conv2d_16,"(0, 0, 15, 19)",19
6238,conv2d_16,"(1, 2, 21, 26)",31
6239,conv2d_16,"(1, 1, 16, 40)",11
6240,conv2d_16,"(1, 0, 35, 12)",26
6241,conv2d_16,"(0, 2, 53, 63)",1
6242,conv2d_16,"(0, 0, 1, 52)",10
6243,conv2d_16,"(1, 1, 20, 19)",14
6244,conv2d_16,"(0, 2, 18, 52)",1
6245,conv2d_16,"(2, 2, 11, 32)",0
6246,conv2d_16,"(2, 0, 41, 21)",0
6247,conv2d_16,"(2, 1, 13, 7)",28
6248,conv2d_16,"(2, 0, 38, 6)",24
6249,conv2d_16,"(2, 1, 55, 30)",20
6250,conv2d_16,"(1, 0, 50, 50)",7
6251,conv2d_16,"(2, 1, 27, 23)",16
6252,conv2d_16,"(0, 2, 37, 35)",26
6253,conv2d_16,"(0, 0, 55, 28)",3
6254,conv2d_16,"(1, 0, 25, 4)",9
6255,conv2d_16,"(0, 1, 33, 55)",26
6256,conv2d_16,"(0, 2, 34, 31)",14
6257,conv2d_16,"(1, 2, 43, 38)",2
6258,conv2d_16,"(1, 1, 16, 23)",31
6259,conv2d_16,"(2, 1, 10, 42)",21
6260,conv2d_16,"(2, 1, 7, 56)",25
6261,conv2d_16,"(2, 1, 30, 3)",3
6262,conv2d_16,"(0, 2, 28, 34)",24
6263,conv2d_16,"(0, 0, 26, 34)",15
6264,conv2d_16,"(1, 2, 29, 5)",4
6265,conv2d_16,"(0, 2, 35, 29)",8
6266,conv2d_16,"(1, 0, 56, 26)",8
6267,conv2d_16,"(2, 0, 14, 22)",16
6268,conv2d_16,"(1, 1, 20, 41)",0
6269,conv2d_16,"(2, 2, 7, 19)",3
6270,conv2d_16,"(1, 2, 45, 46)",16
6271,conv2d_16,"(2, 1, 5, 57)",4
6272,conv2d_16,"(2, 0, 15, 26)",12
6273,conv2d_16,"(1, 0, 51, 55)",20
6274,conv2d_16,"(2, 0, 37, 61)",14
6275,conv2d_16,"(0, 2, 15, 48)",21
6276,conv2d_16,"(0, 2, 62, 3)",6
6277,conv2d_16,"(1, 2, 8, 27)",10
6278,conv2d_16,"(0, 2, 45, 54)",5
6279,conv2d_16,"(0, 1, 59, 17)",19
6280,conv2d_16,"(0, 1, 1, 57)",4
6281,conv2d_16,"(1, 2, 59, 55)",8
6282,conv2d_16,"(2, 2, 30, 20)",17
6283,conv2d_16,"(2, 2, 19, 44)",7
6284,conv2d_16,"(2, 2, 33, 31)",29
6285,conv2d_16,"(2, 1, 27, 62)",5
6286,conv2d_16,"(1, 0, 24, 26)",18
6287,conv2d_16,"(1, 2, 49, 9)",5
6288,conv2d_16,"(0, 0, 43, 7)",17
6289,conv2d_16,"(2, 2, 13, 8)",4
6290,conv2d_16,"(0, 1, 1, 40)",25
6291,conv2d_16,"(0, 0, 54, 28)",1
6292,conv2d_16,"(0, 0, 29, 61)",27
6293,conv2d_16,"(0, 1, 3, 1)",14
6294,conv2d_16,"(2, 2, 43, 18)",16
6295,conv2d_16,"(1, 0, 59, 1)",8
6296,conv2d_16,"(0, 1, 46, 14)",1
6297,conv2d_16,"(0, 2, 20, 26)",5
6298,conv2d_16,"(2, 2, 29, 42)",10
6299,conv2d_16,"(2, 1, 28, 53)",19
6300,conv2d_16,"(2, 0, 28, 23)",27
6301,conv2d_16,"(0, 1, 26, 3)",3
6302,conv2d_16,"(1, 1, 52, 2)",29
6303,conv2d_16,"(1, 2, 20, 23)",9
6304,conv2d_16,"(0, 2, 63, 62)",27
6305,conv2d_16,"(2, 2, 43, 12)",8
6306,conv2d_16,"(2, 1, 50, 13)",8
6307,conv2d_16,"(0, 0, 9, 45)",30
6308,conv2d_16,"(1, 2, 27, 30)",5
6309,conv2d_16,"(2, 0, 26, 9)",1
6310,conv2d_16,"(0, 0, 62, 42)",6
6311,conv2d_16,"(2, 1, 16, 50)",1
6312,conv2d_16,"(1, 2, 53, 47)",11
6313,conv2d_16,"(1, 1, 40, 19)",30
6314,conv2d_16,"(1, 1, 36, 12)",4
6315,conv2d_16,"(0, 2, 23, 7)",11
6316,conv2d_16,"(1, 1, 6, 61)",4
6317,conv2d_16,"(0, 2, 11, 34)",18
6318,conv2d_16,"(0, 0, 45, 34)",24
6319,conv2d_16,"(0, 2, 2, 11)",7
6320,conv2d_16,"(2, 1, 1, 56)",16
6321,conv2d_16,"(1, 2, 17, 28)",23
6322,conv2d_16,"(0, 1, 60, 25)",27
6323,conv2d_16,"(0, 0, 36, 56)",17
6324,conv2d_16,"(1, 1, 39, 36)",19
6325,conv2d_16,"(2, 2, 31, 13)",17
6326,conv2d_16,"(2, 2, 54, 7)",20
6327,conv2d_16,"(1, 0, 24, 30)",20
6328,conv2d_16,"(2, 1, 4, 36)",19
6329,conv2d_16,"(0, 2, 16, 41)",31
6330,conv2d_16,"(0, 0, 56, 51)",30
6331,conv2d_16,"(2, 2, 6, 33)",6
6332,conv2d_16,"(0, 1, 32, 63)",16
6333,conv2d_16,"(0, 2, 40, 20)",1
6334,conv2d_16,"(2, 1, 60, 3)",17
6335,conv2d_16,"(0, 1, 39, 23)",11
6336,conv2d_16,"(1, 1, 59, 15)",5
6337,conv2d_16,"(2, 0, 24, 50)",1
6338,conv2d_16,"(2, 2, 46, 26)",9
6339,conv2d_16,"(2, 0, 61, 1)",25
6340,conv2d_16,"(1, 0, 49, 62)",0
6341,conv2d_16,"(2, 1, 61, 2)",4
6342,conv2d_16,"(2, 1, 16, 45)",18
6343,conv2d_16,"(1, 2, 62, 2)",0
6344,conv2d_16,"(1, 0, 12, 25)",30
6345,conv2d_16,"(1, 1, 33, 40)",8
6346,conv2d_16,"(2, 0, 17, 36)",8
6347,conv2d_16,"(1, 2, 7, 53)",22
6348,conv2d_16,"(1, 0, 4, 9)",4
6349,conv2d_16,"(0, 2, 4, 56)",17
6350,conv2d_16,"(1, 1, 49, 30)",16
6351,conv2d_16,"(1, 2, 24, 18)",11
6352,conv2d_16,"(0, 1, 53, 32)",29
6353,conv2d_16,"(2, 2, 25, 32)",21
6354,conv2d_16,"(2, 0, 54, 44)",13
6355,conv2d_16,"(0, 1, 1, 63)",22
6356,conv2d_16,"(1, 1, 0, 40)",4
6357,conv2d_16,"(0, 2, 7, 34)",8
6358,conv2d_16,"(2, 2, 59, 39)",8
6359,conv2d_16,"(1, 2, 41, 10)",22
6360,conv2d_16,"(2, 2, 1, 56)",8
6361,conv2d_16,"(1, 1, 56, 50)",14
6362,conv2d_16,"(1, 1, 32, 51)",13
6363,conv2d_16,"(0, 1, 20, 26)",21
6364,conv2d_16,"(1, 1, 57, 34)",10
6365,conv2d_16,"(2, 1, 0, 53)",16
6366,conv2d_16,"(0, 0, 39, 47)",5
6367,conv2d_16,"(1, 1, 48, 40)",21
6368,conv2d_16,"(0, 2, 45, 21)",1
6369,conv2d_16,"(1, 0, 37, 27)",7
6370,conv2d_16,"(1, 0, 4, 18)",31
6371,conv2d_16,"(2, 0, 42, 33)",5
6372,conv2d_16,"(0, 0, 43, 50)",14
6373,conv2d_16,"(1, 1, 62, 22)",22
6374,conv2d_16,"(2, 2, 20, 25)",4
6375,conv2d_16,"(1, 1, 21, 14)",31
6376,conv2d_16,"(1, 0, 29, 1)",31
6377,conv2d_16,"(1, 0, 4, 29)",5
6378,conv2d_16,"(0, 0, 33, 54)",24
6379,conv2d_16,"(2, 2, 16, 33)",16
6380,conv2d_16,"(0, 2, 4, 55)",12
6381,conv2d_16,"(2, 1, 30, 23)",0
6382,conv2d_16,"(0, 0, 6, 41)",4
6383,conv2d_16,"(2, 2, 40, 30)",16
6384,conv2d_16,"(2, 2, 62, 55)",0
6385,conv2d_16,"(1, 2, 32, 21)",4
6386,conv2d_16,"(0, 0, 17, 26)",9
6387,conv2d_16,"(0, 1, 41, 3)",1
6388,conv2d_16,"(2, 2, 42, 44)",15
6389,conv2d_16,"(0, 0, 11, 30)",18
6390,conv2d_16,"(2, 2, 41, 28)",19
6391,conv2d_16,"(0, 1, 23, 45)",6
6392,conv2d_16,"(1, 0, 32, 0)",24
6393,conv2d_16,"(0, 0, 25, 30)",15
6394,conv2d_16,"(2, 1, 49, 3)",24
6395,conv2d_16,"(2, 0, 57, 36)",12
6396,conv2d_16,"(2, 2, 62, 12)",31
6397,conv2d_16,"(0, 0, 41, 60)",5
6398,conv2d_16,"(1, 1, 8, 35)",7
6399,conv2d_16,"(0, 1, 32, 15)",30
6400,conv2d_16,"(1, 0, 58, 55)",1
6401,conv2d_16,"(2, 2, 22, 10)",29
6402,conv2d_16,"(1, 1, 63, 1)",8
6403,conv2d_16,"(0, 1, 2, 41)",22
6404,conv2d_16,"(0, 1, 6, 11)",28
6405,conv2d_16,"(2, 0, 45, 8)",26
6406,conv2d_16,"(2, 2, 59, 9)",31
6407,conv2d_16,"(2, 1, 31, 9)",13
6408,conv2d_16,"(1, 1, 28, 48)",18
6409,conv2d_16,"(2, 1, 50, 20)",5
6410,conv2d_16,"(0, 0, 54, 44)",15
6411,conv2d_16,"(0, 2, 46, 3)",5
6412,conv2d_16,"(0, 2, 34, 44)",8
6413,conv2d_16,"(1, 2, 48, 47)",22
6414,conv2d_16,"(2, 2, 43, 58)",12
6415,conv2d_16,"(0, 2, 2, 37)",16
6416,conv2d_16,"(0, 0, 6, 52)",12
6417,conv2d_16,"(1, 1, 60, 14)",23
6418,conv2d_16,"(1, 2, 13, 12)",15
6419,conv2d_16,"(2, 0, 6, 46)",22
6420,conv2d_16,"(0, 2, 59, 0)",13
6421,conv2d_16,"(0, 0, 11, 28)",13
6422,conv2d_16,"(0, 2, 47, 37)",18
6423,conv2d_16,"(0, 0, 38, 40)",23
6424,conv2d_16,"(1, 1, 13, 29)",0
6425,conv2d_16,"(0, 0, 54, 25)",5
6426,conv2d_16,"(2, 1, 28, 13)",11
6427,conv2d_16,"(2, 2, 63, 37)",1
6428,conv2d_16,"(0, 1, 30, 6)",22
6429,conv2d_16,"(0, 0, 23, 54)",17
6430,conv2d_16,"(2, 2, 25, 40)",4
6431,conv2d_16,"(0, 1, 25, 56)",12
6432,conv2d_16,"(2, 0, 37, 35)",23
6433,conv2d_16,"(0, 1, 42, 47)",29
6434,conv2d_16,"(2, 0, 18, 21)",17
6435,conv2d_16,"(1, 1, 50, 57)",22
6436,conv2d_16,"(0, 1, 19, 32)",1
6437,conv2d_16,"(2, 1, 51, 25)",12
6438,conv2d_16,"(2, 2, 59, 61)",21
6439,conv2d_16,"(2, 2, 27, 31)",8
6440,conv2d_16,"(1, 1, 27, 8)",26
6441,conv2d_16,"(0, 0, 18, 2)",25
6442,conv2d_16,"(1, 1, 15, 9)",16
6443,conv2d_16,"(0, 1, 45, 3)",4
6444,conv2d_16,"(0, 0, 29, 42)",0
6445,conv2d_16,"(1, 0, 47, 9)",28
6446,conv2d_16,"(0, 1, 41, 33)",1
6447,conv2d_16,"(1, 0, 19, 10)",2
6448,conv2d_16,"(0, 2, 56, 36)",16
6449,conv2d_16,"(1, 2, 25, 44)",13
6450,conv2d_16,"(0, 1, 42, 57)",21
6451,conv2d_16,"(1, 2, 21, 41)",5
6452,conv2d_16,"(2, 1, 27, 38)",19
6453,conv2d_16,"(1, 1, 56, 44)",6
6454,conv2d_16,"(1, 1, 27, 15)",22
6455,conv2d_16,"(2, 2, 19, 38)",29
6456,conv2d_16,"(0, 0, 23, 33)",29
6457,conv2d_16,"(1, 0, 20, 14)",13
6458,conv2d_16,"(2, 2, 31, 30)",10
6459,conv2d_16,"(2, 1, 45, 50)",21
6460,conv2d_16,"(1, 2, 3, 52)",3
6461,conv2d_16,"(1, 2, 20, 30)",24
6462,conv2d_16,"(0, 2, 35, 53)",25
6463,conv2d_16,"(0, 2, 10, 36)",0
6464,conv2d_16,"(2, 2, 16, 40)",6
6465,conv2d_16,"(1, 1, 26, 23)",31
6466,conv2d_16,"(2, 0, 60, 47)",7
6467,conv2d_16,"(0, 2, 32, 47)",7
6468,conv2d_16,"(2, 0, 43, 34)",12
6469,conv2d_16,"(0, 2, 10, 58)",1
6470,conv2d_16,"(2, 0, 40, 13)",19
6471,conv2d_16,"(1, 1, 12, 7)",8
6472,conv2d_16,"(1, 2, 2, 23)",16
6473,conv2d_16,"(0, 0, 28, 27)",12
6474,conv2d_16,"(1, 0, 41, 14)",12
6475,conv2d_16,"(1, 2, 28, 49)",0
6476,conv2d_16,"(0, 0, 28, 63)",5
6477,conv2d_16,"(1, 1, 55, 7)",8
6478,conv2d_16,"(0, 0, 11, 21)",12
6479,conv2d_16,"(0, 0, 6, 26)",12
6480,conv2d_16,"(1, 0, 6, 19)",26
6481,conv2d_16,"(1, 2, 21, 0)",14
6482,conv2d_16,"(0, 2, 6, 53)",4
6483,conv2d_16,"(2, 0, 54, 47)",16
6484,conv2d_16,"(2, 0, 30, 57)",26
6485,conv2d_16,"(0, 1, 16, 43)",2
6486,conv2d_16,"(1, 1, 62, 10)",18
6487,conv2d_16,"(2, 0, 51, 28)",21
6488,conv2d_16,"(1, 1, 19, 43)",8
6489,conv2d_16,"(2, 1, 38, 43)",14
6490,conv2d_16,"(2, 1, 12, 50)",18
6491,conv2d_16,"(2, 0, 17, 45)",14
6492,conv2d_16,"(1, 1, 59, 18)",4
6493,conv2d_16,"(2, 2, 62, 30)",14
6494,conv2d_16,"(1, 1, 61, 13)",1
6495,conv2d_16,"(0, 0, 25, 17)",25
6496,conv2d_16,"(0, 0, 45, 27)",2
6497,conv2d_16,"(2, 0, 57, 12)",10
6498,conv2d_16,"(1, 2, 13, 61)",23
6499,conv2d_16,"(1, 1, 46, 31)",8
6500,conv2d_16,"(1, 0, 45, 32)",23
6501,conv2d_16,"(1, 2, 28, 7)",20
6502,conv2d_16,"(2, 1, 60, 45)",4
6503,conv2d_16,"(0, 1, 13, 9)",8
6504,conv2d_16,"(1, 0, 34, 19)",25
6505,conv2d_16,"(0, 2, 25, 48)",25
6506,conv2d_16,"(1, 2, 54, 26)",0
6507,conv2d_16,"(1, 1, 50, 20)",10
6508,conv2d_16,"(0, 1, 0, 7)",1
6509,conv2d_16,"(0, 0, 11, 2)",11
6510,conv2d_16,"(1, 2, 59, 31)",2
6511,conv2d_16,"(2, 1, 50, 42)",21
6512,conv2d_16,"(0, 1, 60, 27)",6
6513,conv2d_16,"(1, 1, 46, 49)",14
6514,conv2d_16,"(1, 2, 35, 31)",20
6515,conv2d_16,"(2, 1, 9, 42)",14
6516,conv2d_16,"(0, 1, 31, 24)",16
6517,conv2d_16,"(2, 2, 6, 20)",25
6518,conv2d_16,"(2, 0, 49, 3)",8
6519,conv2d_16,"(0, 2, 63, 18)",2
6520,conv2d_16,"(2, 0, 15, 20)",26
6521,conv2d_16,"(2, 1, 38, 18)",10
6522,conv2d_16,"(2, 0, 20, 4)",15
6523,conv2d_16,"(0, 0, 29, 36)",31
6524,conv2d_16,"(1, 1, 3, 48)",8
6525,conv2d_16,"(2, 0, 13, 52)",27
6526,conv2d_16,"(2, 1, 47, 19)",25
6527,conv2d_16,"(1, 2, 0, 48)",10
6528,conv2d_16,"(1, 2, 61, 34)",11
6529,conv2d_16,"(0, 1, 43, 9)",13
6530,conv2d_16,"(2, 0, 19, 42)",12
6531,conv2d_16,"(1, 0, 62, 8)",25
6532,conv2d_16,"(2, 0, 41, 3)",28
6533,conv2d_16,"(0, 1, 27, 9)",2
6534,conv2d_16,"(1, 1, 10, 11)",14
6535,conv2d_16,"(1, 1, 48, 62)",30
6536,conv2d_16,"(0, 1, 12, 5)",31
6537,conv2d_16,"(2, 1, 0, 41)",5
6538,conv2d_16,"(0, 1, 28, 16)",22
6539,conv2d_16,"(1, 1, 37, 22)",22
6540,conv2d_16,"(0, 0, 0, 35)",0
6541,conv2d_16,"(2, 2, 58, 29)",20
6542,conv2d_16,"(2, 2, 19, 19)",12
6543,conv2d_16,"(0, 1, 61, 32)",24
6544,conv2d_16,"(2, 1, 0, 35)",3
6545,conv2d_16,"(0, 2, 20, 33)",23
6546,conv2d_16,"(2, 2, 12, 57)",22
6547,conv2d_16,"(2, 2, 20, 18)",9
6548,conv2d_16,"(2, 1, 20, 33)",25
6549,conv2d_16,"(1, 0, 60, 0)",4
6550,conv2d_16,"(1, 2, 13, 32)",17
6551,conv2d_16,"(2, 2, 8, 62)",9
6552,conv2d_16,"(1, 0, 40, 46)",20
6553,conv2d_16,"(0, 0, 16, 55)",10
6554,conv2d_16,"(1, 2, 9, 26)",13
6555,conv2d_16,"(1, 1, 56, 28)",15
6556,conv2d_16,"(2, 1, 6, 62)",20
6557,conv2d_16,"(2, 2, 0, 3)",23
6558,conv2d_16,"(1, 2, 40, 52)",6
6559,conv2d_16,"(0, 1, 53, 14)",31
6560,conv2d_16,"(2, 1, 54, 23)",9
6561,conv2d_16,"(0, 2, 47, 21)",20
6562,conv2d_16,"(0, 0, 11, 16)",21
6563,conv2d_16,"(2, 0, 59, 39)",29
6564,conv2d_16,"(1, 0, 39, 23)",22
6565,conv2d_16,"(0, 2, 62, 30)",9
6566,conv2d_16,"(1, 2, 0, 17)",30
6567,conv2d_16,"(0, 0, 58, 63)",26
6568,conv2d_16,"(1, 0, 39, 38)",13
6569,conv2d_16,"(2, 2, 52, 13)",24
6570,conv2d_16,"(2, 1, 15, 63)",14
6571,conv2d_16,"(0, 0, 26, 60)",5
6572,conv2d_16,"(1, 1, 62, 8)",0
6573,conv2d_16,"(0, 1, 35, 63)",5
6574,conv2d_16,"(2, 2, 56, 33)",5
6575,conv2d_16,"(1, 0, 59, 54)",8
6576,conv2d_16,"(1, 1, 52, 6)",0
6577,conv2d_16,"(2, 1, 29, 44)",21
6578,conv2d_16,"(0, 2, 25, 24)",19
6579,conv2d_16,"(2, 0, 3, 35)",3
6580,conv2d_16,"(2, 1, 1, 48)",18
6581,conv2d_16,"(0, 2, 59, 3)",13
6582,conv2d_16,"(1, 2, 60, 7)",6
6583,conv2d_16,"(2, 2, 53, 14)",5
6584,conv2d_16,"(1, 0, 60, 32)",8
6585,conv2d_16,"(0, 0, 55, 57)",14
6586,conv2d_16,"(0, 1, 21, 15)",8
6587,conv2d_16,"(0, 2, 62, 26)",26
6588,conv2d_16,"(2, 1, 2, 19)",4
6589,conv2d_16,"(1, 2, 29, 21)",21
6590,conv2d_16,"(0, 0, 2, 59)",1
6591,conv2d_16,"(2, 1, 12, 13)",8
6592,conv2d_16,"(2, 0, 5, 61)",28
6593,conv2d_16,"(0, 0, 28, 0)",9
6594,conv2d_16,"(0, 0, 3, 1)",9
6595,conv2d_16,"(0, 2, 5, 16)",12
6596,conv2d_16,"(2, 1, 16, 48)",3
6597,conv2d_16,"(2, 2, 8, 22)",15
6598,conv2d_16,"(0, 2, 0, 14)",22
6599,conv2d_16,"(0, 0, 38, 26)",17
6600,conv2d_16,"(2, 2, 25, 19)",22
6601,conv2d_16,"(1, 0, 28, 29)",7
6602,conv2d_16,"(2, 1, 27, 6)",8
6603,conv2d_16,"(0, 1, 53, 10)",27
6604,conv2d_16,"(0, 2, 22, 19)",15
6605,conv2d_16,"(2, 2, 34, 8)",30
6606,conv2d_16,"(2, 2, 25, 38)",11
6607,conv2d_16,"(0, 2, 60, 26)",31
6608,conv2d_16,"(0, 2, 2, 14)",30
6609,conv2d_16,"(1, 0, 13, 32)",6
6610,conv2d_16,"(0, 2, 28, 39)",0
6611,conv2d_16,"(0, 2, 53, 9)",4
6612,conv2d_16,"(1, 1, 13, 1)",0
6613,conv2d_16,"(2, 1, 36, 57)",7
6614,conv2d_16,"(0, 0, 21, 14)",22
6615,conv2d_16,"(0, 2, 48, 51)",18
6616,conv2d_16,"(1, 0, 7, 27)",13
6617,conv2d_16,"(2, 2, 53, 10)",14
6618,conv2d_16,"(2, 0, 42, 53)",27
6619,conv2d_16,"(2, 1, 55, 21)",16
6620,conv2d_16,"(1, 2, 18, 27)",26
6621,conv2d_16,"(1, 0, 44, 57)",13
6622,conv2d_16,"(0, 0, 54, 21)",15
6623,conv2d_16,"(2, 2, 16, 28)",30
6624,conv2d_16,"(1, 1, 34, 49)",10
6625,conv2d_16,"(0, 0, 20, 38)",4
6626,conv2d_16,"(2, 0, 62, 48)",28
6627,conv2d_16,"(2, 1, 6, 46)",28
6628,conv2d_16,"(0, 2, 46, 63)",20
6629,conv2d_16,"(1, 0, 18, 42)",14
6630,conv2d_16,"(0, 2, 17, 20)",16
6631,conv2d_16,"(2, 0, 8, 30)",25
6632,conv2d_16,"(1, 0, 48, 10)",26
6633,conv2d_16,"(2, 1, 33, 8)",18
6634,conv2d_16,"(0, 0, 52, 29)",18
6635,conv2d_16,"(0, 1, 44, 50)",31
6636,conv2d_16,"(1, 1, 25, 34)",27
6637,conv2d_16,"(1, 0, 63, 24)",19
6638,conv2d_16,"(1, 2, 24, 59)",14
6639,conv2d_16,"(0, 0, 55, 13)",3
6640,conv2d_16,"(0, 0, 48, 34)",28
6641,conv2d_16,"(1, 2, 35, 32)",22
6642,conv2d_16,"(1, 1, 0, 21)",26
6643,conv2d_16,"(1, 0, 20, 53)",6
6644,conv2d_16,"(0, 1, 41, 19)",16
6645,conv2d_16,"(0, 0, 61, 7)",5
6646,conv2d_16,"(0, 1, 37, 40)",6
6647,conv2d_16,"(1, 0, 15, 4)",3
6648,conv2d_16,"(0, 1, 0, 40)",2
6649,conv2d_16,"(0, 0, 20, 4)",22
6650,conv2d_16,"(1, 2, 1, 51)",20
6651,conv2d_16,"(1, 1, 3, 3)",18
6652,conv2d_16,"(1, 0, 10, 1)",2
6653,conv2d_16,"(0, 2, 48, 7)",1
6654,conv2d_16,"(2, 2, 42, 3)",20
6655,conv2d_16,"(2, 1, 30, 36)",12
6656,conv2d_16,"(2, 2, 15, 57)",2
6657,conv2d_16,"(2, 2, 42, 12)",30
6658,conv2d_16,"(0, 2, 31, 7)",12
6659,conv2d_16,"(1, 1, 54, 33)",27
6660,conv2d_16,"(0, 1, 60, 6)",12
6661,conv2d_16,"(1, 2, 63, 40)",20
6662,conv2d_16,"(1, 2, 10, 61)",1
6663,conv2d_16,"(0, 2, 4, 28)",8
6664,conv2d_16,"(0, 2, 30, 52)",30
6665,conv2d_16,"(0, 2, 55, 36)",27
6666,conv2d_16,"(2, 2, 46, 23)",20
6667,conv2d_16,"(0, 2, 61, 62)",18
6668,conv2d_16,"(1, 2, 44, 43)",15
6669,conv2d_16,"(1, 0, 20, 4)",4
6670,conv2d_16,"(1, 2, 28, 40)",3
6671,conv2d_16,"(1, 1, 18, 15)",1
6672,conv2d_16,"(1, 1, 25, 47)",8
6673,conv2d_16,"(0, 0, 28, 40)",22
6674,conv2d_16,"(2, 1, 45, 40)",30
6675,conv2d_16,"(0, 2, 1, 3)",30
6676,conv2d_16,"(1, 0, 57, 50)",18
6677,conv2d_16,"(1, 1, 15, 45)",26
6678,conv2d_16,"(2, 0, 8, 42)",5
6679,conv2d_16,"(2, 2, 0, 62)",28
6680,conv2d_16,"(1, 2, 10, 60)",27
6681,conv2d_16,"(0, 1, 7, 18)",3
6682,conv2d_16,"(1, 2, 31, 12)",0
6683,conv2d_16,"(2, 0, 11, 3)",14
6684,conv2d_16,"(1, 1, 0, 29)",27
6685,conv2d_16,"(1, 0, 38, 33)",1
6686,conv2d_16,"(2, 1, 14, 28)",0
6687,conv2d_16,"(0, 1, 37, 46)",6
6688,conv2d_16,"(2, 0, 49, 43)",8
6689,conv2d_16,"(1, 0, 28, 11)",14
6690,conv2d_16,"(1, 0, 52, 20)",8
6691,conv2d_16,"(1, 2, 11, 53)",14
6692,conv2d_16,"(1, 1, 40, 20)",20
6693,conv2d_16,"(2, 2, 7, 58)",11
6694,conv2d_16,"(2, 0, 47, 37)",20
6695,conv2d_16,"(0, 2, 16, 38)",4
6696,conv2d_16,"(0, 0, 25, 5)",25
6697,conv2d_16,"(1, 2, 1, 20)",20
6698,conv2d_16,"(2, 2, 3, 46)",4
6699,conv2d_16,"(1, 0, 10, 47)",23
6700,conv2d_16,"(1, 2, 57, 6)",2
6701,conv2d_16,"(1, 0, 47, 24)",6
6702,conv2d_16,"(1, 0, 20, 19)",26
6703,conv2d_16,"(1, 0, 9, 14)",7
6704,conv2d_16,"(0, 1, 31, 32)",5
6705,conv2d_16,"(2, 1, 54, 26)",22
6706,conv2d_16,"(0, 2, 27, 32)",18
6707,conv2d_16,"(1, 0, 23, 31)",8
6708,conv2d_16,"(0, 2, 51, 17)",22
6709,conv2d_16,"(0, 1, 20, 32)",30
6710,conv2d_16,"(2, 2, 12, 50)",25
6711,conv2d_16,"(0, 1, 20, 24)",21
6712,conv2d_16,"(2, 2, 59, 23)",12
6713,conv2d_16,"(2, 1, 15, 0)",26
6714,conv2d_16,"(1, 1, 30, 61)",19
6715,conv2d_16,"(0, 0, 54, 24)",15
6716,conv2d_16,"(0, 1, 8, 9)",2
6717,conv2d_16,"(0, 2, 49, 1)",1
6718,conv2d_16,"(2, 0, 25, 28)",9
6719,conv2d_16,"(1, 2, 16, 14)",18
6720,conv2d_16,"(2, 2, 17, 20)",2
6721,conv2d_16,"(2, 0, 50, 30)",23
6722,conv2d_16,"(2, 0, 17, 18)",15
6723,conv2d_16,"(1, 0, 40, 35)",26
6724,conv2d_16,"(2, 1, 30, 41)",13
6725,conv2d_16,"(0, 0, 30, 61)",3
6726,conv2d_16,"(1, 2, 1, 36)",5
6727,conv2d_16,"(1, 2, 27, 44)",5
6728,conv2d_16,"(2, 2, 7, 52)",13
6729,conv2d_16,"(0, 0, 60, 13)",26
6730,conv2d_16,"(1, 0, 21, 57)",31
6731,conv2d_16,"(0, 2, 5, 62)",20
6732,conv2d_16,"(1, 1, 6, 41)",7
6733,conv2d_16,"(2, 1, 1, 62)",10
6734,conv2d_16,"(0, 1, 26, 35)",14
6735,conv2d_16,"(1, 0, 9, 9)",7
6736,conv2d_16,"(2, 0, 41, 61)",28
6737,conv2d_16,"(0, 1, 46, 16)",16
6738,conv2d_16,"(2, 0, 30, 33)",0
6739,conv2d_16,"(2, 1, 48, 4)",25
6740,conv2d_16,"(0, 0, 12, 38)",4
6741,conv2d_16,"(2, 1, 22, 51)",24
6742,conv2d_16,"(0, 0, 4, 44)",28
6743,conv2d_16,"(1, 1, 10, 27)",27
6744,conv2d_16,"(2, 0, 25, 50)",22
6745,conv2d_16,"(0, 1, 43, 36)",14
6746,conv2d_16,"(2, 2, 27, 28)",26
6747,conv2d_16,"(1, 2, 41, 36)",29
6748,conv2d_16,"(2, 1, 60, 14)",12
6749,conv2d_16,"(1, 0, 10, 41)",17
6750,conv2d_16,"(1, 0, 24, 41)",20
6751,conv2d_16,"(1, 0, 23, 46)",16
6752,conv2d_16,"(0, 0, 53, 26)",8
6753,conv2d_16,"(2, 2, 27, 5)",29
6754,conv2d_16,"(0, 1, 20, 40)",14
6755,conv2d_16,"(0, 2, 20, 28)",7
6756,conv2d_16,"(2, 2, 33, 28)",21
6757,conv2d_16,"(0, 1, 10, 43)",21
6758,conv2d_16,"(0, 1, 19, 49)",20
6759,conv2d_16,"(2, 2, 59, 3)",21
6760,conv2d_16,"(2, 0, 0, 56)",9
6761,conv2d_16,"(1, 0, 50, 0)",9
6762,conv2d_16,"(1, 0, 63, 15)",13
6763,conv2d_16,"(2, 0, 4, 32)",27
6764,conv2d_16,"(1, 1, 52, 27)",22
6765,conv2d_16,"(0, 0, 21, 63)",17
6766,conv2d_16,"(0, 2, 61, 42)",13
6767,conv2d_16,"(1, 0, 12, 11)",4
6768,conv2d_16,"(0, 2, 7, 61)",24
6769,conv2d_16,"(2, 2, 48, 35)",29
6770,conv2d_16,"(1, 2, 59, 20)",12
6771,conv2d_16,"(2, 0, 53, 56)",18
6772,conv2d_16,"(2, 1, 25, 26)",22
6773,conv2d_16,"(2, 2, 52, 0)",1
6774,conv2d_16,"(0, 2, 33, 38)",25
6775,conv2d_16,"(2, 2, 42, 31)",20
6776,conv2d_16,"(0, 1, 4, 31)",16
6777,conv2d_16,"(0, 1, 21, 42)",27
6778,conv2d_16,"(0, 1, 43, 60)",23
6779,conv2d_16,"(1, 0, 0, 38)",6
6780,conv2d_16,"(1, 0, 28, 0)",12
6781,conv2d_16,"(1, 1, 53, 46)",30
6782,conv2d_16,"(1, 1, 38, 52)",26
6783,conv2d_16,"(1, 1, 27, 48)",23
6784,conv2d_16,"(2, 2, 38, 50)",10
6785,conv2d_16,"(2, 1, 16, 52)",16
6786,conv2d_16,"(0, 1, 51, 44)",21
6787,conv2d_16,"(2, 2, 39, 6)",7
6788,conv2d_16,"(1, 0, 47, 16)",28
6789,conv2d_16,"(0, 2, 61, 12)",0
6790,conv2d_16,"(0, 0, 23, 10)",10
6791,conv2d_16,"(1, 1, 46, 5)",11
6792,conv2d_16,"(1, 0, 31, 24)",7
6793,conv2d_16,"(0, 1, 4, 55)",24
6794,conv2d_16,"(2, 1, 6, 38)",15
6795,conv2d_16,"(1, 0, 41, 38)",18
6796,conv2d_16,"(2, 1, 20, 47)",16
6797,conv2d_16,"(0, 2, 5, 59)",13
6798,conv2d_16,"(2, 2, 15, 10)",8
6799,conv2d_16,"(0, 2, 11, 57)",5
6800,conv2d_16,"(2, 0, 28, 56)",10
6801,conv2d_16,"(0, 2, 48, 59)",28
6802,conv2d_16,"(0, 0, 62, 16)",25
6803,conv2d_16,"(1, 2, 32, 7)",23
6804,conv2d_16,"(0, 0, 51, 12)",26
6805,conv2d_16,"(2, 1, 35, 17)",20
6806,conv2d_16,"(1, 2, 33, 2)",25
6807,conv2d_16,"(1, 1, 18, 29)",30
6808,conv2d_16,"(0, 1, 0, 54)",4
6809,conv2d_16,"(1, 1, 29, 31)",21
6810,conv2d_16,"(0, 1, 44, 38)",16
6811,conv2d_16,"(2, 0, 61, 32)",7
6812,conv2d_16,"(2, 2, 9, 62)",29
6813,conv2d_16,"(0, 2, 36, 31)",18
6814,conv2d_16,"(2, 1, 47, 36)",20
6815,conv2d_16,"(2, 1, 8, 11)",27
6816,conv2d_16,"(0, 0, 26, 7)",25
6817,conv2d_16,"(2, 0, 52, 39)",0
6818,conv2d_16,"(1, 2, 14, 39)",11
6819,conv2d_16,"(0, 0, 47, 55)",17
6820,conv2d_16,"(2, 0, 52, 7)",24
6821,conv2d_16,"(0, 0, 17, 28)",19
6822,conv2d_16,"(0, 1, 25, 48)",5
6823,conv2d_16,"(2, 0, 59, 2)",7
6824,conv2d_16,"(1, 1, 21, 3)",17
6825,conv2d_16,"(0, 1, 2, 29)",30
6826,conv2d_16,"(1, 2, 18, 61)",16
6827,conv2d_16,"(1, 2, 55, 56)",10
6828,conv2d_16,"(1, 2, 47, 57)",1
6829,conv2d_16,"(2, 2, 51, 48)",26
6830,conv2d_16,"(1, 1, 15, 22)",13
6831,conv2d_16,"(0, 1, 28, 53)",19
6832,conv2d_16,"(0, 0, 59, 16)",4
6833,conv2d_16,"(0, 2, 62, 34)",11
6834,conv2d_16,"(1, 2, 27, 60)",4
6835,conv2d_16,"(2, 1, 29, 63)",12
6836,conv2d_16,"(0, 2, 7, 22)",23
6837,conv2d_16,"(2, 2, 38, 44)",1
6838,conv2d_16,"(1, 0, 34, 27)",24
6839,conv2d_16,"(1, 1, 21, 28)",6
6840,conv2d_16,"(0, 0, 31, 26)",6
6841,conv2d_16,"(1, 1, 11, 50)",4
6842,conv2d_16,"(1, 1, 1, 2)",8
6843,conv2d_16,"(0, 0, 20, 43)",31
6844,conv2d_16,"(1, 0, 36, 21)",27
6845,conv2d_16,"(2, 2, 58, 58)",4
6846,conv2d_16,"(2, 1, 41, 46)",23
6847,conv2d_16,"(1, 0, 27, 33)",4
6848,conv2d_16,"(0, 0, 52, 0)",28
6849,conv2d_16,"(0, 0, 28, 23)",8
6850,conv2d_16,"(0, 2, 49, 5)",16
6851,conv2d_16,"(2, 1, 33, 31)",22
6852,conv2d_16,"(1, 1, 41, 51)",25
6853,conv2d_16,"(0, 1, 41, 35)",11
6854,conv2d_16,"(1, 2, 7, 36)",20
6855,conv2d_16,"(0, 1, 19, 44)",17
6856,conv2d_16,"(2, 0, 50, 61)",11
6857,conv2d_16,"(0, 1, 20, 10)",15
6858,conv2d_16,"(0, 0, 16, 36)",5
6859,conv2d_16,"(1, 0, 28, 63)",18
6860,conv2d_16,"(1, 1, 11, 36)",8
6861,conv2d_16,"(1, 1, 40, 33)",26
6862,conv2d_16,"(1, 1, 53, 49)",7
6863,conv2d_16,"(2, 0, 29, 12)",25
6864,conv2d_16,"(0, 0, 46, 4)",15
6865,conv2d_16,"(1, 2, 28, 19)",0
6866,conv2d_16,"(1, 2, 46, 5)",18
6867,conv2d_16,"(2, 1, 26, 32)",24
6868,conv2d_16,"(0, 2, 58, 14)",8
6869,conv2d_16,"(1, 2, 26, 43)",13
6870,conv2d_16,"(1, 1, 12, 62)",21
6871,conv2d_16,"(0, 1, 48, 49)",23
6872,conv2d_16,"(1, 0, 8, 2)",21
6873,conv2d_16,"(0, 1, 59, 51)",2
6874,conv2d_16,"(0, 0, 52, 56)",12
6875,conv2d_16,"(0, 2, 21, 46)",16
6876,conv2d_16,"(1, 2, 21, 61)",8
6877,conv2d_16,"(0, 0, 32, 25)",8
6878,conv2d_16,"(1, 1, 42, 61)",13
6879,conv2d_16,"(0, 2, 49, 6)",25
6880,conv2d_16,"(2, 0, 50, 26)",11
6881,conv2d_16,"(2, 2, 10, 4)",0
6882,conv2d_16,"(2, 0, 11, 57)",10
6883,conv2d_16,"(2, 1, 25, 7)",4
6884,conv2d_16,"(2, 0, 29, 29)",30
6885,conv2d_16,"(1, 2, 43, 36)",3
6886,conv2d_16,"(0, 2, 61, 44)",17
6887,conv2d_16,"(0, 0, 16, 25)",6
6888,conv2d_16,"(1, 2, 58, 61)",9
6889,conv2d_16,"(0, 0, 41, 36)",3
6890,conv2d_16,"(0, 0, 63, 18)",25
6891,conv2d_16,"(1, 0, 58, 54)",21
6892,conv2d_16,"(0, 0, 28, 49)",8
6893,conv2d_16,"(1, 2, 14, 34)",6
6894,conv2d_16,"(0, 2, 53, 59)",7
6895,conv2d_16,"(2, 0, 52, 20)",6
6896,conv2d_16,"(1, 1, 32, 48)",31
6897,conv2d_16,"(2, 0, 56, 1)",15
6898,conv2d_16,"(1, 0, 62, 7)",4
6899,conv2d_16,"(0, 2, 38, 34)",18
6900,conv2d_16,"(1, 1, 32, 24)",21
6901,conv2d_16,"(2, 2, 22, 54)",12
6902,conv2d_16,"(1, 1, 28, 25)",16
6903,conv2d_16,"(0, 1, 63, 59)",7
6904,conv2d_16,"(1, 2, 17, 46)",5
6905,conv2d_16,"(0, 1, 5, 22)",26
6906,conv2d_16,"(0, 2, 50, 4)",23
6907,conv2d_16,"(0, 2, 42, 1)",0
6908,conv2d_16,"(2, 1, 57, 52)",8
6909,conv2d_16,"(0, 2, 28, 11)",17
6910,conv2d_16,"(1, 2, 49, 54)",16
6911,conv2d_16,"(1, 0, 61, 56)",7
6912,conv2d_16,"(1, 1, 24, 46)",30
6913,conv2d_16,"(2, 1, 6, 36)",25
6914,conv2d_16,"(2, 2, 25, 56)",9
6915,conv2d_16,"(1, 0, 18, 41)",15
6916,conv2d_16,"(2, 2, 46, 47)",7
6917,conv2d_16,"(1, 0, 56, 3)",25
6918,conv2d_16,"(1, 0, 60, 26)",17
6919,conv2d_16,"(2, 1, 52, 12)",1
6920,conv2d_16,"(2, 0, 49, 14)",9
6921,conv2d_16,"(2, 0, 26, 57)",25
6922,conv2d_16,"(0, 0, 55, 12)",11
6923,conv2d_16,"(1, 1, 20, 29)",14
6924,conv2d_16,"(2, 0, 28, 57)",6
6925,conv2d_16,"(2, 1, 17, 51)",20
6926,conv2d_16,"(0, 2, 24, 46)",26
6927,conv2d_16,"(0, 0, 57, 60)",22
6928,conv2d_16,"(0, 0, 31, 7)",27
6929,conv2d_16,"(2, 1, 1, 36)",14
6930,conv2d_16,"(1, 1, 48, 28)",30
6931,conv2d_16,"(1, 0, 9, 0)",4
6932,conv2d_16,"(1, 0, 8, 48)",26
6933,conv2d_16,"(0, 2, 19, 48)",0
6934,conv2d_16,"(2, 2, 59, 63)",20
6935,conv2d_16,"(1, 0, 2, 44)",15
6936,conv2d_16,"(1, 1, 32, 19)",12
6937,conv2d_16,"(0, 1, 37, 12)",1
6938,conv2d_16,"(2, 0, 28, 0)",18
6939,conv2d_16,"(0, 2, 25, 28)",2
6940,conv2d_16,"(1, 1, 63, 61)",31
6941,conv2d_16,"(2, 0, 52, 48)",15
6942,conv2d_16,"(1, 1, 20, 62)",8
6943,conv2d_16,"(0, 0, 26, 17)",23
6944,conv2d_16,"(2, 1, 41, 23)",10
6945,conv2d_16,"(0, 2, 20, 3)",17
6946,conv2d_16,"(0, 0, 33, 34)",27
6947,conv2d_16,"(2, 0, 47, 27)",16
6948,conv2d_16,"(2, 1, 13, 15)",25
6949,conv2d_16,"(0, 1, 28, 58)",30
6950,conv2d_16,"(0, 0, 59, 47)",9
6951,conv2d_16,"(2, 1, 53, 36)",8
6952,conv2d_16,"(1, 0, 9, 18)",8
6953,conv2d_16,"(0, 2, 11, 43)",23
6954,conv2d_16,"(1, 2, 5, 36)",14
6955,conv2d_16,"(1, 0, 28, 13)",20
6956,conv2d_16,"(1, 0, 20, 37)",0
6957,conv2d_16,"(1, 2, 59, 10)",14
6958,conv2d_16,"(2, 2, 14, 11)",31
6959,conv2d_16,"(1, 0, 54, 38)",21
6960,conv2d_16,"(1, 2, 36, 27)",29
6961,conv2d_16,"(0, 1, 40, 10)",6
6962,conv2d_16,"(0, 0, 8, 59)",19
6963,conv2d_16,"(2, 0, 32, 51)",7
6964,conv2d_16,"(1, 2, 49, 18)",2
6965,conv2d_16,"(0, 1, 39, 35)",15
6966,conv2d_16,"(2, 0, 60, 38)",0
6967,conv2d_16,"(2, 2, 59, 37)",7
6968,conv2d_16,"(2, 0, 35, 60)",17
6969,conv2d_16,"(0, 2, 42, 0)",14
6970,conv2d_16,"(1, 1, 39, 27)",21
6971,conv2d_16,"(1, 2, 59, 40)",2
6972,conv2d_16,"(1, 2, 59, 27)",17
6973,conv2d_16,"(0, 2, 0, 52)",2
6974,conv2d_16,"(2, 2, 53, 62)",16
6975,conv2d_16,"(2, 0, 6, 56)",30
6976,conv2d_16,"(1, 2, 61, 60)",17
6977,conv2d_16,"(1, 1, 13, 45)",6
6978,conv2d_16,"(1, 0, 22, 16)",8
6979,conv2d_16,"(0, 0, 44, 33)",3
6980,conv2d_16,"(2, 1, 36, 37)",14
6981,conv2d_16,"(2, 1, 28, 12)",3
6982,conv2d_16,"(0, 2, 23, 49)",14
6983,conv2d_16,"(2, 0, 61, 11)",23
6984,conv2d_16,"(2, 0, 36, 4)",9
6985,conv2d_16,"(1, 2, 7, 7)",18
6986,conv2d_16,"(2, 2, 16, 59)",25
6987,conv2d_16,"(2, 2, 48, 57)",26
6988,conv2d_16,"(0, 2, 35, 11)",20
6989,conv2d_16,"(2, 1, 63, 46)",27
6990,conv2d_16,"(1, 0, 22, 49)",0
6991,conv2d_16,"(0, 0, 13, 22)",18
6992,conv2d_16,"(2, 0, 15, 11)",16
6993,conv2d_16,"(1, 1, 57, 36)",15
6994,conv2d_16,"(1, 0, 60, 49)",7
6995,conv2d_16,"(0, 2, 58, 59)",7
6996,conv2d_16,"(1, 1, 38, 62)",0
6997,conv2d_16,"(0, 1, 26, 39)",25
6998,conv2d_16,"(1, 2, 63, 50)",16
6999,conv2d_16,"(1, 2, 14, 54)",9
7000,conv2d_16,"(0, 1, 9, 1)",5
7001,conv2d_16,"(1, 2, 43, 32)",30
7002,conv2d_16,"(1, 0, 8, 41)",6
7003,conv2d_16,"(0, 0, 50, 42)",27
7004,conv2d_16,"(0, 0, 28, 57)",10
7005,conv2d_16,"(2, 0, 10, 43)",7
7006,conv2d_16,"(1, 2, 13, 36)",23
7007,conv2d_16,"(2, 0, 28, 22)",18
7008,conv2d_16,"(2, 1, 41, 20)",8
7009,conv2d_16,"(0, 1, 37, 59)",26
7010,conv2d_16,"(2, 2, 5, 39)",27
7011,conv2d_16,"(2, 1, 48, 17)",9
7012,conv2d_16,"(2, 1, 2, 6)",10
7013,conv2d_16,"(2, 1, 25, 61)",6
7014,conv2d_16,"(1, 2, 48, 20)",19
7015,conv2d_16,"(1, 2, 58, 18)",19
7016,conv2d_16,"(2, 1, 44, 58)",10
7017,conv2d_16,"(0, 0, 34, 52)",12
7018,conv2d_16,"(0, 1, 33, 60)",21
7019,conv2d_16,"(2, 2, 1, 54)",19
7020,conv2d_16,"(1, 2, 30, 10)",23
7021,conv2d_16,"(2, 0, 25, 30)",15
7022,conv2d_16,"(1, 2, 59, 13)",18
7023,conv2d_16,"(0, 2, 0, 10)",3
7024,conv2d_16,"(0, 2, 57, 4)",3
7025,conv2d_16,"(0, 1, 52, 31)",17
7026,conv2d_16,"(1, 2, 14, 0)",12
7027,conv2d_16,"(0, 1, 22, 12)",4
7028,conv2d_16,"(1, 0, 40, 2)",0
7029,conv2d_16,"(1, 1, 22, 38)",4
7030,conv2d_16,"(2, 1, 38, 58)",16
7031,conv2d_16,"(0, 1, 23, 30)",30
7032,conv2d_16,"(2, 1, 41, 33)",1
7033,conv2d_16,"(0, 2, 53, 55)",24
7034,conv2d_16,"(0, 2, 55, 39)",20
7035,conv2d_16,"(2, 2, 27, 12)",25
7036,conv2d_16,"(2, 2, 42, 57)",17
7037,conv2d_16,"(0, 0, 2, 20)",21
7038,conv2d_16,"(1, 0, 15, 43)",10
7039,conv2d_16,"(0, 0, 19, 13)",1
7040,conv2d_16,"(2, 2, 36, 58)",9
7041,conv2d_16,"(2, 1, 60, 20)",21
7042,conv2d_16,"(2, 0, 0, 10)",14
7043,conv2d_16,"(2, 0, 10, 39)",6
7044,conv2d_16,"(1, 1, 45, 59)",5
7045,conv2d_16,"(0, 2, 3, 57)",2
7046,conv2d_16,"(2, 1, 54, 57)",31
7047,conv2d_16,"(1, 1, 34, 26)",18
7048,conv2d_16,"(2, 0, 25, 53)",16
7049,conv2d_16,"(1, 0, 1, 40)",8
7050,conv2d_16,"(1, 2, 57, 23)",5
7051,conv2d_16,"(0, 0, 13, 19)",0
7052,conv2d_16,"(2, 0, 27, 34)",15
7053,conv2d_16,"(0, 2, 35, 52)",20
7054,conv2d_16,"(0, 2, 55, 63)",1
7055,conv2d_16,"(0, 2, 42, 24)",13
7056,conv2d_16,"(0, 1, 39, 41)",3
7057,conv2d_16,"(2, 0, 55, 26)",21
7058,conv2d_16,"(1, 1, 57, 15)",3
7059,conv2d_16,"(1, 2, 1, 41)",7
7060,conv2d_16,"(0, 2, 15, 51)",13
7061,conv2d_16,"(2, 1, 0, 38)",13
7062,conv2d_16,"(1, 2, 7, 23)",19
7063,conv2d_16,"(0, 0, 58, 2)",18
7064,conv2d_16,"(1, 1, 59, 63)",26
7065,conv2d_16,"(1, 2, 50, 50)",25
7066,conv2d_16,"(2, 2, 8, 1)",13
7067,conv2d_16,"(0, 0, 28, 44)",16
7068,conv2d_16,"(1, 1, 20, 57)",28
7069,conv2d_16,"(2, 2, 10, 20)",18
7070,conv2d_16,"(2, 1, 12, 55)",14
7071,conv2d_16,"(1, 0, 46, 20)",29
7072,conv2d_16,"(1, 2, 29, 61)",28
7073,conv2d_16,"(2, 1, 0, 58)",29
7074,conv2d_16,"(1, 1, 45, 56)",2
7075,conv2d_16,"(2, 1, 26, 63)",17
7076,conv2d_16,"(2, 0, 36, 22)",6
7077,conv2d_16,"(0, 0, 12, 58)",27
7078,conv2d_16,"(1, 2, 61, 54)",21
7079,conv2d_16,"(0, 1, 9, 29)",14
7080,conv2d_16,"(0, 1, 19, 8)",1
7081,conv2d_16,"(1, 2, 39, 48)",13
7082,conv2d_16,"(0, 0, 56, 13)",16
7083,conv2d_16,"(0, 1, 6, 5)",18
7084,conv2d_16,"(1, 0, 60, 63)",9
7085,conv2d_16,"(1, 2, 9, 38)",2
7086,conv2d_16,"(2, 1, 47, 22)",16
7087,conv2d_16,"(0, 0, 29, 54)",27
7088,conv2d_16,"(0, 0, 51, 21)",29
7089,conv2d_16,"(1, 1, 27, 9)",22
7090,conv2d_16,"(2, 1, 28, 37)",0
7091,conv2d_16,"(1, 2, 39, 54)",11
7092,conv2d_16,"(2, 1, 15, 17)",29
7093,conv2d_16,"(1, 0, 56, 59)",14
7094,conv2d_16,"(0, 2, 42, 40)",5
7095,conv2d_16,"(0, 1, 41, 11)",22
7096,conv2d_16,"(2, 1, 47, 13)",9
7097,conv2d_16,"(1, 2, 41, 14)",4
7098,conv2d_16,"(1, 1, 28, 16)",10
7099,conv2d_16,"(2, 0, 19, 34)",18
7100,conv2d_16,"(1, 1, 60, 4)",20
7101,conv2d_16,"(1, 0, 62, 28)",15
7102,conv2d_16,"(1, 0, 21, 15)",11
7103,conv2d_16,"(0, 0, 46, 21)",22
7104,conv2d_16,"(2, 2, 42, 45)",5
7105,conv2d_16,"(2, 1, 24, 38)",10
7106,conv2d_16,"(0, 2, 23, 26)",22
7107,conv2d_16,"(2, 0, 38, 40)",29
7108,conv2d_16,"(1, 1, 17, 7)",29
7109,conv2d_16,"(2, 2, 0, 61)",12
7110,conv2d_16,"(0, 2, 17, 55)",19
7111,conv2d_16,"(2, 1, 37, 7)",5
7112,conv2d_16,"(2, 0, 0, 52)",1
7113,conv2d_16,"(0, 0, 6, 63)",5
7114,conv2d_16,"(1, 0, 38, 35)",17
7115,conv2d_16,"(2, 0, 4, 25)",7
7116,conv2d_16,"(1, 2, 0, 15)",5
7117,conv2d_16,"(2, 2, 26, 40)",3
7118,conv2d_16,"(2, 2, 45, 39)",1
7119,conv2d_16,"(2, 1, 54, 32)",30
7120,conv2d_16,"(0, 1, 33, 14)",15
7121,conv2d_16,"(2, 1, 51, 22)",7
7122,conv2d_16,"(0, 0, 7, 4)",15
7123,conv2d_16,"(1, 2, 33, 42)",10
7124,conv2d_16,"(0, 1, 36, 42)",8
7125,conv2d_16,"(1, 0, 55, 36)",11
7126,conv2d_16,"(0, 2, 15, 5)",23
7127,conv2d_16,"(0, 1, 47, 15)",6
7128,conv2d_16,"(1, 0, 51, 14)",29
7129,conv2d_16,"(1, 1, 13, 41)",18
7130,conv2d_16,"(1, 1, 46, 29)",23
7131,conv2d_16,"(1, 0, 34, 8)",23
7132,conv2d_16,"(1, 1, 1, 45)",12
7133,conv2d_16,"(1, 1, 25, 15)",17
7134,conv2d_16,"(1, 0, 59, 5)",20
7135,conv2d_16,"(1, 0, 28, 5)",16
7136,conv2d_16,"(2, 2, 41, 3)",24
7137,conv2d_16,"(0, 1, 34, 52)",23
7138,conv2d_16,"(1, 1, 43, 17)",10
7139,conv2d_16,"(2, 2, 41, 55)",23
7140,conv2d_16,"(0, 0, 40, 30)",3
7141,conv2d_16,"(2, 2, 20, 23)",5
7142,conv2d_16,"(1, 0, 19, 28)",6
7143,conv2d_16,"(2, 0, 41, 0)",17
7144,conv2d_16,"(0, 0, 31, 56)",31
7145,conv2d_16,"(2, 1, 15, 60)",3
7146,conv2d_16,"(2, 0, 56, 21)",16
7147,conv2d_16,"(0, 2, 60, 1)",23
7148,conv2d_16,"(2, 2, 7, 41)",30
7149,conv2d_16,"(2, 2, 54, 27)",15
7150,conv2d_16,"(1, 2, 62, 4)",16
7151,conv2d_16,"(0, 2, 17, 41)",10
7152,conv2d_16,"(0, 0, 42, 57)",8
7153,conv2d_16,"(1, 0, 38, 25)",21
7154,conv2d_16,"(1, 2, 44, 24)",23
7155,conv2d_16,"(1, 2, 25, 24)",28
7156,conv2d_16,"(2, 1, 17, 41)",12
7157,conv2d_16,"(0, 0, 54, 19)",2
7158,conv2d_16,"(2, 2, 17, 19)",15
7159,conv2d_16,"(2, 2, 55, 44)",2
7160,conv2d_16,"(1, 0, 24, 21)",22
7161,conv2d_16,"(2, 0, 27, 14)",28
7162,conv2d_16,"(0, 0, 56, 36)",2
7163,conv2d_16,"(1, 2, 63, 14)",14
7164,conv2d_16,"(1, 1, 46, 47)",13
7165,conv2d_16,"(2, 2, 0, 6)",16
7166,conv2d_16,"(1, 0, 39, 61)",2
7167,conv2d_16,"(1, 2, 59, 26)",26
7168,conv2d_16,"(2, 0, 0, 63)",20
7169,conv2d_16,"(1, 1, 59, 54)",10
7170,conv2d_16,"(1, 0, 16, 12)",0
7171,conv2d_16,"(1, 0, 53, 62)",22
7172,conv2d_16,"(1, 2, 10, 48)",23
7173,conv2d_16,"(0, 1, 12, 4)",0
7174,conv2d_16,"(2, 2, 29, 22)",29
7175,conv2d_16,"(2, 2, 11, 39)",7
7176,conv2d_16,"(1, 1, 51, 31)",4
7177,conv2d_16,"(2, 0, 62, 30)",2
7178,conv2d_16,"(0, 0, 19, 30)",23
7179,conv2d_16,"(1, 1, 11, 9)",24
7180,conv2d_16,"(2, 1, 18, 40)",8
7181,conv2d_16,"(2, 0, 57, 42)",3
7182,conv2d_16,"(0, 0, 28, 14)",4
7183,conv2d_16,"(2, 0, 61, 6)",9
7184,conv2d_16,"(2, 2, 27, 18)",0
7185,conv2d_16,"(1, 2, 25, 50)",7
7186,conv2d_16,"(2, 2, 55, 39)",22
7187,conv2d_16,"(0, 0, 11, 20)",18
7188,conv2d_16,"(2, 2, 28, 55)",30
7189,conv2d_16,"(1, 2, 39, 18)",5
7190,conv2d_16,"(1, 0, 12, 51)",14
7191,conv2d_16,"(1, 0, 10, 35)",26
7192,conv2d_16,"(1, 0, 27, 42)",16
7193,conv2d_16,"(1, 1, 60, 45)",16
7194,conv2d_16,"(0, 1, 52, 8)",18
7195,conv2d_16,"(0, 1, 16, 49)",31
7196,conv2d_16,"(0, 1, 31, 56)",14
7197,conv2d_16,"(0, 0, 60, 55)",15
7198,conv2d_16,"(1, 1, 30, 57)",16
7199,conv2d_16,"(2, 0, 5, 35)",25
7200,conv2d_16,"(1, 2, 39, 32)",10
7201,conv2d_16,"(2, 0, 59, 4)",11
7202,conv2d_16,"(1, 0, 0, 49)",17
7203,conv2d_16,"(1, 0, 42, 23)",24
7204,conv2d_16,"(1, 2, 11, 57)",4
7205,conv2d_16,"(1, 1, 8, 38)",10
7206,conv2d_16,"(1, 1, 59, 53)",29
7207,conv2d_16,"(2, 0, 59, 19)",17
7208,conv2d_16,"(2, 1, 49, 12)",28
7209,conv2d_16,"(2, 1, 1, 53)",2
7210,conv2d_16,"(2, 1, 26, 23)",19
7211,conv2d_16,"(1, 0, 28, 21)",14
7212,conv2d_16,"(1, 0, 22, 44)",7
7213,conv2d_16,"(2, 2, 59, 45)",12
7214,conv2d_16,"(0, 0, 52, 57)",6
7215,conv2d_16,"(1, 2, 29, 24)",9
7216,conv2d_16,"(2, 1, 34, 17)",30
7217,conv2d_16,"(2, 1, 6, 2)",7
7218,conv2d_16,"(1, 1, 4, 57)",8
7219,conv2d_16,"(2, 1, 62, 49)",7
7220,conv2d_16,"(1, 2, 38, 9)",20
7221,conv2d_16,"(2, 1, 59, 51)",12
7222,conv2d_16,"(1, 1, 19, 13)",1
7223,conv2d_16,"(2, 1, 42, 7)",8
7224,conv2d_16,"(0, 2, 16, 34)",29
7225,conv2d_16,"(0, 1, 61, 46)",11
7226,conv2d_16,"(1, 1, 43, 52)",2
7227,conv2d_16,"(2, 1, 0, 33)",20
7228,conv2d_16,"(0, 2, 28, 51)",18
7229,conv2d_16,"(1, 2, 38, 24)",25
7230,conv2d_16,"(2, 2, 3, 43)",8
7231,conv2d_16,"(1, 2, 59, 25)",5
7232,conv2d_16,"(0, 1, 39, 57)",7
7233,conv2d_16,"(2, 2, 51, 32)",1
7234,conv2d_17,"(0, 2, 60, 4)",22
7235,conv2d_17,"(2, 0, 57, 1)",14
7236,conv2d_17,"(1, 2, 56, 11)",27
7237,conv2d_17,"(0, 2, 26, 44)",16
7238,conv2d_17,"(1, 0, 30, 32)",17
7239,conv2d_17,"(0, 1, 43, 46)",16
7240,conv2d_17,"(1, 1, 45, 16)",30
7241,conv2d_17,"(0, 0, 2, 46)",3
7242,conv2d_17,"(1, 0, 61, 49)",29
7243,conv2d_17,"(2, 0, 2, 55)",30
7244,conv2d_17,"(0, 0, 48, 25)",13
7245,conv2d_17,"(2, 1, 22, 31)",18
7246,conv2d_17,"(1, 1, 37, 17)",8
7247,conv2d_17,"(1, 2, 6, 23)",23
7248,conv2d_17,"(2, 0, 3, 26)",26
7249,conv2d_17,"(0, 2, 56, 19)",21
7250,conv2d_17,"(2, 1, 1, 52)",30
7251,conv2d_17,"(0, 0, 10, 10)",18
7252,conv2d_17,"(2, 1, 49, 10)",27
7253,conv2d_17,"(1, 2, 5, 19)",23
7254,conv2d_17,"(0, 2, 3, 22)",1
7255,conv2d_17,"(1, 2, 33, 58)",3
7256,conv2d_17,"(2, 1, 18, 55)",15
7257,conv2d_17,"(1, 2, 51, 27)",20
7258,conv2d_17,"(2, 1, 3, 25)",6
7259,conv2d_17,"(0, 1, 23, 20)",12
7260,conv2d_17,"(1, 1, 54, 6)",14
7261,conv2d_17,"(0, 2, 62, 57)",20
7262,conv2d_17,"(1, 0, 8, 11)",22
7263,conv2d_17,"(1, 2, 8, 62)",29
7264,conv2d_17,"(2, 0, 59, 45)",14
7265,conv2d_17,"(1, 2, 29, 21)",23
7266,conv2d_17,"(2, 1, 51, 5)",30
7267,conv2d_17,"(0, 1, 15, 19)",11
7268,conv2d_17,"(1, 2, 21, 34)",27
7269,conv2d_17,"(1, 1, 34, 45)",8
7270,conv2d_17,"(0, 0, 61, 62)",13
7271,conv2d_17,"(1, 0, 10, 50)",11
7272,conv2d_17,"(2, 1, 62, 28)",0
7273,conv2d_17,"(2, 1, 4, 29)",17
7274,conv2d_17,"(2, 2, 62, 54)",12
7275,conv2d_17,"(2, 1, 54, 10)",16
7276,conv2d_17,"(0, 0, 30, 47)",5
7277,conv2d_17,"(0, 2, 62, 51)",2
7278,conv2d_17,"(2, 0, 38, 46)",26
7279,conv2d_17,"(2, 0, 31, 15)",17
7280,conv2d_17,"(2, 1, 30, 20)",18
7281,conv2d_17,"(1, 2, 58, 47)",12
7282,conv2d_17,"(1, 1, 53, 53)",31
7283,conv2d_17,"(0, 2, 51, 17)",6
7284,conv2d_17,"(2, 1, 8, 34)",2
7285,conv2d_17,"(1, 2, 31, 2)",5
7286,conv2d_17,"(1, 1, 46, 15)",4
7287,conv2d_17,"(1, 1, 12, 11)",24
7288,conv2d_17,"(0, 1, 11, 34)",9
7289,conv2d_17,"(0, 2, 31, 56)",16
7290,conv2d_17,"(2, 2, 20, 41)",1
7291,conv2d_17,"(0, 0, 52, 54)",5
7292,conv2d_17,"(1, 1, 52, 59)",18
7293,conv2d_17,"(2, 1, 40, 13)",3
7294,conv2d_17,"(2, 0, 6, 9)",15
7295,conv2d_17,"(1, 1, 14, 28)",6
7296,conv2d_17,"(2, 2, 5, 62)",27
7297,conv2d_17,"(2, 1, 46, 36)",20
7298,conv2d_17,"(2, 2, 35, 17)",2
7299,conv2d_17,"(2, 2, 37, 7)",29
7300,conv2d_17,"(1, 1, 24, 54)",7
7301,conv2d_17,"(1, 2, 50, 22)",0
7302,conv2d_17,"(2, 1, 43, 31)",26
7303,conv2d_17,"(2, 0, 10, 18)",9
7304,conv2d_17,"(1, 0, 1, 60)",4
7305,conv2d_17,"(1, 0, 32, 51)",21
7306,conv2d_17,"(0, 0, 55, 63)",31
7307,conv2d_17,"(2, 0, 55, 33)",2
7308,conv2d_17,"(2, 0, 8, 48)",7
7309,conv2d_17,"(2, 1, 57, 31)",31
7310,conv2d_17,"(0, 0, 44, 47)",10
7311,conv2d_17,"(1, 2, 36, 18)",10
7312,conv2d_17,"(1, 2, 13, 39)",29
7313,conv2d_17,"(0, 2, 44, 42)",11
7314,conv2d_17,"(0, 1, 31, 18)",6
7315,conv2d_17,"(0, 2, 39, 54)",19
7316,conv2d_17,"(0, 0, 46, 2)",16
7317,conv2d_17,"(0, 2, 33, 56)",2
7318,conv2d_17,"(2, 2, 31, 12)",11
7319,conv2d_17,"(0, 1, 37, 61)",6
7320,conv2d_17,"(2, 1, 49, 9)",20
7321,conv2d_17,"(2, 1, 29, 31)",14
7322,conv2d_17,"(0, 0, 4, 31)",29
7323,conv2d_17,"(1, 1, 55, 49)",22
7324,conv2d_17,"(2, 2, 41, 42)",26
7325,conv2d_17,"(1, 0, 12, 35)",3
7326,conv2d_17,"(2, 1, 63, 5)",8
7327,conv2d_17,"(1, 1, 23, 13)",26
7328,conv2d_17,"(2, 1, 37, 43)",7
7329,conv2d_17,"(0, 0, 22, 31)",24
7330,conv2d_17,"(0, 2, 10, 44)",11
7331,conv2d_17,"(0, 0, 25, 51)",19
7332,conv2d_17,"(0, 0, 62, 63)",27
7333,conv2d_17,"(0, 2, 34, 27)",25
7334,conv2d_17,"(0, 2, 4, 30)",7
7335,conv2d_17,"(1, 0, 60, 9)",11
7336,conv2d_17,"(2, 1, 12, 1)",19
7337,conv2d_17,"(0, 1, 24, 5)",12
7338,conv2d_17,"(0, 1, 44, 21)",2
7339,conv2d_17,"(0, 0, 11, 51)",9
7340,conv2d_17,"(1, 1, 14, 22)",22
7341,conv2d_17,"(1, 2, 13, 50)",3
7342,conv2d_17,"(2, 2, 17, 14)",11
7343,conv2d_17,"(1, 0, 14, 58)",9
7344,conv2d_17,"(0, 0, 21, 28)",0
7345,conv2d_17,"(2, 0, 7, 50)",8
7346,conv2d_17,"(2, 2, 40, 31)",20
7347,conv2d_17,"(1, 1, 62, 15)",25
7348,conv2d_17,"(0, 0, 8, 39)",9
7349,conv2d_17,"(0, 1, 56, 61)",12
7350,conv2d_17,"(1, 2, 27, 56)",27
7351,conv2d_17,"(1, 2, 53, 21)",31
7352,conv2d_17,"(2, 0, 8, 43)",31
7353,conv2d_17,"(2, 2, 60, 44)",24
7354,conv2d_17,"(2, 0, 20, 44)",7
7355,conv2d_17,"(0, 1, 18, 13)",30
7356,conv2d_17,"(0, 1, 3, 1)",27
7357,conv2d_17,"(2, 1, 53, 28)",7
7358,conv2d_17,"(2, 0, 6, 19)",4
7359,conv2d_17,"(1, 2, 37, 63)",7
7360,conv2d_17,"(2, 2, 39, 5)",22
7361,conv2d_17,"(0, 1, 58, 19)",31
7362,conv2d_17,"(2, 1, 60, 1)",14
7363,conv2d_17,"(1, 2, 51, 44)",3
7364,conv2d_17,"(2, 0, 46, 53)",12
7365,conv2d_17,"(0, 1, 19, 45)",0
7366,conv2d_17,"(2, 1, 12, 13)",31
7367,conv2d_17,"(2, 1, 57, 18)",31
7368,conv2d_17,"(0, 1, 60, 59)",26
7369,conv2d_17,"(0, 1, 41, 31)",14
7370,conv2d_17,"(2, 0, 28, 21)",28
7371,conv2d_17,"(0, 1, 8, 52)",0
7372,conv2d_17,"(1, 2, 45, 12)",30
7373,conv2d_17,"(2, 1, 56, 51)",9
7374,conv2d_17,"(0, 1, 48, 37)",29
7375,conv2d_17,"(2, 0, 29, 26)",27
7376,conv2d_17,"(2, 0, 30, 11)",28
7377,conv2d_17,"(1, 0, 37, 48)",31
7378,conv2d_17,"(2, 2, 63, 49)",10
7379,conv2d_17,"(0, 2, 57, 46)",13
7380,conv2d_17,"(0, 1, 16, 26)",3
7381,conv2d_17,"(2, 0, 40, 12)",5
7382,conv2d_17,"(1, 1, 27, 37)",30
7383,conv2d_17,"(2, 1, 27, 12)",14
7384,conv2d_17,"(2, 1, 56, 40)",4
7385,conv2d_17,"(0, 0, 56, 40)",30
7386,conv2d_17,"(2, 2, 19, 48)",9
7387,conv2d_17,"(1, 2, 32, 36)",7
7388,conv2d_17,"(2, 0, 61, 13)",21
7389,conv2d_17,"(1, 1, 39, 45)",5
7390,conv2d_17,"(1, 1, 17, 45)",22
7391,conv2d_17,"(0, 2, 39, 0)",0
7392,conv2d_17,"(2, 2, 60, 60)",9
7393,conv2d_17,"(2, 0, 15, 63)",7
7394,conv2d_17,"(1, 1, 19, 63)",18
7395,conv2d_17,"(1, 2, 7, 24)",15
7396,conv2d_17,"(1, 2, 16, 36)",5
7397,conv2d_17,"(1, 1, 50, 29)",22
7398,conv2d_17,"(0, 2, 4, 37)",11
7399,conv2d_17,"(2, 1, 26, 60)",7
7400,conv2d_17,"(2, 0, 54, 1)",7
7401,conv2d_17,"(1, 0, 60, 45)",17
7402,conv2d_17,"(2, 1, 50, 33)",23
7403,conv2d_17,"(1, 0, 47, 29)",20
7404,conv2d_17,"(0, 2, 17, 38)",3
7405,conv2d_17,"(2, 0, 7, 38)",0
7406,conv2d_17,"(0, 0, 22, 19)",23
7407,conv2d_17,"(0, 2, 25, 11)",28
7408,conv2d_17,"(2, 0, 58, 41)",14
7409,conv2d_17,"(0, 1, 39, 28)",3
7410,conv2d_17,"(2, 0, 4, 15)",1
7411,conv2d_17,"(1, 2, 20, 2)",13
7412,conv2d_17,"(0, 2, 21, 7)",21
7413,conv2d_17,"(2, 1, 40, 29)",16
7414,conv2d_17,"(2, 2, 50, 6)",7
7415,conv2d_17,"(1, 0, 10, 48)",31
7416,conv2d_17,"(1, 1, 23, 30)",2
7417,conv2d_17,"(0, 1, 55, 26)",3
7418,conv2d_17,"(2, 2, 6, 51)",28
7419,conv2d_17,"(1, 2, 56, 20)",28
7420,conv2d_17,"(0, 2, 27, 7)",8
7421,conv2d_17,"(1, 0, 59, 11)",17
7422,conv2d_17,"(2, 2, 21, 62)",2
7423,conv2d_17,"(0, 2, 10, 1)",1
7424,conv2d_17,"(2, 0, 37, 21)",12
7425,conv2d_17,"(0, 2, 31, 27)",30
7426,conv2d_17,"(0, 0, 45, 10)",28
7427,conv2d_17,"(0, 2, 53, 12)",17
7428,conv2d_17,"(1, 0, 39, 57)",22
7429,conv2d_17,"(2, 2, 59, 49)",27
7430,conv2d_17,"(2, 2, 31, 60)",25
7431,conv2d_17,"(0, 1, 41, 34)",26
7432,conv2d_17,"(0, 1, 29, 14)",25
7433,conv2d_17,"(2, 2, 11, 45)",1
7434,conv2d_17,"(1, 2, 39, 60)",11
7435,conv2d_17,"(0, 0, 14, 34)",0
7436,conv2d_17,"(0, 1, 57, 63)",22
7437,conv2d_17,"(1, 0, 25, 60)",18
7438,conv2d_17,"(0, 0, 52, 31)",5
7439,conv2d_17,"(0, 0, 30, 21)",21
7440,conv2d_17,"(0, 1, 19, 5)",28
7441,conv2d_17,"(1, 1, 12, 27)",10
7442,conv2d_17,"(0, 0, 25, 13)",10
7443,conv2d_17,"(2, 1, 8, 44)",11
7444,conv2d_17,"(1, 2, 47, 0)",6
7445,conv2d_17,"(0, 1, 13, 2)",0
7446,conv2d_17,"(0, 2, 58, 51)",8
7447,conv2d_17,"(0, 2, 51, 8)",26
7448,conv2d_17,"(2, 2, 58, 37)",31
7449,conv2d_17,"(2, 2, 22, 62)",2
7450,conv2d_17,"(2, 0, 21, 61)",30
7451,conv2d_17,"(1, 1, 21, 63)",9
7452,conv2d_17,"(0, 1, 47, 31)",4
7453,conv2d_17,"(2, 0, 56, 51)",29
7454,conv2d_17,"(0, 0, 38, 30)",28
7455,conv2d_17,"(2, 1, 55, 55)",22
7456,conv2d_17,"(1, 0, 38, 63)",31
7457,conv2d_17,"(1, 0, 23, 55)",8
7458,conv2d_17,"(1, 1, 38, 39)",25
7459,conv2d_17,"(1, 1, 0, 41)",16
7460,conv2d_17,"(0, 2, 32, 10)",20
7461,conv2d_17,"(0, 0, 32, 16)",11
7462,conv2d_17,"(1, 0, 42, 29)",25
7463,conv2d_17,"(2, 0, 57, 38)",2
7464,conv2d_17,"(1, 0, 63, 52)",8
7465,conv2d_17,"(0, 0, 40, 10)",4
7466,conv2d_17,"(2, 2, 18, 22)",9
7467,conv2d_17,"(0, 0, 51, 52)",17
7468,conv2d_17,"(0, 1, 30, 38)",26
7469,conv2d_17,"(0, 2, 21, 24)",17
7470,conv2d_17,"(2, 2, 47, 28)",12
7471,conv2d_17,"(2, 0, 52, 16)",0
7472,conv2d_17,"(2, 2, 34, 61)",6
7473,conv2d_17,"(0, 2, 58, 23)",25
7474,conv2d_17,"(2, 1, 58, 3)",26
7475,conv2d_17,"(2, 0, 31, 7)",10
7476,conv2d_17,"(2, 2, 59, 33)",8
7477,conv2d_17,"(0, 1, 63, 63)",26
7478,conv2d_17,"(1, 2, 39, 53)",8
7479,conv2d_17,"(1, 2, 7, 51)",29
7480,conv2d_17,"(0, 0, 5, 15)",1
7481,conv2d_17,"(0, 2, 42, 55)",10
7482,conv2d_17,"(2, 2, 61, 15)",27
7483,conv2d_17,"(2, 2, 37, 31)",2
7484,conv2d_17,"(0, 1, 61, 20)",29
7485,conv2d_17,"(1, 1, 46, 24)",8
7486,conv2d_17,"(0, 1, 52, 60)",27
7487,conv2d_17,"(2, 1, 34, 20)",9
7488,conv2d_17,"(2, 2, 4, 11)",24
7489,conv2d_17,"(1, 1, 60, 4)",17
7490,conv2d_17,"(1, 1, 7, 54)",18
7491,conv2d_17,"(1, 2, 37, 2)",27
7492,conv2d_17,"(0, 2, 22, 53)",5
7493,conv2d_17,"(0, 1, 43, 23)",30
7494,conv2d_17,"(0, 0, 36, 51)",11
7495,conv2d_17,"(2, 1, 49, 31)",12
7496,conv2d_17,"(1, 0, 29, 55)",0
7497,conv2d_17,"(1, 2, 26, 32)",28
7498,conv2d_17,"(2, 2, 17, 54)",11
7499,conv2d_17,"(2, 2, 15, 32)",1
7500,conv2d_17,"(0, 1, 63, 53)",12
7501,conv2d_17,"(1, 0, 30, 8)",28
7502,conv2d_17,"(0, 0, 1, 16)",15
7503,conv2d_17,"(1, 0, 41, 51)",10
7504,conv2d_17,"(2, 0, 23, 4)",16
7505,conv2d_17,"(0, 2, 53, 42)",21
7506,conv2d_17,"(0, 1, 54, 16)",29
7507,conv2d_17,"(0, 0, 52, 36)",13
7508,conv2d_17,"(1, 2, 42, 0)",28
7509,conv2d_17,"(1, 1, 17, 29)",16
7510,conv2d_17,"(1, 1, 35, 37)",5
7511,conv2d_17,"(2, 1, 16, 15)",22
7512,conv2d_17,"(1, 0, 55, 5)",9
7513,conv2d_17,"(2, 0, 37, 25)",19
7514,conv2d_17,"(2, 1, 52, 30)",4
7515,conv2d_17,"(1, 1, 9, 31)",5
7516,conv2d_17,"(0, 0, 48, 40)",13
7517,conv2d_17,"(2, 0, 59, 26)",8
7518,conv2d_17,"(0, 2, 19, 3)",20
7519,conv2d_17,"(0, 2, 56, 54)",24
7520,conv2d_17,"(0, 1, 27, 13)",8
7521,conv2d_17,"(2, 2, 12, 0)",4
7522,conv2d_17,"(0, 2, 41, 14)",9
7523,conv2d_17,"(1, 1, 16, 47)",15
7524,conv2d_17,"(2, 1, 8, 28)",16
7525,conv2d_17,"(2, 1, 13, 9)",24
7526,conv2d_17,"(1, 2, 59, 16)",25
7527,conv2d_17,"(1, 0, 55, 0)",15
7528,conv2d_17,"(2, 2, 62, 26)",29
7529,conv2d_17,"(2, 1, 21, 0)",11
7530,conv2d_17,"(0, 0, 51, 43)",22
7531,conv2d_17,"(1, 0, 24, 44)",29
7532,conv2d_17,"(1, 1, 1, 50)",4
7533,conv2d_17,"(2, 0, 37, 5)",23
7534,conv2d_17,"(1, 1, 8, 25)",11
7535,conv2d_17,"(0, 0, 49, 52)",15
7536,conv2d_17,"(2, 0, 12, 14)",17
7537,conv2d_17,"(0, 0, 27, 57)",0
7538,conv2d_17,"(0, 0, 37, 44)",21
7539,conv2d_17,"(1, 2, 31, 51)",2
7540,conv2d_17,"(2, 0, 39, 2)",4
7541,conv2d_17,"(0, 2, 44, 18)",17
7542,conv2d_17,"(0, 0, 16, 5)",14
7543,conv2d_17,"(2, 2, 13, 24)",2
7544,conv2d_17,"(0, 1, 47, 60)",21
7545,conv2d_17,"(1, 2, 61, 42)",17
7546,conv2d_17,"(0, 1, 46, 40)",13
7547,conv2d_17,"(2, 2, 57, 19)",11
7548,conv2d_17,"(1, 0, 7, 34)",2
7549,conv2d_17,"(2, 0, 9, 3)",22
7550,conv2d_17,"(2, 1, 60, 60)",1
7551,conv2d_17,"(1, 1, 26, 4)",17
7552,conv2d_17,"(0, 2, 53, 2)",6
7553,conv2d_17,"(2, 2, 61, 55)",26
7554,conv2d_17,"(2, 0, 49, 22)",14
7555,conv2d_17,"(2, 2, 49, 9)",16
7556,conv2d_17,"(1, 2, 15, 3)",16
7557,conv2d_17,"(1, 0, 36, 46)",28
7558,conv2d_17,"(0, 1, 60, 47)",18
7559,conv2d_17,"(0, 2, 60, 30)",1
7560,conv2d_17,"(0, 1, 30, 23)",11
7561,conv2d_17,"(1, 1, 56, 62)",24
7562,conv2d_17,"(1, 0, 25, 32)",4
7563,conv2d_17,"(0, 0, 57, 0)",26
7564,conv2d_17,"(2, 2, 43, 47)",31
7565,conv2d_17,"(1, 0, 40, 17)",8
7566,conv2d_17,"(2, 2, 19, 39)",7
7567,conv2d_17,"(2, 2, 57, 36)",4
7568,conv2d_17,"(0, 2, 34, 5)",27
7569,conv2d_17,"(1, 2, 52, 51)",18
7570,conv2d_17,"(0, 0, 25, 40)",22
7571,conv2d_17,"(2, 1, 13, 47)",28
7572,conv2d_17,"(0, 1, 40, 53)",2
7573,conv2d_17,"(0, 0, 19, 7)",6
7574,conv2d_17,"(0, 1, 37, 49)",4
7575,conv2d_17,"(2, 2, 16, 50)",23
7576,conv2d_17,"(0, 0, 1, 36)",8
7577,conv2d_17,"(0, 2, 33, 44)",12
7578,conv2d_17,"(1, 2, 59, 48)",6
7579,conv2d_17,"(1, 2, 27, 27)",9
7580,conv2d_17,"(0, 0, 58, 20)",4
7581,conv2d_17,"(1, 2, 50, 54)",11
7582,conv2d_17,"(1, 2, 28, 0)",13
7583,conv2d_17,"(0, 0, 15, 53)",11
7584,conv2d_17,"(2, 0, 30, 47)",24
7585,conv2d_17,"(0, 2, 5, 44)",17
7586,conv2d_17,"(2, 0, 16, 20)",15
7587,conv2d_17,"(1, 2, 26, 39)",6
7588,conv2d_17,"(2, 0, 30, 7)",13
7589,conv2d_17,"(1, 2, 50, 21)",21
7590,conv2d_17,"(0, 2, 1, 15)",9
7591,conv2d_17,"(2, 0, 57, 28)",3
7592,conv2d_17,"(2, 1, 3, 7)",10
7593,conv2d_17,"(1, 2, 20, 60)",16
7594,conv2d_17,"(2, 2, 38, 47)",30
7595,conv2d_17,"(2, 1, 37, 62)",24
7596,conv2d_17,"(0, 1, 15, 18)",4
7597,conv2d_17,"(0, 0, 28, 55)",28
7598,conv2d_17,"(2, 0, 57, 41)",25
7599,conv2d_17,"(1, 1, 53, 37)",21
7600,conv2d_17,"(2, 0, 9, 2)",1
7601,conv2d_17,"(0, 2, 23, 37)",31
7602,conv2d_17,"(2, 0, 62, 58)",23
7603,conv2d_17,"(0, 2, 15, 57)",14
7604,conv2d_17,"(1, 0, 23, 46)",6
7605,conv2d_17,"(1, 1, 20, 52)",18
7606,conv2d_17,"(2, 2, 33, 63)",30
7607,conv2d_17,"(1, 0, 29, 47)",11
7608,conv2d_17,"(1, 2, 13, 29)",23
7609,conv2d_17,"(2, 2, 18, 53)",26
7610,conv2d_17,"(2, 0, 43, 23)",22
7611,conv2d_17,"(1, 0, 48, 37)",18
7612,conv2d_17,"(0, 0, 0, 57)",29
7613,conv2d_17,"(0, 2, 39, 4)",15
7614,conv2d_17,"(0, 2, 17, 4)",20
7615,conv2d_17,"(0, 2, 9, 13)",7
7616,conv2d_17,"(2, 0, 12, 3)",4
7617,conv2d_17,"(2, 0, 8, 54)",30
7618,conv2d_17,"(2, 0, 61, 21)",13
7619,conv2d_17,"(1, 2, 58, 55)",10
7620,conv2d_17,"(2, 0, 34, 11)",4
7621,conv2d_17,"(0, 0, 56, 59)",20
7622,conv2d_17,"(0, 2, 56, 56)",26
7623,conv2d_17,"(1, 1, 23, 56)",15
7624,conv2d_17,"(0, 0, 46, 30)",13
7625,conv2d_17,"(1, 0, 38, 62)",7
7626,conv2d_17,"(2, 2, 4, 24)",4
7627,conv2d_17,"(2, 0, 49, 6)",6
7628,conv2d_17,"(1, 0, 62, 4)",28
7629,conv2d_17,"(2, 0, 12, 23)",22
7630,conv2d_17,"(1, 0, 1, 55)",1
7631,conv2d_17,"(0, 0, 11, 22)",7
7632,conv2d_17,"(0, 2, 55, 62)",2
7633,conv2d_17,"(0, 2, 39, 12)",25
7634,conv2d_17,"(1, 0, 22, 22)",24
7635,conv2d_17,"(0, 0, 46, 53)",6
7636,conv2d_17,"(2, 2, 22, 18)",14
7637,conv2d_17,"(1, 0, 42, 6)",23
7638,conv2d_17,"(0, 0, 42, 1)",4
7639,conv2d_17,"(2, 1, 54, 49)",8
7640,conv2d_17,"(1, 0, 3, 25)",23
7641,conv2d_17,"(1, 0, 24, 21)",14
7642,conv2d_17,"(2, 1, 1, 32)",30
7643,conv2d_17,"(1, 1, 63, 60)",3
7644,conv2d_17,"(2, 1, 41, 11)",20
7645,conv2d_17,"(1, 2, 45, 58)",15
7646,conv2d_17,"(0, 2, 8, 18)",5
7647,conv2d_17,"(0, 2, 47, 39)",7
7648,conv2d_17,"(2, 1, 43, 6)",5
7649,conv2d_17,"(1, 0, 38, 19)",4
7650,conv2d_17,"(2, 0, 19, 44)",29
7651,conv2d_17,"(1, 2, 18, 61)",23
7652,conv2d_17,"(2, 2, 61, 9)",9
7653,conv2d_17,"(2, 2, 36, 45)",19
7654,conv2d_17,"(0, 1, 53, 18)",29
7655,conv2d_17,"(0, 0, 2, 57)",28
7656,conv2d_17,"(1, 2, 24, 29)",16
7657,conv2d_17,"(2, 1, 46, 41)",25
7658,conv2d_17,"(0, 2, 57, 56)",19
7659,conv2d_17,"(2, 0, 56, 20)",13
7660,conv2d_17,"(0, 2, 17, 10)",19
7661,conv2d_17,"(0, 2, 5, 32)",7
7662,conv2d_17,"(2, 2, 58, 0)",15
7663,conv2d_17,"(0, 0, 33, 2)",18
7664,conv2d_17,"(0, 1, 13, 44)",29
7665,conv2d_17,"(1, 0, 59, 21)",15
7666,conv2d_17,"(2, 1, 30, 39)",6
7667,conv2d_17,"(1, 0, 13, 31)",3
7668,conv2d_17,"(1, 2, 6, 46)",2
7669,conv2d_17,"(2, 1, 62, 0)",29
7670,conv2d_17,"(2, 2, 12, 46)",19
7671,conv2d_17,"(2, 0, 30, 16)",31
7672,conv2d_17,"(0, 2, 42, 14)",26
7673,conv2d_17,"(2, 0, 49, 44)",6
7674,conv2d_17,"(0, 2, 62, 15)",11
7675,conv2d_17,"(2, 2, 38, 55)",4
7676,conv2d_17,"(0, 0, 17, 18)",10
7677,conv2d_17,"(1, 1, 20, 63)",2
7678,conv2d_17,"(2, 1, 17, 32)",15
7679,conv2d_17,"(0, 2, 18, 62)",9
7680,conv2d_17,"(0, 1, 27, 51)",11
7681,conv2d_17,"(0, 1, 31, 0)",9
7682,conv2d_17,"(0, 2, 0, 57)",10
7683,conv2d_17,"(0, 1, 9, 9)",26
7684,conv2d_17,"(1, 1, 13, 44)",1
7685,conv2d_17,"(2, 0, 54, 62)",31
7686,conv2d_17,"(0, 0, 32, 61)",12
7687,conv2d_17,"(0, 2, 47, 24)",16
7688,conv2d_17,"(2, 1, 43, 62)",1
7689,conv2d_17,"(0, 0, 54, 17)",29
7690,conv2d_17,"(0, 0, 35, 27)",25
7691,conv2d_17,"(1, 0, 32, 44)",21
7692,conv2d_17,"(2, 0, 13, 58)",24
7693,conv2d_17,"(1, 0, 18, 3)",9
7694,conv2d_17,"(1, 0, 24, 46)",24
7695,conv2d_17,"(2, 2, 11, 12)",23
7696,conv2d_17,"(0, 2, 5, 56)",23
7697,conv2d_17,"(0, 2, 56, 28)",25
7698,conv2d_17,"(1, 0, 32, 8)",10
7699,conv2d_17,"(1, 2, 20, 21)",27
7700,conv2d_17,"(1, 0, 11, 42)",28
7701,conv2d_17,"(2, 2, 5, 59)",8
7702,conv2d_17,"(2, 1, 6, 62)",27
7703,conv2d_17,"(0, 2, 19, 34)",11
7704,conv2d_17,"(1, 1, 63, 56)",30
7705,conv2d_17,"(2, 2, 20, 25)",23
7706,conv2d_17,"(0, 0, 13, 44)",29
7707,conv2d_17,"(2, 1, 29, 24)",19
7708,conv2d_17,"(1, 2, 16, 48)",11
7709,conv2d_17,"(0, 0, 6, 45)",25
7710,conv2d_17,"(1, 1, 3, 7)",16
7711,conv2d_17,"(2, 0, 40, 11)",21
7712,conv2d_17,"(2, 2, 7, 63)",14
7713,conv2d_17,"(1, 1, 20, 36)",22
7714,conv2d_17,"(0, 2, 28, 12)",0
7715,conv2d_17,"(1, 0, 45, 40)",23
7716,conv2d_17,"(2, 1, 15, 37)",17
7717,conv2d_17,"(1, 2, 29, 55)",4
7718,conv2d_17,"(2, 1, 2, 10)",21
7719,conv2d_17,"(1, 2, 51, 55)",2
7720,conv2d_17,"(2, 0, 17, 10)",9
7721,conv2d_17,"(2, 0, 34, 60)",13
7722,conv2d_17,"(2, 0, 54, 9)",5
7723,conv2d_17,"(0, 2, 24, 46)",18
7724,conv2d_17,"(0, 0, 40, 56)",31
7725,conv2d_17,"(1, 0, 56, 10)",3
7726,conv2d_17,"(2, 0, 24, 12)",23
7727,conv2d_17,"(2, 1, 34, 37)",15
7728,conv2d_17,"(2, 2, 44, 17)",19
7729,conv2d_17,"(1, 0, 2, 14)",10
7730,conv2d_17,"(0, 0, 26, 2)",29
7731,conv2d_17,"(1, 1, 42, 7)",11
7732,conv2d_17,"(2, 1, 41, 53)",28
7733,conv2d_17,"(1, 1, 58, 19)",2
7734,conv2d_17,"(0, 2, 26, 24)",2
7735,conv2d_17,"(0, 0, 10, 53)",20
7736,conv2d_17,"(2, 0, 24, 56)",3
7737,conv2d_17,"(0, 1, 54, 2)",25
7738,conv2d_17,"(0, 0, 36, 26)",14
7739,conv2d_17,"(0, 1, 13, 27)",24
7740,conv2d_17,"(1, 2, 45, 52)",9
7741,conv2d_17,"(1, 1, 6, 55)",10
7742,conv2d_17,"(1, 0, 53, 0)",20
7743,conv2d_17,"(1, 0, 53, 50)",30
7744,conv2d_17,"(0, 1, 5, 21)",13
7745,conv2d_17,"(2, 1, 14, 61)",17
7746,conv2d_17,"(2, 2, 43, 31)",25
7747,conv2d_17,"(0, 1, 23, 4)",14
7748,conv2d_17,"(0, 1, 56, 50)",25
7749,conv2d_17,"(1, 1, 49, 29)",26
7750,conv2d_17,"(1, 1, 61, 51)",1
7751,conv2d_17,"(1, 0, 42, 10)",1
7752,conv2d_17,"(0, 0, 3, 50)",26
7753,conv2d_17,"(0, 0, 46, 11)",31
7754,conv2d_17,"(2, 0, 34, 57)",6
7755,conv2d_17,"(2, 0, 48, 36)",24
7756,conv2d_17,"(2, 1, 29, 57)",8
7757,conv2d_17,"(0, 1, 55, 42)",12
7758,conv2d_17,"(1, 2, 62, 32)",3
7759,conv2d_17,"(0, 1, 60, 38)",16
7760,conv2d_17,"(1, 2, 42, 56)",5
7761,conv2d_17,"(2, 1, 58, 31)",28
7762,conv2d_17,"(0, 1, 34, 13)",28
7763,conv2d_17,"(2, 1, 2, 34)",19
7764,conv2d_17,"(2, 1, 57, 43)",9
7765,conv2d_17,"(1, 0, 31, 28)",29
7766,conv2d_17,"(2, 2, 58, 35)",2
7767,conv2d_17,"(1, 0, 31, 47)",26
7768,conv2d_17,"(2, 0, 41, 55)",15
7769,conv2d_17,"(0, 1, 41, 54)",26
7770,conv2d_17,"(1, 0, 20, 0)",24
7771,conv2d_17,"(0, 2, 32, 38)",18
7772,conv2d_17,"(1, 0, 29, 42)",29
7773,conv2d_17,"(2, 0, 37, 40)",12
7774,conv2d_17,"(1, 0, 43, 33)",15
7775,conv2d_17,"(0, 2, 18, 3)",28
7776,conv2d_17,"(0, 1, 12, 0)",2
7777,conv2d_17,"(0, 0, 2, 1)",19
7778,conv2d_17,"(2, 2, 57, 61)",30
7779,conv2d_17,"(1, 0, 23, 39)",25
7780,conv2d_17,"(2, 2, 37, 10)",7
7781,conv2d_17,"(1, 1, 8, 9)",25
7782,conv2d_17,"(0, 2, 58, 41)",18
7783,conv2d_17,"(0, 2, 8, 31)",29
7784,conv2d_17,"(0, 0, 54, 15)",9
7785,conv2d_17,"(1, 2, 58, 34)",21
7786,conv2d_17,"(1, 0, 41, 58)",5
7787,conv2d_17,"(0, 1, 1, 61)",8
7788,conv2d_17,"(0, 2, 61, 2)",27
7789,conv2d_17,"(2, 2, 0, 50)",25
7790,conv2d_17,"(1, 2, 48, 54)",7
7791,conv2d_17,"(0, 1, 57, 46)",9
7792,conv2d_17,"(2, 2, 43, 8)",22
7793,conv2d_17,"(1, 1, 62, 45)",6
7794,conv2d_17,"(0, 0, 3, 53)",22
7795,conv2d_17,"(2, 1, 49, 4)",1
7796,conv2d_17,"(2, 2, 53, 37)",12
7797,conv2d_17,"(0, 0, 37, 49)",6
7798,conv2d_17,"(2, 0, 32, 49)",20
7799,conv2d_17,"(1, 0, 14, 43)",29
7800,conv2d_17,"(1, 0, 33, 14)",2
7801,conv2d_17,"(1, 2, 18, 52)",6
7802,conv2d_17,"(0, 0, 38, 61)",3
7803,conv2d_17,"(0, 0, 55, 25)",30
7804,conv2d_17,"(1, 1, 58, 41)",29
7805,conv2d_17,"(2, 0, 30, 48)",19
7806,conv2d_17,"(1, 2, 56, 23)",24
7807,conv2d_17,"(1, 2, 18, 32)",7
7808,conv2d_17,"(2, 1, 34, 57)",10
7809,conv2d_17,"(0, 1, 62, 13)",28
7810,conv2d_17,"(0, 0, 45, 45)",9
7811,conv2d_17,"(2, 2, 60, 0)",16
7812,conv2d_17,"(0, 0, 7, 63)",4
7813,conv2d_17,"(2, 2, 9, 44)",18
7814,conv2d_17,"(1, 0, 52, 62)",12
7815,conv2d_17,"(0, 2, 56, 53)",25
7816,conv2d_17,"(0, 0, 56, 38)",23
7817,conv2d_17,"(1, 0, 42, 22)",6
7818,conv2d_17,"(2, 0, 62, 62)",15
7819,conv2d_17,"(0, 2, 59, 35)",9
7820,conv2d_17,"(1, 0, 61, 20)",17
7821,conv2d_17,"(2, 1, 43, 56)",4
7822,conv2d_17,"(0, 2, 32, 62)",7
7823,conv2d_17,"(0, 1, 9, 63)",8
7824,conv2d_17,"(0, 2, 10, 38)",1
7825,conv2d_17,"(2, 2, 1, 22)",2
7826,conv2d_17,"(1, 2, 58, 28)",25
7827,conv2d_17,"(2, 1, 8, 6)",4
7828,conv2d_17,"(1, 0, 25, 53)",8
7829,conv2d_17,"(1, 1, 56, 32)",14
7830,conv2d_17,"(1, 0, 55, 54)",14
7831,conv2d_17,"(0, 0, 23, 22)",3
7832,conv2d_17,"(0, 0, 11, 2)",9
7833,conv2d_17,"(2, 2, 55, 16)",24
7834,conv2d_17,"(0, 1, 24, 62)",21
7835,conv2d_17,"(1, 0, 57, 53)",20
7836,conv2d_17,"(2, 1, 45, 23)",24
7837,conv2d_17,"(0, 1, 10, 9)",9
7838,conv2d_17,"(0, 0, 42, 26)",31
7839,conv2d_17,"(0, 0, 54, 32)",29
7840,conv2d_17,"(2, 2, 1, 63)",6
7841,conv2d_17,"(0, 0, 1, 25)",9
7842,conv2d_17,"(1, 2, 57, 59)",29
7843,conv2d_17,"(0, 1, 29, 61)",24
7844,conv2d_17,"(0, 0, 16, 63)",11
7845,conv2d_17,"(2, 1, 28, 56)",7
7846,conv2d_17,"(0, 1, 26, 38)",3
7847,conv2d_17,"(2, 2, 11, 15)",27
7848,conv2d_17,"(2, 1, 28, 54)",17
7849,conv2d_17,"(0, 0, 17, 3)",15
7850,conv2d_17,"(1, 2, 10, 31)",31
7851,conv2d_17,"(2, 2, 54, 21)",27
7852,conv2d_17,"(2, 2, 36, 46)",7
7853,conv2d_17,"(1, 1, 45, 39)",9
7854,conv2d_17,"(2, 0, 58, 59)",24
7855,conv2d_17,"(1, 1, 2, 11)",6
7856,conv2d_17,"(0, 1, 17, 4)",0
7857,conv2d_17,"(2, 0, 35, 7)",18
7858,conv2d_17,"(1, 0, 63, 41)",26
7859,conv2d_17,"(2, 0, 46, 47)",21
7860,conv2d_17,"(2, 0, 26, 3)",24
7861,conv2d_17,"(0, 2, 37, 15)",8
7862,conv2d_17,"(0, 1, 40, 10)",30
7863,conv2d_17,"(2, 0, 62, 29)",1
7864,conv2d_17,"(1, 1, 5, 30)",18
7865,conv2d_17,"(1, 2, 59, 63)",15
7866,conv2d_17,"(1, 0, 42, 61)",17
7867,conv2d_17,"(2, 1, 38, 36)",0
7868,conv2d_17,"(1, 1, 23, 35)",27
7869,conv2d_17,"(1, 1, 32, 5)",8
7870,conv2d_17,"(0, 2, 62, 21)",16
7871,conv2d_17,"(1, 1, 24, 21)",11
7872,conv2d_17,"(2, 2, 51, 32)",13
7873,conv2d_17,"(2, 1, 17, 35)",16
7874,conv2d_17,"(1, 2, 29, 7)",28
7875,conv2d_17,"(1, 2, 13, 44)",2
7876,conv2d_17,"(0, 1, 33, 39)",13
7877,conv2d_17,"(2, 2, 2, 57)",15
7878,conv2d_17,"(2, 2, 22, 55)",1
7879,conv2d_17,"(2, 2, 52, 15)",31
7880,conv2d_17,"(2, 2, 3, 6)",13
7881,conv2d_17,"(1, 0, 50, 56)",11
7882,conv2d_17,"(0, 2, 0, 37)",20
7883,conv2d_17,"(0, 1, 58, 21)",2
7884,conv2d_17,"(1, 1, 48, 25)",15
7885,conv2d_17,"(0, 2, 44, 55)",4
7886,conv2d_17,"(1, 2, 37, 6)",1
7887,conv2d_17,"(0, 2, 31, 9)",10
7888,conv2d_17,"(2, 1, 60, 46)",10
7889,conv2d_17,"(2, 1, 14, 56)",11
7890,conv2d_17,"(1, 2, 37, 53)",24
7891,conv2d_17,"(1, 2, 23, 61)",19
7892,conv2d_17,"(1, 0, 8, 59)",27
7893,conv2d_17,"(2, 1, 25, 22)",27
7894,conv2d_17,"(1, 1, 6, 31)",7
7895,conv2d_17,"(1, 1, 15, 14)",20
7896,conv2d_17,"(2, 1, 21, 58)",17
7897,conv2d_17,"(2, 2, 26, 12)",4
7898,conv2d_17,"(2, 0, 24, 19)",21
7899,conv2d_17,"(2, 2, 8, 6)",20
7900,conv2d_17,"(2, 0, 11, 16)",8
7901,conv2d_17,"(2, 2, 54, 6)",2
7902,conv2d_17,"(2, 2, 51, 42)",12
7903,conv2d_17,"(0, 0, 45, 24)",14
7904,conv2d_17,"(1, 1, 14, 2)",21
7905,conv2d_17,"(1, 2, 4, 35)",19
7906,conv2d_17,"(1, 2, 5, 36)",27
7907,conv2d_17,"(1, 0, 27, 57)",13
7908,conv2d_17,"(1, 1, 45, 63)",2
7909,conv2d_17,"(1, 0, 22, 5)",29
7910,conv2d_17,"(2, 0, 38, 7)",21
7911,conv2d_17,"(0, 0, 43, 57)",10
7912,conv2d_17,"(2, 2, 57, 50)",7
7913,conv2d_17,"(2, 1, 17, 33)",11
7914,conv2d_17,"(0, 2, 21, 47)",3
7915,conv2d_17,"(0, 1, 2, 5)",31
7916,conv2d_17,"(1, 0, 5, 49)",3
7917,conv2d_17,"(1, 1, 27, 10)",14
7918,conv2d_17,"(1, 2, 34, 37)",25
7919,conv2d_17,"(2, 1, 38, 14)",19
7920,conv2d_17,"(2, 2, 7, 3)",1
7921,conv2d_17,"(2, 2, 42, 36)",27
7922,conv2d_17,"(2, 0, 29, 35)",6
7923,conv2d_17,"(2, 1, 50, 0)",24
7924,conv2d_17,"(1, 2, 33, 25)",11
7925,conv2d_17,"(1, 2, 43, 61)",6
7926,conv2d_17,"(0, 1, 15, 47)",11
7927,conv2d_17,"(0, 2, 35, 20)",26
7928,conv2d_17,"(1, 1, 10, 22)",7
7929,conv2d_17,"(0, 0, 52, 12)",9
7930,conv2d_17,"(1, 0, 33, 0)",2
7931,conv2d_17,"(0, 0, 45, 0)",14
7932,conv2d_17,"(1, 0, 5, 31)",9
7933,conv2d_17,"(2, 2, 4, 58)",31
7934,conv2d_17,"(1, 1, 13, 1)",17
7935,conv2d_17,"(2, 1, 33, 35)",1
7936,conv2d_17,"(1, 0, 14, 29)",8
7937,conv2d_17,"(0, 1, 45, 61)",23
7938,conv2d_17,"(1, 1, 20, 43)",0
7939,conv2d_17,"(1, 1, 5, 52)",18
7940,conv2d_17,"(2, 2, 42, 30)",28
7941,conv2d_17,"(1, 0, 20, 59)",14
7942,conv2d_17,"(0, 2, 50, 36)",5
7943,conv2d_17,"(2, 2, 1, 31)",2
7944,conv2d_17,"(0, 0, 13, 12)",22
7945,conv2d_17,"(0, 1, 62, 31)",11
7946,conv2d_17,"(0, 2, 32, 30)",3
7947,conv2d_17,"(0, 0, 57, 43)",31
7948,conv2d_17,"(2, 0, 39, 6)",28
7949,conv2d_17,"(2, 2, 47, 7)",3
7950,conv2d_17,"(2, 1, 13, 15)",24
7951,conv2d_17,"(2, 2, 19, 11)",28
7952,conv2d_17,"(2, 0, 52, 60)",19
7953,conv2d_17,"(1, 2, 2, 46)",7
7954,conv2d_17,"(1, 0, 21, 7)",13
7955,conv2d_17,"(1, 1, 19, 38)",1
7956,conv2d_17,"(1, 1, 29, 19)",9
7957,conv2d_17,"(2, 0, 28, 6)",9
7958,conv2d_17,"(0, 1, 1, 44)",10
7959,conv2d_17,"(2, 0, 3, 1)",12
7960,conv2d_17,"(0, 2, 4, 27)",22
7961,conv2d_17,"(0, 2, 36, 61)",6
7962,conv2d_17,"(1, 2, 47, 25)",23
7963,conv2d_17,"(0, 0, 50, 27)",6
7964,conv2d_17,"(1, 1, 44, 55)",20
7965,conv2d_17,"(0, 2, 59, 4)",19
7966,conv2d_17,"(2, 1, 33, 45)",4
7967,conv2d_17,"(1, 1, 29, 54)",12
7968,conv2d_17,"(0, 1, 60, 40)",8
7969,conv2d_17,"(0, 1, 11, 54)",0
7970,conv2d_17,"(2, 0, 34, 59)",13
7971,conv2d_17,"(1, 1, 17, 61)",11
7972,conv2d_17,"(1, 0, 40, 49)",22
7973,conv2d_17,"(1, 1, 35, 38)",1
7974,conv2d_17,"(2, 2, 45, 57)",1
7975,conv2d_17,"(0, 1, 51, 20)",15
7976,conv2d_17,"(1, 0, 55, 48)",14
7977,conv2d_17,"(2, 2, 30, 11)",15
7978,conv2d_17,"(1, 1, 34, 48)",19
7979,conv2d_17,"(1, 2, 22, 17)",22
7980,conv2d_17,"(1, 1, 47, 47)",29
7981,conv2d_17,"(0, 1, 43, 37)",2
7982,conv2d_17,"(0, 1, 15, 14)",16
7983,conv2d_17,"(2, 2, 44, 25)",21
7984,conv2d_17,"(1, 1, 34, 28)",21
7985,conv2d_17,"(2, 1, 56, 49)",8
7986,conv2d_17,"(0, 2, 19, 44)",4
7987,conv2d_17,"(2, 1, 11, 40)",27
7988,conv2d_17,"(1, 0, 29, 59)",30
7989,conv2d_17,"(2, 2, 45, 61)",22
7990,conv2d_17,"(2, 1, 17, 0)",21
7991,conv2d_17,"(0, 0, 43, 18)",31
7992,conv2d_17,"(0, 1, 53, 28)",19
7993,conv2d_17,"(2, 2, 24, 44)",24
7994,conv2d_17,"(2, 0, 29, 40)",30
7995,conv2d_17,"(0, 2, 16, 17)",5
7996,conv2d_17,"(2, 0, 3, 15)",22
7997,conv2d_17,"(1, 1, 0, 44)",1
7998,conv2d_17,"(1, 0, 46, 19)",31
7999,conv2d_17,"(2, 1, 26, 38)",3
8000,conv2d_17,"(0, 0, 8, 32)",10
8001,conv2d_17,"(2, 0, 32, 5)",3
8002,conv2d_17,"(0, 2, 16, 9)",23
8003,conv2d_17,"(0, 0, 28, 0)",5
8004,conv2d_17,"(0, 2, 47, 17)",23
8005,conv2d_17,"(2, 2, 25, 25)",31
8006,conv2d_17,"(1, 1, 39, 42)",30
8007,conv2d_17,"(2, 1, 63, 49)",3
8008,conv2d_17,"(2, 1, 22, 53)",17
8009,conv2d_17,"(2, 0, 63, 2)",27
8010,conv2d_17,"(1, 1, 50, 50)",26
8011,conv2d_17,"(2, 2, 56, 41)",12
8012,conv2d_17,"(0, 2, 23, 53)",1
8013,conv2d_17,"(1, 1, 34, 32)",12
8014,conv2d_17,"(1, 2, 6, 59)",17
8015,conv2d_17,"(0, 1, 41, 38)",14
8016,conv2d_17,"(0, 2, 61, 43)",27
8017,conv2d_17,"(2, 0, 27, 22)",20
8018,conv2d_17,"(2, 1, 37, 1)",2
8019,conv2d_17,"(0, 2, 52, 41)",29
8020,conv2d_17,"(1, 1, 54, 48)",23
8021,conv2d_17,"(0, 1, 60, 57)",20
8022,conv2d_17,"(2, 2, 51, 52)",31
8023,conv2d_17,"(1, 2, 36, 44)",26
8024,conv2d_17,"(2, 1, 0, 41)",26
8025,conv2d_17,"(1, 2, 39, 58)",6
8026,conv2d_17,"(2, 2, 7, 34)",26
8027,conv2d_17,"(1, 1, 47, 54)",20
8028,conv2d_17,"(2, 2, 13, 38)",15
8029,conv2d_17,"(1, 0, 46, 10)",9
8030,conv2d_17,"(2, 2, 44, 13)",21
8031,conv2d_17,"(0, 0, 56, 10)",25
8032,conv2d_17,"(1, 1, 32, 46)",0
8033,conv2d_17,"(1, 1, 39, 0)",17
8034,conv2d_17,"(2, 0, 33, 58)",31
8035,conv2d_17,"(0, 1, 19, 26)",13
8036,conv2d_17,"(0, 1, 62, 32)",12
8037,conv2d_17,"(0, 2, 55, 45)",12
8038,conv2d_17,"(2, 2, 6, 21)",10
8039,conv2d_17,"(1, 2, 63, 50)",21
8040,conv2d_17,"(2, 0, 39, 20)",7
8041,conv2d_17,"(2, 1, 19, 11)",12
8042,conv2d_17,"(2, 1, 57, 33)",23
8043,conv2d_17,"(1, 2, 31, 15)",11
8044,conv2d_17,"(0, 1, 24, 32)",15
8045,conv2d_17,"(0, 2, 16, 22)",10
8046,conv2d_17,"(2, 1, 47, 61)",26
8047,conv2d_17,"(1, 1, 35, 23)",25
8048,conv2d_17,"(0, 1, 57, 31)",26
8049,conv2d_17,"(2, 2, 20, 6)",25
8050,conv2d_17,"(0, 2, 2, 31)",17
8051,conv2d_17,"(1, 2, 17, 0)",19
8052,conv2d_17,"(2, 2, 58, 49)",22
8053,conv2d_17,"(2, 2, 54, 25)",19
8054,conv2d_17,"(1, 2, 28, 13)",28
8055,conv2d_17,"(0, 2, 9, 22)",0
8056,conv2d_17,"(0, 2, 10, 45)",16
8057,conv2d_17,"(1, 0, 45, 28)",30
8058,conv2d_17,"(2, 1, 61, 33)",29
8059,conv2d_17,"(1, 0, 36, 21)",8
8060,conv2d_17,"(1, 1, 2, 51)",6
8061,conv2d_17,"(2, 1, 17, 45)",26
8062,conv2d_17,"(2, 2, 19, 30)",2
8063,conv2d_17,"(0, 1, 30, 61)",25
8064,conv2d_17,"(1, 0, 47, 38)",4
8065,conv2d_17,"(1, 0, 2, 58)",26
8066,conv2d_17,"(0, 2, 5, 30)",5
8067,conv2d_17,"(1, 2, 51, 33)",22
8068,conv2d_17,"(0, 2, 39, 35)",7
8069,conv2d_17,"(1, 2, 12, 24)",6
8070,conv2d_17,"(2, 0, 26, 6)",10
8071,conv2d_17,"(0, 1, 6, 21)",29
8072,conv2d_17,"(0, 1, 6, 48)",2
8073,conv2d_17,"(2, 2, 63, 10)",0
8074,conv2d_17,"(2, 2, 0, 63)",2
8075,conv2d_17,"(0, 0, 42, 42)",2
8076,conv2d_17,"(0, 0, 38, 17)",18
8077,conv2d_17,"(2, 2, 11, 26)",2
8078,conv2d_17,"(2, 2, 50, 26)",1
8079,conv2d_17,"(0, 2, 57, 13)",27
8080,conv2d_17,"(0, 0, 49, 3)",21
8081,conv2d_17,"(0, 0, 42, 13)",24
8082,conv2d_17,"(2, 0, 54, 11)",6
8083,conv2d_17,"(1, 1, 7, 60)",21
8084,conv2d_17,"(1, 1, 53, 2)",12
8085,conv2d_17,"(2, 1, 45, 44)",28
8086,conv2d_17,"(2, 2, 29, 21)",15
8087,conv2d_17,"(1, 1, 61, 2)",12
8088,conv2d_17,"(0, 1, 11, 30)",6
8089,conv2d_17,"(2, 1, 17, 47)",27
8090,conv2d_17,"(2, 0, 39, 51)",8
8091,conv2d_17,"(1, 2, 12, 12)",14
8092,conv2d_17,"(0, 0, 18, 48)",4
8093,conv2d_17,"(2, 2, 53, 58)",31
8094,conv2d_17,"(1, 1, 11, 24)",24
8095,conv2d_17,"(1, 2, 56, 33)",15
8096,conv2d_17,"(1, 2, 7, 25)",20
8097,conv2d_17,"(2, 0, 32, 52)",17
8098,conv2d_17,"(1, 2, 1, 0)",19
8099,conv2d_17,"(2, 0, 52, 41)",20
8100,conv2d_17,"(0, 0, 50, 34)",10
8101,conv2d_17,"(2, 1, 10, 28)",10
8102,conv2d_17,"(2, 1, 17, 37)",1
8103,conv2d_17,"(2, 2, 46, 43)",28
8104,conv2d_17,"(2, 0, 44, 17)",8
8105,conv2d_17,"(2, 1, 1, 16)",12
8106,conv2d_17,"(2, 0, 49, 38)",10
8107,conv2d_17,"(0, 1, 52, 38)",26
8108,conv2d_17,"(1, 0, 20, 31)",16
8109,conv2d_17,"(2, 0, 43, 7)",8
8110,conv2d_17,"(1, 0, 50, 27)",0
8111,conv2d_17,"(2, 2, 43, 17)",29
8112,conv2d_17,"(2, 1, 15, 25)",24
8113,conv2d_17,"(1, 2, 37, 56)",26
8114,conv2d_17,"(0, 1, 44, 48)",2
8115,conv2d_17,"(1, 0, 63, 45)",22
8116,conv2d_17,"(2, 1, 13, 53)",6
8117,conv2d_17,"(2, 0, 5, 35)",18
8118,conv2d_17,"(1, 0, 48, 45)",31
8119,conv2d_17,"(2, 1, 26, 3)",20
8120,conv2d_17,"(0, 2, 25, 43)",21
8121,conv2d_17,"(0, 1, 42, 31)",24
8122,conv2d_17,"(2, 0, 44, 44)",7
8123,conv2d_17,"(0, 1, 30, 8)",19
8124,conv2d_17,"(2, 0, 4, 36)",10
8125,conv2d_17,"(0, 2, 3, 45)",6
8126,conv2d_17,"(1, 0, 46, 35)",25
8127,conv2d_17,"(1, 0, 26, 31)",6
8128,conv2d_17,"(0, 1, 56, 33)",28
8129,conv2d_17,"(0, 2, 50, 24)",13
8130,conv2d_17,"(2, 2, 26, 52)",15
8131,conv2d_17,"(1, 0, 40, 9)",20
8132,conv2d_17,"(2, 1, 39, 38)",30
8133,conv2d_17,"(2, 0, 14, 40)",13
8134,conv2d_17,"(2, 2, 24, 47)",3
8135,conv2d_17,"(2, 1, 0, 61)",16
8136,conv2d_17,"(2, 2, 20, 30)",0
8137,conv2d_17,"(0, 2, 61, 57)",9
8138,conv2d_17,"(2, 0, 53, 31)",10
8139,conv2d_17,"(2, 1, 35, 35)",31
8140,conv2d_17,"(0, 0, 63, 21)",22
8141,conv2d_17,"(0, 0, 51, 10)",25
8142,conv2d_17,"(0, 0, 51, 62)",12
8143,conv2d_17,"(1, 2, 28, 47)",3
8144,conv2d_17,"(2, 0, 14, 35)",20
8145,conv2d_17,"(2, 1, 34, 27)",20
8146,conv2d_17,"(0, 1, 9, 33)",7
8147,conv2d_17,"(1, 2, 52, 16)",27
8148,conv2d_17,"(1, 1, 20, 45)",2
8149,conv2d_17,"(1, 1, 23, 61)",17
8150,conv2d_17,"(1, 1, 41, 51)",10
8151,conv2d_17,"(0, 1, 14, 2)",21
8152,conv2d_17,"(2, 2, 43, 25)",15
8153,conv2d_17,"(0, 0, 51, 39)",16
8154,conv2d_17,"(2, 1, 49, 7)",9
8155,conv2d_17,"(1, 2, 61, 15)",24
8156,conv2d_17,"(1, 0, 36, 12)",13
8157,conv2d_17,"(1, 2, 45, 14)",7
8158,conv2d_17,"(0, 2, 38, 59)",27
8159,conv2d_17,"(1, 0, 3, 38)",0
8160,conv2d_17,"(1, 0, 58, 54)",22
8161,conv2d_17,"(1, 1, 38, 9)",24
8162,conv2d_17,"(2, 2, 14, 48)",14
8163,conv2d_17,"(2, 2, 31, 54)",2
8164,conv2d_17,"(1, 0, 28, 18)",23
8165,conv2d_17,"(1, 0, 60, 27)",3
8166,conv2d_17,"(2, 2, 20, 3)",12
8167,conv2d_17,"(1, 2, 42, 19)",6
8168,conv2d_17,"(1, 1, 59, 42)",7
8169,conv2d_17,"(2, 2, 44, 63)",28
8170,conv2d_17,"(1, 2, 51, 52)",24
8171,conv2d_17,"(2, 2, 61, 25)",10
8172,conv2d_17,"(1, 1, 51, 53)",20
8173,conv2d_17,"(1, 1, 3, 1)",5
8174,conv2d_17,"(2, 2, 8, 9)",2
8175,conv2d_17,"(0, 0, 12, 56)",14
8176,conv2d_17,"(0, 2, 58, 5)",26
8177,conv2d_17,"(1, 2, 21, 7)",23
8178,conv2d_17,"(0, 2, 3, 12)",23
8179,conv2d_17,"(0, 2, 60, 22)",20
8180,conv2d_17,"(0, 1, 10, 0)",8
8181,conv2d_17,"(1, 1, 3, 8)",22
8182,conv2d_17,"(2, 2, 42, 43)",7
8183,conv2d_17,"(1, 0, 43, 57)",20
8184,conv2d_17,"(0, 2, 8, 2)",29
8185,conv2d_17,"(1, 0, 59, 38)",22
8186,conv2d_17,"(1, 2, 4, 42)",13
8187,conv2d_17,"(2, 0, 52, 13)",7
8188,conv2d_17,"(2, 2, 31, 62)",7
8189,conv2d_17,"(1, 1, 53, 22)",22
8190,conv2d_17,"(1, 1, 31, 18)",18
8191,conv2d_17,"(1, 0, 48, 28)",2
8192,conv2d_17,"(0, 2, 24, 63)",11
8193,conv2d_17,"(2, 0, 38, 60)",3
8194,conv2d_17,"(0, 0, 46, 21)",7
8195,conv2d_17,"(0, 2, 58, 38)",27
8196,conv2d_17,"(2, 2, 23, 24)",24
8197,conv2d_17,"(1, 0, 50, 4)",28
8198,conv2d_17,"(2, 2, 44, 35)",8
8199,conv2d_17,"(2, 1, 11, 11)",31
8200,conv2d_17,"(1, 0, 15, 39)",17
8201,conv2d_17,"(1, 0, 19, 11)",26
8202,conv2d_17,"(1, 0, 50, 32)",24
8203,conv2d_17,"(2, 1, 28, 47)",6
8204,conv2d_17,"(0, 0, 46, 47)",1
8205,conv2d_17,"(2, 0, 9, 13)",31
8206,conv2d_17,"(1, 2, 5, 25)",31
8207,conv2d_17,"(1, 0, 27, 36)",24
8208,conv2d_17,"(0, 2, 8, 4)",14
8209,conv2d_17,"(1, 2, 39, 42)",18
8210,conv2d_17,"(1, 2, 48, 61)",18
8211,conv2d_17,"(0, 2, 59, 16)",8
8212,conv2d_17,"(2, 0, 35, 15)",20
8213,conv2d_17,"(2, 0, 21, 55)",21
8214,conv2d_17,"(2, 0, 24, 63)",30
8215,conv2d_17,"(1, 1, 20, 29)",21
8216,conv2d_17,"(2, 1, 27, 16)",11
8217,conv2d_17,"(1, 1, 6, 50)",25
8218,conv2d_17,"(0, 2, 34, 42)",18
8219,conv2d_17,"(0, 0, 62, 0)",8
8220,conv2d_17,"(2, 0, 25, 37)",28
8221,conv2d_17,"(0, 1, 51, 32)",16
8222,conv2d_17,"(0, 1, 37, 13)",29
8223,conv2d_17,"(1, 0, 48, 59)",7
8224,conv2d_17,"(2, 2, 13, 62)",27
8225,conv2d_17,"(2, 2, 38, 5)",25
8226,conv2d_17,"(1, 1, 45, 3)",26
8227,conv2d_17,"(0, 1, 37, 30)",21
8228,conv2d_17,"(2, 2, 16, 29)",10
8229,conv2d_17,"(0, 1, 60, 37)",30
8230,conv2d_17,"(0, 2, 31, 2)",27
8231,conv2d_17,"(1, 2, 58, 31)",6
8232,conv2d_17,"(1, 1, 63, 38)",2
8233,conv2d_17,"(0, 0, 55, 51)",20
8234,conv2d_17,"(0, 1, 27, 36)",23
8235,conv2d_17,"(2, 1, 49, 52)",17
8236,conv2d_17,"(0, 1, 3, 35)",7
8237,conv2d_17,"(2, 1, 29, 23)",15
8238,conv2d_17,"(0, 1, 56, 46)",29
8239,conv2d_17,"(0, 1, 52, 61)",8
8240,conv2d_17,"(1, 0, 44, 20)",12
8241,conv2d_17,"(1, 0, 25, 0)",14
8242,conv2d_17,"(1, 2, 16, 63)",10
8243,conv2d_17,"(1, 1, 5, 13)",7
8244,conv2d_17,"(2, 1, 32, 39)",22
8245,conv2d_17,"(0, 0, 29, 48)",30
8246,conv2d_17,"(2, 0, 26, 0)",8
8247,conv2d_17,"(2, 1, 55, 26)",6
8248,conv2d_17,"(2, 2, 51, 53)",31
8249,conv2d_17,"(1, 1, 36, 11)",11
8250,conv2d_17,"(0, 2, 58, 46)",14
8251,conv2d_17,"(2, 1, 14, 23)",31
8252,conv2d_17,"(1, 2, 36, 37)",11
8253,conv2d_17,"(2, 1, 45, 42)",2
8254,conv2d_17,"(1, 1, 60, 27)",2
8255,conv2d_17,"(2, 1, 24, 63)",19
8256,conv2d_17,"(2, 2, 21, 4)",9
8257,conv2d_17,"(1, 2, 53, 38)",2
8258,conv2d_17,"(1, 2, 7, 19)",25
8259,conv2d_17,"(2, 2, 47, 22)",27
8260,conv2d_17,"(1, 2, 23, 16)",21
8261,conv2d_17,"(0, 1, 1, 22)",13
8262,conv2d_17,"(1, 1, 61, 37)",2
8263,conv2d_17,"(2, 2, 27, 50)",8
8264,conv2d_17,"(2, 1, 4, 56)",2
8265,conv2d_17,"(0, 1, 35, 31)",27
8266,conv2d_17,"(0, 0, 26, 27)",5
8267,conv2d_17,"(1, 2, 51, 3)",4
8268,conv2d_17,"(0, 1, 54, 25)",25
8269,conv2d_17,"(1, 0, 28, 30)",12
8270,conv2d_17,"(0, 1, 13, 17)",15
8271,conv2d_17,"(2, 1, 25, 54)",10
8272,conv2d_17,"(2, 0, 42, 62)",23
8273,conv2d_17,"(2, 1, 25, 47)",13
8274,conv2d_17,"(2, 1, 36, 40)",3
8275,conv2d_17,"(1, 2, 61, 33)",9
8276,conv2d_17,"(0, 0, 39, 33)",12
8277,conv2d_17,"(1, 0, 56, 48)",27
8278,conv2d_17,"(2, 0, 38, 38)",0
8279,conv2d_17,"(0, 1, 32, 4)",29
8280,conv2d_17,"(1, 1, 33, 40)",5
8281,conv2d_17,"(1, 1, 63, 9)",5
8282,conv2d_17,"(2, 1, 13, 1)",20
8283,conv2d_17,"(0, 2, 8, 7)",26
8284,conv2d_17,"(2, 1, 36, 26)",3
8285,conv2d_17,"(1, 0, 34, 35)",29
8286,conv2d_17,"(1, 2, 24, 36)",19
8287,conv2d_17,"(0, 2, 31, 8)",24
8288,conv2d_17,"(1, 2, 9, 5)",0
8289,conv2d_17,"(2, 1, 62, 30)",19
8290,conv2d_17,"(1, 0, 23, 43)",22
8291,conv2d_17,"(0, 2, 21, 48)",6
8292,conv2d_17,"(2, 0, 2, 44)",7
8293,conv2d_17,"(1, 1, 48, 8)",6
8294,conv2d_17,"(2, 0, 8, 28)",11
8295,conv2d_17,"(2, 1, 60, 20)",3
8296,conv2d_17,"(0, 2, 29, 34)",0
8297,conv2d_17,"(0, 0, 45, 58)",20
8298,conv2d_17,"(2, 2, 42, 22)",27
8299,conv2d_17,"(0, 1, 47, 33)",14
8300,conv2d_17,"(2, 1, 57, 55)",25
8301,conv2d_17,"(2, 2, 63, 17)",27
8302,conv2d_17,"(2, 0, 25, 59)",12
8303,conv2d_17,"(0, 1, 10, 16)",0
8304,conv2d_17,"(1, 1, 22, 47)",3
8305,conv2d_17,"(1, 0, 38, 50)",16
8306,conv2d_17,"(1, 2, 55, 29)",22
8307,conv2d_17,"(0, 1, 13, 40)",10
8308,conv2d_17,"(0, 2, 20, 12)",10
8309,conv2d_17,"(1, 2, 62, 54)",12
8310,conv2d_17,"(0, 0, 17, 28)",19
8311,conv2d_17,"(0, 0, 16, 62)",11
8312,conv2d_17,"(1, 0, 41, 48)",10
8313,conv2d_17,"(0, 1, 10, 53)",9
8314,conv2d_17,"(0, 1, 61, 58)",16
8315,conv2d_17,"(1, 1, 31, 17)",13
8316,conv2d_17,"(0, 2, 56, 42)",26
8317,conv2d_17,"(0, 0, 2, 58)",21
8318,conv2d_17,"(0, 2, 60, 0)",2
8319,conv2d_17,"(2, 2, 57, 20)",16
8320,conv2d_17,"(2, 2, 32, 54)",26
8321,conv2d_17,"(0, 1, 60, 50)",24
8322,conv2d_17,"(2, 1, 38, 34)",0
8323,conv2d_17,"(0, 0, 36, 32)",10
8324,conv2d_17,"(1, 0, 4, 29)",14
8325,conv2d_17,"(2, 0, 1, 63)",17
8326,conv2d_17,"(0, 1, 41, 59)",20
8327,conv2d_17,"(1, 0, 3, 2)",6
8328,conv2d_17,"(2, 2, 37, 58)",0
8329,conv2d_17,"(0, 0, 50, 22)",12
8330,conv2d_17,"(1, 0, 24, 31)",30
8331,conv2d_17,"(0, 0, 34, 31)",28
8332,conv2d_17,"(1, 0, 2, 5)",2
8333,conv2d_17,"(0, 1, 47, 34)",11
8334,conv2d_17,"(0, 0, 0, 6)",2
8335,conv2d_17,"(1, 1, 57, 46)",4
8336,conv2d_17,"(2, 0, 8, 39)",25
8337,conv2d_17,"(2, 1, 35, 16)",27
8338,conv2d_17,"(0, 1, 38, 16)",24
8339,conv2d_17,"(0, 0, 49, 9)",21
8340,conv2d_17,"(2, 0, 57, 50)",3
8341,conv2d_17,"(2, 2, 59, 2)",9
8342,conv2d_17,"(2, 2, 26, 46)",3
8343,conv2d_17,"(0, 1, 57, 56)",17
8344,conv2d_17,"(1, 0, 30, 35)",18
8345,conv2d_17,"(1, 1, 15, 6)",29
8346,conv2d_17,"(2, 1, 46, 59)",27
8347,conv2d_17,"(1, 2, 20, 17)",16
8348,conv2d_17,"(2, 1, 57, 11)",5
8349,conv2d_17,"(2, 2, 31, 20)",3
8350,conv2d_17,"(2, 1, 54, 29)",7
8351,conv2d_17,"(1, 0, 62, 54)",26
8352,conv2d_17,"(1, 0, 15, 10)",12
8353,conv2d_17,"(0, 1, 40, 42)",24
8354,conv2d_17,"(2, 2, 10, 29)",8
8355,conv2d_17,"(2, 1, 40, 57)",28
8356,conv2d_17,"(1, 2, 39, 14)",1
8357,conv2d_17,"(2, 2, 17, 36)",4
8358,conv2d_17,"(1, 0, 62, 22)",27
8359,conv2d_17,"(0, 0, 17, 59)",5
8360,conv2d_17,"(1, 0, 39, 20)",10
8361,conv2d_17,"(0, 2, 43, 26)",21
8362,conv2d_17,"(1, 1, 3, 31)",6
8363,conv2d_17,"(0, 1, 42, 49)",8
8364,conv2d_17,"(0, 0, 19, 9)",30
8365,conv2d_17,"(1, 2, 14, 61)",18
8366,conv2d_17,"(0, 2, 20, 9)",12
8367,conv2d_17,"(0, 1, 5, 53)",26
8368,conv2d_17,"(1, 1, 16, 19)",5
8369,conv2d_17,"(1, 2, 6, 5)",28
8370,conv2d_17,"(1, 0, 4, 44)",14
8371,conv2d_17,"(0, 2, 45, 58)",28
8372,conv2d_17,"(1, 2, 5, 47)",17
8373,conv2d_17,"(1, 2, 13, 18)",18
8374,conv2d_17,"(2, 0, 42, 15)",28
8375,conv2d_17,"(0, 1, 53, 57)",21
8376,conv2d_17,"(2, 2, 20, 22)",21
8377,conv2d_17,"(1, 1, 57, 19)",24
8378,conv2d_17,"(1, 1, 4, 50)",29
8379,conv2d_17,"(1, 1, 1, 55)",16
8380,conv2d_17,"(1, 0, 37, 17)",25
8381,conv2d_17,"(2, 1, 38, 51)",25
8382,conv2d_17,"(0, 0, 23, 27)",9
8383,conv2d_17,"(1, 2, 51, 59)",30
8384,conv2d_17,"(0, 0, 61, 5)",13
8385,conv2d_17,"(2, 1, 38, 54)",0
8386,conv2d_17,"(1, 2, 58, 14)",24
8387,conv2d_17,"(1, 0, 49, 45)",27
8388,conv2d_17,"(2, 2, 13, 44)",2
8389,conv2d_17,"(2, 1, 23, 54)",19
8390,conv2d_17,"(1, 1, 16, 59)",19
8391,conv2d_17,"(1, 0, 25, 31)",25
8392,conv2d_17,"(0, 1, 49, 18)",11
8393,conv2d_17,"(1, 1, 23, 41)",30
8394,conv2d_17,"(0, 2, 34, 17)",2
8395,conv2d_17,"(1, 1, 35, 13)",22
8396,conv2d_17,"(2, 2, 16, 4)",16
8397,conv2d_17,"(1, 2, 13, 42)",3
8398,conv2d_17,"(1, 0, 61, 7)",3
8399,conv2d_17,"(2, 0, 28, 31)",25
8400,conv2d_17,"(0, 2, 6, 19)",17
8401,conv2d_17,"(2, 0, 63, 4)",1
8402,conv2d_17,"(1, 2, 41, 16)",5
8403,conv2d_17,"(1, 2, 21, 57)",8
8404,conv2d_17,"(0, 2, 29, 22)",16
8405,conv2d_17,"(2, 2, 4, 35)",22
8406,conv2d_17,"(0, 2, 11, 49)",17
8407,conv2d_17,"(1, 2, 27, 9)",13
8408,conv2d_17,"(1, 2, 34, 25)",15
8409,conv2d_17,"(2, 1, 43, 11)",26
8410,conv2d_17,"(0, 2, 36, 44)",8
8411,conv2d_17,"(1, 1, 14, 47)",18
8412,conv2d_17,"(2, 1, 35, 20)",18
8413,conv2d_17,"(1, 0, 50, 26)",11
8414,conv2d_17,"(1, 0, 21, 61)",12
8415,conv2d_17,"(1, 0, 46, 30)",0
8416,conv2d_17,"(2, 2, 11, 9)",1
8417,conv2d_17,"(2, 0, 10, 22)",2
8418,conv2d_17,"(2, 1, 42, 60)",19
8419,conv2d_17,"(1, 1, 47, 12)",24
8420,conv2d_17,"(2, 0, 32, 58)",21
8421,conv2d_17,"(0, 1, 7, 60)",29
8422,conv2d_17,"(0, 2, 52, 23)",14
8423,conv2d_17,"(1, 0, 38, 47)",28
8424,conv2d_17,"(2, 2, 50, 25)",23
8425,conv2d_17,"(2, 0, 37, 60)",22
8426,conv2d_17,"(2, 2, 26, 48)",31
8427,conv2d_17,"(0, 0, 44, 48)",12
8428,conv2d_17,"(2, 0, 42, 46)",17
8429,conv2d_17,"(1, 0, 5, 39)",31
8430,conv2d_17,"(1, 0, 15, 3)",3
8431,conv2d_17,"(0, 2, 10, 5)",17
8432,conv2d_17,"(0, 1, 54, 19)",9
8433,conv2d_17,"(0, 1, 14, 22)",17
8434,conv2d_17,"(2, 0, 40, 1)",5
8435,conv2d_17,"(2, 0, 23, 53)",3
8436,conv2d_17,"(2, 0, 18, 15)",21
8437,conv2d_17,"(1, 0, 42, 17)",12
8438,conv2d_17,"(1, 0, 27, 11)",31
8439,conv2d_17,"(1, 1, 47, 7)",1
8440,conv2d_17,"(0, 1, 51, 30)",16
8441,conv2d_17,"(1, 2, 2, 24)",31
8442,conv2d_17,"(1, 0, 15, 42)",3
8443,conv2d_17,"(2, 0, 52, 40)",4
8444,conv2d_17,"(1, 2, 2, 36)",17
8445,conv2d_17,"(0, 0, 22, 14)",23
8446,conv2d_17,"(1, 1, 27, 31)",17
8447,conv2d_17,"(0, 2, 36, 60)",4
8448,conv2d_17,"(2, 1, 27, 55)",27
8449,conv2d_17,"(2, 1, 16, 11)",31
8450,conv2d_17,"(2, 1, 45, 52)",28
8451,conv2d_17,"(1, 2, 28, 6)",28
8452,conv2d_17,"(1, 1, 12, 13)",12
8453,conv2d_17,"(2, 1, 53, 16)",22
8454,conv2d_17,"(0, 2, 21, 60)",22
8455,conv2d_17,"(0, 1, 38, 61)",29
8456,conv2d_17,"(1, 0, 20, 49)",18
8457,conv2d_17,"(0, 1, 60, 9)",24
8458,conv2d_17,"(0, 0, 38, 27)",2
8459,conv2d_17,"(1, 2, 28, 60)",15
8460,conv2d_17,"(0, 1, 59, 55)",12
8461,conv2d_17,"(0, 0, 32, 51)",5
8462,conv2d_17,"(0, 0, 53, 24)",6
8463,conv2d_17,"(2, 1, 59, 21)",11
8464,conv2d_17,"(0, 0, 57, 5)",30
8465,conv2d_17,"(1, 2, 54, 5)",10
8466,conv2d_17,"(0, 0, 36, 62)",8
8467,conv2d_17,"(0, 0, 37, 51)",8
8468,conv2d_17,"(1, 0, 54, 31)",0
8469,conv2d_17,"(0, 0, 5, 41)",22
8470,conv2d_17,"(2, 2, 58, 51)",18
8471,conv2d_17,"(1, 1, 27, 44)",3
8472,conv2d_17,"(0, 2, 28, 27)",24
8473,conv2d_17,"(0, 2, 50, 19)",27
8474,conv2d_17,"(0, 0, 60, 54)",23
8475,conv2d_17,"(0, 2, 0, 3)",5
8476,conv2d_17,"(0, 0, 30, 13)",15
8477,conv2d_17,"(0, 1, 57, 28)",13
8478,conv2d_17,"(0, 2, 60, 23)",16
8479,conv2d_17,"(0, 0, 35, 21)",6
8480,conv2d_17,"(2, 0, 12, 21)",15
8481,conv2d_17,"(1, 1, 5, 61)",2
8482,conv2d_17,"(0, 1, 49, 48)",18
8483,conv2d_17,"(2, 2, 47, 53)",29
8484,conv2d_17,"(1, 0, 18, 0)",11
8485,conv2d_17,"(1, 0, 12, 38)",20
8486,conv2d_17,"(1, 1, 22, 9)",27
8487,conv2d_17,"(0, 2, 38, 22)",22
8488,conv2d_17,"(2, 2, 57, 11)",14
8489,conv2d_17,"(1, 2, 41, 43)",19
8490,conv2d_17,"(0, 1, 36, 6)",30
8491,conv2d_17,"(1, 0, 15, 46)",24
8492,conv2d_17,"(1, 1, 8, 44)",26
8493,conv2d_17,"(2, 0, 60, 37)",0
8494,conv2d_17,"(1, 2, 45, 62)",4
8495,conv2d_17,"(1, 1, 10, 55)",20
8496,conv2d_17,"(2, 2, 37, 27)",28
8497,conv2d_17,"(2, 1, 12, 36)",10
8498,conv2d_17,"(0, 1, 10, 60)",3
8499,conv2d_17,"(0, 0, 27, 20)",2
8500,conv2d_17,"(1, 2, 47, 6)",7
8501,conv2d_17,"(2, 1, 13, 59)",29
8502,conv2d_17,"(2, 1, 33, 29)",13
8503,conv2d_17,"(0, 2, 46, 21)",16
8504,conv2d_17,"(1, 0, 42, 8)",28
8505,conv2d_17,"(0, 0, 16, 9)",21
8506,conv2d_17,"(0, 0, 41, 15)",26
8507,conv2d_17,"(0, 2, 43, 62)",21
8508,conv2d_17,"(0, 0, 15, 20)",18
8509,conv2d_17,"(1, 0, 24, 9)",2
8510,conv2d_17,"(0, 1, 53, 33)",29
8511,conv2d_17,"(1, 0, 11, 31)",12
8512,conv2d_17,"(1, 2, 3, 57)",23
8513,conv2d_17,"(2, 1, 7, 27)",9
8514,conv2d_17,"(2, 1, 15, 55)",11
8515,conv2d_17,"(0, 0, 19, 57)",22
8516,conv2d_17,"(1, 0, 50, 30)",18
8517,conv2d_17,"(1, 2, 61, 31)",26
8518,conv2d_17,"(1, 1, 21, 23)",8
8519,conv2d_17,"(2, 2, 25, 3)",30
8520,conv2d_17,"(1, 1, 34, 3)",26
8521,conv2d_17,"(0, 0, 63, 3)",9
8522,conv2d_17,"(0, 1, 30, 44)",3
8523,conv2d_17,"(1, 2, 59, 11)",7
8524,conv2d_17,"(1, 2, 42, 27)",5
8525,conv2d_17,"(0, 2, 29, 23)",6
8526,conv2d_17,"(0, 0, 7, 14)",18
8527,conv2d_17,"(1, 2, 12, 54)",16
8528,conv2d_17,"(0, 2, 6, 46)",27
8529,conv2d_17,"(2, 2, 36, 38)",20
8530,conv2d_17,"(0, 2, 4, 26)",29
8531,conv2d_17,"(1, 0, 38, 7)",29
8532,conv2d_17,"(1, 2, 38, 48)",11
8533,conv2d_17,"(2, 1, 39, 6)",18
8534,conv2d_17,"(1, 0, 32, 15)",6
8535,conv2d_17,"(0, 2, 21, 56)",30
8536,conv2d_17,"(1, 0, 18, 11)",21
8537,conv2d_17,"(0, 1, 14, 38)",5
8538,conv2d_17,"(2, 2, 14, 22)",10
8539,conv2d_17,"(2, 0, 62, 43)",3
8540,conv2d_17,"(1, 0, 7, 45)",6
8541,conv2d_17,"(0, 1, 60, 58)",18
8542,conv2d_17,"(1, 2, 47, 12)",1
8543,conv2d_17,"(2, 1, 1, 54)",17
8544,conv2d_17,"(0, 0, 39, 44)",9
8545,conv2d_17,"(2, 0, 29, 47)",18
8546,conv2d_17,"(0, 2, 61, 30)",26
8547,conv2d_17,"(0, 2, 20, 40)",28
8548,conv2d_17,"(1, 1, 42, 52)",18
8549,conv2d_17,"(2, 1, 29, 56)",15
8550,conv2d_17,"(1, 2, 43, 53)",5
8551,conv2d_17,"(1, 2, 61, 9)",25
8552,conv2d_17,"(1, 0, 50, 21)",15
8553,conv2d_17,"(1, 0, 54, 4)",9
8554,conv2d_17,"(0, 2, 1, 14)",21
8555,conv2d_17,"(0, 2, 24, 18)",26
8556,conv2d_17,"(0, 1, 27, 42)",24
8557,conv2d_17,"(0, 0, 14, 35)",11
8558,conv2d_17,"(2, 2, 59, 46)",15
8559,conv2d_17,"(1, 2, 8, 16)",15
8560,conv2d_17,"(2, 0, 9, 32)",15
8561,conv2d_17,"(1, 1, 7, 55)",1
8562,conv2d_17,"(2, 2, 0, 56)",7
8563,conv2d_17,"(2, 1, 29, 2)",10
8564,conv2d_17,"(1, 2, 2, 47)",8
8565,conv2d_17,"(0, 0, 7, 53)",18
8566,conv2d_17,"(0, 0, 38, 34)",7
8567,conv2d_17,"(0, 1, 60, 11)",26
8568,conv2d_17,"(2, 1, 9, 21)",10
8569,conv2d_17,"(1, 1, 18, 12)",10
8570,conv2d_17,"(1, 2, 25, 19)",21
8571,conv2d_17,"(1, 1, 21, 60)",13
8572,conv2d_17,"(1, 0, 56, 5)",26
8573,conv2d_17,"(1, 2, 7, 15)",1
8574,conv2d_17,"(0, 0, 15, 61)",9
8575,conv2d_17,"(0, 2, 55, 2)",23
8576,conv2d_17,"(2, 2, 29, 40)",22
8577,conv2d_17,"(2, 2, 20, 27)",22
8578,conv2d_17,"(1, 2, 38, 52)",1
8579,conv2d_17,"(1, 1, 55, 61)",19
8580,conv2d_17,"(0, 0, 7, 41)",24
8581,conv2d_17,"(2, 0, 61, 43)",1
8582,conv2d_17,"(0, 0, 40, 41)",7
8583,conv2d_17,"(2, 0, 11, 10)",17
8584,conv2d_17,"(1, 2, 39, 33)",22
8585,conv2d_17,"(1, 1, 49, 43)",24
8586,conv2d_17,"(2, 0, 56, 43)",20
8587,conv2d_17,"(1, 1, 29, 38)",21
8588,conv2d_17,"(0, 2, 63, 33)",6
8589,conv2d_17,"(1, 0, 55, 12)",0
8590,conv2d_17,"(2, 0, 16, 31)",11
8591,conv2d_17,"(0, 1, 49, 2)",30
8592,conv2d_17,"(0, 1, 21, 4)",7
8593,conv2d_17,"(0, 0, 17, 30)",16
8594,conv2d_17,"(0, 0, 4, 19)",29
8595,conv2d_17,"(2, 0, 15, 33)",22
8596,conv2d_17,"(2, 1, 23, 16)",17
8597,conv2d_17,"(2, 1, 33, 39)",0
8598,conv2d_17,"(0, 0, 59, 31)",11
8599,conv2d_17,"(0, 2, 17, 53)",25
8600,conv2d_17,"(2, 2, 28, 40)",31
8601,conv2d_17,"(1, 0, 46, 8)",0
8602,conv2d_17,"(0, 0, 59, 3)",29
8603,conv2d_17,"(0, 1, 58, 34)",18
8604,conv2d_17,"(2, 0, 11, 36)",7
8605,conv2d_17,"(2, 2, 10, 50)",3
8606,conv2d_17,"(2, 0, 53, 15)",21
8607,conv2d_17,"(1, 0, 56, 13)",1
8608,conv2d_18,"(0, 0, 56, 44)",31
8609,conv2d_18,"(0, 1, 49, 26)",10
8610,conv2d_18,"(0, 2, 13, 13)",3
8611,conv2d_18,"(1, 2, 22, 3)",19
8612,conv2d_18,"(0, 1, 31, 61)",16
8613,conv2d_18,"(0, 1, 34, 44)",26
8614,conv2d_18,"(1, 1, 28, 14)",6
8615,conv2d_18,"(0, 1, 15, 12)",23
8616,conv2d_18,"(1, 1, 22, 63)",13
8617,conv2d_18,"(0, 1, 31, 55)",8
8618,conv2d_18,"(2, 1, 37, 19)",5
8619,conv2d_18,"(2, 1, 58, 50)",5
8620,conv2d_18,"(2, 0, 58, 34)",10
8621,conv2d_18,"(2, 0, 40, 22)",19
8622,conv2d_18,"(0, 2, 10, 5)",28
8623,conv2d_18,"(2, 0, 29, 24)",30
8624,conv2d_18,"(2, 0, 23, 57)",13
8625,conv2d_18,"(1, 2, 40, 33)",19
8626,conv2d_18,"(1, 2, 60, 63)",21
8627,conv2d_18,"(0, 0, 62, 8)",25
8628,conv2d_18,"(1, 2, 63, 26)",16
8629,conv2d_18,"(1, 2, 1, 18)",21
8630,conv2d_18,"(2, 2, 34, 34)",11
8631,conv2d_18,"(2, 2, 26, 14)",6
8632,conv2d_18,"(0, 2, 11, 63)",21
8633,conv2d_18,"(2, 0, 48, 0)",4
8634,conv2d_18,"(2, 2, 4, 19)",5
8635,conv2d_18,"(2, 2, 8, 28)",29
8636,conv2d_18,"(0, 0, 35, 16)",31
8637,conv2d_18,"(1, 0, 52, 54)",17
8638,conv2d_18,"(2, 0, 35, 14)",14
8639,conv2d_18,"(0, 0, 45, 10)",11
8640,conv2d_18,"(1, 1, 52, 23)",19
8641,conv2d_18,"(0, 0, 41, 3)",17
8642,conv2d_18,"(1, 0, 60, 24)",25
8643,conv2d_18,"(1, 0, 21, 45)",5
8644,conv2d_18,"(0, 2, 25, 43)",4
8645,conv2d_18,"(1, 1, 28, 17)",17
8646,conv2d_18,"(1, 1, 61, 60)",2
8647,conv2d_18,"(0, 0, 21, 6)",15
8648,conv2d_18,"(2, 2, 22, 63)",14
8649,conv2d_18,"(0, 1, 13, 47)",2
8650,conv2d_18,"(1, 1, 16, 38)",17
8651,conv2d_18,"(2, 1, 3, 17)",6
8652,conv2d_18,"(2, 1, 7, 12)",4
8653,conv2d_18,"(2, 1, 16, 45)",16
8654,conv2d_18,"(2, 0, 41, 5)",7
8655,conv2d_18,"(1, 0, 61, 22)",16
8656,conv2d_18,"(0, 0, 41, 54)",21
8657,conv2d_18,"(1, 1, 36, 37)",31
8658,conv2d_18,"(1, 1, 17, 3)",24
8659,conv2d_18,"(1, 1, 14, 48)",31
8660,conv2d_18,"(2, 2, 2, 5)",31
8661,conv2d_18,"(0, 0, 27, 16)",13
8662,conv2d_18,"(0, 1, 44, 26)",16
8663,conv2d_18,"(0, 0, 43, 12)",17
8664,conv2d_18,"(1, 1, 48, 37)",24
8665,conv2d_18,"(2, 2, 45, 5)",20
8666,conv2d_18,"(0, 0, 41, 37)",14
8667,conv2d_18,"(1, 0, 47, 15)",23
8668,conv2d_18,"(2, 2, 42, 42)",5
8669,conv2d_18,"(0, 0, 55, 33)",10
8670,conv2d_18,"(0, 2, 31, 47)",14
8671,conv2d_18,"(0, 0, 50, 3)",10
8672,conv2d_18,"(2, 2, 58, 30)",23
8673,conv2d_18,"(1, 0, 50, 0)",21
8674,conv2d_18,"(0, 2, 55, 51)",21
8675,conv2d_18,"(0, 0, 40, 63)",8
8676,conv2d_18,"(1, 0, 33, 7)",10
8677,conv2d_18,"(1, 1, 42, 44)",13
8678,conv2d_18,"(2, 1, 28, 36)",13
8679,conv2d_18,"(1, 2, 31, 63)",17
8680,conv2d_18,"(1, 0, 20, 12)",17
8681,conv2d_18,"(1, 2, 8, 60)",23
8682,conv2d_18,"(1, 1, 37, 63)",1
8683,conv2d_18,"(2, 1, 63, 11)",29
8684,conv2d_18,"(2, 0, 44, 56)",8
8685,conv2d_18,"(2, 0, 61, 0)",20
8686,conv2d_18,"(2, 1, 39, 46)",23
8687,conv2d_18,"(0, 2, 6, 24)",6
8688,conv2d_18,"(2, 1, 42, 34)",14
8689,conv2d_18,"(0, 2, 11, 17)",9
8690,conv2d_18,"(2, 1, 34, 48)",22
8691,conv2d_18,"(2, 1, 13, 37)",16
8692,conv2d_18,"(1, 2, 32, 40)",8
8693,conv2d_18,"(2, 1, 10, 34)",5
8694,conv2d_18,"(0, 1, 0, 8)",2
8695,conv2d_18,"(0, 1, 51, 49)",28
8696,conv2d_18,"(1, 1, 10, 12)",11
8697,conv2d_18,"(0, 2, 59, 37)",23
8698,conv2d_18,"(0, 2, 24, 52)",30
8699,conv2d_18,"(0, 2, 4, 59)",2
8700,conv2d_18,"(1, 0, 10, 4)",31
8701,conv2d_18,"(0, 0, 4, 47)",12
8702,conv2d_18,"(2, 2, 27, 29)",14
8703,conv2d_18,"(1, 1, 15, 57)",20
8704,conv2d_18,"(0, 1, 27, 25)",2
8705,conv2d_18,"(2, 0, 38, 43)",22
8706,conv2d_18,"(0, 1, 50, 51)",11
8707,conv2d_18,"(0, 2, 51, 61)",25
8708,conv2d_18,"(0, 2, 16, 56)",24
8709,conv2d_18,"(1, 0, 29, 24)",21
8710,conv2d_18,"(0, 1, 19, 57)",11
8711,conv2d_18,"(2, 2, 34, 38)",14
8712,conv2d_18,"(0, 1, 20, 4)",28
8713,conv2d_18,"(1, 0, 46, 41)",29
8714,conv2d_18,"(1, 2, 29, 0)",18
8715,conv2d_18,"(0, 2, 14, 5)",14
8716,conv2d_18,"(1, 2, 50, 39)",30
8717,conv2d_18,"(2, 1, 23, 31)",16
8718,conv2d_18,"(1, 0, 38, 46)",25
8719,conv2d_18,"(0, 2, 12, 40)",19
8720,conv2d_18,"(2, 0, 41, 59)",20
8721,conv2d_18,"(1, 1, 55, 52)",10
8722,conv2d_18,"(1, 0, 8, 18)",6
8723,conv2d_18,"(0, 1, 34, 30)",25
8724,conv2d_18,"(0, 1, 6, 35)",3
8725,conv2d_18,"(2, 0, 23, 24)",11
8726,conv2d_18,"(1, 1, 27, 31)",24
8727,conv2d_18,"(1, 0, 38, 26)",17
8728,conv2d_18,"(1, 2, 14, 1)",28
8729,conv2d_18,"(0, 1, 47, 30)",28
8730,conv2d_18,"(2, 1, 16, 3)",9
8731,conv2d_18,"(0, 0, 54, 5)",3
8732,conv2d_18,"(1, 1, 21, 60)",7
8733,conv2d_18,"(1, 0, 37, 26)",25
8734,conv2d_18,"(0, 1, 36, 21)",17
8735,conv2d_18,"(2, 1, 4, 28)",23
8736,conv2d_18,"(0, 1, 20, 17)",12
8737,conv2d_18,"(1, 2, 39, 25)",31
8738,conv2d_18,"(2, 2, 0, 27)",23
8739,conv2d_18,"(1, 0, 59, 33)",31
8740,conv2d_18,"(1, 2, 11, 20)",28
8741,conv2d_18,"(1, 2, 39, 21)",9
8742,conv2d_18,"(1, 0, 45, 60)",15
8743,conv2d_18,"(0, 0, 1, 37)",22
8744,conv2d_18,"(0, 1, 39, 8)",14
8745,conv2d_18,"(0, 1, 44, 45)",11
8746,conv2d_18,"(0, 0, 0, 36)",3
8747,conv2d_18,"(0, 2, 22, 19)",12
8748,conv2d_18,"(0, 2, 22, 15)",24
8749,conv2d_18,"(1, 2, 0, 43)",18
8750,conv2d_18,"(0, 1, 39, 27)",15
8751,conv2d_18,"(0, 1, 60, 24)",23
8752,conv2d_18,"(2, 0, 53, 39)",19
8753,conv2d_18,"(0, 1, 31, 1)",13
8754,conv2d_18,"(1, 2, 3, 54)",16
8755,conv2d_18,"(1, 2, 53, 24)",15
8756,conv2d_18,"(1, 1, 14, 33)",7
8757,conv2d_18,"(0, 2, 59, 12)",27
8758,conv2d_18,"(0, 1, 7, 28)",24
8759,conv2d_18,"(2, 2, 32, 14)",5
8760,conv2d_18,"(0, 0, 36, 43)",9
8761,conv2d_18,"(0, 1, 6, 48)",21
8762,conv2d_18,"(0, 1, 28, 62)",20
8763,conv2d_18,"(2, 2, 60, 20)",28
8764,conv2d_18,"(0, 0, 34, 47)",3
8765,conv2d_18,"(0, 0, 3, 19)",31
8766,conv2d_18,"(2, 1, 63, 35)",25
8767,conv2d_18,"(1, 1, 24, 52)",28
8768,conv2d_18,"(1, 2, 0, 60)",6
8769,conv2d_18,"(1, 2, 8, 45)",17
8770,conv2d_18,"(2, 2, 21, 1)",25
8771,conv2d_18,"(1, 0, 63, 2)",5
8772,conv2d_18,"(2, 2, 31, 5)",2
8773,conv2d_18,"(1, 1, 49, 51)",20
8774,conv2d_18,"(0, 1, 14, 31)",2
8775,conv2d_18,"(2, 0, 6, 56)",3
8776,conv2d_18,"(2, 1, 55, 46)",4
8777,conv2d_18,"(1, 1, 48, 43)",3
8778,conv2d_18,"(1, 0, 43, 12)",8
8779,conv2d_18,"(0, 1, 20, 60)",30
8780,conv2d_18,"(0, 0, 33, 7)",8
8781,conv2d_18,"(0, 0, 26, 1)",18
8782,conv2d_18,"(1, 2, 53, 43)",16
8783,conv2d_18,"(0, 2, 21, 45)",16
8784,conv2d_18,"(2, 1, 6, 43)",10
8785,conv2d_18,"(0, 2, 4, 0)",2
8786,conv2d_18,"(2, 1, 19, 45)",26
8787,conv2d_18,"(0, 2, 5, 7)",24
8788,conv2d_18,"(0, 2, 19, 14)",0
8789,conv2d_18,"(1, 0, 13, 43)",14
8790,conv2d_18,"(2, 0, 10, 35)",11
8791,conv2d_18,"(0, 2, 37, 9)",14
8792,conv2d_18,"(2, 2, 31, 0)",8
8793,conv2d_18,"(1, 0, 34, 54)",12
8794,conv2d_18,"(0, 2, 23, 38)",23
8795,conv2d_18,"(1, 0, 20, 61)",29
8796,conv2d_18,"(2, 0, 31, 48)",14
8797,conv2d_18,"(0, 1, 23, 28)",6
8798,conv2d_18,"(0, 0, 1, 9)",1
8799,conv2d_18,"(0, 1, 59, 28)",15
8800,conv2d_18,"(1, 2, 33, 13)",5
8801,conv2d_18,"(0, 0, 51, 27)",31
8802,conv2d_18,"(2, 2, 15, 24)",22
8803,conv2d_18,"(2, 1, 56, 19)",26
8804,conv2d_18,"(1, 0, 27, 37)",2
8805,conv2d_18,"(2, 2, 58, 26)",25
8806,conv2d_18,"(1, 2, 2, 55)",3
8807,conv2d_18,"(2, 0, 30, 9)",29
8808,conv2d_18,"(2, 2, 31, 19)",17
8809,conv2d_18,"(2, 2, 17, 33)",17
8810,conv2d_18,"(2, 1, 52, 62)",19
8811,conv2d_18,"(0, 1, 21, 9)",24
8812,conv2d_18,"(0, 1, 38, 32)",1
8813,conv2d_18,"(1, 2, 45, 38)",10
8814,conv2d_18,"(2, 0, 42, 20)",18
8815,conv2d_18,"(0, 0, 6, 28)",23
8816,conv2d_18,"(1, 1, 12, 28)",16
8817,conv2d_18,"(2, 0, 40, 12)",3
8818,conv2d_18,"(2, 2, 20, 39)",13
8819,conv2d_18,"(0, 0, 21, 31)",2
8820,conv2d_18,"(2, 2, 53, 25)",8
8821,conv2d_18,"(2, 2, 32, 17)",30
8822,conv2d_18,"(2, 2, 2, 46)",2
8823,conv2d_18,"(1, 1, 54, 27)",18
8824,conv2d_18,"(2, 2, 29, 34)",21
8825,conv2d_18,"(1, 1, 53, 60)",27
8826,conv2d_18,"(2, 2, 13, 60)",31
8827,conv2d_18,"(0, 2, 37, 30)",14
8828,conv2d_18,"(1, 0, 50, 62)",31
8829,conv2d_18,"(1, 1, 5, 47)",18
8830,conv2d_18,"(1, 2, 40, 4)",16
8831,conv2d_18,"(1, 1, 61, 19)",12
8832,conv2d_18,"(0, 1, 34, 54)",26
8833,conv2d_18,"(2, 1, 34, 2)",5
8834,conv2d_18,"(1, 1, 8, 10)",31
8835,conv2d_18,"(2, 2, 47, 56)",31
8836,conv2d_18,"(1, 2, 49, 9)",8
8837,conv2d_18,"(1, 2, 42, 12)",13
8838,conv2d_18,"(0, 1, 50, 12)",11
8839,conv2d_18,"(0, 1, 17, 63)",7
8840,conv2d_18,"(0, 2, 0, 17)",22
8841,conv2d_18,"(1, 0, 61, 61)",24
8842,conv2d_18,"(2, 0, 31, 2)",26
8843,conv2d_18,"(2, 0, 29, 15)",6
8844,conv2d_18,"(0, 0, 6, 12)",15
8845,conv2d_18,"(0, 2, 24, 33)",17
8846,conv2d_18,"(2, 2, 63, 57)",18
8847,conv2d_18,"(0, 2, 57, 52)",10
8848,conv2d_18,"(0, 0, 0, 55)",15
8849,conv2d_18,"(0, 0, 61, 1)",2
8850,conv2d_18,"(0, 0, 0, 42)",23
8851,conv2d_18,"(1, 1, 37, 45)",6
8852,conv2d_18,"(0, 0, 45, 31)",15
8853,conv2d_18,"(1, 0, 55, 55)",12
8854,conv2d_18,"(0, 2, 56, 15)",5
8855,conv2d_18,"(2, 1, 35, 57)",30
8856,conv2d_18,"(0, 1, 54, 18)",15
8857,conv2d_18,"(0, 0, 57, 24)",24
8858,conv2d_18,"(0, 1, 13, 39)",29
8859,conv2d_18,"(2, 2, 25, 52)",9
8860,conv2d_18,"(2, 2, 22, 16)",17
8861,conv2d_18,"(1, 0, 38, 14)",15
8862,conv2d_18,"(1, 1, 63, 56)",24
8863,conv2d_18,"(1, 0, 39, 4)",23
8864,conv2d_18,"(1, 2, 27, 49)",11
8865,conv2d_18,"(1, 1, 40, 12)",10
8866,conv2d_18,"(2, 0, 45, 1)",28
8867,conv2d_18,"(0, 1, 41, 59)",9
8868,conv2d_18,"(0, 1, 11, 18)",19
8869,conv2d_18,"(2, 2, 17, 48)",21
8870,conv2d_18,"(2, 0, 47, 29)",25
8871,conv2d_18,"(2, 0, 5, 20)",30
8872,conv2d_18,"(1, 1, 10, 34)",2
8873,conv2d_18,"(0, 1, 26, 38)",26
8874,conv2d_18,"(2, 1, 57, 61)",17
8875,conv2d_18,"(1, 1, 3, 63)",31
8876,conv2d_18,"(0, 0, 39, 54)",17
8877,conv2d_18,"(1, 1, 42, 35)",4
8878,conv2d_18,"(1, 2, 32, 60)",15
8879,conv2d_18,"(2, 1, 35, 51)",8
8880,conv2d_18,"(1, 2, 51, 14)",29
8881,conv2d_18,"(0, 2, 36, 19)",12
8882,conv2d_18,"(0, 0, 45, 59)",22
8883,conv2d_18,"(1, 2, 42, 36)",10
8884,conv2d_18,"(1, 2, 47, 36)",29
8885,conv2d_18,"(1, 0, 41, 38)",5
8886,conv2d_18,"(0, 0, 18, 44)",28
8887,conv2d_18,"(2, 2, 17, 12)",7
8888,conv2d_18,"(0, 1, 41, 21)",5
8889,conv2d_18,"(1, 1, 61, 13)",7
8890,conv2d_18,"(1, 1, 59, 16)",0
8891,conv2d_18,"(0, 1, 44, 30)",9
8892,conv2d_18,"(1, 0, 63, 37)",10
8893,conv2d_18,"(1, 1, 43, 20)",16
8894,conv2d_18,"(2, 0, 11, 63)",10
8895,conv2d_18,"(0, 0, 39, 62)",30
8896,conv2d_18,"(2, 2, 8, 60)",10
8897,conv2d_18,"(2, 1, 53, 44)",21
8898,conv2d_18,"(0, 0, 19, 60)",31
8899,conv2d_18,"(2, 2, 29, 0)",27
8900,conv2d_18,"(0, 1, 48, 33)",24
8901,conv2d_18,"(0, 0, 53, 23)",14
8902,conv2d_18,"(1, 0, 4, 19)",2
8903,conv2d_18,"(2, 0, 23, 39)",20
8904,conv2d_18,"(1, 2, 34, 24)",21
8905,conv2d_18,"(2, 1, 27, 59)",7
8906,conv2d_18,"(1, 0, 16, 24)",24
8907,conv2d_18,"(1, 2, 42, 61)",9
8908,conv2d_18,"(2, 0, 35, 50)",8
8909,conv2d_18,"(1, 0, 49, 36)",5
8910,conv2d_18,"(0, 2, 31, 37)",31
8911,conv2d_18,"(0, 2, 27, 25)",16
8912,conv2d_18,"(0, 2, 50, 39)",25
8913,conv2d_18,"(0, 1, 12, 22)",0
8914,conv2d_18,"(1, 1, 20, 19)",4
8915,conv2d_18,"(0, 2, 44, 3)",13
8916,conv2d_18,"(1, 0, 2, 37)",12
8917,conv2d_18,"(1, 1, 7, 44)",12
8918,conv2d_18,"(2, 1, 35, 62)",19
8919,conv2d_18,"(2, 1, 15, 5)",29
8920,conv2d_18,"(2, 0, 38, 8)",14
8921,conv2d_18,"(1, 2, 38, 59)",27
8922,conv2d_18,"(0, 0, 29, 54)",8
8923,conv2d_18,"(2, 1, 31, 59)",9
8924,conv2d_18,"(1, 2, 0, 11)",19
8925,conv2d_18,"(2, 0, 22, 19)",7
8926,conv2d_18,"(0, 0, 43, 5)",15
8927,conv2d_18,"(1, 2, 44, 15)",5
8928,conv2d_18,"(1, 0, 22, 35)",19
8929,conv2d_18,"(0, 2, 25, 15)",10
8930,conv2d_18,"(1, 1, 35, 32)",10
8931,conv2d_18,"(0, 2, 45, 38)",29
8932,conv2d_18,"(2, 0, 31, 59)",22
8933,conv2d_18,"(0, 1, 16, 33)",7
8934,conv2d_18,"(2, 2, 59, 35)",5
8935,conv2d_18,"(0, 0, 0, 0)",8
8936,conv2d_18,"(1, 2, 29, 33)",20
8937,conv2d_18,"(0, 0, 11, 12)",25
8938,conv2d_18,"(2, 2, 11, 54)",7
8939,conv2d_18,"(1, 2, 17, 52)",28
8940,conv2d_18,"(1, 0, 26, 5)",26
8941,conv2d_18,"(1, 0, 14, 63)",16
8942,conv2d_18,"(1, 1, 10, 31)",4
8943,conv2d_18,"(0, 2, 61, 59)",0
8944,conv2d_18,"(1, 0, 10, 32)",11
8945,conv2d_18,"(0, 1, 62, 28)",14
8946,conv2d_18,"(2, 2, 51, 31)",25
8947,conv2d_18,"(1, 2, 28, 57)",12
8948,conv2d_18,"(1, 2, 47, 23)",25
8949,conv2d_18,"(2, 1, 38, 17)",13
8950,conv2d_18,"(2, 2, 40, 21)",9
8951,conv2d_18,"(2, 1, 13, 44)",28
8952,conv2d_18,"(0, 2, 19, 12)",11
8953,conv2d_18,"(0, 0, 60, 54)",14
8954,conv2d_18,"(0, 2, 2, 5)",27
8955,conv2d_18,"(2, 0, 28, 40)",1
8956,conv2d_18,"(1, 1, 42, 21)",16
8957,conv2d_18,"(0, 2, 40, 22)",10
8958,conv2d_18,"(0, 0, 49, 12)",5
8959,conv2d_18,"(1, 1, 5, 17)",17
8960,conv2d_18,"(0, 2, 50, 31)",8
8961,conv2d_18,"(0, 1, 35, 7)",31
8962,conv2d_18,"(2, 0, 34, 29)",0
8963,conv2d_18,"(2, 2, 26, 50)",2
8964,conv2d_18,"(1, 0, 8, 5)",7
8965,conv2d_18,"(2, 0, 23, 31)",9
8966,conv2d_18,"(2, 2, 31, 20)",6
8967,conv2d_18,"(1, 2, 20, 18)",20
8968,conv2d_18,"(0, 1, 18, 61)",0
8969,conv2d_18,"(2, 1, 4, 24)",11
8970,conv2d_18,"(0, 2, 59, 13)",11
8971,conv2d_18,"(1, 0, 57, 63)",19
8972,conv2d_18,"(1, 1, 14, 44)",29
8973,conv2d_18,"(0, 0, 55, 47)",3
8974,conv2d_18,"(0, 1, 31, 40)",25
8975,conv2d_18,"(2, 1, 52, 39)",18
8976,conv2d_18,"(0, 0, 28, 36)",11
8977,conv2d_18,"(1, 2, 56, 15)",10
8978,conv2d_18,"(2, 0, 40, 6)",11
8979,conv2d_18,"(0, 1, 7, 41)",14
8980,conv2d_18,"(2, 2, 43, 12)",24
8981,conv2d_18,"(1, 1, 56, 22)",4
8982,conv2d_18,"(1, 0, 59, 6)",21
8983,conv2d_18,"(1, 2, 62, 24)",1
8984,conv2d_18,"(1, 1, 51, 8)",16
8985,conv2d_18,"(0, 2, 59, 14)",29
8986,conv2d_18,"(0, 2, 52, 60)",12
8987,conv2d_18,"(2, 1, 26, 44)",13
8988,conv2d_18,"(2, 1, 5, 20)",30
8989,conv2d_18,"(2, 0, 11, 5)",6
8990,conv2d_18,"(1, 1, 36, 14)",27
8991,conv2d_18,"(0, 1, 18, 18)",21
8992,conv2d_18,"(0, 0, 30, 62)",2
8993,conv2d_18,"(2, 0, 0, 12)",9
8994,conv2d_18,"(2, 0, 45, 5)",20
8995,conv2d_18,"(1, 2, 57, 33)",0
8996,conv2d_18,"(2, 0, 7, 14)",24
8997,conv2d_18,"(1, 2, 58, 58)",29
8998,conv2d_18,"(1, 2, 6, 35)",9
8999,conv2d_18,"(0, 2, 54, 24)",2
9000,conv2d_18,"(1, 1, 56, 6)",21
9001,conv2d_18,"(2, 1, 54, 63)",7
9002,conv2d_18,"(2, 2, 31, 27)",23
9003,conv2d_18,"(1, 0, 11, 57)",12
9004,conv2d_18,"(1, 1, 18, 35)",15
9005,conv2d_18,"(1, 2, 9, 62)",24
9006,conv2d_18,"(1, 2, 51, 26)",5
9007,conv2d_18,"(0, 0, 60, 60)",29
9008,conv2d_18,"(1, 2, 34, 17)",15
9009,conv2d_18,"(1, 0, 44, 31)",5
9010,conv2d_18,"(1, 2, 60, 58)",0
9011,conv2d_18,"(2, 2, 58, 55)",4
9012,conv2d_18,"(2, 2, 12, 55)",3
9013,conv2d_18,"(2, 2, 47, 45)",7
9014,conv2d_18,"(1, 2, 25, 9)",0
9015,conv2d_18,"(0, 2, 61, 54)",19
9016,conv2d_18,"(2, 0, 1, 24)",18
9017,conv2d_18,"(2, 2, 12, 26)",6
9018,conv2d_18,"(0, 1, 5, 46)",22
9019,conv2d_18,"(0, 0, 13, 51)",8
9020,conv2d_18,"(1, 0, 22, 18)",15
9021,conv2d_18,"(1, 2, 32, 12)",15
9022,conv2d_18,"(0, 2, 32, 34)",25
9023,conv2d_18,"(1, 0, 57, 33)",31
9024,conv2d_18,"(1, 0, 48, 31)",9
9025,conv2d_18,"(1, 1, 44, 41)",18
9026,conv2d_18,"(2, 2, 5, 54)",25
9027,conv2d_18,"(2, 1, 10, 62)",10
9028,conv2d_18,"(1, 1, 34, 19)",21
9029,conv2d_18,"(1, 0, 28, 33)",16
9030,conv2d_18,"(0, 0, 52, 9)",8
9031,conv2d_18,"(1, 0, 26, 41)",12
9032,conv2d_18,"(0, 2, 37, 21)",20
9033,conv2d_18,"(2, 1, 37, 58)",22
9034,conv2d_18,"(1, 2, 47, 0)",19
9035,conv2d_18,"(0, 1, 56, 58)",20
9036,conv2d_18,"(2, 0, 33, 15)",18
9037,conv2d_18,"(0, 1, 15, 22)",1
9038,conv2d_18,"(2, 1, 15, 26)",8
9039,conv2d_18,"(2, 2, 21, 40)",14
9040,conv2d_18,"(0, 2, 39, 39)",20
9041,conv2d_18,"(1, 0, 44, 58)",20
9042,conv2d_18,"(0, 0, 2, 4)",4
9043,conv2d_18,"(1, 1, 49, 57)",14
9044,conv2d_18,"(0, 1, 32, 52)",8
9045,conv2d_18,"(1, 0, 38, 60)",6
9046,conv2d_18,"(0, 2, 24, 3)",0
9047,conv2d_18,"(1, 0, 28, 63)",30
9048,conv2d_18,"(1, 1, 61, 8)",19
9049,conv2d_18,"(0, 0, 31, 11)",27
9050,conv2d_18,"(0, 1, 4, 29)",2
9051,conv2d_18,"(0, 1, 47, 55)",18
9052,conv2d_18,"(0, 1, 40, 2)",16
9053,conv2d_18,"(1, 0, 63, 23)",26
9054,conv2d_18,"(1, 1, 1, 54)",21
9055,conv2d_18,"(2, 1, 57, 60)",21
9056,conv2d_18,"(1, 2, 58, 20)",2
9057,conv2d_18,"(1, 0, 11, 51)",25
9058,conv2d_18,"(2, 1, 0, 0)",12
9059,conv2d_18,"(2, 0, 16, 62)",4
9060,conv2d_18,"(2, 1, 39, 43)",24
9061,conv2d_18,"(0, 0, 57, 12)",4
9062,conv2d_18,"(2, 1, 58, 60)",7
9063,conv2d_18,"(2, 2, 20, 6)",28
9064,conv2d_18,"(2, 2, 29, 31)",3
9065,conv2d_18,"(0, 0, 60, 53)",23
9066,conv2d_18,"(1, 1, 19, 22)",9
9067,conv2d_18,"(2, 1, 36, 42)",29
9068,conv2d_18,"(2, 0, 35, 54)",31
9069,conv2d_18,"(1, 1, 42, 30)",26
9070,conv2d_18,"(1, 0, 31, 35)",13
9071,conv2d_18,"(1, 0, 18, 60)",4
9072,conv2d_18,"(1, 1, 57, 10)",1
9073,conv2d_18,"(1, 2, 62, 60)",11
9074,conv2d_18,"(0, 0, 56, 28)",30
9075,conv2d_18,"(0, 2, 48, 20)",6
9076,conv2d_18,"(2, 2, 51, 34)",3
9077,conv2d_18,"(2, 2, 44, 0)",16
9078,conv2d_18,"(0, 2, 54, 21)",23
9079,conv2d_18,"(0, 0, 24, 6)",11
9080,conv2d_18,"(1, 1, 39, 11)",26
9081,conv2d_18,"(0, 1, 25, 21)",18
9082,conv2d_18,"(0, 0, 19, 18)",19
9083,conv2d_18,"(1, 2, 46, 10)",27
9084,conv2d_18,"(0, 0, 31, 10)",3
9085,conv2d_18,"(1, 2, 33, 29)",8
9086,conv2d_18,"(2, 2, 40, 30)",8
9087,conv2d_18,"(0, 1, 62, 31)",31
9088,conv2d_18,"(2, 0, 44, 18)",24
9089,conv2d_18,"(2, 0, 5, 3)",31
9090,conv2d_18,"(1, 1, 25, 12)",9
9091,conv2d_18,"(1, 0, 49, 38)",12
9092,conv2d_18,"(1, 0, 55, 5)",10
9093,conv2d_18,"(0, 0, 33, 42)",4
9094,conv2d_18,"(1, 0, 63, 47)",14
9095,conv2d_18,"(2, 0, 63, 28)",20
9096,conv2d_18,"(0, 1, 0, 40)",3
9097,conv2d_18,"(1, 2, 39, 55)",13
9098,conv2d_18,"(0, 2, 18, 39)",31
9099,conv2d_18,"(0, 1, 29, 62)",4
9100,conv2d_18,"(1, 2, 25, 21)",14
9101,conv2d_18,"(2, 0, 27, 33)",30
9102,conv2d_18,"(2, 1, 22, 58)",25
9103,conv2d_18,"(1, 1, 19, 11)",29
9104,conv2d_18,"(0, 2, 16, 8)",25
9105,conv2d_18,"(0, 1, 16, 38)",10
9106,conv2d_18,"(1, 2, 25, 15)",27
9107,conv2d_18,"(1, 2, 50, 51)",26
9108,conv2d_18,"(0, 1, 55, 36)",11
9109,conv2d_18,"(2, 1, 26, 34)",5
9110,conv2d_18,"(2, 2, 17, 15)",4
9111,conv2d_18,"(0, 2, 37, 14)",21
9112,conv2d_18,"(1, 0, 28, 55)",21
9113,conv2d_18,"(1, 1, 8, 2)",15
9114,conv2d_18,"(1, 2, 36, 24)",29
9115,conv2d_18,"(0, 2, 27, 14)",3
9116,conv2d_18,"(1, 2, 13, 13)",31
9117,conv2d_18,"(2, 2, 49, 19)",23
9118,conv2d_18,"(1, 1, 35, 18)",16
9119,conv2d_18,"(2, 0, 23, 41)",24
9120,conv2d_18,"(0, 1, 33, 60)",27
9121,conv2d_18,"(0, 1, 18, 34)",15
9122,conv2d_18,"(0, 1, 13, 45)",14
9123,conv2d_18,"(0, 1, 33, 26)",22
9124,conv2d_18,"(1, 2, 53, 44)",2
9125,conv2d_18,"(1, 0, 6, 26)",3
9126,conv2d_18,"(0, 1, 42, 60)",23
9127,conv2d_18,"(0, 1, 18, 46)",17
9128,conv2d_18,"(2, 2, 46, 12)",10
9129,conv2d_18,"(1, 0, 22, 8)",6
9130,conv2d_18,"(2, 1, 36, 56)",9
9131,conv2d_18,"(2, 0, 28, 1)",10
9132,conv2d_18,"(2, 2, 43, 2)",28
9133,conv2d_18,"(0, 2, 7, 30)",20
9134,conv2d_18,"(2, 1, 17, 0)",17
9135,conv2d_18,"(0, 0, 32, 52)",16
9136,conv2d_18,"(2, 1, 55, 38)",5
9137,conv2d_18,"(1, 2, 5, 45)",19
9138,conv2d_18,"(0, 1, 12, 27)",30
9139,conv2d_18,"(0, 0, 49, 1)",13
9140,conv2d_18,"(1, 2, 57, 6)",24
9141,conv2d_18,"(0, 0, 41, 16)",21
9142,conv2d_18,"(1, 1, 56, 25)",15
9143,conv2d_18,"(1, 0, 62, 5)",10
9144,conv2d_18,"(1, 0, 8, 46)",19
9145,conv2d_18,"(2, 2, 11, 30)",30
9146,conv2d_18,"(2, 1, 6, 16)",13
9147,conv2d_18,"(1, 2, 36, 3)",26
9148,conv2d_18,"(1, 2, 13, 37)",2
9149,conv2d_18,"(1, 2, 2, 40)",2
9150,conv2d_18,"(1, 0, 10, 30)",17
9151,conv2d_18,"(0, 2, 40, 5)",11
9152,conv2d_18,"(2, 1, 31, 2)",29
9153,conv2d_18,"(1, 2, 51, 8)",7
9154,conv2d_18,"(0, 2, 12, 27)",17
9155,conv2d_18,"(2, 2, 30, 36)",1
9156,conv2d_18,"(1, 1, 11, 18)",27
9157,conv2d_18,"(1, 0, 63, 30)",10
9158,conv2d_18,"(0, 0, 29, 30)",13
9159,conv2d_18,"(0, 1, 13, 32)",13
9160,conv2d_18,"(1, 0, 45, 51)",10
9161,conv2d_18,"(2, 0, 58, 41)",25
9162,conv2d_18,"(1, 1, 20, 24)",15
9163,conv2d_18,"(0, 2, 22, 42)",29
9164,conv2d_18,"(0, 1, 62, 17)",13
9165,conv2d_18,"(0, 1, 56, 40)",27
9166,conv2d_18,"(0, 1, 38, 43)",30
9167,conv2d_18,"(0, 0, 26, 12)",8
9168,conv2d_18,"(1, 1, 49, 26)",0
9169,conv2d_18,"(0, 1, 60, 44)",7
9170,conv2d_18,"(1, 1, 25, 29)",12
9171,conv2d_18,"(0, 0, 51, 32)",4
9172,conv2d_18,"(1, 1, 22, 6)",23
9173,conv2d_18,"(1, 2, 32, 34)",12
9174,conv2d_18,"(1, 0, 24, 42)",12
9175,conv2d_18,"(2, 0, 29, 16)",8
9176,conv2d_18,"(2, 1, 5, 40)",14
9177,conv2d_18,"(2, 2, 63, 31)",18
9178,conv2d_18,"(0, 1, 3, 61)",23
9179,conv2d_18,"(0, 1, 26, 2)",1
9180,conv2d_18,"(2, 0, 61, 62)",6
9181,conv2d_18,"(2, 2, 56, 32)",15
9182,conv2d_18,"(0, 2, 34, 62)",20
9183,conv2d_18,"(2, 1, 42, 31)",1
9184,conv2d_18,"(2, 1, 61, 7)",30
9185,conv2d_18,"(2, 0, 14, 0)",15
9186,conv2d_18,"(0, 0, 8, 0)",5
9187,conv2d_18,"(0, 1, 40, 60)",0
9188,conv2d_18,"(0, 1, 63, 31)",27
9189,conv2d_18,"(0, 1, 0, 60)",26
9190,conv2d_18,"(2, 0, 47, 60)",16
9191,conv2d_18,"(0, 1, 11, 50)",27
9192,conv2d_18,"(1, 0, 18, 33)",11
9193,conv2d_18,"(0, 1, 54, 20)",1
9194,conv2d_18,"(1, 1, 47, 43)",26
9195,conv2d_18,"(0, 1, 2, 1)",12
9196,conv2d_18,"(2, 1, 16, 5)",0
9197,conv2d_18,"(0, 1, 53, 16)",16
9198,conv2d_18,"(2, 1, 17, 20)",12
9199,conv2d_18,"(0, 1, 0, 41)",18
9200,conv2d_18,"(1, 1, 45, 52)",2
9201,conv2d_18,"(0, 2, 4, 50)",5
9202,conv2d_18,"(0, 1, 14, 25)",5
9203,conv2d_18,"(1, 2, 17, 51)",17
9204,conv2d_18,"(0, 1, 29, 9)",20
9205,conv2d_18,"(0, 1, 34, 34)",26
9206,conv2d_18,"(1, 1, 46, 60)",13
9207,conv2d_18,"(1, 1, 1, 37)",22
9208,conv2d_18,"(1, 2, 43, 11)",3
9209,conv2d_18,"(1, 1, 62, 38)",16
9210,conv2d_18,"(1, 2, 15, 15)",25
9211,conv2d_18,"(1, 0, 34, 55)",11
9212,conv2d_18,"(1, 2, 26, 55)",0
9213,conv2d_18,"(0, 2, 31, 17)",31
9214,conv2d_18,"(0, 2, 31, 14)",6
9215,conv2d_18,"(2, 0, 0, 3)",11
9216,conv2d_18,"(2, 2, 15, 26)",12
9217,conv2d_18,"(1, 0, 43, 38)",4
9218,conv2d_18,"(1, 2, 29, 28)",0
9219,conv2d_18,"(1, 1, 51, 7)",12
9220,conv2d_18,"(0, 2, 27, 43)",9
9221,conv2d_18,"(1, 1, 20, 23)",12
9222,conv2d_18,"(0, 1, 11, 12)",22
9223,conv2d_18,"(2, 1, 2, 60)",18
9224,conv2d_18,"(0, 1, 30, 15)",13
9225,conv2d_18,"(1, 0, 43, 33)",11
9226,conv2d_18,"(1, 0, 37, 21)",29
9227,conv2d_18,"(2, 2, 3, 26)",30
9228,conv2d_18,"(1, 0, 41, 56)",19
9229,conv2d_18,"(2, 1, 29, 58)",1
9230,conv2d_18,"(0, 0, 4, 36)",0
9231,conv2d_18,"(1, 0, 44, 10)",3
9232,conv2d_18,"(1, 1, 47, 36)",30
9233,conv2d_18,"(1, 1, 9, 4)",29
9234,conv2d_18,"(2, 0, 9, 62)",10
9235,conv2d_18,"(0, 2, 44, 56)",21
9236,conv2d_18,"(1, 2, 27, 62)",13
9237,conv2d_18,"(0, 0, 20, 20)",8
9238,conv2d_18,"(2, 2, 3, 58)",21
9239,conv2d_18,"(1, 1, 27, 39)",24
9240,conv2d_18,"(1, 2, 18, 42)",6
9241,conv2d_18,"(2, 0, 56, 62)",14
9242,conv2d_18,"(1, 1, 17, 17)",24
9243,conv2d_18,"(2, 2, 24, 11)",31
9244,conv2d_18,"(2, 2, 49, 24)",11
9245,conv2d_18,"(0, 2, 35, 24)",13
9246,conv2d_18,"(0, 2, 49, 32)",19
9247,conv2d_18,"(2, 2, 60, 25)",23
9248,conv2d_18,"(0, 0, 33, 10)",30
9249,conv2d_18,"(0, 1, 2, 31)",0
9250,conv2d_18,"(0, 0, 25, 44)",9
9251,conv2d_18,"(1, 1, 1, 47)",30
9252,conv2d_18,"(1, 2, 29, 18)",28
9253,conv2d_18,"(0, 0, 27, 15)",30
9254,conv2d_18,"(0, 2, 55, 60)",28
9255,conv2d_18,"(1, 0, 25, 12)",31
9256,conv2d_18,"(0, 0, 23, 44)",11
9257,conv2d_18,"(1, 2, 39, 62)",20
9258,conv2d_18,"(1, 1, 13, 37)",7
9259,conv2d_18,"(0, 2, 27, 19)",5
9260,conv2d_18,"(2, 2, 39, 9)",18
9261,conv2d_18,"(1, 2, 27, 9)",4
9262,conv2d_18,"(1, 2, 20, 16)",20
9263,conv2d_18,"(1, 1, 27, 59)",3
9264,conv2d_18,"(0, 0, 19, 55)",0
9265,conv2d_18,"(0, 1, 62, 16)",0
9266,conv2d_18,"(0, 1, 9, 59)",9
9267,conv2d_18,"(2, 2, 31, 11)",6
9268,conv2d_18,"(2, 1, 0, 39)",24
9269,conv2d_18,"(0, 2, 21, 6)",8
9270,conv2d_18,"(0, 2, 47, 48)",15
9271,conv2d_18,"(1, 2, 63, 28)",4
9272,conv2d_18,"(2, 2, 22, 13)",12
9273,conv2d_18,"(1, 0, 59, 12)",28
9274,conv2d_18,"(1, 1, 58, 60)",23
9275,conv2d_18,"(1, 2, 23, 26)",21
9276,conv2d_18,"(2, 0, 58, 14)",6
9277,conv2d_18,"(1, 2, 62, 10)",6
9278,conv2d_18,"(1, 0, 52, 35)",31
9279,conv2d_18,"(2, 0, 4, 27)",24
9280,conv2d_18,"(2, 0, 63, 3)",25
9281,conv2d_18,"(1, 1, 60, 25)",0
9282,conv2d_18,"(0, 1, 28, 60)",27
9283,conv2d_18,"(0, 0, 31, 52)",4
9284,conv2d_18,"(0, 0, 2, 49)",18
9285,conv2d_18,"(1, 2, 38, 30)",22
9286,conv2d_18,"(2, 0, 61, 25)",11
9287,conv2d_18,"(1, 1, 43, 26)",25
9288,conv2d_18,"(2, 1, 46, 48)",4
9289,conv2d_18,"(1, 1, 2, 30)",16
9290,conv2d_18,"(0, 2, 45, 23)",19
9291,conv2d_18,"(0, 0, 33, 19)",25
9292,conv2d_18,"(0, 2, 4, 33)",24
9293,conv2d_18,"(1, 2, 6, 28)",4
9294,conv2d_18,"(0, 1, 35, 15)",29
9295,conv2d_18,"(0, 1, 37, 60)",3
9296,conv2d_18,"(2, 2, 55, 61)",25
9297,conv2d_18,"(0, 0, 49, 51)",22
9298,conv2d_18,"(0, 0, 26, 25)",30
9299,conv2d_18,"(1, 2, 2, 58)",24
9300,conv2d_18,"(0, 1, 47, 61)",31
9301,conv2d_18,"(1, 0, 13, 1)",5
9302,conv2d_18,"(1, 0, 4, 60)",15
9303,conv2d_18,"(2, 0, 23, 37)",30
9304,conv2d_18,"(1, 1, 42, 37)",16
9305,conv2d_18,"(1, 1, 44, 50)",20
9306,conv2d_18,"(2, 2, 14, 48)",2
9307,conv2d_18,"(0, 2, 8, 60)",19
9308,conv2d_18,"(0, 2, 47, 29)",0
9309,conv2d_18,"(2, 2, 11, 43)",9
9310,conv2d_18,"(1, 0, 9, 51)",23
9311,conv2d_18,"(2, 0, 31, 50)",14
9312,conv2d_18,"(1, 1, 3, 26)",1
9313,conv2d_18,"(0, 1, 28, 18)",7
9314,conv2d_18,"(2, 1, 13, 12)",4
9315,conv2d_18,"(2, 1, 55, 26)",27
9316,conv2d_18,"(0, 0, 61, 25)",3
9317,conv2d_18,"(1, 2, 63, 12)",7
9318,conv2d_18,"(0, 1, 45, 0)",25
9319,conv2d_18,"(2, 2, 31, 48)",27
9320,conv2d_18,"(2, 0, 32, 6)",0
9321,conv2d_18,"(1, 1, 63, 12)",19
9322,conv2d_18,"(2, 1, 34, 61)",4
9323,conv2d_18,"(1, 0, 7, 25)",10
9324,conv2d_18,"(2, 1, 37, 24)",25
9325,conv2d_18,"(2, 1, 8, 24)",13
9326,conv2d_18,"(0, 2, 44, 20)",4
9327,conv2d_18,"(2, 2, 59, 36)",22
9328,conv2d_18,"(0, 0, 47, 9)",6
9329,conv2d_18,"(0, 2, 56, 6)",30
9330,conv2d_18,"(2, 0, 55, 27)",14
9331,conv2d_18,"(2, 0, 44, 44)",21
9332,conv2d_18,"(2, 0, 38, 50)",25
9333,conv2d_18,"(2, 2, 17, 47)",27
9334,conv2d_18,"(2, 1, 50, 60)",17
9335,conv2d_18,"(0, 0, 2, 45)",16
9336,conv2d_18,"(2, 1, 58, 17)",21
9337,conv2d_18,"(2, 0, 31, 63)",0
9338,conv2d_18,"(0, 2, 63, 14)",15
9339,conv2d_18,"(1, 1, 29, 43)",24
9340,conv2d_18,"(1, 2, 5, 48)",15
9341,conv2d_18,"(1, 0, 29, 22)",30
9342,conv2d_18,"(2, 1, 53, 18)",26
9343,conv2d_18,"(1, 0, 1, 43)",22
9344,conv2d_18,"(1, 2, 31, 49)",0
9345,conv2d_18,"(0, 0, 43, 38)",21
9346,conv2d_18,"(0, 1, 28, 30)",8
9347,conv2d_18,"(0, 2, 28, 44)",29
9348,conv2d_18,"(1, 0, 19, 3)",16
9349,conv2d_18,"(1, 2, 32, 32)",25
9350,conv2d_18,"(1, 0, 53, 38)",8
9351,conv2d_18,"(1, 0, 24, 30)",1
9352,conv2d_18,"(0, 2, 44, 19)",31
9353,conv2d_18,"(1, 2, 56, 28)",17
9354,conv2d_18,"(0, 2, 35, 19)",7
9355,conv2d_18,"(2, 1, 28, 24)",28
9356,conv2d_18,"(1, 0, 30, 29)",20
9357,conv2d_18,"(1, 1, 63, 27)",28
9358,conv2d_18,"(0, 0, 28, 63)",15
9359,conv2d_18,"(0, 0, 48, 35)",22
9360,conv2d_18,"(0, 1, 47, 5)",4
9361,conv2d_18,"(1, 1, 26, 11)",1
9362,conv2d_18,"(2, 0, 25, 12)",7
9363,conv2d_18,"(1, 0, 30, 28)",19
9364,conv2d_18,"(1, 2, 11, 17)",21
9365,conv2d_18,"(1, 1, 49, 10)",2
9366,conv2d_18,"(0, 2, 28, 58)",12
9367,conv2d_18,"(2, 2, 47, 18)",1
9368,conv2d_18,"(0, 1, 62, 41)",18
9369,conv2d_18,"(1, 0, 26, 62)",9
9370,conv2d_18,"(2, 1, 29, 43)",2
9371,conv2d_18,"(0, 2, 6, 1)",3
9372,conv2d_18,"(1, 1, 5, 3)",4
9373,conv2d_18,"(2, 1, 24, 9)",18
9374,conv2d_18,"(2, 1, 26, 15)",20
9375,conv2d_18,"(0, 2, 0, 7)",19
9376,conv2d_18,"(1, 1, 27, 13)",30
9377,conv2d_18,"(1, 1, 31, 4)",29
9378,conv2d_18,"(1, 0, 11, 59)",3
9379,conv2d_18,"(2, 0, 45, 59)",2
9380,conv2d_18,"(0, 1, 30, 28)",26
9381,conv2d_18,"(2, 1, 44, 45)",17
9382,conv2d_18,"(1, 1, 3, 18)",9
9383,conv2d_18,"(1, 1, 10, 9)",31
9384,conv2d_18,"(0, 0, 45, 16)",20
9385,conv2d_18,"(0, 1, 16, 8)",24
9386,conv2d_18,"(1, 2, 44, 43)",23
9387,conv2d_18,"(1, 2, 5, 9)",2
9388,conv2d_18,"(0, 0, 14, 59)",28
9389,conv2d_18,"(2, 2, 2, 19)",1
9390,conv2d_18,"(2, 2, 29, 27)",13
9391,conv2d_18,"(2, 1, 18, 42)",12
9392,conv2d_18,"(1, 2, 37, 58)",4
9393,conv2d_18,"(0, 0, 49, 39)",7
9394,conv2d_18,"(0, 1, 17, 24)",20
9395,conv2d_18,"(0, 1, 8, 20)",23
9396,conv2d_18,"(0, 2, 55, 5)",21
9397,conv2d_18,"(1, 1, 30, 55)",31
9398,conv2d_18,"(1, 2, 32, 42)",31
9399,conv2d_18,"(1, 0, 51, 26)",19
9400,conv2d_18,"(2, 0, 19, 44)",15
9401,conv2d_18,"(0, 0, 8, 41)",13
9402,conv2d_18,"(2, 0, 0, 47)",29
9403,conv2d_18,"(1, 2, 56, 52)",7
9404,conv2d_18,"(1, 0, 8, 60)",13
9405,conv2d_18,"(1, 0, 58, 34)",1
9406,conv2d_18,"(2, 0, 54, 33)",27
9407,conv2d_18,"(2, 1, 49, 29)",15
9408,conv2d_18,"(1, 2, 14, 34)",2
9409,conv2d_18,"(1, 1, 37, 9)",0
9410,conv2d_18,"(2, 0, 4, 29)",20
9411,conv2d_18,"(2, 0, 54, 41)",0
9412,conv2d_18,"(2, 2, 46, 36)",25
9413,conv2d_18,"(1, 2, 33, 48)",22
9414,conv2d_18,"(2, 2, 14, 18)",11
9415,conv2d_18,"(0, 0, 9, 48)",17
9416,conv2d_18,"(1, 2, 31, 60)",3
9417,conv2d_18,"(0, 0, 31, 63)",10
9418,conv2d_18,"(0, 2, 43, 5)",23
9419,conv2d_18,"(1, 0, 38, 7)",26
9420,conv2d_18,"(2, 0, 34, 45)",5
9421,conv2d_18,"(1, 0, 36, 6)",27
9422,conv2d_18,"(1, 0, 54, 9)",18
9423,conv2d_18,"(1, 0, 41, 43)",28
9424,conv2d_18,"(2, 1, 38, 27)",19
9425,conv2d_18,"(0, 0, 14, 12)",15
9426,conv2d_18,"(0, 2, 21, 34)",5
9427,conv2d_18,"(1, 2, 21, 19)",16
9428,conv2d_18,"(0, 2, 30, 5)",14
9429,conv2d_18,"(1, 2, 16, 30)",23
9430,conv2d_18,"(2, 2, 0, 18)",1
9431,conv2d_18,"(2, 2, 11, 24)",23
9432,conv2d_18,"(1, 1, 50, 21)",17
9433,conv2d_18,"(2, 1, 40, 18)",6
9434,conv2d_18,"(1, 2, 19, 57)",8
9435,conv2d_18,"(0, 0, 7, 2)",17
9436,conv2d_18,"(1, 0, 1, 55)",20
9437,conv2d_18,"(1, 1, 44, 33)",18
9438,conv2d_18,"(2, 2, 16, 49)",19
9439,conv2d_18,"(0, 1, 5, 45)",14
9440,conv2d_18,"(2, 1, 35, 4)",26
9441,conv2d_18,"(2, 1, 63, 31)",25
9442,conv2d_18,"(2, 0, 12, 33)",15
9443,conv2d_18,"(2, 0, 26, 43)",3
9444,conv2d_18,"(1, 2, 14, 43)",12
9445,conv2d_18,"(0, 1, 51, 36)",23
9446,conv2d_18,"(0, 1, 46, 49)",22
9447,conv2d_18,"(2, 0, 36, 9)",28
9448,conv2d_18,"(0, 0, 52, 5)",28
9449,conv2d_18,"(2, 1, 59, 14)",8
9450,conv2d_18,"(0, 2, 1, 16)",6
9451,conv2d_18,"(2, 0, 30, 43)",31
9452,conv2d_18,"(0, 2, 8, 19)",24
9453,conv2d_18,"(2, 0, 8, 24)",26
9454,conv2d_18,"(1, 0, 30, 6)",24
9455,conv2d_18,"(1, 2, 2, 24)",23
9456,conv2d_18,"(0, 0, 51, 11)",4
9457,conv2d_18,"(1, 0, 46, 12)",11
9458,conv2d_18,"(0, 0, 14, 3)",19
9459,conv2d_18,"(1, 0, 50, 3)",22
9460,conv2d_18,"(0, 0, 18, 28)",7
9461,conv2d_18,"(0, 2, 35, 51)",28
9462,conv2d_18,"(2, 0, 2, 60)",14
9463,conv2d_18,"(0, 1, 16, 6)",19
9464,conv2d_18,"(2, 0, 24, 2)",28
9465,conv2d_18,"(1, 2, 12, 5)",29
9466,conv2d_18,"(1, 1, 49, 30)",29
9467,conv2d_18,"(2, 0, 33, 6)",16
9468,conv2d_18,"(1, 2, 62, 8)",2
9469,conv2d_18,"(1, 1, 26, 41)",11
9470,conv2d_18,"(2, 0, 5, 30)",23
9471,conv2d_18,"(2, 1, 12, 11)",19
9472,conv2d_18,"(2, 0, 31, 14)",26
9473,conv2d_18,"(2, 1, 50, 30)",5
9474,conv2d_18,"(0, 0, 47, 5)",4
9475,conv2d_18,"(0, 1, 63, 5)",17
9476,conv2d_18,"(1, 1, 58, 38)",13
9477,conv2d_18,"(0, 0, 54, 45)",2
9478,conv2d_18,"(0, 2, 34, 38)",4
9479,conv2d_18,"(2, 0, 16, 31)",31
9480,conv2d_18,"(0, 2, 62, 54)",20
9481,conv2d_18,"(1, 0, 54, 26)",12
9482,conv2d_18,"(0, 2, 40, 35)",15
9483,conv2d_18,"(0, 0, 27, 55)",7
9484,conv2d_18,"(2, 2, 58, 36)",18
9485,conv2d_18,"(0, 0, 36, 21)",25
9486,conv2d_18,"(2, 1, 31, 58)",11
9487,conv2d_18,"(0, 1, 15, 0)",10
9488,conv2d_18,"(0, 1, 49, 15)",3
9489,conv2d_18,"(0, 1, 43, 12)",17
9490,conv2d_18,"(1, 2, 58, 38)",14
9491,conv2d_18,"(2, 1, 42, 62)",1
9492,conv2d_18,"(0, 1, 8, 59)",4
9493,conv2d_18,"(1, 1, 46, 63)",22
9494,conv2d_18,"(0, 0, 23, 24)",25
9495,conv2d_18,"(0, 2, 17, 3)",9
9496,conv2d_18,"(2, 2, 10, 38)",3
9497,conv2d_18,"(2, 0, 38, 23)",17
9498,conv2d_18,"(0, 0, 31, 21)",20
9499,conv2d_18,"(1, 1, 3, 49)",26
9500,conv2d_18,"(2, 1, 22, 14)",13
9501,conv2d_18,"(2, 0, 29, 53)",0
9502,conv2d_18,"(1, 1, 26, 60)",14
9503,conv2d_18,"(2, 2, 24, 12)",27
9504,conv2d_18,"(0, 2, 54, 60)",5
9505,conv2d_18,"(0, 2, 16, 17)",9
9506,conv2d_18,"(0, 1, 51, 40)",15
9507,conv2d_18,"(1, 2, 60, 54)",17
9508,conv2d_18,"(1, 2, 32, 4)",21
9509,conv2d_18,"(1, 2, 0, 14)",28
9510,conv2d_18,"(0, 2, 30, 13)",0
9511,conv2d_18,"(0, 0, 54, 3)",2
9512,conv2d_18,"(2, 1, 34, 1)",19
9513,conv2d_18,"(1, 1, 31, 7)",4
9514,conv2d_18,"(1, 1, 63, 45)",13
9515,conv2d_18,"(1, 0, 39, 12)",6
9516,conv2d_18,"(0, 2, 7, 63)",13
9517,conv2d_18,"(2, 0, 5, 40)",12
9518,conv2d_18,"(0, 2, 27, 1)",0
9519,conv2d_18,"(2, 2, 38, 3)",0
9520,conv2d_18,"(0, 2, 63, 55)",25
9521,conv2d_18,"(2, 2, 4, 5)",6
9522,conv2d_18,"(2, 0, 3, 60)",5
9523,conv2d_18,"(2, 1, 3, 61)",15
9524,conv2d_18,"(1, 1, 3, 58)",13
9525,conv2d_18,"(2, 1, 60, 15)",27
9526,conv2d_18,"(1, 0, 59, 50)",27
9527,conv2d_18,"(1, 2, 2, 54)",17
9528,conv2d_18,"(2, 1, 31, 53)",2
9529,conv2d_18,"(2, 1, 37, 12)",26
9530,conv2d_18,"(1, 1, 2, 24)",17
9531,conv2d_18,"(2, 0, 35, 41)",31
9532,conv2d_18,"(0, 1, 55, 5)",19
9533,conv2d_18,"(0, 1, 34, 23)",19
9534,conv2d_18,"(0, 1, 33, 27)",13
9535,conv2d_18,"(1, 0, 23, 26)",1
9536,conv2d_18,"(1, 1, 34, 26)",16
9537,conv2d_18,"(0, 1, 44, 34)",25
9538,conv2d_18,"(2, 1, 46, 41)",29
9539,conv2d_18,"(1, 1, 3, 14)",26
9540,conv2d_18,"(0, 1, 17, 23)",9
9541,conv2d_18,"(0, 1, 5, 59)",8
9542,conv2d_18,"(0, 0, 10, 18)",16
9543,conv2d_18,"(2, 2, 19, 0)",18
9544,conv2d_18,"(2, 2, 0, 21)",12
9545,conv2d_18,"(2, 2, 44, 55)",24
9546,conv2d_18,"(0, 0, 16, 60)",19
9547,conv2d_18,"(0, 2, 31, 19)",16
9548,conv2d_18,"(0, 2, 45, 63)",18
9549,conv2d_18,"(2, 1, 13, 58)",17
9550,conv2d_18,"(2, 1, 30, 30)",19
9551,conv2d_18,"(2, 0, 43, 17)",13
9552,conv2d_18,"(1, 2, 2, 11)",29
9553,conv2d_18,"(1, 1, 36, 16)",4
9554,conv2d_18,"(2, 2, 34, 23)",3
9555,conv2d_18,"(0, 2, 0, 4)",13
9556,conv2d_18,"(1, 0, 8, 55)",22
9557,conv2d_18,"(0, 0, 49, 15)",13
9558,conv2d_18,"(1, 1, 50, 30)",23
9559,conv2d_18,"(0, 0, 55, 38)",27
9560,conv2d_18,"(1, 0, 37, 10)",12
9561,conv2d_18,"(2, 1, 2, 37)",6
9562,conv2d_18,"(0, 2, 31, 26)",29
9563,conv2d_18,"(2, 0, 40, 11)",21
9564,conv2d_18,"(0, 1, 43, 36)",17
9565,conv2d_18,"(2, 0, 48, 22)",5
9566,conv2d_18,"(2, 2, 39, 26)",14
9567,conv2d_18,"(0, 1, 4, 41)",6
9568,conv2d_18,"(2, 2, 39, 57)",15
9569,conv2d_18,"(1, 2, 9, 9)",0
9570,conv2d_18,"(0, 2, 61, 31)",21
9571,conv2d_18,"(1, 1, 11, 5)",14
9572,conv2d_18,"(1, 2, 46, 24)",14
9573,conv2d_18,"(1, 2, 31, 58)",0
9574,conv2d_18,"(0, 1, 56, 31)",0
9575,conv2d_18,"(1, 2, 6, 4)",8
9576,conv2d_18,"(0, 1, 0, 61)",28
9577,conv2d_18,"(1, 2, 31, 51)",9
9578,conv2d_18,"(0, 0, 7, 18)",27
9579,conv2d_18,"(0, 1, 11, 20)",14
9580,conv2d_18,"(1, 0, 4, 28)",27
9581,conv2d_18,"(0, 0, 48, 46)",19
9582,conv2d_18,"(2, 0, 50, 51)",10
9583,conv2d_18,"(0, 1, 36, 8)",8
9584,conv2d_18,"(1, 0, 15, 11)",25
9585,conv2d_18,"(1, 1, 22, 60)",31
9586,conv2d_18,"(0, 1, 24, 32)",6
9587,conv2d_18,"(1, 0, 49, 42)",8
9588,conv2d_18,"(1, 1, 43, 15)",25
9589,conv2d_18,"(2, 0, 50, 6)",5
9590,conv2d_18,"(1, 2, 48, 59)",26
9591,conv2d_18,"(1, 1, 9, 24)",8
9592,conv2d_18,"(0, 1, 12, 40)",7
9593,conv2d_18,"(0, 2, 19, 46)",5
9594,conv2d_18,"(0, 1, 3, 40)",13
9595,conv2d_18,"(1, 2, 26, 14)",29
9596,conv2d_18,"(1, 1, 40, 34)",19
9597,conv2d_18,"(2, 1, 51, 45)",7
9598,conv2d_18,"(2, 2, 4, 6)",31
9599,conv2d_18,"(2, 0, 19, 28)",19
9600,conv2d_18,"(1, 2, 49, 41)",0
9601,conv2d_18,"(0, 0, 63, 17)",3
9602,conv2d_18,"(2, 0, 19, 2)",0
9603,conv2d_18,"(0, 0, 33, 48)",27
9604,conv2d_18,"(2, 1, 7, 25)",13
9605,conv2d_18,"(1, 0, 48, 0)",12
9606,conv2d_18,"(1, 2, 46, 26)",10
9607,conv2d_18,"(2, 0, 2, 18)",3
9608,conv2d_18,"(1, 0, 13, 3)",17
9609,conv2d_18,"(0, 0, 15, 24)",25
9610,conv2d_18,"(0, 0, 31, 25)",19
9611,conv2d_18,"(2, 0, 45, 4)",17
9612,conv2d_18,"(1, 0, 61, 12)",2
9613,conv2d_18,"(0, 1, 21, 31)",27
9614,conv2d_18,"(2, 2, 45, 46)",3
9615,conv2d_18,"(0, 1, 17, 54)",31
9616,conv2d_18,"(1, 1, 29, 51)",13
9617,conv2d_18,"(2, 2, 58, 37)",30
9618,conv2d_18,"(1, 0, 28, 62)",10
9619,conv2d_18,"(1, 0, 63, 10)",19
9620,conv2d_18,"(1, 2, 29, 41)",0
9621,conv2d_18,"(1, 1, 21, 24)",3
9622,conv2d_18,"(2, 2, 28, 14)",10
9623,conv2d_18,"(1, 2, 26, 23)",9
9624,conv2d_18,"(2, 0, 39, 39)",31
9625,conv2d_18,"(2, 1, 51, 8)",22
9626,conv2d_18,"(0, 2, 24, 9)",25
9627,conv2d_18,"(2, 2, 27, 39)",29
9628,conv2d_18,"(1, 0, 51, 29)",16
9629,conv2d_18,"(1, 0, 54, 14)",30
9630,conv2d_18,"(0, 1, 57, 48)",0
9631,conv2d_18,"(2, 0, 55, 60)",21
9632,conv2d_18,"(0, 2, 30, 54)",31
9633,conv2d_18,"(1, 0, 22, 2)",31
9634,conv2d_18,"(2, 0, 27, 21)",27
9635,conv2d_18,"(2, 1, 13, 1)",18
9636,conv2d_18,"(1, 2, 34, 14)",10
9637,conv2d_18,"(2, 2, 17, 20)",15
9638,conv2d_18,"(0, 1, 1, 60)",20
9639,conv2d_18,"(1, 2, 52, 19)",20
9640,conv2d_18,"(0, 0, 42, 25)",31
9641,conv2d_18,"(2, 2, 16, 3)",27
9642,conv2d_18,"(2, 2, 36, 26)",24
9643,conv2d_18,"(1, 1, 21, 12)",19
9644,conv2d_18,"(0, 2, 23, 43)",24
9645,conv2d_18,"(2, 0, 41, 6)",27
9646,conv2d_18,"(2, 0, 32, 58)",29
9647,conv2d_18,"(2, 1, 22, 54)",31
9648,conv2d_18,"(0, 0, 44, 62)",0
9649,conv2d_18,"(2, 0, 23, 19)",8
9650,conv2d_18,"(1, 2, 13, 10)",29
9651,conv2d_18,"(1, 2, 49, 1)",27
9652,conv2d_18,"(0, 0, 46, 16)",17
9653,conv2d_18,"(0, 0, 54, 1)",27
9654,conv2d_18,"(1, 0, 25, 5)",20
9655,conv2d_18,"(2, 0, 36, 27)",26
9656,conv2d_18,"(2, 1, 12, 43)",19
9657,conv2d_18,"(1, 2, 13, 5)",12
9658,conv2d_18,"(0, 2, 16, 36)",27
9659,conv2d_18,"(1, 1, 22, 3)",30
9660,conv2d_18,"(0, 1, 37, 13)",29
9661,conv2d_18,"(2, 0, 39, 54)",2
9662,conv2d_18,"(0, 1, 55, 38)",11
9663,conv2d_18,"(2, 0, 31, 57)",7
9664,conv2d_18,"(0, 2, 32, 3)",1
9665,conv2d_18,"(1, 2, 33, 45)",13
9666,conv2d_18,"(2, 1, 55, 23)",23
9667,conv2d_18,"(1, 1, 33, 62)",3
9668,conv2d_18,"(0, 2, 60, 26)",9
9669,conv2d_18,"(2, 2, 11, 10)",17
9670,conv2d_18,"(1, 2, 31, 56)",4
9671,conv2d_18,"(0, 0, 5, 60)",30
9672,conv2d_18,"(2, 1, 33, 16)",1
9673,conv2d_18,"(2, 0, 34, 17)",0
9674,conv2d_18,"(2, 1, 30, 28)",13
9675,conv2d_18,"(2, 1, 22, 23)",4
9676,conv2d_18,"(0, 0, 55, 32)",16
9677,conv2d_18,"(0, 1, 49, 53)",18
9678,conv2d_18,"(1, 0, 33, 42)",5
9679,conv2d_18,"(0, 1, 53, 60)",13
9680,conv2d_18,"(2, 2, 26, 24)",25
9681,conv2d_18,"(1, 2, 44, 46)",18
9682,conv2d_18,"(1, 0, 29, 29)",1
9683,conv2d_18,"(1, 0, 31, 37)",14
9684,conv2d_18,"(0, 1, 25, 23)",21
9685,conv2d_18,"(2, 1, 43, 12)",13
9686,conv2d_18,"(2, 2, 19, 12)",5
9687,conv2d_18,"(0, 0, 33, 29)",1
9688,conv2d_18,"(0, 2, 23, 8)",18
9689,conv2d_18,"(1, 2, 59, 35)",14
9690,conv2d_18,"(1, 1, 14, 58)",5
9691,conv2d_18,"(1, 1, 13, 8)",18
9692,conv2d_18,"(0, 2, 46, 32)",24
9693,conv2d_18,"(1, 2, 17, 35)",6
9694,conv2d_18,"(2, 2, 22, 6)",1
9695,conv2d_18,"(0, 0, 55, 60)",10
9696,conv2d_18,"(1, 2, 0, 32)",14
9697,conv2d_18,"(1, 0, 14, 12)",4
9698,conv2d_18,"(2, 1, 48, 45)",5
9699,conv2d_18,"(1, 2, 12, 28)",4
9700,conv2d_18,"(2, 1, 3, 18)",19
9701,conv2d_18,"(1, 2, 24, 22)",19
9702,conv2d_18,"(0, 0, 52, 6)",0
9703,conv2d_18,"(0, 1, 12, 33)",18
9704,conv2d_18,"(2, 1, 41, 60)",6
9705,conv2d_18,"(1, 1, 60, 54)",18
9706,conv2d_18,"(2, 1, 45, 20)",22
9707,conv2d_18,"(0, 2, 56, 4)",15
9708,conv2d_18,"(2, 1, 47, 22)",1
9709,conv2d_18,"(0, 1, 19, 15)",31
9710,conv2d_18,"(0, 2, 12, 8)",25
9711,conv2d_18,"(0, 0, 35, 46)",19
9712,conv2d_18,"(2, 0, 38, 5)",15
9713,conv2d_18,"(0, 2, 13, 19)",14
9714,conv2d_18,"(2, 2, 5, 3)",22
9715,conv2d_18,"(2, 0, 50, 30)",1
9716,conv2d_18,"(1, 0, 31, 61)",7
9717,conv2d_18,"(2, 0, 13, 46)",20
9718,conv2d_18,"(2, 1, 33, 7)",8
9719,conv2d_18,"(2, 1, 18, 54)",8
9720,conv2d_18,"(1, 0, 27, 60)",18
9721,conv2d_18,"(1, 1, 40, 55)",8
9722,conv2d_18,"(2, 2, 53, 1)",5
9723,conv2d_18,"(2, 0, 19, 22)",10
9724,conv2d_18,"(1, 1, 16, 11)",17
9725,conv2d_18,"(0, 2, 55, 12)",22
9726,conv2d_18,"(1, 1, 18, 34)",22
9727,conv2d_18,"(1, 2, 10, 7)",12
9728,conv2d_18,"(1, 1, 0, 18)",8
9729,conv2d_18,"(2, 0, 48, 21)",3
9730,conv2d_18,"(0, 2, 12, 57)",31
9731,conv2d_18,"(0, 0, 15, 16)",12
9732,conv2d_18,"(1, 2, 15, 11)",23
9733,conv2d_18,"(0, 1, 28, 15)",28
9734,conv2d_18,"(1, 0, 24, 34)",17
9735,conv2d_18,"(2, 2, 24, 60)",19
9736,conv2d_18,"(2, 0, 45, 62)",21
9737,conv2d_18,"(0, 2, 58, 60)",25
9738,conv2d_18,"(0, 0, 28, 53)",20
9739,conv2d_18,"(1, 0, 48, 63)",18
9740,conv2d_18,"(0, 1, 58, 3)",28
9741,conv2d_18,"(2, 2, 34, 17)",4
9742,conv2d_18,"(0, 2, 54, 6)",17
9743,conv2d_18,"(0, 1, 52, 48)",8
9744,conv2d_18,"(1, 1, 63, 60)",24
9745,conv2d_18,"(0, 2, 32, 36)",21
9746,conv2d_18,"(2, 1, 62, 24)",1
9747,conv2d_18,"(0, 0, 38, 24)",5
9748,conv2d_18,"(2, 0, 26, 44)",0
9749,conv2d_18,"(1, 2, 23, 49)",23
9750,conv2d_18,"(0, 1, 25, 40)",8
9751,conv2d_18,"(0, 1, 59, 31)",13
9752,conv2d_18,"(0, 1, 33, 40)",26
9753,conv2d_18,"(1, 0, 16, 38)",24
9754,conv2d_18,"(0, 2, 26, 6)",11
9755,conv2d_18,"(2, 0, 49, 19)",1
9756,conv2d_18,"(2, 2, 24, 54)",12
9757,conv2d_18,"(0, 0, 44, 43)",9
9758,conv2d_18,"(2, 1, 55, 16)",23
9759,conv2d_18,"(0, 0, 22, 30)",17
9760,conv2d_18,"(0, 2, 21, 25)",0
9761,conv2d_18,"(2, 0, 4, 46)",8
9762,conv2d_18,"(2, 2, 53, 16)",15
9763,conv2d_18,"(0, 0, 48, 26)",15
9764,conv2d_18,"(2, 0, 24, 44)",26
9765,conv2d_18,"(2, 2, 24, 32)",7
9766,conv2d_18,"(0, 2, 59, 18)",17
9767,conv2d_18,"(2, 1, 2, 9)",20
9768,conv2d_18,"(0, 0, 48, 48)",30
9769,conv2d_18,"(2, 1, 50, 5)",6
9770,conv2d_18,"(0, 0, 24, 37)",10
9771,conv2d_18,"(0, 0, 25, 15)",26
9772,conv2d_18,"(0, 0, 53, 33)",16
9773,conv2d_18,"(1, 0, 52, 16)",3
9774,conv2d_18,"(1, 1, 53, 0)",9
9775,conv2d_18,"(1, 1, 29, 15)",17
9776,conv2d_18,"(1, 2, 46, 31)",0
9777,conv2d_18,"(1, 1, 37, 17)",20
9778,conv2d_18,"(1, 0, 5, 19)",28
9779,conv2d_18,"(2, 1, 29, 35)",17
9780,conv2d_18,"(1, 1, 30, 35)",4
9781,conv2d_18,"(2, 1, 25, 18)",3
9782,conv2d_18,"(2, 2, 13, 63)",12
9783,conv2d_18,"(1, 0, 35, 26)",5
9784,conv2d_18,"(2, 2, 29, 58)",13
9785,conv2d_18,"(2, 0, 9, 19)",30
9786,conv2d_18,"(0, 0, 34, 28)",11
9787,conv2d_18,"(0, 2, 58, 20)",6
9788,conv2d_18,"(1, 2, 56, 42)",14
9789,conv2d_18,"(1, 1, 23, 32)",6
9790,conv2d_18,"(0, 0, 22, 3)",19
9791,conv2d_18,"(1, 2, 51, 31)",5
9792,conv2d_18,"(0, 1, 56, 19)",14
9793,conv2d_18,"(0, 2, 56, 58)",6
9794,conv2d_18,"(1, 1, 39, 29)",25
9795,conv2d_18,"(0, 1, 1, 37)",25
9796,conv2d_18,"(0, 0, 51, 10)",9
9797,conv2d_18,"(2, 2, 2, 60)",14
9798,conv2d_18,"(1, 1, 39, 1)",21
9799,conv2d_18,"(2, 1, 14, 41)",26
9800,conv2d_18,"(1, 2, 55, 2)",13
9801,conv2d_18,"(1, 2, 24, 50)",7
9802,conv2d_18,"(2, 2, 9, 10)",30
9803,conv2d_18,"(2, 2, 50, 19)",31
9804,conv2d_18,"(1, 0, 29, 34)",20
9805,conv2d_18,"(1, 1, 14, 14)",7
9806,conv2d_18,"(0, 2, 24, 54)",8
9807,conv2d_18,"(1, 0, 42, 62)",10
9808,conv2d_18,"(2, 1, 34, 3)",15
9809,conv2d_18,"(1, 2, 60, 59)",9
9810,conv2d_18,"(1, 0, 30, 8)",13
9811,conv2d_18,"(2, 2, 60, 24)",21
9812,conv2d_18,"(1, 2, 54, 8)",14
9813,conv2d_18,"(1, 1, 35, 41)",2
9814,conv2d_18,"(1, 2, 63, 16)",10
9815,conv2d_18,"(2, 2, 20, 3)",29
9816,conv2d_18,"(1, 1, 9, 30)",31
9817,conv2d_18,"(1, 0, 23, 45)",22
9818,conv2d_18,"(2, 0, 54, 18)",0
9819,conv2d_18,"(0, 2, 48, 41)",8
9820,conv2d_18,"(2, 1, 1, 28)",6
9821,conv2d_18,"(1, 0, 27, 29)",31
9822,conv2d_18,"(2, 0, 2, 21)",16
9823,conv2d_18,"(1, 2, 19, 23)",30
9824,conv2d_18,"(0, 2, 48, 42)",0
9825,conv2d_18,"(2, 0, 31, 40)",17
9826,conv2d_18,"(1, 1, 33, 29)",24
9827,conv2d_18,"(2, 2, 11, 47)",25
9828,conv2d_18,"(1, 1, 39, 39)",11
9829,conv2d_18,"(2, 2, 57, 28)",18
9830,conv2d_18,"(1, 1, 32, 29)",21
9831,conv2d_18,"(0, 1, 43, 2)",8
9832,conv2d_18,"(2, 2, 8, 12)",17
9833,conv2d_18,"(1, 2, 4, 62)",3
9834,conv2d_18,"(0, 0, 39, 8)",9
9835,conv2d_18,"(1, 1, 58, 10)",2
9836,conv2d_18,"(1, 0, 43, 62)",30
9837,conv2d_18,"(1, 1, 39, 24)",15
9838,conv2d_18,"(2, 1, 6, 8)",10
9839,conv2d_18,"(2, 0, 15, 18)",24
9840,conv2d_18,"(0, 2, 53, 33)",4
9841,conv2d_18,"(1, 0, 19, 42)",4
9842,conv2d_18,"(0, 1, 15, 11)",27
9843,conv2d_18,"(0, 1, 9, 48)",15
9844,conv2d_18,"(2, 0, 11, 24)",22
9845,conv2d_18,"(1, 2, 36, 14)",29
9846,conv2d_18,"(2, 0, 61, 40)",7
9847,conv2d_18,"(1, 2, 12, 3)",20
9848,conv2d_18,"(0, 1, 18, 14)",7
9849,conv2d_18,"(1, 2, 53, 46)",19
9850,conv2d_18,"(0, 2, 22, 16)",17
9851,conv2d_18,"(0, 2, 3, 59)",13
9852,conv2d_18,"(1, 0, 6, 30)",14
9853,conv2d_18,"(1, 1, 31, 50)",19
9854,conv2d_18,"(1, 2, 9, 26)",4
9855,conv2d_18,"(0, 0, 31, 7)",25
9856,conv2d_18,"(2, 0, 24, 20)",27
9857,conv2d_18,"(1, 0, 56, 39)",8
9858,conv2d_18,"(0, 0, 35, 55)",24
9859,conv2d_18,"(1, 1, 17, 39)",28
9860,conv2d_18,"(2, 2, 33, 14)",13
9861,conv2d_18,"(1, 1, 46, 4)",6
9862,conv2d_18,"(2, 1, 61, 29)",8
9863,conv2d_18,"(1, 2, 31, 37)",0
9864,conv2d_18,"(0, 2, 20, 8)",18
9865,conv2d_18,"(1, 2, 4, 25)",21
9866,conv2d_18,"(1, 0, 52, 18)",18
9867,conv2d_18,"(0, 0, 32, 60)",20
9868,conv2d_18,"(2, 0, 37, 9)",7
9869,conv2d_18,"(1, 2, 18, 61)",18
9870,conv2d_18,"(0, 1, 12, 41)",17
9871,conv2d_18,"(1, 1, 20, 44)",20
9872,conv2d_18,"(2, 1, 56, 29)",14
9873,conv2d_18,"(0, 0, 39, 60)",6
9874,conv2d_18,"(2, 1, 29, 52)",23
9875,conv2d_18,"(1, 2, 45, 15)",14
9876,conv2d_18,"(2, 1, 43, 39)",14
9877,conv2d_18,"(0, 1, 24, 55)",4
9878,conv2d_18,"(0, 0, 25, 16)",23
9879,conv2d_18,"(0, 1, 56, 32)",16
9880,conv2d_18,"(1, 1, 34, 61)",26
9881,conv2d_18,"(1, 0, 29, 1)",7
9882,conv2d_18,"(0, 0, 20, 46)",3
9883,conv2d_18,"(2, 0, 49, 44)",26
9884,conv2d_18,"(1, 2, 57, 10)",25
9885,conv2d_18,"(1, 2, 31, 39)",12
9886,conv2d_18,"(0, 1, 19, 26)",14
9887,conv2d_18,"(0, 2, 42, 56)",18
9888,conv2d_18,"(2, 1, 31, 36)",20
9889,conv2d_18,"(1, 0, 45, 35)",19
9890,conv2d_18,"(2, 0, 8, 58)",18
9891,conv2d_18,"(2, 1, 61, 9)",8
9892,conv2d_18,"(1, 0, 23, 38)",6
9893,conv2d_18,"(2, 2, 1, 63)",12
9894,conv2d_18,"(0, 2, 8, 18)",1
9895,conv2d_18,"(0, 1, 29, 30)",11
9896,conv2d_18,"(1, 2, 48, 28)",3
9897,conv2d_18,"(2, 0, 19, 34)",22
9898,conv2d_18,"(0, 0, 29, 3)",6
9899,conv2d_18,"(2, 1, 58, 15)",7
9900,conv2d_18,"(0, 1, 52, 36)",22
9901,conv2d_18,"(2, 2, 31, 52)",15
9902,conv2d_18,"(0, 0, 52, 56)",24
9903,conv2d_18,"(2, 0, 46, 63)",24
9904,conv2d_18,"(1, 1, 29, 4)",27
9905,conv2d_18,"(2, 2, 14, 15)",27
9906,conv2d_18,"(1, 1, 53, 11)",4
9907,conv2d_18,"(0, 0, 44, 20)",13
9908,conv2d_18,"(0, 0, 26, 52)",22
9909,conv2d_18,"(2, 2, 23, 15)",3
9910,conv2d_18,"(1, 2, 52, 50)",11
9911,conv2d_18,"(0, 1, 39, 36)",21
9912,conv2d_18,"(2, 2, 29, 25)",15
9913,conv2d_18,"(0, 1, 16, 15)",16
9914,conv2d_18,"(0, 0, 23, 43)",5
9915,conv2d_18,"(2, 2, 53, 24)",20
9916,conv2d_18,"(0, 1, 21, 30)",24
9917,conv2d_18,"(2, 2, 25, 60)",22
9918,conv2d_18,"(1, 1, 35, 27)",28
9919,conv2d_18,"(2, 1, 26, 50)",30
9920,conv2d_18,"(1, 1, 3, 61)",15
9921,conv2d_18,"(0, 1, 12, 18)",14
9922,conv2d_18,"(1, 2, 24, 62)",1
9923,conv2d_18,"(0, 1, 52, 31)",7
9924,conv2d_18,"(0, 1, 22, 38)",11
9925,conv2d_18,"(0, 1, 59, 34)",23
9926,conv2d_18,"(1, 1, 53, 48)",20
9927,conv2d_18,"(0, 1, 1, 58)",2
9928,conv2d_18,"(0, 2, 59, 9)",6
9929,conv2d_18,"(2, 0, 28, 44)",25
9930,conv2d_18,"(1, 2, 41, 42)",7
9931,conv2d_18,"(1, 2, 14, 27)",17
9932,conv2d_18,"(1, 1, 29, 60)",23
9933,conv2d_18,"(0, 0, 0, 22)",6
9934,conv2d_18,"(1, 2, 13, 2)",30
9935,conv2d_18,"(2, 0, 7, 33)",0
9936,conv2d_18,"(2, 1, 52, 52)",0
9937,conv2d_18,"(1, 1, 11, 15)",23
9938,conv2d_18,"(0, 1, 24, 58)",23
9939,conv2d_18,"(1, 2, 31, 26)",5
9940,conv2d_18,"(1, 0, 21, 31)",27
9941,conv2d_18,"(2, 1, 43, 11)",20
9942,conv2d_18,"(1, 2, 58, 30)",21
9943,conv2d_18,"(1, 1, 20, 33)",26
9944,conv2d_18,"(1, 2, 55, 44)",5
9945,conv2d_18,"(1, 0, 38, 42)",29
9946,conv2d_18,"(2, 1, 5, 58)",19
9947,conv2d_18,"(2, 0, 17, 44)",30
9948,conv2d_18,"(0, 0, 23, 13)",12
9949,conv2d_18,"(2, 0, 61, 6)",4
9950,conv2d_18,"(1, 0, 61, 55)",2
9951,conv2d_18,"(1, 2, 23, 27)",9
9952,conv2d_18,"(0, 2, 15, 22)",0
9953,conv2d_18,"(2, 0, 46, 58)",18
9954,conv2d_18,"(1, 0, 42, 52)",6
9955,conv2d_18,"(1, 1, 14, 28)",16
9956,conv2d_18,"(1, 0, 19, 46)",15
9957,conv2d_18,"(0, 1, 37, 16)",16
9958,conv2d_18,"(1, 1, 7, 2)",31
9959,conv2d_18,"(1, 1, 20, 8)",11
9960,conv2d_18,"(0, 1, 0, 12)",6
9961,conv2d_18,"(0, 2, 58, 17)",7
9962,conv2d_18,"(1, 1, 54, 38)",7
9963,conv2d_18,"(2, 0, 27, 37)",25
9964,conv2d_18,"(0, 0, 44, 9)",19
9965,conv2d_18,"(2, 2, 16, 32)",12
9966,conv2d_18,"(2, 2, 47, 30)",8
9967,conv2d_18,"(0, 1, 55, 58)",20
9968,conv2d_18,"(2, 1, 61, 13)",30
9969,conv2d_18,"(2, 2, 50, 30)",24
9970,conv2d_18,"(0, 0, 0, 38)",31
9971,conv2d_18,"(1, 0, 8, 33)",26
9972,conv2d_18,"(0, 1, 12, 63)",12
9973,conv2d_18,"(1, 2, 37, 19)",23
9974,conv2d_18,"(2, 2, 44, 4)",26
9975,conv2d_18,"(1, 0, 9, 15)",24
9976,conv2d_18,"(2, 1, 60, 19)",4
9977,conv2d_18,"(0, 2, 43, 19)",23
9978,conv2d_18,"(2, 0, 14, 26)",11
9979,conv2d_18,"(0, 0, 29, 13)",12
9980,conv2d_18,"(1, 1, 51, 18)",1
9981,conv2d_18,"(1, 0, 13, 27)",5
9982,dense,"(12, 8)",27
9983,dense,"(8, 4)",8
9984,dense,"(14, 2)",11
9985,dense,"(55, 3)",7
9986,dense,"(51, 8)",23
9987,dense,"(13, 3)",11
9988,dense,"(58, 1)",3
9989,dense,"(60, 7)",23
9990,dense,"(45, 7)",3
9991,dense,"(17, 8)",8
9992,dense,"(55, 2)",11
9993,dense,"(17, 6)",26
9994,dense,"(28, 1)",11
9995,dense,"(8, 2)",16
9996,dense,"(2, 0)",9
9997,dense,"(32, 0)",7
9998,dense,"(22, 3)",3
9999,dense,"(22, 7)",24
10000,dense,"(12, 9)",20
10001,dense,"(12, 2)",28
10002,dense,"(40, 2)",11
10003,dense,"(44, 9)",29
10004,dense,"(7, 2)",21
10005,dense,"(12, 3)",9
