Injection,Layer,TensorIndex,Bit
0,conv2d,"(2, 0, 2, 6)",7
1,conv2d,"(0, 1, 0, 11)",22
2,conv2d,"(2, 2, 0, 5)",28
3,conv2d,"(2, 2, 2, 12)",3
4,conv2d,"(1, 0, 2, 8)",26
5,conv2d,"(0, 2, 2, 7)",24
6,conv2d,"(1, 2, 1, 8)",25
7,conv2d,"(1, 1, 0, 6)",25
8,conv2d,"(1, 0, 1, 6)",19
9,conv2d,"(0, 0, 2, 8)",19
10,conv2d,"(2, 1, 1, 12)",26
11,conv2d,"(0, 2, 0, 4)",16
12,conv2d,"(2, 2, 1, 13)",31
13,conv2d,"(1, 0, 0, 15)",11
14,conv2d,"(2, 1, 1, 14)",11
15,conv2d,"(2, 1, 0, 14)",9
16,conv2d,"(2, 0, 2, 1)",20
17,conv2d_1,"(1, 0, 9, 14)",23
18,conv2d_1,"(0, 2, 8, 1)",4
19,conv2d_1,"(2, 2, 14, 10)",31
20,conv2d_1,"(0, 0, 11, 14)",31
21,conv2d_1,"(0, 1, 11, 7)",24
22,conv2d_1,"(2, 2, 6, 12)",29
23,conv2d_1,"(0, 0, 3, 8)",11
24,conv2d_1,"(1, 2, 5, 14)",4
25,conv2d_1,"(2, 0, 14, 6)",27
26,conv2d_1,"(2, 1, 12, 15)",10
27,conv2d_1,"(2, 2, 4, 13)",7
28,conv2d_1,"(2, 0, 7, 1)",1
29,conv2d_1,"(0, 0, 0, 9)",18
30,conv2d_1,"(0, 1, 10, 14)",6
31,conv2d_1,"(1, 2, 9, 13)",17
32,conv2d_1,"(1, 0, 3, 15)",15
33,conv2d_1,"(2, 1, 12, 8)",16
34,conv2d_1,"(1, 2, 6, 7)",27
35,conv2d_1,"(2, 0, 15, 6)",5
36,conv2d_1,"(1, 1, 4, 7)",25
37,conv2d_1,"(2, 1, 5, 10)",29
38,conv2d_1,"(2, 2, 14, 2)",18
39,conv2d_1,"(2, 1, 10, 3)",14
40,conv2d_1,"(2, 1, 4, 15)",19
41,conv2d_1,"(2, 2, 9, 8)",18
42,conv2d_1,"(2, 2, 13, 14)",26
43,conv2d_1,"(0, 1, 9, 9)",11
44,conv2d_1,"(0, 1, 0, 2)",15
45,conv2d_1,"(0, 0, 2, 1)",11
46,conv2d_1,"(2, 1, 15, 2)",24
47,conv2d_1,"(2, 1, 6, 6)",6
48,conv2d_1,"(1, 2, 6, 0)",5
49,conv2d_1,"(1, 0, 6, 13)",11
50,conv2d_1,"(0, 2, 12, 8)",1
51,conv2d_1,"(1, 2, 1, 8)",8
52,conv2d_1,"(0, 2, 5, 1)",26
53,conv2d_1,"(2, 1, 0, 2)",20
54,conv2d_1,"(0, 2, 5, 14)",25
55,conv2d_1,"(0, 1, 14, 7)",21
56,conv2d_1,"(0, 0, 6, 11)",4
57,conv2d_1,"(0, 2, 2, 8)",3
58,conv2d_1,"(1, 1, 5, 10)",1
59,conv2d_1,"(2, 1, 6, 7)",29
60,conv2d_1,"(0, 1, 5, 9)",15
61,conv2d_1,"(0, 0, 5, 2)",22
62,conv2d_1,"(0, 1, 14, 14)",17
63,conv2d_1,"(1, 0, 13, 2)",24
64,conv2d_1,"(1, 0, 8, 8)",0
65,conv2d_1,"(2, 2, 2, 5)",5
66,conv2d_1,"(1, 0, 14, 12)",1
67,conv2d_1,"(1, 1, 14, 9)",2
68,conv2d_1,"(1, 1, 1, 6)",21
69,conv2d_1,"(1, 1, 3, 8)",14
70,conv2d_1,"(0, 2, 0, 6)",14
71,conv2d_1,"(0, 0, 0, 13)",15
72,conv2d_1,"(1, 0, 11, 8)",21
73,conv2d_1,"(1, 2, 12, 2)",9
74,conv2d_1,"(0, 2, 11, 4)",17
75,conv2d_1,"(0, 2, 3, 3)",22
76,conv2d_1,"(2, 2, 6, 1)",22
77,conv2d_1,"(2, 0, 0, 7)",3
78,conv2d_1,"(1, 1, 12, 9)",13
79,conv2d_1,"(1, 1, 0, 1)",2
80,conv2d_1,"(0, 0, 10, 13)",11
81,conv2d_1,"(0, 1, 8, 6)",4
82,conv2d_1,"(2, 2, 14, 13)",31
83,conv2d_1,"(1, 1, 0, 12)",4
84,conv2d_1,"(2, 0, 10, 9)",29
85,conv2d_1,"(2, 1, 10, 8)",28
86,conv2d_1,"(1, 0, 5, 0)",22
87,conv2d_1,"(1, 1, 4, 2)",6
88,conv2d_1,"(2, 2, 0, 11)",25
89,conv2d_1,"(2, 0, 13, 8)",22
90,conv2d_1,"(0, 2, 11, 5)",14
91,conv2d_1,"(1, 2, 5, 6)",29
92,conv2d_1,"(0, 2, 14, 5)",24
93,conv2d_1,"(0, 2, 5, 0)",9
94,conv2d_1,"(0, 2, 6, 12)",15
95,conv2d_1,"(1, 2, 14, 3)",0
96,conv2d_1,"(2, 0, 5, 0)",14
97,conv2d_1,"(2, 1, 14, 4)",31
98,conv2d_1,"(1, 2, 4, 3)",7
99,conv2d_1,"(0, 1, 11, 8)",16
100,conv2d_1,"(0, 1, 13, 14)",20
101,conv2d_1,"(1, 1, 5, 13)",21
102,conv2d_1,"(1, 1, 14, 6)",13
103,conv2d_2,"(0, 2, 1, 5)",23
104,conv2d_2,"(2, 0, 13, 14)",7
105,conv2d_2,"(1, 0, 12, 14)",2
106,conv2d_2,"(1, 2, 9, 6)",19
107,conv2d_2,"(0, 0, 2, 7)",12
108,conv2d_2,"(2, 1, 9, 14)",28
109,conv2d_2,"(0, 1, 12, 6)",20
110,conv2d_2,"(0, 0, 5, 8)",24
111,conv2d_2,"(2, 0, 0, 5)",24
112,conv2d_2,"(0, 0, 13, 5)",1
113,conv2d_2,"(0, 0, 8, 0)",4
114,conv2d_2,"(1, 1, 6, 11)",9
115,conv2d_2,"(2, 1, 6, 8)",5
116,conv2d_2,"(1, 0, 10, 5)",24
117,conv2d_2,"(2, 2, 5, 4)",8
118,conv2d_2,"(1, 1, 8, 1)",11
119,conv2d_2,"(2, 2, 1, 5)",15
120,conv2d_2,"(1, 2, 0, 14)",25
121,conv2d_2,"(2, 1, 13, 5)",18
122,conv2d_2,"(1, 1, 7, 12)",24
123,conv2d_2,"(0, 1, 2, 12)",24
124,conv2d_2,"(1, 2, 3, 14)",25
125,conv2d_2,"(0, 2, 6, 14)",25
126,conv2d_2,"(0, 0, 2, 11)",11
127,conv2d_2,"(0, 0, 2, 9)",17
128,conv2d_2,"(2, 0, 2, 8)",11
129,conv2d_2,"(0, 1, 13, 5)",20
130,conv2d_2,"(0, 2, 9, 6)",21
131,conv2d_2,"(1, 0, 3, 8)",30
132,conv2d_2,"(2, 2, 13, 1)",14
133,conv2d_2,"(0, 0, 2, 1)",2
134,conv2d_2,"(1, 0, 11, 10)",28
135,conv2d_2,"(1, 2, 0, 2)",12
136,conv2d_2,"(0, 2, 9, 5)",8
137,conv2d_2,"(2, 2, 8, 4)",11
138,conv2d_2,"(2, 1, 4, 6)",7
139,conv2d_2,"(0, 2, 8, 10)",20
140,conv2d_2,"(2, 2, 4, 14)",8
141,conv2d_2,"(2, 2, 15, 9)",26
142,conv2d_2,"(2, 2, 9, 15)",27
143,conv2d_2,"(1, 1, 1, 3)",22
144,conv2d_2,"(0, 1, 12, 15)",31
145,conv2d_2,"(0, 0, 14, 1)",4
146,conv2d_2,"(2, 1, 13, 12)",20
147,conv2d_2,"(1, 0, 15, 3)",2
148,conv2d_2,"(2, 2, 12, 4)",23
149,conv2d_2,"(1, 0, 1, 5)",17
150,conv2d_2,"(1, 1, 6, 5)",13
151,conv2d_2,"(2, 0, 8, 10)",29
152,conv2d_2,"(0, 1, 3, 4)",28
153,conv2d_2,"(2, 1, 8, 6)",9
154,conv2d_2,"(2, 2, 9, 6)",12
155,conv2d_2,"(0, 1, 1, 10)",16
156,conv2d_2,"(1, 2, 2, 3)",6
157,conv2d_2,"(0, 1, 6, 14)",23
158,conv2d_2,"(0, 2, 8, 14)",1
159,conv2d_2,"(1, 0, 2, 7)",28
160,conv2d_2,"(1, 1, 10, 15)",15
161,conv2d_2,"(1, 0, 8, 15)",28
162,conv2d_2,"(2, 0, 2, 13)",4
163,conv2d_2,"(0, 2, 5, 11)",10
164,conv2d_2,"(1, 0, 13, 15)",22
165,conv2d_2,"(1, 2, 6, 14)",9
166,conv2d_2,"(1, 1, 8, 4)",27
167,conv2d_2,"(1, 2, 2, 13)",5
168,conv2d_2,"(1, 0, 8, 10)",21
169,conv2d_2,"(1, 2, 1, 5)",5
170,conv2d_2,"(1, 0, 2, 9)",21
171,conv2d_2,"(0, 2, 12, 9)",13
172,conv2d_2,"(1, 1, 7, 1)",24
173,conv2d_2,"(0, 0, 7, 3)",20
174,conv2d_2,"(1, 2, 10, 14)",6
175,conv2d_2,"(0, 1, 15, 5)",10
176,conv2d_2,"(2, 0, 8, 2)",17
177,conv2d_2,"(1, 0, 2, 11)",2
178,conv2d_2,"(1, 2, 9, 9)",4
179,conv2d_2,"(2, 0, 8, 13)",8
180,conv2d_2,"(2, 2, 11, 13)",8
181,conv2d_2,"(1, 0, 12, 5)",25
182,conv2d_2,"(2, 0, 8, 6)",27
183,conv2d_2,"(2, 1, 8, 5)",19
184,conv2d_2,"(0, 2, 14, 13)",25
185,conv2d_2,"(0, 2, 4, 7)",20
186,conv2d_2,"(2, 0, 12, 9)",10
187,conv2d_2,"(2, 2, 13, 5)",29
188,conv2d_2,"(2, 0, 8, 9)",17
189,conv2d_3,"(1, 0, 14, 9)",27
190,conv2d_3,"(0, 1, 0, 14)",22
191,conv2d_3,"(0, 2, 1, 1)",9
192,conv2d_3,"(1, 1, 7, 9)",18
193,conv2d_3,"(2, 2, 14, 2)",31
194,conv2d_3,"(2, 2, 12, 2)",0
195,conv2d_3,"(1, 1, 15, 2)",28
196,conv2d_3,"(1, 2, 11, 8)",28
197,conv2d_3,"(0, 0, 8, 5)",26
198,conv2d_3,"(1, 0, 13, 12)",18
199,conv2d_3,"(0, 1, 14, 12)",28
200,conv2d_3,"(1, 2, 14, 0)",16
201,conv2d_3,"(2, 2, 9, 8)",25
202,conv2d_3,"(1, 1, 7, 4)",16
203,conv2d_3,"(0, 2, 5, 11)",21
204,conv2d_3,"(2, 1, 5, 0)",10
205,conv2d_3,"(0, 2, 14, 8)",28
206,conv2d_3,"(0, 2, 10, 4)",3
207,conv2d_3,"(0, 1, 5, 11)",9
208,conv2d_3,"(2, 1, 2, 4)",21
209,conv2d_3,"(2, 1, 6, 7)",26
210,conv2d_3,"(1, 0, 15, 8)",0
211,conv2d_3,"(1, 1, 2, 5)",7
212,conv2d_3,"(0, 2, 5, 1)",11
213,conv2d_3,"(1, 2, 14, 5)",17
214,conv2d_3,"(1, 0, 14, 8)",2
215,conv2d_3,"(2, 2, 14, 15)",7
216,conv2d_3,"(0, 0, 8, 1)",1
217,conv2d_3,"(2, 2, 6, 3)",24
218,conv2d_3,"(2, 0, 1, 9)",13
219,conv2d_3,"(0, 2, 10, 14)",10
220,conv2d_3,"(0, 2, 4, 9)",29
221,conv2d_3,"(2, 0, 5, 0)",19
222,conv2d_3,"(0, 1, 5, 8)",30
223,conv2d_3,"(1, 2, 11, 13)",27
224,conv2d_3,"(1, 2, 6, 2)",1
225,conv2d_3,"(2, 1, 0, 11)",25
226,conv2d_3,"(0, 2, 13, 1)",8
227,conv2d_3,"(2, 1, 7, 13)",15
228,conv2d_3,"(1, 2, 15, 11)",28
229,conv2d_3,"(1, 1, 15, 11)",23
230,conv2d_3,"(2, 2, 0, 9)",18
231,conv2d_3,"(2, 1, 15, 2)",24
232,conv2d_3,"(2, 1, 5, 8)",0
233,conv2d_3,"(2, 2, 5, 4)",1
234,conv2d_3,"(2, 1, 3, 4)",2
235,conv2d_3,"(2, 1, 8, 4)",23
236,conv2d_3,"(0, 2, 14, 9)",3
237,conv2d_3,"(0, 1, 6, 8)",6
238,conv2d_3,"(2, 0, 11, 1)",28
239,conv2d_3,"(0, 2, 7, 6)",9
240,conv2d_3,"(2, 0, 8, 13)",0
241,conv2d_3,"(2, 1, 4, 6)",6
242,conv2d_3,"(1, 1, 4, 9)",4
243,conv2d_3,"(2, 0, 6, 10)",27
244,conv2d_3,"(0, 0, 8, 3)",2
245,conv2d_3,"(1, 1, 5, 12)",31
246,conv2d_3,"(1, 0, 12, 0)",28
247,conv2d_3,"(0, 1, 6, 2)",11
248,conv2d_3,"(0, 0, 12, 10)",11
249,conv2d_3,"(1, 2, 1, 6)",14
250,conv2d_3,"(0, 0, 14, 7)",6
251,conv2d_3,"(0, 0, 13, 0)",13
252,conv2d_3,"(2, 1, 7, 15)",28
253,conv2d_3,"(1, 2, 1, 13)",3
254,conv2d_3,"(2, 2, 13, 5)",19
255,conv2d_3,"(2, 2, 5, 15)",17
256,conv2d_3,"(0, 0, 14, 5)",20
257,conv2d_3,"(0, 1, 6, 12)",28
258,conv2d_3,"(1, 1, 7, 2)",0
259,conv2d_3,"(2, 1, 3, 3)",17
260,conv2d_3,"(0, 2, 14, 7)",24
261,conv2d_3,"(1, 0, 8, 0)",19
262,conv2d_3,"(1, 1, 0, 14)",18
263,conv2d_3,"(0, 2, 13, 15)",12
264,conv2d_3,"(0, 1, 5, 14)",18
265,conv2d_3,"(0, 1, 14, 15)",4
266,conv2d_3,"(1, 0, 5, 10)",7
267,conv2d_3,"(0, 2, 8, 6)",22
268,conv2d_3,"(1, 0, 12, 15)",31
269,conv2d_3,"(1, 1, 13, 3)",28
270,conv2d_3,"(0, 2, 15, 13)",18
271,conv2d_3,"(0, 0, 10, 8)",24
272,conv2d_3,"(2, 2, 4, 11)",14
273,conv2d_3,"(2, 2, 6, 5)",9
274,conv2d_3,"(1, 1, 4, 12)",16
275,conv2d_4,"(2, 0, 11, 0)",18
276,conv2d_4,"(2, 0, 8, 1)",24
277,conv2d_4,"(0, 1, 10, 11)",30
278,conv2d_4,"(1, 2, 3, 12)",11
279,conv2d_4,"(2, 1, 2, 6)",0
280,conv2d_4,"(1, 0, 7, 4)",22
281,conv2d_4,"(1, 0, 10, 6)",30
282,conv2d_4,"(1, 2, 13, 0)",13
283,conv2d_4,"(1, 2, 0, 11)",27
284,conv2d_4,"(0, 1, 12, 8)",31
285,conv2d_4,"(0, 2, 3, 15)",24
286,conv2d_4,"(1, 2, 5, 9)",29
287,conv2d_4,"(0, 2, 7, 4)",30
288,conv2d_4,"(2, 0, 14, 6)",8
289,conv2d_4,"(0, 2, 15, 9)",10
290,conv2d_4,"(1, 2, 3, 5)",8
291,conv2d_4,"(2, 0, 13, 6)",17
292,conv2d_4,"(2, 1, 13, 6)",28
293,conv2d_4,"(0, 1, 13, 2)",19
294,conv2d_4,"(0, 0, 14, 7)",23
295,conv2d_4,"(1, 1, 12, 4)",16
296,conv2d_4,"(1, 2, 4, 6)",23
297,conv2d_4,"(1, 0, 12, 5)",3
298,conv2d_4,"(0, 1, 14, 6)",15
299,conv2d_4,"(2, 1, 9, 9)",8
300,conv2d_4,"(0, 2, 3, 4)",2
301,conv2d_4,"(1, 0, 8, 2)",5
302,conv2d_4,"(0, 0, 10, 4)",6
303,conv2d_4,"(0, 2, 6, 14)",6
304,conv2d_4,"(2, 1, 4, 6)",22
305,conv2d_4,"(1, 0, 1, 2)",10
306,conv2d_4,"(1, 1, 13, 15)",25
307,conv2d_4,"(0, 0, 11, 12)",26
308,conv2d_4,"(1, 2, 9, 0)",27
309,conv2d_4,"(0, 1, 13, 1)",21
310,conv2d_4,"(0, 1, 14, 14)",25
311,conv2d_4,"(1, 2, 5, 5)",5
312,conv2d_4,"(2, 1, 15, 3)",9
313,conv2d_4,"(0, 2, 6, 5)",23
314,conv2d_4,"(0, 1, 3, 12)",12
315,conv2d_4,"(0, 1, 0, 8)",27
316,conv2d_4,"(2, 0, 15, 10)",20
317,conv2d_4,"(1, 1, 9, 14)",1
318,conv2d_4,"(2, 0, 8, 15)",6
319,conv2d_4,"(2, 2, 12, 5)",2
320,conv2d_4,"(2, 1, 7, 14)",16
321,conv2d_4,"(1, 1, 0, 14)",3
322,conv2d_4,"(1, 2, 3, 2)",16
323,conv2d_4,"(2, 2, 8, 1)",3
324,conv2d_4,"(1, 0, 0, 1)",26
325,conv2d_4,"(0, 2, 2, 5)",0
326,conv2d_4,"(0, 2, 3, 6)",15
327,conv2d_4,"(0, 1, 0, 10)",4
328,conv2d_4,"(1, 2, 12, 5)",6
329,conv2d_4,"(1, 0, 1, 4)",10
330,conv2d_4,"(2, 1, 7, 4)",16
331,conv2d_4,"(1, 1, 4, 8)",25
332,conv2d_4,"(1, 1, 2, 3)",27
333,conv2d_4,"(0, 1, 8, 2)",25
334,conv2d_4,"(1, 0, 6, 11)",9
335,conv2d_4,"(2, 0, 3, 14)",17
336,conv2d_4,"(0, 0, 7, 0)",27
337,conv2d_4,"(1, 2, 8, 4)",8
338,conv2d_4,"(1, 1, 5, 11)",24
339,conv2d_4,"(0, 0, 3, 7)",29
340,conv2d_4,"(2, 0, 5, 1)",25
341,conv2d_4,"(2, 1, 11, 11)",29
342,conv2d_4,"(2, 0, 14, 5)",30
343,conv2d_4,"(0, 2, 2, 0)",10
344,conv2d_4,"(1, 1, 15, 5)",27
345,conv2d_4,"(1, 0, 0, 15)",6
346,conv2d_4,"(2, 2, 15, 10)",10
347,conv2d_4,"(2, 0, 1, 8)",31
348,conv2d_4,"(1, 0, 13, 1)",23
349,conv2d_4,"(1, 0, 0, 14)",9
350,conv2d_4,"(0, 1, 10, 0)",27
351,conv2d_4,"(0, 0, 7, 14)",21
352,conv2d_4,"(0, 0, 1, 9)",12
353,conv2d_4,"(1, 1, 6, 8)",27
354,conv2d_4,"(2, 2, 5, 3)",10
355,conv2d_4,"(0, 1, 6, 4)",10
356,conv2d_4,"(2, 2, 10, 10)",0
357,conv2d_4,"(2, 0, 6, 1)",4
358,conv2d_4,"(1, 0, 0, 8)",23
359,conv2d_4,"(1, 0, 6, 7)",31
360,conv2d_4,"(0, 2, 3, 9)",29
361,conv2d_5,"(2, 2, 14, 11)",10
362,conv2d_5,"(1, 2, 14, 11)",4
363,conv2d_5,"(1, 0, 10, 12)",11
364,conv2d_5,"(1, 2, 4, 3)",1
365,conv2d_5,"(1, 0, 5, 7)",13
366,conv2d_5,"(1, 0, 4, 8)",15
367,conv2d_5,"(2, 1, 6, 4)",12
368,conv2d_5,"(1, 1, 14, 8)",30
369,conv2d_5,"(2, 1, 12, 13)",30
370,conv2d_5,"(2, 1, 14, 2)",25
371,conv2d_5,"(1, 0, 3, 1)",10
372,conv2d_5,"(2, 1, 8, 15)",11
373,conv2d_5,"(2, 2, 8, 11)",12
374,conv2d_5,"(2, 1, 14, 8)",18
375,conv2d_5,"(2, 1, 14, 9)",19
376,conv2d_5,"(2, 0, 12, 2)",23
377,conv2d_5,"(2, 2, 2, 3)",23
378,conv2d_5,"(1, 2, 11, 9)",11
379,conv2d_5,"(2, 2, 11, 9)",7
380,conv2d_5,"(2, 0, 10, 2)",20
381,conv2d_5,"(1, 1, 6, 6)",30
382,conv2d_5,"(1, 0, 0, 1)",18
383,conv2d_5,"(0, 1, 11, 8)",10
384,conv2d_5,"(2, 0, 0, 11)",26
385,conv2d_5,"(1, 2, 4, 1)",22
386,conv2d_5,"(0, 0, 6, 8)",16
387,conv2d_5,"(1, 1, 4, 0)",3
388,conv2d_5,"(2, 2, 7, 8)",25
389,conv2d_5,"(1, 2, 0, 5)",1
390,conv2d_5,"(0, 2, 5, 12)",26
391,conv2d_5,"(0, 2, 7, 4)",27
392,conv2d_5,"(1, 0, 6, 6)",12
393,conv2d_5,"(1, 2, 7, 6)",20
394,conv2d_5,"(1, 1, 14, 12)",3
395,conv2d_5,"(1, 0, 5, 1)",31
396,conv2d_5,"(1, 2, 9, 4)",24
397,conv2d_5,"(2, 0, 0, 13)",6
398,conv2d_5,"(0, 2, 8, 1)",31
399,conv2d_5,"(0, 1, 2, 7)",29
400,conv2d_5,"(2, 2, 12, 10)",17
401,conv2d_5,"(1, 2, 8, 12)",1
402,conv2d_5,"(0, 0, 7, 10)",25
403,conv2d_5,"(1, 2, 12, 13)",8
404,conv2d_5,"(0, 0, 4, 9)",9
405,conv2d_5,"(2, 2, 10, 5)",11
406,conv2d_5,"(0, 1, 3, 10)",20
407,conv2d_5,"(0, 1, 12, 13)",14
408,conv2d_5,"(0, 1, 2, 1)",29
409,conv2d_5,"(1, 0, 15, 6)",25
410,conv2d_5,"(2, 1, 2, 5)",20
411,conv2d_5,"(1, 1, 8, 5)",23
412,conv2d_5,"(2, 1, 1, 11)",18
413,conv2d_5,"(0, 2, 13, 10)",25
414,conv2d_5,"(0, 2, 10, 15)",6
415,conv2d_5,"(1, 1, 14, 9)",2
416,conv2d_5,"(1, 2, 7, 11)",12
417,conv2d_5,"(1, 0, 12, 7)",1
418,conv2d_5,"(0, 1, 0, 5)",28
419,conv2d_5,"(1, 2, 2, 6)",23
420,conv2d_5,"(1, 2, 12, 1)",10
421,conv2d_5,"(1, 1, 2, 11)",7
422,conv2d_5,"(2, 0, 5, 9)",6
423,conv2d_5,"(2, 2, 9, 8)",17
424,conv2d_5,"(2, 1, 12, 10)",4
425,conv2d_5,"(2, 0, 12, 11)",14
426,conv2d_5,"(1, 1, 4, 4)",2
427,conv2d_5,"(0, 2, 9, 5)",16
428,conv2d_5,"(1, 2, 1, 11)",15
429,conv2d_5,"(0, 1, 4, 15)",20
430,conv2d_5,"(1, 0, 4, 12)",14
431,conv2d_5,"(0, 2, 2, 15)",4
432,conv2d_5,"(2, 2, 8, 14)",10
433,conv2d_5,"(0, 0, 2, 1)",14
434,conv2d_5,"(1, 2, 0, 14)",3
435,conv2d_5,"(0, 1, 6, 12)",16
436,conv2d_5,"(0, 0, 4, 2)",5
437,conv2d_5,"(1, 1, 13, 9)",14
438,conv2d_5,"(2, 0, 4, 4)",15
439,conv2d_5,"(0, 0, 14, 8)",31
440,conv2d_5,"(1, 0, 2, 14)",23
441,conv2d_5,"(2, 2, 3, 4)",29
442,conv2d_5,"(0, 0, 11, 8)",5
443,conv2d_5,"(0, 2, 13, 5)",9
444,conv2d_5,"(0, 1, 3, 14)",1
445,conv2d_5,"(1, 0, 10, 2)",4
446,conv2d_5,"(1, 1, 5, 0)",15
447,conv2d_6,"(2, 2, 2, 1)",23
448,conv2d_6,"(0, 1, 4, 15)",24
449,conv2d_6,"(0, 1, 7, 3)",30
450,conv2d_6,"(2, 0, 8, 8)",3
451,conv2d_6,"(1, 1, 15, 13)",22
452,conv2d_6,"(2, 2, 11, 8)",26
453,conv2d_6,"(1, 2, 5, 6)",7
454,conv2d_6,"(0, 2, 8, 12)",10
455,conv2d_6,"(2, 2, 5, 7)",10
456,conv2d_6,"(2, 2, 8, 11)",26
457,conv2d_6,"(1, 2, 5, 15)",12
458,conv2d_6,"(1, 1, 15, 12)",21
459,conv2d_6,"(0, 2, 5, 6)",21
460,conv2d_6,"(0, 2, 14, 3)",19
461,conv2d_6,"(1, 2, 11, 13)",16
462,conv2d_6,"(2, 0, 13, 14)",10
463,conv2d_6,"(0, 2, 10, 3)",3
464,conv2d_6,"(2, 1, 0, 9)",15
465,conv2d_6,"(0, 1, 8, 9)",3
466,conv2d_6,"(1, 1, 14, 1)",1
467,conv2d_6,"(2, 0, 13, 0)",30
468,conv2d_6,"(2, 0, 10, 2)",1
469,conv2d_6,"(2, 0, 11, 15)",9
470,conv2d_6,"(0, 1, 12, 9)",18
471,conv2d_6,"(0, 1, 5, 4)",18
472,conv2d_6,"(0, 1, 3, 15)",7
473,conv2d_6,"(0, 2, 14, 12)",12
474,conv2d_6,"(2, 1, 1, 0)",11
475,conv2d_6,"(0, 1, 13, 12)",25
476,conv2d_6,"(1, 0, 5, 9)",1
477,conv2d_6,"(0, 0, 5, 6)",9
478,conv2d_6,"(0, 1, 2, 4)",23
479,conv2d_6,"(2, 1, 5, 11)",25
480,conv2d_6,"(1, 0, 6, 7)",26
481,conv2d_6,"(1, 0, 8, 3)",3
482,conv2d_6,"(2, 1, 5, 1)",7
483,conv2d_6,"(0, 0, 8, 11)",10
484,conv2d_6,"(0, 1, 2, 15)",14
485,conv2d_6,"(1, 1, 5, 1)",1
486,conv2d_6,"(1, 0, 11, 15)",28
487,conv2d_6,"(2, 2, 13, 2)",14
488,conv2d_6,"(2, 1, 2, 5)",5
489,conv2d_6,"(2, 0, 10, 8)",15
490,conv2d_6,"(1, 2, 14, 12)",2
491,conv2d_6,"(0, 1, 3, 11)",29
492,conv2d_6,"(1, 2, 15, 7)",16
493,conv2d_6,"(0, 1, 5, 10)",11
494,conv2d_6,"(2, 2, 0, 5)",1
495,conv2d_6,"(0, 1, 13, 1)",30
496,conv2d_6,"(0, 1, 5, 15)",18
497,conv2d_6,"(2, 0, 2, 14)",17
498,conv2d_6,"(0, 1, 15, 3)",7
499,conv2d_6,"(0, 1, 1, 13)",10
500,conv2d_6,"(1, 0, 0, 6)",24
501,conv2d_6,"(2, 0, 5, 5)",28
502,conv2d_6,"(2, 2, 15, 11)",9
503,conv2d_6,"(0, 0, 14, 12)",25
504,conv2d_6,"(0, 0, 1, 4)",24
505,conv2d_6,"(1, 0, 2, 2)",12
506,conv2d_6,"(0, 1, 7, 1)",19
507,conv2d_6,"(1, 0, 3, 1)",15
508,conv2d_6,"(1, 1, 4, 4)",14
509,conv2d_6,"(0, 2, 1, 3)",18
510,conv2d_6,"(0, 0, 6, 5)",25
511,conv2d_6,"(1, 1, 9, 13)",6
512,conv2d_6,"(1, 0, 4, 14)",25
513,conv2d_6,"(2, 1, 0, 0)",11
514,conv2d_6,"(1, 1, 11, 0)",5
515,conv2d_6,"(1, 1, 9, 0)",23
516,conv2d_6,"(2, 2, 15, 3)",4
517,conv2d_6,"(1, 2, 2, 14)",30
518,conv2d_6,"(0, 2, 11, 7)",4
519,conv2d_6,"(1, 2, 1, 1)",13
520,conv2d_6,"(0, 0, 2, 15)",8
521,conv2d_6,"(0, 0, 7, 15)",1
522,conv2d_6,"(2, 1, 10, 14)",26
523,conv2d_6,"(0, 1, 5, 13)",11
524,conv2d_6,"(2, 2, 12, 13)",29
525,conv2d_6,"(2, 1, 11, 6)",9
526,conv2d_6,"(1, 1, 5, 3)",11
527,conv2d_6,"(1, 1, 13, 7)",25
528,conv2d_6,"(0, 1, 12, 3)",24
529,conv2d_6,"(1, 1, 12, 10)",14
530,conv2d_6,"(0, 0, 2, 8)",28
531,conv2d_6,"(2, 2, 14, 10)",26
532,conv2d_6,"(0, 1, 15, 0)",17
533,conv2d_7,"(1, 0, 2, 7)",12
534,conv2d_7,"(2, 2, 15, 30)",4
535,conv2d_7,"(0, 0, 12, 26)",19
536,conv2d_7,"(1, 0, 1, 15)",11
537,conv2d_7,"(2, 2, 10, 30)",14
538,conv2d_7,"(2, 1, 12, 21)",28
539,conv2d_7,"(0, 2, 8, 25)",2
540,conv2d_7,"(0, 0, 8, 17)",24
541,conv2d_7,"(0, 1, 3, 28)",25
542,conv2d_7,"(0, 2, 2, 8)",17
543,conv2d_7,"(1, 1, 10, 14)",8
544,conv2d_7,"(1, 2, 12, 20)",7
545,conv2d_7,"(0, 1, 10, 6)",25
546,conv2d_7,"(0, 1, 5, 12)",17
547,conv2d_7,"(2, 2, 4, 20)",29
548,conv2d_7,"(2, 1, 8, 30)",24
549,conv2d_7,"(1, 1, 10, 18)",30
550,conv2d_7,"(2, 2, 8, 18)",19
551,conv2d_7,"(1, 0, 12, 21)",27
552,conv2d_7,"(1, 0, 5, 26)",2
553,conv2d_7,"(2, 2, 11, 27)",20
554,conv2d_7,"(0, 1, 13, 12)",10
555,conv2d_7,"(1, 1, 12, 9)",30
556,conv2d_7,"(0, 0, 5, 21)",5
557,conv2d_7,"(0, 2, 7, 17)",26
558,conv2d_7,"(0, 0, 5, 14)",6
559,conv2d_7,"(0, 2, 3, 4)",26
560,conv2d_7,"(2, 2, 7, 18)",14
561,conv2d_7,"(2, 1, 5, 8)",0
562,conv2d_7,"(0, 2, 9, 27)",30
563,conv2d_7,"(2, 1, 5, 26)",29
564,conv2d_7,"(2, 0, 12, 22)",0
565,conv2d_7,"(1, 2, 8, 8)",30
566,conv2d_7,"(0, 0, 2, 1)",4
567,conv2d_7,"(2, 0, 10, 25)",0
568,conv2d_7,"(1, 1, 12, 23)",6
569,conv2d_7,"(1, 0, 2, 1)",2
570,conv2d_7,"(0, 2, 5, 4)",1
571,conv2d_7,"(1, 0, 11, 4)",19
572,conv2d_7,"(2, 2, 15, 25)",20
573,conv2d_7,"(2, 2, 2, 21)",9
574,conv2d_7,"(2, 0, 5, 5)",25
575,conv2d_7,"(2, 2, 4, 7)",28
576,conv2d_7,"(2, 0, 9, 7)",16
577,conv2d_7,"(0, 2, 13, 29)",17
578,conv2d_7,"(0, 1, 5, 14)",11
579,conv2d_7,"(1, 0, 10, 16)",2
580,conv2d_7,"(1, 0, 9, 11)",20
581,conv2d_7,"(0, 0, 12, 22)",7
582,conv2d_7,"(0, 2, 4, 29)",5
583,conv2d_7,"(0, 1, 3, 30)",27
584,conv2d_7,"(1, 2, 15, 1)",14
585,conv2d_7,"(1, 2, 3, 13)",11
586,conv2d_7,"(2, 2, 3, 8)",21
587,conv2d_7,"(0, 0, 4, 16)",0
588,conv2d_7,"(0, 2, 15, 2)",13
589,conv2d_7,"(1, 1, 9, 7)",7
590,conv2d_7,"(2, 1, 12, 8)",26
591,conv2d_7,"(0, 0, 11, 12)",25
592,conv2d_7,"(1, 1, 1, 31)",28
593,conv2d_7,"(1, 0, 8, 8)",29
594,conv2d_7,"(0, 1, 5, 17)",30
595,conv2d_7,"(0, 1, 12, 6)",10
596,conv2d_7,"(1, 1, 7, 17)",5
597,conv2d_7,"(0, 2, 14, 5)",10
598,conv2d_7,"(1, 0, 6, 9)",21
599,conv2d_7,"(0, 1, 4, 23)",30
600,conv2d_7,"(2, 1, 10, 16)",0
601,conv2d_7,"(0, 1, 6, 18)",7
602,conv2d_7,"(2, 1, 1, 1)",17
603,conv2d_7,"(1, 2, 13, 21)",30
604,conv2d_7,"(0, 2, 1, 17)",28
605,conv2d_7,"(0, 0, 8, 5)",18
606,conv2d_7,"(0, 0, 9, 14)",1
607,conv2d_7,"(0, 0, 12, 30)",22
608,conv2d_7,"(2, 0, 15, 17)",24
609,conv2d_7,"(1, 1, 11, 1)",22
610,conv2d_7,"(2, 2, 8, 24)",13
611,conv2d_7,"(1, 1, 13, 2)",21
612,conv2d_7,"(1, 0, 6, 11)",21
613,conv2d_7,"(2, 0, 8, 2)",2
614,conv2d_7,"(0, 1, 9, 31)",15
615,conv2d_7,"(2, 2, 14, 0)",27
616,conv2d_7,"(0, 1, 13, 25)",9
617,conv2d_7,"(2, 1, 12, 20)",26
618,conv2d_7,"(2, 2, 12, 25)",14
619,conv2d_7,"(1, 2, 2, 4)",12
620,conv2d_7,"(0, 1, 2, 7)",22
621,conv2d_7,"(2, 2, 6, 30)",8
622,conv2d_7,"(1, 0, 11, 7)",4
623,conv2d_7,"(2, 1, 12, 7)",30
624,conv2d_7,"(1, 0, 11, 5)",15
625,conv2d_7,"(1, 2, 12, 5)",2
626,conv2d_7,"(2, 1, 13, 30)",12
627,conv2d_7,"(1, 0, 15, 20)",18
628,conv2d_7,"(0, 0, 1, 20)",25
629,conv2d_7,"(1, 1, 13, 0)",3
630,conv2d_7,"(1, 1, 5, 7)",24
631,conv2d_7,"(0, 0, 7, 4)",23
632,conv2d_7,"(2, 0, 2, 28)",3
633,conv2d_7,"(1, 1, 15, 11)",17
634,conv2d_7,"(2, 1, 11, 24)",21
635,conv2d_7,"(1, 1, 11, 8)",16
636,conv2d_7,"(0, 2, 8, 20)",25
637,conv2d_7,"(2, 1, 7, 4)",6
638,conv2d_7,"(1, 1, 6, 5)",8
639,conv2d_7,"(0, 2, 12, 27)",11
640,conv2d_7,"(2, 2, 1, 25)",8
641,conv2d_7,"(0, 1, 3, 3)",5
642,conv2d_7,"(1, 1, 3, 20)",17
643,conv2d_7,"(0, 2, 1, 16)",31
644,conv2d_7,"(1, 2, 1, 25)",7
645,conv2d_7,"(1, 0, 3, 0)",29
646,conv2d_7,"(0, 2, 12, 17)",7
647,conv2d_7,"(1, 0, 14, 31)",31
648,conv2d_7,"(0, 1, 0, 22)",30
649,conv2d_7,"(0, 2, 5, 2)",11
650,conv2d_7,"(0, 0, 10, 7)",17
651,conv2d_7,"(0, 0, 1, 28)",4
652,conv2d_7,"(1, 0, 4, 19)",0
653,conv2d_7,"(0, 1, 3, 10)",28
654,conv2d_7,"(2, 2, 4, 9)",18
655,conv2d_7,"(0, 2, 7, 18)",12
656,conv2d_7,"(0, 2, 14, 26)",29
657,conv2d_7,"(1, 1, 2, 20)",15
658,conv2d_7,"(1, 1, 10, 12)",22
659,conv2d_7,"(2, 2, 12, 7)",11
660,conv2d_7,"(0, 2, 11, 19)",27
661,conv2d_7,"(0, 2, 7, 22)",24
662,conv2d_7,"(2, 2, 7, 23)",11
663,conv2d_7,"(2, 2, 11, 5)",9
664,conv2d_7,"(0, 1, 14, 13)",17
665,conv2d_7,"(0, 1, 10, 0)",19
666,conv2d_7,"(2, 0, 8, 29)",12
667,conv2d_7,"(1, 2, 11, 8)",24
668,conv2d_7,"(0, 0, 12, 0)",27
669,conv2d_7,"(2, 2, 1, 8)",19
670,conv2d_7,"(0, 1, 4, 15)",13
671,conv2d_7,"(1, 0, 7, 21)",15
672,conv2d_7,"(1, 2, 4, 19)",11
673,conv2d_7,"(2, 0, 14, 18)",8
674,conv2d_7,"(2, 0, 12, 28)",19
675,conv2d_7,"(0, 2, 5, 1)",13
676,conv2d_7,"(1, 1, 14, 19)",16
677,conv2d_7,"(2, 0, 1, 27)",29
678,conv2d_7,"(2, 1, 9, 15)",18
679,conv2d_7,"(0, 0, 12, 10)",22
680,conv2d_7,"(1, 1, 0, 19)",31
681,conv2d_7,"(2, 1, 11, 10)",1
682,conv2d_7,"(2, 0, 13, 11)",6
683,conv2d_7,"(2, 0, 15, 7)",9
684,conv2d_7,"(0, 0, 3, 17)",14
685,conv2d_7,"(2, 0, 5, 31)",21
686,conv2d_7,"(2, 2, 5, 22)",24
687,conv2d_7,"(2, 1, 13, 26)",17
688,conv2d_7,"(2, 2, 6, 11)",18
689,conv2d_7,"(1, 1, 8, 21)",25
690,conv2d_7,"(0, 2, 5, 23)",21
691,conv2d_7,"(0, 0, 6, 7)",5
692,conv2d_7,"(1, 2, 6, 22)",2
693,conv2d_7,"(2, 2, 2, 3)",8
694,conv2d_7,"(0, 1, 11, 30)",18
695,conv2d_7,"(2, 0, 4, 26)",3
696,conv2d_7,"(2, 1, 6, 27)",30
697,conv2d_7,"(1, 1, 6, 21)",28
698,conv2d_7,"(0, 0, 14, 18)",0
699,conv2d_7,"(1, 1, 15, 19)",24
700,conv2d_7,"(0, 2, 10, 27)",25
701,conv2d_7,"(0, 1, 12, 4)",7
702,conv2d_7,"(1, 1, 2, 21)",15
703,conv2d_7,"(2, 2, 5, 26)",8
704,conv2d_7,"(0, 1, 1, 26)",8
705,conv2d_8,"(2, 2, 7, 9)",7
706,conv2d_8,"(1, 0, 2, 5)",31
707,conv2d_8,"(1, 2, 26, 30)",4
708,conv2d_8,"(0, 1, 6, 5)",10
709,conv2d_8,"(0, 2, 10, 5)",21
710,conv2d_8,"(0, 2, 10, 10)",8
711,conv2d_8,"(0, 0, 21, 20)",0
712,conv2d_8,"(1, 0, 25, 25)",25
713,conv2d_8,"(2, 0, 27, 2)",2
714,conv2d_8,"(2, 2, 10, 18)",11
715,conv2d_8,"(2, 2, 6, 21)",22
716,conv2d_8,"(2, 0, 9, 7)",29
717,conv2d_8,"(0, 1, 26, 29)",28
718,conv2d_8,"(2, 0, 28, 10)",1
719,conv2d_8,"(2, 1, 6, 19)",22
720,conv2d_8,"(1, 2, 28, 1)",18
721,conv2d_8,"(1, 2, 8, 6)",21
722,conv2d_8,"(2, 1, 24, 30)",21
723,conv2d_8,"(2, 2, 22, 15)",5
724,conv2d_8,"(1, 0, 0, 27)",12
725,conv2d_8,"(0, 2, 18, 24)",31
726,conv2d_8,"(1, 2, 31, 25)",21
727,conv2d_8,"(2, 2, 29, 2)",4
728,conv2d_8,"(2, 0, 5, 29)",12
729,conv2d_8,"(0, 0, 30, 22)",26
730,conv2d_8,"(0, 1, 5, 24)",23
731,conv2d_8,"(2, 2, 23, 9)",1
732,conv2d_8,"(0, 1, 21, 21)",22
733,conv2d_8,"(2, 0, 5, 31)",15
734,conv2d_8,"(0, 2, 13, 20)",6
735,conv2d_8,"(1, 0, 26, 2)",11
736,conv2d_8,"(2, 0, 19, 10)",5
737,conv2d_8,"(0, 0, 11, 9)",24
738,conv2d_8,"(2, 2, 18, 14)",14
739,conv2d_8,"(2, 0, 5, 8)",16
740,conv2d_8,"(0, 1, 10, 16)",16
741,conv2d_8,"(0, 0, 7, 17)",29
742,conv2d_8,"(0, 1, 21, 8)",3
743,conv2d_8,"(2, 2, 9, 8)",23
744,conv2d_8,"(2, 2, 13, 20)",24
745,conv2d_8,"(2, 0, 6, 7)",15
746,conv2d_8,"(1, 1, 29, 5)",12
747,conv2d_8,"(1, 1, 11, 5)",31
748,conv2d_8,"(2, 0, 13, 10)",31
749,conv2d_8,"(1, 2, 12, 5)",17
750,conv2d_8,"(1, 2, 29, 22)",17
751,conv2d_8,"(0, 1, 13, 25)",8
752,conv2d_8,"(1, 1, 11, 10)",0
753,conv2d_8,"(0, 1, 0, 18)",31
754,conv2d_8,"(1, 2, 3, 18)",5
755,conv2d_8,"(0, 0, 11, 18)",30
756,conv2d_8,"(2, 1, 14, 26)",25
757,conv2d_8,"(1, 2, 1, 17)",31
758,conv2d_8,"(1, 0, 18, 24)",29
759,conv2d_8,"(2, 1, 20, 28)",30
760,conv2d_8,"(2, 1, 22, 16)",24
761,conv2d_8,"(0, 0, 15, 29)",1
762,conv2d_8,"(2, 0, 24, 23)",12
763,conv2d_8,"(2, 2, 13, 19)",19
764,conv2d_8,"(0, 0, 10, 27)",6
765,conv2d_8,"(2, 2, 16, 8)",29
766,conv2d_8,"(0, 1, 11, 31)",19
767,conv2d_8,"(0, 1, 31, 19)",28
768,conv2d_8,"(0, 0, 29, 18)",13
769,conv2d_8,"(0, 0, 0, 1)",11
770,conv2d_8,"(1, 1, 8, 31)",23
771,conv2d_8,"(0, 2, 10, 20)",2
772,conv2d_8,"(0, 2, 13, 27)",2
773,conv2d_8,"(1, 0, 27, 15)",26
774,conv2d_8,"(1, 2, 26, 14)",5
775,conv2d_8,"(1, 2, 2, 6)",2
776,conv2d_8,"(1, 2, 17, 8)",1
777,conv2d_8,"(1, 1, 25, 31)",7
778,conv2d_8,"(2, 2, 3, 16)",20
779,conv2d_8,"(0, 0, 9, 12)",12
780,conv2d_8,"(1, 1, 17, 15)",17
781,conv2d_8,"(0, 2, 10, 0)",25
782,conv2d_8,"(0, 1, 25, 29)",22
783,conv2d_8,"(0, 0, 10, 17)",28
784,conv2d_8,"(1, 1, 27, 21)",3
785,conv2d_8,"(1, 0, 26, 26)",27
786,conv2d_8,"(2, 2, 8, 7)",12
787,conv2d_8,"(1, 2, 10, 20)",27
788,conv2d_8,"(0, 1, 0, 27)",29
789,conv2d_8,"(0, 1, 29, 12)",6
790,conv2d_8,"(0, 1, 3, 27)",1
791,conv2d_8,"(0, 0, 4, 7)",27
792,conv2d_8,"(1, 1, 20, 20)",28
793,conv2d_8,"(0, 2, 25, 25)",3
794,conv2d_8,"(0, 0, 15, 18)",6
795,conv2d_8,"(0, 1, 0, 4)",9
796,conv2d_8,"(0, 2, 24, 28)",18
797,conv2d_8,"(2, 1, 26, 10)",14
798,conv2d_8,"(0, 1, 9, 18)",28
799,conv2d_8,"(1, 2, 22, 7)",27
800,conv2d_8,"(2, 2, 21, 10)",22
801,conv2d_8,"(1, 2, 6, 0)",9
802,conv2d_8,"(1, 2, 10, 13)",20
803,conv2d_8,"(0, 2, 21, 28)",0
804,conv2d_8,"(2, 2, 18, 4)",7
805,conv2d_8,"(2, 0, 18, 4)",8
806,conv2d_8,"(0, 0, 30, 18)",23
807,conv2d_8,"(1, 2, 27, 28)",15
808,conv2d_8,"(0, 1, 11, 3)",30
809,conv2d_8,"(1, 2, 14, 9)",16
810,conv2d_8,"(0, 1, 12, 25)",28
811,conv2d_8,"(2, 0, 6, 4)",0
812,conv2d_8,"(2, 2, 5, 20)",2
813,conv2d_8,"(2, 1, 13, 24)",18
814,conv2d_8,"(1, 2, 27, 18)",23
815,conv2d_8,"(1, 2, 24, 25)",20
816,conv2d_8,"(1, 0, 31, 31)",19
817,conv2d_8,"(1, 0, 9, 28)",7
818,conv2d_8,"(0, 1, 28, 30)",10
819,conv2d_8,"(0, 1, 19, 22)",17
820,conv2d_8,"(0, 1, 26, 31)",19
821,conv2d_8,"(0, 1, 6, 13)",3
822,conv2d_8,"(1, 2, 8, 20)",4
823,conv2d_8,"(2, 0, 5, 5)",6
824,conv2d_8,"(0, 0, 11, 7)",1
825,conv2d_8,"(1, 2, 25, 29)",31
826,conv2d_8,"(1, 2, 11, 13)",29
827,conv2d_8,"(2, 1, 0, 15)",4
828,conv2d_8,"(2, 0, 16, 25)",4
829,conv2d_8,"(0, 1, 2, 5)",5
830,conv2d_8,"(0, 2, 7, 0)",31
831,conv2d_8,"(2, 0, 0, 24)",23
832,conv2d_8,"(1, 1, 13, 21)",15
833,conv2d_8,"(0, 1, 11, 16)",14
834,conv2d_8,"(1, 2, 19, 4)",22
835,conv2d_8,"(0, 0, 30, 2)",13
836,conv2d_8,"(0, 1, 19, 24)",12
837,conv2d_8,"(2, 0, 23, 24)",14
838,conv2d_8,"(1, 0, 8, 24)",4
839,conv2d_8,"(1, 2, 1, 30)",9
840,conv2d_8,"(1, 2, 30, 5)",9
841,conv2d_8,"(0, 1, 7, 25)",2
842,conv2d_8,"(2, 1, 11, 11)",23
843,conv2d_8,"(0, 0, 21, 9)",26
844,conv2d_8,"(0, 2, 24, 0)",2
845,conv2d_8,"(0, 2, 31, 19)",4
846,conv2d_8,"(2, 1, 15, 5)",17
847,conv2d_8,"(2, 0, 10, 27)",1
848,conv2d_8,"(1, 2, 21, 14)",7
849,conv2d_8,"(0, 0, 21, 18)",11
850,conv2d_8,"(1, 0, 15, 24)",7
851,conv2d_8,"(2, 0, 21, 14)",31
852,conv2d_8,"(2, 0, 29, 10)",28
853,conv2d_8,"(0, 0, 29, 8)",16
854,conv2d_8,"(0, 1, 25, 5)",14
855,conv2d_8,"(2, 0, 3, 3)",8
856,conv2d_8,"(1, 2, 13, 4)",1
857,conv2d_8,"(0, 1, 25, 16)",2
858,conv2d_8,"(2, 2, 9, 9)",11
859,conv2d_8,"(2, 0, 22, 24)",7
860,conv2d_8,"(1, 2, 8, 21)",30
861,conv2d_8,"(0, 1, 20, 0)",17
862,conv2d_8,"(0, 2, 15, 23)",10
863,conv2d_8,"(0, 2, 22, 24)",15
864,conv2d_8,"(1, 2, 8, 2)",23
865,conv2d_8,"(0, 0, 0, 10)",15
866,conv2d_8,"(2, 0, 27, 9)",27
867,conv2d_8,"(1, 1, 31, 13)",7
868,conv2d_8,"(0, 1, 24, 1)",19
869,conv2d_8,"(0, 1, 29, 19)",27
870,conv2d_8,"(0, 2, 27, 3)",24
871,conv2d_8,"(0, 0, 21, 14)",21
872,conv2d_8,"(0, 2, 5, 20)",1
873,conv2d_8,"(0, 2, 3, 27)",14
874,conv2d_8,"(1, 2, 16, 12)",29
875,conv2d_8,"(0, 1, 0, 11)",28
876,conv2d_8,"(2, 0, 14, 23)",22
877,conv2d_8,"(0, 2, 21, 5)",21
878,conv2d_8,"(1, 1, 11, 0)",4
879,conv2d_8,"(2, 0, 13, 22)",5
880,conv2d_8,"(2, 1, 2, 31)",24
881,conv2d_8,"(2, 2, 6, 6)",28
882,conv2d_8,"(0, 1, 2, 19)",29
883,conv2d_8,"(1, 1, 12, 29)",1
884,conv2d_8,"(0, 1, 2, 24)",29
885,conv2d_8,"(2, 0, 7, 14)",15
886,conv2d_8,"(1, 2, 4, 16)",6
887,conv2d_8,"(0, 2, 17, 5)",20
888,conv2d_8,"(0, 0, 31, 9)",24
889,conv2d_8,"(2, 1, 19, 24)",21
890,conv2d_8,"(1, 2, 25, 6)",6
891,conv2d_8,"(1, 0, 23, 17)",17
892,conv2d_8,"(0, 2, 20, 12)",1
893,conv2d_8,"(0, 1, 21, 1)",15
894,conv2d_8,"(1, 2, 3, 26)",15
895,conv2d_8,"(0, 2, 31, 29)",10
896,conv2d_8,"(1, 0, 22, 16)",30
897,conv2d_8,"(1, 2, 19, 1)",14
898,conv2d_8,"(1, 2, 8, 22)",16
899,conv2d_8,"(1, 0, 15, 25)",10
900,conv2d_8,"(2, 1, 13, 10)",15
901,conv2d_8,"(0, 0, 6, 31)",13
902,conv2d_8,"(2, 0, 17, 26)",0
903,conv2d_8,"(2, 1, 8, 12)",3
904,conv2d_8,"(2, 0, 22, 6)",1
905,conv2d_8,"(0, 0, 24, 2)",29
906,conv2d_8,"(2, 2, 12, 28)",3
907,conv2d_8,"(2, 2, 18, 2)",8
908,conv2d_8,"(0, 2, 25, 22)",16
909,conv2d_8,"(0, 2, 23, 4)",14
910,conv2d_8,"(0, 0, 7, 28)",9
911,conv2d_8,"(1, 1, 8, 7)",11
912,conv2d_8,"(0, 2, 7, 26)",19
913,conv2d_8,"(0, 2, 10, 18)",10
914,conv2d_8,"(1, 1, 12, 0)",27
915,conv2d_8,"(1, 0, 7, 16)",25
916,conv2d_8,"(2, 2, 14, 19)",26
917,conv2d_8,"(0, 0, 4, 13)",11
918,conv2d_8,"(1, 1, 25, 28)",0
919,conv2d_8,"(2, 0, 13, 13)",7
920,conv2d_8,"(1, 0, 2, 18)",5
921,conv2d_8,"(0, 0, 17, 15)",16
922,conv2d_8,"(1, 2, 18, 13)",22
923,conv2d_8,"(2, 2, 16, 24)",17
924,conv2d_8,"(0, 0, 9, 14)",16
925,conv2d_8,"(2, 1, 8, 9)",26
926,conv2d_8,"(0, 1, 18, 5)",16
927,conv2d_8,"(2, 2, 5, 24)",21
928,conv2d_8,"(1, 0, 28, 24)",10
929,conv2d_8,"(2, 1, 9, 18)",12
930,conv2d_8,"(0, 0, 3, 3)",29
931,conv2d_8,"(1, 1, 16, 25)",27
932,conv2d_8,"(0, 2, 24, 16)",12
933,conv2d_8,"(1, 1, 14, 6)",4
934,conv2d_8,"(2, 0, 28, 3)",22
935,conv2d_8,"(0, 1, 3, 15)",30
936,conv2d_8,"(0, 2, 25, 20)",12
937,conv2d_8,"(1, 2, 11, 4)",20
938,conv2d_8,"(1, 2, 0, 21)",17
939,conv2d_8,"(2, 1, 17, 10)",17
940,conv2d_8,"(0, 0, 6, 12)",6
941,conv2d_8,"(2, 2, 8, 31)",26
942,conv2d_8,"(1, 1, 20, 3)",20
943,conv2d_8,"(1, 1, 23, 10)",6
944,conv2d_8,"(1, 0, 12, 24)",22
945,conv2d_8,"(0, 0, 22, 20)",25
946,conv2d_8,"(0, 2, 3, 3)",2
947,conv2d_8,"(2, 1, 11, 0)",2
948,conv2d_8,"(0, 1, 3, 0)",15
949,conv2d_8,"(0, 1, 24, 20)",12
950,conv2d_8,"(0, 2, 3, 10)",6
951,conv2d_8,"(2, 0, 19, 7)",18
952,conv2d_8,"(2, 1, 29, 9)",3
953,conv2d_8,"(0, 0, 22, 17)",30
954,conv2d_8,"(2, 2, 12, 20)",2
955,conv2d_8,"(2, 0, 21, 27)",27
956,conv2d_8,"(1, 1, 15, 31)",21
957,conv2d_8,"(2, 1, 28, 5)",7
958,conv2d_8,"(1, 2, 10, 3)",14
959,conv2d_8,"(2, 0, 21, 0)",17
960,conv2d_8,"(0, 2, 0, 27)",28
961,conv2d_8,"(1, 2, 24, 11)",4
962,conv2d_8,"(0, 1, 7, 5)",5
963,conv2d_8,"(2, 1, 15, 3)",16
964,conv2d_8,"(2, 2, 31, 5)",13
965,conv2d_8,"(1, 2, 1, 7)",6
966,conv2d_8,"(2, 0, 30, 22)",24
967,conv2d_8,"(2, 2, 10, 24)",16
968,conv2d_8,"(1, 1, 28, 4)",10
969,conv2d_8,"(0, 0, 27, 10)",13
970,conv2d_8,"(1, 0, 0, 4)",11
971,conv2d_8,"(0, 1, 16, 13)",3
972,conv2d_8,"(1, 0, 2, 11)",24
973,conv2d_8,"(2, 0, 31, 14)",3
974,conv2d_8,"(1, 1, 16, 19)",29
975,conv2d_8,"(0, 0, 4, 9)",11
976,conv2d_8,"(1, 1, 4, 5)",6
977,conv2d_8,"(0, 0, 21, 28)",14
978,conv2d_8,"(1, 2, 21, 30)",23
979,conv2d_8,"(1, 0, 24, 22)",8
980,conv2d_8,"(0, 2, 6, 22)",2
981,conv2d_8,"(2, 1, 0, 14)",1
982,conv2d_8,"(1, 2, 1, 6)",29
983,conv2d_8,"(0, 2, 23, 28)",18
984,conv2d_8,"(2, 1, 20, 9)",25
985,conv2d_8,"(1, 2, 11, 1)",27
986,conv2d_8,"(1, 0, 31, 30)",23
987,conv2d_8,"(2, 1, 3, 26)",16
988,conv2d_8,"(0, 0, 26, 5)",1
989,conv2d_8,"(0, 2, 11, 23)",27
990,conv2d_8,"(1, 1, 11, 22)",31
991,conv2d_8,"(0, 0, 15, 26)",15
992,conv2d_8,"(2, 2, 1, 14)",16
993,conv2d_8,"(0, 1, 22, 3)",16
994,conv2d_8,"(1, 0, 4, 19)",31
995,conv2d_8,"(0, 2, 25, 16)",3
996,conv2d_8,"(0, 0, 13, 22)",26
997,conv2d_8,"(0, 0, 15, 1)",11
998,conv2d_8,"(2, 0, 18, 11)",28
999,conv2d_8,"(0, 2, 27, 23)",15
1000,conv2d_8,"(0, 1, 4, 24)",27
1001,conv2d_8,"(2, 1, 21, 2)",11
1002,conv2d_8,"(1, 2, 21, 18)",29
1003,conv2d_8,"(2, 0, 26, 25)",19
1004,conv2d_8,"(1, 2, 5, 19)",22
1005,conv2d_8,"(0, 2, 13, 22)",31
1006,conv2d_8,"(0, 1, 24, 11)",28
1007,conv2d_8,"(0, 0, 13, 5)",4
1008,conv2d_8,"(2, 2, 20, 5)",30
1009,conv2d_8,"(0, 1, 5, 5)",27
1010,conv2d_8,"(1, 1, 0, 27)",31
1011,conv2d_8,"(2, 0, 9, 17)",0
1012,conv2d_8,"(0, 2, 0, 22)",6
1013,conv2d_8,"(1, 0, 1, 12)",29
1014,conv2d_8,"(1, 1, 30, 15)",4
1015,conv2d_8,"(0, 2, 12, 15)",8
1016,conv2d_8,"(0, 2, 0, 10)",16
1017,conv2d_8,"(0, 1, 25, 14)",29
1018,conv2d_8,"(0, 2, 6, 2)",23
1019,conv2d_8,"(1, 1, 31, 6)",26
1020,conv2d_8,"(0, 1, 5, 20)",23
1021,conv2d_8,"(1, 1, 5, 30)",8
1022,conv2d_8,"(2, 2, 21, 7)",29
1023,conv2d_8,"(2, 1, 10, 19)",8
1024,conv2d_8,"(1, 0, 4, 9)",28
1025,conv2d_8,"(1, 1, 26, 30)",25
1026,conv2d_8,"(1, 1, 29, 16)",0
1027,conv2d_8,"(1, 2, 5, 20)",24
1028,conv2d_8,"(2, 2, 22, 9)",29
1029,conv2d_8,"(1, 0, 4, 6)",13
1030,conv2d_8,"(1, 0, 20, 13)",4
1031,conv2d_8,"(0, 0, 3, 0)",16
1032,conv2d_8,"(1, 0, 21, 16)",28
1033,conv2d_8,"(1, 1, 2, 11)",1
1034,conv2d_8,"(0, 0, 0, 27)",1
1035,conv2d_8,"(2, 0, 22, 0)",24
1036,conv2d_8,"(2, 1, 5, 14)",3
1037,conv2d_8,"(0, 2, 19, 26)",23
1038,conv2d_8,"(1, 0, 31, 22)",6
1039,conv2d_8,"(0, 2, 15, 30)",20
1040,conv2d_8,"(1, 2, 26, 1)",6
1041,conv2d_8,"(2, 1, 30, 4)",29
1042,conv2d_8,"(2, 1, 6, 8)",28
1043,conv2d_8,"(1, 2, 0, 3)",0
1044,conv2d_8,"(1, 2, 3, 30)",30
1045,conv2d_8,"(0, 1, 10, 11)",5
1046,conv2d_8,"(0, 1, 6, 0)",10
1047,conv2d_8,"(0, 0, 18, 13)",27
1048,conv2d_8,"(0, 1, 10, 6)",19
1049,conv2d_9,"(0, 2, 30, 28)",3
1050,conv2d_9,"(0, 2, 12, 11)",27
1051,conv2d_9,"(1, 1, 20, 13)",4
1052,conv2d_9,"(0, 2, 24, 5)",2
1053,conv2d_9,"(1, 1, 7, 5)",17
1054,conv2d_9,"(0, 2, 28, 5)",0
1055,conv2d_9,"(2, 1, 15, 18)",31
1056,conv2d_9,"(1, 2, 14, 5)",4
1057,conv2d_9,"(1, 1, 31, 20)",7
1058,conv2d_9,"(2, 0, 25, 24)",18
1059,conv2d_9,"(1, 2, 0, 13)",5
1060,conv2d_9,"(1, 0, 8, 13)",20
1061,conv2d_9,"(0, 1, 8, 9)",21
1062,conv2d_9,"(0, 0, 28, 5)",20
1063,conv2d_9,"(1, 1, 28, 25)",10
1064,conv2d_9,"(2, 2, 26, 20)",4
1065,conv2d_9,"(0, 0, 1, 15)",20
1066,conv2d_9,"(2, 2, 10, 24)",29
1067,conv2d_9,"(2, 2, 31, 22)",21
1068,conv2d_9,"(0, 0, 27, 21)",31
1069,conv2d_9,"(2, 2, 5, 13)",20
1070,conv2d_9,"(1, 2, 20, 26)",7
1071,conv2d_9,"(0, 2, 30, 29)",17
1072,conv2d_9,"(0, 1, 12, 21)",4
1073,conv2d_9,"(0, 0, 14, 27)",14
1074,conv2d_9,"(0, 2, 15, 18)",7
1075,conv2d_9,"(2, 0, 5, 4)",27
1076,conv2d_9,"(2, 0, 22, 3)",13
1077,conv2d_9,"(1, 2, 16, 13)",26
1078,conv2d_9,"(1, 0, 29, 24)",15
1079,conv2d_9,"(1, 1, 29, 30)",22
1080,conv2d_9,"(0, 2, 9, 1)",6
1081,conv2d_9,"(1, 0, 26, 21)",26
1082,conv2d_9,"(1, 0, 25, 1)",21
1083,conv2d_9,"(0, 0, 17, 2)",4
1084,conv2d_9,"(0, 2, 17, 27)",12
1085,conv2d_9,"(1, 0, 12, 17)",3
1086,conv2d_9,"(2, 2, 3, 13)",24
1087,conv2d_9,"(0, 0, 26, 31)",29
1088,conv2d_9,"(2, 2, 27, 10)",26
1089,conv2d_9,"(2, 0, 18, 13)",29
1090,conv2d_9,"(2, 0, 24, 5)",25
1091,conv2d_9,"(1, 1, 6, 1)",21
1092,conv2d_9,"(1, 2, 7, 31)",17
1093,conv2d_9,"(2, 0, 9, 21)",31
1094,conv2d_9,"(0, 2, 29, 24)",0
1095,conv2d_9,"(0, 2, 19, 30)",23
1096,conv2d_9,"(1, 2, 8, 6)",18
1097,conv2d_9,"(0, 0, 27, 1)",15
1098,conv2d_9,"(1, 1, 2, 31)",4
1099,conv2d_9,"(1, 1, 10, 22)",24
1100,conv2d_9,"(0, 1, 27, 4)",2
1101,conv2d_9,"(0, 2, 20, 21)",0
1102,conv2d_9,"(2, 2, 3, 15)",16
1103,conv2d_9,"(2, 1, 16, 23)",2
1104,conv2d_9,"(0, 1, 16, 2)",17
1105,conv2d_9,"(0, 2, 3, 13)",19
1106,conv2d_9,"(1, 0, 2, 8)",21
1107,conv2d_9,"(1, 2, 16, 8)",9
1108,conv2d_9,"(0, 0, 5, 12)",14
1109,conv2d_9,"(1, 1, 29, 10)",8
1110,conv2d_9,"(0, 1, 18, 24)",30
1111,conv2d_9,"(1, 0, 15, 21)",11
1112,conv2d_9,"(1, 0, 10, 8)",28
1113,conv2d_9,"(2, 1, 17, 17)",0
1114,conv2d_9,"(0, 0, 24, 24)",4
1115,conv2d_9,"(0, 1, 6, 29)",2
1116,conv2d_9,"(0, 1, 20, 30)",19
1117,conv2d_9,"(2, 2, 24, 27)",22
1118,conv2d_9,"(2, 1, 20, 6)",13
1119,conv2d_9,"(1, 1, 18, 25)",27
1120,conv2d_9,"(2, 2, 5, 0)",11
1121,conv2d_9,"(2, 1, 30, 21)",3
1122,conv2d_9,"(2, 1, 20, 24)",8
1123,conv2d_9,"(2, 1, 18, 13)",9
1124,conv2d_9,"(2, 0, 24, 23)",26
1125,conv2d_9,"(0, 2, 17, 1)",19
1126,conv2d_9,"(0, 2, 13, 21)",4
1127,conv2d_9,"(2, 0, 11, 4)",10
1128,conv2d_9,"(1, 1, 29, 20)",16
1129,conv2d_9,"(1, 0, 5, 30)",23
1130,conv2d_9,"(1, 2, 30, 3)",15
1131,conv2d_9,"(1, 0, 2, 17)",3
1132,conv2d_9,"(0, 2, 27, 15)",16
1133,conv2d_9,"(2, 0, 27, 7)",25
1134,conv2d_9,"(0, 0, 21, 24)",13
1135,conv2d_9,"(1, 1, 24, 24)",18
1136,conv2d_9,"(2, 1, 28, 2)",4
1137,conv2d_9,"(1, 2, 7, 22)",13
1138,conv2d_9,"(0, 0, 17, 13)",8
1139,conv2d_9,"(0, 0, 22, 13)",19
1140,conv2d_9,"(0, 1, 1, 3)",27
1141,conv2d_9,"(0, 0, 21, 0)",20
1142,conv2d_9,"(0, 0, 25, 24)",23
1143,conv2d_9,"(1, 1, 5, 23)",28
1144,conv2d_9,"(0, 1, 15, 5)",3
1145,conv2d_9,"(2, 2, 16, 1)",18
1146,conv2d_9,"(2, 0, 6, 13)",8
1147,conv2d_9,"(0, 0, 22, 8)",22
1148,conv2d_9,"(2, 0, 9, 13)",28
1149,conv2d_9,"(0, 0, 2, 31)",6
1150,conv2d_9,"(2, 1, 27, 31)",26
1151,conv2d_9,"(1, 1, 8, 13)",28
1152,conv2d_9,"(2, 2, 25, 29)",10
1153,conv2d_9,"(1, 1, 2, 5)",20
1154,conv2d_9,"(2, 2, 30, 5)",25
1155,conv2d_9,"(1, 0, 0, 5)",9
1156,conv2d_9,"(1, 0, 5, 21)",10
1157,conv2d_9,"(2, 1, 0, 12)",12
1158,conv2d_9,"(1, 1, 4, 9)",10
1159,conv2d_9,"(2, 2, 6, 2)",13
1160,conv2d_9,"(2, 2, 10, 26)",18
1161,conv2d_9,"(2, 1, 3, 26)",3
1162,conv2d_9,"(0, 2, 2, 5)",11
1163,conv2d_9,"(0, 1, 25, 13)",16
1164,conv2d_9,"(1, 2, 5, 20)",10
1165,conv2d_9,"(1, 1, 4, 4)",0
1166,conv2d_9,"(2, 2, 21, 19)",21
1167,conv2d_9,"(2, 2, 27, 4)",13
1168,conv2d_9,"(2, 1, 27, 14)",0
1169,conv2d_9,"(1, 1, 30, 0)",17
1170,conv2d_9,"(0, 0, 20, 28)",4
1171,conv2d_9,"(2, 2, 15, 2)",16
1172,conv2d_9,"(2, 2, 8, 28)",10
1173,conv2d_9,"(2, 0, 26, 10)",25
1174,conv2d_9,"(1, 0, 1, 21)",8
1175,conv2d_9,"(1, 1, 8, 9)",27
1176,conv2d_9,"(0, 0, 0, 14)",7
1177,conv2d_9,"(1, 0, 2, 24)",28
1178,conv2d_9,"(1, 1, 9, 27)",23
1179,conv2d_9,"(1, 1, 30, 18)",24
1180,conv2d_9,"(1, 2, 14, 7)",10
1181,conv2d_9,"(1, 1, 12, 30)",22
1182,conv2d_9,"(0, 0, 21, 23)",20
1183,conv2d_9,"(2, 2, 14, 8)",15
1184,conv2d_9,"(2, 0, 10, 17)",18
1185,conv2d_9,"(0, 2, 18, 19)",22
1186,conv2d_9,"(2, 1, 4, 10)",9
1187,conv2d_9,"(0, 2, 6, 0)",28
1188,conv2d_9,"(2, 2, 30, 31)",0
1189,conv2d_9,"(2, 0, 25, 4)",25
1190,conv2d_9,"(1, 0, 23, 25)",7
1191,conv2d_9,"(2, 2, 5, 3)",11
1192,conv2d_9,"(0, 0, 10, 19)",31
1193,conv2d_9,"(0, 2, 0, 27)",9
1194,conv2d_9,"(2, 2, 6, 8)",18
1195,conv2d_9,"(0, 1, 18, 21)",4
1196,conv2d_9,"(0, 0, 5, 15)",19
1197,conv2d_9,"(2, 2, 30, 3)",15
1198,conv2d_9,"(0, 1, 17, 5)",27
1199,conv2d_9,"(0, 1, 13, 18)",22
1200,conv2d_9,"(1, 2, 30, 8)",19
1201,conv2d_9,"(1, 0, 9, 20)",26
1202,conv2d_9,"(0, 2, 5, 19)",25
1203,conv2d_9,"(2, 2, 14, 6)",28
1204,conv2d_9,"(1, 1, 30, 21)",22
1205,conv2d_9,"(1, 2, 23, 3)",15
1206,conv2d_9,"(1, 1, 17, 20)",24
1207,conv2d_9,"(0, 0, 28, 22)",18
1208,conv2d_9,"(2, 0, 28, 0)",10
1209,conv2d_9,"(0, 1, 17, 24)",27
1210,conv2d_9,"(0, 1, 27, 3)",13
1211,conv2d_9,"(0, 1, 29, 21)",9
1212,conv2d_9,"(0, 0, 24, 0)",4
1213,conv2d_9,"(0, 2, 7, 31)",6
1214,conv2d_9,"(2, 2, 14, 28)",29
1215,conv2d_9,"(0, 0, 23, 5)",9
1216,conv2d_9,"(1, 0, 14, 31)",7
1217,conv2d_9,"(0, 1, 18, 13)",19
1218,conv2d_9,"(1, 0, 2, 18)",22
1219,conv2d_9,"(2, 0, 7, 8)",0
1220,conv2d_9,"(0, 1, 5, 3)",4
1221,conv2d_9,"(1, 2, 17, 13)",19
1222,conv2d_9,"(1, 0, 25, 29)",4
1223,conv2d_9,"(2, 1, 7, 18)",1
1224,conv2d_9,"(1, 0, 29, 23)",20
1225,conv2d_9,"(2, 0, 20, 11)",17
1226,conv2d_9,"(2, 2, 11, 14)",22
1227,conv2d_9,"(1, 0, 11, 6)",9
1228,conv2d_9,"(0, 0, 28, 13)",14
1229,conv2d_9,"(0, 0, 30, 10)",1
1230,conv2d_9,"(0, 1, 3, 25)",23
1231,conv2d_9,"(2, 1, 28, 1)",28
1232,conv2d_9,"(0, 0, 24, 25)",16
1233,conv2d_9,"(2, 1, 28, 13)",7
1234,conv2d_9,"(1, 0, 30, 24)",24
1235,conv2d_9,"(1, 2, 5, 26)",19
1236,conv2d_9,"(1, 1, 9, 1)",17
1237,conv2d_9,"(0, 1, 9, 21)",21
1238,conv2d_9,"(1, 1, 8, 11)",26
1239,conv2d_9,"(1, 2, 17, 5)",21
1240,conv2d_9,"(0, 0, 27, 12)",30
1241,conv2d_9,"(0, 1, 24, 1)",21
1242,conv2d_9,"(2, 2, 1, 0)",1
1243,conv2d_9,"(1, 1, 20, 3)",31
1244,conv2d_9,"(1, 1, 24, 3)",13
1245,conv2d_9,"(0, 0, 19, 15)",20
1246,conv2d_9,"(0, 0, 21, 18)",22
1247,conv2d_9,"(1, 1, 0, 15)",8
1248,conv2d_9,"(0, 1, 26, 10)",26
1249,conv2d_9,"(2, 0, 30, 2)",1
1250,conv2d_9,"(1, 1, 1, 12)",29
1251,conv2d_9,"(1, 0, 6, 16)",18
1252,conv2d_9,"(2, 1, 31, 2)",11
1253,conv2d_9,"(1, 0, 29, 9)",28
1254,conv2d_9,"(2, 1, 8, 15)",27
1255,conv2d_9,"(2, 0, 4, 21)",22
1256,conv2d_9,"(1, 1, 24, 15)",22
1257,conv2d_9,"(2, 2, 16, 6)",9
1258,conv2d_9,"(0, 0, 21, 19)",26
1259,conv2d_9,"(0, 1, 5, 20)",0
1260,conv2d_9,"(2, 2, 21, 23)",26
1261,conv2d_9,"(0, 0, 25, 4)",17
1262,conv2d_9,"(0, 0, 2, 1)",30
1263,conv2d_9,"(2, 2, 4, 17)",20
1264,conv2d_9,"(0, 1, 0, 22)",2
1265,conv2d_9,"(2, 0, 14, 27)",2
1266,conv2d_9,"(1, 1, 28, 26)",24
1267,conv2d_9,"(0, 2, 31, 3)",3
1268,conv2d_9,"(1, 2, 26, 0)",24
1269,conv2d_9,"(0, 1, 11, 14)",6
1270,conv2d_9,"(0, 0, 12, 26)",12
1271,conv2d_9,"(1, 1, 29, 28)",8
1272,conv2d_9,"(0, 0, 25, 17)",16
1273,conv2d_9,"(2, 0, 22, 9)",8
1274,conv2d_9,"(0, 2, 22, 21)",2
1275,conv2d_9,"(0, 0, 18, 15)",16
1276,conv2d_9,"(0, 1, 27, 1)",12
1277,conv2d_9,"(0, 2, 9, 24)",26
1278,conv2d_9,"(1, 1, 4, 16)",31
1279,conv2d_9,"(2, 1, 25, 16)",15
1280,conv2d_9,"(0, 1, 5, 24)",10
1281,conv2d_9,"(0, 0, 13, 18)",18
1282,conv2d_9,"(1, 2, 28, 26)",29
1283,conv2d_9,"(0, 0, 22, 21)",11
1284,conv2d_9,"(1, 0, 3, 7)",1
1285,conv2d_9,"(0, 1, 6, 6)",29
1286,conv2d_9,"(2, 0, 14, 12)",16
1287,conv2d_9,"(2, 0, 3, 21)",26
1288,conv2d_9,"(0, 0, 24, 11)",14
1289,conv2d_9,"(0, 1, 19, 25)",7
1290,conv2d_9,"(0, 0, 16, 16)",29
1291,conv2d_9,"(1, 1, 3, 30)",12
1292,conv2d_9,"(0, 1, 31, 6)",2
1293,conv2d_9,"(1, 0, 25, 22)",21
1294,conv2d_9,"(2, 0, 0, 19)",1
1295,conv2d_9,"(1, 2, 19, 16)",21
1296,conv2d_9,"(1, 1, 15, 16)",14
1297,conv2d_9,"(2, 1, 29, 9)",17
1298,conv2d_9,"(2, 1, 10, 13)",25
1299,conv2d_9,"(0, 2, 31, 9)",21
1300,conv2d_9,"(0, 0, 5, 8)",19
1301,conv2d_9,"(1, 2, 16, 14)",5
1302,conv2d_9,"(2, 0, 23, 21)",25
1303,conv2d_9,"(2, 1, 18, 11)",4
1304,conv2d_9,"(1, 2, 0, 2)",23
1305,conv2d_9,"(2, 0, 2, 21)",26
1306,conv2d_9,"(1, 2, 0, 22)",20
1307,conv2d_9,"(1, 2, 2, 6)",14
1308,conv2d_9,"(2, 1, 6, 22)",14
1309,conv2d_9,"(1, 1, 15, 6)",22
1310,conv2d_9,"(0, 1, 12, 0)",26
1311,conv2d_9,"(0, 2, 28, 21)",27
1312,conv2d_9,"(2, 2, 25, 25)",2
1313,conv2d_9,"(1, 0, 25, 12)",13
1314,conv2d_9,"(0, 0, 24, 16)",18
1315,conv2d_9,"(1, 1, 22, 20)",17
1316,conv2d_9,"(2, 2, 15, 1)",29
1317,conv2d_9,"(1, 0, 30, 28)",27
1318,conv2d_9,"(2, 1, 23, 11)",3
1319,conv2d_9,"(1, 0, 23, 18)",28
1320,conv2d_9,"(2, 1, 30, 30)",19
1321,conv2d_9,"(0, 2, 13, 27)",21
1322,conv2d_9,"(0, 0, 4, 26)",22
1323,conv2d_9,"(2, 1, 9, 25)",1
1324,conv2d_9,"(0, 2, 6, 3)",2
1325,conv2d_9,"(0, 2, 12, 31)",10
1326,conv2d_9,"(2, 2, 16, 4)",26
1327,conv2d_9,"(2, 1, 5, 0)",4
1328,conv2d_9,"(0, 2, 14, 15)",5
1329,conv2d_9,"(1, 0, 5, 10)",13
1330,conv2d_9,"(1, 1, 17, 13)",6
1331,conv2d_9,"(1, 2, 19, 5)",5
1332,conv2d_9,"(0, 1, 0, 0)",9
1333,conv2d_9,"(1, 1, 27, 21)",8
1334,conv2d_9,"(1, 1, 29, 12)",3
1335,conv2d_9,"(2, 1, 15, 28)",18
1336,conv2d_9,"(1, 1, 3, 10)",16
1337,conv2d_9,"(2, 0, 5, 0)",25
1338,conv2d_9,"(0, 1, 7, 21)",7
1339,conv2d_9,"(0, 1, 29, 13)",13
1340,conv2d_9,"(1, 2, 21, 8)",15
1341,conv2d_9,"(2, 0, 21, 25)",29
1342,conv2d_9,"(0, 1, 17, 19)",5
1343,conv2d_9,"(1, 1, 29, 18)",20
1344,conv2d_9,"(1, 0, 24, 20)",7
1345,conv2d_9,"(0, 2, 21, 27)",5
1346,conv2d_9,"(0, 1, 22, 8)",29
1347,conv2d_9,"(0, 1, 30, 24)",5
1348,conv2d_9,"(2, 1, 22, 6)",17
1349,conv2d_9,"(2, 0, 7, 15)",20
1350,conv2d_9,"(2, 2, 8, 13)",0
1351,conv2d_9,"(2, 1, 5, 30)",2
1352,conv2d_9,"(1, 2, 11, 22)",19
1353,conv2d_9,"(1, 2, 13, 5)",29
1354,conv2d_9,"(2, 0, 4, 20)",19
1355,conv2d_9,"(1, 0, 25, 7)",15
1356,conv2d_9,"(0, 0, 20, 2)",3
1357,conv2d_9,"(1, 0, 10, 26)",23
1358,conv2d_9,"(2, 0, 18, 20)",7
1359,conv2d_9,"(2, 2, 20, 2)",28
1360,conv2d_9,"(0, 1, 16, 5)",16
1361,conv2d_9,"(2, 1, 7, 16)",7
1362,conv2d_9,"(0, 0, 27, 29)",17
1363,conv2d_9,"(1, 2, 13, 29)",14
1364,conv2d_9,"(1, 1, 19, 30)",27
1365,conv2d_9,"(1, 0, 15, 20)",31
1366,conv2d_9,"(0, 0, 29, 0)",17
1367,conv2d_9,"(2, 1, 16, 21)",22
1368,conv2d_9,"(2, 0, 5, 28)",31
1369,conv2d_9,"(1, 2, 16, 5)",3
1370,conv2d_9,"(2, 0, 7, 21)",15
1371,conv2d_9,"(1, 0, 6, 3)",7
1372,conv2d_9,"(1, 1, 25, 26)",4
1373,conv2d_9,"(1, 1, 0, 27)",25
1374,conv2d_9,"(0, 0, 6, 27)",22
1375,conv2d_9,"(1, 2, 21, 22)",4
1376,conv2d_9,"(0, 0, 29, 15)",8
1377,conv2d_9,"(2, 1, 3, 14)",18
1378,conv2d_9,"(0, 2, 4, 27)",31
1379,conv2d_9,"(1, 0, 8, 5)",22
1380,conv2d_9,"(1, 0, 5, 1)",4
1381,conv2d_9,"(0, 1, 4, 31)",18
1382,conv2d_9,"(2, 0, 19, 13)",20
1383,conv2d_9,"(1, 0, 16, 13)",14
1384,conv2d_9,"(0, 2, 29, 5)",4
1385,conv2d_9,"(0, 2, 20, 6)",1
1386,conv2d_9,"(1, 2, 14, 21)",13
1387,conv2d_9,"(0, 1, 12, 15)",9
1388,conv2d_9,"(2, 0, 12, 18)",26
1389,conv2d_9,"(2, 1, 20, 0)",19
1390,conv2d_9,"(2, 2, 3, 17)",30
1391,conv2d_9,"(0, 0, 15, 16)",20
1392,conv2d_9,"(2, 1, 7, 10)",22
1393,conv2d_10,"(2, 0, 26, 2)",16
1394,conv2d_10,"(1, 0, 15, 6)",12
1395,conv2d_10,"(1, 1, 7, 14)",21
1396,conv2d_10,"(2, 2, 22, 5)",2
1397,conv2d_10,"(0, 0, 16, 5)",17
1398,conv2d_10,"(2, 0, 15, 2)",19
1399,conv2d_10,"(2, 0, 30, 13)",18
1400,conv2d_10,"(1, 0, 19, 3)",26
1401,conv2d_10,"(2, 1, 26, 29)",1
1402,conv2d_10,"(1, 1, 22, 3)",26
1403,conv2d_10,"(1, 1, 8, 15)",22
1404,conv2d_10,"(2, 0, 3, 28)",22
1405,conv2d_10,"(1, 2, 26, 6)",24
1406,conv2d_10,"(1, 1, 22, 10)",21
1407,conv2d_10,"(2, 1, 23, 21)",13
1408,conv2d_10,"(2, 2, 30, 19)",14
1409,conv2d_10,"(1, 2, 24, 9)",0
1410,conv2d_10,"(1, 2, 5, 20)",14
1411,conv2d_10,"(1, 2, 4, 30)",30
1412,conv2d_10,"(2, 2, 1, 21)",29
1413,conv2d_10,"(0, 2, 28, 23)",12
1414,conv2d_10,"(2, 0, 0, 14)",5
1415,conv2d_10,"(0, 0, 28, 23)",5
1416,conv2d_10,"(1, 0, 26, 22)",7
1417,conv2d_10,"(2, 1, 25, 22)",29
1418,conv2d_10,"(2, 2, 8, 2)",11
1419,conv2d_10,"(1, 2, 7, 13)",11
1420,conv2d_10,"(0, 0, 12, 11)",0
1421,conv2d_10,"(2, 1, 29, 28)",12
1422,conv2d_10,"(2, 1, 24, 18)",2
1423,conv2d_10,"(0, 2, 0, 9)",12
1424,conv2d_10,"(1, 0, 25, 0)",11
1425,conv2d_10,"(1, 1, 3, 16)",18
1426,conv2d_10,"(0, 1, 4, 3)",14
1427,conv2d_10,"(1, 1, 31, 28)",11
1428,conv2d_10,"(1, 0, 14, 10)",24
1429,conv2d_10,"(0, 1, 24, 4)",22
1430,conv2d_10,"(1, 1, 24, 15)",29
1431,conv2d_10,"(2, 2, 5, 25)",16
1432,conv2d_10,"(1, 0, 1, 13)",26
1433,conv2d_10,"(2, 0, 10, 27)",19
1434,conv2d_10,"(2, 1, 19, 16)",1
1435,conv2d_10,"(1, 2, 15, 31)",0
1436,conv2d_10,"(1, 2, 29, 20)",26
1437,conv2d_10,"(0, 2, 11, 3)",4
1438,conv2d_10,"(1, 1, 29, 27)",9
1439,conv2d_10,"(0, 2, 16, 13)",11
1440,conv2d_10,"(1, 0, 9, 2)",17
1441,conv2d_10,"(1, 1, 20, 25)",18
1442,conv2d_10,"(2, 0, 21, 5)",15
1443,conv2d_10,"(0, 1, 25, 25)",9
1444,conv2d_10,"(1, 0, 3, 20)",21
1445,conv2d_10,"(1, 0, 21, 4)",17
1446,conv2d_10,"(0, 1, 6, 10)",20
1447,conv2d_10,"(0, 1, 13, 21)",27
1448,conv2d_10,"(2, 2, 31, 20)",8
1449,conv2d_10,"(0, 1, 1, 8)",22
1450,conv2d_10,"(1, 0, 22, 13)",0
1451,conv2d_10,"(2, 2, 2, 1)",4
1452,conv2d_10,"(0, 1, 11, 28)",23
1453,conv2d_10,"(2, 1, 25, 20)",15
1454,conv2d_10,"(1, 0, 16, 11)",8
1455,conv2d_10,"(0, 0, 15, 2)",12
1456,conv2d_10,"(2, 1, 18, 21)",8
1457,conv2d_10,"(2, 1, 1, 16)",3
1458,conv2d_10,"(0, 0, 20, 19)",5
1459,conv2d_10,"(1, 1, 30, 2)",28
1460,conv2d_10,"(2, 2, 20, 13)",26
1461,conv2d_10,"(1, 1, 11, 30)",16
1462,conv2d_10,"(0, 1, 19, 8)",23
1463,conv2d_10,"(2, 2, 16, 22)",18
1464,conv2d_10,"(0, 2, 5, 17)",6
1465,conv2d_10,"(0, 1, 18, 31)",7
1466,conv2d_10,"(2, 0, 28, 31)",19
1467,conv2d_10,"(1, 0, 20, 8)",11
1468,conv2d_10,"(1, 0, 28, 18)",10
1469,conv2d_10,"(2, 0, 9, 5)",23
1470,conv2d_10,"(1, 2, 27, 1)",25
1471,conv2d_10,"(0, 0, 21, 1)",8
1472,conv2d_10,"(0, 2, 17, 1)",19
1473,conv2d_10,"(0, 0, 19, 17)",10
1474,conv2d_10,"(0, 1, 26, 7)",3
1475,conv2d_10,"(2, 1, 21, 25)",3
1476,conv2d_10,"(2, 0, 20, 31)",27
1477,conv2d_10,"(1, 1, 12, 5)",7
1478,conv2d_10,"(1, 1, 19, 26)",22
1479,conv2d_10,"(2, 0, 12, 18)",20
1480,conv2d_10,"(0, 0, 30, 2)",23
1481,conv2d_10,"(1, 0, 1, 3)",24
1482,conv2d_10,"(2, 1, 6, 2)",10
1483,conv2d_10,"(1, 0, 6, 15)",18
1484,conv2d_10,"(0, 1, 20, 13)",11
1485,conv2d_10,"(2, 0, 13, 24)",13
1486,conv2d_10,"(2, 0, 26, 26)",4
1487,conv2d_10,"(1, 0, 8, 13)",1
1488,conv2d_10,"(0, 1, 3, 20)",0
1489,conv2d_10,"(1, 1, 13, 22)",21
1490,conv2d_10,"(0, 2, 29, 30)",31
1491,conv2d_10,"(0, 0, 17, 13)",24
1492,conv2d_10,"(1, 2, 30, 15)",17
1493,conv2d_10,"(0, 2, 17, 11)",9
1494,conv2d_10,"(0, 1, 4, 28)",13
1495,conv2d_10,"(1, 2, 18, 19)",1
1496,conv2d_10,"(2, 0, 11, 30)",12
1497,conv2d_10,"(1, 0, 2, 6)",7
1498,conv2d_10,"(1, 0, 13, 20)",28
1499,conv2d_10,"(2, 1, 11, 19)",21
1500,conv2d_10,"(0, 1, 5, 23)",25
1501,conv2d_10,"(0, 1, 31, 20)",26
1502,conv2d_10,"(0, 2, 21, 13)",23
1503,conv2d_10,"(1, 2, 27, 28)",20
1504,conv2d_10,"(2, 0, 9, 6)",8
1505,conv2d_10,"(0, 1, 21, 2)",9
1506,conv2d_10,"(0, 1, 27, 27)",5
1507,conv2d_10,"(0, 2, 5, 26)",27
1508,conv2d_10,"(2, 1, 7, 4)",20
1509,conv2d_10,"(1, 2, 21, 4)",17
1510,conv2d_10,"(2, 0, 28, 24)",8
1511,conv2d_10,"(0, 1, 13, 28)",9
1512,conv2d_10,"(0, 2, 17, 15)",3
1513,conv2d_10,"(1, 0, 27, 30)",5
1514,conv2d_10,"(0, 2, 9, 2)",9
1515,conv2d_10,"(1, 1, 11, 31)",2
1516,conv2d_10,"(1, 2, 0, 14)",14
1517,conv2d_10,"(2, 0, 11, 19)",11
1518,conv2d_10,"(1, 1, 26, 26)",3
1519,conv2d_10,"(0, 0, 4, 24)",19
1520,conv2d_10,"(1, 0, 8, 12)",7
1521,conv2d_10,"(1, 0, 25, 13)",15
1522,conv2d_10,"(1, 0, 18, 28)",20
1523,conv2d_10,"(2, 1, 14, 6)",25
1524,conv2d_10,"(2, 1, 19, 2)",31
1525,conv2d_10,"(2, 2, 8, 23)",0
1526,conv2d_10,"(2, 2, 6, 30)",10
1527,conv2d_10,"(1, 2, 29, 4)",1
1528,conv2d_10,"(0, 1, 3, 8)",13
1529,conv2d_10,"(0, 2, 30, 2)",28
1530,conv2d_10,"(2, 1, 24, 3)",22
1531,conv2d_10,"(0, 0, 3, 8)",22
1532,conv2d_10,"(0, 0, 28, 11)",13
1533,conv2d_10,"(2, 0, 8, 21)",2
1534,conv2d_10,"(2, 0, 17, 18)",20
1535,conv2d_10,"(1, 2, 0, 11)",16
1536,conv2d_10,"(0, 0, 26, 31)",24
1537,conv2d_10,"(0, 1, 18, 10)",25
1538,conv2d_10,"(1, 0, 4, 6)",20
1539,conv2d_10,"(1, 2, 26, 4)",7
1540,conv2d_10,"(2, 0, 21, 0)",14
1541,conv2d_10,"(0, 2, 12, 21)",5
1542,conv2d_10,"(2, 0, 5, 19)",17
1543,conv2d_10,"(2, 1, 10, 24)",21
1544,conv2d_10,"(1, 0, 17, 8)",23
1545,conv2d_10,"(0, 0, 19, 23)",3
1546,conv2d_10,"(0, 0, 19, 25)",8
1547,conv2d_10,"(2, 0, 31, 13)",17
1548,conv2d_10,"(0, 0, 29, 13)",12
1549,conv2d_10,"(0, 0, 26, 28)",5
1550,conv2d_10,"(2, 2, 19, 0)",19
1551,conv2d_10,"(0, 2, 20, 6)",4
1552,conv2d_10,"(1, 2, 24, 12)",1
1553,conv2d_10,"(2, 0, 6, 16)",0
1554,conv2d_10,"(1, 1, 30, 18)",7
1555,conv2d_10,"(1, 1, 5, 18)",8
1556,conv2d_10,"(0, 1, 31, 27)",21
1557,conv2d_10,"(2, 2, 18, 24)",22
1558,conv2d_10,"(0, 0, 22, 7)",18
1559,conv2d_10,"(2, 2, 20, 22)",16
1560,conv2d_10,"(1, 0, 7, 10)",14
1561,conv2d_10,"(1, 0, 0, 8)",3
1562,conv2d_10,"(0, 2, 11, 2)",17
1563,conv2d_10,"(0, 1, 4, 18)",24
1564,conv2d_10,"(0, 0, 19, 5)",4
1565,conv2d_10,"(0, 0, 9, 1)",11
1566,conv2d_10,"(1, 1, 12, 3)",2
1567,conv2d_10,"(2, 0, 19, 16)",2
1568,conv2d_10,"(0, 1, 23, 30)",31
1569,conv2d_10,"(0, 2, 12, 24)",20
1570,conv2d_10,"(0, 2, 13, 3)",24
1571,conv2d_10,"(1, 1, 2, 20)",1
1572,conv2d_10,"(2, 0, 18, 1)",5
1573,conv2d_10,"(2, 1, 13, 19)",19
1574,conv2d_10,"(0, 2, 28, 17)",5
1575,conv2d_10,"(2, 2, 7, 6)",4
1576,conv2d_10,"(2, 0, 31, 3)",12
1577,conv2d_10,"(0, 0, 21, 18)",2
1578,conv2d_10,"(0, 1, 15, 6)",12
1579,conv2d_10,"(2, 1, 24, 14)",19
1580,conv2d_10,"(1, 2, 2, 8)",20
1581,conv2d_10,"(1, 1, 31, 22)",27
1582,conv2d_10,"(1, 2, 26, 23)",23
1583,conv2d_10,"(0, 1, 12, 18)",29
1584,conv2d_10,"(2, 1, 25, 10)",1
1585,conv2d_10,"(0, 0, 1, 0)",0
1586,conv2d_10,"(1, 0, 14, 4)",30
1587,conv2d_10,"(2, 2, 24, 24)",26
1588,conv2d_10,"(0, 0, 23, 17)",16
1589,conv2d_10,"(0, 1, 21, 1)",3
1590,conv2d_10,"(1, 1, 20, 30)",27
1591,conv2d_10,"(0, 2, 12, 18)",10
1592,conv2d_10,"(0, 0, 0, 0)",8
1593,conv2d_10,"(1, 0, 24, 30)",22
1594,conv2d_10,"(1, 2, 23, 8)",15
1595,conv2d_10,"(1, 1, 6, 3)",9
1596,conv2d_10,"(1, 0, 13, 22)",30
1597,conv2d_10,"(2, 0, 7, 9)",19
1598,conv2d_10,"(0, 0, 20, 3)",21
1599,conv2d_10,"(0, 1, 0, 15)",8
1600,conv2d_10,"(0, 1, 18, 22)",1
1601,conv2d_10,"(0, 2, 18, 10)",10
1602,conv2d_10,"(0, 0, 8, 23)",27
1603,conv2d_10,"(2, 2, 8, 8)",29
1604,conv2d_10,"(2, 1, 30, 21)",6
1605,conv2d_10,"(0, 2, 19, 5)",27
1606,conv2d_10,"(2, 1, 30, 7)",27
1607,conv2d_10,"(0, 1, 27, 20)",30
1608,conv2d_10,"(2, 1, 16, 2)",30
1609,conv2d_10,"(1, 1, 23, 14)",9
1610,conv2d_10,"(1, 1, 11, 27)",11
1611,conv2d_10,"(2, 1, 21, 27)",0
1612,conv2d_10,"(2, 0, 12, 1)",1
1613,conv2d_10,"(2, 0, 31, 12)",25
1614,conv2d_10,"(1, 0, 19, 8)",17
1615,conv2d_10,"(2, 1, 13, 12)",0
1616,conv2d_10,"(0, 1, 22, 26)",25
1617,conv2d_10,"(1, 1, 28, 17)",20
1618,conv2d_10,"(2, 2, 13, 4)",3
1619,conv2d_10,"(0, 1, 22, 2)",28
1620,conv2d_10,"(2, 1, 30, 17)",16
1621,conv2d_10,"(0, 2, 20, 14)",30
1622,conv2d_10,"(1, 1, 4, 14)",10
1623,conv2d_10,"(2, 1, 24, 9)",13
1624,conv2d_10,"(0, 1, 20, 15)",12
1625,conv2d_10,"(2, 1, 12, 6)",19
1626,conv2d_10,"(2, 0, 23, 0)",28
1627,conv2d_10,"(1, 0, 12, 5)",11
1628,conv2d_10,"(2, 0, 16, 2)",24
1629,conv2d_10,"(0, 0, 21, 20)",4
1630,conv2d_10,"(1, 2, 15, 20)",1
1631,conv2d_10,"(1, 0, 3, 11)",31
1632,conv2d_10,"(1, 1, 5, 22)",30
1633,conv2d_10,"(1, 2, 21, 7)",21
1634,conv2d_10,"(2, 1, 31, 29)",3
1635,conv2d_10,"(0, 1, 17, 18)",11
1636,conv2d_10,"(2, 2, 13, 30)",13
1637,conv2d_10,"(2, 0, 24, 14)",4
1638,conv2d_10,"(2, 0, 6, 3)",28
1639,conv2d_10,"(2, 2, 25, 26)",6
1640,conv2d_10,"(0, 1, 5, 21)",21
1641,conv2d_10,"(2, 2, 16, 4)",17
1642,conv2d_10,"(1, 0, 10, 4)",14
1643,conv2d_10,"(0, 0, 3, 24)",19
1644,conv2d_10,"(0, 2, 16, 2)",30
1645,conv2d_10,"(0, 0, 15, 10)",29
1646,conv2d_10,"(0, 2, 21, 11)",13
1647,conv2d_10,"(2, 2, 14, 16)",29
1648,conv2d_10,"(2, 1, 0, 24)",28
1649,conv2d_10,"(0, 2, 12, 20)",27
1650,conv2d_10,"(0, 0, 27, 2)",8
1651,conv2d_10,"(1, 1, 18, 29)",19
1652,conv2d_10,"(1, 1, 8, 29)",29
1653,conv2d_10,"(2, 0, 16, 18)",25
1654,conv2d_10,"(0, 1, 6, 2)",4
1655,conv2d_10,"(2, 0, 27, 14)",21
1656,conv2d_10,"(0, 2, 2, 17)",9
1657,conv2d_10,"(1, 0, 9, 8)",3
1658,conv2d_10,"(0, 2, 13, 31)",18
1659,conv2d_10,"(1, 0, 30, 13)",29
1660,conv2d_10,"(0, 0, 4, 14)",26
1661,conv2d_10,"(1, 1, 13, 24)",17
1662,conv2d_10,"(2, 0, 12, 28)",3
1663,conv2d_10,"(1, 1, 23, 8)",6
1664,conv2d_10,"(1, 1, 13, 21)",12
1665,conv2d_10,"(0, 0, 28, 18)",11
1666,conv2d_10,"(0, 0, 24, 4)",16
1667,conv2d_10,"(0, 2, 18, 2)",13
1668,conv2d_10,"(0, 1, 19, 13)",17
1669,conv2d_10,"(1, 1, 16, 18)",4
1670,conv2d_10,"(0, 1, 27, 26)",0
1671,conv2d_10,"(2, 1, 11, 30)",31
1672,conv2d_10,"(2, 0, 10, 17)",15
1673,conv2d_10,"(0, 0, 15, 31)",0
1674,conv2d_10,"(2, 2, 9, 2)",20
1675,conv2d_10,"(2, 1, 24, 26)",21
1676,conv2d_10,"(1, 2, 27, 18)",18
1677,conv2d_10,"(2, 0, 7, 26)",12
1678,conv2d_10,"(0, 1, 26, 0)",18
1679,conv2d_10,"(1, 0, 24, 25)",1
1680,conv2d_10,"(2, 1, 0, 27)",13
1681,conv2d_10,"(0, 1, 26, 31)",17
1682,conv2d_10,"(2, 1, 21, 22)",7
1683,conv2d_10,"(2, 1, 22, 20)",30
1684,conv2d_10,"(0, 2, 9, 19)",8
1685,conv2d_10,"(2, 2, 5, 8)",13
1686,conv2d_10,"(2, 1, 13, 18)",9
1687,conv2d_10,"(2, 1, 13, 11)",9
1688,conv2d_10,"(0, 1, 9, 13)",25
1689,conv2d_10,"(0, 1, 21, 4)",27
1690,conv2d_10,"(2, 2, 6, 0)",1
1691,conv2d_10,"(1, 2, 21, 5)",28
1692,conv2d_10,"(1, 0, 9, 28)",0
1693,conv2d_10,"(1, 1, 19, 14)",10
1694,conv2d_10,"(0, 0, 14, 11)",30
1695,conv2d_10,"(2, 2, 31, 8)",4
1696,conv2d_10,"(2, 2, 9, 4)",10
1697,conv2d_10,"(0, 1, 31, 19)",20
1698,conv2d_10,"(0, 0, 21, 30)",22
1699,conv2d_10,"(1, 2, 14, 27)",24
1700,conv2d_10,"(0, 2, 17, 28)",17
1701,conv2d_10,"(1, 1, 6, 11)",12
1702,conv2d_10,"(0, 2, 19, 6)",20
1703,conv2d_10,"(2, 0, 2, 11)",9
1704,conv2d_10,"(0, 0, 28, 7)",26
1705,conv2d_10,"(1, 1, 12, 20)",25
1706,conv2d_10,"(0, 2, 13, 30)",4
1707,conv2d_10,"(0, 0, 6, 29)",2
1708,conv2d_10,"(0, 1, 7, 23)",19
1709,conv2d_10,"(0, 1, 26, 27)",26
1710,conv2d_10,"(1, 1, 27, 28)",2
1711,conv2d_10,"(1, 2, 0, 10)",7
1712,conv2d_10,"(1, 2, 21, 11)",6
1713,conv2d_10,"(0, 0, 25, 4)",27
1714,conv2d_10,"(2, 2, 25, 15)",24
1715,conv2d_10,"(0, 1, 22, 19)",27
1716,conv2d_10,"(0, 1, 1, 5)",10
1717,conv2d_10,"(1, 1, 30, 16)",23
1718,conv2d_10,"(0, 2, 27, 21)",5
1719,conv2d_10,"(0, 0, 23, 6)",11
1720,conv2d_10,"(1, 1, 5, 21)",6
1721,conv2d_10,"(0, 2, 30, 5)",10
1722,conv2d_10,"(0, 1, 19, 15)",18
1723,conv2d_10,"(1, 0, 7, 26)",9
1724,conv2d_10,"(2, 1, 13, 28)",24
1725,conv2d_10,"(1, 1, 0, 15)",1
1726,conv2d_10,"(0, 1, 21, 30)",1
1727,conv2d_10,"(2, 1, 3, 20)",12
1728,conv2d_10,"(1, 0, 21, 2)",10
1729,conv2d_10,"(2, 2, 6, 18)",2
1730,conv2d_10,"(1, 1, 4, 19)",24
1731,conv2d_10,"(0, 2, 0, 5)",11
1732,conv2d_10,"(0, 1, 25, 8)",18
1733,conv2d_10,"(1, 0, 12, 20)",31
1734,conv2d_10,"(1, 0, 16, 15)",28
1735,conv2d_10,"(1, 2, 26, 13)",22
1736,conv2d_10,"(1, 2, 13, 14)",5
1737,conv2d_11,"(1, 2, 26, 19)",19
1738,conv2d_11,"(2, 1, 5, 15)",22
1739,conv2d_11,"(0, 2, 7, 18)",5
1740,conv2d_11,"(1, 1, 3, 18)",29
1741,conv2d_11,"(0, 1, 1, 29)",2
1742,conv2d_11,"(2, 2, 5, 0)",25
1743,conv2d_11,"(2, 2, 1, 24)",9
1744,conv2d_11,"(2, 0, 0, 31)",30
1745,conv2d_11,"(1, 2, 3, 1)",25
1746,conv2d_11,"(1, 1, 17, 31)",22
1747,conv2d_11,"(2, 0, 26, 12)",18
1748,conv2d_11,"(1, 2, 21, 24)",25
1749,conv2d_11,"(2, 2, 21, 25)",16
1750,conv2d_11,"(1, 2, 17, 16)",16
1751,conv2d_11,"(2, 1, 1, 26)",16
1752,conv2d_11,"(0, 1, 12, 11)",10
1753,conv2d_11,"(2, 2, 8, 1)",30
1754,conv2d_11,"(2, 2, 20, 6)",17
1755,conv2d_11,"(0, 0, 11, 21)",28
1756,conv2d_11,"(0, 1, 14, 3)",4
1757,conv2d_11,"(1, 1, 13, 9)",6
1758,conv2d_11,"(0, 0, 6, 12)",12
1759,conv2d_11,"(1, 0, 3, 14)",17
1760,conv2d_11,"(2, 0, 25, 19)",31
1761,conv2d_11,"(0, 1, 7, 23)",7
1762,conv2d_11,"(2, 0, 9, 1)",9
1763,conv2d_11,"(2, 0, 27, 25)",7
1764,conv2d_11,"(0, 2, 27, 20)",15
1765,conv2d_11,"(1, 1, 26, 19)",24
1766,conv2d_11,"(1, 0, 22, 27)",3
1767,conv2d_11,"(2, 2, 6, 18)",24
1768,conv2d_11,"(0, 2, 20, 7)",10
1769,conv2d_11,"(0, 1, 18, 8)",28
1770,conv2d_11,"(0, 0, 26, 1)",9
1771,conv2d_11,"(2, 2, 26, 22)",27
1772,conv2d_11,"(0, 0, 9, 16)",16
1773,conv2d_11,"(1, 2, 27, 15)",26
1774,conv2d_11,"(2, 1, 8, 2)",6
1775,conv2d_11,"(2, 1, 8, 9)",12
1776,conv2d_11,"(1, 1, 13, 24)",11
1777,conv2d_11,"(2, 0, 22, 31)",18
1778,conv2d_11,"(2, 2, 19, 10)",27
1779,conv2d_11,"(2, 2, 25, 16)",31
1780,conv2d_11,"(1, 2, 27, 2)",12
1781,conv2d_11,"(2, 0, 29, 19)",31
1782,conv2d_11,"(1, 2, 25, 22)",31
1783,conv2d_11,"(0, 2, 23, 27)",29
1784,conv2d_11,"(2, 2, 30, 16)",22
1785,conv2d_11,"(2, 2, 24, 31)",15
1786,conv2d_11,"(0, 1, 13, 3)",14
1787,conv2d_11,"(0, 1, 28, 17)",28
1788,conv2d_11,"(1, 1, 22, 19)",5
1789,conv2d_11,"(2, 0, 4, 12)",8
1790,conv2d_11,"(1, 0, 11, 20)",9
1791,conv2d_11,"(0, 0, 27, 2)",14
1792,conv2d_11,"(1, 1, 26, 6)",30
1793,conv2d_11,"(1, 2, 15, 17)",19
1794,conv2d_11,"(0, 2, 17, 1)",1
1795,conv2d_11,"(0, 0, 11, 1)",23
1796,conv2d_11,"(1, 1, 1, 7)",24
1797,conv2d_11,"(2, 1, 5, 31)",8
1798,conv2d_11,"(1, 1, 7, 8)",30
1799,conv2d_11,"(0, 1, 10, 30)",11
1800,conv2d_11,"(0, 2, 1, 16)",9
1801,conv2d_11,"(0, 1, 1, 19)",25
1802,conv2d_11,"(1, 1, 9, 14)",20
1803,conv2d_11,"(0, 2, 27, 16)",0
1804,conv2d_11,"(2, 1, 22, 5)",15
1805,conv2d_11,"(1, 0, 12, 27)",17
1806,conv2d_11,"(1, 1, 14, 20)",14
1807,conv2d_11,"(2, 0, 21, 5)",26
1808,conv2d_11,"(2, 1, 22, 30)",24
1809,conv2d_11,"(1, 2, 29, 19)",16
1810,conv2d_11,"(1, 2, 31, 3)",23
1811,conv2d_11,"(1, 0, 5, 8)",0
1812,conv2d_11,"(1, 0, 11, 22)",26
1813,conv2d_11,"(0, 0, 19, 7)",23
1814,conv2d_11,"(1, 1, 28, 30)",11
1815,conv2d_11,"(2, 2, 26, 23)",26
1816,conv2d_11,"(1, 2, 31, 31)",18
1817,conv2d_11,"(0, 0, 1, 3)",18
1818,conv2d_11,"(1, 2, 22, 27)",21
1819,conv2d_11,"(0, 2, 30, 2)",7
1820,conv2d_11,"(0, 1, 27, 31)",28
1821,conv2d_11,"(1, 2, 11, 10)",15
1822,conv2d_11,"(2, 2, 18, 17)",4
1823,conv2d_11,"(2, 0, 3, 16)",4
1824,conv2d_11,"(2, 0, 18, 31)",14
1825,conv2d_11,"(1, 2, 12, 18)",1
1826,conv2d_11,"(0, 2, 25, 9)",23
1827,conv2d_11,"(0, 2, 22, 13)",27
1828,conv2d_11,"(0, 2, 1, 21)",3
1829,conv2d_11,"(0, 0, 24, 10)",5
1830,conv2d_11,"(1, 0, 24, 24)",15
1831,conv2d_11,"(0, 0, 2, 0)",0
1832,conv2d_11,"(2, 0, 30, 23)",0
1833,conv2d_11,"(1, 0, 29, 13)",19
1834,conv2d_11,"(2, 2, 11, 28)",26
1835,conv2d_11,"(1, 1, 27, 6)",12
1836,conv2d_11,"(0, 0, 25, 6)",16
1837,conv2d_11,"(1, 2, 25, 0)",28
1838,conv2d_11,"(1, 1, 27, 23)",11
1839,conv2d_11,"(1, 0, 5, 6)",14
1840,conv2d_11,"(0, 2, 22, 11)",30
1841,conv2d_11,"(1, 1, 31, 21)",5
1842,conv2d_11,"(0, 0, 23, 25)",0
1843,conv2d_11,"(2, 1, 4, 8)",16
1844,conv2d_11,"(0, 0, 13, 26)",16
1845,conv2d_11,"(2, 2, 22, 23)",3
1846,conv2d_11,"(1, 0, 14, 0)",21
1847,conv2d_11,"(1, 2, 29, 31)",4
1848,conv2d_11,"(2, 1, 6, 15)",0
1849,conv2d_11,"(1, 2, 24, 28)",11
1850,conv2d_11,"(1, 0, 2, 12)",11
1851,conv2d_11,"(0, 0, 29, 5)",3
1852,conv2d_11,"(1, 0, 26, 25)",27
1853,conv2d_11,"(0, 2, 6, 26)",21
1854,conv2d_11,"(0, 0, 27, 9)",7
1855,conv2d_11,"(0, 0, 11, 12)",29
1856,conv2d_11,"(0, 0, 18, 6)",14
1857,conv2d_11,"(1, 0, 15, 3)",21
1858,conv2d_11,"(2, 0, 17, 5)",22
1859,conv2d_11,"(1, 0, 8, 19)",29
1860,conv2d_11,"(1, 2, 7, 26)",24
1861,conv2d_11,"(0, 0, 16, 31)",12
1862,conv2d_11,"(2, 0, 15, 18)",22
1863,conv2d_11,"(1, 1, 8, 21)",12
1864,conv2d_11,"(2, 0, 24, 22)",0
1865,conv2d_11,"(1, 2, 7, 9)",23
1866,conv2d_11,"(1, 2, 31, 27)",20
1867,conv2d_11,"(2, 0, 4, 22)",8
1868,conv2d_11,"(2, 1, 30, 15)",23
1869,conv2d_11,"(0, 0, 19, 8)",6
1870,conv2d_11,"(2, 1, 30, 26)",13
1871,conv2d_11,"(1, 2, 17, 22)",23
1872,conv2d_11,"(1, 2, 4, 2)",31
1873,conv2d_11,"(2, 1, 27, 14)",25
1874,conv2d_11,"(0, 1, 23, 2)",26
1875,conv2d_11,"(0, 2, 10, 31)",0
1876,conv2d_11,"(0, 0, 2, 7)",12
1877,conv2d_11,"(0, 2, 10, 17)",10
1878,conv2d_11,"(0, 0, 16, 29)",23
1879,conv2d_11,"(2, 1, 6, 6)",18
1880,conv2d_11,"(2, 1, 3, 16)",16
1881,conv2d_11,"(1, 0, 28, 26)",20
1882,conv2d_11,"(0, 0, 23, 31)",4
1883,conv2d_11,"(0, 0, 28, 9)",31
1884,conv2d_11,"(0, 2, 25, 31)",31
1885,conv2d_11,"(1, 1, 26, 15)",10
1886,conv2d_11,"(1, 2, 25, 2)",1
1887,conv2d_11,"(2, 2, 11, 26)",5
1888,conv2d_11,"(1, 0, 11, 9)",4
1889,conv2d_11,"(2, 2, 14, 14)",9
1890,conv2d_11,"(2, 2, 26, 7)",22
1891,conv2d_11,"(2, 2, 7, 26)",2
1892,conv2d_11,"(1, 1, 4, 28)",17
1893,conv2d_11,"(0, 0, 26, 28)",3
1894,conv2d_11,"(0, 2, 14, 2)",13
1895,conv2d_11,"(2, 1, 22, 2)",25
1896,conv2d_11,"(0, 1, 24, 22)",4
1897,conv2d_11,"(0, 1, 30, 19)",28
1898,conv2d_11,"(1, 1, 23, 24)",25
1899,conv2d_11,"(0, 2, 12, 20)",6
1900,conv2d_11,"(0, 2, 31, 19)",18
1901,conv2d_11,"(1, 1, 6, 0)",3
1902,conv2d_11,"(2, 0, 12, 13)",3
1903,conv2d_11,"(2, 1, 5, 21)",7
1904,conv2d_11,"(2, 0, 27, 9)",6
1905,conv2d_11,"(0, 1, 23, 15)",5
1906,conv2d_11,"(0, 0, 25, 24)",29
1907,conv2d_11,"(1, 0, 25, 20)",8
1908,conv2d_11,"(2, 2, 9, 19)",28
1909,conv2d_11,"(2, 2, 24, 29)",18
1910,conv2d_11,"(0, 2, 30, 1)",6
1911,conv2d_11,"(1, 0, 13, 6)",18
1912,conv2d_11,"(1, 0, 23, 1)",22
1913,conv2d_11,"(0, 0, 12, 14)",3
1914,conv2d_11,"(0, 1, 12, 5)",28
1915,conv2d_11,"(1, 2, 31, 13)",28
1916,conv2d_11,"(0, 2, 2, 28)",24
1917,conv2d_11,"(2, 0, 4, 3)",23
1918,conv2d_11,"(2, 1, 11, 4)",11
1919,conv2d_11,"(0, 1, 5, 21)",26
1920,conv2d_11,"(0, 2, 31, 31)",21
1921,conv2d_11,"(0, 0, 27, 16)",6
1922,conv2d_11,"(0, 0, 29, 31)",22
1923,conv2d_11,"(0, 1, 7, 31)",12
1924,conv2d_11,"(0, 0, 20, 25)",21
1925,conv2d_11,"(1, 1, 16, 24)",4
1926,conv2d_11,"(0, 2, 15, 31)",3
1927,conv2d_11,"(0, 0, 22, 7)",0
1928,conv2d_11,"(1, 0, 2, 25)",9
1929,conv2d_11,"(1, 2, 19, 11)",10
1930,conv2d_11,"(0, 1, 2, 3)",16
1931,conv2d_11,"(2, 0, 26, 11)",6
1932,conv2d_11,"(0, 1, 28, 19)",10
1933,conv2d_11,"(1, 0, 29, 17)",12
1934,conv2d_11,"(1, 2, 15, 11)",3
1935,conv2d_11,"(2, 2, 17, 18)",10
1936,conv2d_11,"(2, 1, 18, 0)",5
1937,conv2d_11,"(1, 0, 9, 31)",8
1938,conv2d_11,"(1, 0, 10, 17)",19
1939,conv2d_11,"(1, 2, 12, 20)",0
1940,conv2d_11,"(1, 1, 25, 5)",11
1941,conv2d_11,"(2, 1, 10, 13)",28
1942,conv2d_11,"(0, 2, 15, 26)",20
1943,conv2d_11,"(2, 1, 13, 17)",25
1944,conv2d_11,"(1, 2, 12, 30)",25
1945,conv2d_11,"(1, 0, 30, 6)",7
1946,conv2d_11,"(1, 1, 27, 17)",27
1947,conv2d_11,"(0, 2, 13, 12)",11
1948,conv2d_11,"(1, 2, 20, 20)",16
1949,conv2d_11,"(2, 1, 24, 13)",17
1950,conv2d_11,"(2, 0, 2, 27)",19
1951,conv2d_11,"(2, 2, 6, 1)",5
1952,conv2d_11,"(1, 2, 0, 5)",27
1953,conv2d_11,"(1, 1, 8, 8)",29
1954,conv2d_11,"(1, 1, 15, 2)",23
1955,conv2d_11,"(2, 1, 12, 22)",12
1956,conv2d_11,"(1, 1, 10, 20)",21
1957,conv2d_11,"(2, 0, 2, 16)",12
1958,conv2d_11,"(2, 0, 20, 31)",21
1959,conv2d_11,"(0, 1, 19, 1)",22
1960,conv2d_11,"(0, 0, 0, 0)",6
1961,conv2d_11,"(0, 2, 19, 14)",26
1962,conv2d_11,"(1, 1, 3, 13)",6
1963,conv2d_11,"(1, 0, 27, 29)",6
1964,conv2d_11,"(0, 1, 18, 3)",10
1965,conv2d_11,"(1, 1, 24, 18)",15
1966,conv2d_11,"(0, 1, 3, 6)",26
1967,conv2d_11,"(2, 2, 28, 1)",29
1968,conv2d_11,"(0, 1, 6, 26)",7
1969,conv2d_11,"(2, 0, 4, 15)",3
1970,conv2d_11,"(0, 2, 17, 29)",17
1971,conv2d_11,"(2, 1, 30, 16)",30
1972,conv2d_11,"(0, 2, 26, 10)",3
1973,conv2d_11,"(2, 0, 3, 7)",4
1974,conv2d_11,"(0, 2, 6, 2)",2
1975,conv2d_11,"(1, 1, 17, 14)",19
1976,conv2d_11,"(2, 1, 14, 25)",31
1977,conv2d_11,"(0, 1, 9, 3)",15
1978,conv2d_11,"(2, 1, 1, 10)",4
1979,conv2d_11,"(1, 2, 1, 20)",14
1980,conv2d_11,"(0, 1, 31, 31)",20
1981,conv2d_11,"(2, 1, 20, 9)",5
1982,conv2d_11,"(1, 1, 1, 4)",16
1983,conv2d_11,"(2, 2, 0, 13)",1
1984,conv2d_11,"(2, 0, 23, 2)",29
1985,conv2d_11,"(2, 0, 20, 14)",31
1986,conv2d_11,"(0, 1, 24, 18)",18
1987,conv2d_11,"(1, 0, 20, 13)",19
1988,conv2d_11,"(0, 1, 6, 8)",14
1989,conv2d_11,"(0, 0, 24, 25)",9
1990,conv2d_11,"(2, 0, 27, 18)",4
1991,conv2d_11,"(2, 1, 15, 14)",24
1992,conv2d_11,"(1, 0, 4, 20)",19
1993,conv2d_11,"(0, 2, 19, 15)",22
1994,conv2d_11,"(0, 2, 14, 13)",29
1995,conv2d_11,"(1, 0, 20, 31)",28
1996,conv2d_11,"(0, 2, 8, 3)",31
1997,conv2d_11,"(1, 0, 19, 19)",9
1998,conv2d_11,"(2, 2, 17, 26)",12
1999,conv2d_11,"(2, 0, 16, 22)",11
2000,conv2d_11,"(1, 0, 24, 31)",17
2001,conv2d_11,"(2, 0, 2, 0)",0
2002,conv2d_11,"(2, 2, 9, 26)",13
2003,conv2d_11,"(2, 2, 23, 14)",16
2004,conv2d_11,"(1, 1, 17, 21)",30
2005,conv2d_11,"(2, 2, 11, 23)",10
2006,conv2d_11,"(2, 1, 2, 23)",19
2007,conv2d_11,"(2, 0, 11, 3)",5
2008,conv2d_11,"(0, 2, 31, 12)",8
2009,conv2d_11,"(0, 2, 10, 5)",28
2010,conv2d_11,"(2, 1, 10, 21)",28
2011,conv2d_11,"(0, 2, 25, 24)",24
2012,conv2d_11,"(1, 2, 15, 13)",14
2013,conv2d_11,"(2, 0, 1, 31)",21
2014,conv2d_11,"(2, 1, 9, 2)",8
2015,conv2d_11,"(2, 2, 23, 15)",17
2016,conv2d_11,"(1, 1, 18, 3)",25
2017,conv2d_11,"(1, 0, 7, 23)",8
2018,conv2d_11,"(0, 1, 31, 2)",0
2019,conv2d_11,"(1, 1, 8, 16)",24
2020,conv2d_11,"(1, 0, 20, 27)",19
2021,conv2d_11,"(1, 0, 13, 8)",8
2022,conv2d_11,"(1, 1, 8, 17)",9
2023,conv2d_11,"(1, 0, 31, 29)",5
2024,conv2d_11,"(0, 2, 28, 15)",1
2025,conv2d_11,"(2, 2, 30, 23)",13
2026,conv2d_11,"(2, 2, 10, 30)",2
2027,conv2d_11,"(0, 1, 15, 31)",17
2028,conv2d_11,"(1, 2, 20, 21)",18
2029,conv2d_11,"(2, 2, 24, 1)",30
2030,conv2d_11,"(1, 2, 26, 14)",28
2031,conv2d_11,"(0, 0, 31, 31)",18
2032,conv2d_11,"(2, 2, 20, 18)",20
2033,conv2d_11,"(1, 0, 23, 8)",3
2034,conv2d_11,"(1, 0, 31, 19)",15
2035,conv2d_11,"(2, 0, 19, 12)",5
2036,conv2d_11,"(0, 0, 13, 10)",16
2037,conv2d_11,"(2, 0, 17, 25)",13
2038,conv2d_11,"(0, 1, 24, 11)",7
2039,conv2d_11,"(0, 1, 30, 0)",31
2040,conv2d_11,"(0, 0, 10, 27)",14
2041,conv2d_11,"(2, 1, 1, 27)",30
2042,conv2d_11,"(1, 2, 29, 18)",18
2043,conv2d_11,"(2, 2, 19, 11)",15
2044,conv2d_11,"(2, 0, 4, 0)",30
2045,conv2d_11,"(0, 0, 4, 31)",19
2046,conv2d_11,"(2, 0, 17, 24)",1
2047,conv2d_11,"(0, 1, 29, 2)",31
2048,conv2d_11,"(0, 2, 28, 30)",31
2049,conv2d_11,"(2, 2, 25, 0)",11
2050,conv2d_11,"(0, 2, 22, 8)",28
2051,conv2d_11,"(1, 0, 8, 15)",21
2052,conv2d_11,"(2, 0, 21, 12)",26
2053,conv2d_11,"(2, 0, 7, 13)",23
2054,conv2d_11,"(2, 1, 4, 24)",3
2055,conv2d_11,"(2, 0, 22, 25)",15
2056,conv2d_11,"(0, 2, 26, 3)",1
2057,conv2d_11,"(2, 1, 26, 25)",1
2058,conv2d_11,"(1, 0, 0, 12)",23
2059,conv2d_11,"(2, 0, 1, 20)",15
2060,conv2d_11,"(2, 1, 7, 9)",12
2061,conv2d_11,"(2, 2, 23, 10)",28
2062,conv2d_11,"(1, 0, 12, 12)",26
2063,conv2d_11,"(0, 0, 28, 7)",14
2064,conv2d_11,"(2, 2, 6, 12)",21
2065,conv2d_11,"(1, 2, 4, 29)",22
2066,conv2d_11,"(0, 1, 14, 31)",25
2067,conv2d_11,"(0, 0, 28, 12)",10
2068,conv2d_11,"(2, 1, 9, 31)",11
2069,conv2d_11,"(0, 2, 24, 21)",9
2070,conv2d_11,"(0, 2, 13, 21)",28
2071,conv2d_11,"(2, 2, 10, 19)",2
2072,conv2d_11,"(0, 2, 26, 7)",30
2073,conv2d_11,"(0, 2, 9, 17)",24
2074,conv2d_11,"(2, 2, 12, 0)",28
2075,conv2d_11,"(2, 1, 30, 9)",25
2076,conv2d_11,"(1, 0, 19, 30)",10
2077,conv2d_11,"(0, 1, 27, 0)",30
2078,conv2d_11,"(0, 2, 1, 7)",0
2079,conv2d_11,"(1, 1, 8, 19)",0
2080,conv2d_11,"(1, 1, 18, 16)",6
2081,conv2d_12,"(0, 0, 10, 6)",22
2082,conv2d_12,"(0, 2, 2, 12)",19
2083,conv2d_12,"(2, 2, 5, 8)",16
2084,conv2d_12,"(0, 2, 28, 5)",8
2085,conv2d_12,"(1, 0, 28, 4)",18
2086,conv2d_12,"(2, 1, 20, 27)",0
2087,conv2d_12,"(0, 2, 25, 7)",22
2088,conv2d_12,"(0, 1, 5, 1)",2
2089,conv2d_12,"(0, 0, 19, 6)",7
2090,conv2d_12,"(0, 0, 23, 17)",8
2091,conv2d_12,"(2, 1, 28, 8)",5
2092,conv2d_12,"(1, 1, 21, 20)",30
2093,conv2d_12,"(2, 0, 8, 1)",8
2094,conv2d_12,"(2, 2, 15, 6)",16
2095,conv2d_12,"(0, 1, 20, 7)",11
2096,conv2d_12,"(0, 1, 28, 25)",26
2097,conv2d_12,"(0, 0, 12, 20)",12
2098,conv2d_12,"(1, 1, 1, 13)",18
2099,conv2d_12,"(2, 2, 10, 7)",15
2100,conv2d_12,"(2, 1, 2, 16)",15
2101,conv2d_12,"(0, 0, 30, 8)",26
2102,conv2d_12,"(2, 2, 11, 17)",29
2103,conv2d_12,"(1, 2, 31, 18)",6
2104,conv2d_12,"(2, 2, 31, 31)",20
2105,conv2d_12,"(1, 2, 31, 2)",13
2106,conv2d_12,"(0, 2, 2, 5)",27
2107,conv2d_12,"(1, 1, 9, 26)",1
2108,conv2d_12,"(2, 2, 14, 1)",21
2109,conv2d_12,"(0, 0, 2, 10)",25
2110,conv2d_12,"(2, 1, 9, 21)",3
2111,conv2d_12,"(1, 2, 2, 3)",10
2112,conv2d_12,"(2, 0, 4, 21)",22
2113,conv2d_12,"(2, 1, 30, 25)",18
2114,conv2d_12,"(0, 2, 31, 15)",11
2115,conv2d_12,"(0, 2, 26, 31)",9
2116,conv2d_12,"(2, 2, 20, 11)",11
2117,conv2d_12,"(1, 1, 12, 31)",1
2118,conv2d_12,"(0, 2, 13, 9)",29
2119,conv2d_12,"(1, 0, 13, 29)",21
2120,conv2d_12,"(0, 2, 9, 10)",1
2121,conv2d_12,"(1, 2, 11, 28)",13
2122,conv2d_12,"(2, 1, 20, 12)",3
2123,conv2d_12,"(1, 0, 7, 21)",13
2124,conv2d_12,"(1, 1, 3, 25)",12
2125,conv2d_12,"(2, 1, 13, 19)",9
2126,conv2d_12,"(0, 0, 29, 11)",0
2127,conv2d_12,"(2, 0, 23, 2)",0
2128,conv2d_12,"(1, 0, 29, 8)",12
2129,conv2d_12,"(2, 1, 16, 24)",2
2130,conv2d_12,"(0, 2, 24, 19)",19
2131,conv2d_12,"(2, 1, 6, 9)",27
2132,conv2d_12,"(0, 0, 7, 20)",4
2133,conv2d_12,"(2, 2, 20, 12)",31
2134,conv2d_12,"(2, 2, 3, 15)",5
2135,conv2d_12,"(0, 0, 21, 1)",10
2136,conv2d_12,"(1, 0, 15, 10)",3
2137,conv2d_12,"(1, 2, 30, 9)",11
2138,conv2d_12,"(0, 2, 26, 30)",1
2139,conv2d_12,"(1, 1, 1, 25)",9
2140,conv2d_12,"(1, 0, 18, 2)",14
2141,conv2d_12,"(2, 0, 31, 30)",11
2142,conv2d_12,"(1, 0, 30, 18)",17
2143,conv2d_12,"(1, 1, 23, 17)",27
2144,conv2d_12,"(0, 0, 29, 15)",5
2145,conv2d_12,"(2, 0, 1, 24)",16
2146,conv2d_12,"(0, 0, 23, 0)",18
2147,conv2d_12,"(1, 1, 23, 6)",4
2148,conv2d_12,"(2, 2, 19, 23)",17
2149,conv2d_12,"(0, 1, 22, 7)",3
2150,conv2d_12,"(0, 0, 12, 9)",6
2151,conv2d_12,"(2, 0, 20, 21)",12
2152,conv2d_12,"(2, 1, 26, 24)",19
2153,conv2d_12,"(0, 2, 7, 10)",7
2154,conv2d_12,"(0, 0, 13, 9)",23
2155,conv2d_12,"(2, 2, 11, 20)",0
2156,conv2d_12,"(2, 2, 1, 11)",14
2157,conv2d_12,"(2, 2, 29, 5)",24
2158,conv2d_12,"(1, 0, 2, 8)",19
2159,conv2d_12,"(0, 0, 17, 1)",22
2160,conv2d_12,"(1, 0, 6, 11)",31
2161,conv2d_12,"(1, 2, 1, 4)",9
2162,conv2d_12,"(1, 1, 5, 16)",25
2163,conv2d_12,"(1, 0, 2, 29)",1
2164,conv2d_12,"(0, 2, 4, 8)",25
2165,conv2d_12,"(2, 1, 3, 13)",21
2166,conv2d_12,"(1, 1, 20, 24)",7
2167,conv2d_12,"(1, 0, 13, 9)",7
2168,conv2d_12,"(1, 2, 6, 23)",18
2169,conv2d_12,"(0, 1, 26, 11)",24
2170,conv2d_12,"(2, 0, 14, 23)",5
2171,conv2d_12,"(0, 2, 4, 4)",12
2172,conv2d_12,"(2, 1, 0, 18)",5
2173,conv2d_12,"(1, 2, 19, 1)",20
2174,conv2d_12,"(1, 2, 12, 7)",17
2175,conv2d_12,"(0, 2, 3, 21)",5
2176,conv2d_12,"(0, 1, 14, 21)",27
2177,conv2d_12,"(1, 2, 5, 31)",3
2178,conv2d_12,"(0, 1, 22, 25)",19
2179,conv2d_12,"(0, 0, 0, 14)",23
2180,conv2d_12,"(0, 0, 26, 17)",22
2181,conv2d_12,"(1, 1, 31, 0)",22
2182,conv2d_12,"(1, 2, 31, 6)",1
2183,conv2d_12,"(2, 2, 27, 7)",16
2184,conv2d_12,"(1, 2, 28, 7)",0
2185,conv2d_12,"(0, 1, 5, 24)",24
2186,conv2d_12,"(0, 0, 11, 29)",11
2187,conv2d_12,"(1, 2, 2, 29)",15
2188,conv2d_12,"(0, 2, 15, 22)",1
2189,conv2d_12,"(0, 0, 26, 20)",19
2190,conv2d_12,"(1, 1, 5, 15)",27
2191,conv2d_12,"(1, 2, 1, 13)",22
2192,conv2d_12,"(0, 2, 21, 5)",29
2193,conv2d_12,"(1, 0, 2, 7)",12
2194,conv2d_12,"(1, 0, 15, 16)",25
2195,conv2d_12,"(1, 0, 13, 10)",24
2196,conv2d_12,"(2, 0, 16, 11)",3
2197,conv2d_12,"(2, 0, 3, 5)",31
2198,conv2d_12,"(0, 0, 10, 12)",4
2199,conv2d_12,"(0, 2, 6, 19)",16
2200,conv2d_12,"(0, 0, 29, 0)",3
2201,conv2d_12,"(0, 2, 25, 9)",19
2202,conv2d_12,"(2, 2, 10, 6)",3
2203,conv2d_12,"(2, 0, 19, 2)",25
2204,conv2d_12,"(0, 2, 31, 27)",28
2205,conv2d_12,"(1, 1, 27, 10)",26
2206,conv2d_12,"(1, 1, 12, 12)",15
2207,conv2d_12,"(0, 1, 1, 13)",28
2208,conv2d_12,"(1, 2, 17, 18)",2
2209,conv2d_12,"(2, 2, 12, 15)",4
2210,conv2d_12,"(0, 2, 17, 10)",5
2211,conv2d_12,"(0, 0, 20, 23)",3
2212,conv2d_12,"(2, 0, 31, 29)",18
2213,conv2d_12,"(1, 2, 26, 29)",30
2214,conv2d_12,"(2, 1, 2, 15)",18
2215,conv2d_12,"(2, 2, 30, 1)",28
2216,conv2d_12,"(0, 0, 23, 12)",11
2217,conv2d_12,"(1, 1, 5, 1)",2
2218,conv2d_12,"(2, 2, 14, 24)",27
2219,conv2d_12,"(2, 2, 28, 5)",17
2220,conv2d_12,"(0, 0, 7, 24)",2
2221,conv2d_12,"(2, 0, 7, 25)",22
2222,conv2d_12,"(2, 1, 14, 6)",24
2223,conv2d_12,"(0, 1, 3, 14)",3
2224,conv2d_12,"(2, 1, 25, 21)",27
2225,conv2d_12,"(1, 2, 15, 13)",14
2226,conv2d_12,"(2, 0, 9, 16)",14
2227,conv2d_12,"(0, 0, 13, 3)",15
2228,conv2d_12,"(1, 1, 16, 14)",0
2229,conv2d_12,"(0, 1, 10, 11)",7
2230,conv2d_12,"(0, 1, 15, 24)",14
2231,conv2d_12,"(2, 2, 15, 18)",1
2232,conv2d_12,"(0, 1, 24, 2)",2
2233,conv2d_12,"(2, 1, 7, 26)",11
2234,conv2d_12,"(0, 0, 20, 1)",23
2235,conv2d_12,"(0, 2, 3, 19)",24
2236,conv2d_12,"(1, 2, 15, 20)",8
2237,conv2d_12,"(2, 0, 19, 1)",1
2238,conv2d_12,"(2, 1, 3, 23)",6
2239,conv2d_12,"(0, 0, 9, 13)",28
2240,conv2d_12,"(1, 0, 20, 3)",24
2241,conv2d_12,"(0, 2, 22, 5)",21
2242,conv2d_12,"(2, 1, 3, 25)",25
2243,conv2d_12,"(0, 1, 10, 6)",13
2244,conv2d_12,"(0, 2, 20, 1)",19
2245,conv2d_12,"(0, 1, 20, 9)",30
2246,conv2d_12,"(1, 0, 2, 3)",4
2247,conv2d_12,"(1, 2, 31, 30)",19
2248,conv2d_12,"(1, 2, 10, 4)",25
2249,conv2d_12,"(1, 0, 19, 25)",0
2250,conv2d_12,"(2, 0, 15, 23)",8
2251,conv2d_12,"(1, 2, 6, 16)",1
2252,conv2d_12,"(2, 0, 2, 31)",10
2253,conv2d_12,"(1, 0, 4, 24)",27
2254,conv2d_12,"(1, 0, 19, 2)",2
2255,conv2d_12,"(2, 1, 2, 31)",16
2256,conv2d_12,"(1, 2, 13, 1)",18
2257,conv2d_12,"(2, 1, 25, 25)",28
2258,conv2d_12,"(2, 0, 4, 1)",18
2259,conv2d_12,"(2, 2, 9, 25)",5
2260,conv2d_12,"(1, 1, 17, 31)",22
2261,conv2d_12,"(1, 0, 10, 1)",27
2262,conv2d_12,"(1, 0, 9, 15)",31
2263,conv2d_12,"(1, 1, 9, 21)",7
2264,conv2d_12,"(1, 0, 26, 13)",22
2265,conv2d_12,"(2, 2, 30, 19)",4
2266,conv2d_12,"(0, 2, 31, 4)",4
2267,conv2d_12,"(0, 0, 15, 19)",27
2268,conv2d_12,"(0, 2, 27, 3)",26
2269,conv2d_12,"(2, 0, 18, 19)",1
2270,conv2d_12,"(1, 2, 31, 16)",19
2271,conv2d_12,"(1, 1, 22, 4)",7
2272,conv2d_12,"(1, 1, 7, 19)",14
2273,conv2d_12,"(1, 2, 2, 5)",9
2274,conv2d_12,"(0, 0, 10, 4)",31
2275,conv2d_12,"(1, 0, 2, 19)",7
2276,conv2d_12,"(1, 0, 30, 3)",11
2277,conv2d_12,"(1, 0, 15, 22)",14
2278,conv2d_12,"(2, 2, 30, 22)",25
2279,conv2d_12,"(1, 0, 8, 19)",26
2280,conv2d_12,"(2, 0, 19, 10)",21
2281,conv2d_12,"(1, 0, 6, 28)",28
2282,conv2d_12,"(2, 0, 24, 6)",19
2283,conv2d_12,"(0, 0, 27, 28)",22
2284,conv2d_12,"(0, 1, 1, 25)",21
2285,conv2d_12,"(0, 2, 4, 10)",7
2286,conv2d_12,"(1, 0, 7, 28)",30
2287,conv2d_12,"(1, 0, 3, 28)",19
2288,conv2d_12,"(1, 2, 15, 30)",3
2289,conv2d_12,"(1, 2, 26, 19)",22
2290,conv2d_12,"(2, 1, 14, 27)",5
2291,conv2d_12,"(1, 0, 31, 30)",6
2292,conv2d_12,"(0, 0, 9, 29)",3
2293,conv2d_12,"(0, 0, 8, 18)",3
2294,conv2d_12,"(1, 2, 17, 0)",30
2295,conv2d_12,"(0, 1, 4, 6)",23
2296,conv2d_12,"(0, 2, 8, 21)",22
2297,conv2d_12,"(0, 0, 16, 21)",30
2298,conv2d_12,"(0, 0, 18, 13)",10
2299,conv2d_12,"(1, 1, 11, 15)",27
2300,conv2d_12,"(1, 1, 31, 2)",11
2301,conv2d_12,"(1, 0, 22, 23)",25
2302,conv2d_12,"(1, 1, 3, 3)",14
2303,conv2d_12,"(1, 0, 31, 27)",6
2304,conv2d_12,"(2, 1, 9, 15)",9
2305,conv2d_12,"(1, 2, 1, 18)",15
2306,conv2d_12,"(1, 0, 22, 14)",16
2307,conv2d_12,"(2, 2, 23, 22)",9
2308,conv2d_12,"(1, 2, 5, 21)",9
2309,conv2d_12,"(1, 0, 14, 13)",17
2310,conv2d_12,"(0, 0, 22, 10)",21
2311,conv2d_12,"(2, 0, 21, 1)",19
2312,conv2d_12,"(0, 2, 30, 31)",8
2313,conv2d_12,"(2, 0, 24, 0)",1
2314,conv2d_12,"(1, 2, 3, 6)",27
2315,conv2d_12,"(1, 0, 11, 5)",10
2316,conv2d_12,"(2, 1, 20, 22)",1
2317,conv2d_12,"(0, 1, 18, 0)",15
2318,conv2d_12,"(1, 0, 18, 12)",13
2319,conv2d_12,"(0, 0, 26, 0)",19
2320,conv2d_12,"(0, 0, 21, 6)",8
2321,conv2d_12,"(1, 1, 7, 30)",10
2322,conv2d_12,"(1, 1, 7, 0)",3
2323,conv2d_12,"(0, 1, 25, 5)",12
2324,conv2d_12,"(1, 1, 12, 26)",28
2325,conv2d_12,"(2, 2, 12, 17)",23
2326,conv2d_12,"(1, 2, 28, 28)",30
2327,conv2d_12,"(0, 1, 4, 3)",23
2328,conv2d_12,"(0, 0, 1, 16)",11
2329,conv2d_12,"(1, 1, 9, 3)",23
2330,conv2d_12,"(2, 0, 1, 28)",10
2331,conv2d_12,"(1, 1, 18, 24)",23
2332,conv2d_12,"(1, 2, 23, 11)",31
2333,conv2d_12,"(2, 0, 17, 25)",5
2334,conv2d_12,"(1, 1, 5, 8)",19
2335,conv2d_12,"(0, 2, 30, 12)",16
2336,conv2d_12,"(1, 1, 12, 29)",10
2337,conv2d_12,"(2, 2, 7, 20)",23
2338,conv2d_12,"(2, 2, 1, 16)",12
2339,conv2d_12,"(2, 0, 3, 25)",31
2340,conv2d_12,"(1, 0, 24, 8)",1
2341,conv2d_12,"(0, 1, 9, 7)",24
2342,conv2d_12,"(2, 2, 8, 1)",9
2343,conv2d_12,"(0, 0, 19, 8)",24
2344,conv2d_12,"(1, 2, 27, 31)",20
2345,conv2d_12,"(2, 1, 18, 23)",1
2346,conv2d_12,"(1, 1, 6, 24)",27
2347,conv2d_12,"(1, 1, 11, 18)",20
2348,conv2d_12,"(2, 0, 24, 25)",26
2349,conv2d_12,"(0, 0, 14, 15)",28
2350,conv2d_12,"(1, 0, 18, 23)",10
2351,conv2d_12,"(1, 0, 27, 11)",22
2352,conv2d_12,"(1, 2, 15, 14)",1
2353,conv2d_12,"(2, 2, 29, 24)",9
2354,conv2d_12,"(0, 1, 0, 2)",7
2355,conv2d_12,"(0, 1, 11, 7)",23
2356,conv2d_12,"(2, 1, 27, 8)",26
2357,conv2d_12,"(2, 2, 16, 4)",17
2358,conv2d_12,"(1, 2, 18, 28)",9
2359,conv2d_12,"(0, 1, 5, 22)",25
2360,conv2d_12,"(0, 0, 26, 13)",23
2361,conv2d_12,"(0, 1, 7, 0)",14
2362,conv2d_12,"(0, 2, 29, 14)",0
2363,conv2d_12,"(2, 1, 29, 17)",7
2364,conv2d_12,"(1, 2, 11, 1)",28
2365,conv2d_12,"(2, 0, 2, 17)",15
2366,conv2d_12,"(0, 1, 22, 4)",23
2367,conv2d_12,"(1, 0, 25, 22)",10
2368,conv2d_12,"(1, 2, 18, 12)",12
2369,conv2d_12,"(2, 1, 18, 11)",8
2370,conv2d_12,"(2, 2, 8, 30)",14
2371,conv2d_12,"(2, 1, 12, 3)",25
2372,conv2d_12,"(2, 0, 7, 12)",24
2373,conv2d_12,"(2, 2, 22, 21)",10
2374,conv2d_12,"(1, 1, 5, 31)",8
2375,conv2d_12,"(0, 2, 31, 5)",22
2376,conv2d_12,"(1, 0, 1, 12)",19
2377,conv2d_12,"(1, 2, 14, 19)",20
2378,conv2d_12,"(0, 2, 18, 29)",29
2379,conv2d_12,"(1, 1, 25, 2)",11
2380,conv2d_12,"(1, 2, 10, 30)",19
2381,conv2d_12,"(2, 0, 14, 24)",20
2382,conv2d_12,"(2, 0, 11, 22)",30
2383,conv2d_12,"(0, 2, 4, 25)",0
2384,conv2d_12,"(0, 1, 3, 23)",17
2385,conv2d_12,"(2, 0, 10, 27)",6
2386,conv2d_12,"(1, 1, 2, 31)",15
2387,conv2d_12,"(2, 2, 20, 2)",5
2388,conv2d_12,"(0, 2, 9, 0)",25
2389,conv2d_12,"(1, 0, 30, 17)",30
2390,conv2d_12,"(0, 2, 4, 3)",22
2391,conv2d_12,"(1, 0, 19, 1)",24
2392,conv2d_12,"(2, 2, 7, 26)",9
2393,conv2d_12,"(1, 2, 23, 9)",8
2394,conv2d_12,"(2, 1, 22, 1)",11
2395,conv2d_12,"(2, 1, 1, 10)",13
2396,conv2d_12,"(0, 2, 29, 18)",27
2397,conv2d_12,"(1, 1, 23, 1)",25
2398,conv2d_12,"(0, 0, 4, 28)",15
2399,conv2d_12,"(0, 1, 21, 29)",24
2400,conv2d_12,"(0, 1, 25, 25)",24
2401,conv2d_12,"(2, 0, 30, 20)",9
2402,conv2d_12,"(2, 2, 28, 18)",10
2403,conv2d_12,"(1, 0, 26, 10)",25
2404,conv2d_12,"(0, 0, 17, 20)",11
2405,conv2d_12,"(1, 1, 31, 11)",2
2406,conv2d_12,"(2, 1, 29, 1)",20
2407,conv2d_12,"(2, 1, 7, 28)",31
2408,conv2d_12,"(2, 0, 29, 3)",2
2409,conv2d_12,"(1, 0, 6, 3)",23
2410,conv2d_12,"(1, 0, 6, 5)",23
2411,conv2d_12,"(2, 2, 13, 18)",25
2412,conv2d_12,"(0, 1, 30, 4)",8
2413,conv2d_12,"(2, 0, 1, 22)",12
2414,conv2d_12,"(2, 2, 18, 25)",19
2415,conv2d_12,"(2, 1, 20, 16)",23
2416,conv2d_12,"(0, 0, 5, 4)",8
2417,conv2d_12,"(0, 2, 6, 4)",6
2418,conv2d_12,"(1, 1, 0, 17)",26
2419,conv2d_12,"(1, 1, 6, 16)",13
2420,conv2d_12,"(0, 2, 24, 27)",6
2421,conv2d_12,"(0, 0, 4, 16)",3
2422,conv2d_12,"(1, 0, 22, 25)",7
2423,conv2d_12,"(0, 1, 13, 25)",10
2424,conv2d_12,"(1, 2, 13, 20)",28
2425,conv2d_13,"(1, 1, 8, 43)",30
2426,conv2d_13,"(0, 2, 16, 34)",6
2427,conv2d_13,"(1, 2, 1, 1)",21
2428,conv2d_13,"(0, 1, 7, 49)",0
2429,conv2d_13,"(2, 0, 14, 7)",27
2430,conv2d_13,"(0, 2, 26, 25)",21
2431,conv2d_13,"(0, 0, 16, 22)",13
2432,conv2d_13,"(2, 2, 29, 17)",1
2433,conv2d_13,"(0, 2, 15, 43)",29
2434,conv2d_13,"(0, 0, 22, 27)",28
2435,conv2d_13,"(1, 1, 11, 6)",3
2436,conv2d_13,"(2, 2, 1, 49)",25
2437,conv2d_13,"(0, 2, 14, 44)",2
2438,conv2d_13,"(2, 2, 1, 10)",25
2439,conv2d_13,"(2, 2, 10, 19)",13
2440,conv2d_13,"(2, 1, 4, 2)",25
2441,conv2d_13,"(2, 1, 8, 9)",25
2442,conv2d_13,"(1, 2, 17, 30)",28
2443,conv2d_13,"(2, 1, 6, 18)",6
2444,conv2d_13,"(2, 2, 13, 38)",31
2445,conv2d_13,"(0, 2, 21, 7)",25
2446,conv2d_13,"(0, 1, 16, 59)",22
2447,conv2d_13,"(0, 1, 30, 35)",31
2448,conv2d_13,"(2, 0, 6, 35)",27
2449,conv2d_13,"(1, 1, 30, 49)",20
2450,conv2d_13,"(1, 2, 14, 11)",24
2451,conv2d_13,"(0, 1, 22, 36)",9
2452,conv2d_13,"(2, 2, 13, 37)",29
2453,conv2d_13,"(2, 0, 4, 7)",12
2454,conv2d_13,"(0, 1, 20, 17)",20
2455,conv2d_13,"(0, 0, 28, 1)",3
2456,conv2d_13,"(1, 1, 4, 2)",0
2457,conv2d_13,"(1, 1, 15, 53)",11
2458,conv2d_13,"(1, 0, 28, 36)",3
2459,conv2d_13,"(1, 1, 28, 33)",21
2460,conv2d_13,"(2, 2, 21, 55)",17
2461,conv2d_13,"(2, 2, 13, 33)",23
2462,conv2d_13,"(0, 1, 6, 47)",0
2463,conv2d_13,"(0, 2, 27, 29)",14
2464,conv2d_13,"(0, 1, 5, 12)",14
2465,conv2d_13,"(2, 0, 15, 21)",18
2466,conv2d_13,"(0, 2, 16, 48)",7
2467,conv2d_13,"(2, 1, 25, 16)",9
2468,conv2d_13,"(2, 0, 2, 62)",4
2469,conv2d_13,"(2, 2, 5, 63)",4
2470,conv2d_13,"(0, 2, 25, 31)",30
2471,conv2d_13,"(1, 2, 20, 60)",10
2472,conv2d_13,"(1, 2, 0, 59)",23
2473,conv2d_13,"(2, 2, 16, 0)",3
2474,conv2d_13,"(1, 1, 7, 2)",17
2475,conv2d_13,"(0, 1, 2, 28)",29
2476,conv2d_13,"(2, 2, 21, 42)",19
2477,conv2d_13,"(2, 0, 6, 34)",12
2478,conv2d_13,"(0, 2, 1, 35)",9
2479,conv2d_13,"(0, 1, 1, 48)",7
2480,conv2d_13,"(0, 0, 3, 62)",26
2481,conv2d_13,"(0, 0, 6, 21)",17
2482,conv2d_13,"(1, 0, 19, 36)",15
2483,conv2d_13,"(1, 1, 31, 46)",9
2484,conv2d_13,"(1, 0, 3, 58)",2
2485,conv2d_13,"(2, 0, 0, 61)",12
2486,conv2d_13,"(2, 2, 7, 63)",15
2487,conv2d_13,"(2, 2, 0, 49)",21
2488,conv2d_13,"(0, 1, 3, 27)",18
2489,conv2d_13,"(0, 2, 15, 12)",26
2490,conv2d_13,"(1, 2, 14, 44)",29
2491,conv2d_13,"(2, 0, 22, 1)",26
2492,conv2d_13,"(0, 1, 22, 24)",12
2493,conv2d_13,"(0, 1, 8, 15)",22
2494,conv2d_13,"(0, 1, 13, 63)",7
2495,conv2d_13,"(0, 1, 18, 62)",22
2496,conv2d_13,"(2, 0, 5, 33)",2
2497,conv2d_13,"(2, 0, 29, 50)",14
2498,conv2d_13,"(2, 0, 16, 14)",17
2499,conv2d_13,"(0, 0, 13, 41)",31
2500,conv2d_13,"(0, 2, 15, 62)",8
2501,conv2d_13,"(0, 0, 31, 48)",6
2502,conv2d_13,"(0, 0, 25, 46)",21
2503,conv2d_13,"(2, 2, 27, 9)",18
2504,conv2d_13,"(0, 0, 8, 52)",12
2505,conv2d_13,"(0, 2, 25, 36)",12
2506,conv2d_13,"(2, 1, 14, 43)",19
2507,conv2d_13,"(0, 2, 19, 29)",5
2508,conv2d_13,"(2, 1, 20, 32)",28
2509,conv2d_13,"(2, 2, 2, 15)",10
2510,conv2d_13,"(1, 1, 7, 54)",16
2511,conv2d_13,"(0, 1, 8, 31)",13
2512,conv2d_13,"(0, 1, 19, 30)",27
2513,conv2d_13,"(0, 2, 27, 21)",10
2514,conv2d_13,"(0, 2, 4, 5)",10
2515,conv2d_13,"(0, 2, 1, 16)",28
2516,conv2d_13,"(1, 1, 2, 1)",7
2517,conv2d_13,"(1, 1, 17, 53)",2
2518,conv2d_13,"(0, 0, 9, 18)",21
2519,conv2d_13,"(2, 0, 17, 40)",11
2520,conv2d_13,"(1, 1, 26, 31)",14
2521,conv2d_13,"(2, 2, 11, 44)",14
2522,conv2d_13,"(0, 2, 30, 49)",6
2523,conv2d_13,"(0, 2, 2, 21)",16
2524,conv2d_13,"(1, 0, 25, 13)",28
2525,conv2d_13,"(0, 0, 18, 28)",3
2526,conv2d_13,"(0, 1, 18, 3)",7
2527,conv2d_13,"(2, 2, 30, 8)",24
2528,conv2d_13,"(1, 0, 4, 54)",8
2529,conv2d_13,"(0, 1, 4, 1)",14
2530,conv2d_13,"(1, 1, 17, 37)",13
2531,conv2d_13,"(1, 0, 22, 63)",8
2532,conv2d_13,"(2, 2, 30, 24)",20
2533,conv2d_13,"(1, 2, 28, 58)",19
2534,conv2d_13,"(2, 1, 28, 27)",24
2535,conv2d_13,"(0, 0, 8, 40)",14
2536,conv2d_13,"(1, 0, 1, 58)",31
2537,conv2d_13,"(2, 1, 25, 39)",0
2538,conv2d_13,"(1, 0, 21, 53)",25
2539,conv2d_13,"(0, 1, 3, 9)",11
2540,conv2d_13,"(0, 1, 1, 40)",3
2541,conv2d_13,"(0, 0, 4, 62)",26
2542,conv2d_13,"(2, 1, 15, 27)",8
2543,conv2d_13,"(0, 2, 9, 35)",31
2544,conv2d_13,"(0, 1, 25, 41)",11
2545,conv2d_13,"(1, 1, 31, 59)",23
2546,conv2d_13,"(1, 2, 28, 0)",30
2547,conv2d_13,"(0, 1, 19, 57)",6
2548,conv2d_13,"(2, 1, 14, 31)",23
2549,conv2d_13,"(2, 0, 31, 20)",17
2550,conv2d_13,"(2, 0, 31, 13)",17
2551,conv2d_13,"(0, 1, 26, 56)",8
2552,conv2d_13,"(2, 2, 30, 3)",4
2553,conv2d_13,"(2, 0, 14, 48)",22
2554,conv2d_13,"(2, 0, 18, 58)",4
2555,conv2d_13,"(0, 2, 13, 35)",11
2556,conv2d_13,"(2, 0, 10, 38)",29
2557,conv2d_13,"(1, 2, 13, 5)",28
2558,conv2d_13,"(0, 2, 5, 5)",10
2559,conv2d_13,"(2, 2, 4, 3)",19
2560,conv2d_13,"(1, 0, 19, 26)",28
2561,conv2d_13,"(0, 2, 15, 41)",25
2562,conv2d_13,"(2, 2, 28, 42)",7
2563,conv2d_13,"(0, 1, 5, 41)",21
2564,conv2d_13,"(2, 1, 2, 10)",14
2565,conv2d_13,"(2, 1, 25, 14)",12
2566,conv2d_13,"(1, 1, 18, 2)",9
2567,conv2d_13,"(0, 0, 21, 43)",7
2568,conv2d_13,"(1, 1, 16, 42)",12
2569,conv2d_13,"(1, 0, 19, 33)",1
2570,conv2d_13,"(0, 0, 29, 51)",6
2571,conv2d_13,"(0, 2, 26, 27)",4
2572,conv2d_13,"(0, 0, 17, 16)",20
2573,conv2d_13,"(2, 0, 22, 47)",19
2574,conv2d_13,"(1, 2, 18, 54)",6
2575,conv2d_13,"(0, 0, 19, 41)",1
2576,conv2d_13,"(2, 1, 20, 3)",29
2577,conv2d_13,"(0, 1, 24, 30)",22
2578,conv2d_13,"(1, 1, 30, 34)",16
2579,conv2d_13,"(0, 0, 26, 50)",5
2580,conv2d_13,"(2, 2, 27, 17)",24
2581,conv2d_13,"(1, 1, 9, 63)",0
2582,conv2d_13,"(2, 0, 3, 47)",27
2583,conv2d_13,"(1, 2, 15, 16)",24
2584,conv2d_13,"(2, 2, 6, 21)",0
2585,conv2d_13,"(2, 1, 24, 53)",22
2586,conv2d_13,"(2, 2, 30, 15)",2
2587,conv2d_13,"(2, 1, 15, 8)",24
2588,conv2d_13,"(2, 1, 27, 49)",5
2589,conv2d_13,"(0, 0, 3, 61)",28
2590,conv2d_13,"(1, 2, 1, 28)",7
2591,conv2d_13,"(1, 0, 21, 60)",27
2592,conv2d_13,"(2, 1, 4, 56)",30
2593,conv2d_13,"(0, 1, 6, 41)",30
2594,conv2d_13,"(1, 1, 13, 29)",25
2595,conv2d_13,"(2, 2, 3, 21)",1
2596,conv2d_13,"(2, 0, 26, 5)",6
2597,conv2d_13,"(1, 1, 3, 2)",9
2598,conv2d_13,"(0, 0, 0, 4)",25
2599,conv2d_13,"(2, 0, 16, 49)",23
2600,conv2d_13,"(0, 2, 20, 3)",21
2601,conv2d_13,"(0, 0, 2, 19)",7
2602,conv2d_13,"(2, 2, 29, 57)",13
2603,conv2d_13,"(2, 1, 13, 6)",0
2604,conv2d_13,"(1, 1, 31, 62)",17
2605,conv2d_13,"(0, 1, 7, 8)",15
2606,conv2d_13,"(1, 2, 25, 19)",10
2607,conv2d_13,"(1, 1, 14, 23)",22
2608,conv2d_13,"(0, 1, 28, 2)",20
2609,conv2d_13,"(1, 1, 14, 30)",30
2610,conv2d_13,"(0, 0, 16, 27)",18
2611,conv2d_13,"(1, 2, 14, 10)",20
2612,conv2d_13,"(0, 0, 5, 20)",29
2613,conv2d_13,"(1, 1, 25, 29)",0
2614,conv2d_13,"(1, 0, 20, 47)",13
2615,conv2d_13,"(1, 1, 19, 22)",23
2616,conv2d_13,"(1, 1, 22, 1)",27
2617,conv2d_13,"(0, 2, 16, 25)",8
2618,conv2d_13,"(1, 0, 30, 12)",1
2619,conv2d_13,"(1, 2, 11, 35)",17
2620,conv2d_13,"(2, 1, 17, 32)",16
2621,conv2d_13,"(0, 0, 27, 31)",28
2622,conv2d_13,"(0, 2, 1, 10)",24
2623,conv2d_13,"(1, 0, 29, 40)",0
2624,conv2d_13,"(1, 0, 29, 10)",19
2625,conv2d_13,"(1, 1, 28, 50)",0
2626,conv2d_13,"(1, 0, 5, 12)",23
2627,conv2d_13,"(1, 0, 15, 8)",12
2628,conv2d_13,"(0, 1, 19, 29)",5
2629,conv2d_13,"(1, 0, 2, 16)",6
2630,conv2d_13,"(0, 2, 7, 34)",19
2631,conv2d_13,"(0, 2, 28, 13)",9
2632,conv2d_13,"(2, 1, 1, 39)",31
2633,conv2d_13,"(2, 1, 13, 29)",20
2634,conv2d_13,"(0, 0, 3, 6)",19
2635,conv2d_13,"(0, 2, 4, 39)",8
2636,conv2d_13,"(1, 2, 3, 31)",15
2637,conv2d_13,"(1, 2, 12, 42)",11
2638,conv2d_13,"(1, 1, 1, 42)",15
2639,conv2d_13,"(0, 1, 15, 54)",1
2640,conv2d_13,"(0, 0, 10, 26)",25
2641,conv2d_13,"(1, 2, 24, 45)",4
2642,conv2d_13,"(1, 1, 31, 57)",3
2643,conv2d_13,"(2, 0, 4, 53)",28
2644,conv2d_13,"(1, 2, 28, 33)",2
2645,conv2d_13,"(0, 1, 31, 2)",29
2646,conv2d_13,"(2, 1, 25, 43)",17
2647,conv2d_13,"(2, 0, 3, 39)",10
2648,conv2d_13,"(0, 2, 30, 10)",2
2649,conv2d_13,"(1, 0, 26, 47)",14
2650,conv2d_13,"(1, 2, 2, 2)",27
2651,conv2d_13,"(2, 1, 7, 21)",11
2652,conv2d_13,"(0, 2, 31, 0)",18
2653,conv2d_13,"(0, 1, 6, 13)",27
2654,conv2d_13,"(1, 0, 10, 17)",8
2655,conv2d_13,"(2, 0, 0, 54)",4
2656,conv2d_13,"(1, 1, 19, 54)",27
2657,conv2d_13,"(0, 0, 2, 16)",17
2658,conv2d_13,"(0, 0, 0, 19)",31
2659,conv2d_13,"(0, 0, 11, 51)",31
2660,conv2d_13,"(1, 2, 5, 47)",7
2661,conv2d_13,"(1, 2, 12, 47)",23
2662,conv2d_13,"(2, 2, 26, 56)",31
2663,conv2d_13,"(2, 2, 15, 57)",13
2664,conv2d_13,"(2, 0, 22, 42)",23
2665,conv2d_13,"(1, 0, 10, 32)",23
2666,conv2d_13,"(0, 2, 12, 4)",23
2667,conv2d_13,"(2, 0, 9, 55)",19
2668,conv2d_13,"(2, 1, 0, 29)",5
2669,conv2d_13,"(1, 1, 5, 36)",28
2670,conv2d_13,"(2, 0, 15, 27)",10
2671,conv2d_13,"(2, 2, 10, 53)",8
2672,conv2d_13,"(1, 0, 24, 36)",26
2673,conv2d_13,"(1, 2, 14, 7)",0
2674,conv2d_13,"(2, 0, 19, 12)",3
2675,conv2d_13,"(1, 2, 10, 52)",17
2676,conv2d_13,"(2, 2, 3, 41)",0
2677,conv2d_13,"(2, 1, 5, 17)",14
2678,conv2d_13,"(2, 0, 15, 40)",26
2679,conv2d_13,"(2, 2, 24, 6)",8
2680,conv2d_13,"(2, 2, 19, 21)",6
2681,conv2d_13,"(2, 1, 4, 5)",8
2682,conv2d_13,"(1, 0, 5, 56)",10
2683,conv2d_13,"(1, 2, 18, 35)",0
2684,conv2d_13,"(0, 1, 24, 4)",27
2685,conv2d_13,"(0, 2, 27, 6)",28
2686,conv2d_13,"(2, 0, 0, 9)",9
2687,conv2d_13,"(0, 1, 25, 0)",1
2688,conv2d_13,"(1, 1, 24, 11)",27
2689,conv2d_13,"(0, 0, 8, 41)",9
2690,conv2d_13,"(0, 2, 10, 48)",31
2691,conv2d_13,"(2, 2, 18, 50)",14
2692,conv2d_13,"(1, 0, 10, 62)",10
2693,conv2d_13,"(1, 0, 1, 56)",5
2694,conv2d_13,"(0, 1, 23, 58)",19
2695,conv2d_13,"(2, 2, 18, 0)",23
2696,conv2d_13,"(1, 0, 26, 39)",20
2697,conv2d_13,"(2, 2, 22, 48)",13
2698,conv2d_13,"(0, 1, 22, 51)",1
2699,conv2d_13,"(1, 2, 1, 16)",4
2700,conv2d_13,"(2, 1, 11, 60)",16
2701,conv2d_13,"(1, 2, 16, 56)",18
2702,conv2d_13,"(0, 1, 26, 2)",2
2703,conv2d_13,"(0, 1, 18, 12)",28
2704,conv2d_13,"(2, 0, 5, 35)",12
2705,conv2d_13,"(0, 1, 29, 2)",26
2706,conv2d_13,"(1, 1, 26, 60)",11
2707,conv2d_13,"(1, 0, 28, 50)",0
2708,conv2d_13,"(1, 2, 10, 24)",16
2709,conv2d_13,"(1, 0, 14, 12)",31
2710,conv2d_13,"(0, 1, 5, 17)",18
2711,conv2d_13,"(0, 1, 5, 59)",0
2712,conv2d_13,"(2, 0, 29, 47)",5
2713,conv2d_13,"(2, 1, 23, 37)",0
2714,conv2d_13,"(1, 2, 4, 1)",8
2715,conv2d_13,"(0, 1, 9, 59)",14
2716,conv2d_13,"(1, 2, 25, 18)",18
2717,conv2d_13,"(0, 2, 3, 9)",19
2718,conv2d_13,"(2, 1, 23, 63)",28
2719,conv2d_13,"(2, 1, 12, 41)",4
2720,conv2d_13,"(0, 2, 20, 39)",8
2721,conv2d_13,"(0, 1, 0, 49)",7
2722,conv2d_13,"(0, 2, 5, 11)",24
2723,conv2d_13,"(1, 1, 4, 61)",23
2724,conv2d_13,"(2, 1, 4, 0)",15
2725,conv2d_13,"(0, 1, 5, 53)",14
2726,conv2d_13,"(0, 0, 27, 27)",9
2727,conv2d_13,"(0, 0, 29, 17)",10
2728,conv2d_13,"(2, 1, 4, 13)",3
2729,conv2d_13,"(1, 2, 10, 15)",5
2730,conv2d_13,"(2, 1, 17, 55)",28
2731,conv2d_13,"(1, 2, 24, 12)",11
2732,conv2d_13,"(2, 2, 30, 12)",11
2733,conv2d_13,"(1, 0, 15, 28)",17
2734,conv2d_13,"(2, 2, 12, 63)",31
2735,conv2d_13,"(0, 2, 4, 2)",7
2736,conv2d_13,"(0, 2, 18, 6)",16
2737,conv2d_13,"(2, 2, 23, 63)",27
2738,conv2d_13,"(1, 1, 3, 3)",7
2739,conv2d_13,"(2, 1, 14, 35)",29
2740,conv2d_13,"(1, 0, 9, 30)",9
2741,conv2d_13,"(1, 0, 12, 47)",4
2742,conv2d_13,"(1, 1, 2, 60)",16
2743,conv2d_13,"(0, 1, 15, 31)",31
2744,conv2d_13,"(1, 1, 15, 3)",11
2745,conv2d_13,"(2, 1, 30, 62)",8
2746,conv2d_13,"(0, 1, 9, 0)",28
2747,conv2d_13,"(0, 1, 0, 21)",4
2748,conv2d_13,"(1, 2, 25, 41)",20
2749,conv2d_13,"(2, 2, 11, 17)",3
2750,conv2d_13,"(0, 0, 14, 7)",20
2751,conv2d_13,"(2, 0, 29, 42)",14
2752,conv2d_13,"(0, 0, 20, 19)",25
2753,conv2d_13,"(1, 2, 16, 9)",13
2754,conv2d_13,"(0, 2, 28, 0)",28
2755,conv2d_13,"(2, 0, 14, 45)",27
2756,conv2d_13,"(1, 2, 3, 29)",25
2757,conv2d_13,"(2, 2, 18, 9)",31
2758,conv2d_13,"(1, 2, 0, 27)",28
2759,conv2d_13,"(2, 0, 16, 60)",7
2760,conv2d_13,"(1, 0, 20, 40)",16
2761,conv2d_13,"(2, 1, 16, 45)",2
2762,conv2d_13,"(2, 1, 1, 5)",7
2763,conv2d_13,"(1, 0, 25, 22)",18
2764,conv2d_13,"(0, 0, 20, 44)",12
2765,conv2d_13,"(0, 2, 10, 12)",16
2766,conv2d_13,"(0, 1, 26, 39)",30
2767,conv2d_13,"(0, 2, 23, 40)",2
2768,conv2d_13,"(0, 1, 29, 8)",3
2769,conv2d_13,"(1, 2, 22, 24)",9
2770,conv2d_13,"(1, 0, 17, 3)",30
2771,conv2d_13,"(1, 0, 2, 43)",7
2772,conv2d_13,"(0, 1, 13, 1)",4
2773,conv2d_13,"(2, 0, 15, 2)",16
2774,conv2d_13,"(1, 1, 27, 36)",30
2775,conv2d_13,"(2, 2, 9, 17)",2
2776,conv2d_13,"(1, 2, 9, 15)",8
2777,conv2d_13,"(0, 2, 26, 21)",4
2778,conv2d_13,"(0, 0, 5, 62)",28
2779,conv2d_13,"(1, 2, 18, 56)",3
2780,conv2d_13,"(2, 0, 25, 14)",11
2781,conv2d_13,"(2, 2, 31, 62)",5
2782,conv2d_13,"(1, 2, 14, 62)",23
2783,conv2d_13,"(0, 1, 8, 50)",2
2784,conv2d_13,"(0, 0, 31, 22)",11
2785,conv2d_13,"(2, 2, 12, 62)",13
2786,conv2d_13,"(1, 2, 7, 6)",12
2787,conv2d_13,"(1, 2, 1, 5)",17
2788,conv2d_13,"(2, 2, 16, 8)",2
2789,conv2d_13,"(0, 2, 10, 16)",21
2790,conv2d_13,"(1, 0, 18, 22)",9
2791,conv2d_13,"(1, 2, 8, 15)",6
2792,conv2d_13,"(1, 1, 14, 38)",14
2793,conv2d_13,"(0, 1, 2, 25)",27
2794,conv2d_13,"(2, 0, 27, 49)",6
2795,conv2d_13,"(0, 0, 19, 36)",24
2796,conv2d_13,"(1, 0, 29, 13)",2
2797,conv2d_13,"(2, 1, 22, 15)",28
2798,conv2d_13,"(2, 2, 30, 11)",11
2799,conv2d_13,"(2, 1, 18, 12)",10
2800,conv2d_13,"(0, 1, 13, 53)",3
2801,conv2d_13,"(1, 0, 18, 35)",17
2802,conv2d_13,"(1, 0, 28, 22)",4
2803,conv2d_13,"(1, 2, 9, 24)",31
2804,conv2d_13,"(1, 0, 2, 29)",31
2805,conv2d_13,"(1, 2, 24, 29)",8
2806,conv2d_13,"(0, 0, 10, 11)",20
2807,conv2d_13,"(1, 0, 13, 23)",28
2808,conv2d_13,"(2, 1, 14, 1)",2
2809,conv2d_13,"(1, 1, 14, 16)",13
2810,conv2d_13,"(2, 1, 7, 45)",3
2811,conv2d_13,"(1, 1, 15, 11)",9
2812,conv2d_13,"(0, 2, 4, 10)",13
2813,conv2d_13,"(1, 2, 10, 28)",3
2814,conv2d_13,"(0, 1, 20, 53)",21
2815,conv2d_13,"(2, 1, 27, 48)",22
2816,conv2d_13,"(1, 1, 21, 7)",7
2817,conv2d_13,"(2, 1, 25, 55)",25
2818,conv2d_13,"(0, 1, 3, 2)",25
2819,conv2d_13,"(0, 2, 1, 60)",5
2820,conv2d_13,"(0, 2, 24, 18)",2
2821,conv2d_13,"(0, 0, 17, 41)",22
2822,conv2d_13,"(0, 2, 1, 52)",13
2823,conv2d_13,"(0, 2, 2, 42)",20
2824,conv2d_13,"(1, 2, 23, 11)",11
2825,conv2d_13,"(0, 1, 27, 5)",25
2826,conv2d_13,"(2, 2, 29, 25)",31
2827,conv2d_13,"(1, 2, 16, 27)",3
2828,conv2d_13,"(1, 2, 9, 25)",18
2829,conv2d_13,"(1, 0, 3, 11)",30
2830,conv2d_13,"(0, 1, 14, 34)",23
2831,conv2d_13,"(2, 0, 3, 29)",26
2832,conv2d_13,"(0, 2, 22, 38)",13
2833,conv2d_13,"(1, 1, 31, 38)",17
2834,conv2d_13,"(0, 2, 13, 48)",6
2835,conv2d_13,"(2, 2, 5, 48)",10
2836,conv2d_13,"(0, 1, 18, 39)",10
2837,conv2d_13,"(1, 1, 22, 9)",18
2838,conv2d_13,"(0, 1, 12, 0)",21
2839,conv2d_13,"(0, 1, 27, 48)",25
2840,conv2d_13,"(0, 2, 19, 28)",8
2841,conv2d_13,"(0, 2, 20, 55)",31
2842,conv2d_13,"(1, 2, 21, 63)",18
2843,conv2d_13,"(2, 1, 31, 54)",11
2844,conv2d_13,"(2, 2, 31, 11)",7
2845,conv2d_13,"(0, 2, 21, 63)",12
2846,conv2d_13,"(2, 0, 31, 58)",12
2847,conv2d_13,"(1, 2, 3, 21)",20
2848,conv2d_13,"(1, 2, 6, 46)",23
2849,conv2d_13,"(1, 1, 27, 24)",10
2850,conv2d_13,"(1, 1, 28, 44)",31
2851,conv2d_13,"(2, 1, 2, 3)",26
2852,conv2d_13,"(2, 0, 29, 25)",20
2853,conv2d_13,"(2, 1, 21, 35)",22
2854,conv2d_13,"(1, 0, 15, 52)",12
2855,conv2d_13,"(0, 0, 15, 6)",11
2856,conv2d_13,"(1, 2, 24, 5)",0
2857,conv2d_13,"(1, 0, 4, 59)",17
2858,conv2d_13,"(1, 1, 11, 28)",2
2859,conv2d_13,"(2, 0, 5, 6)",4
2860,conv2d_13,"(2, 2, 8, 36)",4
2861,conv2d_13,"(1, 1, 19, 24)",25
2862,conv2d_13,"(1, 1, 25, 27)",11
2863,conv2d_13,"(2, 1, 20, 8)",31
2864,conv2d_13,"(1, 2, 22, 39)",26
2865,conv2d_13,"(0, 1, 28, 27)",29
2866,conv2d_13,"(1, 2, 29, 20)",4
2867,conv2d_13,"(1, 0, 29, 34)",10
2868,conv2d_13,"(1, 0, 3, 8)",22
2869,conv2d_13,"(2, 1, 13, 26)",23
2870,conv2d_13,"(1, 0, 30, 0)",20
2871,conv2d_13,"(2, 1, 13, 12)",3
2872,conv2d_13,"(1, 0, 26, 5)",14
2873,conv2d_13,"(2, 0, 18, 56)",27
2874,conv2d_13,"(0, 1, 3, 24)",21
2875,conv2d_13,"(1, 2, 1, 43)",8
2876,conv2d_13,"(1, 2, 17, 26)",23
2877,conv2d_13,"(0, 0, 3, 4)",13
2878,conv2d_13,"(0, 2, 30, 12)",18
2879,conv2d_13,"(0, 1, 22, 40)",16
2880,conv2d_13,"(1, 2, 13, 53)",3
2881,conv2d_13,"(1, 0, 11, 11)",27
2882,conv2d_13,"(0, 0, 21, 44)",30
2883,conv2d_13,"(1, 2, 4, 30)",29
2884,conv2d_13,"(0, 2, 30, 9)",17
2885,conv2d_13,"(1, 2, 9, 54)",26
2886,conv2d_13,"(2, 0, 2, 3)",10
2887,conv2d_13,"(1, 0, 3, 17)",27
2888,conv2d_13,"(2, 0, 14, 3)",7
2889,conv2d_13,"(2, 0, 5, 4)",0
2890,conv2d_13,"(2, 1, 3, 45)",23
2891,conv2d_13,"(1, 1, 9, 17)",4
2892,conv2d_13,"(0, 2, 27, 48)",2
2893,conv2d_13,"(0, 2, 17, 1)",15
2894,conv2d_13,"(2, 1, 18, 7)",23
2895,conv2d_13,"(2, 2, 16, 56)",5
2896,conv2d_13,"(0, 0, 30, 3)",27
2897,conv2d_13,"(2, 0, 5, 45)",8
2898,conv2d_13,"(0, 2, 3, 52)",21
2899,conv2d_13,"(0, 1, 22, 8)",24
2900,conv2d_13,"(1, 1, 1, 47)",15
2901,conv2d_13,"(0, 1, 10, 34)",5
2902,conv2d_13,"(1, 1, 14, 21)",13
2903,conv2d_13,"(1, 0, 10, 12)",4
2904,conv2d_13,"(2, 2, 5, 20)",14
2905,conv2d_13,"(2, 1, 6, 40)",15
2906,conv2d_13,"(2, 0, 16, 48)",18
2907,conv2d_13,"(1, 0, 0, 43)",12
2908,conv2d_13,"(1, 1, 2, 23)",9
2909,conv2d_13,"(0, 0, 7, 45)",21
2910,conv2d_13,"(2, 1, 27, 30)",27
2911,conv2d_13,"(0, 2, 31, 18)",11
2912,conv2d_13,"(0, 2, 20, 62)",7
2913,conv2d_13,"(0, 0, 24, 34)",19
2914,conv2d_13,"(0, 1, 13, 13)",16
2915,conv2d_13,"(0, 2, 5, 50)",29
2916,conv2d_13,"(2, 2, 0, 48)",4
2917,conv2d_13,"(0, 2, 14, 18)",16
2918,conv2d_13,"(2, 2, 2, 60)",29
2919,conv2d_13,"(1, 2, 19, 47)",31
2920,conv2d_13,"(1, 0, 9, 49)",29
2921,conv2d_13,"(0, 0, 31, 3)",28
2922,conv2d_13,"(0, 0, 21, 0)",5
2923,conv2d_13,"(0, 1, 21, 24)",3
2924,conv2d_13,"(2, 0, 1, 4)",22
2925,conv2d_13,"(1, 2, 17, 20)",21
2926,conv2d_13,"(2, 0, 0, 7)",15
2927,conv2d_13,"(1, 2, 21, 24)",10
2928,conv2d_13,"(2, 0, 4, 17)",10
2929,conv2d_13,"(0, 2, 22, 58)",3
2930,conv2d_13,"(1, 2, 20, 25)",22
2931,conv2d_13,"(1, 2, 0, 44)",0
2932,conv2d_13,"(1, 1, 7, 24)",28
2933,conv2d_13,"(1, 2, 26, 53)",4
2934,conv2d_13,"(2, 0, 19, 0)",27
2935,conv2d_13,"(0, 0, 22, 58)",1
2936,conv2d_13,"(1, 0, 4, 42)",13
2937,conv2d_13,"(0, 1, 0, 1)",5
2938,conv2d_13,"(0, 1, 29, 41)",26
2939,conv2d_13,"(1, 1, 27, 9)",30
2940,conv2d_13,"(1, 2, 27, 0)",10
2941,conv2d_13,"(0, 0, 13, 25)",31
2942,conv2d_13,"(0, 2, 31, 20)",19
2943,conv2d_13,"(1, 2, 25, 24)",20
2944,conv2d_13,"(2, 0, 9, 33)",20
2945,conv2d_13,"(0, 0, 17, 13)",31
2946,conv2d_13,"(1, 2, 6, 1)",2
2947,conv2d_13,"(1, 0, 1, 46)",22
2948,conv2d_13,"(1, 2, 16, 19)",12
2949,conv2d_13,"(1, 1, 11, 32)",3
2950,conv2d_13,"(1, 2, 9, 38)",9
2951,conv2d_13,"(2, 0, 19, 57)",19
2952,conv2d_13,"(0, 2, 12, 37)",13
2953,conv2d_13,"(0, 1, 26, 36)",13
2954,conv2d_13,"(0, 0, 20, 16)",15
2955,conv2d_13,"(1, 0, 31, 57)",16
2956,conv2d_13,"(0, 0, 27, 57)",15
2957,conv2d_13,"(0, 2, 3, 4)",14
2958,conv2d_13,"(0, 2, 13, 19)",19
2959,conv2d_13,"(0, 2, 22, 53)",14
2960,conv2d_13,"(0, 2, 21, 60)",25
2961,conv2d_13,"(0, 0, 31, 21)",16
2962,conv2d_13,"(1, 1, 20, 8)",25
2963,conv2d_13,"(0, 1, 4, 5)",16
2964,conv2d_13,"(0, 0, 21, 5)",3
2965,conv2d_13,"(1, 2, 0, 11)",23
2966,conv2d_13,"(2, 1, 25, 61)",14
2967,conv2d_13,"(0, 1, 13, 25)",13
2968,conv2d_13,"(0, 0, 19, 39)",2
2969,conv2d_13,"(0, 0, 30, 43)",4
2970,conv2d_13,"(2, 2, 2, 28)",23
2971,conv2d_13,"(2, 0, 14, 32)",14
2972,conv2d_13,"(2, 1, 1, 29)",26
2973,conv2d_13,"(1, 0, 26, 11)",14
2974,conv2d_13,"(2, 2, 25, 54)",24
2975,conv2d_13,"(0, 1, 14, 62)",29
2976,conv2d_13,"(2, 2, 0, 54)",5
2977,conv2d_13,"(2, 2, 28, 25)",21
2978,conv2d_13,"(0, 2, 29, 17)",9
2979,conv2d_13,"(2, 1, 28, 19)",1
2980,conv2d_13,"(1, 0, 26, 56)",13
2981,conv2d_13,"(1, 1, 15, 45)",31
2982,conv2d_13,"(0, 1, 8, 55)",26
2983,conv2d_13,"(0, 1, 19, 26)",19
2984,conv2d_13,"(2, 0, 24, 22)",26
2985,conv2d_13,"(0, 0, 26, 36)",29
2986,conv2d_13,"(0, 1, 13, 57)",27
2987,conv2d_13,"(0, 2, 19, 42)",18
2988,conv2d_13,"(2, 1, 21, 27)",30
2989,conv2d_13,"(0, 1, 9, 51)",12
2990,conv2d_13,"(0, 2, 8, 5)",12
2991,conv2d_13,"(1, 0, 10, 52)",12
2992,conv2d_13,"(2, 0, 21, 62)",6
2993,conv2d_13,"(1, 0, 18, 28)",19
2994,conv2d_13,"(1, 1, 9, 35)",7
2995,conv2d_13,"(1, 2, 4, 58)",13
2996,conv2d_13,"(1, 1, 11, 56)",28
2997,conv2d_13,"(0, 1, 13, 19)",11
2998,conv2d_13,"(0, 0, 24, 47)",11
2999,conv2d_13,"(1, 1, 19, 10)",22
3000,conv2d_13,"(2, 1, 8, 37)",4
3001,conv2d_13,"(2, 2, 26, 59)",31
3002,conv2d_13,"(0, 1, 9, 9)",7
3003,conv2d_13,"(0, 2, 25, 56)",31
3004,conv2d_13,"(1, 2, 9, 13)",2
3005,conv2d_13,"(2, 1, 29, 26)",16
3006,conv2d_13,"(1, 0, 27, 28)",17
3007,conv2d_13,"(0, 1, 11, 50)",27
3008,conv2d_13,"(1, 0, 31, 37)",16
3009,conv2d_13,"(0, 1, 26, 33)",24
3010,conv2d_13,"(0, 0, 3, 23)",4
3011,conv2d_13,"(2, 0, 28, 37)",3
3012,conv2d_13,"(1, 2, 26, 15)",8
3013,conv2d_13,"(2, 2, 20, 24)",26
3014,conv2d_13,"(0, 0, 9, 1)",31
3015,conv2d_13,"(0, 2, 21, 41)",13
3016,conv2d_13,"(1, 2, 17, 21)",21
3017,conv2d_13,"(1, 2, 18, 20)",17
3018,conv2d_13,"(1, 1, 7, 10)",13
3019,conv2d_13,"(0, 1, 11, 17)",16
3020,conv2d_13,"(2, 2, 14, 56)",25
3021,conv2d_13,"(2, 2, 5, 18)",16
3022,conv2d_13,"(2, 2, 25, 32)",9
3023,conv2d_13,"(0, 1, 28, 31)",20
3024,conv2d_13,"(0, 0, 25, 13)",8
3025,conv2d_13,"(2, 0, 5, 13)",7
3026,conv2d_13,"(2, 0, 24, 23)",6
3027,conv2d_13,"(0, 0, 10, 41)",8
3028,conv2d_13,"(2, 0, 1, 27)",13
3029,conv2d_13,"(1, 0, 26, 50)",27
3030,conv2d_13,"(1, 0, 12, 55)",20
3031,conv2d_13,"(0, 2, 24, 42)",14
3032,conv2d_13,"(1, 1, 13, 56)",1
3033,conv2d_13,"(0, 1, 7, 52)",1
3034,conv2d_13,"(2, 0, 21, 47)",18
3035,conv2d_13,"(1, 0, 29, 5)",31
3036,conv2d_13,"(1, 2, 0, 8)",27
3037,conv2d_13,"(0, 2, 12, 25)",11
3038,conv2d_13,"(0, 2, 10, 34)",27
3039,conv2d_13,"(2, 2, 23, 22)",26
3040,conv2d_13,"(2, 0, 22, 23)",24
3041,conv2d_13,"(0, 1, 26, 61)",20
3042,conv2d_13,"(0, 2, 9, 55)",24
3043,conv2d_13,"(1, 2, 0, 57)",24
3044,conv2d_13,"(2, 0, 20, 12)",17
3045,conv2d_13,"(2, 1, 21, 6)",30
3046,conv2d_13,"(2, 1, 5, 29)",5
3047,conv2d_13,"(2, 1, 20, 13)",24
3048,conv2d_13,"(1, 1, 18, 60)",26
3049,conv2d_13,"(0, 1, 13, 27)",16
3050,conv2d_13,"(1, 1, 4, 29)",27
3051,conv2d_13,"(0, 1, 22, 11)",3
3052,conv2d_13,"(0, 2, 22, 21)",12
3053,conv2d_13,"(0, 1, 8, 41)",25
3054,conv2d_13,"(0, 2, 20, 13)",30
3055,conv2d_13,"(1, 2, 24, 31)",11
3056,conv2d_13,"(0, 1, 12, 7)",20
3057,conv2d_13,"(0, 1, 4, 42)",19
3058,conv2d_13,"(0, 0, 17, 46)",9
3059,conv2d_13,"(0, 1, 15, 32)",31
3060,conv2d_13,"(0, 2, 20, 43)",21
3061,conv2d_13,"(0, 0, 18, 12)",14
3062,conv2d_13,"(1, 2, 19, 41)",22
3063,conv2d_13,"(1, 1, 22, 62)",19
3064,conv2d_13,"(2, 0, 29, 56)",16
3065,conv2d_13,"(1, 1, 12, 11)",21
3066,conv2d_13,"(2, 1, 21, 45)",4
3067,conv2d_13,"(0, 0, 6, 14)",11
3068,conv2d_13,"(0, 2, 19, 17)",21
3069,conv2d_13,"(0, 1, 5, 50)",15
3070,conv2d_13,"(1, 1, 1, 59)",24
3071,conv2d_13,"(1, 0, 28, 11)",27
3072,conv2d_13,"(1, 2, 26, 24)",7
3073,conv2d_13,"(2, 2, 30, 0)",30
3074,conv2d_13,"(0, 1, 2, 61)",21
3075,conv2d_13,"(2, 2, 20, 32)",24
3076,conv2d_13,"(2, 1, 23, 7)",3
3077,conv2d_13,"(0, 1, 7, 60)",27
3078,conv2d_13,"(2, 1, 29, 15)",8
3079,conv2d_13,"(2, 2, 24, 58)",27
3080,conv2d_13,"(2, 2, 5, 14)",28
3081,conv2d_13,"(1, 0, 13, 62)",20
3082,conv2d_13,"(2, 1, 11, 3)",20
3083,conv2d_13,"(0, 1, 21, 45)",11
3084,conv2d_13,"(2, 1, 0, 26)",18
3085,conv2d_13,"(2, 0, 16, 63)",28
3086,conv2d_13,"(1, 1, 24, 9)",22
3087,conv2d_13,"(2, 0, 7, 20)",30
3088,conv2d_13,"(1, 2, 7, 22)",12
3089,conv2d_13,"(1, 2, 1, 35)",29
3090,conv2d_13,"(2, 0, 12, 34)",16
3091,conv2d_13,"(0, 2, 16, 14)",3
3092,conv2d_13,"(2, 1, 21, 19)",28
3093,conv2d_13,"(0, 0, 0, 29)",21
3094,conv2d_13,"(2, 0, 25, 33)",20
3095,conv2d_13,"(2, 0, 12, 33)",23
3096,conv2d_13,"(0, 2, 5, 44)",23
3097,conv2d_13,"(1, 2, 21, 6)",9
3098,conv2d_13,"(0, 1, 20, 28)",4
3099,conv2d_13,"(0, 2, 23, 29)",6
3100,conv2d_13,"(1, 0, 9, 57)",21
3101,conv2d_13,"(2, 1, 14, 9)",12
3102,conv2d_13,"(1, 2, 4, 4)",14
3103,conv2d_13,"(0, 1, 18, 45)",17
3104,conv2d_13,"(1, 0, 27, 44)",28
3105,conv2d_13,"(1, 2, 13, 25)",23
3106,conv2d_13,"(1, 1, 4, 21)",16
3107,conv2d_13,"(2, 1, 19, 28)",15
3108,conv2d_13,"(0, 2, 19, 38)",24
3109,conv2d_13,"(0, 0, 4, 37)",20
3110,conv2d_13,"(0, 0, 27, 44)",30
3111,conv2d_13,"(0, 0, 3, 57)",18
3112,conv2d_14,"(1, 0, 41, 0)",21
3113,conv2d_14,"(2, 0, 60, 18)",9
3114,conv2d_14,"(0, 1, 0, 54)",8
3115,conv2d_14,"(2, 2, 42, 57)",5
3116,conv2d_14,"(1, 1, 26, 16)",11
3117,conv2d_14,"(1, 0, 49, 23)",27
3118,conv2d_14,"(0, 2, 51, 47)",14
3119,conv2d_14,"(0, 2, 4, 0)",26
3120,conv2d_14,"(1, 0, 56, 11)",6
3121,conv2d_14,"(1, 0, 48, 50)",11
3122,conv2d_14,"(0, 2, 43, 45)",5
3123,conv2d_14,"(0, 1, 20, 37)",1
3124,conv2d_14,"(2, 2, 47, 34)",14
3125,conv2d_14,"(1, 1, 1, 6)",28
3126,conv2d_14,"(2, 2, 22, 20)",24
3127,conv2d_14,"(0, 0, 27, 17)",8
3128,conv2d_14,"(0, 1, 8, 10)",18
3129,conv2d_14,"(1, 0, 42, 42)",18
3130,conv2d_14,"(1, 0, 10, 42)",14
3131,conv2d_14,"(0, 1, 54, 31)",6
3132,conv2d_14,"(2, 1, 5, 8)",6
3133,conv2d_14,"(0, 0, 61, 8)",5
3134,conv2d_14,"(2, 2, 61, 37)",3
3135,conv2d_14,"(1, 0, 3, 31)",21
3136,conv2d_14,"(2, 1, 56, 21)",30
3137,conv2d_14,"(2, 0, 55, 15)",25
3138,conv2d_14,"(0, 0, 32, 53)",23
3139,conv2d_14,"(2, 2, 35, 21)",30
3140,conv2d_14,"(2, 2, 62, 55)",10
3141,conv2d_14,"(0, 2, 55, 14)",9
3142,conv2d_14,"(2, 1, 43, 51)",14
3143,conv2d_14,"(1, 2, 9, 15)",22
3144,conv2d_14,"(2, 0, 62, 22)",31
3145,conv2d_14,"(1, 0, 17, 14)",22
3146,conv2d_14,"(1, 1, 32, 53)",21
3147,conv2d_14,"(1, 0, 61, 5)",25
3148,conv2d_14,"(0, 1, 8, 40)",31
3149,conv2d_14,"(0, 1, 50, 52)",0
3150,conv2d_14,"(0, 0, 33, 1)",15
3151,conv2d_14,"(1, 1, 60, 15)",19
3152,conv2d_14,"(1, 0, 47, 54)",2
3153,conv2d_14,"(2, 1, 22, 45)",6
3154,conv2d_14,"(0, 1, 44, 46)",24
3155,conv2d_14,"(0, 0, 19, 26)",19
3156,conv2d_14,"(2, 1, 60, 38)",16
3157,conv2d_14,"(1, 2, 49, 46)",21
3158,conv2d_14,"(0, 1, 1, 60)",21
3159,conv2d_14,"(1, 2, 14, 43)",13
3160,conv2d_14,"(1, 1, 60, 55)",20
3161,conv2d_14,"(1, 1, 15, 25)",16
3162,conv2d_14,"(2, 1, 28, 5)",12
3163,conv2d_14,"(1, 2, 36, 51)",12
3164,conv2d_14,"(0, 2, 38, 35)",6
3165,conv2d_14,"(1, 0, 49, 7)",10
3166,conv2d_14,"(0, 2, 63, 22)",1
3167,conv2d_14,"(1, 1, 45, 36)",6
3168,conv2d_14,"(2, 1, 48, 41)",30
3169,conv2d_14,"(2, 2, 1, 15)",27
3170,conv2d_14,"(1, 0, 29, 38)",13
3171,conv2d_14,"(1, 0, 52, 35)",3
3172,conv2d_14,"(2, 2, 34, 26)",13
3173,conv2d_14,"(2, 0, 63, 30)",0
3174,conv2d_14,"(1, 1, 32, 41)",6
3175,conv2d_14,"(1, 1, 49, 18)",17
3176,conv2d_14,"(0, 0, 20, 55)",0
3177,conv2d_14,"(2, 2, 17, 53)",21
3178,conv2d_14,"(0, 0, 10, 56)",13
3179,conv2d_14,"(2, 2, 58, 18)",2
3180,conv2d_14,"(1, 1, 53, 61)",20
3181,conv2d_14,"(0, 0, 25, 43)",7
3182,conv2d_14,"(2, 2, 55, 38)",1
3183,conv2d_14,"(2, 2, 41, 52)",23
3184,conv2d_14,"(0, 0, 6, 63)",17
3185,conv2d_14,"(0, 0, 5, 3)",16
3186,conv2d_14,"(0, 0, 45, 45)",0
3187,conv2d_14,"(0, 1, 3, 40)",16
3188,conv2d_14,"(0, 2, 8, 62)",24
3189,conv2d_14,"(1, 0, 63, 28)",13
3190,conv2d_14,"(1, 1, 62, 42)",5
3191,conv2d_14,"(0, 0, 41, 6)",27
3192,conv2d_14,"(2, 2, 34, 18)",21
3193,conv2d_14,"(0, 2, 9, 19)",3
3194,conv2d_14,"(2, 1, 16, 55)",20
3195,conv2d_14,"(1, 2, 48, 55)",8
3196,conv2d_14,"(0, 2, 3, 41)",27
3197,conv2d_14,"(1, 1, 28, 18)",4
3198,conv2d_14,"(2, 2, 38, 31)",24
3199,conv2d_14,"(2, 1, 34, 10)",17
3200,conv2d_14,"(2, 0, 62, 29)",5
3201,conv2d_14,"(1, 0, 62, 23)",10
3202,conv2d_14,"(1, 2, 45, 8)",16
3203,conv2d_14,"(1, 0, 7, 43)",1
3204,conv2d_14,"(1, 0, 52, 13)",0
3205,conv2d_14,"(1, 1, 52, 36)",18
3206,conv2d_14,"(2, 0, 40, 50)",1
3207,conv2d_14,"(0, 2, 53, 41)",29
3208,conv2d_14,"(2, 2, 35, 36)",26
3209,conv2d_14,"(1, 1, 51, 30)",7
3210,conv2d_14,"(0, 1, 47, 22)",10
3211,conv2d_14,"(0, 1, 36, 55)",4
3212,conv2d_14,"(2, 1, 61, 55)",7
3213,conv2d_14,"(2, 1, 18, 32)",13
3214,conv2d_14,"(0, 2, 18, 2)",6
3215,conv2d_14,"(2, 0, 7, 46)",15
3216,conv2d_14,"(0, 0, 24, 56)",23
3217,conv2d_14,"(2, 1, 54, 25)",5
3218,conv2d_14,"(2, 0, 22, 19)",24
3219,conv2d_14,"(1, 0, 54, 41)",15
3220,conv2d_14,"(0, 2, 24, 59)",17
3221,conv2d_14,"(2, 2, 55, 41)",10
3222,conv2d_14,"(1, 2, 25, 8)",1
3223,conv2d_14,"(0, 1, 33, 44)",1
3224,conv2d_14,"(2, 0, 12, 9)",28
3225,conv2d_14,"(1, 1, 17, 63)",17
3226,conv2d_14,"(0, 2, 0, 12)",25
3227,conv2d_14,"(1, 2, 12, 3)",1
3228,conv2d_14,"(2, 0, 32, 30)",27
3229,conv2d_14,"(0, 0, 43, 29)",7
3230,conv2d_14,"(2, 1, 2, 34)",24
3231,conv2d_14,"(2, 1, 23, 52)",28
3232,conv2d_14,"(0, 0, 30, 27)",4
3233,conv2d_14,"(0, 1, 0, 63)",5
3234,conv2d_14,"(2, 0, 3, 60)",25
3235,conv2d_14,"(1, 1, 3, 3)",19
3236,conv2d_14,"(0, 2, 14, 4)",1
3237,conv2d_14,"(2, 0, 41, 62)",2
3238,conv2d_14,"(1, 0, 20, 6)",30
3239,conv2d_14,"(0, 0, 5, 10)",9
3240,conv2d_14,"(1, 0, 60, 19)",27
3241,conv2d_14,"(1, 2, 22, 6)",28
3242,conv2d_14,"(1, 2, 4, 63)",11
3243,conv2d_14,"(1, 1, 22, 25)",19
3244,conv2d_14,"(2, 2, 39, 41)",15
3245,conv2d_14,"(1, 2, 13, 5)",1
3246,conv2d_14,"(1, 2, 15, 8)",4
3247,conv2d_14,"(0, 1, 40, 10)",24
3248,conv2d_14,"(0, 1, 22, 7)",1
3249,conv2d_14,"(2, 2, 62, 6)",11
3250,conv2d_14,"(0, 0, 0, 61)",31
3251,conv2d_14,"(1, 1, 46, 30)",23
3252,conv2d_14,"(2, 2, 51, 32)",7
3253,conv2d_14,"(1, 2, 9, 26)",1
3254,conv2d_14,"(2, 0, 33, 7)",8
3255,conv2d_14,"(1, 1, 54, 39)",22
3256,conv2d_14,"(2, 0, 13, 1)",19
3257,conv2d_14,"(2, 0, 38, 6)",12
3258,conv2d_14,"(1, 1, 49, 56)",18
3259,conv2d_14,"(1, 2, 48, 40)",0
3260,conv2d_14,"(2, 2, 4, 57)",26
3261,conv2d_14,"(0, 2, 15, 56)",13
3262,conv2d_14,"(1, 2, 11, 43)",8
3263,conv2d_14,"(2, 2, 49, 44)",26
3264,conv2d_14,"(1, 0, 21, 40)",19
3265,conv2d_14,"(2, 2, 14, 1)",30
3266,conv2d_14,"(2, 1, 33, 4)",3
3267,conv2d_14,"(2, 2, 42, 51)",27
3268,conv2d_14,"(0, 0, 23, 58)",17
3269,conv2d_14,"(2, 0, 3, 41)",22
3270,conv2d_14,"(2, 2, 34, 29)",5
3271,conv2d_14,"(1, 1, 18, 63)",16
3272,conv2d_14,"(0, 2, 50, 62)",11
3273,conv2d_14,"(0, 1, 22, 57)",10
3274,conv2d_14,"(1, 2, 33, 55)",25
3275,conv2d_14,"(2, 2, 33, 28)",17
3276,conv2d_14,"(2, 0, 39, 49)",4
3277,conv2d_14,"(2, 2, 16, 23)",30
3278,conv2d_14,"(1, 1, 1, 11)",18
3279,conv2d_14,"(0, 2, 52, 53)",16
3280,conv2d_14,"(1, 0, 63, 21)",25
3281,conv2d_14,"(2, 1, 44, 43)",8
3282,conv2d_14,"(0, 2, 25, 44)",16
3283,conv2d_14,"(0, 0, 52, 38)",30
3284,conv2d_14,"(1, 1, 30, 60)",30
3285,conv2d_14,"(0, 1, 62, 45)",15
3286,conv2d_14,"(1, 1, 4, 7)",11
3287,conv2d_14,"(1, 1, 58, 42)",1
3288,conv2d_14,"(2, 2, 16, 45)",1
3289,conv2d_14,"(2, 2, 41, 48)",7
3290,conv2d_14,"(0, 2, 24, 0)",20
3291,conv2d_14,"(1, 0, 37, 15)",9
3292,conv2d_14,"(2, 1, 63, 43)",3
3293,conv2d_14,"(1, 1, 23, 3)",3
3294,conv2d_14,"(2, 0, 52, 40)",18
3295,conv2d_14,"(0, 0, 12, 10)",11
3296,conv2d_14,"(1, 2, 63, 47)",1
3297,conv2d_14,"(2, 0, 6, 26)",21
3298,conv2d_14,"(2, 1, 38, 22)",10
3299,conv2d_14,"(0, 2, 62, 32)",11
3300,conv2d_14,"(1, 1, 50, 6)",17
3301,conv2d_14,"(2, 1, 57, 63)",23
3302,conv2d_14,"(2, 2, 33, 13)",17
3303,conv2d_14,"(1, 1, 36, 16)",14
3304,conv2d_14,"(1, 2, 29, 20)",19
3305,conv2d_14,"(2, 1, 29, 52)",8
3306,conv2d_14,"(0, 1, 24, 2)",1
3307,conv2d_14,"(2, 1, 16, 17)",25
3308,conv2d_14,"(2, 2, 10, 19)",8
3309,conv2d_14,"(2, 2, 32, 19)",17
3310,conv2d_14,"(1, 0, 47, 63)",7
3311,conv2d_14,"(0, 2, 47, 54)",16
3312,conv2d_14,"(0, 1, 25, 54)",7
3313,conv2d_14,"(0, 2, 41, 22)",23
3314,conv2d_14,"(2, 2, 33, 45)",30
3315,conv2d_14,"(1, 0, 44, 21)",22
3316,conv2d_14,"(1, 0, 17, 41)",8
3317,conv2d_14,"(0, 1, 26, 54)",13
3318,conv2d_14,"(0, 2, 35, 50)",1
3319,conv2d_14,"(1, 1, 18, 28)",29
3320,conv2d_14,"(1, 2, 29, 24)",11
3321,conv2d_14,"(1, 0, 62, 59)",29
3322,conv2d_14,"(1, 1, 12, 27)",28
3323,conv2d_14,"(0, 0, 42, 61)",28
3324,conv2d_14,"(2, 1, 49, 19)",22
3325,conv2d_14,"(2, 2, 46, 16)",5
3326,conv2d_14,"(2, 1, 23, 39)",9
3327,conv2d_14,"(2, 1, 20, 22)",12
3328,conv2d_14,"(1, 0, 42, 9)",9
3329,conv2d_14,"(2, 2, 40, 62)",27
3330,conv2d_14,"(0, 2, 53, 38)",8
3331,conv2d_14,"(0, 0, 52, 25)",5
3332,conv2d_14,"(1, 1, 15, 16)",26
3333,conv2d_14,"(0, 2, 61, 52)",16
3334,conv2d_14,"(2, 0, 36, 63)",2
3335,conv2d_14,"(1, 1, 31, 59)",16
3336,conv2d_14,"(1, 0, 9, 38)",10
3337,conv2d_14,"(2, 1, 35, 63)",12
3338,conv2d_14,"(2, 1, 10, 34)",28
3339,conv2d_14,"(0, 2, 52, 23)",1
3340,conv2d_14,"(1, 2, 2, 18)",15
3341,conv2d_14,"(2, 2, 53, 11)",21
3342,conv2d_14,"(1, 1, 7, 38)",2
3343,conv2d_14,"(0, 2, 31, 51)",12
3344,conv2d_14,"(0, 0, 5, 45)",3
3345,conv2d_14,"(1, 2, 0, 41)",8
3346,conv2d_14,"(2, 2, 60, 52)",9
3347,conv2d_14,"(2, 2, 39, 57)",6
3348,conv2d_14,"(0, 1, 54, 14)",5
3349,conv2d_14,"(2, 1, 61, 25)",30
3350,conv2d_14,"(2, 1, 39, 56)",19
3351,conv2d_14,"(0, 1, 28, 44)",21
3352,conv2d_14,"(2, 0, 35, 30)",20
3353,conv2d_14,"(1, 0, 61, 26)",4
3354,conv2d_14,"(2, 0, 39, 9)",18
3355,conv2d_14,"(2, 2, 52, 17)",29
3356,conv2d_14,"(0, 2, 56, 31)",26
3357,conv2d_14,"(0, 2, 59, 10)",29
3358,conv2d_14,"(0, 0, 41, 50)",1
3359,conv2d_14,"(0, 1, 31, 8)",16
3360,conv2d_14,"(2, 1, 43, 14)",24
3361,conv2d_14,"(2, 0, 45, 22)",29
3362,conv2d_14,"(1, 1, 39, 63)",17
3363,conv2d_14,"(0, 2, 60, 63)",15
3364,conv2d_14,"(2, 0, 45, 26)",27
3365,conv2d_14,"(2, 1, 19, 7)",5
3366,conv2d_14,"(0, 1, 40, 12)",4
3367,conv2d_14,"(2, 2, 57, 21)",19
3368,conv2d_14,"(1, 0, 51, 26)",10
3369,conv2d_14,"(2, 0, 60, 54)",27
3370,conv2d_14,"(1, 1, 32, 14)",14
3371,conv2d_14,"(0, 1, 62, 54)",9
3372,conv2d_14,"(2, 1, 9, 21)",6
3373,conv2d_14,"(0, 0, 42, 31)",1
3374,conv2d_14,"(1, 0, 9, 5)",31
3375,conv2d_14,"(2, 2, 10, 17)",17
3376,conv2d_14,"(0, 0, 20, 2)",23
3377,conv2d_14,"(2, 0, 34, 41)",21
3378,conv2d_14,"(1, 2, 10, 62)",13
3379,conv2d_14,"(1, 0, 0, 40)",22
3380,conv2d_14,"(2, 0, 38, 57)",3
3381,conv2d_14,"(2, 1, 13, 31)",11
3382,conv2d_14,"(2, 1, 40, 47)",30
3383,conv2d_14,"(1, 0, 63, 41)",14
3384,conv2d_14,"(0, 0, 41, 29)",20
3385,conv2d_14,"(2, 1, 51, 15)",0
3386,conv2d_14,"(1, 0, 53, 57)",7
3387,conv2d_14,"(2, 1, 7, 48)",1
3388,conv2d_14,"(0, 0, 16, 38)",6
3389,conv2d_14,"(2, 2, 3, 61)",22
3390,conv2d_14,"(2, 2, 32, 48)",3
3391,conv2d_14,"(1, 0, 14, 57)",2
3392,conv2d_14,"(1, 1, 6, 4)",23
3393,conv2d_14,"(1, 2, 22, 46)",20
3394,conv2d_14,"(2, 0, 45, 11)",30
3395,conv2d_14,"(2, 1, 29, 44)",31
3396,conv2d_14,"(0, 2, 45, 54)",29
3397,conv2d_14,"(0, 1, 14, 2)",21
3398,conv2d_14,"(1, 0, 2, 47)",25
3399,conv2d_14,"(1, 2, 19, 0)",7
3400,conv2d_14,"(1, 1, 38, 59)",2
3401,conv2d_14,"(0, 0, 27, 15)",0
3402,conv2d_14,"(2, 2, 63, 38)",16
3403,conv2d_14,"(1, 2, 12, 62)",14
3404,conv2d_14,"(2, 1, 44, 15)",19
3405,conv2d_14,"(2, 2, 20, 13)",15
3406,conv2d_14,"(0, 2, 49, 46)",0
3407,conv2d_14,"(2, 1, 58, 18)",21
3408,conv2d_14,"(1, 0, 44, 22)",23
3409,conv2d_14,"(0, 2, 0, 59)",22
3410,conv2d_14,"(2, 2, 7, 13)",13
3411,conv2d_14,"(1, 1, 5, 56)",30
3412,conv2d_14,"(1, 0, 31, 14)",22
3413,conv2d_14,"(1, 1, 53, 47)",26
3414,conv2d_14,"(2, 0, 5, 31)",9
3415,conv2d_14,"(2, 2, 12, 29)",22
3416,conv2d_14,"(1, 2, 18, 12)",31
3417,conv2d_14,"(1, 2, 43, 17)",14
3418,conv2d_14,"(0, 0, 11, 9)",3
3419,conv2d_14,"(2, 0, 37, 4)",22
3420,conv2d_14,"(2, 1, 7, 44)",20
3421,conv2d_14,"(0, 2, 5, 21)",13
3422,conv2d_14,"(0, 0, 34, 36)",18
3423,conv2d_14,"(1, 2, 60, 11)",23
3424,conv2d_14,"(0, 0, 43, 47)",14
3425,conv2d_14,"(0, 0, 44, 43)",12
3426,conv2d_14,"(2, 2, 27, 14)",12
3427,conv2d_14,"(1, 2, 57, 28)",3
3428,conv2d_14,"(1, 0, 63, 0)",28
3429,conv2d_14,"(0, 1, 5, 8)",7
3430,conv2d_14,"(2, 2, 27, 9)",23
3431,conv2d_14,"(2, 0, 36, 35)",7
3432,conv2d_14,"(0, 0, 21, 10)",28
3433,conv2d_14,"(1, 0, 32, 12)",28
3434,conv2d_14,"(1, 1, 16, 22)",21
3435,conv2d_14,"(2, 1, 41, 11)",1
3436,conv2d_14,"(1, 2, 11, 19)",12
3437,conv2d_14,"(0, 1, 12, 34)",6
3438,conv2d_14,"(0, 1, 0, 51)",20
3439,conv2d_14,"(0, 0, 58, 44)",13
3440,conv2d_14,"(0, 0, 7, 43)",30
3441,conv2d_14,"(2, 1, 0, 28)",24
3442,conv2d_14,"(0, 0, 55, 63)",6
3443,conv2d_14,"(0, 0, 13, 35)",28
3444,conv2d_14,"(0, 0, 29, 6)",30
3445,conv2d_14,"(0, 2, 46, 16)",21
3446,conv2d_14,"(2, 2, 10, 28)",4
3447,conv2d_14,"(2, 0, 34, 47)",4
3448,conv2d_14,"(2, 1, 10, 1)",12
3449,conv2d_14,"(1, 2, 32, 41)",3
3450,conv2d_14,"(2, 2, 25, 19)",16
3451,conv2d_14,"(2, 1, 56, 32)",20
3452,conv2d_14,"(1, 1, 21, 61)",31
3453,conv2d_14,"(0, 2, 54, 30)",14
3454,conv2d_14,"(2, 2, 4, 36)",2
3455,conv2d_14,"(0, 2, 2, 2)",23
3456,conv2d_14,"(2, 0, 60, 44)",17
3457,conv2d_14,"(1, 2, 40, 50)",31
3458,conv2d_14,"(2, 1, 14, 38)",4
3459,conv2d_14,"(0, 1, 25, 20)",20
3460,conv2d_14,"(2, 1, 15, 19)",0
3461,conv2d_14,"(2, 2, 0, 56)",5
3462,conv2d_14,"(2, 2, 46, 63)",1
3463,conv2d_14,"(0, 0, 27, 27)",26
3464,conv2d_14,"(1, 0, 35, 55)",19
3465,conv2d_14,"(0, 2, 20, 38)",28
3466,conv2d_14,"(1, 2, 24, 16)",13
3467,conv2d_14,"(1, 2, 9, 23)",18
3468,conv2d_14,"(1, 0, 22, 5)",28
3469,conv2d_14,"(0, 1, 21, 22)",5
3470,conv2d_14,"(0, 0, 22, 46)",28
3471,conv2d_14,"(2, 0, 17, 1)",17
3472,conv2d_14,"(1, 2, 58, 41)",15
3473,conv2d_14,"(0, 1, 52, 26)",19
3474,conv2d_14,"(1, 1, 62, 22)",13
3475,conv2d_14,"(1, 1, 60, 41)",17
3476,conv2d_14,"(1, 0, 52, 46)",13
3477,conv2d_14,"(0, 2, 41, 50)",20
3478,conv2d_14,"(2, 1, 0, 36)",2
3479,conv2d_14,"(1, 1, 20, 6)",18
3480,conv2d_14,"(1, 1, 34, 38)",13
3481,conv2d_14,"(2, 0, 2, 10)",2
3482,conv2d_14,"(2, 2, 30, 63)",12
3483,conv2d_14,"(0, 2, 18, 12)",1
3484,conv2d_14,"(0, 2, 31, 7)",2
3485,conv2d_14,"(2, 0, 24, 2)",28
3486,conv2d_14,"(2, 2, 36, 27)",15
3487,conv2d_14,"(2, 1, 5, 60)",6
3488,conv2d_14,"(1, 2, 28, 34)",2
3489,conv2d_14,"(2, 2, 6, 63)",10
3490,conv2d_14,"(1, 0, 47, 48)",16
3491,conv2d_14,"(1, 0, 54, 26)",24
3492,conv2d_14,"(1, 1, 63, 38)",31
3493,conv2d_14,"(0, 0, 17, 12)",11
3494,conv2d_14,"(0, 2, 2, 1)",12
3495,conv2d_14,"(1, 2, 19, 30)",19
3496,conv2d_14,"(1, 2, 53, 35)",11
3497,conv2d_14,"(2, 2, 34, 31)",30
3498,conv2d_14,"(0, 2, 51, 41)",28
3499,conv2d_14,"(0, 2, 6, 22)",28
3500,conv2d_14,"(1, 2, 30, 62)",9
3501,conv2d_14,"(0, 0, 17, 38)",12
3502,conv2d_14,"(2, 1, 29, 56)",28
3503,conv2d_14,"(0, 0, 13, 18)",25
3504,conv2d_14,"(0, 0, 30, 7)",11
3505,conv2d_14,"(2, 2, 25, 11)",0
3506,conv2d_14,"(1, 1, 39, 48)",28
3507,conv2d_14,"(2, 2, 10, 7)",30
3508,conv2d_14,"(0, 0, 17, 2)",14
3509,conv2d_14,"(2, 2, 59, 63)",4
3510,conv2d_14,"(0, 1, 24, 63)",1
3511,conv2d_14,"(2, 1, 9, 17)",29
3512,conv2d_14,"(1, 2, 63, 26)",3
3513,conv2d_14,"(0, 0, 32, 57)",12
3514,conv2d_14,"(1, 2, 18, 25)",22
3515,conv2d_14,"(0, 1, 37, 63)",25
3516,conv2d_14,"(1, 0, 9, 44)",8
3517,conv2d_14,"(2, 1, 6, 52)",22
3518,conv2d_14,"(1, 1, 29, 16)",3
3519,conv2d_14,"(1, 0, 46, 18)",11
3520,conv2d_14,"(1, 2, 53, 26)",19
3521,conv2d_14,"(1, 0, 55, 52)",21
3522,conv2d_14,"(1, 2, 36, 60)",27
3523,conv2d_14,"(1, 0, 60, 55)",16
3524,conv2d_14,"(0, 2, 42, 38)",14
3525,conv2d_14,"(0, 1, 42, 57)",20
3526,conv2d_14,"(2, 0, 25, 6)",18
3527,conv2d_14,"(0, 0, 14, 50)",3
3528,conv2d_14,"(1, 2, 45, 54)",22
3529,conv2d_14,"(1, 2, 56, 59)",9
3530,conv2d_14,"(0, 0, 46, 21)",29
3531,conv2d_14,"(1, 2, 53, 29)",28
3532,conv2d_14,"(2, 0, 4, 4)",13
3533,conv2d_14,"(0, 0, 16, 40)",18
3534,conv2d_14,"(0, 0, 2, 30)",29
3535,conv2d_14,"(1, 1, 28, 62)",7
3536,conv2d_14,"(1, 2, 18, 28)",19
3537,conv2d_14,"(0, 0, 1, 18)",31
3538,conv2d_14,"(0, 2, 29, 52)",31
3539,conv2d_14,"(0, 0, 27, 23)",30
3540,conv2d_14,"(2, 1, 29, 45)",26
3541,conv2d_14,"(2, 1, 15, 18)",19
3542,conv2d_14,"(1, 1, 22, 8)",0
3543,conv2d_14,"(2, 0, 51, 42)",31
3544,conv2d_14,"(2, 1, 25, 20)",29
3545,conv2d_14,"(1, 0, 32, 63)",13
3546,conv2d_14,"(2, 2, 14, 46)",16
3547,conv2d_14,"(1, 0, 58, 59)",3
3548,conv2d_14,"(2, 1, 7, 19)",23
3549,conv2d_14,"(1, 2, 58, 26)",6
3550,conv2d_14,"(0, 1, 60, 53)",11
3551,conv2d_14,"(1, 2, 36, 30)",20
3552,conv2d_14,"(0, 2, 33, 34)",4
3553,conv2d_14,"(2, 0, 10, 9)",23
3554,conv2d_14,"(0, 0, 4, 7)",21
3555,conv2d_14,"(0, 2, 12, 63)",23
3556,conv2d_14,"(2, 1, 51, 62)",28
3557,conv2d_14,"(1, 1, 54, 8)",2
3558,conv2d_14,"(0, 0, 60, 42)",14
3559,conv2d_14,"(2, 1, 56, 42)",9
3560,conv2d_14,"(1, 1, 43, 44)",12
3561,conv2d_14,"(2, 1, 45, 63)",20
3562,conv2d_14,"(2, 1, 55, 10)",22
3563,conv2d_14,"(0, 1, 31, 40)",25
3564,conv2d_14,"(1, 0, 50, 49)",3
3565,conv2d_14,"(2, 2, 41, 4)",7
3566,conv2d_14,"(1, 1, 25, 41)",22
3567,conv2d_14,"(0, 0, 56, 45)",23
3568,conv2d_14,"(0, 1, 33, 46)",24
3569,conv2d_14,"(1, 2, 31, 42)",14
3570,conv2d_14,"(0, 1, 53, 9)",27
3571,conv2d_14,"(1, 0, 3, 41)",23
3572,conv2d_14,"(2, 1, 43, 5)",2
3573,conv2d_14,"(0, 1, 18, 14)",21
3574,conv2d_14,"(1, 0, 38, 20)",0
3575,conv2d_14,"(0, 0, 23, 2)",31
3576,conv2d_14,"(1, 0, 57, 8)",25
3577,conv2d_14,"(2, 0, 62, 26)",18
3578,conv2d_14,"(1, 2, 13, 63)",13
3579,conv2d_14,"(0, 1, 22, 62)",11
3580,conv2d_14,"(0, 1, 21, 47)",20
3581,conv2d_14,"(0, 1, 4, 20)",9
3582,conv2d_14,"(2, 0, 29, 8)",4
3583,conv2d_14,"(1, 0, 21, 34)",24
3584,conv2d_14,"(1, 2, 42, 16)",21
3585,conv2d_14,"(2, 0, 24, 44)",4
3586,conv2d_14,"(1, 1, 29, 50)",1
3587,conv2d_14,"(0, 0, 37, 14)",23
3588,conv2d_14,"(1, 2, 0, 11)",21
3589,conv2d_14,"(1, 1, 7, 48)",25
3590,conv2d_14,"(0, 1, 55, 62)",13
3591,conv2d_14,"(0, 0, 11, 29)",18
3592,conv2d_14,"(0, 2, 62, 46)",9
3593,conv2d_14,"(0, 2, 62, 30)",13
3594,conv2d_14,"(0, 0, 36, 45)",24
3595,conv2d_14,"(2, 0, 4, 32)",3
3596,conv2d_14,"(2, 0, 31, 51)",30
3597,conv2d_14,"(2, 0, 12, 33)",18
3598,conv2d_14,"(2, 2, 7, 19)",23
3599,conv2d_14,"(0, 1, 56, 24)",16
3600,conv2d_14,"(2, 0, 36, 42)",26
3601,conv2d_14,"(1, 1, 60, 56)",26
3602,conv2d_14,"(2, 2, 62, 53)",2
3603,conv2d_14,"(2, 1, 19, 37)",13
3604,conv2d_14,"(1, 2, 17, 7)",5
3605,conv2d_14,"(0, 2, 39, 20)",2
3606,conv2d_14,"(1, 2, 60, 0)",17
3607,conv2d_14,"(2, 2, 47, 19)",1
3608,conv2d_14,"(2, 2, 24, 52)",20
3609,conv2d_14,"(2, 1, 55, 37)",19
3610,conv2d_14,"(2, 0, 19, 30)",28
3611,conv2d_14,"(2, 0, 52, 38)",10
3612,conv2d_14,"(0, 0, 14, 37)",5
3613,conv2d_14,"(2, 1, 26, 2)",28
3614,conv2d_14,"(0, 0, 51, 7)",25
3615,conv2d_14,"(2, 1, 40, 38)",11
3616,conv2d_14,"(2, 2, 3, 31)",26
3617,conv2d_14,"(1, 1, 6, 46)",5
3618,conv2d_14,"(2, 0, 43, 16)",27
3619,conv2d_14,"(2, 0, 33, 23)",8
3620,conv2d_14,"(2, 0, 39, 4)",17
3621,conv2d_14,"(1, 0, 36, 60)",5
3622,conv2d_14,"(1, 2, 43, 15)",3
3623,conv2d_14,"(0, 0, 47, 30)",6
3624,conv2d_14,"(1, 0, 54, 48)",27
3625,conv2d_14,"(1, 1, 41, 13)",22
3626,conv2d_14,"(0, 2, 36, 58)",16
3627,conv2d_14,"(2, 0, 22, 34)",6
3628,conv2d_14,"(1, 0, 1, 10)",1
3629,conv2d_14,"(0, 2, 38, 6)",21
3630,conv2d_14,"(0, 0, 32, 8)",8
3631,conv2d_14,"(2, 1, 6, 25)",3
3632,conv2d_14,"(2, 2, 21, 28)",17
3633,conv2d_14,"(0, 0, 6, 38)",7
3634,conv2d_14,"(0, 2, 48, 17)",29
3635,conv2d_14,"(0, 0, 13, 6)",28
3636,conv2d_14,"(0, 0, 61, 21)",1
3637,conv2d_14,"(0, 2, 47, 35)",10
3638,conv2d_14,"(0, 0, 4, 29)",12
3639,conv2d_14,"(2, 1, 10, 59)",11
3640,conv2d_14,"(2, 2, 36, 11)",1
3641,conv2d_14,"(0, 2, 40, 29)",20
3642,conv2d_14,"(0, 2, 20, 58)",4
3643,conv2d_14,"(1, 2, 10, 36)",26
3644,conv2d_14,"(1, 2, 51, 4)",15
3645,conv2d_14,"(2, 2, 23, 1)",5
3646,conv2d_14,"(2, 0, 30, 58)",30
3647,conv2d_14,"(1, 2, 5, 20)",11
3648,conv2d_14,"(1, 0, 29, 62)",4
3649,conv2d_14,"(1, 0, 8, 18)",14
3650,conv2d_14,"(1, 2, 62, 60)",20
3651,conv2d_14,"(1, 0, 0, 27)",20
3652,conv2d_14,"(1, 1, 53, 56)",22
3653,conv2d_14,"(0, 0, 63, 17)",28
3654,conv2d_14,"(0, 0, 37, 3)",0
3655,conv2d_14,"(1, 0, 2, 57)",8
3656,conv2d_14,"(1, 2, 27, 60)",4
3657,conv2d_14,"(2, 0, 16, 62)",2
3658,conv2d_14,"(2, 2, 13, 57)",2
3659,conv2d_14,"(2, 0, 45, 15)",11
3660,conv2d_14,"(2, 2, 63, 24)",30
3661,conv2d_14,"(0, 0, 56, 57)",27
3662,conv2d_14,"(0, 1, 43, 32)",29
3663,conv2d_14,"(0, 2, 47, 6)",7
3664,conv2d_14,"(1, 0, 18, 39)",13
3665,conv2d_14,"(1, 2, 5, 21)",4
3666,conv2d_14,"(1, 2, 50, 50)",3
3667,conv2d_14,"(0, 2, 32, 48)",5
3668,conv2d_14,"(0, 1, 14, 5)",5
3669,conv2d_14,"(0, 1, 9, 4)",15
3670,conv2d_14,"(0, 2, 27, 59)",30
3671,conv2d_14,"(0, 0, 22, 63)",3
3672,conv2d_14,"(1, 1, 17, 43)",23
3673,conv2d_14,"(2, 1, 6, 30)",29
3674,conv2d_14,"(0, 0, 3, 52)",12
3675,conv2d_14,"(1, 0, 56, 51)",9
3676,conv2d_14,"(0, 2, 15, 63)",11
3677,conv2d_14,"(2, 2, 0, 15)",24
3678,conv2d_14,"(0, 1, 29, 0)",20
3679,conv2d_14,"(2, 1, 9, 46)",8
3680,conv2d_14,"(2, 1, 39, 55)",18
3681,conv2d_14,"(0, 1, 31, 57)",28
3682,conv2d_14,"(2, 1, 12, 42)",16
3683,conv2d_14,"(2, 0, 35, 27)",21
3684,conv2d_14,"(0, 2, 40, 6)",0
3685,conv2d_14,"(2, 2, 3, 33)",7
3686,conv2d_14,"(1, 2, 51, 9)",21
3687,conv2d_14,"(1, 1, 33, 36)",20
3688,conv2d_14,"(1, 2, 44, 22)",16
3689,conv2d_14,"(0, 2, 26, 41)",9
3690,conv2d_14,"(0, 1, 10, 25)",24
3691,conv2d_14,"(2, 0, 44, 39)",2
3692,conv2d_14,"(0, 1, 31, 26)",16
3693,conv2d_14,"(0, 1, 52, 23)",17
3694,conv2d_14,"(2, 2, 36, 61)",2
3695,conv2d_14,"(1, 1, 2, 51)",24
3696,conv2d_14,"(1, 2, 31, 8)",2
3697,conv2d_14,"(1, 0, 55, 33)",7
3698,conv2d_14,"(0, 0, 54, 56)",8
3699,conv2d_14,"(2, 0, 61, 46)",27
3700,conv2d_14,"(2, 0, 33, 20)",22
3701,conv2d_14,"(2, 1, 29, 5)",5
3702,conv2d_14,"(2, 1, 2, 0)",22
3703,conv2d_14,"(0, 2, 46, 50)",3
3704,conv2d_14,"(0, 2, 19, 59)",21
3705,conv2d_14,"(2, 0, 26, 63)",9
3706,conv2d_14,"(1, 2, 51, 40)",27
3707,conv2d_14,"(2, 0, 59, 48)",31
3708,conv2d_14,"(2, 2, 16, 4)",26
3709,conv2d_14,"(2, 2, 36, 19)",22
3710,conv2d_14,"(1, 0, 12, 62)",9
3711,conv2d_14,"(2, 2, 3, 15)",10
3712,conv2d_14,"(2, 2, 25, 21)",19
3713,conv2d_14,"(1, 0, 41, 53)",14
3714,conv2d_14,"(2, 1, 49, 16)",9
3715,conv2d_14,"(1, 1, 29, 58)",19
3716,conv2d_14,"(2, 2, 26, 20)",26
3717,conv2d_14,"(2, 0, 31, 2)",8
3718,conv2d_14,"(2, 0, 6, 30)",14
3719,conv2d_14,"(0, 0, 32, 17)",1
3720,conv2d_14,"(0, 0, 20, 60)",5
3721,conv2d_14,"(1, 1, 59, 61)",10
3722,conv2d_14,"(1, 1, 58, 5)",13
3723,conv2d_14,"(2, 2, 9, 8)",19
3724,conv2d_14,"(1, 1, 7, 7)",2
3725,conv2d_14,"(1, 0, 32, 38)",6
3726,conv2d_14,"(1, 1, 21, 6)",23
3727,conv2d_14,"(0, 2, 26, 50)",31
3728,conv2d_14,"(2, 2, 15, 58)",8
3729,conv2d_14,"(1, 0, 12, 63)",21
3730,conv2d_14,"(1, 2, 26, 11)",1
3731,conv2d_14,"(1, 2, 57, 21)",30
3732,conv2d_14,"(0, 0, 32, 59)",22
3733,conv2d_14,"(2, 2, 50, 37)",18
3734,conv2d_14,"(0, 1, 11, 45)",22
3735,conv2d_14,"(2, 0, 52, 30)",26
3736,conv2d_14,"(2, 2, 37, 3)",7
3737,conv2d_14,"(1, 0, 25, 56)",6
3738,conv2d_14,"(0, 0, 34, 37)",28
3739,conv2d_14,"(2, 1, 48, 22)",6
3740,conv2d_14,"(2, 0, 20, 35)",5
3741,conv2d_14,"(2, 1, 46, 12)",21
3742,conv2d_14,"(1, 0, 38, 54)",24
3743,conv2d_14,"(0, 0, 32, 46)",16
3744,conv2d_14,"(2, 2, 26, 53)",17
3745,conv2d_14,"(1, 0, 40, 22)",20
3746,conv2d_14,"(2, 1, 18, 41)",8
3747,conv2d_14,"(1, 2, 47, 24)",24
3748,conv2d_14,"(0, 2, 20, 47)",12
3749,conv2d_14,"(2, 0, 62, 35)",3
3750,conv2d_14,"(0, 1, 23, 11)",29
3751,conv2d_14,"(2, 2, 8, 30)",9
3752,conv2d_14,"(0, 0, 34, 38)",19
3753,conv2d_14,"(1, 2, 18, 9)",14
3754,conv2d_14,"(1, 2, 13, 13)",10
3755,conv2d_14,"(2, 0, 33, 19)",0
3756,conv2d_14,"(2, 2, 58, 21)",12
3757,conv2d_14,"(2, 1, 45, 42)",28
3758,conv2d_14,"(0, 2, 9, 18)",5
3759,conv2d_14,"(2, 2, 35, 13)",16
3760,conv2d_14,"(0, 0, 15, 38)",19
3761,conv2d_14,"(2, 1, 56, 1)",4
3762,conv2d_14,"(0, 1, 45, 28)",14
3763,conv2d_14,"(2, 2, 55, 16)",5
3764,conv2d_14,"(0, 0, 17, 49)",2
3765,conv2d_14,"(0, 1, 62, 63)",7
3766,conv2d_14,"(2, 2, 33, 31)",0
3767,conv2d_14,"(1, 1, 42, 8)",23
3768,conv2d_14,"(2, 0, 55, 60)",30
3769,conv2d_14,"(2, 1, 51, 33)",15
3770,conv2d_14,"(0, 0, 49, 25)",15
3771,conv2d_14,"(2, 1, 59, 53)",6
3772,conv2d_14,"(1, 1, 44, 33)",16
3773,conv2d_14,"(0, 0, 19, 29)",31
3774,conv2d_14,"(1, 2, 53, 57)",25
3775,conv2d_14,"(1, 2, 1, 27)",18
3776,conv2d_14,"(1, 2, 46, 45)",3
3777,conv2d_14,"(2, 1, 21, 35)",31
3778,conv2d_14,"(0, 1, 31, 12)",0
3779,conv2d_14,"(0, 2, 52, 27)",3
3780,conv2d_14,"(0, 1, 39, 8)",19
3781,conv2d_14,"(0, 1, 9, 27)",26
3782,conv2d_14,"(1, 2, 49, 35)",1
3783,conv2d_14,"(0, 0, 49, 17)",12
3784,conv2d_14,"(1, 0, 48, 63)",29
3785,conv2d_14,"(0, 0, 7, 28)",27
3786,conv2d_14,"(1, 1, 38, 46)",8
3787,conv2d_14,"(1, 0, 20, 5)",5
3788,conv2d_14,"(1, 0, 6, 43)",15
3789,conv2d_14,"(0, 2, 43, 59)",20
3790,conv2d_14,"(0, 0, 36, 41)",27
3791,conv2d_14,"(2, 1, 11, 35)",18
3792,conv2d_14,"(0, 2, 59, 63)",6
3793,conv2d_14,"(2, 1, 8, 0)",12
3794,conv2d_14,"(0, 0, 37, 22)",18
3795,conv2d_14,"(0, 1, 40, 46)",27
3796,conv2d_14,"(2, 0, 23, 63)",19
3797,conv2d_14,"(1, 0, 54, 35)",2
3798,conv2d_14,"(1, 0, 35, 26)",29
3799,conv2d_14,"(1, 1, 17, 16)",29
3800,conv2d_14,"(0, 2, 8, 29)",19
3801,conv2d_14,"(0, 2, 54, 46)",28
3802,conv2d_14,"(0, 2, 52, 3)",29
3803,conv2d_14,"(0, 0, 39, 59)",16
3804,conv2d_14,"(2, 1, 47, 54)",17
3805,conv2d_14,"(2, 0, 57, 13)",5
3806,conv2d_14,"(1, 2, 49, 18)",29
3807,conv2d_14,"(0, 0, 18, 29)",6
3808,conv2d_14,"(1, 0, 44, 43)",18
3809,conv2d_14,"(0, 0, 26, 3)",10
3810,conv2d_14,"(1, 1, 54, 28)",15
3811,conv2d_14,"(2, 0, 63, 32)",15
3812,conv2d_14,"(1, 1, 34, 43)",23
3813,conv2d_14,"(0, 2, 29, 53)",30
3814,conv2d_14,"(0, 2, 2, 31)",9
3815,conv2d_14,"(1, 0, 46, 22)",12
3816,conv2d_14,"(1, 2, 46, 15)",17
3817,conv2d_14,"(0, 0, 1, 8)",16
3818,conv2d_14,"(1, 0, 50, 21)",5
3819,conv2d_14,"(2, 0, 16, 0)",21
3820,conv2d_14,"(1, 2, 0, 33)",17
3821,conv2d_14,"(1, 1, 12, 63)",24
3822,conv2d_14,"(1, 0, 46, 40)",31
3823,conv2d_14,"(0, 0, 16, 31)",26
3824,conv2d_14,"(1, 0, 59, 63)",24
3825,conv2d_14,"(1, 1, 16, 54)",21
3826,conv2d_14,"(0, 1, 62, 42)",10
3827,conv2d_14,"(1, 1, 47, 47)",18
3828,conv2d_14,"(2, 1, 62, 14)",23
3829,conv2d_14,"(0, 2, 32, 59)",31
3830,conv2d_14,"(0, 1, 35, 2)",12
3831,conv2d_14,"(0, 0, 45, 1)",30
3832,conv2d_14,"(2, 1, 9, 50)",24
3833,conv2d_14,"(0, 0, 29, 19)",14
3834,conv2d_14,"(0, 2, 31, 55)",13
3835,conv2d_14,"(1, 2, 54, 2)",20
3836,conv2d_14,"(1, 2, 24, 20)",7
3837,conv2d_14,"(1, 2, 60, 28)",10
3838,conv2d_14,"(2, 1, 16, 29)",28
3839,conv2d_14,"(1, 2, 41, 20)",13
3840,conv2d_14,"(2, 2, 41, 23)",7
3841,conv2d_14,"(0, 2, 28, 29)",18
3842,conv2d_14,"(0, 0, 29, 18)",7
3843,conv2d_14,"(0, 0, 5, 15)",7
3844,conv2d_14,"(1, 0, 38, 41)",4
3845,conv2d_14,"(2, 1, 50, 58)",31
3846,conv2d_14,"(2, 2, 15, 34)",5
3847,conv2d_14,"(0, 2, 31, 63)",14
3848,conv2d_14,"(0, 0, 12, 30)",18
3849,conv2d_14,"(1, 2, 5, 19)",25
3850,conv2d_14,"(2, 0, 53, 63)",9
3851,conv2d_14,"(1, 2, 60, 58)",18
3852,conv2d_14,"(0, 1, 38, 27)",3
3853,conv2d_14,"(2, 2, 54, 54)",10
3854,conv2d_14,"(0, 1, 62, 23)",19
3855,conv2d_14,"(0, 0, 32, 9)",20
3856,conv2d_14,"(0, 2, 28, 44)",0
3857,conv2d_14,"(1, 0, 10, 33)",31
3858,conv2d_14,"(2, 1, 48, 44)",17
3859,conv2d_14,"(1, 1, 29, 17)",4
3860,conv2d_14,"(0, 0, 40, 31)",0
3861,conv2d_14,"(2, 1, 10, 56)",12
3862,conv2d_14,"(2, 2, 42, 58)",12
3863,conv2d_14,"(2, 2, 28, 35)",10
3864,conv2d_14,"(0, 2, 61, 10)",22
3865,conv2d_14,"(0, 1, 51, 59)",30
3866,conv2d_14,"(1, 2, 29, 36)",7
3867,conv2d_14,"(2, 1, 30, 16)",30
3868,conv2d_14,"(1, 1, 45, 19)",29
3869,conv2d_14,"(0, 1, 33, 9)",20
3870,conv2d_14,"(1, 0, 11, 46)",25
3871,conv2d_14,"(1, 2, 32, 44)",29
3872,conv2d_14,"(1, 2, 35, 27)",7
3873,conv2d_14,"(1, 2, 16, 9)",17
3874,conv2d_14,"(0, 0, 55, 34)",16
3875,conv2d_14,"(1, 2, 29, 62)",29
3876,conv2d_14,"(1, 1, 18, 31)",5
3877,conv2d_14,"(2, 1, 49, 1)",5
3878,conv2d_14,"(0, 2, 20, 22)",18
3879,conv2d_14,"(2, 2, 21, 3)",1
3880,conv2d_14,"(2, 0, 14, 56)",9
3881,conv2d_14,"(2, 2, 38, 4)",22
3882,conv2d_14,"(2, 2, 17, 41)",23
3883,conv2d_14,"(0, 1, 56, 46)",15
3884,conv2d_14,"(1, 0, 21, 10)",21
3885,conv2d_14,"(0, 0, 36, 23)",21
3886,conv2d_14,"(0, 0, 12, 27)",14
3887,conv2d_14,"(0, 1, 3, 51)",9
3888,conv2d_14,"(0, 2, 16, 23)",26
3889,conv2d_14,"(2, 1, 17, 7)",27
3890,conv2d_14,"(2, 0, 47, 29)",30
3891,conv2d_14,"(0, 2, 33, 25)",21
3892,conv2d_14,"(2, 1, 29, 14)",6
3893,conv2d_14,"(1, 2, 38, 36)",27
3894,conv2d_14,"(0, 0, 63, 63)",7
3895,conv2d_14,"(0, 2, 36, 41)",6
3896,conv2d_14,"(2, 0, 49, 33)",3
3897,conv2d_14,"(2, 1, 49, 36)",19
3898,conv2d_14,"(2, 1, 32, 19)",28
3899,conv2d_14,"(1, 1, 0, 36)",20
3900,conv2d_14,"(0, 1, 4, 29)",6
3901,conv2d_14,"(2, 0, 10, 45)",9
3902,conv2d_14,"(0, 2, 34, 34)",9
3903,conv2d_14,"(2, 2, 32, 31)",15
3904,conv2d_14,"(2, 2, 44, 39)",13
3905,conv2d_14,"(0, 0, 31, 24)",29
3906,conv2d_14,"(2, 0, 21, 36)",2
3907,conv2d_14,"(1, 0, 48, 6)",25
3908,conv2d_14,"(1, 2, 47, 48)",18
3909,conv2d_14,"(1, 1, 41, 39)",16
3910,conv2d_14,"(0, 2, 26, 42)",15
3911,conv2d_14,"(0, 2, 23, 37)",6
3912,conv2d_14,"(1, 1, 5, 39)",14
3913,conv2d_14,"(1, 0, 30, 24)",0
3914,conv2d_14,"(2, 2, 11, 1)",19
3915,conv2d_14,"(0, 1, 16, 5)",29
3916,conv2d_14,"(2, 1, 62, 46)",25
3917,conv2d_14,"(1, 0, 25, 25)",8
3918,conv2d_14,"(2, 1, 47, 47)",31
3919,conv2d_14,"(1, 1, 33, 62)",20
3920,conv2d_14,"(0, 0, 21, 37)",21
3921,conv2d_14,"(2, 2, 52, 6)",14
3922,conv2d_14,"(2, 1, 54, 5)",17
3923,conv2d_14,"(2, 1, 59, 23)",29
3924,conv2d_14,"(2, 1, 27, 39)",24
3925,conv2d_14,"(0, 0, 44, 17)",20
3926,conv2d_14,"(1, 0, 51, 12)",19
3927,conv2d_14,"(1, 1, 10, 36)",2
3928,conv2d_14,"(0, 2, 40, 12)",19
3929,conv2d_14,"(0, 2, 45, 26)",20
3930,conv2d_14,"(1, 0, 24, 50)",13
3931,conv2d_14,"(2, 0, 33, 14)",2
3932,conv2d_14,"(1, 2, 45, 15)",18
3933,conv2d_14,"(0, 0, 49, 1)",23
3934,conv2d_14,"(1, 2, 27, 18)",13
3935,conv2d_14,"(0, 0, 46, 2)",28
3936,conv2d_14,"(1, 2, 12, 56)",10
3937,conv2d_14,"(0, 1, 49, 26)",20
3938,conv2d_14,"(2, 0, 60, 55)",24
3939,conv2d_14,"(1, 1, 47, 29)",30
3940,conv2d_14,"(1, 2, 22, 29)",13
3941,conv2d_14,"(1, 1, 1, 63)",16
3942,conv2d_14,"(1, 1, 55, 6)",18
3943,conv2d_14,"(0, 1, 60, 9)",0
3944,conv2d_14,"(2, 0, 0, 55)",8
3945,conv2d_14,"(1, 2, 62, 43)",26
3946,conv2d_14,"(2, 2, 39, 30)",14
3947,conv2d_14,"(1, 0, 27, 9)",21
3948,conv2d_14,"(1, 2, 46, 9)",0
3949,conv2d_14,"(2, 2, 32, 0)",0
3950,conv2d_14,"(0, 2, 56, 63)",28
3951,conv2d_14,"(2, 1, 48, 17)",23
3952,conv2d_14,"(0, 1, 15, 63)",8
3953,conv2d_14,"(2, 0, 62, 36)",4
3954,conv2d_14,"(2, 2, 49, 25)",12
3955,conv2d_14,"(0, 1, 60, 56)",22
3956,conv2d_14,"(0, 0, 58, 12)",15
3957,conv2d_14,"(2, 0, 18, 52)",15
3958,conv2d_14,"(0, 1, 25, 28)",25
3959,conv2d_14,"(0, 1, 12, 63)",29
3960,conv2d_14,"(2, 1, 42, 11)",23
3961,conv2d_14,"(1, 1, 30, 8)",4
3962,conv2d_14,"(1, 0, 45, 55)",9
3963,conv2d_14,"(2, 2, 53, 34)",7
3964,conv2d_14,"(1, 1, 53, 11)",11
3965,conv2d_14,"(0, 0, 36, 15)",28
3966,conv2d_14,"(1, 1, 29, 63)",17
3967,conv2d_14,"(1, 1, 25, 60)",20
3968,conv2d_14,"(2, 2, 36, 60)",13
3969,conv2d_14,"(1, 2, 26, 46)",31
3970,conv2d_14,"(1, 0, 20, 32)",24
3971,conv2d_14,"(2, 1, 20, 14)",25
3972,conv2d_14,"(2, 0, 20, 61)",20
3973,conv2d_14,"(2, 2, 25, 54)",12
3974,conv2d_14,"(0, 1, 51, 31)",16
3975,conv2d_14,"(0, 1, 39, 5)",12
3976,conv2d_14,"(1, 1, 34, 33)",21
3977,conv2d_14,"(2, 2, 48, 49)",25
3978,conv2d_14,"(2, 1, 40, 31)",18
3979,conv2d_14,"(0, 0, 49, 22)",0
3980,conv2d_14,"(2, 1, 21, 9)",6
3981,conv2d_14,"(0, 2, 35, 16)",22
3982,conv2d_14,"(1, 2, 11, 24)",11
3983,conv2d_14,"(2, 1, 13, 29)",28
3984,conv2d_14,"(2, 0, 62, 5)",19
3985,conv2d_14,"(2, 2, 62, 46)",7
3986,conv2d_14,"(1, 1, 14, 62)",31
3987,conv2d_14,"(2, 0, 0, 59)",25
3988,conv2d_14,"(2, 1, 20, 55)",27
3989,conv2d_14,"(1, 1, 33, 57)",13
3990,conv2d_14,"(1, 1, 14, 57)",20
3991,conv2d_14,"(2, 0, 43, 5)",18
3992,conv2d_14,"(2, 2, 11, 57)",7
3993,conv2d_14,"(0, 0, 25, 54)",5
3994,conv2d_14,"(0, 2, 56, 52)",30
3995,conv2d_14,"(2, 0, 23, 9)",19
3996,conv2d_14,"(0, 1, 42, 12)",25
3997,conv2d_14,"(0, 1, 17, 42)",9
3998,conv2d_14,"(0, 0, 58, 40)",27
3999,conv2d_14,"(0, 0, 12, 36)",7
4000,conv2d_14,"(0, 2, 62, 25)",16
4001,conv2d_14,"(1, 1, 56, 29)",10
4002,conv2d_14,"(2, 2, 13, 21)",30
4003,conv2d_14,"(1, 2, 39, 57)",10
4004,conv2d_14,"(1, 0, 20, 15)",25
4005,conv2d_14,"(0, 1, 47, 15)",18
4006,conv2d_14,"(0, 0, 16, 26)",13
4007,conv2d_14,"(1, 0, 46, 57)",24
4008,conv2d_14,"(0, 1, 5, 39)",18
4009,conv2d_14,"(2, 0, 20, 14)",26
4010,conv2d_14,"(0, 2, 44, 58)",24
4011,conv2d_14,"(1, 2, 51, 2)",27
4012,conv2d_14,"(1, 1, 53, 39)",16
4013,conv2d_14,"(0, 2, 55, 0)",31
4014,conv2d_14,"(2, 0, 63, 55)",13
4015,conv2d_14,"(1, 1, 0, 1)",28
4016,conv2d_14,"(1, 0, 24, 63)",7
4017,conv2d_14,"(2, 0, 16, 2)",4
4018,conv2d_14,"(2, 1, 11, 44)",15
4019,conv2d_14,"(1, 0, 23, 60)",19
4020,conv2d_14,"(1, 2, 7, 16)",31
4021,conv2d_14,"(0, 0, 12, 18)",25
4022,conv2d_14,"(2, 0, 55, 63)",31
4023,conv2d_14,"(1, 2, 7, 47)",18
4024,conv2d_14,"(1, 2, 3, 56)",13
4025,conv2d_14,"(1, 2, 29, 2)",7
4026,conv2d_14,"(0, 2, 20, 24)",21
4027,conv2d_14,"(2, 0, 39, 58)",28
4028,conv2d_14,"(0, 0, 33, 57)",22
4029,conv2d_14,"(0, 1, 26, 27)",17
4030,conv2d_14,"(1, 0, 62, 54)",10
4031,conv2d_14,"(2, 1, 9, 16)",26
4032,conv2d_14,"(2, 0, 36, 18)",6
4033,conv2d_14,"(2, 2, 18, 7)",15
4034,conv2d_14,"(2, 0, 2, 35)",17
4035,conv2d_14,"(1, 0, 62, 46)",15
4036,conv2d_14,"(2, 2, 7, 23)",4
4037,conv2d_14,"(1, 0, 49, 51)",15
4038,conv2d_14,"(1, 2, 11, 44)",2
4039,conv2d_14,"(0, 1, 14, 53)",0
4040,conv2d_14,"(1, 1, 19, 62)",1
4041,conv2d_14,"(0, 1, 47, 59)",29
4042,conv2d_14,"(0, 2, 21, 33)",7
4043,conv2d_14,"(2, 2, 16, 55)",31
4044,conv2d_14,"(1, 1, 28, 63)",0
4045,conv2d_14,"(2, 0, 26, 59)",22
4046,conv2d_14,"(2, 2, 23, 37)",23
4047,conv2d_14,"(0, 0, 47, 6)",19
4048,conv2d_14,"(1, 0, 3, 7)",4
4049,conv2d_14,"(1, 2, 12, 35)",14
4050,conv2d_14,"(1, 0, 62, 48)",0
4051,conv2d_14,"(0, 2, 40, 46)",12
4052,conv2d_14,"(2, 0, 58, 35)",31
4053,conv2d_14,"(1, 2, 50, 29)",12
4054,conv2d_14,"(2, 1, 60, 45)",30
4055,conv2d_14,"(2, 0, 63, 26)",12
4056,conv2d_14,"(2, 2, 35, 55)",23
4057,conv2d_14,"(2, 2, 57, 32)",12
4058,conv2d_14,"(0, 1, 42, 39)",14
4059,conv2d_14,"(1, 0, 39, 8)",5
4060,conv2d_14,"(2, 0, 56, 21)",14
4061,conv2d_14,"(1, 1, 26, 21)",19
4062,conv2d_14,"(2, 0, 29, 12)",29
4063,conv2d_14,"(1, 0, 2, 12)",16
4064,conv2d_14,"(2, 1, 42, 54)",20
4065,conv2d_14,"(2, 2, 2, 36)",3
4066,conv2d_14,"(0, 0, 36, 59)",21
4067,conv2d_14,"(1, 1, 1, 43)",30
4068,conv2d_14,"(1, 2, 37, 22)",12
4069,conv2d_14,"(2, 1, 52, 43)",28
4070,conv2d_14,"(0, 0, 18, 20)",7
4071,conv2d_14,"(2, 2, 4, 44)",8
4072,conv2d_14,"(2, 0, 63, 39)",8
4073,conv2d_14,"(0, 0, 54, 24)",13
4074,conv2d_14,"(0, 0, 7, 46)",10
4075,conv2d_14,"(1, 1, 30, 22)",15
4076,conv2d_14,"(1, 0, 36, 62)",7
4077,conv2d_14,"(1, 2, 57, 56)",23
4078,conv2d_14,"(2, 2, 27, 1)",3
4079,conv2d_14,"(1, 1, 58, 53)",2
4080,conv2d_14,"(0, 2, 62, 37)",23
4081,conv2d_14,"(1, 0, 30, 46)",11
4082,conv2d_14,"(1, 0, 63, 34)",7
4083,conv2d_14,"(2, 0, 43, 1)",3
4084,conv2d_14,"(1, 0, 36, 12)",7
4085,conv2d_14,"(1, 0, 7, 37)",14
4086,conv2d_14,"(2, 2, 58, 13)",1
4087,conv2d_14,"(2, 1, 19, 0)",27
4088,conv2d_14,"(1, 1, 12, 23)",22
4089,conv2d_14,"(0, 2, 27, 56)",5
4090,conv2d_14,"(2, 2, 13, 47)",31
4091,conv2d_14,"(0, 1, 63, 33)",23
4092,conv2d_14,"(1, 0, 38, 17)",5
4093,conv2d_14,"(0, 0, 29, 63)",21
4094,conv2d_14,"(2, 0, 36, 37)",27
4095,conv2d_14,"(0, 1, 62, 26)",14
4096,conv2d_14,"(0, 2, 59, 58)",8
4097,conv2d_14,"(1, 1, 47, 43)",14
4098,conv2d_14,"(1, 2, 33, 2)",4
4099,conv2d_14,"(0, 0, 31, 16)",29
4100,conv2d_14,"(0, 0, 5, 40)",5
4101,conv2d_14,"(1, 1, 3, 15)",8
4102,conv2d_14,"(2, 0, 46, 37)",16
4103,conv2d_14,"(2, 1, 51, 51)",3
4104,conv2d_14,"(1, 0, 0, 50)",1
4105,conv2d_14,"(1, 1, 36, 25)",6
4106,conv2d_14,"(2, 1, 22, 20)",14
4107,conv2d_14,"(1, 2, 31, 53)",14
4108,conv2d_14,"(1, 2, 18, 54)",21
4109,conv2d_14,"(1, 2, 55, 33)",13
4110,conv2d_14,"(0, 0, 24, 11)",23
4111,conv2d_14,"(1, 0, 31, 0)",13
4112,conv2d_14,"(1, 1, 45, 57)",10
4113,conv2d_14,"(1, 0, 29, 3)",16
4114,conv2d_14,"(2, 0, 30, 35)",4
4115,conv2d_14,"(0, 0, 37, 63)",9
4116,conv2d_14,"(2, 2, 22, 4)",12
4117,conv2d_14,"(0, 0, 6, 25)",21
4118,conv2d_14,"(1, 2, 24, 14)",22
4119,conv2d_14,"(1, 1, 4, 50)",23
4120,conv2d_14,"(0, 1, 36, 18)",21
4121,conv2d_14,"(2, 2, 14, 35)",28
4122,conv2d_14,"(1, 2, 54, 4)",11
4123,conv2d_14,"(1, 1, 6, 12)",2
4124,conv2d_14,"(1, 0, 20, 47)",2
4125,conv2d_14,"(2, 1, 5, 63)",17
4126,conv2d_14,"(1, 2, 10, 3)",4
4127,conv2d_14,"(2, 1, 20, 63)",19
4128,conv2d_14,"(0, 1, 55, 42)",14
4129,conv2d_14,"(2, 2, 56, 41)",23
4130,conv2d_14,"(1, 2, 59, 40)",19
4131,conv2d_14,"(2, 2, 53, 47)",19
4132,conv2d_14,"(2, 1, 44, 19)",3
4133,conv2d_14,"(2, 0, 12, 27)",29
4134,conv2d_14,"(1, 0, 62, 34)",10
4135,conv2d_14,"(1, 1, 31, 56)",3
4136,conv2d_14,"(2, 1, 4, 52)",2
4137,conv2d_14,"(0, 1, 43, 48)",9
4138,conv2d_14,"(0, 2, 46, 36)",23
4139,conv2d_14,"(0, 0, 21, 16)",1
4140,conv2d_14,"(0, 0, 62, 29)",4
4141,conv2d_14,"(2, 2, 23, 21)",24
4142,conv2d_14,"(0, 1, 32, 60)",25
4143,conv2d_14,"(2, 0, 40, 54)",17
4144,conv2d_14,"(1, 0, 16, 6)",11
4145,conv2d_14,"(2, 0, 17, 57)",11
4146,conv2d_14,"(1, 2, 42, 24)",0
4147,conv2d_14,"(1, 2, 15, 44)",26
4148,conv2d_14,"(1, 1, 46, 41)",17
4149,conv2d_14,"(0, 1, 33, 3)",7
4150,conv2d_14,"(2, 0, 40, 3)",16
4151,conv2d_14,"(1, 2, 1, 49)",14
4152,conv2d_14,"(1, 2, 36, 59)",11
4153,conv2d_14,"(0, 2, 49, 44)",15
4154,conv2d_14,"(0, 1, 8, 33)",11
4155,conv2d_14,"(0, 0, 63, 47)",12
4156,conv2d_14,"(0, 2, 15, 22)",6
4157,conv2d_14,"(2, 0, 0, 54)",13
4158,conv2d_14,"(0, 0, 56, 27)",31
4159,conv2d_14,"(2, 2, 1, 41)",13
4160,conv2d_14,"(1, 0, 11, 17)",17
4161,conv2d_14,"(2, 1, 44, 63)",12
4162,conv2d_14,"(2, 1, 57, 16)",12
4163,conv2d_14,"(1, 2, 57, 23)",28
4164,conv2d_14,"(2, 0, 14, 52)",23
4165,conv2d_14,"(2, 1, 16, 39)",29
4166,conv2d_14,"(2, 1, 44, 0)",26
4167,conv2d_14,"(1, 2, 32, 17)",10
4168,conv2d_14,"(2, 1, 0, 61)",29
4169,conv2d_14,"(2, 2, 37, 54)",2
4170,conv2d_14,"(1, 0, 52, 8)",3
4171,conv2d_14,"(0, 1, 26, 2)",16
4172,conv2d_14,"(0, 2, 9, 47)",1
4173,conv2d_14,"(2, 0, 27, 16)",21
4174,conv2d_14,"(0, 0, 12, 2)",17
4175,conv2d_14,"(1, 1, 18, 8)",21
4176,conv2d_14,"(2, 0, 11, 52)",27
4177,conv2d_14,"(2, 2, 25, 50)",24
4178,conv2d_14,"(1, 0, 12, 40)",1
4179,conv2d_14,"(0, 2, 41, 4)",21
4180,conv2d_14,"(0, 2, 29, 29)",25
4181,conv2d_14,"(2, 0, 8, 49)",2
4182,conv2d_14,"(1, 1, 55, 0)",10
4183,conv2d_14,"(0, 0, 26, 1)",12
4184,conv2d_14,"(1, 1, 25, 32)",10
4185,conv2d_14,"(0, 2, 40, 27)",26
4186,conv2d_14,"(0, 2, 41, 10)",29
4187,conv2d_14,"(1, 1, 30, 63)",30
4188,conv2d_14,"(1, 2, 19, 15)",15
4189,conv2d_14,"(1, 0, 29, 47)",23
4190,conv2d_14,"(2, 0, 49, 62)",31
4191,conv2d_14,"(2, 0, 62, 60)",17
4192,conv2d_14,"(2, 1, 62, 11)",27
4193,conv2d_14,"(1, 0, 35, 31)",16
4194,conv2d_14,"(2, 2, 40, 16)",19
4195,conv2d_14,"(0, 1, 13, 61)",28
4196,conv2d_14,"(0, 1, 32, 2)",8
4197,conv2d_14,"(0, 0, 24, 32)",17
4198,conv2d_14,"(0, 1, 45, 4)",7
4199,conv2d_14,"(0, 1, 37, 46)",31
4200,conv2d_14,"(2, 0, 35, 3)",23
4201,conv2d_14,"(1, 0, 29, 5)",27
4202,conv2d_14,"(1, 0, 42, 45)",3
4203,conv2d_14,"(0, 0, 32, 22)",1
4204,conv2d_14,"(1, 1, 22, 0)",18
4205,conv2d_14,"(0, 2, 54, 16)",15
4206,conv2d_14,"(1, 1, 49, 62)",28
4207,conv2d_14,"(2, 2, 2, 9)",2
4208,conv2d_14,"(0, 2, 39, 51)",14
4209,conv2d_14,"(2, 1, 2, 37)",31
4210,conv2d_14,"(1, 2, 29, 12)",6
4211,conv2d_14,"(1, 1, 49, 21)",24
4212,conv2d_14,"(1, 0, 5, 39)",0
4213,conv2d_14,"(1, 0, 15, 41)",20
4214,conv2d_14,"(2, 2, 13, 24)",17
4215,conv2d_14,"(0, 2, 18, 45)",17
4216,conv2d_14,"(2, 2, 3, 46)",15
4217,conv2d_14,"(2, 1, 40, 17)",16
4218,conv2d_14,"(1, 2, 13, 52)",6
4219,conv2d_14,"(1, 1, 27, 41)",30
4220,conv2d_14,"(2, 0, 37, 3)",28
4221,conv2d_14,"(1, 1, 39, 35)",25
4222,conv2d_14,"(1, 0, 57, 29)",17
4223,conv2d_14,"(1, 0, 17, 9)",26
4224,conv2d_14,"(2, 1, 60, 37)",9
4225,conv2d_14,"(0, 0, 38, 23)",29
4226,conv2d_14,"(2, 2, 50, 27)",0
4227,conv2d_14,"(2, 2, 24, 34)",15
4228,conv2d_14,"(1, 2, 46, 47)",17
4229,conv2d_14,"(1, 2, 47, 26)",3
4230,conv2d_14,"(2, 2, 22, 22)",1
4231,conv2d_14,"(0, 1, 61, 26)",25
4232,conv2d_14,"(1, 0, 39, 52)",15
4233,conv2d_14,"(1, 2, 40, 46)",28
4234,conv2d_14,"(1, 0, 29, 52)",13
4235,conv2d_14,"(0, 2, 63, 56)",28
4236,conv2d_14,"(0, 0, 46, 59)",0
4237,conv2d_14,"(2, 2, 27, 47)",31
4238,conv2d_14,"(0, 1, 42, 31)",25
4239,conv2d_14,"(2, 1, 16, 45)",22
4240,conv2d_14,"(2, 1, 39, 58)",21
4241,conv2d_14,"(0, 0, 23, 31)",26
4242,conv2d_14,"(1, 0, 7, 54)",23
4243,conv2d_14,"(0, 0, 16, 17)",9
4244,conv2d_14,"(2, 2, 44, 1)",29
4245,conv2d_14,"(2, 2, 45, 42)",20
4246,conv2d_14,"(1, 2, 33, 32)",27
4247,conv2d_14,"(0, 1, 26, 13)",1
4248,conv2d_14,"(0, 0, 24, 21)",5
4249,conv2d_14,"(0, 1, 40, 19)",2
4250,conv2d_14,"(0, 0, 9, 45)",31
4251,conv2d_14,"(2, 0, 38, 19)",25
4252,conv2d_14,"(2, 0, 38, 5)",8
4253,conv2d_14,"(1, 2, 34, 58)",18
4254,conv2d_14,"(0, 0, 23, 1)",25
4255,conv2d_14,"(2, 1, 59, 29)",11
4256,conv2d_14,"(0, 2, 62, 19)",22
4257,conv2d_14,"(0, 1, 10, 45)",22
4258,conv2d_14,"(2, 0, 4, 26)",20
4259,conv2d_14,"(2, 2, 1, 36)",18
4260,conv2d_14,"(1, 1, 19, 50)",24
4261,conv2d_14,"(1, 0, 26, 24)",16
4262,conv2d_14,"(2, 1, 17, 38)",8
4263,conv2d_14,"(2, 1, 55, 26)",21
4264,conv2d_14,"(0, 0, 62, 51)",3
4265,conv2d_14,"(1, 1, 63, 33)",24
4266,conv2d_14,"(1, 1, 11, 58)",12
4267,conv2d_14,"(1, 2, 53, 45)",15
4268,conv2d_14,"(0, 1, 4, 59)",29
4269,conv2d_14,"(0, 1, 29, 29)",22
4270,conv2d_14,"(1, 1, 61, 14)",2
4271,conv2d_14,"(2, 1, 46, 19)",16
4272,conv2d_14,"(2, 1, 14, 47)",15
4273,conv2d_14,"(0, 1, 33, 59)",29
4274,conv2d_14,"(0, 1, 51, 38)",8
4275,conv2d_14,"(2, 2, 1, 43)",4
4276,conv2d_14,"(2, 2, 0, 51)",9
4277,conv2d_14,"(2, 1, 35, 33)",29
4278,conv2d_14,"(2, 1, 8, 58)",8
4279,conv2d_14,"(1, 0, 40, 55)",8
4280,conv2d_14,"(0, 0, 15, 37)",14
4281,conv2d_14,"(1, 1, 61, 26)",13
4282,conv2d_14,"(1, 0, 2, 38)",4
4283,conv2d_14,"(1, 0, 38, 40)",12
4284,conv2d_14,"(1, 2, 46, 36)",26
4285,conv2d_14,"(2, 1, 63, 37)",1
4286,conv2d_14,"(1, 1, 62, 43)",7
4287,conv2d_14,"(0, 1, 34, 27)",31
4288,conv2d_14,"(0, 2, 15, 48)",25
4289,conv2d_14,"(2, 0, 30, 32)",11
4290,conv2d_14,"(0, 2, 1, 24)",6
4291,conv2d_14,"(2, 2, 45, 9)",16
4292,conv2d_14,"(1, 1, 16, 8)",0
4293,conv2d_14,"(0, 0, 18, 24)",17
4294,conv2d_14,"(1, 2, 36, 36)",22
4295,conv2d_14,"(2, 0, 30, 11)",6
4296,conv2d_14,"(0, 2, 3, 11)",3
4297,conv2d_14,"(1, 2, 34, 36)",7
4298,conv2d_14,"(1, 0, 54, 11)",31
4299,conv2d_14,"(1, 0, 23, 40)",30
4300,conv2d_14,"(1, 2, 56, 53)",24
4301,conv2d_14,"(2, 1, 15, 63)",5
4302,conv2d_14,"(2, 1, 63, 29)",4
4303,conv2d_14,"(2, 1, 58, 20)",17
4304,conv2d_14,"(2, 1, 43, 37)",23
4305,conv2d_14,"(0, 0, 62, 13)",18
4306,conv2d_14,"(2, 2, 30, 42)",23
4307,conv2d_14,"(2, 1, 10, 53)",13
4308,conv2d_14,"(1, 0, 16, 41)",17
4309,conv2d_14,"(2, 2, 31, 24)",0
4310,conv2d_14,"(0, 0, 61, 42)",14
4311,conv2d_14,"(1, 1, 48, 7)",3
4312,conv2d_14,"(0, 0, 51, 63)",18
4313,conv2d_14,"(1, 0, 16, 17)",1
4314,conv2d_14,"(1, 2, 13, 2)",9
4315,conv2d_14,"(2, 0, 8, 4)",27
4316,conv2d_14,"(1, 2, 22, 22)",13
4317,conv2d_14,"(1, 0, 28, 30)",7
4318,conv2d_14,"(0, 0, 7, 11)",7
4319,conv2d_14,"(1, 1, 45, 10)",6
4320,conv2d_14,"(1, 1, 20, 54)",11
4321,conv2d_14,"(2, 0, 63, 22)",9
4322,conv2d_14,"(1, 2, 4, 46)",22
4323,conv2d_14,"(1, 2, 16, 16)",11
4324,conv2d_14,"(2, 2, 30, 9)",22
4325,conv2d_14,"(1, 2, 33, 52)",11
4326,conv2d_14,"(2, 1, 46, 47)",2
4327,conv2d_14,"(1, 1, 1, 10)",5
4328,conv2d_14,"(0, 2, 29, 16)",0
4329,conv2d_14,"(1, 1, 28, 48)",13
4330,conv2d_14,"(0, 1, 29, 17)",2
4331,conv2d_14,"(2, 1, 29, 27)",22
4332,conv2d_14,"(0, 1, 28, 16)",7
4333,conv2d_14,"(2, 2, 9, 42)",29
4334,conv2d_14,"(1, 0, 40, 20)",24
4335,conv2d_14,"(0, 1, 0, 19)",2
4336,conv2d_14,"(1, 1, 29, 2)",21
4337,conv2d_14,"(2, 2, 19, 37)",9
4338,conv2d_14,"(2, 0, 58, 63)",30
4339,conv2d_14,"(0, 1, 14, 41)",18
4340,conv2d_14,"(1, 1, 12, 30)",21
4341,conv2d_14,"(0, 0, 22, 18)",22
4342,conv2d_14,"(0, 0, 27, 48)",14
4343,conv2d_14,"(2, 2, 43, 47)",13
4344,conv2d_14,"(2, 0, 46, 5)",9
4345,conv2d_14,"(2, 1, 25, 14)",20
4346,conv2d_14,"(0, 2, 62, 51)",10
4347,conv2d_14,"(2, 1, 7, 20)",12
4348,conv2d_14,"(1, 1, 6, 54)",21
4349,conv2d_14,"(2, 1, 44, 34)",5
4350,conv2d_14,"(2, 0, 46, 43)",20
4351,conv2d_14,"(0, 1, 45, 35)",27
4352,conv2d_14,"(0, 0, 35, 46)",13
4353,conv2d_14,"(1, 2, 54, 54)",4
4354,conv2d_14,"(2, 2, 48, 0)",10
4355,conv2d_14,"(1, 1, 35, 34)",9
4356,conv2d_14,"(0, 0, 51, 21)",4
4357,conv2d_14,"(2, 0, 20, 3)",3
4358,conv2d_14,"(1, 2, 55, 60)",24
4359,conv2d_14,"(2, 2, 58, 23)",17
4360,conv2d_14,"(1, 1, 33, 54)",18
4361,conv2d_14,"(1, 2, 15, 61)",4
4362,conv2d_14,"(2, 0, 59, 25)",20
4363,conv2d_14,"(0, 2, 25, 3)",29
4364,conv2d_14,"(2, 0, 60, 24)",28
4365,conv2d_14,"(1, 1, 35, 3)",27
4366,conv2d_14,"(2, 0, 8, 30)",22
4367,conv2d_14,"(1, 0, 22, 38)",26
4368,conv2d_14,"(0, 1, 60, 8)",6
4369,conv2d_14,"(0, 2, 2, 43)",10
4370,conv2d_14,"(1, 1, 36, 23)",14
4371,conv2d_14,"(0, 2, 4, 13)",31
4372,conv2d_14,"(0, 0, 4, 59)",12
4373,conv2d_14,"(0, 0, 16, 61)",27
4374,conv2d_14,"(1, 0, 52, 37)",31
4375,conv2d_14,"(2, 1, 30, 2)",27
4376,conv2d_14,"(1, 1, 43, 58)",30
4377,conv2d_14,"(2, 2, 32, 36)",19
4378,conv2d_14,"(1, 0, 55, 24)",8
4379,conv2d_14,"(1, 1, 63, 32)",0
4380,conv2d_14,"(2, 0, 13, 29)",0
4381,conv2d_14,"(0, 2, 35, 5)",12
4382,conv2d_14,"(2, 1, 22, 52)",10
4383,conv2d_14,"(0, 2, 0, 63)",10
4384,conv2d_14,"(2, 2, 25, 15)",17
4385,conv2d_14,"(0, 2, 63, 27)",0
4386,conv2d_14,"(2, 2, 5, 38)",29
4387,conv2d_14,"(0, 2, 49, 58)",13
4388,conv2d_14,"(2, 2, 40, 20)",19
4389,conv2d_14,"(2, 0, 37, 58)",26
4390,conv2d_14,"(1, 0, 38, 16)",23
4391,conv2d_14,"(0, 2, 62, 12)",6
4392,conv2d_14,"(2, 1, 8, 18)",19
4393,conv2d_14,"(0, 0, 15, 28)",22
4394,conv2d_14,"(1, 0, 10, 11)",25
4395,conv2d_14,"(0, 0, 30, 4)",18
4396,conv2d_14,"(2, 1, 40, 40)",26
4397,conv2d_14,"(0, 1, 25, 36)",22
4398,conv2d_14,"(2, 1, 35, 36)",0
4399,conv2d_14,"(1, 1, 62, 52)",9
4400,conv2d_14,"(0, 1, 17, 46)",22
4401,conv2d_14,"(1, 2, 2, 61)",19
4402,conv2d_14,"(2, 0, 22, 57)",2
4403,conv2d_14,"(2, 2, 46, 29)",24
4404,conv2d_14,"(1, 0, 11, 42)",30
4405,conv2d_14,"(0, 1, 12, 58)",21
4406,conv2d_14,"(1, 1, 45, 53)",15
4407,conv2d_14,"(1, 2, 14, 50)",17
4408,conv2d_14,"(0, 0, 31, 13)",12
4409,conv2d_14,"(0, 2, 34, 53)",2
4410,conv2d_14,"(0, 1, 8, 28)",15
4411,conv2d_14,"(2, 2, 53, 56)",1
4412,conv2d_14,"(0, 0, 4, 4)",28
4413,conv2d_14,"(0, 0, 52, 47)",27
4414,conv2d_14,"(1, 1, 17, 53)",4
4415,conv2d_14,"(1, 0, 49, 49)",27
4416,conv2d_14,"(2, 1, 35, 0)",7
4417,conv2d_14,"(1, 2, 9, 47)",25
4418,conv2d_14,"(0, 0, 62, 41)",29
4419,conv2d_14,"(2, 2, 41, 8)",16
4420,conv2d_14,"(0, 2, 16, 11)",11
4421,conv2d_14,"(2, 0, 57, 22)",26
4422,conv2d_14,"(2, 0, 46, 63)",29
4423,conv2d_14,"(0, 1, 12, 55)",28
4424,conv2d_14,"(2, 0, 60, 25)",21
4425,conv2d_14,"(2, 2, 61, 40)",7
4426,conv2d_14,"(2, 0, 31, 46)",21
4427,conv2d_14,"(2, 2, 5, 63)",29
4428,conv2d_14,"(1, 0, 23, 52)",10
4429,conv2d_14,"(0, 0, 25, 0)",2
4430,conv2d_14,"(1, 2, 39, 2)",17
4431,conv2d_14,"(2, 0, 50, 10)",11
4432,conv2d_14,"(0, 1, 3, 36)",4
4433,conv2d_14,"(0, 1, 62, 28)",20
4434,conv2d_14,"(1, 0, 47, 61)",3
4435,conv2d_14,"(2, 1, 53, 12)",22
4436,conv2d_14,"(0, 2, 14, 49)",12
4437,conv2d_14,"(2, 0, 11, 20)",21
4438,conv2d_14,"(1, 1, 39, 62)",25
4439,conv2d_14,"(2, 1, 50, 10)",11
4440,conv2d_14,"(0, 0, 9, 4)",20
4441,conv2d_14,"(1, 2, 33, 51)",0
4442,conv2d_14,"(2, 0, 3, 28)",5
4443,conv2d_14,"(2, 0, 32, 15)",8
4444,conv2d_14,"(1, 2, 59, 4)",4
4445,conv2d_14,"(0, 1, 8, 18)",13
4446,conv2d_14,"(2, 1, 0, 47)",3
4447,conv2d_14,"(1, 0, 60, 17)",9
4448,conv2d_14,"(0, 1, 35, 38)",8
4449,conv2d_14,"(0, 0, 46, 43)",6
4450,conv2d_14,"(0, 2, 43, 41)",27
4451,conv2d_14,"(1, 0, 41, 39)",16
4452,conv2d_14,"(0, 2, 60, 48)",10
4453,conv2d_14,"(0, 0, 36, 3)",9
4454,conv2d_14,"(0, 2, 18, 57)",2
4455,conv2d_14,"(0, 0, 56, 14)",26
4456,conv2d_14,"(0, 0, 56, 38)",11
4457,conv2d_14,"(2, 2, 62, 19)",22
4458,conv2d_14,"(2, 0, 29, 40)",4
4459,conv2d_14,"(2, 1, 8, 63)",30
4460,conv2d_14,"(0, 0, 18, 6)",2
4461,conv2d_14,"(1, 1, 48, 17)",18
4462,conv2d_14,"(2, 0, 3, 34)",31
4463,conv2d_14,"(2, 1, 62, 53)",25
4464,conv2d_14,"(1, 0, 7, 7)",11
4465,conv2d_14,"(0, 0, 21, 50)",6
4466,conv2d_14,"(0, 1, 41, 2)",16
4467,conv2d_14,"(0, 0, 57, 51)",17
4468,conv2d_14,"(0, 0, 8, 47)",3
4469,conv2d_14,"(1, 2, 22, 8)",23
4470,conv2d_14,"(2, 2, 59, 33)",7
4471,conv2d_14,"(0, 1, 52, 16)",6
4472,conv2d_14,"(2, 2, 62, 44)",3
4473,conv2d_14,"(1, 1, 13, 0)",18
4474,conv2d_14,"(0, 1, 42, 46)",18
4475,conv2d_14,"(0, 0, 12, 48)",15
4476,conv2d_14,"(2, 0, 35, 39)",14
4477,conv2d_14,"(0, 0, 26, 54)",17
4478,conv2d_14,"(2, 1, 22, 30)",27
4479,conv2d_14,"(0, 0, 38, 2)",31
4480,conv2d_14,"(0, 0, 49, 49)",29
4481,conv2d_14,"(2, 1, 43, 49)",7
4482,conv2d_14,"(0, 2, 60, 33)",5
4483,conv2d_14,"(1, 2, 50, 42)",27
4484,conv2d_14,"(2, 0, 18, 22)",5
4485,conv2d_14,"(2, 0, 61, 40)",3
4486,conv2d_15,"(2, 2, 11, 21)",4
4487,conv2d_15,"(0, 1, 38, 0)",12
4488,conv2d_15,"(1, 1, 62, 47)",27
4489,conv2d_15,"(0, 1, 4, 10)",19
4490,conv2d_15,"(0, 1, 1, 8)",11
4491,conv2d_15,"(0, 0, 7, 56)",15
4492,conv2d_15,"(0, 0, 20, 33)",23
4493,conv2d_15,"(2, 2, 58, 53)",27
4494,conv2d_15,"(1, 0, 57, 5)",21
4495,conv2d_15,"(0, 0, 58, 46)",28
4496,conv2d_15,"(1, 0, 35, 27)",7
4497,conv2d_15,"(0, 2, 13, 6)",26
4498,conv2d_15,"(1, 2, 31, 58)",21
4499,conv2d_15,"(2, 0, 50, 49)",3
4500,conv2d_15,"(1, 2, 25, 59)",28
4501,conv2d_15,"(2, 0, 8, 50)",26
4502,conv2d_15,"(2, 2, 9, 28)",11
4503,conv2d_15,"(1, 1, 43, 15)",12
4504,conv2d_15,"(0, 0, 46, 36)",2
4505,conv2d_15,"(0, 1, 36, 36)",28
4506,conv2d_15,"(0, 0, 38, 10)",26
4507,conv2d_15,"(0, 2, 6, 20)",31
4508,conv2d_15,"(0, 1, 58, 58)",6
4509,conv2d_15,"(0, 0, 4, 11)",29
4510,conv2d_15,"(0, 1, 46, 27)",6
4511,conv2d_15,"(1, 1, 38, 57)",15
4512,conv2d_15,"(0, 0, 38, 63)",30
4513,conv2d_15,"(0, 0, 29, 19)",2
4514,conv2d_15,"(1, 0, 22, 44)",4
4515,conv2d_15,"(2, 0, 38, 2)",25
4516,conv2d_15,"(0, 0, 57, 56)",2
4517,conv2d_15,"(2, 1, 3, 53)",27
4518,conv2d_15,"(1, 2, 11, 23)",6
4519,conv2d_15,"(1, 0, 47, 20)",28
4520,conv2d_15,"(2, 1, 1, 11)",24
4521,conv2d_15,"(0, 0, 7, 47)",15
4522,conv2d_15,"(2, 0, 48, 6)",17
4523,conv2d_15,"(2, 0, 38, 42)",11
4524,conv2d_15,"(2, 1, 38, 22)",8
4525,conv2d_15,"(2, 2, 3, 4)",19
4526,conv2d_15,"(2, 1, 29, 38)",5
4527,conv2d_15,"(2, 0, 16, 43)",0
4528,conv2d_15,"(1, 0, 56, 57)",4
4529,conv2d_15,"(0, 2, 8, 44)",4
4530,conv2d_15,"(0, 0, 3, 48)",9
4531,conv2d_15,"(0, 1, 23, 28)",12
4532,conv2d_15,"(0, 0, 33, 38)",0
4533,conv2d_15,"(0, 0, 33, 12)",29
4534,conv2d_15,"(1, 2, 45, 42)",18
4535,conv2d_15,"(0, 1, 61, 15)",14
4536,conv2d_15,"(1, 1, 35, 33)",0
4537,conv2d_15,"(0, 0, 18, 0)",13
4538,conv2d_15,"(2, 1, 52, 58)",6
4539,conv2d_15,"(2, 1, 58, 50)",28
4540,conv2d_15,"(1, 1, 48, 4)",4
4541,conv2d_15,"(1, 0, 28, 60)",20
4542,conv2d_15,"(0, 1, 36, 43)",3
4543,conv2d_15,"(0, 1, 44, 17)",18
4544,conv2d_15,"(0, 2, 38, 40)",10
4545,conv2d_15,"(0, 0, 9, 27)",5
4546,conv2d_15,"(2, 1, 2, 36)",21
4547,conv2d_15,"(0, 0, 0, 28)",16
4548,conv2d_15,"(1, 1, 14, 60)",19
4549,conv2d_15,"(2, 2, 37, 16)",3
4550,conv2d_15,"(2, 1, 34, 48)",26
4551,conv2d_15,"(2, 2, 20, 44)",6
4552,conv2d_15,"(1, 1, 59, 54)",25
4553,conv2d_15,"(1, 2, 4, 36)",22
4554,conv2d_15,"(0, 1, 1, 7)",24
4555,conv2d_15,"(0, 0, 33, 59)",23
4556,conv2d_15,"(1, 2, 10, 13)",30
4557,conv2d_15,"(0, 2, 14, 45)",10
4558,conv2d_15,"(0, 1, 32, 20)",1
4559,conv2d_15,"(1, 1, 62, 46)",20
4560,conv2d_15,"(1, 1, 29, 52)",7
4561,conv2d_15,"(2, 2, 58, 58)",30
4562,conv2d_15,"(1, 1, 50, 28)",25
4563,conv2d_15,"(2, 1, 36, 6)",24
4564,conv2d_15,"(2, 0, 37, 32)",3
4565,conv2d_15,"(0, 2, 3, 24)",2
4566,conv2d_15,"(2, 1, 12, 62)",13
4567,conv2d_15,"(1, 2, 5, 32)",2
4568,conv2d_15,"(1, 1, 43, 60)",7
4569,conv2d_15,"(1, 2, 25, 18)",1
4570,conv2d_15,"(0, 0, 55, 15)",26
4571,conv2d_15,"(2, 2, 34, 37)",24
4572,conv2d_15,"(0, 2, 37, 52)",6
4573,conv2d_15,"(1, 0, 36, 50)",25
4574,conv2d_15,"(1, 2, 60, 0)",4
4575,conv2d_15,"(2, 0, 33, 55)",15
4576,conv2d_15,"(2, 2, 32, 45)",3
4577,conv2d_15,"(0, 0, 13, 59)",19
4578,conv2d_15,"(0, 1, 24, 18)",1
4579,conv2d_15,"(0, 2, 36, 2)",12
4580,conv2d_15,"(0, 2, 47, 32)",15
4581,conv2d_15,"(0, 2, 48, 59)",30
4582,conv2d_15,"(1, 1, 4, 15)",0
4583,conv2d_15,"(2, 1, 33, 8)",0
4584,conv2d_15,"(2, 1, 46, 33)",1
4585,conv2d_15,"(0, 1, 49, 23)",25
4586,conv2d_15,"(2, 0, 34, 14)",6
4587,conv2d_15,"(2, 1, 14, 27)",10
4588,conv2d_15,"(2, 0, 13, 16)",12
4589,conv2d_15,"(1, 0, 41, 36)",20
4590,conv2d_15,"(0, 0, 41, 42)",24
4591,conv2d_15,"(0, 2, 1, 21)",30
4592,conv2d_15,"(0, 1, 2, 1)",10
4593,conv2d_15,"(1, 0, 28, 53)",27
4594,conv2d_15,"(0, 0, 56, 2)",20
4595,conv2d_15,"(1, 2, 31, 23)",12
4596,conv2d_15,"(2, 1, 46, 32)",14
4597,conv2d_15,"(2, 0, 36, 56)",9
4598,conv2d_15,"(2, 2, 27, 30)",5
4599,conv2d_15,"(0, 1, 18, 52)",1
4600,conv2d_15,"(1, 0, 27, 50)",24
4601,conv2d_15,"(1, 0, 43, 15)",16
4602,conv2d_15,"(1, 1, 17, 23)",13
4603,conv2d_15,"(2, 1, 14, 0)",12
4604,conv2d_15,"(1, 2, 29, 35)",24
4605,conv2d_15,"(1, 0, 53, 54)",26
4606,conv2d_15,"(2, 2, 61, 29)",22
4607,conv2d_15,"(0, 0, 47, 24)",14
4608,conv2d_15,"(0, 2, 40, 11)",14
4609,conv2d_15,"(2, 1, 12, 50)",31
4610,conv2d_15,"(1, 2, 34, 26)",15
4611,conv2d_15,"(0, 2, 18, 60)",29
4612,conv2d_15,"(2, 1, 0, 51)",1
4613,conv2d_15,"(1, 1, 34, 6)",30
4614,conv2d_15,"(2, 2, 50, 38)",13
4615,conv2d_15,"(1, 0, 46, 58)",14
4616,conv2d_15,"(0, 0, 7, 63)",26
4617,conv2d_15,"(0, 1, 48, 18)",23
4618,conv2d_15,"(0, 0, 4, 3)",6
4619,conv2d_15,"(1, 0, 12, 15)",26
4620,conv2d_15,"(1, 2, 15, 55)",27
4621,conv2d_15,"(2, 1, 23, 29)",4
4622,conv2d_15,"(0, 2, 1, 56)",18
4623,conv2d_15,"(0, 1, 41, 11)",25
4624,conv2d_15,"(0, 2, 9, 50)",20
4625,conv2d_15,"(2, 1, 59, 36)",15
4626,conv2d_15,"(2, 1, 0, 3)",5
4627,conv2d_15,"(1, 0, 40, 26)",20
4628,conv2d_15,"(2, 2, 1, 49)",5
4629,conv2d_15,"(2, 2, 32, 1)",18
4630,conv2d_15,"(1, 2, 57, 58)",29
4631,conv2d_15,"(2, 2, 42, 46)",11
4632,conv2d_15,"(2, 2, 53, 50)",0
4633,conv2d_15,"(0, 0, 49, 50)",20
4634,conv2d_15,"(2, 1, 58, 13)",8
4635,conv2d_15,"(2, 1, 33, 30)",9
4636,conv2d_15,"(2, 0, 48, 1)",23
4637,conv2d_15,"(1, 2, 12, 0)",9
4638,conv2d_15,"(0, 2, 46, 30)",12
4639,conv2d_15,"(2, 1, 43, 18)",24
4640,conv2d_15,"(1, 0, 45, 38)",29
4641,conv2d_15,"(0, 2, 48, 25)",30
4642,conv2d_15,"(1, 1, 60, 31)",22
4643,conv2d_15,"(0, 2, 15, 43)",8
4644,conv2d_15,"(1, 1, 15, 62)",0
4645,conv2d_15,"(1, 2, 30, 28)",8
4646,conv2d_15,"(1, 0, 55, 23)",12
4647,conv2d_15,"(1, 2, 41, 22)",20
4648,conv2d_15,"(1, 2, 60, 63)",4
4649,conv2d_15,"(2, 2, 45, 61)",16
4650,conv2d_15,"(2, 2, 33, 12)",23
4651,conv2d_15,"(1, 0, 37, 42)",10
4652,conv2d_15,"(0, 2, 9, 16)",9
4653,conv2d_15,"(2, 1, 26, 28)",10
4654,conv2d_15,"(2, 2, 62, 46)",8
4655,conv2d_15,"(0, 0, 14, 59)",22
4656,conv2d_15,"(2, 1, 28, 32)",29
4657,conv2d_15,"(0, 0, 50, 35)",6
4658,conv2d_15,"(2, 2, 49, 59)",20
4659,conv2d_15,"(0, 1, 2, 33)",19
4660,conv2d_15,"(0, 1, 41, 23)",16
4661,conv2d_15,"(2, 2, 41, 54)",24
4662,conv2d_15,"(0, 2, 50, 50)",4
4663,conv2d_15,"(1, 0, 9, 59)",28
4664,conv2d_15,"(0, 1, 37, 62)",16
4665,conv2d_15,"(2, 1, 10, 38)",29
4666,conv2d_15,"(1, 1, 52, 53)",4
4667,conv2d_15,"(0, 1, 4, 45)",13
4668,conv2d_15,"(2, 1, 58, 38)",30
4669,conv2d_15,"(0, 2, 15, 50)",20
4670,conv2d_15,"(0, 0, 19, 4)",30
4671,conv2d_15,"(0, 2, 55, 25)",0
4672,conv2d_15,"(2, 2, 52, 12)",12
4673,conv2d_15,"(2, 1, 44, 19)",18
4674,conv2d_15,"(1, 1, 54, 41)",17
4675,conv2d_15,"(1, 1, 22, 48)",21
4676,conv2d_15,"(1, 2, 9, 42)",15
4677,conv2d_15,"(2, 0, 3, 24)",16
4678,conv2d_15,"(2, 1, 37, 39)",31
4679,conv2d_15,"(2, 1, 56, 62)",23
4680,conv2d_15,"(2, 0, 25, 33)",25
4681,conv2d_15,"(0, 1, 11, 6)",1
4682,conv2d_15,"(1, 1, 41, 36)",14
4683,conv2d_15,"(0, 0, 63, 35)",21
4684,conv2d_15,"(1, 0, 23, 39)",13
4685,conv2d_15,"(1, 1, 63, 21)",17
4686,conv2d_15,"(0, 1, 20, 48)",28
4687,conv2d_15,"(1, 2, 49, 36)",5
4688,conv2d_15,"(0, 1, 19, 17)",13
4689,conv2d_15,"(0, 2, 63, 60)",24
4690,conv2d_15,"(1, 2, 43, 55)",11
4691,conv2d_15,"(0, 2, 23, 59)",20
4692,conv2d_15,"(0, 1, 39, 27)",30
4693,conv2d_15,"(1, 0, 39, 19)",5
4694,conv2d_15,"(0, 2, 17, 33)",18
4695,conv2d_15,"(0, 0, 49, 9)",27
4696,conv2d_15,"(0, 1, 8, 49)",4
4697,conv2d_15,"(0, 1, 18, 29)",26
4698,conv2d_15,"(0, 0, 21, 31)",1
4699,conv2d_15,"(0, 2, 17, 15)",11
4700,conv2d_15,"(2, 1, 8, 47)",30
4701,conv2d_15,"(1, 1, 11, 13)",26
4702,conv2d_15,"(2, 2, 35, 7)",29
4703,conv2d_15,"(1, 1, 58, 40)",8
4704,conv2d_15,"(2, 1, 59, 44)",16
4705,conv2d_15,"(0, 1, 29, 47)",20
4706,conv2d_15,"(0, 2, 50, 52)",14
4707,conv2d_15,"(2, 1, 43, 28)",17
4708,conv2d_15,"(1, 2, 38, 17)",25
4709,conv2d_15,"(0, 1, 34, 44)",23
4710,conv2d_15,"(1, 0, 26, 29)",1
4711,conv2d_15,"(0, 1, 38, 39)",15
4712,conv2d_15,"(2, 2, 27, 24)",6
4713,conv2d_15,"(0, 1, 9, 45)",12
4714,conv2d_15,"(2, 2, 37, 45)",6
4715,conv2d_15,"(0, 1, 54, 12)",19
4716,conv2d_15,"(1, 2, 41, 35)",20
4717,conv2d_15,"(0, 1, 6, 14)",27
4718,conv2d_15,"(1, 0, 47, 19)",1
4719,conv2d_15,"(1, 2, 52, 28)",24
4720,conv2d_15,"(1, 1, 7, 10)",12
4721,conv2d_15,"(0, 0, 53, 47)",31
4722,conv2d_15,"(2, 0, 47, 0)",7
4723,conv2d_15,"(1, 2, 14, 32)",5
4724,conv2d_15,"(1, 1, 13, 0)",31
4725,conv2d_15,"(2, 0, 5, 53)",19
4726,conv2d_15,"(2, 1, 41, 53)",2
4727,conv2d_15,"(1, 2, 54, 28)",3
4728,conv2d_15,"(2, 1, 60, 59)",1
4729,conv2d_15,"(2, 0, 62, 22)",8
4730,conv2d_15,"(2, 1, 7, 57)",5
4731,conv2d_15,"(1, 2, 59, 2)",0
4732,conv2d_15,"(1, 2, 31, 45)",1
4733,conv2d_15,"(0, 1, 22, 35)",29
4734,conv2d_15,"(0, 0, 40, 4)",4
4735,conv2d_15,"(0, 1, 59, 0)",21
4736,conv2d_15,"(1, 2, 51, 59)",20
4737,conv2d_15,"(0, 1, 57, 26)",10
4738,conv2d_15,"(2, 1, 15, 12)",2
4739,conv2d_15,"(0, 2, 2, 58)",15
4740,conv2d_15,"(1, 1, 25, 24)",27
4741,conv2d_15,"(1, 1, 7, 37)",27
4742,conv2d_15,"(0, 1, 15, 21)",24
4743,conv2d_15,"(0, 1, 36, 61)",10
4744,conv2d_15,"(1, 1, 54, 43)",13
4745,conv2d_15,"(2, 2, 15, 46)",3
4746,conv2d_15,"(2, 1, 49, 49)",11
4747,conv2d_15,"(1, 2, 17, 15)",14
4748,conv2d_15,"(0, 0, 41, 4)",29
4749,conv2d_15,"(2, 1, 57, 39)",20
4750,conv2d_15,"(1, 0, 44, 18)",23
4751,conv2d_15,"(1, 1, 23, 11)",13
4752,conv2d_15,"(1, 2, 38, 18)",20
4753,conv2d_15,"(2, 0, 33, 40)",10
4754,conv2d_15,"(0, 2, 21, 0)",15
4755,conv2d_15,"(0, 1, 24, 9)",16
4756,conv2d_15,"(0, 0, 58, 59)",19
4757,conv2d_15,"(0, 1, 63, 28)",16
4758,conv2d_15,"(1, 0, 53, 28)",0
4759,conv2d_15,"(1, 0, 57, 59)",19
4760,conv2d_15,"(2, 1, 52, 17)",9
4761,conv2d_15,"(2, 0, 59, 15)",2
4762,conv2d_15,"(2, 0, 25, 3)",24
4763,conv2d_15,"(0, 1, 27, 17)",4
4764,conv2d_15,"(2, 0, 7, 27)",4
4765,conv2d_15,"(1, 0, 15, 43)",29
4766,conv2d_15,"(1, 1, 44, 24)",26
4767,conv2d_15,"(2, 2, 43, 18)",13
4768,conv2d_15,"(0, 1, 23, 59)",21
4769,conv2d_15,"(1, 2, 33, 35)",13
4770,conv2d_15,"(1, 0, 10, 13)",1
4771,conv2d_15,"(1, 2, 23, 58)",10
4772,conv2d_15,"(2, 2, 63, 1)",29
4773,conv2d_15,"(0, 0, 52, 57)",10
4774,conv2d_15,"(2, 2, 41, 9)",23
4775,conv2d_15,"(2, 0, 22, 59)",2
4776,conv2d_15,"(2, 1, 54, 32)",18
4777,conv2d_15,"(2, 0, 10, 34)",19
4778,conv2d_15,"(1, 0, 10, 21)",6
4779,conv2d_15,"(1, 2, 27, 24)",21
4780,conv2d_15,"(1, 0, 18, 3)",10
4781,conv2d_15,"(1, 2, 26, 40)",7
4782,conv2d_15,"(1, 0, 54, 41)",16
4783,conv2d_15,"(0, 1, 4, 52)",0
4784,conv2d_15,"(1, 1, 29, 32)",29
4785,conv2d_15,"(1, 0, 25, 6)",31
4786,conv2d_15,"(2, 1, 44, 0)",30
4787,conv2d_15,"(2, 0, 26, 10)",20
4788,conv2d_15,"(2, 2, 25, 56)",30
4789,conv2d_15,"(1, 0, 28, 46)",27
4790,conv2d_15,"(0, 1, 53, 58)",7
4791,conv2d_15,"(1, 1, 51, 52)",13
4792,conv2d_15,"(2, 0, 48, 43)",4
4793,conv2d_15,"(0, 2, 5, 53)",10
4794,conv2d_15,"(2, 1, 58, 44)",26
4795,conv2d_15,"(1, 2, 4, 62)",22
4796,conv2d_15,"(0, 0, 48, 21)",10
4797,conv2d_15,"(2, 2, 40, 31)",26
4798,conv2d_15,"(0, 1, 5, 37)",1
4799,conv2d_15,"(1, 1, 38, 54)",29
4800,conv2d_15,"(2, 1, 63, 4)",14
4801,conv2d_15,"(2, 0, 62, 0)",16
4802,conv2d_15,"(0, 0, 48, 43)",30
4803,conv2d_15,"(1, 0, 33, 19)",31
4804,conv2d_15,"(1, 0, 53, 3)",18
4805,conv2d_15,"(0, 2, 63, 46)",31
4806,conv2d_15,"(0, 2, 16, 5)",25
4807,conv2d_15,"(0, 0, 39, 50)",27
4808,conv2d_15,"(1, 0, 39, 61)",23
4809,conv2d_15,"(0, 1, 25, 7)",26
4810,conv2d_15,"(2, 1, 3, 36)",18
4811,conv2d_15,"(0, 0, 18, 63)",0
4812,conv2d_15,"(0, 1, 20, 30)",10
4813,conv2d_15,"(0, 1, 45, 30)",17
4814,conv2d_15,"(0, 2, 50, 12)",10
4815,conv2d_15,"(1, 0, 60, 6)",10
4816,conv2d_15,"(0, 2, 23, 47)",15
4817,conv2d_15,"(2, 1, 50, 55)",1
4818,conv2d_15,"(2, 1, 31, 56)",13
4819,conv2d_15,"(0, 0, 45, 18)",29
4820,conv2d_15,"(2, 2, 35, 40)",17
4821,conv2d_15,"(1, 1, 13, 34)",27
4822,conv2d_15,"(1, 2, 13, 57)",29
4823,conv2d_15,"(1, 2, 63, 43)",23
4824,conv2d_15,"(2, 2, 7, 12)",26
4825,conv2d_15,"(2, 1, 55, 39)",20
4826,conv2d_15,"(1, 2, 41, 18)",27
4827,conv2d_15,"(2, 1, 58, 40)",4
4828,conv2d_15,"(0, 1, 46, 11)",29
4829,conv2d_15,"(2, 1, 3, 0)",19
4830,conv2d_15,"(1, 2, 29, 63)",19
4831,conv2d_15,"(2, 2, 57, 1)",4
4832,conv2d_15,"(2, 1, 63, 24)",8
4833,conv2d_15,"(2, 0, 46, 36)",13
4834,conv2d_15,"(0, 0, 16, 17)",13
4835,conv2d_15,"(0, 2, 8, 33)",22
4836,conv2d_15,"(2, 1, 50, 20)",27
4837,conv2d_15,"(2, 2, 21, 22)",20
4838,conv2d_15,"(1, 1, 23, 26)",17
4839,conv2d_15,"(0, 1, 51, 61)",8
4840,conv2d_15,"(0, 1, 34, 0)",26
4841,conv2d_15,"(0, 0, 5, 46)",13
4842,conv2d_15,"(1, 1, 31, 15)",19
4843,conv2d_15,"(1, 1, 50, 53)",30
4844,conv2d_15,"(2, 0, 51, 61)",29
4845,conv2d_15,"(1, 1, 12, 3)",7
4846,conv2d_15,"(0, 2, 40, 59)",10
4847,conv2d_15,"(0, 1, 49, 1)",16
4848,conv2d_15,"(1, 0, 52, 0)",7
4849,conv2d_15,"(0, 0, 2, 45)",0
4850,conv2d_15,"(1, 0, 62, 15)",9
4851,conv2d_15,"(2, 1, 8, 48)",11
4852,conv2d_15,"(0, 1, 29, 24)",15
4853,conv2d_15,"(1, 0, 38, 44)",25
4854,conv2d_15,"(0, 1, 35, 52)",21
4855,conv2d_15,"(2, 1, 41, 1)",9
4856,conv2d_15,"(2, 1, 14, 40)",24
4857,conv2d_15,"(2, 0, 63, 26)",10
4858,conv2d_15,"(1, 1, 59, 21)",10
4859,conv2d_15,"(1, 1, 14, 26)",25
4860,conv2d_15,"(0, 0, 8, 63)",22
4861,conv2d_15,"(2, 0, 40, 61)",17
4862,conv2d_15,"(1, 1, 25, 16)",9
4863,conv2d_15,"(2, 2, 46, 20)",13
4864,conv2d_15,"(2, 0, 63, 29)",19
4865,conv2d_15,"(1, 1, 0, 26)",28
4866,conv2d_15,"(2, 1, 50, 57)",18
4867,conv2d_15,"(1, 0, 2, 59)",16
4868,conv2d_15,"(1, 2, 39, 58)",23
4869,conv2d_15,"(2, 1, 3, 52)",2
4870,conv2d_15,"(0, 2, 54, 28)",9
4871,conv2d_15,"(0, 2, 41, 20)",19
4872,conv2d_15,"(1, 0, 9, 11)",15
4873,conv2d_15,"(2, 2, 48, 30)",10
4874,conv2d_15,"(1, 0, 30, 8)",0
4875,conv2d_15,"(0, 2, 43, 11)",18
4876,conv2d_15,"(2, 0, 30, 39)",14
4877,conv2d_15,"(2, 2, 56, 26)",2
4878,conv2d_15,"(2, 2, 20, 36)",28
4879,conv2d_15,"(1, 2, 16, 28)",7
4880,conv2d_15,"(1, 1, 4, 35)",25
4881,conv2d_15,"(2, 1, 7, 48)",26
4882,conv2d_15,"(1, 1, 35, 6)",16
4883,conv2d_15,"(1, 2, 57, 16)",13
4884,conv2d_15,"(1, 0, 40, 52)",2
4885,conv2d_15,"(1, 1, 63, 60)",24
4886,conv2d_15,"(2, 2, 49, 58)",30
4887,conv2d_15,"(0, 0, 63, 51)",2
4888,conv2d_15,"(0, 0, 4, 59)",17
4889,conv2d_15,"(0, 0, 22, 18)",1
4890,conv2d_15,"(0, 2, 54, 44)",19
4891,conv2d_15,"(0, 1, 61, 26)",17
4892,conv2d_15,"(0, 2, 33, 29)",30
4893,conv2d_15,"(2, 1, 60, 16)",28
4894,conv2d_15,"(2, 0, 19, 32)",25
4895,conv2d_15,"(1, 2, 61, 59)",3
4896,conv2d_15,"(1, 1, 21, 23)",5
4897,conv2d_15,"(0, 2, 20, 47)",0
4898,conv2d_15,"(1, 0, 23, 18)",14
4899,conv2d_15,"(2, 0, 63, 45)",19
4900,conv2d_15,"(2, 0, 33, 32)",6
4901,conv2d_15,"(1, 2, 11, 5)",6
4902,conv2d_15,"(1, 0, 14, 51)",11
4903,conv2d_15,"(2, 0, 55, 53)",16
4904,conv2d_15,"(1, 2, 11, 9)",19
4905,conv2d_15,"(2, 1, 1, 21)",4
4906,conv2d_15,"(0, 1, 25, 30)",11
4907,conv2d_15,"(1, 2, 39, 27)",4
4908,conv2d_15,"(2, 2, 25, 24)",4
4909,conv2d_15,"(2, 2, 51, 54)",20
4910,conv2d_15,"(2, 1, 40, 58)",21
4911,conv2d_15,"(1, 1, 57, 28)",12
4912,conv2d_15,"(1, 1, 56, 16)",13
4913,conv2d_15,"(0, 2, 48, 20)",23
4914,conv2d_15,"(1, 2, 7, 39)",3
4915,conv2d_15,"(1, 1, 34, 37)",15
4916,conv2d_15,"(0, 2, 63, 19)",20
4917,conv2d_15,"(2, 2, 4, 26)",13
4918,conv2d_15,"(0, 0, 38, 17)",22
4919,conv2d_15,"(0, 1, 5, 19)",25
4920,conv2d_15,"(1, 2, 38, 21)",16
4921,conv2d_15,"(0, 1, 58, 56)",22
4922,conv2d_15,"(2, 2, 43, 30)",21
4923,conv2d_15,"(1, 0, 2, 50)",31
4924,conv2d_15,"(0, 1, 46, 25)",0
4925,conv2d_15,"(1, 0, 20, 17)",21
4926,conv2d_15,"(1, 1, 30, 58)",31
4927,conv2d_15,"(1, 1, 4, 59)",15
4928,conv2d_15,"(2, 2, 31, 22)",14
4929,conv2d_15,"(2, 1, 59, 4)",6
4930,conv2d_15,"(0, 1, 13, 34)",28
4931,conv2d_15,"(0, 0, 63, 42)",22
4932,conv2d_15,"(2, 1, 40, 55)",13
4933,conv2d_15,"(2, 2, 20, 7)",15
4934,conv2d_15,"(2, 0, 44, 0)",4
4935,conv2d_15,"(2, 2, 14, 39)",24
4936,conv2d_15,"(2, 1, 11, 4)",8
4937,conv2d_15,"(1, 2, 50, 22)",31
4938,conv2d_15,"(2, 1, 52, 49)",14
4939,conv2d_15,"(1, 0, 60, 43)",1
4940,conv2d_15,"(0, 0, 30, 19)",4
4941,conv2d_15,"(2, 0, 42, 53)",21
4942,conv2d_15,"(2, 0, 8, 47)",25
4943,conv2d_15,"(2, 0, 37, 6)",0
4944,conv2d_15,"(2, 0, 25, 20)",25
4945,conv2d_15,"(0, 0, 25, 1)",0
4946,conv2d_15,"(1, 0, 60, 19)",31
4947,conv2d_15,"(1, 1, 14, 12)",13
4948,conv2d_15,"(1, 2, 39, 55)",15
4949,conv2d_15,"(2, 2, 57, 13)",12
4950,conv2d_15,"(2, 1, 3, 27)",2
4951,conv2d_15,"(2, 2, 59, 34)",31
4952,conv2d_15,"(0, 0, 58, 18)",31
4953,conv2d_15,"(1, 0, 3, 23)",17
4954,conv2d_15,"(0, 2, 31, 19)",4
4955,conv2d_15,"(1, 2, 8, 2)",2
4956,conv2d_15,"(1, 2, 52, 14)",20
4957,conv2d_15,"(1, 1, 9, 12)",15
4958,conv2d_15,"(2, 0, 42, 37)",23
4959,conv2d_15,"(0, 1, 9, 6)",18
4960,conv2d_15,"(0, 2, 50, 14)",26
4961,conv2d_15,"(2, 0, 31, 49)",25
4962,conv2d_15,"(1, 2, 28, 21)",29
4963,conv2d_15,"(2, 2, 7, 7)",8
4964,conv2d_15,"(0, 2, 31, 0)",30
4965,conv2d_15,"(0, 2, 40, 36)",30
4966,conv2d_15,"(2, 0, 34, 63)",25
4967,conv2d_15,"(0, 0, 36, 51)",8
4968,conv2d_15,"(2, 0, 40, 44)",24
4969,conv2d_15,"(2, 1, 13, 35)",8
4970,conv2d_15,"(0, 2, 18, 39)",0
4971,conv2d_15,"(2, 2, 54, 19)",1
4972,conv2d_15,"(1, 1, 60, 41)",7
4973,conv2d_15,"(1, 2, 2, 3)",28
4974,conv2d_15,"(2, 2, 34, 46)",31
4975,conv2d_15,"(1, 1, 10, 44)",13
4976,conv2d_15,"(1, 0, 7, 31)",31
4977,conv2d_15,"(2, 2, 48, 18)",25
4978,conv2d_15,"(2, 2, 1, 37)",9
4979,conv2d_15,"(2, 2, 13, 28)",27
4980,conv2d_15,"(0, 2, 6, 24)",23
4981,conv2d_15,"(1, 1, 52, 39)",5
4982,conv2d_15,"(0, 2, 56, 57)",15
4983,conv2d_15,"(1, 0, 29, 19)",5
4984,conv2d_15,"(1, 2, 18, 30)",14
4985,conv2d_15,"(2, 2, 46, 40)",11
4986,conv2d_15,"(2, 2, 33, 36)",5
4987,conv2d_15,"(2, 0, 13, 1)",13
4988,conv2d_15,"(0, 2, 39, 55)",26
4989,conv2d_15,"(2, 2, 56, 20)",20
4990,conv2d_15,"(2, 0, 14, 25)",2
4991,conv2d_15,"(1, 0, 5, 50)",17
4992,conv2d_15,"(2, 2, 22, 12)",24
4993,conv2d_15,"(2, 1, 6, 37)",7
4994,conv2d_15,"(2, 0, 32, 57)",9
4995,conv2d_15,"(1, 1, 61, 2)",1
4996,conv2d_15,"(2, 1, 61, 6)",14
4997,conv2d_15,"(0, 2, 21, 2)",2
4998,conv2d_15,"(1, 2, 35, 31)",1
4999,conv2d_15,"(1, 1, 17, 9)",0
5000,conv2d_15,"(2, 2, 48, 8)",3
5001,conv2d_15,"(0, 1, 34, 23)",16
5002,conv2d_15,"(0, 1, 8, 54)",11
5003,conv2d_15,"(2, 2, 28, 30)",10
5004,conv2d_15,"(0, 2, 5, 1)",19
5005,conv2d_15,"(0, 1, 59, 37)",21
5006,conv2d_15,"(1, 2, 22, 41)",30
5007,conv2d_15,"(2, 1, 29, 54)",21
5008,conv2d_15,"(1, 1, 43, 27)",27
5009,conv2d_15,"(0, 2, 45, 7)",5
5010,conv2d_15,"(1, 1, 63, 9)",19
5011,conv2d_15,"(2, 0, 60, 23)",10
5012,conv2d_15,"(2, 1, 14, 1)",22
5013,conv2d_15,"(1, 2, 59, 48)",5
5014,conv2d_15,"(0, 0, 0, 40)",30
5015,conv2d_15,"(2, 1, 52, 48)",20
5016,conv2d_15,"(0, 2, 16, 58)",16
5017,conv2d_15,"(1, 2, 4, 50)",20
5018,conv2d_15,"(1, 0, 8, 36)",0
5019,conv2d_15,"(0, 1, 49, 59)",19
5020,conv2d_15,"(2, 2, 61, 55)",25
5021,conv2d_15,"(1, 0, 26, 12)",19
5022,conv2d_15,"(1, 1, 42, 57)",25
5023,conv2d_15,"(0, 2, 26, 6)",19
5024,conv2d_15,"(0, 0, 17, 26)",17
5025,conv2d_15,"(1, 2, 34, 16)",29
5026,conv2d_15,"(1, 0, 40, 29)",22
5027,conv2d_15,"(1, 0, 54, 5)",18
5028,conv2d_15,"(1, 2, 13, 35)",11
5029,conv2d_15,"(2, 1, 15, 7)",12
5030,conv2d_15,"(0, 2, 46, 61)",11
5031,conv2d_15,"(0, 1, 1, 41)",8
5032,conv2d_15,"(1, 2, 63, 3)",3
5033,conv2d_15,"(1, 2, 53, 38)",24
5034,conv2d_15,"(1, 1, 14, 29)",26
5035,conv2d_15,"(2, 1, 35, 22)",20
5036,conv2d_15,"(0, 1, 60, 52)",6
5037,conv2d_15,"(0, 0, 45, 54)",25
5038,conv2d_15,"(0, 2, 7, 55)",11
5039,conv2d_15,"(0, 1, 43, 33)",7
5040,conv2d_15,"(0, 1, 63, 61)",15
5041,conv2d_15,"(0, 2, 62, 59)",11
5042,conv2d_15,"(2, 1, 49, 31)",4
5043,conv2d_15,"(0, 0, 36, 39)",1
5044,conv2d_15,"(2, 2, 48, 47)",17
5045,conv2d_15,"(0, 1, 0, 59)",12
5046,conv2d_15,"(0, 0, 63, 32)",14
5047,conv2d_15,"(2, 0, 22, 24)",1
5048,conv2d_15,"(0, 1, 57, 57)",29
5049,conv2d_15,"(1, 2, 63, 15)",5
5050,conv2d_15,"(0, 0, 14, 45)",25
5051,conv2d_15,"(1, 0, 51, 15)",28
5052,conv2d_15,"(2, 0, 43, 0)",29
5053,conv2d_15,"(2, 0, 8, 52)",29
5054,conv2d_15,"(2, 0, 51, 24)",19
5055,conv2d_15,"(2, 1, 46, 9)",16
5056,conv2d_15,"(1, 0, 48, 31)",3
5057,conv2d_15,"(1, 1, 7, 14)",26
5058,conv2d_15,"(0, 0, 35, 24)",21
5059,conv2d_15,"(1, 2, 31, 39)",20
5060,conv2d_15,"(0, 1, 9, 4)",31
5061,conv2d_15,"(1, 1, 24, 58)",31
5062,conv2d_15,"(2, 0, 19, 19)",26
5063,conv2d_15,"(1, 1, 48, 45)",9
5064,conv2d_15,"(1, 0, 62, 29)",18
5065,conv2d_15,"(0, 1, 21, 50)",11
5066,conv2d_15,"(1, 1, 33, 32)",19
5067,conv2d_15,"(0, 2, 38, 7)",21
5068,conv2d_15,"(2, 2, 63, 17)",3
5069,conv2d_15,"(2, 1, 31, 25)",14
5070,conv2d_15,"(1, 0, 49, 8)",7
5071,conv2d_15,"(1, 1, 44, 32)",5
5072,conv2d_15,"(1, 0, 47, 3)",15
5073,conv2d_15,"(1, 1, 41, 59)",11
5074,conv2d_15,"(1, 2, 29, 9)",23
5075,conv2d_15,"(1, 1, 19, 39)",13
5076,conv2d_15,"(1, 0, 34, 8)",18
5077,conv2d_15,"(1, 0, 26, 28)",22
5078,conv2d_15,"(2, 1, 47, 16)",11
5079,conv2d_15,"(2, 0, 11, 20)",28
5080,conv2d_15,"(1, 1, 0, 19)",27
5081,conv2d_15,"(0, 2, 44, 48)",0
5082,conv2d_15,"(1, 0, 56, 12)",6
5083,conv2d_15,"(0, 1, 4, 62)",25
5084,conv2d_15,"(1, 1, 49, 53)",6
5085,conv2d_15,"(1, 0, 56, 36)",9
5086,conv2d_15,"(1, 0, 56, 34)",20
5087,conv2d_15,"(2, 2, 58, 32)",4
5088,conv2d_15,"(2, 0, 43, 48)",2
5089,conv2d_15,"(2, 1, 16, 39)",1
5090,conv2d_15,"(2, 2, 63, 4)",5
5091,conv2d_15,"(0, 1, 15, 37)",13
5092,conv2d_15,"(0, 1, 9, 20)",26
5093,conv2d_15,"(0, 2, 62, 46)",23
5094,conv2d_15,"(1, 1, 21, 24)",3
5095,conv2d_15,"(0, 2, 54, 19)",25
5096,conv2d_15,"(1, 0, 53, 56)",24
5097,conv2d_15,"(0, 2, 63, 41)",8
5098,conv2d_15,"(0, 0, 16, 34)",0
5099,conv2d_15,"(2, 0, 52, 53)",14
5100,conv2d_15,"(1, 2, 50, 45)",24
5101,conv2d_15,"(1, 1, 55, 13)",31
5102,conv2d_15,"(0, 2, 16, 60)",1
5103,conv2d_15,"(2, 1, 11, 18)",18
5104,conv2d_15,"(1, 0, 52, 63)",23
5105,conv2d_15,"(1, 2, 49, 3)",18
5106,conv2d_15,"(1, 0, 47, 36)",22
5107,conv2d_15,"(0, 0, 54, 50)",3
5108,conv2d_15,"(0, 2, 59, 18)",9
5109,conv2d_15,"(1, 1, 42, 2)",18
5110,conv2d_15,"(2, 2, 53, 59)",18
5111,conv2d_15,"(2, 1, 39, 48)",31
5112,conv2d_15,"(2, 0, 18, 45)",11
5113,conv2d_15,"(2, 0, 57, 59)",16
5114,conv2d_15,"(2, 0, 2, 10)",17
5115,conv2d_15,"(1, 2, 58, 16)",8
5116,conv2d_15,"(0, 1, 18, 30)",11
5117,conv2d_15,"(0, 1, 17, 19)",30
5118,conv2d_15,"(1, 0, 58, 43)",17
5119,conv2d_15,"(1, 0, 52, 41)",4
5120,conv2d_15,"(2, 2, 62, 49)",5
5121,conv2d_15,"(2, 2, 25, 42)",1
5122,conv2d_15,"(1, 1, 32, 6)",13
5123,conv2d_15,"(1, 0, 27, 23)",2
5124,conv2d_15,"(2, 0, 2, 31)",25
5125,conv2d_15,"(1, 0, 4, 4)",9
5126,conv2d_15,"(0, 0, 56, 17)",11
5127,conv2d_15,"(2, 1, 51, 26)",23
5128,conv2d_15,"(1, 1, 41, 54)",25
5129,conv2d_15,"(0, 1, 47, 15)",5
5130,conv2d_15,"(2, 0, 59, 35)",27
5131,conv2d_15,"(1, 0, 40, 24)",8
5132,conv2d_15,"(1, 1, 41, 53)",16
5133,conv2d_15,"(2, 1, 0, 58)",28
5134,conv2d_15,"(0, 0, 37, 15)",13
5135,conv2d_15,"(2, 1, 12, 19)",21
5136,conv2d_15,"(2, 2, 39, 54)",7
5137,conv2d_15,"(2, 1, 56, 3)",1
5138,conv2d_15,"(1, 1, 46, 54)",13
5139,conv2d_15,"(1, 2, 5, 20)",11
5140,conv2d_15,"(1, 2, 3, 4)",24
5141,conv2d_15,"(2, 0, 21, 30)",9
5142,conv2d_15,"(0, 2, 38, 58)",12
5143,conv2d_15,"(2, 0, 14, 30)",14
5144,conv2d_15,"(0, 0, 43, 13)",27
5145,conv2d_15,"(2, 0, 27, 25)",27
5146,conv2d_15,"(0, 1, 1, 9)",20
5147,conv2d_15,"(1, 1, 11, 27)",17
5148,conv2d_15,"(0, 0, 11, 16)",21
5149,conv2d_15,"(0, 2, 62, 5)",14
5150,conv2d_15,"(2, 1, 15, 13)",12
5151,conv2d_15,"(2, 1, 29, 37)",19
5152,conv2d_15,"(1, 2, 2, 47)",18
5153,conv2d_15,"(1, 1, 20, 5)",21
5154,conv2d_15,"(0, 1, 25, 11)",14
5155,conv2d_15,"(0, 1, 1, 43)",14
5156,conv2d_15,"(1, 0, 2, 11)",23
5157,conv2d_15,"(0, 1, 43, 59)",27
5158,conv2d_15,"(0, 0, 40, 6)",7
5159,conv2d_15,"(2, 0, 60, 51)",2
5160,conv2d_15,"(2, 0, 8, 59)",15
5161,conv2d_15,"(2, 0, 32, 30)",0
5162,conv2d_15,"(0, 0, 22, 28)",16
5163,conv2d_15,"(2, 2, 20, 40)",8
5164,conv2d_15,"(1, 0, 31, 16)",3
5165,conv2d_15,"(1, 1, 52, 40)",11
5166,conv2d_15,"(1, 2, 35, 0)",27
5167,conv2d_15,"(0, 1, 63, 32)",31
5168,conv2d_15,"(2, 1, 29, 33)",24
5169,conv2d_15,"(0, 0, 3, 57)",14
5170,conv2d_15,"(0, 0, 46, 51)",14
5171,conv2d_15,"(0, 0, 8, 34)",5
5172,conv2d_15,"(2, 1, 39, 49)",25
5173,conv2d_15,"(0, 0, 9, 7)",7
5174,conv2d_15,"(2, 1, 21, 10)",6
5175,conv2d_15,"(1, 0, 37, 2)",3
5176,conv2d_15,"(1, 0, 45, 25)",17
5177,conv2d_15,"(2, 2, 37, 38)",18
5178,conv2d_15,"(2, 1, 24, 32)",3
5179,conv2d_15,"(1, 0, 17, 5)",23
5180,conv2d_15,"(1, 2, 46, 4)",0
5181,conv2d_15,"(0, 0, 60, 42)",26
5182,conv2d_15,"(0, 2, 8, 58)",28
5183,conv2d_15,"(1, 2, 32, 16)",14
5184,conv2d_15,"(0, 2, 5, 20)",13
5185,conv2d_15,"(2, 1, 45, 13)",20
5186,conv2d_15,"(2, 2, 34, 13)",21
5187,conv2d_15,"(2, 0, 11, 45)",28
5188,conv2d_15,"(1, 2, 46, 25)",0
5189,conv2d_15,"(2, 0, 25, 2)",18
5190,conv2d_15,"(1, 2, 52, 0)",17
5191,conv2d_15,"(0, 0, 25, 6)",31
5192,conv2d_15,"(2, 0, 11, 40)",31
5193,conv2d_15,"(1, 0, 5, 52)",24
5194,conv2d_15,"(1, 0, 29, 3)",23
5195,conv2d_15,"(1, 2, 42, 41)",2
5196,conv2d_15,"(1, 0, 34, 36)",3
5197,conv2d_15,"(1, 0, 56, 63)",9
5198,conv2d_15,"(1, 0, 40, 9)",30
5199,conv2d_15,"(1, 1, 39, 4)",14
5200,conv2d_15,"(0, 2, 63, 3)",3
5201,conv2d_15,"(2, 0, 45, 48)",23
5202,conv2d_15,"(2, 2, 2, 28)",1
5203,conv2d_15,"(0, 1, 25, 24)",0
5204,conv2d_15,"(2, 2, 46, 31)",18
5205,conv2d_15,"(0, 0, 31, 61)",3
5206,conv2d_15,"(2, 1, 35, 60)",4
5207,conv2d_15,"(2, 1, 54, 15)",25
5208,conv2d_15,"(1, 2, 20, 28)",20
5209,conv2d_15,"(1, 0, 48, 53)",2
5210,conv2d_15,"(1, 2, 57, 29)",1
5211,conv2d_15,"(2, 2, 47, 43)",3
5212,conv2d_15,"(2, 1, 46, 59)",11
5213,conv2d_15,"(2, 1, 30, 59)",6
5214,conv2d_15,"(2, 2, 35, 41)",22
5215,conv2d_15,"(1, 2, 34, 28)",24
5216,conv2d_15,"(1, 1, 55, 29)",13
5217,conv2d_15,"(0, 1, 36, 19)",6
5218,conv2d_15,"(1, 0, 43, 31)",8
5219,conv2d_15,"(2, 1, 0, 4)",7
5220,conv2d_15,"(1, 2, 56, 38)",12
5221,conv2d_15,"(0, 1, 23, 29)",14
5222,conv2d_15,"(0, 1, 44, 44)",5
5223,conv2d_15,"(1, 1, 48, 2)",14
5224,conv2d_15,"(2, 0, 26, 51)",23
5225,conv2d_15,"(0, 2, 51, 44)",2
5226,conv2d_15,"(1, 0, 46, 51)",20
5227,conv2d_15,"(2, 1, 17, 10)",11
5228,conv2d_15,"(2, 2, 55, 43)",15
5229,conv2d_15,"(2, 0, 16, 23)",15
5230,conv2d_15,"(1, 0, 40, 28)",9
5231,conv2d_15,"(1, 1, 41, 9)",31
5232,conv2d_15,"(2, 1, 21, 27)",8
5233,conv2d_15,"(2, 0, 17, 31)",31
5234,conv2d_15,"(2, 2, 51, 62)",27
5235,conv2d_15,"(0, 0, 3, 53)",29
5236,conv2d_15,"(2, 1, 63, 2)",28
5237,conv2d_15,"(1, 2, 47, 36)",14
5238,conv2d_15,"(1, 2, 37, 62)",6
5239,conv2d_15,"(0, 0, 41, 9)",28
5240,conv2d_15,"(1, 0, 6, 54)",14
5241,conv2d_15,"(0, 2, 41, 60)",2
5242,conv2d_15,"(0, 2, 50, 57)",27
5243,conv2d_15,"(1, 1, 44, 49)",14
5244,conv2d_15,"(1, 2, 21, 59)",17
5245,conv2d_15,"(1, 2, 15, 2)",23
5246,conv2d_15,"(2, 0, 27, 12)",15
5247,conv2d_15,"(1, 0, 40, 40)",11
5248,conv2d_15,"(2, 1, 54, 40)",1
5249,conv2d_15,"(0, 2, 46, 0)",27
5250,conv2d_15,"(0, 2, 1, 24)",19
5251,conv2d_15,"(1, 0, 28, 41)",10
5252,conv2d_15,"(1, 1, 23, 10)",3
5253,conv2d_15,"(2, 1, 16, 5)",24
5254,conv2d_15,"(1, 1, 31, 58)",1
5255,conv2d_15,"(0, 1, 56, 61)",7
5256,conv2d_15,"(2, 1, 33, 37)",10
5257,conv2d_15,"(1, 2, 26, 56)",26
5258,conv2d_15,"(2, 1, 48, 45)",15
5259,conv2d_15,"(0, 0, 15, 0)",28
5260,conv2d_15,"(2, 1, 21, 26)",25
5261,conv2d_15,"(2, 1, 56, 43)",22
5262,conv2d_15,"(1, 0, 9, 40)",10
5263,conv2d_15,"(1, 1, 12, 61)",18
5264,conv2d_15,"(2, 2, 37, 12)",6
5265,conv2d_15,"(0, 1, 27, 27)",27
5266,conv2d_15,"(0, 0, 41, 32)",19
5267,conv2d_15,"(0, 0, 40, 60)",5
5268,conv2d_15,"(2, 0, 58, 55)",7
5269,conv2d_15,"(0, 0, 63, 18)",4
5270,conv2d_15,"(0, 1, 7, 52)",18
5271,conv2d_15,"(1, 0, 15, 49)",4
5272,conv2d_15,"(0, 1, 29, 30)",9
5273,conv2d_15,"(1, 0, 60, 48)",10
5274,conv2d_15,"(2, 0, 13, 14)",12
5275,conv2d_15,"(2, 1, 20, 15)",0
5276,conv2d_15,"(1, 0, 57, 57)",30
5277,conv2d_15,"(0, 1, 62, 58)",19
5278,conv2d_15,"(2, 2, 16, 10)",23
5279,conv2d_15,"(2, 0, 1, 28)",6
5280,conv2d_15,"(1, 0, 34, 4)",11
5281,conv2d_15,"(1, 2, 52, 25)",29
5282,conv2d_15,"(2, 0, 51, 57)",18
5283,conv2d_15,"(1, 1, 30, 29)",27
5284,conv2d_15,"(0, 2, 58, 57)",29
5285,conv2d_15,"(0, 0, 5, 51)",16
5286,conv2d_15,"(2, 0, 63, 62)",16
5287,conv2d_15,"(1, 0, 1, 60)",11
5288,conv2d_15,"(1, 1, 8, 42)",18
5289,conv2d_15,"(2, 1, 31, 31)",31
5290,conv2d_15,"(0, 2, 24, 38)",24
5291,conv2d_15,"(2, 2, 24, 12)",12
5292,conv2d_15,"(1, 1, 33, 23)",17
5293,conv2d_15,"(0, 0, 59, 51)",31
5294,conv2d_15,"(2, 1, 36, 17)",4
5295,conv2d_15,"(0, 0, 25, 34)",27
5296,conv2d_15,"(2, 2, 53, 35)",23
5297,conv2d_15,"(2, 0, 30, 0)",18
5298,conv2d_15,"(2, 0, 10, 33)",30
5299,conv2d_15,"(0, 0, 40, 16)",31
5300,conv2d_15,"(1, 0, 38, 20)",15
5301,conv2d_15,"(1, 2, 14, 22)",25
5302,conv2d_15,"(0, 0, 20, 57)",16
5303,conv2d_15,"(2, 1, 61, 54)",16
5304,conv2d_15,"(0, 1, 56, 63)",22
5305,conv2d_15,"(2, 2, 31, 39)",15
5306,conv2d_15,"(1, 2, 7, 25)",14
5307,conv2d_15,"(1, 1, 26, 6)",22
5308,conv2d_15,"(0, 0, 31, 53)",11
5309,conv2d_15,"(2, 1, 49, 10)",11
5310,conv2d_15,"(0, 2, 59, 25)",16
5311,conv2d_15,"(2, 1, 55, 22)",22
5312,conv2d_15,"(1, 0, 22, 0)",25
5313,conv2d_15,"(1, 0, 37, 37)",23
5314,conv2d_15,"(0, 2, 18, 62)",5
5315,conv2d_15,"(1, 2, 17, 44)",15
5316,conv2d_15,"(1, 2, 43, 34)",7
5317,conv2d_15,"(0, 2, 2, 37)",4
5318,conv2d_15,"(0, 2, 1, 8)",11
5319,conv2d_15,"(2, 1, 11, 32)",29
5320,conv2d_15,"(0, 1, 56, 41)",30
5321,conv2d_15,"(1, 2, 11, 59)",9
5322,conv2d_15,"(0, 1, 18, 43)",11
5323,conv2d_15,"(2, 2, 50, 28)",1
5324,conv2d_15,"(0, 0, 14, 37)",11
5325,conv2d_15,"(2, 2, 7, 28)",30
5326,conv2d_15,"(2, 0, 13, 4)",31
5327,conv2d_15,"(0, 0, 22, 21)",29
5328,conv2d_15,"(0, 1, 19, 18)",30
5329,conv2d_15,"(1, 0, 8, 7)",11
5330,conv2d_15,"(0, 0, 57, 8)",22
5331,conv2d_15,"(2, 1, 52, 39)",14
5332,conv2d_15,"(1, 2, 18, 54)",7
5333,conv2d_15,"(0, 1, 50, 51)",3
5334,conv2d_15,"(0, 2, 17, 6)",12
5335,conv2d_15,"(2, 0, 22, 7)",7
5336,conv2d_15,"(2, 1, 37, 38)",20
5337,conv2d_15,"(1, 0, 45, 35)",30
5338,conv2d_15,"(1, 1, 4, 33)",5
5339,conv2d_15,"(2, 0, 29, 37)",23
5340,conv2d_15,"(1, 2, 9, 9)",20
5341,conv2d_15,"(0, 2, 14, 0)",22
5342,conv2d_15,"(2, 1, 6, 12)",28
5343,conv2d_15,"(1, 2, 31, 13)",17
5344,conv2d_15,"(1, 0, 61, 27)",7
5345,conv2d_15,"(2, 1, 47, 42)",23
5346,conv2d_15,"(2, 2, 12, 21)",17
5347,conv2d_15,"(2, 1, 46, 54)",20
5348,conv2d_15,"(2, 0, 24, 21)",2
5349,conv2d_15,"(2, 0, 51, 0)",28
5350,conv2d_15,"(1, 1, 14, 10)",18
5351,conv2d_15,"(2, 1, 6, 30)",17
5352,conv2d_15,"(0, 2, 56, 33)",20
5353,conv2d_15,"(1, 1, 15, 49)",25
5354,conv2d_15,"(0, 0, 10, 39)",25
5355,conv2d_15,"(0, 2, 61, 29)",2
5356,conv2d_15,"(1, 0, 43, 38)",28
5357,conv2d_15,"(0, 2, 27, 3)",18
5358,conv2d_15,"(2, 0, 23, 62)",22
5359,conv2d_15,"(2, 1, 43, 30)",17
5360,conv2d_15,"(2, 1, 52, 23)",23
5361,conv2d_15,"(0, 1, 3, 43)",10
5362,conv2d_15,"(0, 2, 46, 16)",3
5363,conv2d_15,"(2, 0, 7, 58)",13
5364,conv2d_15,"(0, 2, 56, 0)",11
5365,conv2d_15,"(1, 2, 33, 48)",8
5366,conv2d_15,"(2, 2, 50, 31)",4
5367,conv2d_15,"(2, 2, 28, 19)",31
5368,conv2d_15,"(1, 0, 63, 13)",28
5369,conv2d_15,"(1, 0, 60, 44)",30
5370,conv2d_15,"(2, 1, 32, 46)",3
5371,conv2d_15,"(0, 2, 49, 21)",31
5372,conv2d_15,"(1, 2, 59, 3)",21
5373,conv2d_15,"(1, 2, 59, 15)",30
5374,conv2d_15,"(1, 0, 20, 8)",8
5375,conv2d_15,"(1, 0, 42, 23)",13
5376,conv2d_15,"(2, 1, 2, 41)",16
5377,conv2d_15,"(1, 0, 5, 46)",12
5378,conv2d_15,"(1, 2, 15, 50)",29
5379,conv2d_15,"(2, 0, 52, 26)",5
5380,conv2d_15,"(1, 1, 29, 40)",2
5381,conv2d_15,"(2, 0, 51, 19)",29
5382,conv2d_15,"(0, 0, 41, 24)",19
5383,conv2d_15,"(1, 2, 59, 21)",29
5384,conv2d_15,"(1, 1, 35, 27)",6
5385,conv2d_15,"(1, 0, 63, 18)",0
5386,conv2d_15,"(1, 0, 51, 58)",22
5387,conv2d_15,"(1, 2, 30, 24)",20
5388,conv2d_15,"(2, 1, 33, 57)",8
5389,conv2d_15,"(0, 2, 11, 5)",7
5390,conv2d_15,"(0, 2, 48, 17)",8
5391,conv2d_15,"(1, 0, 20, 46)",10
5392,conv2d_15,"(1, 0, 12, 22)",4
5393,conv2d_15,"(0, 0, 55, 26)",21
5394,conv2d_15,"(1, 1, 27, 62)",16
5395,conv2d_15,"(2, 0, 2, 25)",29
5396,conv2d_15,"(0, 0, 53, 32)",21
5397,conv2d_15,"(0, 2, 0, 53)",7
5398,conv2d_15,"(1, 1, 19, 4)",21
5399,conv2d_15,"(2, 0, 23, 19)",7
5400,conv2d_15,"(0, 0, 16, 3)",19
5401,conv2d_15,"(1, 2, 15, 0)",7
5402,conv2d_15,"(1, 0, 5, 38)",13
5403,conv2d_15,"(0, 0, 57, 37)",14
5404,conv2d_15,"(0, 1, 48, 4)",22
5405,conv2d_15,"(2, 1, 34, 0)",28
5406,conv2d_15,"(0, 2, 46, 28)",29
5407,conv2d_15,"(1, 1, 59, 8)",22
5408,conv2d_15,"(1, 0, 54, 28)",27
5409,conv2d_15,"(0, 1, 51, 33)",22
5410,conv2d_15,"(2, 2, 46, 30)",15
5411,conv2d_15,"(1, 1, 36, 58)",22
5412,conv2d_15,"(2, 2, 20, 1)",1
5413,conv2d_15,"(2, 0, 55, 8)",31
5414,conv2d_15,"(1, 2, 37, 7)",14
5415,conv2d_15,"(0, 2, 6, 59)",14
5416,conv2d_15,"(2, 0, 56, 33)",26
5417,conv2d_15,"(1, 1, 51, 0)",21
5418,conv2d_15,"(0, 0, 25, 26)",2
5419,conv2d_15,"(2, 0, 34, 4)",30
5420,conv2d_15,"(1, 0, 7, 15)",31
5421,conv2d_15,"(2, 0, 48, 8)",11
5422,conv2d_15,"(2, 0, 61, 36)",10
5423,conv2d_15,"(0, 0, 7, 5)",5
5424,conv2d_15,"(1, 0, 57, 32)",0
5425,conv2d_15,"(0, 0, 59, 52)",5
5426,conv2d_15,"(0, 0, 18, 19)",26
5427,conv2d_15,"(0, 2, 50, 6)",16
5428,conv2d_15,"(0, 0, 47, 38)",6
5429,conv2d_15,"(2, 1, 48, 21)",28
5430,conv2d_15,"(2, 1, 51, 1)",1
5431,conv2d_15,"(2, 1, 48, 28)",23
5432,conv2d_15,"(2, 2, 47, 58)",15
5433,conv2d_15,"(1, 1, 15, 0)",18
5434,conv2d_15,"(1, 2, 27, 49)",19
5435,conv2d_15,"(2, 0, 21, 36)",21
5436,conv2d_15,"(1, 1, 12, 11)",21
5437,conv2d_15,"(0, 0, 11, 42)",22
5438,conv2d_15,"(2, 0, 30, 36)",20
5439,conv2d_15,"(2, 1, 1, 27)",27
5440,conv2d_15,"(1, 2, 32, 10)",12
5441,conv2d_15,"(2, 2, 54, 57)",26
5442,conv2d_15,"(1, 2, 9, 36)",11
5443,conv2d_15,"(1, 2, 41, 30)",28
5444,conv2d_15,"(2, 2, 14, 59)",13
5445,conv2d_15,"(1, 1, 60, 4)",23
5446,conv2d_15,"(1, 0, 36, 24)",11
5447,conv2d_15,"(0, 1, 41, 24)",30
5448,conv2d_15,"(2, 0, 3, 18)",31
5449,conv2d_15,"(0, 2, 40, 47)",27
5450,conv2d_15,"(2, 1, 2, 3)",23
5451,conv2d_15,"(0, 1, 42, 14)",18
5452,conv2d_15,"(2, 1, 30, 10)",19
5453,conv2d_15,"(1, 0, 0, 43)",3
5454,conv2d_15,"(2, 1, 11, 61)",9
5455,conv2d_15,"(1, 2, 38, 42)",17
5456,conv2d_15,"(2, 1, 30, 56)",30
5457,conv2d_15,"(2, 1, 6, 31)",2
5458,conv2d_15,"(2, 2, 53, 20)",14
5459,conv2d_15,"(2, 2, 51, 14)",22
5460,conv2d_15,"(1, 0, 4, 13)",15
5461,conv2d_15,"(1, 1, 20, 12)",8
5462,conv2d_15,"(1, 1, 20, 48)",0
5463,conv2d_15,"(2, 1, 4, 11)",22
5464,conv2d_15,"(0, 1, 17, 20)",28
5465,conv2d_15,"(1, 2, 55, 27)",8
5466,conv2d_15,"(0, 0, 1, 58)",30
5467,conv2d_15,"(2, 0, 27, 46)",5
5468,conv2d_15,"(0, 0, 62, 5)",3
5469,conv2d_15,"(1, 0, 24, 40)",15
5470,conv2d_15,"(2, 0, 9, 28)",14
5471,conv2d_15,"(0, 0, 31, 40)",18
5472,conv2d_15,"(0, 1, 29, 51)",24
5473,conv2d_15,"(1, 2, 12, 42)",25
5474,conv2d_15,"(2, 2, 19, 41)",27
5475,conv2d_15,"(2, 2, 9, 14)",16
5476,conv2d_15,"(2, 1, 7, 8)",5
5477,conv2d_15,"(1, 2, 15, 17)",7
5478,conv2d_15,"(2, 2, 61, 18)",21
5479,conv2d_15,"(0, 2, 24, 6)",14
5480,conv2d_15,"(2, 0, 28, 33)",31
5481,conv2d_15,"(2, 0, 4, 59)",5
5482,conv2d_15,"(1, 0, 3, 28)",19
5483,conv2d_15,"(0, 2, 24, 22)",10
5484,conv2d_15,"(0, 2, 22, 33)",4
5485,conv2d_15,"(1, 1, 38, 49)",31
5486,conv2d_15,"(2, 0, 28, 9)",7
5487,conv2d_15,"(0, 2, 20, 16)",30
5488,conv2d_15,"(2, 1, 50, 60)",12
5489,conv2d_15,"(2, 0, 12, 47)",28
5490,conv2d_15,"(0, 0, 6, 29)",6
5491,conv2d_15,"(0, 1, 47, 10)",0
5492,conv2d_15,"(0, 2, 9, 63)",0
5493,conv2d_15,"(0, 2, 11, 47)",27
5494,conv2d_15,"(2, 2, 8, 18)",13
5495,conv2d_15,"(2, 1, 62, 59)",5
5496,conv2d_15,"(1, 1, 16, 27)",25
5497,conv2d_15,"(2, 2, 14, 0)",10
5498,conv2d_15,"(2, 2, 63, 22)",27
5499,conv2d_15,"(2, 1, 45, 32)",13
5500,conv2d_15,"(2, 1, 42, 0)",19
5501,conv2d_15,"(1, 0, 50, 51)",31
5502,conv2d_15,"(2, 0, 9, 27)",12
5503,conv2d_15,"(2, 1, 47, 36)",30
5504,conv2d_15,"(1, 0, 48, 46)",26
5505,conv2d_15,"(1, 2, 38, 46)",13
5506,conv2d_15,"(1, 1, 47, 8)",8
5507,conv2d_15,"(0, 2, 43, 62)",5
5508,conv2d_15,"(1, 0, 20, 53)",23
5509,conv2d_15,"(2, 1, 30, 5)",2
5510,conv2d_15,"(0, 1, 33, 57)",30
5511,conv2d_15,"(0, 2, 42, 15)",17
5512,conv2d_15,"(1, 0, 41, 24)",25
5513,conv2d_15,"(1, 0, 23, 22)",20
5514,conv2d_15,"(1, 2, 15, 42)",24
5515,conv2d_15,"(0, 2, 59, 20)",28
5516,conv2d_15,"(0, 2, 24, 36)",4
5517,conv2d_15,"(1, 0, 2, 41)",19
5518,conv2d_15,"(2, 2, 37, 20)",12
5519,conv2d_15,"(1, 1, 61, 7)",7
5520,conv2d_15,"(1, 0, 56, 35)",3
5521,conv2d_15,"(2, 0, 3, 45)",0
5522,conv2d_15,"(0, 0, 5, 26)",26
5523,conv2d_15,"(0, 1, 10, 61)",24
5524,conv2d_15,"(1, 2, 18, 21)",25
5525,conv2d_15,"(1, 0, 9, 56)",16
5526,conv2d_15,"(2, 2, 8, 35)",25
5527,conv2d_15,"(0, 0, 57, 33)",4
5528,conv2d_15,"(0, 2, 8, 26)",23
5529,conv2d_15,"(1, 2, 57, 38)",14
5530,conv2d_15,"(0, 1, 9, 2)",16
5531,conv2d_15,"(2, 1, 5, 58)",4
5532,conv2d_15,"(0, 1, 57, 17)",11
5533,conv2d_15,"(1, 0, 29, 15)",21
5534,conv2d_15,"(0, 0, 46, 33)",12
5535,conv2d_15,"(2, 1, 35, 31)",24
5536,conv2d_15,"(2, 2, 21, 3)",11
5537,conv2d_15,"(0, 0, 10, 46)",23
5538,conv2d_15,"(1, 0, 12, 48)",1
5539,conv2d_15,"(0, 2, 38, 26)",25
5540,conv2d_15,"(2, 2, 39, 46)",23
5541,conv2d_15,"(2, 1, 40, 54)",16
5542,conv2d_15,"(0, 2, 53, 53)",14
5543,conv2d_15,"(2, 2, 41, 12)",18
5544,conv2d_15,"(0, 1, 21, 18)",12
5545,conv2d_15,"(1, 2, 52, 31)",24
5546,conv2d_15,"(2, 1, 33, 27)",16
5547,conv2d_15,"(1, 2, 33, 0)",17
5548,conv2d_15,"(0, 0, 1, 6)",24
5549,conv2d_15,"(1, 0, 46, 27)",17
5550,conv2d_15,"(0, 2, 47, 30)",29
5551,conv2d_15,"(1, 0, 4, 3)",23
5552,conv2d_15,"(2, 1, 62, 0)",1
5553,conv2d_15,"(0, 1, 17, 22)",12
5554,conv2d_15,"(1, 2, 22, 58)",10
5555,conv2d_15,"(1, 1, 16, 33)",6
5556,conv2d_15,"(1, 0, 2, 53)",6
5557,conv2d_15,"(0, 0, 16, 51)",6
5558,conv2d_15,"(1, 1, 21, 14)",25
5559,conv2d_15,"(0, 0, 6, 2)",6
5560,conv2d_15,"(0, 2, 22, 1)",1
5561,conv2d_15,"(0, 1, 7, 37)",4
5562,conv2d_15,"(2, 1, 48, 0)",25
5563,conv2d_15,"(1, 1, 13, 54)",26
5564,conv2d_15,"(2, 0, 46, 6)",6
5565,conv2d_15,"(1, 0, 2, 31)",12
5566,conv2d_15,"(2, 2, 40, 19)",0
5567,conv2d_15,"(2, 0, 58, 14)",23
5568,conv2d_15,"(2, 2, 9, 1)",13
5569,conv2d_15,"(2, 0, 31, 56)",12
5570,conv2d_15,"(2, 0, 32, 39)",19
5571,conv2d_15,"(2, 2, 55, 6)",20
5572,conv2d_15,"(1, 2, 50, 54)",30
5573,conv2d_15,"(0, 2, 5, 25)",27
5574,conv2d_15,"(2, 1, 29, 0)",23
5575,conv2d_15,"(1, 0, 58, 1)",28
5576,conv2d_15,"(1, 1, 56, 29)",15
5577,conv2d_15,"(2, 2, 36, 48)",18
5578,conv2d_15,"(2, 0, 57, 0)",18
5579,conv2d_15,"(0, 0, 10, 19)",10
5580,conv2d_15,"(1, 0, 9, 0)",23
5581,conv2d_15,"(1, 2, 16, 45)",5
5582,conv2d_15,"(2, 1, 10, 22)",20
5583,conv2d_15,"(0, 1, 11, 23)",21
5584,conv2d_15,"(0, 1, 21, 41)",15
5585,conv2d_15,"(2, 1, 30, 22)",28
5586,conv2d_15,"(0, 2, 18, 44)",7
5587,conv2d_15,"(2, 0, 55, 1)",4
5588,conv2d_15,"(0, 2, 1, 60)",3
5589,conv2d_15,"(2, 2, 1, 58)",22
5590,conv2d_15,"(0, 2, 56, 25)",17
5591,conv2d_15,"(0, 0, 60, 48)",8
5592,conv2d_15,"(1, 1, 60, 47)",25
5593,conv2d_15,"(0, 0, 52, 38)",9
5594,conv2d_15,"(2, 0, 17, 58)",29
5595,conv2d_15,"(2, 0, 50, 5)",18
5596,conv2d_15,"(2, 2, 24, 30)",21
5597,conv2d_15,"(2, 1, 52, 31)",21
5598,conv2d_15,"(2, 2, 46, 0)",0
5599,conv2d_15,"(0, 1, 11, 48)",8
5600,conv2d_15,"(2, 1, 34, 30)",23
5601,conv2d_15,"(0, 1, 9, 60)",12
5602,conv2d_15,"(2, 0, 49, 4)",18
5603,conv2d_15,"(0, 0, 21, 49)",7
5604,conv2d_15,"(0, 0, 13, 14)",0
5605,conv2d_15,"(1, 0, 59, 21)",15
5606,conv2d_15,"(2, 1, 36, 5)",20
5607,conv2d_15,"(1, 2, 52, 24)",5
5608,conv2d_15,"(2, 1, 41, 51)",22
5609,conv2d_15,"(2, 2, 23, 19)",6
5610,conv2d_15,"(0, 0, 40, 5)",12
5611,conv2d_15,"(2, 0, 33, 24)",0
5612,conv2d_15,"(2, 1, 15, 25)",20
5613,conv2d_15,"(0, 1, 59, 57)",14
5614,conv2d_15,"(1, 1, 27, 43)",14
5615,conv2d_15,"(1, 0, 7, 40)",27
5616,conv2d_15,"(1, 0, 12, 50)",30
5617,conv2d_15,"(2, 1, 63, 31)",5
5618,conv2d_15,"(1, 2, 50, 60)",16
5619,conv2d_15,"(1, 0, 42, 28)",30
5620,conv2d_15,"(1, 0, 30, 28)",6
5621,conv2d_15,"(2, 2, 28, 59)",31
5622,conv2d_15,"(2, 2, 51, 41)",5
5623,conv2d_15,"(1, 2, 36, 31)",24
5624,conv2d_15,"(0, 1, 34, 60)",27
5625,conv2d_15,"(1, 1, 30, 37)",20
5626,conv2d_15,"(2, 0, 49, 18)",16
5627,conv2d_15,"(1, 0, 50, 22)",18
5628,conv2d_15,"(0, 0, 35, 47)",7
5629,conv2d_15,"(2, 2, 63, 32)",4
5630,conv2d_15,"(0, 1, 49, 60)",22
5631,conv2d_15,"(0, 0, 51, 18)",23
5632,conv2d_15,"(0, 2, 53, 21)",25
5633,conv2d_15,"(2, 1, 21, 46)",17
5634,conv2d_15,"(1, 0, 9, 58)",0
5635,conv2d_15,"(0, 0, 14, 28)",14
5636,conv2d_15,"(0, 2, 8, 21)",7
5637,conv2d_15,"(2, 2, 3, 63)",26
5638,conv2d_15,"(1, 0, 34, 25)",30
5639,conv2d_15,"(1, 2, 30, 62)",30
5640,conv2d_15,"(0, 0, 27, 46)",22
5641,conv2d_15,"(0, 0, 48, 60)",30
5642,conv2d_15,"(1, 2, 10, 53)",28
5643,conv2d_15,"(1, 2, 48, 30)",2
5644,conv2d_15,"(0, 2, 60, 28)",1
5645,conv2d_15,"(0, 2, 57, 11)",25
5646,conv2d_15,"(0, 0, 22, 44)",8
5647,conv2d_15,"(2, 0, 51, 27)",31
5648,conv2d_15,"(2, 1, 53, 33)",17
5649,conv2d_15,"(1, 1, 46, 44)",30
5650,conv2d_15,"(2, 1, 54, 26)",1
5651,conv2d_15,"(1, 2, 45, 33)",6
5652,conv2d_15,"(0, 0, 63, 59)",4
5653,conv2d_15,"(0, 0, 28, 0)",3
5654,conv2d_15,"(0, 1, 14, 53)",0
5655,conv2d_15,"(1, 1, 12, 13)",1
5656,conv2d_15,"(1, 0, 20, 12)",1
5657,conv2d_15,"(2, 1, 56, 4)",11
5658,conv2d_15,"(0, 1, 63, 12)",15
5659,conv2d_15,"(0, 2, 28, 4)",16
5660,conv2d_15,"(2, 1, 58, 36)",14
5661,conv2d_15,"(1, 0, 53, 4)",19
5662,conv2d_15,"(1, 1, 19, 55)",1
5663,conv2d_15,"(0, 2, 13, 28)",24
5664,conv2d_15,"(0, 1, 24, 36)",10
5665,conv2d_15,"(0, 1, 35, 38)",25
5666,conv2d_15,"(1, 2, 29, 7)",1
5667,conv2d_15,"(1, 1, 14, 61)",30
5668,conv2d_15,"(1, 1, 38, 19)",22
5669,conv2d_15,"(2, 0, 20, 52)",8
5670,conv2d_15,"(2, 2, 16, 13)",24
5671,conv2d_15,"(2, 2, 46, 26)",14
5672,conv2d_15,"(2, 1, 5, 59)",12
5673,conv2d_15,"(1, 0, 24, 1)",11
5674,conv2d_15,"(2, 2, 16, 59)",10
5675,conv2d_15,"(1, 1, 54, 26)",18
5676,conv2d_15,"(1, 1, 12, 44)",4
5677,conv2d_15,"(1, 1, 55, 17)",16
5678,conv2d_15,"(1, 1, 43, 55)",15
5679,conv2d_15,"(1, 1, 24, 39)",27
5680,conv2d_15,"(2, 2, 37, 10)",25
5681,conv2d_15,"(0, 2, 20, 15)",30
5682,conv2d_15,"(2, 0, 51, 21)",0
5683,conv2d_15,"(2, 0, 29, 30)",24
5684,conv2d_15,"(1, 1, 57, 19)",16
5685,conv2d_15,"(0, 0, 55, 62)",31
5686,conv2d_15,"(1, 1, 27, 48)",10
5687,conv2d_15,"(0, 2, 29, 34)",28
5688,conv2d_15,"(2, 2, 18, 59)",5
5689,conv2d_15,"(0, 1, 43, 50)",26
5690,conv2d_15,"(1, 1, 6, 33)",19
5691,conv2d_15,"(0, 0, 61, 28)",7
5692,conv2d_15,"(0, 2, 50, 4)",27
5693,conv2d_15,"(0, 0, 11, 52)",22
5694,conv2d_15,"(1, 1, 47, 12)",26
5695,conv2d_15,"(2, 1, 61, 10)",20
5696,conv2d_15,"(2, 0, 9, 43)",17
5697,conv2d_15,"(0, 2, 2, 46)",28
5698,conv2d_15,"(1, 1, 53, 28)",13
5699,conv2d_15,"(0, 0, 31, 60)",7
5700,conv2d_15,"(2, 2, 53, 23)",26
5701,conv2d_15,"(1, 1, 49, 58)",16
5702,conv2d_15,"(0, 0, 3, 19)",12
5703,conv2d_15,"(1, 1, 59, 47)",27
5704,conv2d_15,"(1, 0, 38, 26)",22
5705,conv2d_15,"(2, 0, 21, 41)",29
5706,conv2d_15,"(2, 2, 25, 3)",19
5707,conv2d_15,"(1, 2, 55, 7)",3
5708,conv2d_15,"(1, 2, 42, 8)",14
5709,conv2d_15,"(0, 2, 54, 0)",26
5710,conv2d_15,"(1, 1, 3, 8)",25
5711,conv2d_15,"(0, 0, 54, 44)",13
5712,conv2d_15,"(2, 2, 37, 24)",17
5713,conv2d_15,"(0, 1, 13, 58)",17
5714,conv2d_15,"(2, 1, 51, 2)",15
5715,conv2d_15,"(2, 0, 39, 15)",17
5716,conv2d_15,"(1, 2, 53, 32)",28
5717,conv2d_15,"(2, 1, 57, 14)",22
5718,conv2d_15,"(1, 1, 49, 8)",10
5719,conv2d_15,"(1, 1, 53, 39)",5
5720,conv2d_15,"(2, 1, 39, 8)",2
5721,conv2d_15,"(2, 1, 57, 42)",0
5722,conv2d_15,"(2, 0, 48, 36)",4
5723,conv2d_15,"(2, 1, 9, 30)",2
5724,conv2d_15,"(1, 1, 20, 59)",29
5725,conv2d_15,"(0, 2, 12, 26)",21
5726,conv2d_15,"(1, 2, 19, 26)",26
5727,conv2d_15,"(2, 1, 43, 59)",26
5728,conv2d_15,"(0, 1, 26, 0)",20
5729,conv2d_15,"(1, 0, 50, 40)",15
5730,conv2d_15,"(0, 0, 58, 25)",16
5731,conv2d_15,"(2, 0, 2, 55)",3
5732,conv2d_15,"(1, 2, 12, 21)",31
5733,conv2d_15,"(0, 0, 29, 1)",3
5734,conv2d_15,"(2, 2, 59, 7)",3
5735,conv2d_15,"(0, 0, 17, 12)",10
5736,conv2d_15,"(1, 0, 44, 41)",21
5737,conv2d_15,"(1, 1, 19, 0)",19
5738,conv2d_15,"(2, 1, 5, 3)",8
5739,conv2d_15,"(0, 2, 10, 48)",8
5740,conv2d_15,"(1, 0, 39, 21)",12
5741,conv2d_15,"(2, 1, 57, 21)",25
5742,conv2d_15,"(2, 1, 53, 19)",11
5743,conv2d_15,"(2, 2, 51, 0)",17
5744,conv2d_15,"(1, 1, 9, 38)",25
5745,conv2d_15,"(1, 1, 32, 26)",1
5746,conv2d_15,"(0, 0, 26, 28)",30
5747,conv2d_15,"(0, 2, 4, 10)",27
5748,conv2d_15,"(2, 2, 33, 56)",25
5749,conv2d_15,"(0, 1, 25, 2)",9
5750,conv2d_15,"(1, 0, 33, 55)",12
5751,conv2d_15,"(2, 0, 25, 0)",8
5752,conv2d_15,"(0, 0, 48, 50)",0
5753,conv2d_15,"(0, 1, 13, 43)",0
5754,conv2d_15,"(1, 1, 15, 27)",28
5755,conv2d_15,"(0, 0, 35, 33)",21
5756,conv2d_15,"(2, 1, 1, 31)",14
5757,conv2d_15,"(0, 1, 40, 16)",27
5758,conv2d_15,"(2, 0, 63, 40)",9
5759,conv2d_15,"(0, 0, 25, 54)",27
5760,conv2d_15,"(0, 2, 19, 36)",12
5761,conv2d_15,"(0, 2, 52, 59)",31
5762,conv2d_15,"(0, 0, 8, 40)",2
5763,conv2d_15,"(2, 1, 23, 52)",12
5764,conv2d_15,"(1, 2, 2, 6)",26
5765,conv2d_15,"(0, 0, 33, 44)",14
5766,conv2d_15,"(2, 1, 33, 21)",13
5767,conv2d_15,"(0, 1, 11, 36)",28
5768,conv2d_15,"(1, 0, 29, 24)",10
5769,conv2d_15,"(0, 1, 40, 59)",7
5770,conv2d_15,"(1, 2, 30, 0)",21
5771,conv2d_15,"(1, 2, 12, 48)",31
5772,conv2d_15,"(1, 2, 51, 29)",7
5773,conv2d_15,"(0, 2, 7, 35)",8
5774,conv2d_15,"(0, 0, 16, 55)",3
5775,conv2d_15,"(0, 1, 1, 34)",20
5776,conv2d_15,"(0, 0, 24, 53)",8
5777,conv2d_15,"(0, 1, 59, 4)",12
5778,conv2d_15,"(2, 1, 60, 36)",21
5779,conv2d_15,"(0, 2, 31, 63)",29
5780,conv2d_15,"(1, 1, 35, 4)",8
5781,conv2d_15,"(1, 1, 1, 49)",31
5782,conv2d_15,"(0, 0, 35, 43)",16
5783,conv2d_15,"(2, 2, 1, 45)",29
5784,conv2d_15,"(2, 2, 22, 48)",27
5785,conv2d_15,"(2, 2, 5, 10)",9
5786,conv2d_15,"(2, 0, 28, 63)",23
5787,conv2d_15,"(1, 1, 62, 24)",1
5788,conv2d_15,"(2, 1, 62, 21)",3
5789,conv2d_15,"(0, 2, 39, 57)",0
5790,conv2d_15,"(1, 2, 39, 30)",0
5791,conv2d_15,"(2, 1, 17, 15)",5
5792,conv2d_15,"(1, 1, 0, 61)",5
5793,conv2d_15,"(1, 0, 63, 0)",5
5794,conv2d_15,"(1, 2, 14, 21)",18
5795,conv2d_15,"(2, 2, 63, 35)",0
5796,conv2d_15,"(1, 2, 29, 33)",15
5797,conv2d_15,"(0, 0, 3, 47)",14
5798,conv2d_15,"(1, 0, 38, 0)",0
5799,conv2d_15,"(1, 0, 21, 10)",31
5800,conv2d_15,"(0, 1, 60, 28)",9
5801,conv2d_15,"(0, 1, 30, 48)",27
5802,conv2d_15,"(2, 2, 13, 39)",19
5803,conv2d_15,"(1, 2, 39, 40)",4
5804,conv2d_15,"(2, 2, 41, 26)",4
5805,conv2d_15,"(2, 2, 60, 28)",21
5806,conv2d_15,"(1, 1, 52, 15)",1
5807,conv2d_15,"(1, 0, 62, 11)",16
5808,conv2d_15,"(2, 0, 48, 53)",7
5809,conv2d_15,"(0, 1, 61, 51)",24
5810,conv2d_15,"(2, 1, 52, 3)",4
5811,conv2d_15,"(2, 2, 11, 16)",4
5812,conv2d_15,"(2, 0, 17, 60)",27
5813,conv2d_15,"(0, 1, 37, 29)",3
5814,conv2d_15,"(1, 2, 63, 58)",24
5815,conv2d_15,"(1, 0, 59, 58)",22
5816,conv2d_15,"(2, 2, 32, 54)",30
5817,conv2d_15,"(1, 2, 63, 63)",31
5818,conv2d_15,"(1, 0, 32, 28)",9
5819,conv2d_15,"(1, 1, 50, 59)",29
5820,conv2d_15,"(2, 0, 10, 13)",0
5821,conv2d_15,"(2, 0, 63, 50)",18
5822,conv2d_15,"(2, 0, 42, 22)",28
5823,conv2d_15,"(1, 2, 51, 32)",12
5824,conv2d_15,"(0, 1, 41, 27)",21
5825,conv2d_15,"(2, 1, 5, 32)",27
5826,conv2d_15,"(1, 0, 46, 60)",17
5827,conv2d_15,"(0, 2, 27, 53)",2
5828,conv2d_15,"(2, 1, 18, 14)",18
5829,conv2d_15,"(2, 2, 13, 37)",24
5830,conv2d_15,"(2, 2, 41, 48)",7
5831,conv2d_15,"(2, 0, 35, 53)",6
5832,conv2d_15,"(0, 0, 44, 58)",21
5833,conv2d_15,"(0, 0, 58, 37)",28
5834,conv2d_15,"(2, 1, 36, 32)",30
5835,conv2d_15,"(2, 2, 10, 36)",10
5836,conv2d_15,"(1, 0, 49, 10)",30
5837,conv2d_15,"(1, 2, 53, 17)",1
5838,conv2d_15,"(0, 2, 32, 34)",3
5839,conv2d_15,"(2, 0, 34, 20)",1
5840,conv2d_15,"(0, 2, 59, 17)",30
5841,conv2d_15,"(2, 2, 17, 31)",3
5842,conv2d_15,"(2, 0, 63, 4)",30
5843,conv2d_15,"(2, 0, 31, 6)",1
5844,conv2d_15,"(1, 1, 24, 3)",12
5845,conv2d_15,"(0, 2, 3, 60)",15
5846,conv2d_15,"(1, 2, 50, 21)",9
5847,conv2d_15,"(1, 1, 54, 51)",10
5848,conv2d_15,"(2, 0, 47, 29)",12
5849,conv2d_15,"(0, 2, 2, 39)",7
5850,conv2d_15,"(2, 2, 10, 0)",9
5851,conv2d_15,"(1, 1, 28, 32)",12
5852,conv2d_15,"(0, 0, 25, 59)",2
5853,conv2d_15,"(0, 2, 59, 33)",19
5854,conv2d_15,"(0, 1, 3, 30)",29
5855,conv2d_15,"(1, 0, 8, 16)",27
5856,conv2d_15,"(2, 1, 9, 26)",14
5857,conv2d_15,"(0, 2, 3, 11)",18
5858,conv2d_15,"(2, 0, 7, 4)",8
5859,conv2d_15,"(0, 2, 32, 46)",9
5860,conv2d_16,"(1, 2, 3, 17)",9
5861,conv2d_16,"(2, 1, 12, 24)",25
5862,conv2d_16,"(0, 1, 7, 25)",28
5863,conv2d_16,"(2, 0, 53, 35)",12
5864,conv2d_16,"(2, 1, 54, 60)",27
5865,conv2d_16,"(2, 2, 17, 61)",14
5866,conv2d_16,"(0, 0, 39, 8)",12
5867,conv2d_16,"(1, 0, 12, 48)",24
5868,conv2d_16,"(1, 2, 15, 2)",2
5869,conv2d_16,"(1, 2, 2, 32)",6
5870,conv2d_16,"(0, 0, 4, 54)",20
5871,conv2d_16,"(0, 1, 7, 57)",6
5872,conv2d_16,"(1, 0, 23, 41)",1
5873,conv2d_16,"(1, 0, 43, 56)",25
5874,conv2d_16,"(1, 2, 11, 36)",10
5875,conv2d_16,"(0, 0, 23, 30)",4
5876,conv2d_16,"(2, 2, 7, 8)",23
5877,conv2d_16,"(2, 1, 1, 52)",26
5878,conv2d_16,"(2, 1, 50, 11)",27
5879,conv2d_16,"(0, 1, 28, 11)",12
5880,conv2d_16,"(0, 1, 3, 43)",29
5881,conv2d_16,"(1, 2, 13, 29)",8
5882,conv2d_16,"(1, 1, 40, 52)",28
5883,conv2d_16,"(2, 2, 10, 18)",23
5884,conv2d_16,"(2, 1, 45, 35)",28
5885,conv2d_16,"(2, 2, 26, 62)",15
5886,conv2d_16,"(0, 1, 34, 50)",24
5887,conv2d_16,"(1, 0, 11, 7)",30
5888,conv2d_16,"(2, 2, 63, 40)",6
5889,conv2d_16,"(2, 1, 16, 57)",5
5890,conv2d_16,"(1, 2, 20, 57)",26
5891,conv2d_16,"(0, 2, 31, 19)",21
5892,conv2d_16,"(2, 1, 28, 41)",30
5893,conv2d_16,"(2, 2, 51, 19)",6
5894,conv2d_16,"(0, 0, 27, 48)",24
5895,conv2d_16,"(0, 0, 16, 58)",14
5896,conv2d_16,"(0, 0, 17, 48)",29
5897,conv2d_16,"(0, 0, 38, 48)",26
5898,conv2d_16,"(2, 2, 54, 30)",5
5899,conv2d_16,"(0, 1, 19, 26)",13
5900,conv2d_16,"(0, 1, 48, 6)",6
5901,conv2d_16,"(1, 1, 0, 62)",7
5902,conv2d_16,"(2, 1, 51, 63)",19
5903,conv2d_16,"(1, 2, 22, 10)",1
5904,conv2d_16,"(2, 1, 46, 44)",26
5905,conv2d_16,"(2, 0, 57, 49)",4
5906,conv2d_16,"(2, 0, 54, 9)",30
5907,conv2d_16,"(2, 0, 58, 48)",19
5908,conv2d_16,"(2, 1, 10, 2)",12
5909,conv2d_16,"(0, 2, 2, 48)",26
5910,conv2d_16,"(1, 1, 6, 36)",12
5911,conv2d_16,"(0, 2, 29, 11)",0
5912,conv2d_16,"(0, 2, 19, 33)",19
5913,conv2d_16,"(1, 2, 39, 14)",16
5914,conv2d_16,"(2, 0, 57, 51)",14
5915,conv2d_16,"(2, 2, 36, 55)",1
5916,conv2d_16,"(0, 0, 55, 2)",16
5917,conv2d_16,"(1, 0, 27, 52)",12
5918,conv2d_16,"(1, 0, 18, 14)",29
5919,conv2d_16,"(1, 2, 10, 27)",13
5920,conv2d_16,"(1, 1, 35, 30)",9
5921,conv2d_16,"(1, 2, 18, 13)",0
5922,conv2d_16,"(1, 2, 12, 43)",0
5923,conv2d_16,"(1, 2, 0, 25)",21
5924,conv2d_16,"(2, 0, 47, 58)",14
5925,conv2d_16,"(0, 2, 55, 26)",4
5926,conv2d_16,"(2, 2, 47, 17)",0
5927,conv2d_16,"(2, 0, 50, 12)",13
5928,conv2d_16,"(2, 2, 37, 0)",22
5929,conv2d_16,"(2, 1, 30, 10)",3
5930,conv2d_16,"(0, 0, 5, 29)",26
5931,conv2d_16,"(1, 0, 14, 23)",24
5932,conv2d_16,"(1, 1, 3, 57)",28
5933,conv2d_16,"(0, 0, 55, 58)",23
5934,conv2d_16,"(1, 2, 63, 4)",18
5935,conv2d_16,"(2, 2, 0, 41)",20
5936,conv2d_16,"(1, 1, 15, 8)",1
5937,conv2d_16,"(0, 2, 0, 40)",8
5938,conv2d_16,"(1, 0, 10, 8)",23
5939,conv2d_16,"(1, 2, 28, 32)",13
5940,conv2d_16,"(1, 0, 25, 1)",1
5941,conv2d_16,"(0, 0, 28, 18)",24
5942,conv2d_16,"(2, 0, 27, 28)",7
5943,conv2d_16,"(1, 1, 26, 6)",28
5944,conv2d_16,"(1, 1, 11, 51)",10
5945,conv2d_16,"(2, 1, 27, 29)",15
5946,conv2d_16,"(0, 2, 26, 58)",8
5947,conv2d_16,"(0, 1, 55, 7)",3
5948,conv2d_16,"(1, 1, 22, 2)",9
5949,conv2d_16,"(0, 2, 61, 25)",2
5950,conv2d_16,"(0, 2, 59, 38)",31
5951,conv2d_16,"(1, 1, 33, 7)",19
5952,conv2d_16,"(0, 2, 3, 55)",17
5953,conv2d_16,"(0, 1, 23, 44)",0
5954,conv2d_16,"(1, 2, 1, 12)",21
5955,conv2d_16,"(1, 1, 1, 26)",12
5956,conv2d_16,"(2, 0, 40, 2)",24
5957,conv2d_16,"(2, 1, 18, 61)",13
5958,conv2d_16,"(1, 2, 16, 59)",25
5959,conv2d_16,"(1, 0, 28, 20)",0
5960,conv2d_16,"(2, 1, 42, 50)",26
5961,conv2d_16,"(1, 0, 52, 57)",10
5962,conv2d_16,"(0, 0, 8, 60)",5
5963,conv2d_16,"(2, 2, 11, 0)",8
5964,conv2d_16,"(0, 1, 26, 37)",3
5965,conv2d_16,"(1, 2, 19, 45)",12
5966,conv2d_16,"(2, 0, 11, 26)",1
5967,conv2d_16,"(2, 0, 50, 49)",14
5968,conv2d_16,"(0, 2, 43, 4)",14
5969,conv2d_16,"(2, 0, 60, 53)",15
5970,conv2d_16,"(2, 0, 55, 44)",31
5971,conv2d_16,"(0, 1, 62, 6)",1
5972,conv2d_16,"(2, 1, 35, 48)",28
5973,conv2d_16,"(0, 1, 28, 4)",24
5974,conv2d_16,"(0, 1, 25, 12)",21
5975,conv2d_16,"(0, 1, 48, 24)",17
5976,conv2d_16,"(2, 2, 0, 7)",15
5977,conv2d_16,"(2, 0, 49, 28)",22
5978,conv2d_16,"(0, 0, 37, 53)",30
5979,conv2d_16,"(1, 0, 30, 50)",18
5980,conv2d_16,"(2, 1, 44, 53)",4
5981,conv2d_16,"(0, 2, 47, 7)",16
5982,conv2d_16,"(2, 1, 56, 11)",19
5983,conv2d_16,"(2, 1, 60, 37)",24
5984,conv2d_16,"(0, 1, 11, 0)",22
5985,conv2d_16,"(2, 2, 43, 45)",13
5986,conv2d_16,"(0, 0, 3, 34)",18
5987,conv2d_16,"(0, 2, 18, 8)",19
5988,conv2d_16,"(2, 2, 47, 46)",22
5989,conv2d_16,"(2, 0, 38, 50)",29
5990,conv2d_16,"(1, 2, 4, 22)",3
5991,conv2d_16,"(2, 2, 55, 4)",9
5992,conv2d_16,"(0, 0, 34, 19)",8
5993,conv2d_16,"(1, 2, 18, 49)",2
5994,conv2d_16,"(1, 2, 18, 63)",5
5995,conv2d_16,"(0, 1, 8, 1)",24
5996,conv2d_16,"(2, 2, 17, 44)",29
5997,conv2d_16,"(1, 0, 39, 14)",16
5998,conv2d_16,"(0, 2, 54, 30)",17
5999,conv2d_16,"(2, 2, 11, 19)",13
6000,conv2d_16,"(2, 2, 18, 1)",30
6001,conv2d_16,"(0, 0, 10, 1)",12
6002,conv2d_16,"(0, 1, 8, 41)",26
6003,conv2d_16,"(2, 2, 48, 51)",7
6004,conv2d_16,"(1, 2, 44, 56)",12
6005,conv2d_16,"(1, 0, 5, 44)",30
6006,conv2d_16,"(2, 2, 35, 1)",5
6007,conv2d_16,"(0, 0, 26, 42)",27
6008,conv2d_16,"(1, 0, 35, 58)",17
6009,conv2d_16,"(0, 2, 6, 62)",7
6010,conv2d_16,"(1, 0, 50, 26)",21
6011,conv2d_16,"(0, 1, 42, 20)",10
6012,conv2d_16,"(1, 0, 34, 9)",15
6013,conv2d_16,"(1, 1, 22, 46)",18
6014,conv2d_16,"(2, 2, 28, 22)",19
6015,conv2d_16,"(2, 0, 51, 5)",16
6016,conv2d_16,"(1, 2, 20, 60)",0
6017,conv2d_16,"(1, 1, 20, 15)",10
6018,conv2d_16,"(2, 2, 39, 57)",31
6019,conv2d_16,"(2, 2, 19, 11)",10
6020,conv2d_16,"(2, 1, 61, 61)",31
6021,conv2d_16,"(0, 0, 4, 38)",19
6022,conv2d_16,"(1, 0, 40, 53)",18
6023,conv2d_16,"(2, 1, 0, 62)",13
6024,conv2d_16,"(0, 0, 9, 51)",10
6025,conv2d_16,"(0, 1, 29, 48)",6
6026,conv2d_16,"(1, 2, 11, 7)",12
6027,conv2d_16,"(0, 1, 16, 62)",23
6028,conv2d_16,"(1, 1, 59, 43)",24
6029,conv2d_16,"(1, 2, 41, 3)",30
6030,conv2d_16,"(2, 2, 55, 52)",2
6031,conv2d_16,"(2, 1, 26, 19)",13
6032,conv2d_16,"(0, 2, 20, 9)",14
6033,conv2d_16,"(2, 2, 15, 47)",14
6034,conv2d_16,"(2, 1, 34, 50)",26
6035,conv2d_16,"(0, 1, 33, 24)",4
6036,conv2d_16,"(2, 1, 41, 44)",25
6037,conv2d_16,"(0, 1, 36, 52)",31
6038,conv2d_16,"(2, 2, 4, 49)",1
6039,conv2d_16,"(0, 2, 33, 30)",9
6040,conv2d_16,"(0, 1, 46, 0)",30
6041,conv2d_16,"(2, 0, 19, 1)",28
6042,conv2d_16,"(1, 0, 37, 24)",31
6043,conv2d_16,"(2, 1, 51, 13)",30
6044,conv2d_16,"(2, 2, 54, 2)",24
6045,conv2d_16,"(1, 0, 15, 30)",29
6046,conv2d_16,"(1, 0, 7, 17)",5
6047,conv2d_16,"(1, 1, 16, 32)",9
6048,conv2d_16,"(1, 0, 40, 54)",21
6049,conv2d_16,"(2, 2, 21, 14)",13
6050,conv2d_16,"(1, 2, 12, 57)",26
6051,conv2d_16,"(2, 1, 30, 42)",2
6052,conv2d_16,"(1, 2, 14, 56)",6
6053,conv2d_16,"(1, 1, 30, 16)",13
6054,conv2d_16,"(1, 0, 46, 58)",24
6055,conv2d_16,"(1, 0, 40, 48)",29
6056,conv2d_16,"(2, 1, 36, 44)",9
6057,conv2d_16,"(2, 0, 44, 8)",21
6058,conv2d_16,"(2, 0, 33, 32)",2
6059,conv2d_16,"(0, 1, 21, 36)",19
6060,conv2d_16,"(2, 0, 30, 53)",28
6061,conv2d_16,"(0, 1, 1, 27)",27
6062,conv2d_16,"(1, 0, 14, 0)",7
6063,conv2d_16,"(0, 1, 4, 28)",21
6064,conv2d_16,"(1, 1, 61, 43)",30
6065,conv2d_16,"(1, 1, 12, 17)",14
6066,conv2d_16,"(0, 0, 40, 7)",6
6067,conv2d_16,"(0, 0, 8, 23)",2
6068,conv2d_16,"(2, 2, 38, 25)",29
6069,conv2d_16,"(1, 2, 56, 43)",12
6070,conv2d_16,"(0, 2, 60, 9)",24
6071,conv2d_16,"(0, 1, 16, 33)",16
6072,conv2d_16,"(1, 0, 16, 50)",15
6073,conv2d_16,"(1, 0, 17, 52)",10
6074,conv2d_16,"(2, 2, 45, 48)",12
6075,conv2d_16,"(0, 0, 30, 42)",10
6076,conv2d_16,"(1, 1, 58, 3)",6
6077,conv2d_16,"(1, 2, 1, 14)",5
6078,conv2d_16,"(0, 2, 25, 50)",0
6079,conv2d_16,"(1, 0, 17, 25)",15
6080,conv2d_16,"(2, 1, 31, 6)",16
6081,conv2d_16,"(2, 0, 59, 9)",2
6082,conv2d_16,"(0, 2, 41, 2)",8
6083,conv2d_16,"(2, 2, 2, 56)",26
6084,conv2d_16,"(1, 2, 56, 22)",14
6085,conv2d_16,"(0, 2, 5, 32)",14
6086,conv2d_16,"(1, 1, 50, 48)",1
6087,conv2d_16,"(2, 2, 59, 28)",29
6088,conv2d_16,"(2, 2, 9, 8)",15
6089,conv2d_16,"(1, 1, 43, 58)",8
6090,conv2d_16,"(2, 0, 34, 30)",24
6091,conv2d_16,"(1, 2, 13, 48)",29
6092,conv2d_16,"(0, 2, 56, 17)",28
6093,conv2d_16,"(0, 1, 16, 41)",9
6094,conv2d_16,"(0, 1, 56, 28)",29
6095,conv2d_16,"(1, 0, 6, 30)",18
6096,conv2d_16,"(2, 2, 29, 54)",6
6097,conv2d_16,"(0, 2, 61, 59)",25
6098,conv2d_16,"(0, 0, 46, 18)",29
6099,conv2d_16,"(0, 0, 12, 13)",30
6100,conv2d_16,"(0, 0, 43, 40)",18
6101,conv2d_16,"(1, 1, 6, 54)",0
6102,conv2d_16,"(2, 1, 33, 30)",6
6103,conv2d_16,"(1, 1, 25, 35)",14
6104,conv2d_16,"(1, 2, 54, 28)",15
6105,conv2d_16,"(2, 0, 10, 36)",17
6106,conv2d_16,"(0, 2, 58, 19)",10
6107,conv2d_16,"(1, 1, 2, 17)",7
6108,conv2d_16,"(0, 1, 6, 6)",0
6109,conv2d_16,"(0, 2, 14, 48)",22
6110,conv2d_16,"(0, 1, 29, 7)",1
6111,conv2d_16,"(2, 2, 31, 51)",17
6112,conv2d_16,"(2, 1, 58, 48)",31
6113,conv2d_16,"(1, 2, 53, 21)",14
6114,conv2d_16,"(1, 1, 30, 28)",10
6115,conv2d_16,"(1, 2, 3, 16)",9
6116,conv2d_16,"(2, 2, 0, 54)",21
6117,conv2d_16,"(1, 0, 16, 17)",0
6118,conv2d_16,"(2, 0, 60, 4)",5
6119,conv2d_16,"(0, 2, 58, 55)",30
6120,conv2d_16,"(2, 0, 57, 47)",21
6121,conv2d_16,"(1, 0, 15, 11)",0
6122,conv2d_16,"(1, 1, 19, 62)",22
6123,conv2d_16,"(0, 2, 10, 38)",1
6124,conv2d_16,"(0, 2, 10, 22)",6
6125,conv2d_16,"(0, 2, 43, 43)",5
6126,conv2d_16,"(0, 2, 46, 38)",18
6127,conv2d_16,"(1, 1, 20, 6)",10
6128,conv2d_16,"(2, 0, 54, 22)",22
6129,conv2d_16,"(1, 0, 40, 18)",2
6130,conv2d_16,"(2, 2, 40, 31)",28
6131,conv2d_16,"(2, 2, 63, 34)",21
6132,conv2d_16,"(2, 1, 59, 41)",27
6133,conv2d_16,"(2, 2, 19, 1)",23
6134,conv2d_16,"(1, 0, 59, 6)",15
6135,conv2d_16,"(1, 0, 27, 56)",3
6136,conv2d_16,"(2, 2, 44, 58)",21
6137,conv2d_16,"(1, 2, 2, 41)",9
6138,conv2d_16,"(0, 0, 29, 56)",12
6139,conv2d_16,"(2, 1, 8, 14)",29
6140,conv2d_16,"(1, 2, 13, 62)",1
6141,conv2d_16,"(0, 2, 12, 50)",2
6142,conv2d_16,"(0, 2, 14, 52)",13
6143,conv2d_16,"(1, 2, 31, 46)",24
6144,conv2d_16,"(0, 0, 22, 35)",3
6145,conv2d_16,"(1, 2, 53, 27)",26
6146,conv2d_16,"(1, 2, 9, 28)",21
6147,conv2d_16,"(2, 1, 0, 5)",18
6148,conv2d_16,"(2, 2, 41, 34)",0
6149,conv2d_16,"(0, 0, 59, 5)",26
6150,conv2d_16,"(2, 2, 61, 38)",22
6151,conv2d_16,"(1, 1, 18, 11)",24
6152,conv2d_16,"(2, 0, 58, 40)",27
6153,conv2d_16,"(1, 0, 28, 3)",31
6154,conv2d_16,"(0, 0, 62, 43)",3
6155,conv2d_16,"(0, 2, 1, 49)",22
6156,conv2d_16,"(1, 1, 51, 2)",22
6157,conv2d_16,"(1, 2, 34, 1)",27
6158,conv2d_16,"(2, 0, 53, 47)",11
6159,conv2d_16,"(1, 0, 49, 8)",19
6160,conv2d_16,"(2, 1, 43, 13)",5
6161,conv2d_16,"(0, 0, 36, 30)",30
6162,conv2d_16,"(1, 0, 36, 22)",19
6163,conv2d_16,"(1, 1, 47, 31)",19
6164,conv2d_16,"(2, 2, 28, 59)",20
6165,conv2d_16,"(2, 0, 53, 63)",29
6166,conv2d_16,"(2, 0, 50, 1)",17
6167,conv2d_16,"(2, 1, 62, 15)",3
6168,conv2d_16,"(0, 1, 2, 3)",19
6169,conv2d_16,"(0, 0, 32, 52)",31
6170,conv2d_16,"(0, 2, 54, 58)",5
6171,conv2d_16,"(1, 1, 44, 32)",11
6172,conv2d_16,"(0, 0, 49, 26)",1
6173,conv2d_16,"(0, 2, 37, 37)",12
6174,conv2d_16,"(1, 0, 25, 45)",4
6175,conv2d_16,"(1, 1, 22, 39)",18
6176,conv2d_16,"(1, 0, 30, 26)",22
6177,conv2d_16,"(1, 2, 38, 55)",29
6178,conv2d_16,"(0, 2, 25, 32)",2
6179,conv2d_16,"(2, 1, 62, 48)",12
6180,conv2d_16,"(2, 0, 55, 60)",15
6181,conv2d_16,"(2, 1, 45, 1)",27
6182,conv2d_16,"(1, 1, 55, 18)",12
6183,conv2d_16,"(2, 1, 6, 20)",2
6184,conv2d_16,"(2, 0, 26, 51)",22
6185,conv2d_16,"(1, 2, 53, 58)",13
6186,conv2d_16,"(1, 0, 41, 27)",7
6187,conv2d_16,"(0, 0, 59, 38)",3
6188,conv2d_16,"(1, 1, 10, 44)",11
6189,conv2d_16,"(1, 2, 62, 33)",4
6190,conv2d_16,"(2, 0, 41, 23)",11
6191,conv2d_16,"(1, 2, 41, 62)",24
6192,conv2d_16,"(2, 2, 2, 26)",6
6193,conv2d_16,"(1, 0, 56, 43)",7
6194,conv2d_16,"(0, 2, 11, 20)",9
6195,conv2d_16,"(1, 2, 63, 27)",5
6196,conv2d_16,"(0, 2, 31, 28)",9
6197,conv2d_16,"(0, 0, 47, 4)",23
6198,conv2d_16,"(0, 0, 33, 60)",8
6199,conv2d_16,"(1, 0, 62, 30)",4
6200,conv2d_16,"(0, 1, 26, 4)",27
6201,conv2d_16,"(2, 0, 6, 40)",2
6202,conv2d_16,"(2, 1, 52, 10)",30
6203,conv2d_16,"(0, 2, 51, 35)",14
6204,conv2d_16,"(0, 0, 17, 46)",17
6205,conv2d_16,"(2, 1, 51, 32)",31
6206,conv2d_16,"(1, 0, 31, 34)",16
6207,conv2d_16,"(1, 0, 1, 49)",1
6208,conv2d_16,"(1, 1, 15, 63)",16
6209,conv2d_16,"(1, 0, 55, 63)",19
6210,conv2d_16,"(1, 1, 61, 58)",22
6211,conv2d_16,"(2, 1, 5, 24)",27
6212,conv2d_16,"(1, 2, 62, 9)",5
6213,conv2d_16,"(2, 0, 59, 27)",6
6214,conv2d_16,"(0, 0, 50, 29)",26
6215,conv2d_16,"(0, 1, 26, 56)",24
6216,conv2d_16,"(1, 2, 49, 27)",10
6217,conv2d_16,"(1, 2, 20, 10)",13
6218,conv2d_16,"(0, 1, 59, 56)",11
6219,conv2d_16,"(2, 2, 8, 31)",4
6220,conv2d_16,"(1, 1, 3, 27)",27
6221,conv2d_16,"(2, 1, 34, 29)",31
6222,conv2d_16,"(2, 1, 45, 23)",19
6223,conv2d_16,"(0, 1, 18, 23)",21
6224,conv2d_16,"(1, 0, 42, 8)",16
6225,conv2d_16,"(0, 1, 50, 20)",22
6226,conv2d_16,"(0, 1, 16, 46)",26
6227,conv2d_16,"(1, 0, 7, 5)",11
6228,conv2d_16,"(1, 2, 43, 33)",4
6229,conv2d_16,"(1, 1, 52, 25)",10
6230,conv2d_16,"(2, 0, 43, 26)",22
6231,conv2d_16,"(2, 0, 28, 15)",9
6232,conv2d_16,"(1, 2, 25, 28)",9
6233,conv2d_16,"(0, 0, 24, 50)",31
6234,conv2d_16,"(0, 1, 55, 46)",0
6235,conv2d_16,"(1, 0, 52, 30)",7
6236,conv2d_16,"(0, 2, 11, 7)",15
6237,conv2d_16,"(0, 0, 15, 19)",22
6238,conv2d_16,"(1, 2, 21, 26)",7
6239,conv2d_16,"(1, 1, 16, 40)",18
6240,conv2d_16,"(1, 0, 35, 12)",25
6241,conv2d_16,"(0, 2, 53, 63)",13
6242,conv2d_16,"(0, 0, 1, 52)",13
6243,conv2d_16,"(1, 1, 20, 19)",18
6244,conv2d_16,"(0, 2, 18, 52)",17
6245,conv2d_16,"(2, 2, 11, 32)",26
6246,conv2d_16,"(2, 0, 41, 21)",9
6247,conv2d_16,"(2, 1, 13, 7)",26
6248,conv2d_16,"(2, 0, 38, 6)",27
6249,conv2d_16,"(2, 1, 55, 30)",17
6250,conv2d_16,"(1, 0, 50, 50)",30
6251,conv2d_16,"(2, 1, 27, 23)",16
6252,conv2d_16,"(0, 2, 37, 35)",13
6253,conv2d_16,"(0, 0, 55, 28)",16
6254,conv2d_16,"(1, 0, 25, 4)",14
6255,conv2d_16,"(0, 1, 33, 55)",28
6256,conv2d_16,"(0, 2, 34, 31)",20
6257,conv2d_16,"(1, 2, 43, 38)",7
6258,conv2d_16,"(1, 1, 16, 23)",26
6259,conv2d_16,"(2, 1, 10, 42)",1
6260,conv2d_16,"(2, 1, 7, 56)",14
6261,conv2d_16,"(2, 1, 30, 3)",23
6262,conv2d_16,"(0, 2, 28, 34)",5
6263,conv2d_16,"(0, 0, 26, 34)",24
6264,conv2d_16,"(1, 2, 29, 5)",15
6265,conv2d_16,"(0, 2, 35, 29)",30
6266,conv2d_16,"(1, 0, 56, 26)",28
6267,conv2d_16,"(2, 0, 14, 22)",19
6268,conv2d_16,"(1, 1, 20, 41)",28
6269,conv2d_16,"(2, 2, 7, 19)",27
6270,conv2d_16,"(1, 2, 45, 46)",11
6271,conv2d_16,"(2, 1, 5, 57)",31
6272,conv2d_16,"(2, 0, 15, 26)",28
6273,conv2d_16,"(1, 0, 51, 55)",1
6274,conv2d_16,"(2, 0, 37, 61)",8
6275,conv2d_16,"(0, 2, 15, 48)",19
6276,conv2d_16,"(0, 2, 62, 3)",24
6277,conv2d_16,"(1, 2, 8, 27)",28
6278,conv2d_16,"(0, 2, 45, 54)",9
6279,conv2d_16,"(0, 1, 59, 17)",17
6280,conv2d_16,"(0, 1, 1, 57)",16
6281,conv2d_16,"(1, 2, 59, 55)",8
6282,conv2d_16,"(2, 2, 30, 20)",2
6283,conv2d_16,"(2, 2, 19, 44)",5
6284,conv2d_16,"(2, 2, 33, 31)",16
6285,conv2d_16,"(2, 1, 27, 62)",11
6286,conv2d_16,"(1, 0, 24, 26)",13
6287,conv2d_16,"(1, 2, 49, 9)",29
6288,conv2d_16,"(0, 0, 43, 7)",4
6289,conv2d_16,"(2, 2, 13, 8)",26
6290,conv2d_16,"(0, 1, 1, 40)",8
6291,conv2d_16,"(0, 0, 54, 28)",14
6292,conv2d_16,"(0, 0, 29, 61)",7
6293,conv2d_16,"(0, 1, 3, 1)",8
6294,conv2d_16,"(2, 2, 43, 18)",2
6295,conv2d_16,"(1, 0, 59, 1)",15
6296,conv2d_16,"(0, 1, 46, 14)",5
6297,conv2d_16,"(0, 2, 20, 26)",19
6298,conv2d_16,"(2, 2, 29, 42)",17
6299,conv2d_16,"(2, 1, 28, 53)",2
6300,conv2d_16,"(2, 0, 28, 23)",26
6301,conv2d_16,"(0, 1, 26, 3)",23
6302,conv2d_16,"(1, 1, 52, 2)",13
6303,conv2d_16,"(1, 2, 20, 23)",4
6304,conv2d_16,"(0, 2, 63, 62)",30
6305,conv2d_16,"(2, 2, 43, 12)",0
6306,conv2d_16,"(2, 1, 50, 13)",30
6307,conv2d_16,"(0, 0, 9, 45)",0
6308,conv2d_16,"(1, 2, 27, 30)",31
6309,conv2d_16,"(2, 0, 26, 9)",2
6310,conv2d_16,"(0, 0, 62, 42)",25
6311,conv2d_16,"(2, 1, 16, 50)",1
6312,conv2d_16,"(1, 2, 53, 47)",2
6313,conv2d_16,"(1, 1, 40, 19)",1
6314,conv2d_16,"(1, 1, 36, 12)",8
6315,conv2d_16,"(0, 2, 23, 7)",12
6316,conv2d_16,"(1, 1, 6, 61)",6
6317,conv2d_16,"(0, 2, 11, 34)",9
6318,conv2d_16,"(0, 0, 45, 34)",10
6319,conv2d_16,"(0, 2, 2, 11)",26
6320,conv2d_16,"(2, 1, 1, 56)",30
6321,conv2d_16,"(1, 2, 17, 28)",23
6322,conv2d_16,"(0, 1, 60, 25)",18
6323,conv2d_16,"(0, 0, 36, 56)",27
6324,conv2d_16,"(1, 1, 39, 36)",29
6325,conv2d_16,"(2, 2, 31, 13)",31
6326,conv2d_16,"(2, 2, 54, 7)",18
6327,conv2d_16,"(1, 0, 24, 30)",16
6328,conv2d_16,"(2, 1, 4, 36)",22
6329,conv2d_16,"(0, 2, 16, 41)",3
6330,conv2d_16,"(0, 0, 56, 51)",10
6331,conv2d_16,"(2, 2, 6, 33)",0
6332,conv2d_16,"(0, 1, 32, 63)",25
6333,conv2d_16,"(0, 2, 40, 20)",3
6334,conv2d_16,"(2, 1, 60, 3)",27
6335,conv2d_16,"(0, 1, 39, 23)",28
6336,conv2d_16,"(1, 1, 59, 15)",0
6337,conv2d_16,"(2, 0, 24, 50)",3
6338,conv2d_16,"(2, 2, 46, 26)",28
6339,conv2d_16,"(2, 0, 61, 1)",19
6340,conv2d_16,"(1, 0, 49, 62)",2
6341,conv2d_16,"(2, 1, 61, 2)",23
6342,conv2d_16,"(2, 1, 16, 45)",8
6343,conv2d_16,"(1, 2, 62, 2)",28
6344,conv2d_16,"(1, 0, 12, 25)",12
6345,conv2d_16,"(1, 1, 33, 40)",19
6346,conv2d_16,"(2, 0, 17, 36)",15
6347,conv2d_16,"(1, 2, 7, 53)",26
6348,conv2d_16,"(1, 0, 4, 9)",19
6349,conv2d_16,"(0, 2, 4, 56)",1
6350,conv2d_16,"(1, 1, 49, 30)",8
6351,conv2d_16,"(1, 2, 24, 18)",5
6352,conv2d_16,"(0, 1, 53, 32)",3
6353,conv2d_16,"(2, 2, 25, 32)",7
6354,conv2d_16,"(2, 0, 54, 44)",30
6355,conv2d_16,"(0, 1, 1, 63)",29
6356,conv2d_16,"(1, 1, 0, 40)",1
6357,conv2d_16,"(0, 2, 7, 34)",1
6358,conv2d_16,"(2, 2, 59, 39)",16
6359,conv2d_16,"(1, 2, 41, 10)",22
6360,conv2d_16,"(2, 2, 1, 56)",29
6361,conv2d_16,"(1, 1, 56, 50)",17
6362,conv2d_16,"(1, 1, 32, 51)",18
6363,conv2d_16,"(0, 1, 20, 26)",13
6364,conv2d_16,"(1, 1, 57, 34)",0
6365,conv2d_16,"(2, 1, 0, 53)",11
6366,conv2d_16,"(0, 0, 39, 47)",31
6367,conv2d_16,"(1, 1, 48, 40)",3
6368,conv2d_16,"(0, 2, 45, 21)",20
6369,conv2d_16,"(1, 0, 37, 27)",4
6370,conv2d_16,"(1, 0, 4, 18)",10
6371,conv2d_16,"(2, 0, 42, 33)",4
6372,conv2d_16,"(0, 0, 43, 50)",29
6373,conv2d_16,"(1, 1, 62, 22)",16
6374,conv2d_16,"(2, 2, 20, 25)",30
6375,conv2d_16,"(1, 1, 21, 14)",15
6376,conv2d_16,"(1, 0, 29, 1)",9
6377,conv2d_16,"(1, 0, 4, 29)",15
6378,conv2d_16,"(0, 0, 33, 54)",31
6379,conv2d_16,"(2, 2, 16, 33)",9
6380,conv2d_16,"(0, 2, 4, 55)",8
6381,conv2d_16,"(2, 1, 30, 23)",8
6382,conv2d_16,"(0, 0, 6, 41)",17
6383,conv2d_16,"(2, 2, 40, 30)",4
6384,conv2d_16,"(2, 2, 62, 55)",22
6385,conv2d_16,"(1, 2, 32, 21)",13
6386,conv2d_16,"(0, 0, 17, 26)",12
6387,conv2d_16,"(0, 1, 41, 3)",5
6388,conv2d_16,"(2, 2, 42, 44)",3
6389,conv2d_16,"(0, 0, 11, 30)",16
6390,conv2d_16,"(2, 2, 41, 28)",19
6391,conv2d_16,"(0, 1, 23, 45)",20
6392,conv2d_16,"(1, 0, 32, 0)",17
6393,conv2d_16,"(0, 0, 25, 30)",26
6394,conv2d_16,"(2, 1, 49, 3)",6
6395,conv2d_16,"(2, 0, 57, 36)",10
6396,conv2d_16,"(2, 2, 62, 12)",2
6397,conv2d_16,"(0, 0, 41, 60)",25
6398,conv2d_16,"(1, 1, 8, 35)",10
6399,conv2d_16,"(0, 1, 32, 15)",0
6400,conv2d_16,"(1, 0, 58, 55)",24
6401,conv2d_16,"(2, 2, 22, 10)",24
6402,conv2d_16,"(1, 1, 63, 1)",30
6403,conv2d_16,"(0, 1, 2, 41)",4
6404,conv2d_16,"(0, 1, 6, 11)",19
6405,conv2d_16,"(2, 0, 45, 8)",20
6406,conv2d_16,"(2, 2, 59, 9)",13
6407,conv2d_16,"(2, 1, 31, 9)",2
6408,conv2d_16,"(1, 1, 28, 48)",2
6409,conv2d_16,"(2, 1, 50, 20)",1
6410,conv2d_16,"(0, 0, 54, 44)",15
6411,conv2d_16,"(0, 2, 46, 3)",4
6412,conv2d_16,"(0, 2, 34, 44)",27
6413,conv2d_16,"(1, 2, 48, 47)",19
6414,conv2d_16,"(2, 2, 43, 58)",29
6415,conv2d_16,"(0, 2, 2, 37)",25
6416,conv2d_16,"(0, 0, 6, 52)",22
6417,conv2d_16,"(1, 1, 60, 14)",18
6418,conv2d_16,"(1, 2, 13, 12)",13
6419,conv2d_16,"(2, 0, 6, 46)",24
6420,conv2d_16,"(0, 2, 59, 0)",24
6421,conv2d_16,"(0, 0, 11, 28)",25
6422,conv2d_16,"(0, 2, 47, 37)",9
6423,conv2d_16,"(0, 0, 38, 40)",5
6424,conv2d_16,"(1, 1, 13, 29)",15
6425,conv2d_16,"(0, 0, 54, 25)",6
6426,conv2d_16,"(2, 1, 28, 13)",19
6427,conv2d_16,"(2, 2, 63, 37)",8
6428,conv2d_16,"(0, 1, 30, 6)",29
6429,conv2d_16,"(0, 0, 23, 54)",22
6430,conv2d_16,"(2, 2, 25, 40)",19
6431,conv2d_16,"(0, 1, 25, 56)",9
6432,conv2d_16,"(2, 0, 37, 35)",30
6433,conv2d_16,"(0, 1, 42, 47)",1
6434,conv2d_16,"(2, 0, 18, 21)",25
6435,conv2d_16,"(1, 1, 50, 57)",27
6436,conv2d_16,"(0, 1, 19, 32)",5
6437,conv2d_16,"(2, 1, 51, 25)",9
6438,conv2d_16,"(2, 2, 59, 61)",19
6439,conv2d_16,"(2, 2, 27, 31)",31
6440,conv2d_16,"(1, 1, 27, 8)",19
6441,conv2d_16,"(0, 0, 18, 2)",8
6442,conv2d_16,"(1, 1, 15, 9)",3
6443,conv2d_16,"(0, 1, 45, 3)",3
6444,conv2d_16,"(0, 0, 29, 42)",13
6445,conv2d_16,"(1, 0, 47, 9)",23
6446,conv2d_16,"(0, 1, 41, 33)",12
6447,conv2d_16,"(1, 0, 19, 10)",30
6448,conv2d_16,"(0, 2, 56, 36)",8
6449,conv2d_16,"(1, 2, 25, 44)",20
6450,conv2d_16,"(0, 1, 42, 57)",30
6451,conv2d_16,"(1, 2, 21, 41)",12
6452,conv2d_16,"(2, 1, 27, 38)",12
6453,conv2d_16,"(1, 1, 56, 44)",13
6454,conv2d_16,"(1, 1, 27, 15)",27
6455,conv2d_16,"(2, 2, 19, 38)",12
6456,conv2d_16,"(0, 0, 23, 33)",27
6457,conv2d_16,"(1, 0, 20, 14)",23
6458,conv2d_16,"(2, 2, 31, 30)",18
6459,conv2d_16,"(2, 1, 45, 50)",21
6460,conv2d_16,"(1, 2, 3, 52)",16
6461,conv2d_16,"(1, 2, 20, 30)",8
6462,conv2d_16,"(0, 2, 35, 53)",10
6463,conv2d_16,"(0, 2, 10, 36)",12
6464,conv2d_16,"(2, 2, 16, 40)",27
6465,conv2d_16,"(1, 1, 26, 23)",17
6466,conv2d_16,"(2, 0, 60, 47)",28
6467,conv2d_16,"(0, 2, 32, 47)",30
6468,conv2d_16,"(2, 0, 43, 34)",8
6469,conv2d_16,"(0, 2, 10, 58)",13
6470,conv2d_16,"(2, 0, 40, 13)",12
6471,conv2d_16,"(1, 1, 12, 7)",29
6472,conv2d_16,"(1, 2, 2, 23)",21
6473,conv2d_16,"(0, 0, 28, 27)",27
6474,conv2d_16,"(1, 0, 41, 14)",28
6475,conv2d_16,"(1, 2, 28, 49)",12
6476,conv2d_16,"(0, 0, 28, 63)",15
6477,conv2d_16,"(1, 1, 55, 7)",12
6478,conv2d_16,"(0, 0, 11, 21)",4
6479,conv2d_16,"(0, 0, 6, 26)",4
6480,conv2d_16,"(1, 0, 6, 19)",4
6481,conv2d_16,"(1, 2, 21, 0)",26
6482,conv2d_16,"(0, 2, 6, 53)",12
6483,conv2d_16,"(2, 0, 54, 47)",1
6484,conv2d_16,"(2, 0, 30, 57)",7
6485,conv2d_16,"(0, 1, 16, 43)",9
6486,conv2d_16,"(1, 1, 62, 10)",4
6487,conv2d_16,"(2, 0, 51, 28)",15
6488,conv2d_16,"(1, 1, 19, 43)",20
6489,conv2d_16,"(2, 1, 38, 43)",18
6490,conv2d_16,"(2, 1, 12, 50)",16
6491,conv2d_16,"(2, 0, 17, 45)",23
6492,conv2d_16,"(1, 1, 59, 18)",0
6493,conv2d_16,"(2, 2, 62, 30)",13
6494,conv2d_16,"(1, 1, 61, 13)",3
6495,conv2d_16,"(0, 0, 25, 17)",10
6496,conv2d_16,"(0, 0, 45, 27)",4
6497,conv2d_16,"(2, 0, 57, 12)",24
6498,conv2d_16,"(1, 2, 13, 61)",8
6499,conv2d_16,"(1, 1, 46, 31)",23
6500,conv2d_16,"(1, 0, 45, 32)",31
6501,conv2d_16,"(1, 2, 28, 7)",24
6502,conv2d_16,"(2, 1, 60, 45)",31
6503,conv2d_16,"(0, 1, 13, 9)",27
6504,conv2d_16,"(1, 0, 34, 19)",2
6505,conv2d_16,"(0, 2, 25, 48)",30
6506,conv2d_16,"(1, 2, 54, 26)",31
6507,conv2d_16,"(1, 1, 50, 20)",25
6508,conv2d_16,"(0, 1, 0, 7)",5
6509,conv2d_16,"(0, 0, 11, 2)",27
6510,conv2d_16,"(1, 2, 59, 31)",20
6511,conv2d_16,"(2, 1, 50, 42)",20
6512,conv2d_16,"(0, 1, 60, 27)",3
6513,conv2d_16,"(1, 1, 46, 49)",25
6514,conv2d_16,"(1, 2, 35, 31)",12
6515,conv2d_16,"(2, 1, 9, 42)",2
6516,conv2d_16,"(0, 1, 31, 24)",15
6517,conv2d_16,"(2, 2, 6, 20)",28
6518,conv2d_16,"(2, 0, 49, 3)",0
6519,conv2d_16,"(0, 2, 63, 18)",16
6520,conv2d_16,"(2, 0, 15, 20)",23
6521,conv2d_16,"(2, 1, 38, 18)",28
6522,conv2d_16,"(2, 0, 20, 4)",13
6523,conv2d_16,"(0, 0, 29, 36)",21
6524,conv2d_16,"(1, 1, 3, 48)",30
6525,conv2d_16,"(2, 0, 13, 52)",21
6526,conv2d_16,"(2, 1, 47, 19)",30
6527,conv2d_16,"(1, 2, 0, 48)",18
6528,conv2d_16,"(1, 2, 61, 34)",18
6529,conv2d_16,"(0, 1, 43, 9)",30
6530,conv2d_16,"(2, 0, 19, 42)",1
6531,conv2d_16,"(1, 0, 62, 8)",9
6532,conv2d_16,"(2, 0, 41, 3)",21
6533,conv2d_16,"(0, 1, 27, 9)",11
6534,conv2d_16,"(1, 1, 10, 11)",29
6535,conv2d_16,"(1, 1, 48, 62)",19
6536,conv2d_16,"(0, 1, 12, 5)",15
6537,conv2d_16,"(2, 1, 0, 41)",6
6538,conv2d_16,"(0, 1, 28, 16)",6
6539,conv2d_16,"(1, 1, 37, 22)",27
6540,conv2d_16,"(0, 0, 0, 35)",7
6541,conv2d_16,"(2, 2, 58, 29)",29
6542,conv2d_16,"(2, 2, 19, 19)",19
6543,conv2d_16,"(0, 1, 61, 32)",6
6544,conv2d_16,"(2, 1, 0, 35)",25
6545,conv2d_16,"(0, 2, 20, 33)",11
6546,conv2d_16,"(2, 2, 12, 57)",28
6547,conv2d_16,"(2, 2, 20, 18)",3
6548,conv2d_16,"(2, 1, 20, 33)",24
6549,conv2d_16,"(1, 0, 60, 0)",17
6550,conv2d_16,"(1, 2, 13, 32)",5
6551,conv2d_16,"(2, 2, 8, 62)",6
6552,conv2d_16,"(1, 0, 40, 46)",7
6553,conv2d_16,"(0, 0, 16, 55)",2
6554,conv2d_16,"(1, 2, 9, 26)",3
6555,conv2d_16,"(1, 1, 56, 28)",26
6556,conv2d_16,"(2, 1, 6, 62)",9
6557,conv2d_16,"(2, 2, 0, 3)",31
6558,conv2d_16,"(1, 2, 40, 52)",22
6559,conv2d_16,"(0, 1, 53, 14)",19
6560,conv2d_16,"(2, 1, 54, 23)",23
6561,conv2d_16,"(0, 2, 47, 21)",31
6562,conv2d_16,"(0, 0, 11, 16)",0
6563,conv2d_16,"(2, 0, 59, 39)",13
6564,conv2d_16,"(1, 0, 39, 23)",6
6565,conv2d_16,"(0, 2, 62, 30)",22
6566,conv2d_16,"(1, 2, 0, 17)",27
6567,conv2d_16,"(0, 0, 58, 63)",6
6568,conv2d_16,"(1, 0, 39, 38)",29
6569,conv2d_16,"(2, 2, 52, 13)",25
6570,conv2d_16,"(2, 1, 15, 63)",0
6571,conv2d_16,"(0, 0, 26, 60)",10
6572,conv2d_16,"(1, 1, 62, 8)",31
6573,conv2d_16,"(0, 1, 35, 63)",5
6574,conv2d_16,"(2, 2, 56, 33)",11
6575,conv2d_16,"(1, 0, 59, 54)",24
6576,conv2d_16,"(1, 1, 52, 6)",21
6577,conv2d_16,"(2, 1, 29, 44)",15
6578,conv2d_16,"(0, 2, 25, 24)",3
6579,conv2d_16,"(2, 0, 3, 35)",19
6580,conv2d_16,"(2, 1, 1, 48)",27
6581,conv2d_16,"(0, 2, 59, 3)",19
6582,conv2d_16,"(1, 2, 60, 7)",4
6583,conv2d_16,"(2, 2, 53, 14)",3
6584,conv2d_16,"(1, 0, 60, 32)",8
6585,conv2d_16,"(0, 0, 55, 57)",25
6586,conv2d_16,"(0, 1, 21, 15)",27
6587,conv2d_16,"(0, 2, 62, 26)",19
6588,conv2d_16,"(2, 1, 2, 19)",23
6589,conv2d_16,"(1, 2, 29, 21)",19
6590,conv2d_16,"(0, 0, 2, 59)",22
6591,conv2d_16,"(2, 1, 12, 13)",19
6592,conv2d_16,"(2, 0, 5, 61)",2
6593,conv2d_16,"(0, 0, 28, 0)",11
6594,conv2d_16,"(0, 0, 3, 1)",5
6595,conv2d_16,"(0, 2, 5, 16)",28
6596,conv2d_16,"(2, 1, 16, 48)",22
6597,conv2d_16,"(2, 2, 8, 22)",0
6598,conv2d_16,"(0, 2, 0, 14)",27
6599,conv2d_16,"(0, 0, 38, 26)",30
6600,conv2d_16,"(2, 2, 25, 19)",9
6601,conv2d_16,"(1, 0, 28, 29)",28
6602,conv2d_16,"(2, 1, 27, 6)",3
6603,conv2d_16,"(0, 1, 53, 10)",16
6604,conv2d_16,"(0, 2, 22, 19)",3
6605,conv2d_16,"(2, 2, 34, 8)",16
6606,conv2d_16,"(2, 2, 25, 38)",27
6607,conv2d_16,"(0, 2, 60, 26)",19
6608,conv2d_16,"(0, 2, 2, 14)",0
6609,conv2d_16,"(1, 0, 13, 32)",31
6610,conv2d_16,"(0, 2, 28, 39)",31
6611,conv2d_16,"(0, 2, 53, 9)",13
6612,conv2d_16,"(1, 1, 13, 1)",31
6613,conv2d_16,"(2, 1, 36, 57)",13
6614,conv2d_16,"(0, 0, 21, 14)",27
6615,conv2d_16,"(0, 2, 48, 51)",23
6616,conv2d_16,"(1, 0, 7, 27)",9
6617,conv2d_16,"(2, 2, 53, 10)",23
6618,conv2d_16,"(2, 0, 42, 53)",3
6619,conv2d_16,"(2, 1, 55, 21)",28
6620,conv2d_16,"(1, 2, 18, 27)",31
6621,conv2d_16,"(1, 0, 44, 57)",27
6622,conv2d_16,"(0, 0, 54, 21)",5
6623,conv2d_16,"(2, 2, 16, 28)",0
6624,conv2d_16,"(1, 1, 34, 49)",27
6625,conv2d_16,"(0, 0, 20, 38)",10
6626,conv2d_16,"(2, 0, 62, 48)",21
6627,conv2d_16,"(2, 1, 6, 46)",12
6628,conv2d_16,"(0, 2, 46, 63)",6
6629,conv2d_16,"(1, 0, 18, 42)",27
6630,conv2d_16,"(0, 2, 17, 20)",19
6631,conv2d_16,"(2, 0, 8, 30)",15
6632,conv2d_16,"(1, 0, 48, 10)",4
6633,conv2d_16,"(2, 1, 33, 8)",19
6634,conv2d_16,"(0, 0, 52, 29)",8
6635,conv2d_16,"(0, 1, 44, 50)",4
6636,conv2d_16,"(1, 1, 25, 34)",6
6637,conv2d_16,"(1, 0, 63, 24)",15
6638,conv2d_16,"(1, 2, 24, 59)",3
6639,conv2d_16,"(0, 0, 55, 13)",13
6640,conv2d_16,"(0, 0, 48, 34)",12
6641,conv2d_16,"(1, 2, 35, 32)",6
6642,conv2d_16,"(1, 1, 0, 21)",15
6643,conv2d_16,"(1, 0, 20, 53)",27
6644,conv2d_16,"(0, 1, 41, 19)",26
6645,conv2d_16,"(0, 0, 61, 7)",30
6646,conv2d_16,"(0, 1, 37, 40)",26
6647,conv2d_16,"(1, 0, 15, 4)",7
6648,conv2d_16,"(0, 1, 0, 40)",26
6649,conv2d_16,"(0, 0, 20, 4)",27
6650,conv2d_16,"(1, 2, 1, 51)",14
6651,conv2d_16,"(1, 1, 3, 3)",13
6652,conv2d_16,"(1, 0, 10, 1)",7
6653,conv2d_16,"(0, 2, 48, 7)",26
6654,conv2d_16,"(2, 2, 42, 3)",4
6655,conv2d_16,"(2, 1, 30, 36)",16
6656,conv2d_16,"(2, 2, 15, 57)",11
6657,conv2d_16,"(2, 2, 42, 12)",10
6658,conv2d_16,"(0, 2, 31, 7)",29
6659,conv2d_16,"(1, 1, 54, 33)",4
6660,conv2d_16,"(0, 1, 60, 6)",17
6661,conv2d_16,"(1, 2, 63, 40)",31
6662,conv2d_16,"(1, 2, 10, 61)",26
6663,conv2d_16,"(0, 2, 4, 28)",11
6664,conv2d_16,"(0, 2, 30, 52)",15
6665,conv2d_16,"(0, 2, 55, 36)",22
6666,conv2d_16,"(2, 2, 46, 23)",7
6667,conv2d_16,"(0, 2, 61, 62)",21
6668,conv2d_16,"(1, 2, 44, 43)",29
6669,conv2d_16,"(1, 0, 20, 4)",12
6670,conv2d_16,"(1, 2, 28, 40)",7
6671,conv2d_16,"(1, 1, 18, 15)",18
6672,conv2d_16,"(1, 1, 25, 47)",14
6673,conv2d_16,"(0, 0, 28, 40)",28
6674,conv2d_16,"(2, 1, 45, 40)",4
6675,conv2d_16,"(0, 2, 1, 3)",16
6676,conv2d_16,"(1, 0, 57, 50)",7
6677,conv2d_16,"(1, 1, 15, 45)",12
6678,conv2d_16,"(2, 0, 8, 42)",17
6679,conv2d_16,"(2, 2, 0, 62)",17
6680,conv2d_16,"(1, 2, 10, 60)",1
6681,conv2d_16,"(0, 1, 7, 18)",24
6682,conv2d_16,"(1, 2, 31, 12)",28
6683,conv2d_16,"(2, 0, 11, 3)",23
6684,conv2d_16,"(1, 1, 0, 29)",15
6685,conv2d_16,"(1, 0, 38, 33)",28
6686,conv2d_16,"(2, 1, 14, 28)",15
6687,conv2d_16,"(0, 1, 37, 46)",11
6688,conv2d_16,"(2, 0, 49, 43)",8
6689,conv2d_16,"(1, 0, 28, 11)",22
6690,conv2d_16,"(1, 0, 52, 20)",23
6691,conv2d_16,"(1, 2, 11, 53)",7
6692,conv2d_16,"(1, 1, 40, 20)",26
6693,conv2d_16,"(2, 2, 7, 58)",2
6694,conv2d_16,"(2, 0, 47, 37)",2
6695,conv2d_16,"(0, 2, 16, 38)",14
6696,conv2d_16,"(0, 0, 25, 5)",11
6697,conv2d_16,"(1, 2, 1, 20)",25
6698,conv2d_16,"(2, 2, 3, 46)",12
6699,conv2d_16,"(1, 0, 10, 47)",27
6700,conv2d_16,"(1, 2, 57, 6)",16
6701,conv2d_16,"(1, 0, 47, 24)",0
6702,conv2d_16,"(1, 0, 20, 19)",10
6703,conv2d_16,"(1, 0, 9, 14)",1
6704,conv2d_16,"(0, 1, 31, 32)",9
6705,conv2d_16,"(2, 1, 54, 26)",14
6706,conv2d_16,"(0, 2, 27, 32)",11
6707,conv2d_16,"(1, 0, 23, 31)",28
6708,conv2d_16,"(0, 2, 51, 17)",25
6709,conv2d_16,"(0, 1, 20, 32)",25
6710,conv2d_16,"(2, 2, 12, 50)",18
6711,conv2d_16,"(0, 1, 20, 24)",27
6712,conv2d_16,"(2, 2, 59, 23)",26
6713,conv2d_16,"(2, 1, 15, 0)",22
6714,conv2d_16,"(1, 1, 30, 61)",26
6715,conv2d_16,"(0, 0, 54, 24)",8
6716,conv2d_16,"(0, 1, 8, 9)",24
6717,conv2d_16,"(0, 2, 49, 1)",31
6718,conv2d_16,"(2, 0, 25, 28)",25
6719,conv2d_16,"(1, 2, 16, 14)",3
6720,conv2d_16,"(2, 2, 17, 20)",24
6721,conv2d_16,"(2, 0, 50, 30)",8
6722,conv2d_16,"(2, 0, 17, 18)",23
6723,conv2d_16,"(1, 0, 40, 35)",1
6724,conv2d_16,"(2, 1, 30, 41)",20
6725,conv2d_16,"(0, 0, 30, 61)",24
6726,conv2d_16,"(1, 2, 1, 36)",24
6727,conv2d_16,"(1, 2, 27, 44)",24
6728,conv2d_16,"(2, 2, 7, 52)",14
6729,conv2d_16,"(0, 0, 60, 13)",20
6730,conv2d_16,"(1, 0, 21, 57)",9
6731,conv2d_16,"(0, 2, 5, 62)",28
6732,conv2d_16,"(1, 1, 6, 41)",11
6733,conv2d_16,"(2, 1, 1, 62)",26
6734,conv2d_16,"(0, 1, 26, 35)",6
6735,conv2d_16,"(1, 0, 9, 9)",27
6736,conv2d_16,"(2, 0, 41, 61)",9
6737,conv2d_16,"(0, 1, 46, 16)",11
6738,conv2d_16,"(2, 0, 30, 33)",28
6739,conv2d_16,"(2, 1, 48, 4)",3
6740,conv2d_16,"(0, 0, 12, 38)",21
6741,conv2d_16,"(2, 1, 22, 51)",18
6742,conv2d_16,"(0, 0, 4, 44)",30
6743,conv2d_16,"(1, 1, 10, 27)",9
6744,conv2d_16,"(2, 0, 25, 50)",21
6745,conv2d_16,"(0, 1, 43, 36)",16
6746,conv2d_16,"(2, 2, 27, 28)",4
6747,conv2d_16,"(1, 2, 41, 36)",5
6748,conv2d_16,"(2, 1, 60, 14)",26
6749,conv2d_16,"(1, 0, 10, 41)",27
6750,conv2d_16,"(1, 0, 24, 41)",23
6751,conv2d_16,"(1, 0, 23, 46)",2
6752,conv2d_16,"(0, 0, 53, 26)",20
6753,conv2d_16,"(2, 2, 27, 5)",9
6754,conv2d_16,"(0, 1, 20, 40)",19
6755,conv2d_16,"(0, 2, 20, 28)",30
6756,conv2d_16,"(2, 2, 33, 28)",12
6757,conv2d_16,"(0, 1, 10, 43)",17
6758,conv2d_16,"(0, 1, 19, 49)",18
6759,conv2d_16,"(2, 2, 59, 3)",21
6760,conv2d_16,"(2, 0, 0, 56)",15
6761,conv2d_16,"(1, 0, 50, 0)",5
6762,conv2d_16,"(1, 0, 63, 15)",4
6763,conv2d_16,"(2, 0, 4, 32)",30
6764,conv2d_16,"(1, 1, 52, 27)",2
6765,conv2d_16,"(0, 0, 21, 63)",15
6766,conv2d_16,"(0, 2, 61, 42)",26
6767,conv2d_16,"(1, 0, 12, 11)",18
6768,conv2d_16,"(0, 2, 7, 61)",11
6769,conv2d_16,"(2, 2, 48, 35)",21
6770,conv2d_16,"(1, 2, 59, 20)",18
6771,conv2d_16,"(2, 0, 53, 56)",8
6772,conv2d_16,"(2, 1, 25, 26)",0
6773,conv2d_16,"(2, 2, 52, 0)",29
6774,conv2d_16,"(0, 2, 33, 38)",15
6775,conv2d_16,"(2, 2, 42, 31)",31
6776,conv2d_16,"(0, 1, 4, 31)",30
6777,conv2d_16,"(0, 1, 21, 42)",2
6778,conv2d_16,"(0, 1, 43, 60)",13
6779,conv2d_16,"(1, 0, 0, 38)",16
6780,conv2d_16,"(1, 0, 28, 0)",28
6781,conv2d_16,"(1, 1, 53, 46)",1
6782,conv2d_16,"(1, 1, 38, 52)",9
6783,conv2d_16,"(1, 1, 27, 48)",30
6784,conv2d_16,"(2, 2, 38, 50)",27
6785,conv2d_16,"(2, 1, 16, 52)",31
6786,conv2d_16,"(0, 1, 51, 44)",12
6787,conv2d_16,"(2, 2, 39, 6)",13
6788,conv2d_16,"(1, 0, 47, 16)",2
6789,conv2d_16,"(0, 2, 61, 12)",17
6790,conv2d_16,"(0, 0, 23, 10)",29
6791,conv2d_16,"(1, 1, 46, 5)",3
6792,conv2d_16,"(1, 0, 31, 24)",13
6793,conv2d_16,"(0, 1, 4, 55)",5
6794,conv2d_16,"(2, 1, 6, 38)",1
6795,conv2d_16,"(1, 0, 41, 38)",21
6796,conv2d_16,"(2, 1, 20, 47)",19
6797,conv2d_16,"(0, 2, 5, 59)",3
6798,conv2d_16,"(2, 2, 15, 10)",17
6799,conv2d_16,"(0, 2, 11, 57)",1
6800,conv2d_16,"(2, 0, 28, 56)",6
6801,conv2d_16,"(0, 2, 48, 59)",29
6802,conv2d_16,"(0, 0, 62, 16)",3
6803,conv2d_16,"(1, 2, 32, 7)",19
6804,conv2d_16,"(0, 0, 51, 12)",5
6805,conv2d_16,"(2, 1, 35, 17)",21
6806,conv2d_16,"(1, 2, 33, 2)",27
6807,conv2d_16,"(1, 1, 18, 29)",19
6808,conv2d_16,"(0, 1, 0, 54)",13
6809,conv2d_16,"(1, 1, 29, 31)",19
6810,conv2d_16,"(0, 1, 44, 38)",30
6811,conv2d_16,"(2, 0, 61, 32)",1
6812,conv2d_16,"(2, 2, 9, 62)",16
6813,conv2d_16,"(0, 2, 36, 31)",9
6814,conv2d_16,"(2, 1, 47, 36)",8
6815,conv2d_16,"(2, 1, 8, 11)",0
6816,conv2d_16,"(0, 0, 26, 7)",17
6817,conv2d_16,"(2, 0, 52, 39)",8
6818,conv2d_16,"(1, 2, 14, 39)",22
6819,conv2d_16,"(0, 0, 47, 55)",6
6820,conv2d_16,"(2, 0, 52, 7)",12
6821,conv2d_16,"(0, 0, 17, 28)",9
6822,conv2d_16,"(0, 1, 25, 48)",7
6823,conv2d_16,"(2, 0, 59, 2)",27
6824,conv2d_16,"(1, 1, 21, 3)",0
6825,conv2d_16,"(0, 1, 2, 29)",8
6826,conv2d_16,"(1, 2, 18, 61)",9
6827,conv2d_16,"(1, 2, 55, 56)",9
6828,conv2d_16,"(1, 2, 47, 57)",22
6829,conv2d_16,"(2, 2, 51, 48)",27
6830,conv2d_16,"(1, 1, 15, 22)",15
6831,conv2d_16,"(0, 1, 28, 53)",6
6832,conv2d_16,"(0, 0, 59, 16)",12
6833,conv2d_16,"(0, 2, 62, 34)",14
6834,conv2d_16,"(1, 2, 27, 60)",15
6835,conv2d_16,"(2, 1, 29, 63)",24
6836,conv2d_16,"(0, 2, 7, 22)",18
6837,conv2d_16,"(2, 2, 38, 44)",0
6838,conv2d_16,"(1, 0, 34, 27)",9
6839,conv2d_16,"(1, 1, 21, 28)",29
6840,conv2d_16,"(0, 0, 31, 26)",4
6841,conv2d_16,"(1, 1, 11, 50)",15
6842,conv2d_16,"(1, 1, 1, 2)",11
6843,conv2d_16,"(0, 0, 20, 43)",6
6844,conv2d_16,"(1, 0, 36, 21)",14
6845,conv2d_16,"(2, 2, 58, 58)",23
6846,conv2d_16,"(2, 1, 41, 46)",25
6847,conv2d_16,"(1, 0, 27, 33)",5
6848,conv2d_16,"(0, 0, 52, 0)",8
6849,conv2d_16,"(0, 0, 28, 23)",30
6850,conv2d_16,"(0, 2, 49, 5)",27
6851,conv2d_16,"(2, 1, 33, 31)",16
6852,conv2d_16,"(1, 1, 41, 51)",28
6853,conv2d_16,"(0, 1, 41, 35)",29
6854,conv2d_16,"(1, 2, 7, 36)",9
6855,conv2d_16,"(0, 1, 19, 44)",2
6856,conv2d_16,"(2, 0, 50, 61)",23
6857,conv2d_16,"(0, 1, 20, 10)",31
6858,conv2d_16,"(0, 0, 16, 36)",4
6859,conv2d_16,"(1, 0, 28, 63)",2
6860,conv2d_16,"(1, 1, 11, 36)",20
6861,conv2d_16,"(1, 1, 40, 33)",10
6862,conv2d_16,"(1, 1, 53, 49)",6
6863,conv2d_16,"(2, 0, 29, 12)",2
6864,conv2d_16,"(0, 0, 46, 4)",30
6865,conv2d_16,"(1, 2, 28, 19)",24
6866,conv2d_16,"(1, 2, 46, 5)",12
6867,conv2d_16,"(2, 1, 26, 32)",7
6868,conv2d_16,"(0, 2, 58, 14)",30
6869,conv2d_16,"(1, 2, 26, 43)",16
6870,conv2d_16,"(1, 1, 12, 62)",1
6871,conv2d_16,"(0, 1, 48, 49)",15
6872,conv2d_16,"(1, 0, 8, 2)",25
6873,conv2d_16,"(0, 1, 59, 51)",9
6874,conv2d_16,"(0, 0, 52, 56)",22
6875,conv2d_16,"(0, 2, 21, 46)",18
6876,conv2d_16,"(1, 2, 21, 61)",19
6877,conv2d_16,"(0, 0, 32, 25)",19
6878,conv2d_16,"(1, 1, 42, 61)",20
6879,conv2d_16,"(0, 2, 49, 6)",19
6880,conv2d_16,"(2, 0, 50, 26)",8
6881,conv2d_16,"(2, 2, 10, 4)",4
6882,conv2d_16,"(2, 0, 11, 57)",0
6883,conv2d_16,"(2, 1, 25, 7)",17
6884,conv2d_16,"(2, 0, 29, 29)",19
6885,conv2d_16,"(1, 2, 43, 36)",11
6886,conv2d_16,"(0, 2, 61, 44)",6
6887,conv2d_16,"(0, 0, 16, 25)",27
6888,conv2d_16,"(1, 2, 58, 61)",0
6889,conv2d_16,"(0, 0, 41, 36)",16
6890,conv2d_16,"(0, 0, 63, 18)",21
6891,conv2d_16,"(1, 0, 58, 54)",17
6892,conv2d_16,"(0, 0, 28, 49)",19
6893,conv2d_16,"(1, 2, 14, 34)",22
6894,conv2d_16,"(0, 2, 53, 59)",25
6895,conv2d_16,"(2, 0, 52, 20)",30
6896,conv2d_16,"(1, 1, 32, 48)",5
6897,conv2d_16,"(2, 0, 56, 1)",5
6898,conv2d_16,"(1, 0, 62, 7)",19
6899,conv2d_16,"(0, 2, 38, 34)",29
6900,conv2d_16,"(1, 1, 32, 24)",9
6901,conv2d_16,"(2, 2, 22, 54)",0
6902,conv2d_16,"(1, 1, 28, 25)",29
6903,conv2d_16,"(0, 1, 63, 59)",11
6904,conv2d_16,"(1, 2, 17, 46)",27
6905,conv2d_16,"(0, 1, 5, 22)",11
6906,conv2d_16,"(0, 2, 50, 4)",6
6907,conv2d_16,"(0, 2, 42, 1)",6
6908,conv2d_16,"(2, 1, 57, 52)",25
6909,conv2d_16,"(0, 2, 28, 11)",23
6910,conv2d_16,"(1, 2, 49, 54)",31
6911,conv2d_16,"(1, 0, 61, 56)",7
6912,conv2d_16,"(1, 1, 24, 46)",15
6913,conv2d_16,"(2, 1, 6, 36)",11
6914,conv2d_16,"(2, 2, 25, 56)",21
6915,conv2d_16,"(1, 0, 18, 41)",27
6916,conv2d_16,"(2, 2, 46, 47)",12
6917,conv2d_16,"(1, 0, 56, 3)",25
6918,conv2d_16,"(1, 0, 60, 26)",5
6919,conv2d_16,"(2, 1, 52, 12)",4
6920,conv2d_16,"(2, 0, 49, 14)",18
6921,conv2d_16,"(2, 0, 26, 57)",5
6922,conv2d_16,"(0, 0, 55, 12)",1
6923,conv2d_16,"(1, 1, 20, 29)",25
6924,conv2d_16,"(2, 0, 28, 57)",30
6925,conv2d_16,"(2, 1, 17, 51)",26
6926,conv2d_16,"(0, 2, 24, 46)",30
6927,conv2d_16,"(0, 0, 57, 60)",30
6928,conv2d_16,"(0, 0, 31, 7)",5
6929,conv2d_16,"(2, 1, 1, 36)",16
6930,conv2d_16,"(1, 1, 48, 28)",29
6931,conv2d_16,"(1, 0, 9, 0)",17
6932,conv2d_16,"(1, 0, 8, 48)",7
6933,conv2d_16,"(0, 2, 19, 48)",9
6934,conv2d_16,"(2, 2, 59, 63)",27
6935,conv2d_16,"(1, 0, 2, 44)",27
6936,conv2d_16,"(1, 1, 32, 19)",10
6937,conv2d_16,"(0, 1, 37, 12)",29
6938,conv2d_16,"(2, 0, 28, 0)",12
6939,conv2d_16,"(0, 2, 25, 28)",13
6940,conv2d_16,"(1, 1, 63, 61)",22
6941,conv2d_16,"(2, 0, 52, 48)",6
6942,conv2d_16,"(1, 1, 20, 62)",8
6943,conv2d_16,"(0, 0, 26, 17)",10
6944,conv2d_16,"(2, 1, 41, 23)",8
6945,conv2d_16,"(0, 2, 20, 3)",23
6946,conv2d_16,"(0, 0, 33, 34)",1
6947,conv2d_16,"(2, 0, 47, 27)",3
6948,conv2d_16,"(2, 1, 13, 15)",9
6949,conv2d_16,"(0, 1, 28, 58)",6
6950,conv2d_16,"(0, 0, 59, 47)",6
6951,conv2d_16,"(2, 1, 53, 36)",6
6952,conv2d_16,"(1, 0, 9, 18)",0
6953,conv2d_16,"(0, 2, 11, 43)",6
6954,conv2d_16,"(1, 2, 5, 36)",10
6955,conv2d_16,"(1, 0, 28, 13)",1
6956,conv2d_16,"(1, 0, 20, 37)",17
6957,conv2d_16,"(1, 2, 59, 10)",0
6958,conv2d_16,"(2, 2, 14, 11)",29
6959,conv2d_16,"(1, 0, 54, 38)",30
6960,conv2d_16,"(1, 2, 36, 27)",26
6961,conv2d_16,"(0, 1, 40, 10)",16
6962,conv2d_16,"(0, 0, 8, 59)",30
6963,conv2d_16,"(2, 0, 32, 51)",28
6964,conv2d_16,"(1, 2, 49, 18)",6
6965,conv2d_16,"(0, 1, 39, 35)",0
6966,conv2d_16,"(2, 0, 60, 38)",7
6967,conv2d_16,"(2, 2, 59, 37)",2
6968,conv2d_16,"(2, 0, 35, 60)",7
6969,conv2d_16,"(0, 2, 42, 0)",2
6970,conv2d_16,"(1, 1, 39, 27)",12
6971,conv2d_16,"(1, 2, 59, 40)",29
6972,conv2d_16,"(1, 2, 59, 27)",7
6973,conv2d_16,"(0, 2, 0, 52)",0
6974,conv2d_16,"(2, 2, 53, 62)",19
6975,conv2d_16,"(2, 0, 6, 56)",14
6976,conv2d_16,"(1, 2, 61, 60)",5
6977,conv2d_16,"(1, 1, 13, 45)",18
6978,conv2d_16,"(1, 0, 22, 16)",28
6979,conv2d_16,"(0, 0, 44, 33)",21
6980,conv2d_16,"(2, 1, 36, 37)",6
6981,conv2d_16,"(2, 1, 28, 12)",1
6982,conv2d_16,"(0, 2, 23, 49)",14
6983,conv2d_16,"(2, 0, 61, 11)",20
6984,conv2d_16,"(2, 0, 36, 4)",26
6985,conv2d_16,"(1, 2, 7, 7)",18
6986,conv2d_16,"(2, 2, 16, 59)",23
6987,conv2d_16,"(2, 2, 48, 57)",20
6988,conv2d_16,"(0, 2, 35, 11)",9
6989,conv2d_16,"(2, 1, 63, 46)",6
6990,conv2d_16,"(1, 0, 22, 49)",29
6991,conv2d_16,"(0, 0, 13, 22)",7
6992,conv2d_16,"(2, 0, 15, 11)",6
6993,conv2d_16,"(1, 1, 57, 36)",17
6994,conv2d_16,"(1, 0, 60, 49)",4
6995,conv2d_16,"(0, 2, 58, 59)",22
6996,conv2d_16,"(1, 1, 38, 62)",4
6997,conv2d_16,"(0, 1, 26, 39)",28
6998,conv2d_16,"(1, 2, 63, 50)",27
6999,conv2d_16,"(1, 2, 14, 54)",28
7000,conv2d_16,"(0, 1, 9, 1)",31
7001,conv2d_16,"(1, 2, 43, 32)",3
7002,conv2d_16,"(1, 0, 8, 41)",12
7003,conv2d_16,"(0, 0, 50, 42)",30
7004,conv2d_16,"(0, 0, 28, 57)",25
7005,conv2d_16,"(2, 0, 10, 43)",6
7006,conv2d_16,"(1, 2, 13, 36)",3
7007,conv2d_16,"(2, 0, 28, 22)",30
7008,conv2d_16,"(2, 1, 41, 20)",11
7009,conv2d_16,"(0, 1, 37, 59)",3
7010,conv2d_16,"(2, 2, 5, 39)",20
7011,conv2d_16,"(2, 1, 48, 17)",17
7012,conv2d_16,"(2, 1, 2, 6)",13
7013,conv2d_16,"(2, 1, 25, 61)",2
7014,conv2d_16,"(1, 2, 48, 20)",30
7015,conv2d_16,"(1, 2, 58, 18)",12
7016,conv2d_16,"(2, 1, 44, 58)",11
7017,conv2d_16,"(0, 0, 34, 52)",13
7018,conv2d_16,"(0, 1, 33, 60)",25
7019,conv2d_16,"(2, 2, 1, 54)",0
7020,conv2d_16,"(1, 2, 30, 10)",18
7021,conv2d_16,"(2, 0, 25, 30)",4
7022,conv2d_16,"(1, 2, 59, 13)",4
7023,conv2d_16,"(0, 2, 0, 10)",19
7024,conv2d_16,"(0, 2, 57, 4)",19
7025,conv2d_16,"(0, 1, 52, 31)",17
7026,conv2d_16,"(1, 2, 14, 0)",7
7027,conv2d_16,"(0, 1, 22, 12)",18
7028,conv2d_16,"(1, 0, 40, 2)",26
7029,conv2d_16,"(1, 1, 22, 38)",23
7030,conv2d_16,"(2, 1, 38, 58)",30
7031,conv2d_16,"(0, 1, 23, 30)",2
7032,conv2d_16,"(2, 1, 41, 33)",29
7033,conv2d_16,"(0, 2, 53, 55)",17
7034,conv2d_16,"(0, 2, 55, 39)",19
7035,conv2d_16,"(2, 2, 27, 12)",27
7036,conv2d_16,"(2, 2, 42, 57)",1
7037,conv2d_16,"(0, 0, 2, 20)",27
7038,conv2d_16,"(1, 0, 15, 43)",12
7039,conv2d_16,"(0, 0, 19, 13)",28
7040,conv2d_16,"(2, 2, 36, 58)",2
7041,conv2d_16,"(2, 1, 60, 20)",29
7042,conv2d_16,"(2, 0, 0, 10)",13
7043,conv2d_16,"(2, 0, 10, 39)",3
7044,conv2d_16,"(1, 1, 45, 59)",9
7045,conv2d_16,"(0, 2, 3, 57)",28
7046,conv2d_16,"(2, 1, 54, 57)",13
7047,conv2d_16,"(1, 1, 34, 26)",25
7048,conv2d_16,"(2, 0, 25, 53)",22
7049,conv2d_16,"(1, 0, 1, 40)",8
7050,conv2d_16,"(1, 2, 57, 23)",18
7051,conv2d_16,"(0, 0, 13, 19)",1
7052,conv2d_16,"(2, 0, 27, 34)",4
7053,conv2d_16,"(0, 2, 35, 52)",5
7054,conv2d_16,"(0, 2, 55, 63)",16
7055,conv2d_16,"(0, 2, 42, 24)",28
7056,conv2d_16,"(0, 1, 39, 41)",17
7057,conv2d_16,"(2, 0, 55, 26)",9
7058,conv2d_16,"(1, 1, 57, 15)",7
7059,conv2d_16,"(1, 2, 1, 41)",14
7060,conv2d_16,"(0, 2, 15, 51)",26
7061,conv2d_16,"(2, 1, 0, 38)",5
7062,conv2d_16,"(1, 2, 7, 23)",4
7063,conv2d_16,"(0, 0, 58, 2)",15
7064,conv2d_16,"(1, 1, 59, 63)",3
7065,conv2d_16,"(1, 2, 50, 50)",6
7066,conv2d_16,"(2, 2, 8, 1)",8
7067,conv2d_16,"(0, 0, 28, 44)",29
7068,conv2d_16,"(1, 1, 20, 57)",26
7069,conv2d_16,"(2, 2, 10, 20)",29
7070,conv2d_16,"(2, 1, 12, 55)",14
7071,conv2d_16,"(1, 0, 46, 20)",31
7072,conv2d_16,"(1, 2, 29, 61)",20
7073,conv2d_16,"(2, 1, 0, 58)",14
7074,conv2d_16,"(1, 1, 45, 56)",6
7075,conv2d_16,"(2, 1, 26, 63)",29
7076,conv2d_16,"(2, 0, 36, 22)",18
7077,conv2d_16,"(0, 0, 12, 58)",13
7078,conv2d_16,"(1, 2, 61, 54)",10
7079,conv2d_16,"(0, 1, 9, 29)",14
7080,conv2d_16,"(0, 1, 19, 8)",16
7081,conv2d_16,"(1, 2, 39, 48)",4
7082,conv2d_16,"(0, 0, 56, 13)",17
7083,conv2d_16,"(0, 1, 6, 5)",27
7084,conv2d_16,"(1, 0, 60, 63)",25
7085,conv2d_16,"(1, 2, 9, 38)",5
7086,conv2d_16,"(2, 1, 47, 22)",28
7087,conv2d_16,"(0, 0, 29, 54)",30
7088,conv2d_16,"(0, 0, 51, 21)",11
7089,conv2d_16,"(1, 1, 27, 9)",19
7090,conv2d_16,"(2, 1, 28, 37)",18
7091,conv2d_16,"(1, 2, 39, 54)",18
7092,conv2d_16,"(2, 1, 15, 17)",3
7093,conv2d_16,"(1, 0, 56, 59)",14
7094,conv2d_16,"(0, 2, 42, 40)",21
7095,conv2d_16,"(0, 1, 41, 11)",28
7096,conv2d_16,"(2, 1, 47, 13)",15
7097,conv2d_16,"(1, 2, 41, 14)",1
7098,conv2d_16,"(1, 1, 28, 16)",26
7099,conv2d_16,"(2, 0, 19, 34)",12
7100,conv2d_16,"(1, 1, 60, 4)",29
7101,conv2d_16,"(1, 0, 62, 28)",23
7102,conv2d_16,"(1, 0, 21, 15)",29
7103,conv2d_16,"(0, 0, 46, 21)",9
7104,conv2d_16,"(2, 2, 42, 45)",28
7105,conv2d_16,"(2, 1, 24, 38)",11
7106,conv2d_16,"(0, 2, 23, 26)",17
7107,conv2d_16,"(2, 0, 38, 40)",20
7108,conv2d_16,"(1, 1, 17, 7)",27
7109,conv2d_16,"(2, 2, 0, 61)",6
7110,conv2d_16,"(0, 2, 17, 55)",14
7111,conv2d_16,"(2, 1, 37, 7)",23
7112,conv2d_16,"(2, 0, 0, 52)",20
7113,conv2d_16,"(0, 0, 6, 63)",17
7114,conv2d_16,"(1, 0, 38, 35)",22
7115,conv2d_16,"(2, 0, 4, 25)",11
7116,conv2d_16,"(1, 2, 0, 15)",11
7117,conv2d_16,"(2, 2, 26, 40)",24
7118,conv2d_16,"(2, 2, 45, 39)",23
7119,conv2d_16,"(2, 1, 54, 32)",31
7120,conv2d_16,"(0, 1, 33, 14)",31
7121,conv2d_16,"(2, 1, 51, 22)",5
7122,conv2d_16,"(0, 0, 7, 4)",4
7123,conv2d_16,"(1, 2, 33, 42)",6
7124,conv2d_16,"(0, 1, 36, 42)",13
7125,conv2d_16,"(1, 0, 55, 36)",2
7126,conv2d_16,"(0, 2, 15, 5)",19
7127,conv2d_16,"(0, 1, 47, 15)",12
7128,conv2d_16,"(1, 0, 51, 14)",7
7129,conv2d_16,"(1, 1, 13, 41)",6
7130,conv2d_16,"(1, 1, 46, 29)",4
7131,conv2d_16,"(1, 0, 34, 8)",23
7132,conv2d_16,"(1, 1, 1, 45)",16
7133,conv2d_16,"(1, 1, 25, 15)",2
7134,conv2d_16,"(1, 0, 59, 5)",12
7135,conv2d_16,"(1, 0, 28, 5)",20
7136,conv2d_16,"(2, 2, 41, 3)",10
7137,conv2d_16,"(0, 1, 34, 52)",4
7138,conv2d_16,"(1, 1, 43, 17)",25
7139,conv2d_16,"(2, 2, 41, 55)",6
7140,conv2d_16,"(0, 0, 40, 30)",17
7141,conv2d_16,"(2, 2, 20, 23)",0
7142,conv2d_16,"(1, 0, 19, 28)",8
7143,conv2d_16,"(2, 0, 41, 0)",31
7144,conv2d_16,"(0, 0, 31, 56)",20
7145,conv2d_16,"(2, 1, 15, 60)",9
7146,conv2d_16,"(2, 0, 56, 21)",0
7147,conv2d_16,"(0, 2, 60, 1)",4
7148,conv2d_16,"(2, 2, 7, 41)",16
7149,conv2d_16,"(2, 2, 54, 27)",6
7150,conv2d_16,"(1, 2, 62, 4)",24
7151,conv2d_16,"(0, 2, 17, 41)",8
7152,conv2d_16,"(0, 0, 42, 57)",17
7153,conv2d_16,"(1, 0, 38, 25)",11
7154,conv2d_16,"(1, 2, 44, 24)",5
7155,conv2d_16,"(1, 2, 25, 24)",7
7156,conv2d_16,"(2, 1, 17, 41)",22
7157,conv2d_16,"(0, 0, 54, 19)",17
7158,conv2d_16,"(2, 2, 17, 19)",11
7159,conv2d_16,"(2, 2, 55, 44)",11
7160,conv2d_16,"(1, 0, 24, 21)",20
7161,conv2d_16,"(2, 0, 27, 14)",7
7162,conv2d_16,"(0, 0, 56, 36)",2
7163,conv2d_16,"(1, 2, 63, 14)",5
7164,conv2d_16,"(1, 1, 46, 47)",31
7165,conv2d_16,"(2, 2, 0, 6)",10
7166,conv2d_16,"(1, 0, 39, 61)",21
7167,conv2d_16,"(1, 2, 59, 26)",28
7168,conv2d_16,"(2, 0, 0, 63)",23
7169,conv2d_16,"(1, 1, 59, 54)",19
7170,conv2d_16,"(1, 0, 16, 12)",5
7171,conv2d_16,"(1, 0, 53, 62)",16
7172,conv2d_16,"(1, 2, 10, 48)",4
7173,conv2d_16,"(0, 1, 12, 4)",19
7174,conv2d_16,"(2, 2, 29, 22)",18
7175,conv2d_16,"(2, 2, 11, 39)",29
7176,conv2d_16,"(1, 1, 51, 31)",31
7177,conv2d_16,"(2, 0, 62, 30)",21
7178,conv2d_16,"(0, 0, 19, 30)",7
7179,conv2d_16,"(1, 1, 11, 9)",4
7180,conv2d_16,"(2, 1, 18, 40)",31
7181,conv2d_16,"(2, 0, 57, 42)",4
7182,conv2d_16,"(0, 0, 28, 14)",26
7183,conv2d_16,"(2, 0, 61, 6)",12
7184,conv2d_16,"(2, 2, 27, 18)",4
7185,conv2d_16,"(1, 2, 25, 50)",10
7186,conv2d_16,"(2, 2, 55, 39)",12
7187,conv2d_16,"(0, 0, 11, 20)",8
7188,conv2d_16,"(2, 2, 28, 55)",11
7189,conv2d_16,"(1, 2, 39, 18)",7
7190,conv2d_16,"(1, 0, 12, 51)",29
7191,conv2d_16,"(1, 0, 10, 35)",11
7192,conv2d_16,"(1, 0, 27, 42)",0
7193,conv2d_16,"(1, 1, 60, 45)",27
7194,conv2d_16,"(0, 1, 52, 8)",4
7195,conv2d_16,"(0, 1, 16, 49)",27
7196,conv2d_16,"(0, 1, 31, 56)",31
7197,conv2d_16,"(0, 0, 60, 55)",18
7198,conv2d_16,"(1, 1, 30, 57)",25
7199,conv2d_16,"(2, 0, 5, 35)",31
7200,conv2d_16,"(1, 2, 39, 32)",14
7201,conv2d_16,"(2, 0, 59, 4)",4
7202,conv2d_16,"(1, 0, 0, 49)",8
7203,conv2d_16,"(1, 0, 42, 23)",19
7204,conv2d_16,"(1, 2, 11, 57)",0
7205,conv2d_16,"(1, 1, 8, 38)",21
7206,conv2d_16,"(1, 1, 59, 53)",11
7207,conv2d_16,"(2, 0, 59, 19)",15
7208,conv2d_16,"(2, 1, 49, 12)",29
7209,conv2d_16,"(2, 1, 1, 53)",14
7210,conv2d_16,"(2, 1, 26, 23)",24
7211,conv2d_16,"(1, 0, 28, 21)",12
7212,conv2d_16,"(1, 0, 22, 44)",21
7213,conv2d_16,"(2, 2, 59, 45)",25
7214,conv2d_16,"(0, 0, 52, 57)",4
7215,conv2d_16,"(1, 2, 29, 24)",22
7216,conv2d_16,"(2, 1, 34, 17)",4
7217,conv2d_16,"(2, 1, 6, 2)",8
7218,conv2d_16,"(1, 1, 4, 57)",30
7219,conv2d_16,"(2, 1, 62, 49)",0
7220,conv2d_16,"(1, 2, 38, 9)",21
7221,conv2d_16,"(2, 1, 59, 51)",1
7222,conv2d_16,"(1, 1, 19, 13)",30
7223,conv2d_16,"(2, 1, 42, 7)",19
7224,conv2d_16,"(0, 2, 16, 34)",4
7225,conv2d_16,"(0, 1, 61, 46)",10
7226,conv2d_16,"(1, 1, 43, 52)",11
7227,conv2d_16,"(2, 1, 0, 33)",17
7228,conv2d_16,"(0, 2, 28, 51)",2
7229,conv2d_16,"(1, 2, 38, 24)",14
7230,conv2d_16,"(2, 2, 3, 43)",14
7231,conv2d_16,"(1, 2, 59, 25)",16
7232,conv2d_16,"(0, 1, 39, 57)",4
7233,conv2d_16,"(2, 2, 51, 32)",24
7234,conv2d_17,"(0, 2, 60, 4)",11
7235,conv2d_17,"(2, 0, 57, 1)",17
7236,conv2d_17,"(1, 2, 56, 11)",21
7237,conv2d_17,"(0, 2, 26, 44)",26
7238,conv2d_17,"(1, 0, 30, 32)",13
7239,conv2d_17,"(0, 1, 43, 46)",2
7240,conv2d_17,"(1, 1, 45, 16)",22
7241,conv2d_17,"(0, 0, 2, 46)",23
7242,conv2d_17,"(1, 0, 61, 49)",10
7243,conv2d_17,"(2, 0, 2, 55)",20
7244,conv2d_17,"(0, 0, 48, 25)",12
7245,conv2d_17,"(2, 1, 22, 31)",19
7246,conv2d_17,"(1, 1, 37, 17)",0
7247,conv2d_17,"(1, 2, 6, 23)",3
7248,conv2d_17,"(2, 0, 3, 26)",12
7249,conv2d_17,"(0, 2, 56, 19)",20
7250,conv2d_17,"(2, 1, 1, 52)",21
7251,conv2d_17,"(0, 0, 10, 10)",15
7252,conv2d_17,"(2, 1, 49, 10)",21
7253,conv2d_17,"(1, 2, 5, 19)",8
7254,conv2d_17,"(0, 2, 3, 22)",5
7255,conv2d_17,"(1, 2, 33, 58)",2
7256,conv2d_17,"(2, 1, 18, 55)",25
7257,conv2d_17,"(1, 2, 51, 27)",10
7258,conv2d_17,"(2, 1, 3, 25)",23
7259,conv2d_17,"(0, 1, 23, 20)",20
7260,conv2d_17,"(1, 1, 54, 6)",30
7261,conv2d_17,"(0, 2, 62, 57)",12
7262,conv2d_17,"(1, 0, 8, 11)",28
7263,conv2d_17,"(1, 2, 8, 62)",28
7264,conv2d_17,"(2, 0, 59, 45)",21
7265,conv2d_17,"(1, 2, 29, 21)",26
7266,conv2d_17,"(2, 1, 51, 5)",5
7267,conv2d_17,"(0, 1, 15, 19)",13
7268,conv2d_17,"(1, 2, 21, 34)",3
7269,conv2d_17,"(1, 1, 34, 45)",0
7270,conv2d_17,"(0, 0, 61, 62)",28
7271,conv2d_17,"(1, 0, 10, 50)",29
7272,conv2d_17,"(2, 1, 62, 28)",28
7273,conv2d_17,"(2, 1, 4, 29)",22
7274,conv2d_17,"(2, 2, 62, 54)",18
7275,conv2d_17,"(2, 1, 54, 10)",8
7276,conv2d_17,"(0, 0, 30, 47)",26
7277,conv2d_17,"(0, 2, 62, 51)",23
7278,conv2d_17,"(2, 0, 38, 46)",15
7279,conv2d_17,"(2, 0, 31, 15)",15
7280,conv2d_17,"(2, 1, 30, 20)",23
7281,conv2d_17,"(1, 2, 58, 47)",20
7282,conv2d_17,"(1, 1, 53, 53)",2
7283,conv2d_17,"(0, 2, 51, 17)",16
7284,conv2d_17,"(2, 1, 8, 34)",28
7285,conv2d_17,"(1, 2, 31, 2)",5
7286,conv2d_17,"(1, 1, 46, 15)",9
7287,conv2d_17,"(1, 1, 12, 11)",2
7288,conv2d_17,"(0, 1, 11, 34)",4
7289,conv2d_17,"(0, 2, 31, 56)",15
7290,conv2d_17,"(2, 2, 20, 41)",11
7291,conv2d_17,"(0, 0, 52, 54)",10
7292,conv2d_17,"(1, 1, 52, 59)",1
7293,conv2d_17,"(2, 1, 40, 13)",23
7294,conv2d_17,"(2, 0, 6, 9)",8
7295,conv2d_17,"(1, 1, 14, 28)",14
7296,conv2d_17,"(2, 2, 5, 62)",4
7297,conv2d_17,"(2, 1, 46, 36)",23
7298,conv2d_17,"(2, 2, 35, 17)",22
7299,conv2d_17,"(2, 2, 37, 7)",13
7300,conv2d_17,"(1, 1, 24, 54)",26
7301,conv2d_17,"(1, 2, 50, 22)",12
7302,conv2d_17,"(2, 1, 43, 31)",7
7303,conv2d_17,"(2, 0, 10, 18)",18
7304,conv2d_17,"(1, 0, 1, 60)",23
7305,conv2d_17,"(1, 0, 32, 51)",0
7306,conv2d_17,"(0, 0, 55, 63)",11
7307,conv2d_17,"(2, 0, 55, 33)",20
7308,conv2d_17,"(2, 0, 8, 48)",16
7309,conv2d_17,"(2, 1, 57, 31)",24
7310,conv2d_17,"(0, 0, 44, 47)",17
7311,conv2d_17,"(1, 2, 36, 18)",16
7312,conv2d_17,"(1, 2, 13, 39)",16
7313,conv2d_17,"(0, 2, 44, 42)",10
7314,conv2d_17,"(0, 1, 31, 18)",21
7315,conv2d_17,"(0, 2, 39, 54)",16
7316,conv2d_17,"(0, 0, 46, 2)",26
7317,conv2d_17,"(0, 2, 33, 56)",5
7318,conv2d_17,"(2, 2, 31, 12)",21
7319,conv2d_17,"(0, 1, 37, 61)",23
7320,conv2d_17,"(2, 1, 49, 9)",28
7321,conv2d_17,"(2, 1, 29, 31)",10
7322,conv2d_17,"(0, 0, 4, 31)",22
7323,conv2d_17,"(1, 1, 55, 49)",7
7324,conv2d_17,"(2, 2, 41, 42)",20
7325,conv2d_17,"(1, 0, 12, 35)",25
7326,conv2d_17,"(2, 1, 63, 5)",18
7327,conv2d_17,"(1, 1, 23, 13)",24
7328,conv2d_17,"(2, 1, 37, 43)",5
7329,conv2d_17,"(0, 0, 22, 31)",2
7330,conv2d_17,"(0, 2, 10, 44)",30
7331,conv2d_17,"(0, 0, 25, 51)",30
7332,conv2d_17,"(0, 0, 62, 63)",16
7333,conv2d_17,"(0, 2, 34, 27)",13
7334,conv2d_17,"(0, 2, 4, 30)",15
7335,conv2d_17,"(1, 0, 60, 9)",13
7336,conv2d_17,"(2, 1, 12, 1)",2
7337,conv2d_17,"(0, 1, 24, 5)",20
7338,conv2d_17,"(0, 1, 44, 21)",25
7339,conv2d_17,"(0, 0, 11, 51)",25
7340,conv2d_17,"(1, 1, 14, 22)",15
7341,conv2d_17,"(1, 2, 13, 50)",25
7342,conv2d_17,"(2, 2, 17, 14)",4
7343,conv2d_17,"(1, 0, 14, 58)",28
7344,conv2d_17,"(0, 0, 21, 28)",5
7345,conv2d_17,"(2, 0, 7, 50)",22
7346,conv2d_17,"(2, 2, 40, 31)",11
7347,conv2d_17,"(1, 1, 62, 15)",6
7348,conv2d_17,"(0, 0, 8, 39)",3
7349,conv2d_17,"(0, 1, 56, 61)",5
7350,conv2d_17,"(1, 2, 27, 56)",15
7351,conv2d_17,"(1, 2, 53, 21)",28
7352,conv2d_17,"(2, 0, 8, 43)",18
7353,conv2d_17,"(2, 2, 60, 44)",6
7354,conv2d_17,"(2, 0, 20, 44)",0
7355,conv2d_17,"(0, 1, 18, 13)",27
7356,conv2d_17,"(0, 1, 3, 1)",11
7357,conv2d_17,"(2, 1, 53, 28)",5
7358,conv2d_17,"(2, 0, 6, 19)",20
7359,conv2d_17,"(1, 2, 37, 63)",3
7360,conv2d_17,"(2, 2, 39, 5)",8
7361,conv2d_17,"(0, 1, 58, 19)",19
7362,conv2d_17,"(2, 1, 60, 1)",8
7363,conv2d_17,"(1, 2, 51, 44)",29
7364,conv2d_17,"(2, 0, 46, 53)",21
7365,conv2d_17,"(0, 1, 19, 45)",1
7366,conv2d_17,"(2, 1, 12, 13)",12
7367,conv2d_17,"(2, 1, 57, 18)",0
7368,conv2d_17,"(0, 1, 60, 59)",5
7369,conv2d_17,"(0, 1, 41, 31)",7
7370,conv2d_17,"(2, 0, 28, 21)",7
7371,conv2d_17,"(0, 1, 8, 52)",6
7372,conv2d_17,"(1, 2, 45, 12)",30
7373,conv2d_17,"(2, 1, 56, 51)",22
7374,conv2d_17,"(0, 1, 48, 37)",4
7375,conv2d_17,"(2, 0, 29, 26)",11
7376,conv2d_17,"(2, 0, 30, 11)",29
7377,conv2d_17,"(1, 0, 37, 48)",8
7378,conv2d_17,"(2, 2, 63, 49)",25
7379,conv2d_17,"(0, 2, 57, 46)",28
7380,conv2d_17,"(0, 1, 16, 26)",8
7381,conv2d_17,"(2, 0, 40, 12)",27
7382,conv2d_17,"(1, 1, 27, 37)",1
7383,conv2d_17,"(2, 1, 27, 12)",8
7384,conv2d_17,"(2, 1, 56, 40)",6
7385,conv2d_17,"(0, 0, 56, 40)",4
7386,conv2d_17,"(2, 2, 19, 48)",30
7387,conv2d_17,"(1, 2, 32, 36)",24
7388,conv2d_17,"(2, 0, 61, 13)",14
7389,conv2d_17,"(1, 1, 39, 45)",14
7390,conv2d_17,"(1, 1, 17, 45)",9
7391,conv2d_17,"(0, 2, 39, 0)",1
7392,conv2d_17,"(2, 2, 60, 60)",11
7393,conv2d_17,"(2, 0, 15, 63)",24
7394,conv2d_17,"(1, 1, 19, 63)",12
7395,conv2d_17,"(1, 2, 7, 24)",15
7396,conv2d_17,"(1, 2, 16, 36)",1
7397,conv2d_17,"(1, 1, 50, 29)",13
7398,conv2d_17,"(0, 2, 4, 37)",28
7399,conv2d_17,"(2, 1, 26, 60)",10
7400,conv2d_17,"(2, 0, 54, 1)",12
7401,conv2d_17,"(1, 0, 60, 45)",11
7402,conv2d_17,"(2, 1, 50, 33)",4
7403,conv2d_17,"(1, 0, 47, 29)",28
7404,conv2d_17,"(0, 2, 17, 38)",25
7405,conv2d_17,"(2, 0, 7, 38)",16
7406,conv2d_17,"(0, 0, 22, 19)",31
7407,conv2d_17,"(0, 2, 25, 11)",13
7408,conv2d_17,"(2, 0, 58, 41)",10
7409,conv2d_17,"(0, 1, 39, 28)",30
7410,conv2d_17,"(2, 0, 4, 15)",21
7411,conv2d_17,"(1, 2, 20, 2)",2
7412,conv2d_17,"(0, 2, 21, 7)",31
7413,conv2d_17,"(2, 1, 40, 29)",30
7414,conv2d_17,"(2, 2, 50, 6)",0
7415,conv2d_17,"(1, 0, 10, 48)",30
7416,conv2d_17,"(1, 1, 23, 30)",4
7417,conv2d_17,"(0, 1, 55, 26)",12
7418,conv2d_17,"(2, 2, 6, 51)",13
7419,conv2d_17,"(1, 2, 56, 20)",0
7420,conv2d_17,"(0, 2, 27, 7)",14
7421,conv2d_17,"(1, 0, 59, 11)",13
7422,conv2d_17,"(2, 2, 21, 62)",3
7423,conv2d_17,"(0, 2, 10, 1)",22
7424,conv2d_17,"(2, 0, 37, 21)",26
7425,conv2d_17,"(0, 2, 31, 27)",20
7426,conv2d_17,"(0, 0, 45, 10)",1
7427,conv2d_17,"(0, 2, 53, 12)",14
7428,conv2d_17,"(1, 0, 39, 57)",16
7429,conv2d_17,"(2, 2, 59, 49)",4
7430,conv2d_17,"(2, 2, 31, 60)",22
7431,conv2d_17,"(0, 1, 41, 34)",3
7432,conv2d_17,"(0, 1, 29, 14)",10
7433,conv2d_17,"(2, 2, 11, 45)",8
7434,conv2d_17,"(1, 2, 39, 60)",4
7435,conv2d_17,"(0, 0, 14, 34)",10
7436,conv2d_17,"(0, 1, 57, 63)",18
7437,conv2d_17,"(1, 0, 25, 60)",20
7438,conv2d_17,"(0, 0, 52, 31)",26
7439,conv2d_17,"(0, 0, 30, 21)",27
7440,conv2d_17,"(0, 1, 19, 5)",19
7441,conv2d_17,"(1, 1, 12, 27)",27
7442,conv2d_17,"(0, 0, 25, 13)",13
7443,conv2d_17,"(2, 1, 8, 44)",24
7444,conv2d_17,"(1, 2, 47, 0)",11
7445,conv2d_17,"(0, 1, 13, 2)",22
7446,conv2d_17,"(0, 2, 58, 51)",23
7447,conv2d_17,"(0, 2, 51, 8)",3
7448,conv2d_17,"(2, 2, 58, 37)",3
7449,conv2d_17,"(2, 2, 22, 62)",21
7450,conv2d_17,"(2, 0, 21, 61)",1
7451,conv2d_17,"(1, 1, 21, 63)",1
7452,conv2d_17,"(0, 1, 47, 31)",30
7453,conv2d_17,"(2, 0, 56, 51)",1
7454,conv2d_17,"(0, 0, 38, 30)",3
7455,conv2d_17,"(2, 1, 55, 55)",27
7456,conv2d_17,"(1, 0, 38, 63)",11
7457,conv2d_17,"(1, 0, 23, 55)",16
7458,conv2d_17,"(1, 1, 38, 39)",18
7459,conv2d_17,"(1, 1, 0, 41)",10
7460,conv2d_17,"(0, 2, 32, 10)",25
7461,conv2d_17,"(0, 0, 32, 16)",25
7462,conv2d_17,"(1, 0, 42, 29)",22
7463,conv2d_17,"(2, 0, 57, 38)",22
7464,conv2d_17,"(1, 0, 63, 52)",17
7465,conv2d_17,"(0, 0, 40, 10)",25
7466,conv2d_17,"(2, 2, 18, 22)",11
7467,conv2d_17,"(0, 0, 51, 52)",19
7468,conv2d_17,"(0, 1, 30, 38)",16
7469,conv2d_17,"(0, 2, 21, 24)",17
7470,conv2d_17,"(2, 2, 47, 28)",11
7471,conv2d_17,"(2, 0, 52, 16)",28
7472,conv2d_17,"(2, 2, 34, 61)",31
7473,conv2d_17,"(0, 2, 58, 23)",17
7474,conv2d_17,"(2, 1, 58, 3)",0
7475,conv2d_17,"(2, 0, 31, 7)",17
7476,conv2d_17,"(2, 2, 59, 33)",13
7477,conv2d_17,"(0, 1, 63, 63)",22
7478,conv2d_17,"(1, 2, 39, 53)",16
7479,conv2d_17,"(1, 2, 7, 51)",26
7480,conv2d_17,"(0, 0, 5, 15)",7
7481,conv2d_17,"(0, 2, 42, 55)",16
7482,conv2d_17,"(2, 2, 61, 15)",21
7483,conv2d_17,"(2, 2, 37, 31)",0
7484,conv2d_17,"(0, 1, 61, 20)",13
7485,conv2d_17,"(1, 1, 46, 24)",9
7486,conv2d_17,"(0, 1, 52, 60)",18
7487,conv2d_17,"(2, 1, 34, 20)",16
7488,conv2d_17,"(2, 2, 4, 11)",15
7489,conv2d_17,"(1, 1, 60, 4)",29
7490,conv2d_17,"(1, 1, 7, 54)",26
7491,conv2d_17,"(1, 2, 37, 2)",27
7492,conv2d_17,"(0, 2, 22, 53)",26
7493,conv2d_17,"(0, 1, 43, 23)",0
7494,conv2d_17,"(0, 0, 36, 51)",12
7495,conv2d_17,"(2, 1, 49, 31)",0
7496,conv2d_17,"(1, 0, 29, 55)",30
7497,conv2d_17,"(1, 2, 26, 32)",28
7498,conv2d_17,"(2, 2, 17, 54)",13
7499,conv2d_17,"(2, 2, 15, 32)",14
7500,conv2d_17,"(0, 1, 63, 53)",11
7501,conv2d_17,"(1, 0, 30, 8)",16
7502,conv2d_17,"(0, 0, 1, 16)",15
7503,conv2d_17,"(1, 0, 41, 51)",11
7504,conv2d_17,"(2, 0, 23, 4)",31
7505,conv2d_17,"(0, 2, 53, 42)",27
7506,conv2d_17,"(0, 1, 54, 16)",31
7507,conv2d_17,"(0, 0, 52, 36)",20
7508,conv2d_17,"(1, 2, 42, 0)",10
7509,conv2d_17,"(1, 1, 17, 29)",6
7510,conv2d_17,"(1, 1, 35, 37)",14
7511,conv2d_17,"(2, 1, 16, 15)",15
7512,conv2d_17,"(1, 0, 55, 5)",11
7513,conv2d_17,"(2, 0, 37, 25)",21
7514,conv2d_17,"(2, 1, 52, 30)",0
7515,conv2d_17,"(1, 1, 9, 31)",5
7516,conv2d_17,"(0, 0, 48, 40)",4
7517,conv2d_17,"(2, 0, 59, 26)",24
7518,conv2d_17,"(0, 2, 19, 3)",25
7519,conv2d_17,"(0, 2, 56, 54)",4
7520,conv2d_17,"(0, 1, 27, 13)",18
7521,conv2d_17,"(2, 2, 12, 0)",6
7522,conv2d_17,"(0, 2, 41, 14)",13
7523,conv2d_17,"(1, 1, 16, 47)",14
7524,conv2d_17,"(2, 1, 8, 28)",11
7525,conv2d_17,"(2, 1, 13, 9)",26
7526,conv2d_17,"(1, 2, 59, 16)",22
7527,conv2d_17,"(1, 0, 55, 0)",22
7528,conv2d_17,"(2, 2, 62, 26)",30
7529,conv2d_17,"(2, 1, 21, 0)",17
7530,conv2d_17,"(0, 0, 51, 43)",23
7531,conv2d_17,"(1, 0, 24, 44)",17
7532,conv2d_17,"(1, 1, 1, 50)",9
7533,conv2d_17,"(2, 0, 37, 5)",23
7534,conv2d_17,"(1, 1, 8, 25)",15
7535,conv2d_17,"(0, 0, 49, 52)",7
7536,conv2d_17,"(2, 0, 12, 14)",22
7537,conv2d_17,"(0, 0, 27, 57)",28
7538,conv2d_17,"(0, 0, 37, 44)",5
7539,conv2d_17,"(1, 2, 31, 51)",1
7540,conv2d_17,"(2, 0, 39, 2)",26
7541,conv2d_17,"(0, 2, 44, 18)",16
7542,conv2d_17,"(0, 0, 16, 5)",27
7543,conv2d_17,"(2, 2, 13, 24)",9
7544,conv2d_17,"(0, 1, 47, 60)",26
7545,conv2d_17,"(1, 2, 61, 42)",22
7546,conv2d_17,"(0, 1, 46, 40)",10
7547,conv2d_17,"(2, 2, 57, 19)",14
7548,conv2d_17,"(1, 0, 7, 34)",21
7549,conv2d_17,"(2, 0, 9, 3)",31
7550,conv2d_17,"(2, 1, 60, 60)",14
7551,conv2d_17,"(1, 1, 26, 4)",5
7552,conv2d_17,"(0, 2, 53, 2)",8
7553,conv2d_17,"(2, 2, 61, 55)",7
7554,conv2d_17,"(2, 0, 49, 22)",17
7555,conv2d_17,"(2, 2, 49, 9)",11
7556,conv2d_17,"(1, 2, 15, 3)",12
7557,conv2d_17,"(1, 0, 36, 46)",29
7558,conv2d_17,"(0, 1, 60, 47)",27
7559,conv2d_17,"(0, 2, 60, 30)",3
7560,conv2d_17,"(0, 1, 30, 23)",15
7561,conv2d_17,"(1, 1, 56, 62)",13
7562,conv2d_17,"(1, 0, 25, 32)",28
7563,conv2d_17,"(0, 0, 57, 0)",4
7564,conv2d_17,"(2, 2, 43, 47)",12
7565,conv2d_17,"(1, 0, 40, 17)",9
7566,conv2d_17,"(2, 2, 19, 39)",15
7567,conv2d_17,"(2, 2, 57, 36)",24
7568,conv2d_17,"(0, 2, 34, 5)",1
7569,conv2d_17,"(1, 2, 52, 51)",17
7570,conv2d_17,"(0, 0, 25, 40)",18
7571,conv2d_17,"(2, 1, 13, 47)",9
7572,conv2d_17,"(0, 1, 40, 53)",5
7573,conv2d_17,"(0, 0, 19, 7)",16
7574,conv2d_17,"(0, 1, 37, 49)",17
7575,conv2d_17,"(2, 2, 16, 50)",1
7576,conv2d_17,"(0, 0, 1, 36)",8
7577,conv2d_17,"(0, 2, 33, 44)",5
7578,conv2d_17,"(1, 2, 59, 48)",29
7579,conv2d_17,"(1, 2, 27, 27)",6
7580,conv2d_17,"(0, 0, 58, 20)",30
7581,conv2d_17,"(1, 2, 50, 54)",13
7582,conv2d_17,"(1, 2, 28, 0)",3
7583,conv2d_17,"(0, 0, 15, 53)",29
7584,conv2d_17,"(2, 0, 30, 47)",21
7585,conv2d_17,"(0, 2, 5, 44)",11
7586,conv2d_17,"(2, 0, 16, 20)",11
7587,conv2d_17,"(1, 2, 26, 39)",23
7588,conv2d_17,"(2, 0, 30, 7)",23
7589,conv2d_17,"(1, 2, 50, 21)",24
7590,conv2d_17,"(0, 2, 1, 15)",28
7591,conv2d_17,"(2, 0, 57, 28)",30
7592,conv2d_17,"(2, 1, 3, 7)",15
7593,conv2d_17,"(1, 2, 20, 60)",6
7594,conv2d_17,"(2, 2, 38, 47)",1
7595,conv2d_17,"(2, 1, 37, 62)",31
7596,conv2d_17,"(0, 1, 15, 18)",4
7597,conv2d_17,"(0, 0, 28, 55)",13
7598,conv2d_17,"(2, 0, 57, 41)",26
7599,conv2d_17,"(1, 1, 53, 37)",8
7600,conv2d_17,"(2, 0, 9, 2)",2
7601,conv2d_17,"(0, 2, 23, 37)",23
7602,conv2d_17,"(2, 0, 62, 58)",31
7603,conv2d_17,"(0, 2, 15, 57)",16
7604,conv2d_17,"(1, 0, 23, 46)",3
7605,conv2d_17,"(1, 1, 20, 52)",25
7606,conv2d_17,"(2, 2, 33, 63)",0
7607,conv2d_17,"(1, 0, 29, 47)",27
7608,conv2d_17,"(1, 2, 13, 29)",4
7609,conv2d_17,"(2, 2, 18, 53)",28
7610,conv2d_17,"(2, 0, 43, 23)",10
7611,conv2d_17,"(1, 0, 48, 37)",16
7612,conv2d_17,"(0, 0, 0, 57)",0
7613,conv2d_17,"(0, 2, 39, 4)",22
7614,conv2d_17,"(0, 2, 17, 4)",14
7615,conv2d_17,"(0, 2, 9, 13)",25
7616,conv2d_17,"(2, 0, 12, 3)",27
7617,conv2d_17,"(2, 0, 8, 54)",19
7618,conv2d_17,"(2, 0, 61, 21)",26
7619,conv2d_17,"(1, 2, 58, 55)",6
7620,conv2d_17,"(2, 0, 34, 11)",8
7621,conv2d_17,"(0, 0, 56, 59)",20
7622,conv2d_17,"(0, 2, 56, 56)",9
7623,conv2d_17,"(1, 1, 23, 56)",24
7624,conv2d_17,"(0, 0, 46, 30)",12
7625,conv2d_17,"(1, 0, 38, 62)",29
7626,conv2d_17,"(2, 2, 4, 24)",11
7627,conv2d_17,"(2, 0, 49, 6)",31
7628,conv2d_17,"(1, 0, 62, 4)",30
7629,conv2d_17,"(2, 0, 12, 23)",6
7630,conv2d_17,"(1, 0, 1, 55)",15
7631,conv2d_17,"(0, 0, 11, 22)",30
7632,conv2d_17,"(0, 2, 55, 62)",28
7633,conv2d_17,"(0, 2, 39, 12)",22
7634,conv2d_17,"(1, 0, 22, 22)",3
7635,conv2d_17,"(0, 0, 46, 53)",6
7636,conv2d_17,"(2, 2, 22, 18)",14
7637,conv2d_17,"(1, 0, 42, 6)",14
7638,conv2d_17,"(0, 0, 42, 1)",16
7639,conv2d_17,"(2, 1, 54, 49)",23
7640,conv2d_17,"(1, 0, 3, 25)",29
7641,conv2d_17,"(1, 0, 24, 21)",25
7642,conv2d_17,"(2, 1, 1, 32)",7
7643,conv2d_17,"(1, 1, 63, 60)",20
7644,conv2d_17,"(2, 1, 41, 11)",18
7645,conv2d_17,"(1, 2, 45, 58)",3
7646,conv2d_17,"(0, 2, 8, 18)",8
7647,conv2d_17,"(0, 2, 47, 39)",0
7648,conv2d_17,"(2, 1, 43, 6)",5
7649,conv2d_17,"(1, 0, 38, 19)",29
7650,conv2d_17,"(2, 0, 19, 44)",5
7651,conv2d_17,"(1, 2, 18, 61)",25
7652,conv2d_17,"(2, 2, 61, 9)",9
7653,conv2d_17,"(2, 2, 36, 45)",22
7654,conv2d_17,"(0, 1, 53, 18)",6
7655,conv2d_17,"(0, 0, 2, 57)",30
7656,conv2d_17,"(1, 2, 24, 29)",18
7657,conv2d_17,"(2, 1, 46, 41)",2
7658,conv2d_17,"(0, 2, 57, 56)",28
7659,conv2d_17,"(2, 0, 56, 20)",12
7660,conv2d_17,"(0, 2, 17, 10)",11
7661,conv2d_17,"(0, 2, 5, 32)",4
7662,conv2d_17,"(2, 2, 58, 0)",13
7663,conv2d_17,"(0, 0, 33, 2)",5
7664,conv2d_17,"(0, 1, 13, 44)",11
7665,conv2d_17,"(1, 0, 59, 21)",17
7666,conv2d_17,"(2, 1, 30, 39)",14
7667,conv2d_17,"(1, 0, 13, 31)",21
7668,conv2d_17,"(1, 2, 6, 46)",15
7669,conv2d_17,"(2, 1, 62, 0)",8
7670,conv2d_17,"(2, 2, 12, 46)",24
7671,conv2d_17,"(2, 0, 30, 16)",17
7672,conv2d_17,"(0, 2, 42, 14)",23
7673,conv2d_17,"(2, 0, 49, 44)",30
7674,conv2d_17,"(0, 2, 62, 15)",25
7675,conv2d_17,"(2, 2, 38, 55)",8
7676,conv2d_17,"(0, 0, 17, 18)",18
7677,conv2d_17,"(1, 1, 20, 63)",20
7678,conv2d_17,"(2, 1, 17, 32)",5
7679,conv2d_17,"(0, 2, 18, 62)",17
7680,conv2d_17,"(0, 1, 27, 51)",15
7681,conv2d_17,"(0, 1, 31, 0)",26
7682,conv2d_17,"(0, 2, 0, 57)",28
7683,conv2d_17,"(0, 1, 9, 9)",9
7684,conv2d_17,"(1, 1, 13, 44)",6
7685,conv2d_17,"(2, 0, 54, 62)",11
7686,conv2d_17,"(0, 0, 32, 61)",1
7687,conv2d_17,"(0, 2, 47, 24)",5
7688,conv2d_17,"(2, 1, 43, 62)",17
7689,conv2d_17,"(0, 0, 54, 17)",17
7690,conv2d_17,"(0, 0, 35, 27)",11
7691,conv2d_17,"(1, 0, 32, 44)",21
7692,conv2d_17,"(2, 0, 13, 58)",12
7693,conv2d_17,"(1, 0, 18, 3)",16
7694,conv2d_17,"(1, 0, 24, 46)",1
7695,conv2d_17,"(2, 2, 11, 12)",28
7696,conv2d_17,"(0, 2, 5, 56)",3
7697,conv2d_17,"(0, 2, 56, 28)",13
7698,conv2d_17,"(1, 0, 32, 8)",24
7699,conv2d_17,"(1, 2, 20, 21)",24
7700,conv2d_17,"(1, 0, 11, 42)",9
7701,conv2d_17,"(2, 2, 5, 59)",1
7702,conv2d_17,"(2, 1, 6, 62)",15
7703,conv2d_17,"(0, 2, 19, 34)",16
7704,conv2d_17,"(1, 1, 63, 56)",24
7705,conv2d_17,"(2, 2, 20, 25)",14
7706,conv2d_17,"(0, 0, 13, 44)",4
7707,conv2d_17,"(2, 1, 29, 24)",12
7708,conv2d_17,"(1, 2, 16, 48)",17
7709,conv2d_17,"(0, 0, 6, 45)",19
7710,conv2d_17,"(1, 1, 3, 7)",24
7711,conv2d_17,"(2, 0, 40, 11)",15
7712,conv2d_17,"(2, 2, 7, 63)",30
7713,conv2d_17,"(1, 1, 20, 36)",15
7714,conv2d_17,"(0, 2, 28, 12)",21
7715,conv2d_17,"(1, 0, 45, 40)",2
7716,conv2d_17,"(2, 1, 15, 37)",24
7717,conv2d_17,"(1, 2, 29, 55)",22
7718,conv2d_17,"(2, 1, 2, 10)",3
7719,conv2d_17,"(1, 2, 51, 55)",25
7720,conv2d_17,"(2, 0, 17, 10)",23
7721,conv2d_17,"(2, 0, 34, 60)",8
7722,conv2d_17,"(2, 0, 54, 9)",26
7723,conv2d_17,"(0, 2, 24, 46)",2
7724,conv2d_17,"(0, 0, 40, 56)",18
7725,conv2d_17,"(1, 0, 56, 10)",27
7726,conv2d_17,"(2, 0, 24, 12)",28
7727,conv2d_17,"(2, 1, 34, 37)",13
7728,conv2d_17,"(2, 2, 44, 17)",21
7729,conv2d_17,"(1, 0, 2, 14)",23
7730,conv2d_17,"(0, 0, 26, 2)",14
7731,conv2d_17,"(1, 1, 42, 7)",20
7732,conv2d_17,"(2, 1, 41, 53)",20
7733,conv2d_17,"(1, 1, 58, 19)",28
7734,conv2d_17,"(0, 2, 26, 24)",7
7735,conv2d_17,"(0, 0, 10, 53)",7
7736,conv2d_17,"(2, 0, 24, 56)",3
7737,conv2d_17,"(0, 1, 54, 2)",18
7738,conv2d_17,"(0, 0, 36, 26)",4
7739,conv2d_17,"(0, 1, 13, 27)",6
7740,conv2d_17,"(1, 2, 45, 52)",27
7741,conv2d_17,"(1, 1, 6, 55)",23
7742,conv2d_17,"(1, 0, 53, 0)",9
7743,conv2d_17,"(1, 0, 53, 50)",26
7744,conv2d_17,"(0, 1, 5, 21)",4
7745,conv2d_17,"(2, 1, 14, 61)",7
7746,conv2d_17,"(2, 2, 43, 31)",18
7747,conv2d_17,"(0, 1, 23, 4)",3
7748,conv2d_17,"(0, 1, 56, 50)",4
7749,conv2d_17,"(1, 1, 49, 29)",16
7750,conv2d_17,"(1, 1, 61, 51)",14
7751,conv2d_17,"(1, 0, 42, 10)",6
7752,conv2d_17,"(0, 0, 3, 50)",31
7753,conv2d_17,"(0, 0, 46, 11)",21
7754,conv2d_17,"(2, 0, 34, 57)",17
7755,conv2d_17,"(2, 0, 48, 36)",12
7756,conv2d_17,"(2, 1, 29, 57)",1
7757,conv2d_17,"(0, 1, 55, 42)",29
7758,conv2d_17,"(1, 2, 62, 32)",28
7759,conv2d_17,"(0, 1, 60, 38)",2
7760,conv2d_17,"(1, 2, 42, 56)",3
7761,conv2d_17,"(2, 1, 58, 31)",28
7762,conv2d_17,"(0, 1, 34, 13)",25
7763,conv2d_17,"(2, 1, 2, 34)",4
7764,conv2d_17,"(2, 1, 57, 43)",28
7765,conv2d_17,"(1, 0, 31, 28)",17
7766,conv2d_17,"(2, 2, 58, 35)",16
7767,conv2d_17,"(1, 0, 31, 47)",1
7768,conv2d_17,"(2, 0, 41, 55)",14
7769,conv2d_17,"(0, 1, 41, 54)",4
7770,conv2d_17,"(1, 0, 20, 0)",7
7771,conv2d_17,"(0, 2, 32, 38)",18
7772,conv2d_17,"(1, 0, 29, 42)",24
7773,conv2d_17,"(2, 0, 37, 40)",19
7774,conv2d_17,"(1, 0, 43, 33)",3
7775,conv2d_17,"(0, 2, 18, 3)",31
7776,conv2d_17,"(0, 1, 12, 0)",8
7777,conv2d_17,"(0, 0, 2, 1)",1
7778,conv2d_17,"(2, 2, 57, 61)",27
7779,conv2d_17,"(1, 0, 23, 39)",8
7780,conv2d_17,"(2, 2, 37, 10)",8
7781,conv2d_17,"(1, 1, 8, 9)",26
7782,conv2d_17,"(0, 2, 58, 41)",30
7783,conv2d_17,"(0, 2, 8, 31)",22
7784,conv2d_17,"(0, 0, 54, 15)",0
7785,conv2d_17,"(1, 2, 58, 34)",3
7786,conv2d_17,"(1, 0, 41, 58)",24
7787,conv2d_17,"(0, 1, 1, 61)",16
7788,conv2d_17,"(0, 2, 61, 2)",20
7789,conv2d_17,"(2, 2, 0, 50)",6
7790,conv2d_17,"(1, 2, 48, 54)",2
7791,conv2d_17,"(0, 1, 57, 46)",6
7792,conv2d_17,"(2, 2, 43, 8)",27
7793,conv2d_17,"(1, 1, 62, 45)",23
7794,conv2d_17,"(0, 0, 3, 53)",13
7795,conv2d_17,"(2, 1, 49, 4)",12
7796,conv2d_17,"(2, 2, 53, 37)",25
7797,conv2d_17,"(0, 0, 37, 49)",27
7798,conv2d_17,"(2, 0, 32, 49)",28
7799,conv2d_17,"(1, 0, 14, 43)",23
7800,conv2d_17,"(1, 0, 33, 14)",21
7801,conv2d_17,"(1, 2, 18, 52)",13
7802,conv2d_17,"(0, 0, 38, 61)",11
7803,conv2d_17,"(0, 0, 55, 25)",13
7804,conv2d_17,"(1, 1, 58, 41)",25
7805,conv2d_17,"(2, 0, 30, 48)",31
7806,conv2d_17,"(1, 2, 56, 23)",13
7807,conv2d_17,"(1, 2, 18, 32)",11
7808,conv2d_17,"(2, 1, 34, 57)",29
7809,conv2d_17,"(0, 1, 62, 13)",9
7810,conv2d_17,"(0, 0, 45, 45)",27
7811,conv2d_17,"(2, 2, 60, 0)",11
7812,conv2d_17,"(0, 0, 7, 63)",7
7813,conv2d_17,"(2, 2, 9, 44)",15
7814,conv2d_17,"(1, 0, 52, 62)",3
7815,conv2d_17,"(0, 2, 56, 53)",8
7816,conv2d_17,"(0, 0, 56, 38)",19
7817,conv2d_17,"(1, 0, 42, 22)",6
7818,conv2d_17,"(2, 0, 62, 62)",14
7819,conv2d_17,"(0, 2, 59, 35)",27
7820,conv2d_17,"(1, 0, 61, 20)",13
7821,conv2d_17,"(2, 1, 43, 56)",2
7822,conv2d_17,"(0, 2, 32, 62)",10
7823,conv2d_17,"(0, 1, 9, 63)",21
7824,conv2d_17,"(0, 2, 10, 38)",16
7825,conv2d_17,"(2, 2, 1, 22)",13
7826,conv2d_17,"(1, 2, 58, 28)",26
7827,conv2d_17,"(2, 1, 8, 6)",28
7828,conv2d_17,"(1, 0, 25, 53)",26
7829,conv2d_17,"(1, 1, 56, 32)",27
7830,conv2d_17,"(1, 0, 55, 54)",10
7831,conv2d_17,"(0, 0, 23, 22)",7
7832,conv2d_17,"(0, 0, 11, 2)",27
7833,conv2d_17,"(2, 2, 55, 16)",27
7834,conv2d_17,"(0, 1, 24, 62)",25
7835,conv2d_17,"(1, 0, 57, 53)",19
7836,conv2d_17,"(2, 1, 45, 23)",30
7837,conv2d_17,"(0, 1, 10, 9)",18
7838,conv2d_17,"(0, 0, 42, 26)",13
7839,conv2d_17,"(0, 0, 54, 32)",14
7840,conv2d_17,"(2, 2, 1, 63)",9
7841,conv2d_17,"(0, 0, 1, 25)",8
7842,conv2d_17,"(1, 2, 57, 59)",30
7843,conv2d_17,"(0, 1, 29, 61)",20
7844,conv2d_17,"(0, 0, 16, 63)",29
7845,conv2d_17,"(2, 1, 28, 56)",17
7846,conv2d_17,"(0, 1, 26, 38)",6
7847,conv2d_17,"(2, 2, 11, 15)",2
7848,conv2d_17,"(2, 1, 28, 54)",20
7849,conv2d_17,"(0, 0, 17, 3)",23
7850,conv2d_17,"(1, 2, 10, 31)",3
7851,conv2d_17,"(2, 2, 54, 21)",2
7852,conv2d_17,"(2, 2, 36, 46)",21
7853,conv2d_17,"(1, 1, 45, 39)",15
7854,conv2d_17,"(2, 0, 58, 59)",22
7855,conv2d_17,"(1, 1, 2, 11)",7
7856,conv2d_17,"(0, 1, 17, 4)",19
7857,conv2d_17,"(2, 0, 35, 7)",17
7858,conv2d_17,"(1, 0, 63, 41)",2
7859,conv2d_17,"(2, 0, 46, 47)",11
7860,conv2d_17,"(2, 0, 26, 3)",30
7861,conv2d_17,"(0, 2, 37, 15)",26
7862,conv2d_17,"(0, 1, 40, 10)",22
7863,conv2d_17,"(2, 0, 62, 29)",18
7864,conv2d_17,"(1, 1, 5, 30)",6
7865,conv2d_17,"(1, 2, 59, 63)",3
7866,conv2d_17,"(1, 0, 42, 61)",0
7867,conv2d_17,"(2, 1, 38, 36)",29
7868,conv2d_17,"(1, 1, 23, 35)",15
7869,conv2d_17,"(1, 1, 32, 5)",19
7870,conv2d_17,"(0, 2, 62, 21)",23
7871,conv2d_17,"(1, 1, 24, 21)",4
7872,conv2d_17,"(2, 2, 51, 32)",0
7873,conv2d_17,"(2, 1, 17, 35)",23
7874,conv2d_17,"(1, 2, 29, 7)",17
7875,conv2d_17,"(1, 2, 13, 44)",7
7876,conv2d_17,"(0, 1, 33, 39)",27
7877,conv2d_17,"(2, 2, 2, 57)",30
7878,conv2d_17,"(2, 2, 22, 55)",5
7879,conv2d_17,"(2, 2, 52, 15)",28
7880,conv2d_17,"(2, 2, 3, 6)",18
7881,conv2d_17,"(1, 0, 50, 56)",28
7882,conv2d_17,"(0, 2, 0, 37)",28
7883,conv2d_17,"(0, 1, 58, 21)",14
7884,conv2d_17,"(1, 1, 48, 25)",10
7885,conv2d_17,"(0, 2, 44, 55)",20
7886,conv2d_17,"(1, 2, 37, 6)",2
7887,conv2d_17,"(0, 2, 31, 9)",0
7888,conv2d_17,"(2, 1, 60, 46)",5
7889,conv2d_17,"(2, 1, 14, 56)",22
7890,conv2d_17,"(1, 2, 37, 53)",24
7891,conv2d_17,"(1, 2, 23, 61)",28
7892,conv2d_17,"(1, 0, 8, 59)",22
7893,conv2d_17,"(2, 1, 25, 22)",27
7894,conv2d_17,"(1, 1, 6, 31)",1
7895,conv2d_17,"(1, 1, 15, 14)",5
7896,conv2d_17,"(2, 1, 21, 58)",31
7897,conv2d_17,"(2, 2, 26, 12)",8
7898,conv2d_17,"(2, 0, 24, 19)",20
7899,conv2d_17,"(2, 2, 8, 6)",2
7900,conv2d_17,"(2, 0, 11, 16)",3
7901,conv2d_17,"(2, 2, 54, 6)",30
7902,conv2d_17,"(2, 2, 51, 42)",21
7903,conv2d_17,"(0, 0, 45, 24)",2
7904,conv2d_17,"(1, 1, 14, 2)",0
7905,conv2d_17,"(1, 2, 4, 35)",0
7906,conv2d_17,"(1, 2, 5, 36)",17
7907,conv2d_17,"(1, 0, 27, 57)",27
7908,conv2d_17,"(1, 1, 45, 63)",25
7909,conv2d_17,"(1, 0, 22, 5)",8
7910,conv2d_17,"(2, 0, 38, 7)",15
7911,conv2d_17,"(0, 0, 43, 57)",13
7912,conv2d_17,"(2, 2, 57, 50)",15
7913,conv2d_17,"(2, 1, 17, 33)",12
7914,conv2d_17,"(0, 2, 21, 47)",14
7915,conv2d_17,"(0, 1, 2, 5)",28
7916,conv2d_17,"(1, 0, 5, 49)",11
7917,conv2d_17,"(1, 1, 27, 10)",1
7918,conv2d_17,"(1, 2, 34, 37)",2
7919,conv2d_17,"(2, 1, 38, 14)",6
7920,conv2d_17,"(2, 2, 7, 3)",7
7921,conv2d_17,"(2, 2, 42, 36)",25
7922,conv2d_17,"(2, 0, 29, 35)",26
7923,conv2d_17,"(2, 1, 50, 0)",11
7924,conv2d_17,"(1, 2, 33, 25)",31
7925,conv2d_17,"(1, 2, 43, 61)",30
7926,conv2d_17,"(0, 1, 15, 47)",18
7927,conv2d_17,"(0, 2, 35, 20)",12
7928,conv2d_17,"(1, 1, 10, 22)",16
7929,conv2d_17,"(0, 0, 52, 12)",8
7930,conv2d_17,"(1, 0, 33, 0)",11
7931,conv2d_17,"(0, 0, 45, 0)",27
7932,conv2d_17,"(1, 0, 5, 31)",7
7933,conv2d_17,"(2, 2, 4, 58)",10
7934,conv2d_17,"(1, 1, 13, 1)",29
7935,conv2d_17,"(2, 1, 33, 35)",14
7936,conv2d_17,"(1, 0, 14, 29)",3
7937,conv2d_17,"(0, 1, 45, 61)",15
7938,conv2d_17,"(1, 1, 20, 43)",10
7939,conv2d_17,"(1, 1, 5, 52)",25
7940,conv2d_17,"(2, 2, 42, 30)",11
7941,conv2d_17,"(1, 0, 20, 59)",7
7942,conv2d_17,"(0, 2, 50, 36)",7
7943,conv2d_17,"(2, 2, 1, 31)",18
7944,conv2d_17,"(0, 0, 13, 12)",28
7945,conv2d_17,"(0, 1, 62, 31)",1
7946,conv2d_17,"(0, 2, 32, 30)",0
7947,conv2d_17,"(0, 0, 57, 43)",0
7948,conv2d_17,"(2, 0, 39, 6)",0
7949,conv2d_17,"(2, 2, 47, 7)",17
7950,conv2d_17,"(2, 1, 13, 15)",21
7951,conv2d_17,"(2, 2, 19, 11)",18
7952,conv2d_17,"(2, 0, 52, 60)",2
7953,conv2d_17,"(1, 2, 2, 46)",5
7954,conv2d_17,"(1, 0, 21, 7)",12
7955,conv2d_17,"(1, 1, 19, 38)",7
7956,conv2d_17,"(1, 1, 29, 19)",12
7957,conv2d_17,"(2, 0, 28, 6)",15
7958,conv2d_17,"(0, 1, 1, 44)",29
7959,conv2d_17,"(2, 0, 3, 1)",2
7960,conv2d_17,"(0, 2, 4, 27)",4
7961,conv2d_17,"(0, 2, 36, 61)",26
7962,conv2d_17,"(1, 2, 47, 25)",27
7963,conv2d_17,"(0, 0, 50, 27)",14
7964,conv2d_17,"(1, 1, 44, 55)",11
7965,conv2d_17,"(0, 2, 59, 4)",23
7966,conv2d_17,"(2, 1, 33, 45)",6
7967,conv2d_17,"(1, 1, 29, 54)",1
7968,conv2d_17,"(0, 1, 60, 40)",0
7969,conv2d_17,"(0, 1, 11, 54)",9
7970,conv2d_17,"(2, 0, 34, 59)",7
7971,conv2d_17,"(1, 1, 17, 61)",0
7972,conv2d_17,"(1, 0, 40, 49)",20
7973,conv2d_17,"(1, 1, 35, 38)",30
7974,conv2d_17,"(2, 2, 45, 57)",3
7975,conv2d_17,"(0, 1, 51, 20)",26
7976,conv2d_17,"(1, 0, 55, 48)",25
7977,conv2d_17,"(2, 2, 30, 11)",2
7978,conv2d_17,"(1, 1, 34, 48)",25
7979,conv2d_17,"(1, 2, 22, 17)",31
7980,conv2d_17,"(1, 1, 47, 47)",21
7981,conv2d_17,"(0, 1, 43, 37)",25
7982,conv2d_17,"(0, 1, 15, 14)",29
7983,conv2d_17,"(2, 2, 44, 25)",14
7984,conv2d_17,"(1, 1, 34, 28)",16
7985,conv2d_17,"(2, 1, 56, 49)",15
7986,conv2d_17,"(0, 2, 19, 44)",5
7987,conv2d_17,"(2, 1, 11, 40)",7
7988,conv2d_17,"(1, 0, 29, 59)",2
7989,conv2d_17,"(2, 2, 45, 61)",9
7990,conv2d_17,"(2, 1, 17, 0)",25
7991,conv2d_17,"(0, 0, 43, 18)",11
7992,conv2d_17,"(0, 1, 53, 28)",27
7993,conv2d_17,"(2, 2, 24, 44)",6
7994,conv2d_17,"(2, 0, 29, 40)",29
7995,conv2d_17,"(0, 2, 16, 17)",7
7996,conv2d_17,"(2, 0, 3, 15)",24
7997,conv2d_17,"(1, 1, 0, 44)",30
7998,conv2d_17,"(1, 0, 46, 19)",4
7999,conv2d_17,"(2, 1, 26, 38)",17
8000,conv2d_17,"(0, 0, 8, 32)",18
8001,conv2d_17,"(2, 0, 32, 5)",1
8002,conv2d_17,"(0, 2, 16, 9)",9
8003,conv2d_17,"(0, 0, 28, 0)",31
8004,conv2d_17,"(0, 2, 47, 17)",25
8005,conv2d_17,"(2, 2, 25, 25)",6
8006,conv2d_17,"(1, 1, 39, 42)",22
8007,conv2d_17,"(2, 1, 63, 49)",20
8008,conv2d_17,"(2, 1, 22, 53)",2
8009,conv2d_17,"(2, 0, 63, 2)",8
8010,conv2d_17,"(1, 1, 50, 50)",19
8011,conv2d_17,"(2, 2, 56, 41)",24
8012,conv2d_17,"(0, 2, 23, 53)",25
8013,conv2d_17,"(1, 1, 34, 32)",6
8014,conv2d_17,"(1, 2, 6, 59)",12
8015,conv2d_17,"(0, 1, 41, 38)",31
8016,conv2d_17,"(0, 2, 61, 43)",13
8017,conv2d_17,"(2, 0, 27, 22)",25
8018,conv2d_17,"(2, 1, 37, 1)",10
8019,conv2d_17,"(0, 2, 52, 41)",17
8020,conv2d_17,"(1, 1, 54, 48)",31
8021,conv2d_17,"(0, 1, 60, 57)",6
8022,conv2d_17,"(2, 2, 51, 52)",11
8023,conv2d_17,"(1, 2, 36, 44)",30
8024,conv2d_17,"(2, 1, 0, 41)",21
8025,conv2d_17,"(1, 2, 39, 58)",25
8026,conv2d_17,"(2, 2, 7, 34)",31
8027,conv2d_17,"(1, 1, 47, 54)",1
8028,conv2d_17,"(2, 2, 13, 38)",6
8029,conv2d_17,"(1, 0, 46, 10)",13
8030,conv2d_17,"(2, 2, 44, 13)",1
8031,conv2d_17,"(0, 0, 56, 10)",25
8032,conv2d_17,"(1, 1, 32, 46)",2
8033,conv2d_17,"(1, 1, 39, 0)",8
8034,conv2d_17,"(2, 0, 33, 58)",2
8035,conv2d_17,"(0, 1, 19, 26)",20
8036,conv2d_17,"(0, 1, 62, 32)",16
8037,conv2d_17,"(0, 2, 55, 45)",2
8038,conv2d_17,"(2, 2, 6, 21)",3
8039,conv2d_17,"(1, 2, 63, 50)",29
8040,conv2d_17,"(2, 0, 39, 20)",16
8041,conv2d_17,"(2, 1, 19, 11)",5
8042,conv2d_17,"(2, 1, 57, 33)",28
8043,conv2d_17,"(1, 2, 31, 15)",15
8044,conv2d_17,"(0, 1, 24, 32)",12
8045,conv2d_17,"(0, 2, 16, 22)",12
8046,conv2d_17,"(2, 1, 47, 61)",11
8047,conv2d_17,"(1, 1, 35, 23)",17
8048,conv2d_17,"(0, 1, 57, 31)",23
8049,conv2d_17,"(2, 2, 20, 6)",28
8050,conv2d_17,"(0, 2, 2, 31)",18
8051,conv2d_17,"(1, 2, 17, 0)",14
8052,conv2d_17,"(2, 2, 58, 49)",24
8053,conv2d_17,"(2, 2, 54, 25)",3
8054,conv2d_17,"(1, 2, 28, 13)",4
8055,conv2d_17,"(0, 2, 9, 22)",13
8056,conv2d_17,"(0, 2, 10, 45)",26
8057,conv2d_17,"(1, 0, 45, 28)",30
8058,conv2d_17,"(2, 1, 61, 33)",3
8059,conv2d_17,"(1, 0, 36, 21)",15
8060,conv2d_17,"(1, 1, 2, 51)",12
8061,conv2d_17,"(2, 1, 17, 45)",10
8062,conv2d_17,"(2, 2, 19, 30)",26
8063,conv2d_17,"(0, 1, 30, 61)",0
8064,conv2d_17,"(1, 0, 47, 38)",2
8065,conv2d_17,"(1, 0, 2, 58)",12
8066,conv2d_17,"(0, 2, 5, 30)",28
8067,conv2d_17,"(1, 2, 51, 33)",31
8068,conv2d_17,"(0, 2, 39, 35)",25
8069,conv2d_17,"(1, 2, 12, 24)",23
8070,conv2d_17,"(2, 0, 26, 6)",31
8071,conv2d_17,"(0, 1, 6, 21)",22
8072,conv2d_17,"(0, 1, 6, 48)",17
8073,conv2d_17,"(2, 2, 63, 10)",7
8074,conv2d_17,"(2, 2, 0, 63)",7
8075,conv2d_17,"(0, 0, 42, 42)",19
8076,conv2d_17,"(0, 0, 38, 17)",19
8077,conv2d_17,"(2, 2, 11, 26)",19
8078,conv2d_17,"(2, 2, 50, 26)",2
8079,conv2d_17,"(0, 2, 57, 13)",23
8080,conv2d_17,"(0, 0, 49, 3)",21
8081,conv2d_17,"(0, 0, 42, 13)",24
8082,conv2d_17,"(2, 0, 54, 11)",29
8083,conv2d_17,"(1, 1, 7, 60)",22
8084,conv2d_17,"(1, 1, 53, 2)",17
8085,conv2d_17,"(2, 1, 45, 44)",16
8086,conv2d_17,"(2, 2, 29, 21)",20
8087,conv2d_17,"(1, 1, 61, 2)",14
8088,conv2d_17,"(0, 1, 11, 30)",1
8089,conv2d_17,"(2, 1, 17, 47)",19
8090,conv2d_17,"(2, 0, 39, 51)",17
8091,conv2d_17,"(1, 2, 12, 12)",22
8092,conv2d_17,"(0, 0, 18, 48)",23
8093,conv2d_17,"(2, 2, 53, 58)",16
8094,conv2d_17,"(1, 1, 11, 24)",17
8095,conv2d_17,"(1, 2, 56, 33)",12
8096,conv2d_17,"(1, 2, 7, 25)",13
8097,conv2d_17,"(2, 0, 32, 52)",12
8098,conv2d_17,"(1, 2, 1, 0)",11
8099,conv2d_17,"(2, 0, 52, 41)",23
8100,conv2d_17,"(0, 0, 50, 34)",4
8101,conv2d_17,"(2, 1, 10, 28)",14
8102,conv2d_17,"(2, 1, 17, 37)",16
8103,conv2d_17,"(2, 2, 46, 43)",17
8104,conv2d_17,"(2, 0, 44, 17)",4
8105,conv2d_17,"(2, 1, 1, 16)",28
8106,conv2d_17,"(2, 0, 49, 38)",1
8107,conv2d_17,"(0, 1, 52, 38)",23
8108,conv2d_17,"(1, 0, 20, 31)",7
8109,conv2d_17,"(2, 0, 43, 7)",25
8110,conv2d_17,"(1, 0, 50, 27)",1
8111,conv2d_17,"(2, 2, 43, 17)",6
8112,conv2d_17,"(2, 1, 15, 25)",22
8113,conv2d_17,"(1, 2, 37, 56)",23
8114,conv2d_17,"(0, 1, 44, 48)",7
8115,conv2d_17,"(1, 0, 63, 45)",15
8116,conv2d_17,"(2, 1, 13, 53)",11
8117,conv2d_17,"(2, 0, 5, 35)",2
8118,conv2d_17,"(1, 0, 48, 45)",18
8119,conv2d_17,"(2, 1, 26, 3)",31
8120,conv2d_17,"(0, 2, 25, 43)",15
8121,conv2d_17,"(0, 1, 42, 31)",15
8122,conv2d_17,"(2, 0, 44, 44)",10
8123,conv2d_17,"(0, 1, 30, 8)",2
8124,conv2d_17,"(2, 0, 4, 36)",0
8125,conv2d_17,"(0, 2, 3, 45)",6
8126,conv2d_17,"(1, 0, 46, 35)",12
8127,conv2d_17,"(1, 0, 26, 31)",29
8128,conv2d_17,"(0, 1, 56, 33)",11
8129,conv2d_17,"(0, 2, 50, 24)",28
8130,conv2d_17,"(2, 2, 26, 52)",2
8131,conv2d_17,"(1, 0, 40, 9)",31
8132,conv2d_17,"(2, 1, 39, 38)",8
8133,conv2d_17,"(2, 0, 14, 40)",8
8134,conv2d_17,"(2, 2, 24, 47)",24
8135,conv2d_17,"(2, 1, 0, 61)",27
8136,conv2d_17,"(2, 2, 20, 30)",20
8137,conv2d_17,"(0, 2, 61, 57)",1
8138,conv2d_17,"(2, 0, 53, 31)",29
8139,conv2d_17,"(2, 1, 35, 35)",24
8140,conv2d_17,"(0, 0, 63, 21)",21
8141,conv2d_17,"(0, 0, 51, 10)",14
8142,conv2d_17,"(0, 0, 51, 62)",16
8143,conv2d_17,"(1, 2, 28, 47)",17
8144,conv2d_17,"(2, 0, 14, 35)",24
8145,conv2d_17,"(2, 1, 34, 27)",19
8146,conv2d_17,"(0, 1, 9, 33)",30
8147,conv2d_17,"(1, 2, 52, 16)",30
8148,conv2d_17,"(1, 1, 20, 45)",24
8149,conv2d_17,"(1, 1, 23, 61)",12
8150,conv2d_17,"(1, 1, 41, 51)",20
8151,conv2d_17,"(0, 1, 14, 2)",1
8152,conv2d_17,"(2, 2, 43, 25)",3
8153,conv2d_17,"(0, 0, 51, 39)",7
8154,conv2d_17,"(2, 1, 49, 7)",8
8155,conv2d_17,"(1, 2, 61, 15)",15
8156,conv2d_17,"(1, 0, 36, 12)",13
8157,conv2d_17,"(1, 2, 45, 14)",6
8158,conv2d_17,"(0, 2, 38, 59)",31
8159,conv2d_17,"(1, 0, 3, 38)",1
8160,conv2d_17,"(1, 0, 58, 54)",27
8161,conv2d_17,"(1, 1, 38, 9)",28
8162,conv2d_17,"(2, 2, 14, 48)",21
8163,conv2d_17,"(2, 2, 31, 54)",19
8164,conv2d_17,"(1, 0, 28, 18)",8
8165,conv2d_17,"(1, 0, 60, 27)",31
8166,conv2d_17,"(2, 2, 20, 3)",30
8167,conv2d_17,"(1, 2, 42, 19)",10
8168,conv2d_17,"(1, 1, 59, 42)",3
8169,conv2d_17,"(2, 2, 44, 63)",8
8170,conv2d_17,"(1, 2, 51, 52)",5
8171,conv2d_17,"(2, 2, 61, 25)",13
8172,conv2d_17,"(1, 1, 51, 53)",28
8173,conv2d_17,"(1, 1, 3, 1)",8
8174,conv2d_17,"(2, 2, 8, 9)",22
8175,conv2d_17,"(0, 0, 12, 56)",21
8176,conv2d_17,"(0, 2, 58, 5)",25
8177,conv2d_17,"(1, 2, 21, 7)",27
8178,conv2d_17,"(0, 2, 3, 12)",17
8179,conv2d_17,"(0, 2, 60, 22)",25
8180,conv2d_17,"(0, 1, 10, 0)",11
8181,conv2d_17,"(1, 1, 3, 8)",23
8182,conv2d_17,"(2, 2, 42, 43)",5
8183,conv2d_17,"(1, 0, 43, 57)",25
8184,conv2d_17,"(0, 2, 8, 2)",7
8185,conv2d_17,"(1, 0, 59, 38)",12
8186,conv2d_17,"(1, 2, 4, 42)",26
8187,conv2d_17,"(2, 0, 52, 13)",7
8188,conv2d_17,"(2, 2, 31, 62)",5
8189,conv2d_17,"(1, 1, 53, 22)",17
8190,conv2d_17,"(1, 1, 31, 18)",22
8191,conv2d_17,"(1, 0, 48, 28)",6
8192,conv2d_17,"(0, 2, 24, 63)",5
8193,conv2d_17,"(2, 0, 38, 60)",14
8194,conv2d_17,"(0, 0, 46, 21)",0
8195,conv2d_17,"(0, 2, 58, 38)",14
8196,conv2d_17,"(2, 2, 23, 24)",29
8197,conv2d_17,"(1, 0, 50, 4)",9
8198,conv2d_17,"(2, 2, 44, 35)",27
8199,conv2d_17,"(2, 1, 11, 11)",27
8200,conv2d_17,"(1, 0, 15, 39)",10
8201,conv2d_17,"(1, 0, 19, 11)",30
8202,conv2d_17,"(1, 0, 50, 32)",17
8203,conv2d_17,"(2, 1, 28, 47)",27
8204,conv2d_17,"(0, 0, 46, 47)",30
8205,conv2d_17,"(2, 0, 9, 13)",9
8206,conv2d_17,"(1, 2, 5, 25)",19
8207,conv2d_17,"(1, 0, 27, 36)",16
8208,conv2d_17,"(0, 2, 8, 4)",31
8209,conv2d_17,"(1, 2, 39, 42)",27
8210,conv2d_17,"(1, 2, 48, 61)",23
8211,conv2d_17,"(0, 2, 59, 16)",16
8212,conv2d_17,"(2, 0, 35, 15)",5
8213,conv2d_17,"(2, 0, 21, 55)",13
8214,conv2d_17,"(2, 0, 24, 63)",27
8215,conv2d_17,"(1, 1, 20, 29)",18
8216,conv2d_17,"(2, 1, 27, 16)",0
8217,conv2d_17,"(1, 1, 6, 50)",17
8218,conv2d_17,"(0, 2, 34, 42)",31
8219,conv2d_17,"(0, 0, 62, 0)",27
8220,conv2d_17,"(2, 0, 25, 37)",11
8221,conv2d_17,"(0, 1, 51, 32)",7
8222,conv2d_17,"(0, 1, 37, 13)",10
8223,conv2d_17,"(1, 0, 48, 59)",19
8224,conv2d_17,"(2, 2, 13, 62)",13
8225,conv2d_17,"(2, 2, 38, 5)",24
8226,conv2d_17,"(1, 1, 45, 3)",14
8227,conv2d_17,"(0, 1, 37, 30)",15
8228,conv2d_17,"(2, 2, 16, 29)",4
8229,conv2d_17,"(0, 1, 60, 37)",12
8230,conv2d_17,"(0, 2, 31, 2)",10
8231,conv2d_17,"(1, 2, 58, 31)",31
8232,conv2d_17,"(1, 1, 63, 38)",2
8233,conv2d_17,"(0, 0, 55, 51)",23
8234,conv2d_17,"(0, 1, 27, 36)",29
8235,conv2d_17,"(2, 1, 49, 52)",0
8236,conv2d_17,"(0, 1, 3, 35)",18
8237,conv2d_17,"(2, 1, 29, 23)",31
8238,conv2d_17,"(0, 1, 56, 46)",3
8239,conv2d_17,"(0, 1, 52, 61)",1
8240,conv2d_17,"(1, 0, 44, 20)",27
8241,conv2d_17,"(1, 0, 25, 0)",1
8242,conv2d_17,"(1, 2, 16, 63)",6
8243,conv2d_17,"(1, 1, 5, 13)",2
8244,conv2d_17,"(2, 1, 32, 39)",1
8245,conv2d_17,"(0, 0, 29, 48)",2
8246,conv2d_17,"(2, 0, 26, 0)",24
8247,conv2d_17,"(2, 1, 55, 26)",25
8248,conv2d_17,"(2, 2, 51, 53)",8
8249,conv2d_17,"(1, 1, 36, 11)",15
8250,conv2d_17,"(0, 2, 58, 46)",17
8251,conv2d_17,"(2, 1, 14, 23)",3
8252,conv2d_17,"(1, 2, 36, 37)",5
8253,conv2d_17,"(2, 1, 45, 42)",24
8254,conv2d_17,"(1, 1, 60, 27)",31
8255,conv2d_17,"(2, 1, 24, 63)",2
8256,conv2d_17,"(2, 2, 21, 4)",26
8257,conv2d_17,"(1, 2, 53, 38)",25
8258,conv2d_17,"(1, 2, 7, 19)",10
8259,conv2d_17,"(2, 2, 47, 22)",0
8260,conv2d_17,"(1, 2, 23, 16)",12
8261,conv2d_17,"(0, 1, 1, 22)",19
8262,conv2d_17,"(1, 1, 61, 37)",10
8263,conv2d_17,"(2, 2, 27, 50)",6
8264,conv2d_17,"(2, 1, 4, 56)",26
8265,conv2d_17,"(0, 1, 35, 31)",24
8266,conv2d_17,"(0, 0, 26, 27)",0
8267,conv2d_17,"(1, 2, 51, 3)",5
8268,conv2d_17,"(0, 1, 54, 25)",22
8269,conv2d_17,"(1, 0, 28, 30)",1
8270,conv2d_17,"(0, 1, 13, 17)",28
8271,conv2d_17,"(2, 1, 25, 54)",17
8272,conv2d_17,"(2, 0, 42, 62)",30
8273,conv2d_17,"(2, 1, 25, 47)",0
8274,conv2d_17,"(2, 1, 36, 40)",30
8275,conv2d_17,"(1, 2, 61, 33)",22
8276,conv2d_17,"(0, 0, 39, 33)",24
8277,conv2d_17,"(1, 0, 56, 48)",3
8278,conv2d_17,"(2, 0, 38, 38)",21
8279,conv2d_17,"(0, 1, 32, 4)",21
8280,conv2d_17,"(1, 1, 33, 40)",25
8281,conv2d_17,"(1, 1, 63, 9)",1
8282,conv2d_17,"(2, 1, 13, 1)",14
8283,conv2d_17,"(0, 2, 8, 7)",17
8284,conv2d_17,"(2, 1, 36, 26)",29
8285,conv2d_17,"(1, 0, 34, 35)",10
8286,conv2d_17,"(1, 2, 24, 36)",22
8287,conv2d_17,"(0, 2, 31, 8)",14
8288,conv2d_17,"(1, 2, 9, 5)",30
8289,conv2d_17,"(2, 1, 62, 30)",8
8290,conv2d_17,"(1, 0, 23, 43)",5
8291,conv2d_17,"(0, 2, 21, 48)",10
8292,conv2d_17,"(2, 0, 2, 44)",31
8293,conv2d_17,"(1, 1, 48, 8)",23
8294,conv2d_17,"(2, 0, 8, 28)",9
8295,conv2d_17,"(2, 1, 60, 20)",4
8296,conv2d_17,"(0, 2, 29, 34)",26
8297,conv2d_17,"(0, 0, 45, 58)",17
8298,conv2d_17,"(2, 2, 42, 22)",15
8299,conv2d_17,"(0, 1, 47, 33)",27
8300,conv2d_17,"(2, 1, 57, 55)",28
8301,conv2d_17,"(2, 2, 63, 17)",7
8302,conv2d_17,"(2, 0, 25, 59)",30
8303,conv2d_17,"(0, 1, 10, 16)",18
8304,conv2d_17,"(1, 1, 22, 47)",13
8305,conv2d_17,"(1, 0, 38, 50)",16
8306,conv2d_17,"(1, 2, 55, 29)",27
8307,conv2d_17,"(0, 1, 13, 40)",15
8308,conv2d_17,"(0, 2, 20, 12)",23
8309,conv2d_17,"(1, 2, 62, 54)",3
8310,conv2d_17,"(0, 0, 17, 28)",11
8311,conv2d_17,"(0, 0, 16, 62)",12
8312,conv2d_17,"(1, 0, 41, 48)",15
8313,conv2d_17,"(0, 1, 10, 53)",31
8314,conv2d_17,"(0, 1, 61, 58)",28
8315,conv2d_17,"(1, 1, 31, 17)",11
8316,conv2d_17,"(0, 2, 56, 42)",20
8317,conv2d_17,"(0, 0, 2, 58)",16
8318,conv2d_17,"(0, 2, 60, 0)",6
8319,conv2d_17,"(2, 2, 57, 20)",1
8320,conv2d_17,"(2, 2, 32, 54)",20
8321,conv2d_17,"(0, 1, 60, 50)",5
8322,conv2d_17,"(2, 1, 38, 34)",31
8323,conv2d_17,"(0, 0, 36, 32)",25
8324,conv2d_17,"(1, 0, 4, 29)",29
8325,conv2d_17,"(2, 0, 1, 63)",4
8326,conv2d_17,"(0, 1, 41, 59)",3
8327,conv2d_17,"(1, 0, 3, 2)",0
8328,conv2d_17,"(2, 2, 37, 58)",17
8329,conv2d_17,"(0, 0, 50, 22)",28
8330,conv2d_17,"(1, 0, 24, 31)",28
8331,conv2d_17,"(0, 0, 34, 31)",4
8332,conv2d_17,"(1, 0, 2, 5)",16
8333,conv2d_17,"(0, 1, 47, 34)",19
8334,conv2d_17,"(0, 0, 0, 6)",27
8335,conv2d_17,"(1, 1, 57, 46)",14
8336,conv2d_17,"(2, 0, 8, 39)",11
8337,conv2d_17,"(2, 1, 35, 16)",6
8338,conv2d_17,"(0, 1, 38, 16)",28
8339,conv2d_17,"(0, 0, 49, 9)",0
8340,conv2d_17,"(2, 0, 57, 50)",16
8341,conv2d_17,"(2, 2, 59, 2)",14
8342,conv2d_17,"(2, 2, 26, 46)",23
8343,conv2d_17,"(0, 1, 57, 56)",24
8344,conv2d_17,"(1, 0, 30, 35)",5
8345,conv2d_17,"(1, 1, 15, 6)",5
8346,conv2d_17,"(2, 1, 46, 59)",11
8347,conv2d_17,"(1, 2, 20, 17)",5
8348,conv2d_17,"(2, 1, 57, 11)",11
8349,conv2d_17,"(2, 2, 31, 20)",15
8350,conv2d_17,"(2, 1, 54, 29)",11
8351,conv2d_17,"(1, 0, 62, 54)",31
8352,conv2d_17,"(1, 0, 15, 10)",5
8353,conv2d_17,"(0, 1, 40, 42)",8
8354,conv2d_17,"(2, 2, 10, 29)",16
8355,conv2d_17,"(2, 1, 40, 57)",14
8356,conv2d_17,"(1, 2, 39, 14)",6
8357,conv2d_17,"(2, 2, 17, 36)",25
8358,conv2d_17,"(1, 0, 62, 22)",1
8359,conv2d_17,"(0, 0, 17, 59)",24
8360,conv2d_17,"(1, 0, 39, 20)",28
8361,conv2d_17,"(0, 2, 43, 26)",14
8362,conv2d_17,"(1, 1, 3, 31)",30
8363,conv2d_17,"(0, 1, 42, 49)",13
8364,conv2d_17,"(0, 0, 19, 9)",9
8365,conv2d_17,"(1, 2, 14, 61)",10
8366,conv2d_17,"(0, 2, 20, 9)",7
8367,conv2d_17,"(0, 1, 5, 53)",30
8368,conv2d_17,"(1, 1, 16, 19)",30
8369,conv2d_17,"(1, 2, 6, 5)",31
8370,conv2d_17,"(1, 0, 4, 44)",19
8371,conv2d_17,"(0, 2, 45, 58)",17
8372,conv2d_17,"(1, 2, 5, 47)",25
8373,conv2d_17,"(1, 2, 13, 18)",7
8374,conv2d_17,"(2, 0, 42, 15)",28
8375,conv2d_17,"(0, 1, 53, 57)",24
8376,conv2d_17,"(2, 2, 20, 22)",12
8377,conv2d_17,"(1, 1, 57, 19)",28
8378,conv2d_17,"(1, 1, 4, 50)",27
8379,conv2d_17,"(1, 1, 1, 55)",0
8380,conv2d_17,"(1, 0, 37, 17)",3
8381,conv2d_17,"(2, 1, 38, 51)",25
8382,conv2d_17,"(0, 0, 23, 27)",21
8383,conv2d_17,"(1, 2, 51, 59)",22
8384,conv2d_17,"(0, 0, 61, 5)",6
8385,conv2d_17,"(2, 1, 38, 54)",22
8386,conv2d_17,"(1, 2, 58, 14)",20
8387,conv2d_17,"(1, 0, 49, 45)",6
8388,conv2d_17,"(2, 2, 13, 44)",29
8389,conv2d_17,"(2, 1, 23, 54)",31
8390,conv2d_17,"(1, 1, 16, 59)",17
8391,conv2d_17,"(1, 0, 25, 31)",2
8392,conv2d_17,"(0, 1, 49, 18)",13
8393,conv2d_17,"(1, 1, 23, 41)",14
8394,conv2d_17,"(0, 2, 34, 17)",3
8395,conv2d_17,"(1, 1, 35, 13)",2
8396,conv2d_17,"(2, 2, 16, 4)",27
8397,conv2d_17,"(1, 2, 13, 42)",30
8398,conv2d_17,"(1, 0, 61, 7)",24
8399,conv2d_17,"(2, 0, 28, 31)",31
8400,conv2d_17,"(0, 2, 6, 19)",5
8401,conv2d_17,"(2, 0, 63, 4)",9
8402,conv2d_17,"(1, 2, 41, 16)",25
8403,conv2d_17,"(1, 2, 21, 57)",4
8404,conv2d_17,"(0, 2, 29, 22)",31
8405,conv2d_17,"(2, 2, 4, 35)",8
8406,conv2d_17,"(0, 2, 11, 49)",15
8407,conv2d_17,"(1, 2, 27, 9)",11
8408,conv2d_17,"(1, 2, 34, 25)",7
8409,conv2d_17,"(2, 1, 43, 11)",26
8410,conv2d_17,"(0, 2, 36, 44)",15
8411,conv2d_17,"(1, 1, 14, 47)",27
8412,conv2d_17,"(2, 1, 35, 20)",3
8413,conv2d_17,"(1, 0, 50, 26)",10
8414,conv2d_17,"(1, 0, 21, 61)",31
8415,conv2d_17,"(1, 0, 46, 30)",0
8416,conv2d_17,"(2, 2, 11, 9)",18
8417,conv2d_17,"(2, 0, 10, 22)",17
8418,conv2d_17,"(2, 1, 42, 60)",13
8419,conv2d_17,"(1, 1, 47, 12)",23
8420,conv2d_17,"(2, 0, 32, 58)",8
8421,conv2d_17,"(0, 1, 7, 60)",25
8422,conv2d_17,"(0, 2, 52, 23)",12
8423,conv2d_17,"(1, 0, 38, 47)",4
8424,conv2d_17,"(2, 2, 50, 25)",8
8425,conv2d_17,"(2, 0, 37, 60)",14
8426,conv2d_17,"(2, 2, 26, 48)",9
8427,conv2d_17,"(0, 0, 44, 48)",30
8428,conv2d_17,"(2, 0, 42, 46)",8
8429,conv2d_17,"(1, 0, 5, 39)",14
8430,conv2d_17,"(1, 0, 15, 3)",22
8431,conv2d_17,"(0, 2, 10, 5)",3
8432,conv2d_17,"(0, 1, 54, 19)",5
8433,conv2d_17,"(0, 1, 14, 22)",31
8434,conv2d_17,"(2, 0, 40, 1)",1
8435,conv2d_17,"(2, 0, 23, 53)",20
8436,conv2d_17,"(2, 0, 18, 15)",14
8437,conv2d_17,"(1, 0, 42, 17)",16
8438,conv2d_17,"(1, 0, 27, 11)",11
8439,conv2d_17,"(1, 1, 47, 7)",1
8440,conv2d_17,"(0, 1, 51, 30)",25
8441,conv2d_17,"(1, 2, 2, 24)",16
8442,conv2d_17,"(1, 0, 15, 42)",13
8443,conv2d_17,"(2, 0, 52, 40)",10
8444,conv2d_17,"(1, 2, 2, 36)",23
8445,conv2d_17,"(0, 0, 22, 14)",12
8446,conv2d_17,"(1, 1, 27, 31)",2
8447,conv2d_17,"(0, 2, 36, 60)",6
8448,conv2d_17,"(2, 1, 27, 55)",30
8449,conv2d_17,"(2, 1, 16, 11)",23
8450,conv2d_17,"(2, 1, 45, 52)",4
8451,conv2d_17,"(1, 2, 28, 6)",11
8452,conv2d_17,"(1, 1, 12, 13)",6
8453,conv2d_17,"(2, 1, 53, 16)",13
8454,conv2d_17,"(0, 2, 21, 60)",4
8455,conv2d_17,"(0, 1, 38, 61)",6
8456,conv2d_17,"(1, 0, 20, 49)",18
8457,conv2d_17,"(0, 1, 60, 9)",23
8458,conv2d_17,"(0, 0, 38, 27)",22
8459,conv2d_17,"(1, 2, 28, 60)",5
8460,conv2d_17,"(0, 1, 59, 55)",16
8461,conv2d_17,"(0, 0, 32, 51)",17
8462,conv2d_17,"(0, 0, 53, 24)",18
8463,conv2d_17,"(2, 1, 59, 21)",0
8464,conv2d_17,"(0, 0, 57, 5)",7
8465,conv2d_17,"(1, 2, 54, 5)",20
8466,conv2d_17,"(0, 0, 36, 62)",27
8467,conv2d_17,"(0, 0, 37, 51)",3
8468,conv2d_17,"(1, 0, 54, 31)",12
8469,conv2d_17,"(0, 0, 5, 41)",19
8470,conv2d_17,"(2, 2, 58, 51)",19
8471,conv2d_17,"(1, 1, 27, 44)",7
8472,conv2d_17,"(0, 2, 28, 27)",6
8473,conv2d_17,"(0, 2, 50, 19)",5
8474,conv2d_17,"(0, 0, 60, 54)",17
8475,conv2d_17,"(0, 2, 0, 3)",11
8476,conv2d_17,"(0, 0, 30, 13)",10
8477,conv2d_17,"(0, 1, 57, 28)",30
8478,conv2d_17,"(0, 2, 60, 23)",8
8479,conv2d_17,"(0, 0, 35, 21)",2
8480,conv2d_17,"(2, 0, 12, 21)",10
8481,conv2d_17,"(1, 1, 5, 61)",27
8482,conv2d_17,"(0, 1, 49, 48)",28
8483,conv2d_17,"(2, 2, 47, 53)",28
8484,conv2d_17,"(1, 0, 18, 0)",3
8485,conv2d_17,"(1, 0, 12, 38)",12
8486,conv2d_17,"(1, 1, 22, 9)",15
8487,conv2d_17,"(0, 2, 38, 22)",3
8488,conv2d_17,"(2, 2, 57, 11)",3
8489,conv2d_17,"(1, 2, 41, 43)",18
8490,conv2d_17,"(0, 1, 36, 6)",18
8491,conv2d_17,"(1, 0, 15, 46)",5
8492,conv2d_17,"(1, 1, 8, 44)",15
8493,conv2d_17,"(2, 0, 60, 37)",6
8494,conv2d_17,"(1, 2, 45, 62)",13
8495,conv2d_17,"(1, 1, 10, 55)",6
8496,conv2d_17,"(2, 2, 37, 27)",22
8497,conv2d_17,"(2, 1, 12, 36)",4
8498,conv2d_17,"(0, 1, 10, 60)",17
8499,conv2d_17,"(0, 0, 27, 20)",18
8500,conv2d_17,"(1, 2, 47, 6)",0
8501,conv2d_17,"(2, 1, 13, 59)",26
8502,conv2d_17,"(2, 1, 33, 29)",21
8503,conv2d_17,"(0, 2, 46, 21)",28
8504,conv2d_17,"(1, 0, 42, 8)",9
8505,conv2d_17,"(0, 0, 16, 9)",14
8506,conv2d_17,"(0, 0, 41, 15)",29
8507,conv2d_17,"(0, 2, 43, 62)",17
8508,conv2d_17,"(0, 0, 15, 20)",11
8509,conv2d_17,"(1, 0, 24, 9)",14
8510,conv2d_17,"(0, 1, 53, 33)",2
8511,conv2d_17,"(1, 0, 11, 31)",23
8512,conv2d_17,"(1, 2, 3, 57)",20
8513,conv2d_17,"(2, 1, 7, 27)",0
8514,conv2d_17,"(2, 1, 15, 55)",18
8515,conv2d_17,"(0, 0, 19, 57)",24
8516,conv2d_17,"(1, 0, 50, 30)",2
8517,conv2d_17,"(1, 2, 61, 31)",18
8518,conv2d_17,"(1, 1, 21, 23)",10
8519,conv2d_17,"(2, 2, 25, 3)",27
8520,conv2d_17,"(1, 1, 34, 3)",14
8521,conv2d_17,"(0, 0, 63, 3)",10
8522,conv2d_17,"(0, 1, 30, 44)",14
8523,conv2d_17,"(1, 2, 59, 11)",16
8524,conv2d_17,"(1, 2, 42, 27)",14
8525,conv2d_17,"(0, 2, 29, 23)",20
8526,conv2d_17,"(0, 0, 7, 14)",27
8527,conv2d_17,"(1, 2, 12, 54)",8
8528,conv2d_17,"(0, 2, 6, 46)",10
8529,conv2d_17,"(2, 2, 36, 38)",17
8530,conv2d_17,"(0, 2, 4, 26)",11
8531,conv2d_17,"(1, 0, 38, 7)",11
8532,conv2d_17,"(1, 2, 38, 48)",1
8533,conv2d_17,"(2, 1, 39, 6)",23
8534,conv2d_17,"(1, 0, 32, 15)",9
8535,conv2d_17,"(0, 2, 21, 56)",8
8536,conv2d_17,"(1, 0, 18, 11)",17
8537,conv2d_17,"(0, 1, 14, 38)",21
8538,conv2d_17,"(2, 2, 14, 22)",9
8539,conv2d_17,"(2, 0, 62, 43)",17
8540,conv2d_17,"(1, 0, 7, 45)",25
8541,conv2d_17,"(0, 1, 60, 58)",0
8542,conv2d_17,"(1, 2, 47, 12)",6
8543,conv2d_17,"(2, 1, 1, 54)",18
8544,conv2d_17,"(0, 0, 39, 44)",4
8545,conv2d_17,"(2, 0, 29, 47)",14
8546,conv2d_17,"(0, 2, 61, 30)",14
8547,conv2d_17,"(0, 2, 20, 40)",25
8548,conv2d_17,"(1, 1, 42, 52)",19
8549,conv2d_17,"(2, 1, 29, 56)",22
8550,conv2d_17,"(1, 2, 43, 53)",23
8551,conv2d_17,"(1, 2, 61, 9)",17
8552,conv2d_17,"(1, 0, 50, 21)",20
8553,conv2d_17,"(1, 0, 54, 4)",0
8554,conv2d_17,"(0, 2, 1, 14)",10
8555,conv2d_17,"(0, 2, 24, 18)",17
8556,conv2d_17,"(0, 1, 27, 42)",5
8557,conv2d_17,"(0, 0, 14, 35)",7
8558,conv2d_17,"(2, 2, 59, 46)",15
8559,conv2d_17,"(1, 2, 8, 16)",30
8560,conv2d_17,"(2, 0, 9, 32)",18
8561,conv2d_17,"(1, 1, 7, 55)",27
8562,conv2d_17,"(2, 2, 0, 56)",18
8563,conv2d_17,"(2, 1, 29, 2)",14
8564,conv2d_17,"(1, 2, 2, 47)",20
8565,conv2d_17,"(0, 0, 7, 53)",29
8566,conv2d_17,"(0, 0, 38, 34)",17
8567,conv2d_17,"(0, 1, 60, 11)",17
8568,conv2d_17,"(2, 1, 9, 21)",22
8569,conv2d_17,"(1, 1, 18, 12)",7
8570,conv2d_17,"(1, 2, 25, 19)",10
8571,conv2d_17,"(1, 1, 21, 60)",29
8572,conv2d_17,"(1, 0, 56, 5)",30
8573,conv2d_17,"(1, 2, 7, 15)",7
8574,conv2d_17,"(0, 0, 15, 61)",2
8575,conv2d_17,"(0, 2, 55, 2)",20
8576,conv2d_17,"(2, 2, 29, 40)",21
8577,conv2d_17,"(2, 2, 20, 27)",20
8578,conv2d_17,"(1, 2, 38, 52)",0
8579,conv2d_17,"(1, 1, 55, 61)",23
8580,conv2d_17,"(0, 0, 7, 41)",11
8581,conv2d_17,"(2, 0, 61, 43)",29
8582,conv2d_17,"(0, 0, 40, 41)",4
8583,conv2d_17,"(2, 0, 11, 10)",2
8584,conv2d_17,"(1, 2, 39, 33)",31
8585,conv2d_17,"(1, 1, 49, 43)",11
8586,conv2d_17,"(2, 0, 56, 43)",20
8587,conv2d_17,"(1, 1, 29, 38)",7
8588,conv2d_17,"(0, 2, 63, 33)",0
8589,conv2d_17,"(1, 0, 55, 12)",2
8590,conv2d_17,"(2, 0, 16, 31)",5
8591,conv2d_17,"(0, 1, 49, 2)",15
8592,conv2d_17,"(0, 1, 21, 4)",0
8593,conv2d_17,"(0, 0, 17, 30)",26
8594,conv2d_17,"(0, 0, 4, 19)",9
8595,conv2d_17,"(2, 0, 15, 33)",1
8596,conv2d_17,"(2, 1, 23, 16)",12
8597,conv2d_17,"(2, 1, 33, 39)",13
8598,conv2d_17,"(0, 0, 59, 31)",26
8599,conv2d_17,"(0, 2, 17, 53)",11
8600,conv2d_17,"(2, 2, 28, 40)",22
8601,conv2d_17,"(1, 0, 46, 8)",8
8602,conv2d_17,"(0, 0, 59, 3)",20
8603,conv2d_17,"(0, 1, 58, 34)",11
8604,conv2d_17,"(2, 0, 11, 36)",13
8605,conv2d_17,"(2, 2, 10, 50)",11
8606,conv2d_17,"(2, 0, 53, 15)",20
8607,conv2d_17,"(1, 0, 56, 13)",28
8608,conv2d_18,"(0, 0, 56, 44)",13
8609,conv2d_18,"(0, 1, 49, 26)",15
8610,conv2d_18,"(0, 2, 13, 13)",23
8611,conv2d_18,"(1, 2, 22, 3)",5
8612,conv2d_18,"(0, 1, 31, 61)",25
8613,conv2d_18,"(0, 1, 34, 44)",10
8614,conv2d_18,"(1, 1, 28, 14)",29
8615,conv2d_18,"(0, 1, 15, 12)",28
8616,conv2d_18,"(1, 1, 22, 63)",7
8617,conv2d_18,"(0, 1, 31, 55)",25
8618,conv2d_18,"(2, 1, 37, 19)",20
8619,conv2d_18,"(2, 1, 58, 50)",14
8620,conv2d_18,"(2, 0, 58, 34)",6
8621,conv2d_18,"(2, 0, 40, 22)",10
8622,conv2d_18,"(0, 2, 10, 5)",28
8623,conv2d_18,"(2, 0, 29, 24)",26
8624,conv2d_18,"(2, 0, 23, 57)",20
8625,conv2d_18,"(1, 2, 40, 33)",30
8626,conv2d_18,"(1, 2, 60, 63)",29
8627,conv2d_18,"(0, 0, 62, 8)",31
8628,conv2d_18,"(1, 2, 63, 26)",26
8629,conv2d_18,"(1, 2, 1, 18)",26
8630,conv2d_18,"(2, 2, 34, 34)",27
8631,conv2d_18,"(2, 2, 26, 14)",26
8632,conv2d_18,"(0, 2, 11, 63)",8
8633,conv2d_18,"(2, 0, 48, 0)",15
8634,conv2d_18,"(2, 2, 4, 19)",10
8635,conv2d_18,"(2, 2, 8, 28)",27
8636,conv2d_18,"(0, 0, 35, 16)",23
8637,conv2d_18,"(1, 0, 52, 54)",4
8638,conv2d_18,"(2, 0, 35, 14)",16
8639,conv2d_18,"(0, 0, 45, 10)",17
8640,conv2d_18,"(1, 1, 52, 23)",21
8641,conv2d_18,"(0, 0, 41, 3)",0
8642,conv2d_18,"(1, 0, 60, 24)",28
8643,conv2d_18,"(1, 0, 21, 45)",21
8644,conv2d_18,"(0, 2, 25, 43)",15
8645,conv2d_18,"(1, 1, 28, 17)",10
8646,conv2d_18,"(1, 1, 61, 60)",28
8647,conv2d_18,"(0, 0, 21, 6)",28
8648,conv2d_18,"(2, 2, 22, 63)",23
8649,conv2d_18,"(0, 1, 13, 47)",1
8650,conv2d_18,"(1, 1, 16, 38)",28
8651,conv2d_18,"(2, 1, 3, 17)",12
8652,conv2d_18,"(2, 1, 7, 12)",7
8653,conv2d_18,"(2, 1, 16, 45)",23
8654,conv2d_18,"(2, 0, 41, 5)",14
8655,conv2d_18,"(1, 0, 61, 22)",29
8656,conv2d_18,"(0, 0, 41, 54)",7
8657,conv2d_18,"(1, 1, 36, 37)",4
8658,conv2d_18,"(1, 1, 17, 3)",9
8659,conv2d_18,"(1, 1, 14, 48)",2
8660,conv2d_18,"(2, 2, 2, 5)",12
8661,conv2d_18,"(0, 0, 27, 16)",2
8662,conv2d_18,"(0, 1, 44, 26)",1
8663,conv2d_18,"(0, 0, 43, 12)",17
8664,conv2d_18,"(1, 1, 48, 37)",28
8665,conv2d_18,"(2, 2, 45, 5)",26
8666,conv2d_18,"(0, 0, 41, 37)",6
8667,conv2d_18,"(1, 0, 47, 15)",12
8668,conv2d_18,"(2, 2, 42, 42)",23
8669,conv2d_18,"(0, 0, 55, 33)",6
8670,conv2d_18,"(0, 2, 31, 47)",14
8671,conv2d_18,"(0, 0, 50, 3)",8
8672,conv2d_18,"(2, 2, 58, 30)",6
8673,conv2d_18,"(1, 0, 50, 0)",18
8674,conv2d_18,"(0, 2, 55, 51)",8
8675,conv2d_18,"(0, 0, 40, 63)",31
8676,conv2d_18,"(1, 0, 33, 7)",20
8677,conv2d_18,"(1, 1, 42, 44)",3
8678,conv2d_18,"(2, 1, 28, 36)",22
8679,conv2d_18,"(1, 2, 31, 63)",29
8680,conv2d_18,"(1, 0, 20, 12)",23
8681,conv2d_18,"(1, 2, 8, 60)",3
8682,conv2d_18,"(1, 1, 37, 63)",14
8683,conv2d_18,"(2, 1, 63, 11)",7
8684,conv2d_18,"(2, 0, 44, 56)",16
8685,conv2d_18,"(2, 0, 61, 0)",16
8686,conv2d_18,"(2, 1, 39, 46)",13
8687,conv2d_18,"(0, 2, 6, 24)",31
8688,conv2d_18,"(2, 1, 42, 34)",19
8689,conv2d_18,"(0, 2, 11, 17)",7
8690,conv2d_18,"(2, 1, 34, 48)",11
8691,conv2d_18,"(2, 1, 13, 37)",31
8692,conv2d_18,"(1, 2, 32, 40)",23
8693,conv2d_18,"(2, 1, 10, 34)",30
8694,conv2d_18,"(0, 1, 0, 8)",14
8695,conv2d_18,"(0, 1, 51, 49)",26
8696,conv2d_18,"(1, 1, 10, 12)",28
8697,conv2d_18,"(0, 2, 59, 37)",30
8698,conv2d_18,"(0, 2, 24, 52)",14
8699,conv2d_18,"(0, 2, 4, 59)",18
8700,conv2d_18,"(1, 0, 10, 4)",2
8701,conv2d_18,"(0, 0, 4, 47)",13
8702,conv2d_18,"(2, 2, 27, 29)",6
8703,conv2d_18,"(1, 1, 15, 57)",8
8704,conv2d_18,"(0, 1, 27, 25)",13
8705,conv2d_18,"(2, 0, 38, 43)",8
8706,conv2d_18,"(0, 1, 50, 51)",24
8707,conv2d_18,"(0, 2, 51, 61)",2
8708,conv2d_18,"(0, 2, 16, 56)",9
8709,conv2d_18,"(1, 0, 29, 24)",8
8710,conv2d_18,"(0, 1, 19, 57)",0
8711,conv2d_18,"(2, 2, 34, 38)",12
8712,conv2d_18,"(0, 1, 20, 4)",11
8713,conv2d_18,"(1, 0, 46, 41)",8
8714,conv2d_18,"(1, 2, 29, 0)",7
8715,conv2d_18,"(0, 2, 14, 5)",10
8716,conv2d_18,"(1, 2, 50, 39)",14
8717,conv2d_18,"(2, 1, 23, 31)",15
8718,conv2d_18,"(1, 0, 38, 46)",16
8719,conv2d_18,"(0, 2, 12, 40)",24
8720,conv2d_18,"(2, 0, 41, 59)",25
8721,conv2d_18,"(1, 1, 55, 52)",28
8722,conv2d_18,"(1, 0, 8, 18)",1
8723,conv2d_18,"(0, 1, 34, 30)",6
8724,conv2d_18,"(0, 1, 6, 35)",6
8725,conv2d_18,"(2, 0, 23, 24)",28
8726,conv2d_18,"(1, 1, 27, 31)",6
8727,conv2d_18,"(1, 0, 38, 26)",29
8728,conv2d_18,"(1, 2, 14, 1)",5
8729,conv2d_18,"(0, 1, 47, 30)",14
8730,conv2d_18,"(2, 1, 16, 3)",5
8731,conv2d_18,"(0, 0, 54, 5)",24
8732,conv2d_18,"(1, 1, 21, 60)",28
8733,conv2d_18,"(1, 0, 37, 26)",14
8734,conv2d_18,"(0, 1, 36, 21)",18
8735,conv2d_18,"(2, 1, 4, 28)",4
8736,conv2d_18,"(0, 1, 20, 17)",30
8737,conv2d_18,"(1, 2, 39, 25)",26
8738,conv2d_18,"(2, 2, 0, 27)",17
8739,conv2d_18,"(1, 0, 59, 33)",23
8740,conv2d_18,"(1, 2, 11, 20)",16
8741,conv2d_18,"(1, 2, 39, 21)",3
8742,conv2d_18,"(1, 0, 45, 60)",22
8743,conv2d_18,"(0, 0, 1, 37)",13
8744,conv2d_18,"(0, 1, 39, 8)",9
8745,conv2d_18,"(0, 1, 44, 45)",1
8746,conv2d_18,"(0, 0, 0, 36)",16
8747,conv2d_18,"(0, 2, 22, 19)",14
8748,conv2d_18,"(0, 2, 22, 15)",13
8749,conv2d_18,"(1, 2, 0, 43)",7
8750,conv2d_18,"(0, 1, 39, 27)",19
8751,conv2d_18,"(0, 1, 60, 24)",8
8752,conv2d_18,"(2, 0, 53, 39)",31
8753,conv2d_18,"(0, 1, 31, 1)",19
8754,conv2d_18,"(1, 2, 3, 54)",7
8755,conv2d_18,"(1, 2, 53, 24)",20
8756,conv2d_18,"(1, 1, 14, 33)",6
8757,conv2d_18,"(0, 2, 59, 12)",17
8758,conv2d_18,"(0, 1, 7, 28)",15
8759,conv2d_18,"(2, 2, 32, 14)",20
8760,conv2d_18,"(0, 0, 36, 43)",15
8761,conv2d_18,"(0, 1, 6, 48)",23
8762,conv2d_18,"(0, 1, 28, 62)",1
8763,conv2d_18,"(2, 2, 60, 20)",10
8764,conv2d_18,"(0, 0, 34, 47)",28
8765,conv2d_18,"(0, 0, 3, 19)",31
8766,conv2d_18,"(2, 1, 63, 35)",29
8767,conv2d_18,"(1, 1, 24, 52)",23
8768,conv2d_18,"(1, 2, 0, 60)",17
8769,conv2d_18,"(1, 2, 8, 45)",1
8770,conv2d_18,"(2, 2, 21, 1)",2
8771,conv2d_18,"(1, 0, 63, 2)",19
8772,conv2d_18,"(2, 2, 31, 5)",9
8773,conv2d_18,"(1, 1, 49, 51)",8
8774,conv2d_18,"(0, 1, 14, 31)",10
8775,conv2d_18,"(2, 0, 6, 56)",0
8776,conv2d_18,"(2, 1, 55, 46)",26
8777,conv2d_18,"(1, 1, 48, 43)",9
8778,conv2d_18,"(1, 0, 43, 12)",9
8779,conv2d_18,"(0, 1, 20, 60)",5
8780,conv2d_18,"(0, 0, 33, 7)",31
8781,conv2d_18,"(0, 0, 26, 1)",3
8782,conv2d_18,"(1, 2, 53, 43)",26
8783,conv2d_18,"(0, 2, 21, 45)",27
8784,conv2d_18,"(2, 1, 6, 43)",29
8785,conv2d_18,"(0, 2, 4, 0)",29
8786,conv2d_18,"(2, 1, 19, 45)",31
8787,conv2d_18,"(0, 2, 5, 7)",3
8788,conv2d_18,"(0, 2, 19, 14)",18
8789,conv2d_18,"(1, 0, 13, 43)",18
8790,conv2d_18,"(2, 0, 10, 35)",11
8791,conv2d_18,"(0, 2, 37, 9)",14
8792,conv2d_18,"(2, 2, 31, 0)",28
8793,conv2d_18,"(1, 0, 34, 54)",30
8794,conv2d_18,"(0, 2, 23, 38)",12
8795,conv2d_18,"(1, 0, 20, 61)",19
8796,conv2d_18,"(2, 0, 31, 48)",11
8797,conv2d_18,"(0, 1, 23, 28)",17
8798,conv2d_18,"(0, 0, 1, 9)",27
8799,conv2d_18,"(0, 1, 59, 28)",28
8800,conv2d_18,"(1, 2, 33, 13)",21
8801,conv2d_18,"(0, 0, 51, 27)",30
8802,conv2d_18,"(2, 2, 15, 24)",25
8803,conv2d_18,"(2, 1, 56, 19)",27
8804,conv2d_18,"(1, 0, 27, 37)",15
8805,conv2d_18,"(2, 2, 58, 26)",2
8806,conv2d_18,"(1, 2, 2, 55)",9
8807,conv2d_18,"(2, 0, 30, 9)",29
8808,conv2d_18,"(2, 2, 31, 19)",9
8809,conv2d_18,"(2, 2, 17, 33)",6
8810,conv2d_18,"(2, 1, 52, 62)",21
8811,conv2d_18,"(0, 1, 21, 9)",28
8812,conv2d_18,"(0, 1, 38, 32)",18
8813,conv2d_18,"(1, 2, 45, 38)",24
8814,conv2d_18,"(2, 0, 42, 20)",18
8815,conv2d_18,"(0, 0, 6, 28)",6
8816,conv2d_18,"(1, 1, 12, 28)",2
8817,conv2d_18,"(2, 0, 40, 12)",29
8818,conv2d_18,"(2, 2, 20, 39)",17
8819,conv2d_18,"(0, 0, 21, 31)",30
8820,conv2d_18,"(2, 2, 53, 25)",0
8821,conv2d_18,"(2, 2, 32, 17)",27
8822,conv2d_18,"(2, 2, 2, 46)",1
8823,conv2d_18,"(1, 1, 54, 27)",8
8824,conv2d_18,"(2, 2, 29, 34)",5
8825,conv2d_18,"(1, 1, 53, 60)",20
8826,conv2d_18,"(2, 2, 13, 60)",9
8827,conv2d_18,"(0, 2, 37, 30)",6
8828,conv2d_18,"(1, 0, 50, 62)",20
8829,conv2d_18,"(1, 1, 5, 47)",18
8830,conv2d_18,"(1, 2, 40, 4)",11
8831,conv2d_18,"(1, 1, 61, 19)",29
8832,conv2d_18,"(0, 1, 34, 54)",5
8833,conv2d_18,"(2, 1, 34, 2)",8
8834,conv2d_18,"(1, 1, 8, 10)",3
8835,conv2d_18,"(2, 2, 47, 56)",6
8836,conv2d_18,"(1, 2, 49, 9)",22
8837,conv2d_18,"(1, 2, 42, 12)",0
8838,conv2d_18,"(0, 1, 50, 12)",17
8839,conv2d_18,"(0, 1, 17, 63)",15
8840,conv2d_18,"(0, 2, 0, 17)",6
8841,conv2d_18,"(1, 0, 61, 61)",27
8842,conv2d_18,"(2, 0, 31, 2)",13
8843,conv2d_18,"(2, 0, 29, 15)",25
8844,conv2d_18,"(0, 0, 6, 12)",29
8845,conv2d_18,"(0, 2, 24, 33)",26
8846,conv2d_18,"(2, 2, 63, 57)",27
8847,conv2d_18,"(0, 2, 57, 52)",4
8848,conv2d_18,"(0, 0, 0, 55)",30
8849,conv2d_18,"(0, 0, 61, 1)",17
8850,conv2d_18,"(0, 0, 0, 42)",12
8851,conv2d_18,"(1, 1, 37, 45)",6
8852,conv2d_18,"(0, 0, 45, 31)",19
8853,conv2d_18,"(1, 0, 55, 55)",30
8854,conv2d_18,"(0, 2, 56, 15)",31
8855,conv2d_18,"(2, 1, 35, 57)",21
8856,conv2d_18,"(0, 1, 54, 18)",7
8857,conv2d_18,"(0, 0, 57, 24)",13
8858,conv2d_18,"(0, 1, 13, 39)",12
8859,conv2d_18,"(2, 2, 25, 52)",15
8860,conv2d_18,"(2, 2, 22, 16)",21
8861,conv2d_18,"(1, 0, 38, 14)",11
8862,conv2d_18,"(1, 1, 63, 56)",1
8863,conv2d_18,"(1, 0, 39, 4)",15
8864,conv2d_18,"(1, 2, 27, 49)",8
8865,conv2d_18,"(1, 1, 40, 12)",31
8866,conv2d_18,"(2, 0, 45, 1)",24
8867,conv2d_18,"(0, 1, 41, 59)",19
8868,conv2d_18,"(0, 1, 11, 18)",31
8869,conv2d_18,"(2, 2, 17, 48)",28
8870,conv2d_18,"(2, 0, 47, 29)",16
8871,conv2d_18,"(2, 0, 5, 20)",24
8872,conv2d_18,"(1, 1, 10, 34)",6
8873,conv2d_18,"(0, 1, 26, 38)",29
8874,conv2d_18,"(2, 1, 57, 61)",21
8875,conv2d_18,"(1, 1, 3, 63)",19
8876,conv2d_18,"(0, 0, 39, 54)",19
8877,conv2d_18,"(1, 1, 42, 35)",26
8878,conv2d_18,"(1, 2, 32, 60)",7
8879,conv2d_18,"(2, 1, 35, 51)",9
8880,conv2d_18,"(1, 2, 51, 14)",28
8881,conv2d_18,"(0, 2, 36, 19)",9
8882,conv2d_18,"(0, 0, 45, 59)",3
8883,conv2d_18,"(1, 2, 42, 36)",19
8884,conv2d_18,"(1, 2, 47, 36)",16
8885,conv2d_18,"(1, 0, 41, 38)",0
8886,conv2d_18,"(0, 0, 18, 44)",0
8887,conv2d_18,"(2, 2, 17, 12)",7
8888,conv2d_18,"(0, 1, 41, 21)",13
8889,conv2d_18,"(1, 1, 61, 13)",16
8890,conv2d_18,"(1, 1, 59, 16)",22
8891,conv2d_18,"(0, 1, 44, 30)",3
8892,conv2d_18,"(1, 0, 63, 37)",14
8893,conv2d_18,"(1, 1, 43, 20)",5
8894,conv2d_18,"(2, 0, 11, 63)",22
8895,conv2d_18,"(0, 0, 39, 62)",31
8896,conv2d_18,"(2, 2, 8, 60)",1
8897,conv2d_18,"(2, 1, 53, 44)",13
8898,conv2d_18,"(0, 0, 19, 60)",20
8899,conv2d_18,"(2, 2, 29, 0)",8
8900,conv2d_18,"(0, 1, 48, 33)",12
8901,conv2d_18,"(0, 0, 53, 23)",20
8902,conv2d_18,"(1, 0, 4, 19)",10
8903,conv2d_18,"(2, 0, 23, 39)",18
8904,conv2d_18,"(1, 2, 34, 24)",27
8905,conv2d_18,"(2, 1, 27, 59)",5
8906,conv2d_18,"(1, 0, 16, 24)",12
8907,conv2d_18,"(1, 2, 42, 61)",13
8908,conv2d_18,"(2, 0, 35, 50)",21
8909,conv2d_18,"(1, 0, 49, 36)",29
8910,conv2d_18,"(0, 2, 31, 37)",22
8911,conv2d_18,"(0, 2, 27, 25)",9
8912,conv2d_18,"(0, 2, 50, 39)",28
8913,conv2d_18,"(0, 1, 12, 22)",24
8914,conv2d_18,"(1, 1, 20, 19)",10
8915,conv2d_18,"(0, 2, 44, 3)",4
8916,conv2d_18,"(1, 0, 2, 37)",14
8917,conv2d_18,"(1, 1, 7, 44)",24
8918,conv2d_18,"(2, 1, 35, 62)",24
8919,conv2d_18,"(2, 1, 15, 5)",29
8920,conv2d_18,"(2, 0, 38, 8)",6
8921,conv2d_18,"(1, 2, 38, 59)",27
8922,conv2d_18,"(0, 0, 29, 54)",4
8923,conv2d_18,"(2, 1, 31, 59)",4
8924,conv2d_18,"(1, 2, 0, 11)",27
8925,conv2d_18,"(2, 0, 22, 19)",18
8926,conv2d_18,"(0, 0, 43, 5)",19
8927,conv2d_18,"(1, 2, 44, 15)",3
8928,conv2d_18,"(1, 0, 22, 35)",28
8929,conv2d_18,"(0, 2, 25, 15)",0
8930,conv2d_18,"(1, 1, 35, 32)",3
8931,conv2d_18,"(0, 2, 45, 38)",14
8932,conv2d_18,"(2, 0, 31, 59)",29
8933,conv2d_18,"(0, 1, 16, 33)",12
8934,conv2d_18,"(2, 2, 59, 35)",27
8935,conv2d_18,"(0, 0, 0, 0)",20
8936,conv2d_18,"(1, 2, 29, 33)",13
8937,conv2d_18,"(0, 0, 11, 12)",22
8938,conv2d_18,"(2, 2, 11, 54)",20
8939,conv2d_18,"(1, 2, 17, 52)",3
8940,conv2d_18,"(1, 0, 26, 5)",27
8941,conv2d_18,"(1, 0, 14, 63)",25
8942,conv2d_18,"(1, 1, 10, 31)",22
8943,conv2d_18,"(0, 2, 61, 59)",29
8944,conv2d_18,"(1, 0, 10, 32)",2
8945,conv2d_18,"(0, 1, 62, 28)",12
8946,conv2d_18,"(2, 2, 51, 31)",15
8947,conv2d_18,"(1, 2, 28, 57)",9
8948,conv2d_18,"(1, 2, 47, 23)",18
8949,conv2d_18,"(2, 1, 38, 17)",4
8950,conv2d_18,"(2, 2, 40, 21)",30
8951,conv2d_18,"(2, 1, 13, 44)",21
8952,conv2d_18,"(0, 2, 19, 12)",6
8953,conv2d_18,"(0, 0, 60, 54)",24
8954,conv2d_18,"(0, 2, 2, 5)",6
8955,conv2d_18,"(2, 0, 28, 40)",5
8956,conv2d_18,"(1, 1, 42, 21)",17
8957,conv2d_18,"(0, 2, 40, 22)",31
8958,conv2d_18,"(0, 0, 49, 12)",5
8959,conv2d_18,"(1, 1, 5, 17)",31
8960,conv2d_18,"(0, 2, 50, 31)",7
8961,conv2d_18,"(0, 1, 35, 7)",16
8962,conv2d_18,"(2, 0, 34, 29)",2
8963,conv2d_18,"(2, 2, 26, 50)",4
8964,conv2d_18,"(1, 0, 8, 5)",4
8965,conv2d_18,"(2, 0, 23, 31)",17
8966,conv2d_18,"(2, 2, 31, 20)",31
8967,conv2d_18,"(1, 2, 20, 18)",24
8968,conv2d_18,"(0, 1, 18, 61)",5
8969,conv2d_18,"(2, 1, 4, 24)",12
8970,conv2d_18,"(0, 2, 59, 13)",18
8971,conv2d_18,"(1, 0, 57, 63)",5
8972,conv2d_18,"(1, 1, 14, 44)",0
8973,conv2d_18,"(0, 0, 55, 47)",2
8974,conv2d_18,"(0, 1, 31, 40)",17
8975,conv2d_18,"(2, 1, 52, 39)",27
8976,conv2d_18,"(0, 0, 28, 36)",1
8977,conv2d_18,"(1, 2, 56, 15)",11
8978,conv2d_18,"(2, 0, 40, 6)",25
8979,conv2d_18,"(0, 1, 7, 41)",19
8980,conv2d_18,"(2, 2, 43, 12)",6
8981,conv2d_18,"(1, 1, 56, 22)",19
8982,conv2d_18,"(1, 0, 59, 6)",1
8983,conv2d_18,"(1, 2, 62, 24)",13
8984,conv2d_18,"(1, 1, 51, 8)",23
8985,conv2d_18,"(0, 2, 59, 14)",20
8986,conv2d_18,"(0, 2, 52, 60)",25
8987,conv2d_18,"(2, 1, 26, 44)",5
8988,conv2d_18,"(2, 1, 5, 20)",22
8989,conv2d_18,"(2, 0, 11, 5)",27
8990,conv2d_18,"(1, 1, 36, 14)",23
8991,conv2d_18,"(0, 1, 18, 18)",19
8992,conv2d_18,"(0, 0, 30, 62)",2
8993,conv2d_18,"(2, 0, 0, 12)",24
8994,conv2d_18,"(2, 0, 45, 5)",11
8995,conv2d_18,"(1, 2, 57, 33)",5
8996,conv2d_18,"(2, 0, 7, 14)",6
8997,conv2d_18,"(1, 2, 58, 58)",2
8998,conv2d_18,"(1, 2, 6, 35)",27
8999,conv2d_18,"(0, 2, 54, 24)",8
9000,conv2d_18,"(1, 1, 56, 6)",13
9001,conv2d_18,"(2, 1, 54, 63)",19
9002,conv2d_18,"(2, 2, 31, 27)",7
9003,conv2d_18,"(1, 0, 11, 57)",11
9004,conv2d_18,"(1, 1, 18, 35)",29
9005,conv2d_18,"(1, 2, 9, 62)",7
9006,conv2d_18,"(1, 2, 51, 26)",11
9007,conv2d_18,"(0, 0, 60, 60)",17
9008,conv2d_18,"(1, 2, 34, 17)",27
9009,conv2d_18,"(1, 0, 44, 31)",2
9010,conv2d_18,"(1, 2, 60, 58)",24
9011,conv2d_18,"(2, 2, 58, 55)",18
9012,conv2d_18,"(2, 2, 12, 55)",16
9013,conv2d_18,"(2, 2, 47, 45)",16
9014,conv2d_18,"(1, 2, 25, 9)",9
9015,conv2d_18,"(0, 2, 61, 54)",2
9016,conv2d_18,"(2, 0, 1, 24)",18
9017,conv2d_18,"(2, 2, 12, 26)",26
9018,conv2d_18,"(0, 1, 5, 46)",6
9019,conv2d_18,"(0, 0, 13, 51)",25
9020,conv2d_18,"(1, 0, 22, 18)",25
9021,conv2d_18,"(1, 2, 32, 12)",22
9022,conv2d_18,"(0, 2, 32, 34)",15
9023,conv2d_18,"(1, 0, 57, 33)",11
9024,conv2d_18,"(1, 0, 48, 31)",6
9025,conv2d_18,"(1, 1, 44, 41)",1
9026,conv2d_18,"(2, 2, 5, 54)",31
9027,conv2d_18,"(2, 1, 10, 62)",25
9028,conv2d_18,"(1, 1, 34, 19)",26
9029,conv2d_18,"(1, 0, 28, 33)",16
9030,conv2d_18,"(0, 0, 52, 9)",19
9031,conv2d_18,"(1, 0, 26, 41)",16
9032,conv2d_18,"(0, 2, 37, 21)",7
9033,conv2d_18,"(2, 1, 37, 58)",2
9034,conv2d_18,"(1, 2, 47, 0)",6
9035,conv2d_18,"(0, 1, 56, 58)",15
9036,conv2d_18,"(2, 0, 33, 15)",26
9037,conv2d_18,"(0, 1, 15, 22)",27
9038,conv2d_18,"(2, 1, 15, 26)",17
9039,conv2d_18,"(2, 2, 21, 40)",23
9040,conv2d_18,"(0, 2, 39, 39)",29
9041,conv2d_18,"(1, 0, 44, 58)",3
9042,conv2d_18,"(0, 0, 2, 4)",24
9043,conv2d_18,"(1, 1, 49, 57)",26
9044,conv2d_18,"(0, 1, 32, 52)",31
9045,conv2d_18,"(1, 0, 38, 60)",10
9046,conv2d_18,"(0, 2, 24, 3)",8
9047,conv2d_18,"(1, 0, 28, 63)",16
9048,conv2d_18,"(1, 1, 61, 8)",15
9049,conv2d_18,"(0, 0, 31, 11)",6
9050,conv2d_18,"(0, 1, 4, 29)",10
9051,conv2d_18,"(0, 1, 47, 55)",4
9052,conv2d_18,"(0, 1, 40, 2)",24
9053,conv2d_18,"(1, 0, 63, 23)",29
9054,conv2d_18,"(1, 1, 1, 54)",25
9055,conv2d_18,"(2, 1, 57, 60)",26
9056,conv2d_18,"(1, 2, 58, 20)",17
9057,conv2d_18,"(1, 0, 11, 51)",16
9058,conv2d_18,"(2, 1, 0, 0)",12
9059,conv2d_18,"(2, 0, 16, 62)",6
9060,conv2d_18,"(2, 1, 39, 43)",19
9061,conv2d_18,"(0, 0, 57, 12)",5
9062,conv2d_18,"(2, 1, 58, 60)",25
9063,conv2d_18,"(2, 2, 20, 6)",25
9064,conv2d_18,"(2, 2, 29, 31)",30
9065,conv2d_18,"(0, 0, 60, 53)",31
9066,conv2d_18,"(1, 1, 19, 22)",7
9067,conv2d_18,"(2, 1, 36, 42)",28
9068,conv2d_18,"(2, 0, 35, 54)",1
9069,conv2d_18,"(1, 1, 42, 30)",0
9070,conv2d_18,"(1, 0, 31, 35)",25
9071,conv2d_18,"(1, 0, 18, 60)",10
9072,conv2d_18,"(1, 1, 57, 10)",12
9073,conv2d_18,"(1, 2, 62, 60)",15
9074,conv2d_18,"(0, 0, 56, 28)",15
9075,conv2d_18,"(0, 2, 48, 20)",10
9076,conv2d_18,"(2, 2, 51, 34)",1
9077,conv2d_18,"(2, 2, 44, 0)",2
9078,conv2d_18,"(0, 2, 54, 21)",2
9079,conv2d_18,"(0, 0, 24, 6)",8
9080,conv2d_18,"(1, 1, 39, 11)",17
9081,conv2d_18,"(0, 1, 25, 21)",23
9082,conv2d_18,"(0, 0, 19, 18)",17
9083,conv2d_18,"(1, 2, 46, 10)",0
9084,conv2d_18,"(0, 0, 31, 10)",13
9085,conv2d_18,"(1, 2, 33, 29)",17
9086,conv2d_18,"(2, 2, 40, 30)",8
9087,conv2d_18,"(0, 1, 62, 31)",11
9088,conv2d_18,"(2, 0, 44, 18)",6
9089,conv2d_18,"(2, 0, 5, 3)",25
9090,conv2d_18,"(1, 1, 25, 12)",3
9091,conv2d_18,"(1, 0, 49, 38)",27
9092,conv2d_18,"(1, 0, 55, 5)",24
9093,conv2d_18,"(0, 0, 33, 42)",13
9094,conv2d_18,"(1, 0, 63, 47)",5
9095,conv2d_18,"(2, 0, 63, 28)",7
9096,conv2d_18,"(0, 1, 0, 40)",10
9097,conv2d_18,"(1, 2, 39, 55)",26
9098,conv2d_18,"(0, 2, 18, 39)",5
9099,conv2d_18,"(0, 1, 29, 62)",19
9100,conv2d_18,"(1, 2, 25, 21)",11
9101,conv2d_18,"(2, 0, 27, 33)",15
9102,conv2d_18,"(2, 1, 22, 58)",3
9103,conv2d_18,"(1, 1, 19, 11)",8
9104,conv2d_18,"(0, 2, 16, 8)",12
9105,conv2d_18,"(0, 1, 16, 38)",17
9106,conv2d_18,"(1, 2, 25, 15)",6
9107,conv2d_18,"(1, 2, 50, 51)",15
9108,conv2d_18,"(0, 1, 55, 36)",18
9109,conv2d_18,"(2, 1, 26, 34)",26
9110,conv2d_18,"(2, 2, 17, 15)",26
9111,conv2d_18,"(0, 2, 37, 14)",4
9112,conv2d_18,"(1, 0, 28, 55)",1
9113,conv2d_18,"(1, 1, 8, 2)",12
9114,conv2d_18,"(1, 2, 36, 24)",22
9115,conv2d_18,"(0, 2, 27, 14)",22
9116,conv2d_18,"(1, 2, 13, 13)",10
9117,conv2d_18,"(2, 2, 49, 19)",29
9118,conv2d_18,"(1, 1, 35, 18)",26
9119,conv2d_18,"(2, 0, 23, 41)",1
9120,conv2d_18,"(0, 1, 33, 60)",14
9121,conv2d_18,"(0, 1, 18, 34)",10
9122,conv2d_18,"(0, 1, 13, 45)",30
9123,conv2d_18,"(0, 1, 33, 26)",24
9124,conv2d_18,"(1, 2, 53, 44)",10
9125,conv2d_18,"(1, 0, 6, 26)",20
9126,conv2d_18,"(0, 1, 42, 60)",21
9127,conv2d_18,"(0, 1, 18, 46)",3
9128,conv2d_18,"(2, 2, 46, 12)",18
9129,conv2d_18,"(1, 0, 22, 8)",8
9130,conv2d_18,"(2, 1, 36, 56)",5
9131,conv2d_18,"(2, 0, 28, 1)",27
9132,conv2d_18,"(2, 2, 43, 2)",27
9133,conv2d_18,"(0, 2, 7, 30)",6
9134,conv2d_18,"(2, 1, 17, 0)",26
9135,conv2d_18,"(0, 0, 32, 52)",14
9136,conv2d_18,"(2, 1, 55, 38)",12
9137,conv2d_18,"(1, 2, 5, 45)",20
9138,conv2d_18,"(0, 1, 12, 27)",25
9139,conv2d_18,"(0, 0, 49, 1)",2
9140,conv2d_18,"(1, 2, 57, 6)",24
9141,conv2d_18,"(0, 0, 41, 16)",30
9142,conv2d_18,"(1, 1, 56, 25)",19
9143,conv2d_18,"(1, 0, 62, 5)",18
9144,conv2d_18,"(1, 0, 8, 46)",8
9145,conv2d_18,"(2, 2, 11, 30)",8
9146,conv2d_18,"(2, 1, 6, 16)",22
9147,conv2d_18,"(1, 2, 36, 3)",3
9148,conv2d_18,"(1, 2, 13, 37)",29
9149,conv2d_18,"(1, 2, 2, 40)",16
9150,conv2d_18,"(1, 0, 10, 30)",0
9151,conv2d_18,"(0, 2, 40, 5)",25
9152,conv2d_18,"(2, 1, 31, 2)",30
9153,conv2d_18,"(1, 2, 51, 8)",14
9154,conv2d_18,"(0, 2, 12, 27)",4
9155,conv2d_18,"(2, 2, 30, 36)",7
9156,conv2d_18,"(1, 1, 11, 18)",27
9157,conv2d_18,"(1, 0, 63, 30)",21
9158,conv2d_18,"(0, 0, 29, 30)",12
9159,conv2d_18,"(0, 1, 13, 32)",18
9160,conv2d_18,"(1, 0, 45, 51)",30
9161,conv2d_18,"(2, 0, 58, 41)",31
9162,conv2d_18,"(1, 1, 20, 24)",10
9163,conv2d_18,"(0, 2, 22, 42)",3
9164,conv2d_18,"(0, 1, 62, 17)",22
9165,conv2d_18,"(0, 1, 56, 40)",5
9166,conv2d_18,"(0, 1, 38, 43)",1
9167,conv2d_18,"(0, 0, 26, 12)",5
9168,conv2d_18,"(1, 1, 49, 26)",5
9169,conv2d_18,"(0, 1, 60, 44)",20
9170,conv2d_18,"(1, 1, 25, 29)",30
9171,conv2d_18,"(0, 0, 51, 32)",30
9172,conv2d_18,"(1, 1, 22, 6)",27
9173,conv2d_18,"(1, 2, 32, 34)",31
9174,conv2d_18,"(1, 0, 24, 42)",26
9175,conv2d_18,"(2, 0, 29, 16)",30
9176,conv2d_18,"(2, 1, 5, 40)",28
9177,conv2d_18,"(2, 2, 63, 31)",8
9178,conv2d_18,"(0, 1, 3, 61)",1
9179,conv2d_18,"(0, 1, 26, 2)",14
9180,conv2d_18,"(2, 0, 61, 62)",3
9181,conv2d_18,"(2, 2, 56, 32)",21
9182,conv2d_18,"(0, 2, 34, 62)",30
9183,conv2d_18,"(2, 1, 42, 31)",0
9184,conv2d_18,"(2, 1, 61, 7)",29
9185,conv2d_18,"(2, 0, 14, 0)",16
9186,conv2d_18,"(0, 0, 8, 0)",14
9187,conv2d_18,"(0, 1, 40, 60)",29
9188,conv2d_18,"(0, 1, 63, 31)",18
9189,conv2d_18,"(0, 1, 0, 60)",27
9190,conv2d_18,"(2, 0, 47, 60)",8
9191,conv2d_18,"(0, 1, 11, 50)",24
9192,conv2d_18,"(1, 0, 18, 33)",26
9193,conv2d_18,"(0, 1, 54, 20)",27
9194,conv2d_18,"(1, 1, 47, 43)",25
9195,conv2d_18,"(0, 1, 2, 1)",15
9196,conv2d_18,"(2, 1, 16, 5)",22
9197,conv2d_18,"(0, 1, 53, 16)",1
9198,conv2d_18,"(2, 1, 17, 20)",11
9199,conv2d_18,"(0, 1, 0, 41)",3
9200,conv2d_18,"(1, 1, 45, 52)",25
9201,conv2d_18,"(0, 2, 4, 50)",1
9202,conv2d_18,"(0, 1, 14, 25)",29
9203,conv2d_18,"(1, 2, 17, 51)",24
9204,conv2d_18,"(0, 1, 29, 9)",25
9205,conv2d_18,"(0, 1, 34, 34)",17
9206,conv2d_18,"(1, 1, 46, 60)",19
9207,conv2d_18,"(1, 1, 1, 37)",13
9208,conv2d_18,"(1, 2, 43, 11)",8
9209,conv2d_18,"(1, 1, 62, 38)",9
9210,conv2d_18,"(1, 2, 15, 15)",11
9211,conv2d_18,"(1, 0, 34, 55)",19
9212,conv2d_18,"(1, 2, 26, 55)",23
9213,conv2d_18,"(0, 2, 31, 17)",17
9214,conv2d_18,"(0, 2, 31, 14)",19
9215,conv2d_18,"(2, 0, 0, 3)",12
9216,conv2d_18,"(2, 2, 15, 26)",5
9217,conv2d_18,"(1, 0, 43, 38)",10
9218,conv2d_18,"(1, 2, 29, 28)",28
9219,conv2d_18,"(1, 1, 51, 7)",14
9220,conv2d_18,"(0, 2, 27, 43)",18
9221,conv2d_18,"(1, 1, 20, 23)",15
9222,conv2d_18,"(0, 1, 11, 12)",18
9223,conv2d_18,"(2, 1, 2, 60)",21
9224,conv2d_18,"(0, 1, 30, 15)",2
9225,conv2d_18,"(1, 0, 43, 33)",17
9226,conv2d_18,"(1, 0, 37, 21)",21
9227,conv2d_18,"(2, 2, 3, 26)",22
9228,conv2d_18,"(1, 0, 41, 56)",10
9229,conv2d_18,"(2, 1, 29, 58)",18
9230,conv2d_18,"(0, 0, 4, 36)",29
9231,conv2d_18,"(1, 0, 44, 10)",28
9232,conv2d_18,"(1, 1, 47, 36)",3
9233,conv2d_18,"(1, 1, 9, 4)",29
9234,conv2d_18,"(2, 0, 9, 62)",16
9235,conv2d_18,"(0, 2, 44, 56)",3
9236,conv2d_18,"(1, 2, 27, 62)",4
9237,conv2d_18,"(0, 0, 20, 20)",20
9238,conv2d_18,"(2, 2, 3, 58)",26
9239,conv2d_18,"(1, 1, 27, 39)",24
9240,conv2d_18,"(1, 2, 18, 42)",31
9241,conv2d_18,"(2, 0, 56, 62)",3
9242,conv2d_18,"(1, 1, 17, 17)",13
9243,conv2d_18,"(2, 2, 24, 11)",8
9244,conv2d_18,"(2, 2, 49, 24)",6
9245,conv2d_18,"(0, 2, 35, 24)",23
9246,conv2d_18,"(0, 2, 49, 32)",9
9247,conv2d_18,"(2, 2, 60, 25)",28
9248,conv2d_18,"(0, 0, 33, 10)",2
9249,conv2d_18,"(0, 1, 2, 31)",22
9250,conv2d_18,"(0, 0, 25, 44)",7
9251,conv2d_18,"(1, 1, 1, 47)",25
9252,conv2d_18,"(1, 2, 29, 18)",7
9253,conv2d_18,"(0, 0, 27, 15)",26
9254,conv2d_18,"(0, 2, 55, 60)",22
9255,conv2d_18,"(1, 0, 25, 12)",14
9256,conv2d_18,"(0, 0, 23, 44)",21
9257,conv2d_18,"(1, 2, 39, 62)",24
9258,conv2d_18,"(1, 1, 13, 37)",14
9259,conv2d_18,"(0, 2, 27, 19)",8
9260,conv2d_18,"(2, 2, 39, 9)",31
9261,conv2d_18,"(1, 2, 27, 9)",13
9262,conv2d_18,"(1, 2, 20, 16)",18
9263,conv2d_18,"(1, 1, 27, 59)",15
9264,conv2d_18,"(0, 0, 19, 55)",12
9265,conv2d_18,"(0, 1, 62, 16)",8
9266,conv2d_18,"(0, 1, 9, 59)",17
9267,conv2d_18,"(2, 2, 31, 11)",15
9268,conv2d_18,"(2, 1, 0, 39)",19
9269,conv2d_18,"(0, 2, 21, 6)",31
9270,conv2d_18,"(0, 2, 47, 48)",2
9271,conv2d_18,"(1, 2, 63, 28)",9
9272,conv2d_18,"(2, 2, 22, 13)",10
9273,conv2d_18,"(1, 0, 59, 12)",22
9274,conv2d_18,"(1, 1, 58, 60)",29
9275,conv2d_18,"(1, 2, 23, 26)",29
9276,conv2d_18,"(2, 0, 58, 14)",18
9277,conv2d_18,"(1, 2, 62, 10)",1
9278,conv2d_18,"(1, 0, 52, 35)",9
9279,conv2d_18,"(2, 0, 4, 27)",23
9280,conv2d_18,"(2, 0, 63, 3)",21
9281,conv2d_18,"(1, 1, 60, 25)",25
9282,conv2d_18,"(0, 1, 28, 60)",15
9283,conv2d_18,"(0, 0, 31, 52)",4
9284,conv2d_18,"(0, 0, 2, 49)",9
9285,conv2d_18,"(1, 2, 38, 30)",14
9286,conv2d_18,"(2, 0, 61, 25)",6
9287,conv2d_18,"(1, 1, 43, 26)",9
9288,conv2d_18,"(2, 1, 46, 48)",30
9289,conv2d_18,"(1, 1, 2, 30)",8
9290,conv2d_18,"(0, 2, 45, 23)",16
9291,conv2d_18,"(0, 0, 33, 19)",13
9292,conv2d_18,"(0, 2, 4, 33)",29
9293,conv2d_18,"(1, 2, 6, 28)",21
9294,conv2d_18,"(0, 1, 35, 15)",26
9295,conv2d_18,"(0, 1, 37, 60)",18
9296,conv2d_18,"(2, 2, 55, 61)",5
9297,conv2d_18,"(0, 0, 49, 51)",16
9298,conv2d_18,"(0, 0, 26, 25)",24
9299,conv2d_18,"(1, 2, 2, 58)",29
9300,conv2d_18,"(0, 1, 47, 61)",16
9301,conv2d_18,"(1, 0, 13, 1)",17
9302,conv2d_18,"(1, 0, 4, 60)",29
9303,conv2d_18,"(2, 0, 23, 37)",24
9304,conv2d_18,"(1, 1, 42, 37)",10
9305,conv2d_18,"(1, 1, 44, 50)",20
9306,conv2d_18,"(2, 2, 14, 48)",6
9307,conv2d_18,"(0, 2, 8, 60)",13
9308,conv2d_18,"(0, 2, 47, 29)",1
9309,conv2d_18,"(2, 2, 11, 43)",17
9310,conv2d_18,"(1, 0, 9, 51)",20
9311,conv2d_18,"(2, 0, 31, 50)",30
9312,conv2d_18,"(1, 1, 3, 26)",25
9313,conv2d_18,"(0, 1, 28, 18)",8
9314,conv2d_18,"(2, 1, 13, 12)",17
9315,conv2d_18,"(2, 1, 55, 26)",23
9316,conv2d_18,"(0, 0, 61, 25)",22
9317,conv2d_18,"(1, 2, 63, 12)",28
9318,conv2d_18,"(0, 1, 45, 0)",4
9319,conv2d_18,"(2, 2, 31, 48)",11
9320,conv2d_18,"(2, 0, 32, 6)",7
9321,conv2d_18,"(1, 1, 63, 12)",10
9322,conv2d_18,"(2, 1, 34, 61)",19
9323,conv2d_18,"(1, 0, 7, 25)",5
9324,conv2d_18,"(2, 1, 37, 24)",7
9325,conv2d_18,"(2, 1, 8, 24)",19
9326,conv2d_18,"(0, 2, 44, 20)",8
9327,conv2d_18,"(2, 2, 59, 36)",26
9328,conv2d_18,"(0, 0, 47, 9)",29
9329,conv2d_18,"(0, 2, 56, 6)",9
9330,conv2d_18,"(2, 0, 55, 27)",7
9331,conv2d_18,"(2, 0, 44, 44)",3
9332,conv2d_18,"(2, 0, 38, 50)",13
9333,conv2d_18,"(2, 2, 17, 47)",16
9334,conv2d_18,"(2, 1, 50, 60)",3
9335,conv2d_18,"(0, 0, 2, 45)",29
9336,conv2d_18,"(2, 1, 58, 17)",22
9337,conv2d_18,"(2, 0, 31, 63)",11
9338,conv2d_18,"(0, 2, 63, 14)",26
9339,conv2d_18,"(1, 1, 29, 43)",20
9340,conv2d_18,"(1, 2, 5, 48)",25
9341,conv2d_18,"(1, 0, 29, 22)",16
9342,conv2d_18,"(2, 1, 53, 18)",2
9343,conv2d_18,"(1, 0, 1, 43)",14
9344,conv2d_18,"(1, 2, 31, 49)",13
9345,conv2d_18,"(0, 0, 43, 38)",18
9346,conv2d_18,"(0, 1, 28, 30)",3
9347,conv2d_18,"(0, 2, 28, 44)",31
9348,conv2d_18,"(1, 0, 19, 3)",5
9349,conv2d_18,"(1, 2, 32, 32)",7
9350,conv2d_18,"(1, 0, 53, 38)",4
9351,conv2d_18,"(1, 0, 24, 30)",25
9352,conv2d_18,"(0, 2, 44, 19)",4
9353,conv2d_18,"(1, 2, 56, 28)",31
9354,conv2d_18,"(0, 2, 35, 19)",18
9355,conv2d_18,"(2, 1, 28, 24)",29
9356,conv2d_18,"(1, 0, 30, 29)",0
9357,conv2d_18,"(1, 1, 63, 27)",15
9358,conv2d_18,"(0, 0, 28, 63)",13
9359,conv2d_18,"(0, 0, 48, 35)",17
9360,conv2d_18,"(0, 1, 47, 5)",29
9361,conv2d_18,"(1, 1, 26, 11)",7
9362,conv2d_18,"(2, 0, 25, 12)",20
9363,conv2d_18,"(1, 0, 30, 28)",14
9364,conv2d_18,"(1, 2, 11, 17)",4
9365,conv2d_18,"(1, 1, 49, 10)",19
9366,conv2d_18,"(0, 2, 28, 58)",23
9367,conv2d_18,"(2, 2, 47, 18)",20
9368,conv2d_18,"(0, 1, 62, 41)",21
9369,conv2d_18,"(1, 0, 26, 62)",6
9370,conv2d_18,"(2, 1, 29, 43)",12
9371,conv2d_18,"(0, 2, 6, 1)",16
9372,conv2d_18,"(1, 1, 5, 3)",28
9373,conv2d_18,"(2, 1, 24, 9)",24
9374,conv2d_18,"(2, 1, 26, 15)",8
9375,conv2d_18,"(0, 2, 0, 7)",6
9376,conv2d_18,"(1, 1, 27, 13)",27
9377,conv2d_18,"(1, 1, 31, 4)",18
9378,conv2d_18,"(1, 0, 11, 59)",6
9379,conv2d_18,"(2, 0, 45, 59)",15
9380,conv2d_18,"(0, 1, 30, 28)",26
9381,conv2d_18,"(2, 1, 44, 45)",9
9382,conv2d_18,"(1, 1, 3, 18)",5
9383,conv2d_18,"(1, 1, 10, 9)",17
9384,conv2d_18,"(0, 0, 45, 16)",17
9385,conv2d_18,"(0, 1, 16, 8)",29
9386,conv2d_18,"(1, 2, 44, 43)",1
9387,conv2d_18,"(1, 2, 5, 9)",10
9388,conv2d_18,"(0, 0, 14, 59)",15
9389,conv2d_18,"(2, 2, 2, 19)",24
9390,conv2d_18,"(2, 2, 29, 27)",23
9391,conv2d_18,"(2, 1, 18, 42)",15
9392,conv2d_18,"(1, 2, 37, 58)",4
9393,conv2d_18,"(0, 0, 49, 39)",26
9394,conv2d_18,"(0, 1, 17, 24)",23
9395,conv2d_18,"(0, 1, 8, 20)",17
9396,conv2d_18,"(0, 2, 55, 5)",20
9397,conv2d_18,"(1, 1, 30, 55)",30
9398,conv2d_18,"(1, 2, 32, 42)",22
9399,conv2d_18,"(1, 0, 51, 26)",23
9400,conv2d_18,"(2, 0, 19, 44)",23
9401,conv2d_18,"(0, 0, 8, 41)",0
9402,conv2d_18,"(2, 0, 0, 47)",21
9403,conv2d_18,"(1, 2, 56, 52)",1
9404,conv2d_18,"(1, 0, 8, 60)",13
9405,conv2d_18,"(1, 0, 58, 34)",18
9406,conv2d_18,"(2, 0, 54, 33)",26
9407,conv2d_18,"(2, 1, 49, 29)",19
9408,conv2d_18,"(1, 2, 14, 34)",2
9409,conv2d_18,"(1, 1, 37, 9)",1
9410,conv2d_18,"(2, 0, 4, 29)",18
9411,conv2d_18,"(2, 0, 54, 41)",0
9412,conv2d_18,"(2, 2, 46, 36)",1
9413,conv2d_18,"(1, 2, 33, 48)",31
9414,conv2d_18,"(2, 2, 14, 18)",31
9415,conv2d_18,"(0, 0, 9, 48)",30
9416,conv2d_18,"(1, 2, 31, 60)",12
9417,conv2d_18,"(0, 0, 31, 63)",15
9418,conv2d_18,"(0, 2, 43, 5)",5
9419,conv2d_18,"(1, 0, 38, 7)",20
9420,conv2d_18,"(2, 0, 34, 45)",31
9421,conv2d_18,"(1, 0, 36, 6)",6
9422,conv2d_18,"(1, 0, 54, 9)",2
9423,conv2d_18,"(1, 0, 41, 43)",4
9424,conv2d_18,"(2, 1, 38, 27)",20
9425,conv2d_18,"(0, 0, 14, 12)",2
9426,conv2d_18,"(0, 2, 21, 34)",6
9427,conv2d_18,"(1, 2, 21, 19)",6
9428,conv2d_18,"(0, 2, 30, 5)",6
9429,conv2d_18,"(1, 2, 16, 30)",21
9430,conv2d_18,"(2, 2, 0, 18)",11
9431,conv2d_18,"(2, 2, 11, 24)",21
9432,conv2d_18,"(1, 1, 50, 21)",12
9433,conv2d_18,"(2, 1, 40, 18)",25
9434,conv2d_18,"(1, 2, 19, 57)",11
9435,conv2d_18,"(0, 0, 7, 2)",11
9436,conv2d_18,"(1, 0, 1, 55)",7
9437,conv2d_18,"(1, 1, 44, 33)",10
9438,conv2d_18,"(2, 2, 16, 49)",4
9439,conv2d_18,"(0, 1, 5, 45)",24
9440,conv2d_18,"(2, 1, 35, 4)",8
9441,conv2d_18,"(2, 1, 63, 31)",29
9442,conv2d_18,"(2, 0, 12, 33)",24
9443,conv2d_18,"(2, 0, 26, 43)",16
9444,conv2d_18,"(1, 2, 14, 43)",1
9445,conv2d_18,"(0, 1, 51, 36)",15
9446,conv2d_18,"(0, 1, 46, 49)",14
9447,conv2d_18,"(2, 0, 36, 9)",23
9448,conv2d_18,"(0, 0, 52, 5)",20
9449,conv2d_18,"(2, 1, 59, 14)",23
9450,conv2d_18,"(0, 2, 1, 16)",23
9451,conv2d_18,"(2, 0, 30, 43)",0
9452,conv2d_18,"(0, 2, 8, 19)",8
9453,conv2d_18,"(2, 0, 8, 24)",19
9454,conv2d_18,"(1, 0, 30, 6)",11
9455,conv2d_18,"(1, 2, 2, 24)",16
9456,conv2d_18,"(0, 0, 51, 11)",10
9457,conv2d_18,"(1, 0, 46, 12)",25
9458,conv2d_18,"(0, 0, 14, 3)",14
9459,conv2d_18,"(1, 0, 50, 3)",25
9460,conv2d_18,"(0, 0, 18, 28)",11
9461,conv2d_18,"(0, 2, 35, 51)",19
9462,conv2d_18,"(2, 0, 2, 60)",7
9463,conv2d_18,"(0, 1, 16, 6)",9
9464,conv2d_18,"(2, 0, 24, 2)",28
9465,conv2d_18,"(1, 2, 12, 5)",0
9466,conv2d_18,"(1, 1, 49, 30)",2
9467,conv2d_18,"(2, 0, 33, 6)",8
9468,conv2d_18,"(1, 2, 62, 8)",10
9469,conv2d_18,"(1, 1, 26, 41)",17
9470,conv2d_18,"(2, 0, 5, 30)",19
9471,conv2d_18,"(2, 1, 12, 11)",28
9472,conv2d_18,"(2, 0, 31, 14)",9
9473,conv2d_18,"(2, 1, 50, 30)",7
9474,conv2d_18,"(0, 0, 47, 5)",3
9475,conv2d_18,"(0, 1, 63, 5)",0
9476,conv2d_18,"(1, 1, 58, 38)",30
9477,conv2d_18,"(0, 0, 54, 45)",14
9478,conv2d_18,"(0, 2, 34, 38)",13
9479,conv2d_18,"(2, 0, 16, 31)",20
9480,conv2d_18,"(0, 2, 62, 54)",9
9481,conv2d_18,"(1, 0, 54, 26)",10
9482,conv2d_18,"(0, 2, 40, 35)",18
9483,conv2d_18,"(0, 0, 27, 55)",5
9484,conv2d_18,"(2, 2, 58, 36)",20
9485,conv2d_18,"(0, 0, 36, 21)",20
9486,conv2d_18,"(2, 1, 31, 58)",27
9487,conv2d_18,"(0, 1, 15, 0)",19
9488,conv2d_18,"(0, 1, 49, 15)",2
9489,conv2d_18,"(0, 1, 43, 12)",25
9490,conv2d_18,"(1, 2, 58, 38)",22
9491,conv2d_18,"(2, 1, 42, 62)",6
9492,conv2d_18,"(0, 1, 8, 59)",3
9493,conv2d_18,"(1, 1, 46, 63)",22
9494,conv2d_18,"(0, 0, 23, 24)",14
9495,conv2d_18,"(0, 2, 17, 3)",9
9496,conv2d_18,"(2, 2, 10, 38)",5
9497,conv2d_18,"(2, 0, 38, 23)",18
9498,conv2d_18,"(0, 0, 31, 21)",11
9499,conv2d_18,"(1, 1, 3, 49)",2
9500,conv2d_18,"(2, 1, 22, 14)",31
9501,conv2d_18,"(2, 0, 29, 53)",19
9502,conv2d_18,"(1, 1, 26, 60)",5
9503,conv2d_18,"(2, 2, 24, 12)",15
9504,conv2d_18,"(0, 2, 54, 60)",6
9505,conv2d_18,"(0, 2, 16, 17)",16
9506,conv2d_18,"(0, 1, 51, 40)",29
9507,conv2d_18,"(1, 2, 60, 54)",26
9508,conv2d_18,"(1, 2, 32, 4)",5
9509,conv2d_18,"(1, 2, 0, 14)",14
9510,conv2d_18,"(0, 2, 30, 13)",31
9511,conv2d_18,"(0, 0, 54, 3)",15
9512,conv2d_18,"(2, 1, 34, 1)",15
9513,conv2d_18,"(1, 1, 31, 7)",30
9514,conv2d_18,"(1, 1, 63, 45)",4
9515,conv2d_18,"(1, 0, 39, 12)",27
9516,conv2d_18,"(0, 2, 7, 63)",19
9517,conv2d_18,"(2, 0, 5, 40)",13
9518,conv2d_18,"(0, 2, 27, 1)",13
9519,conv2d_18,"(2, 2, 38, 3)",15
9520,conv2d_18,"(0, 2, 63, 55)",30
9521,conv2d_18,"(2, 2, 4, 5)",18
9522,conv2d_18,"(2, 0, 3, 60)",11
9523,conv2d_18,"(2, 1, 3, 61)",17
9524,conv2d_18,"(1, 1, 3, 58)",13
9525,conv2d_18,"(2, 1, 60, 15)",6
9526,conv2d_18,"(1, 0, 59, 50)",17
9527,conv2d_18,"(1, 2, 2, 54)",17
9528,conv2d_18,"(2, 1, 31, 53)",19
9529,conv2d_18,"(2, 1, 37, 12)",24
9530,conv2d_18,"(1, 1, 2, 24)",28
9531,conv2d_18,"(2, 0, 35, 41)",13
9532,conv2d_18,"(0, 1, 55, 5)",26
9533,conv2d_18,"(0, 1, 34, 23)",7
9534,conv2d_18,"(0, 1, 33, 27)",10
9535,conv2d_18,"(1, 0, 23, 26)",27
9536,conv2d_18,"(1, 1, 34, 26)",10
9537,conv2d_18,"(0, 1, 44, 34)",27
9538,conv2d_18,"(2, 1, 46, 41)",17
9539,conv2d_18,"(1, 1, 3, 14)",11
9540,conv2d_18,"(0, 1, 17, 23)",5
9541,conv2d_18,"(0, 1, 5, 59)",6
9542,conv2d_18,"(0, 0, 10, 18)",16
9543,conv2d_18,"(2, 2, 19, 0)",17
9544,conv2d_18,"(2, 2, 0, 21)",5
9545,conv2d_18,"(2, 2, 44, 55)",14
9546,conv2d_18,"(0, 0, 16, 60)",9
9547,conv2d_18,"(0, 2, 31, 19)",21
9548,conv2d_18,"(0, 2, 45, 63)",22
9549,conv2d_18,"(2, 1, 13, 58)",6
9550,conv2d_18,"(2, 1, 30, 30)",21
9551,conv2d_18,"(2, 0, 43, 17)",19
9552,conv2d_18,"(1, 2, 2, 11)",8
9553,conv2d_18,"(1, 1, 36, 16)",26
9554,conv2d_18,"(2, 2, 34, 23)",9
9555,conv2d_18,"(0, 2, 0, 4)",1
9556,conv2d_18,"(1, 0, 8, 55)",22
9557,conv2d_18,"(0, 0, 49, 15)",4
9558,conv2d_18,"(1, 1, 50, 30)",17
9559,conv2d_18,"(0, 0, 55, 38)",30
9560,conv2d_18,"(1, 0, 37, 10)",26
9561,conv2d_18,"(2, 1, 2, 37)",12
9562,conv2d_18,"(0, 2, 31, 26)",22
9563,conv2d_18,"(2, 0, 40, 11)",5
9564,conv2d_18,"(0, 1, 43, 36)",26
9565,conv2d_18,"(2, 0, 48, 22)",10
9566,conv2d_18,"(2, 2, 39, 26)",21
9567,conv2d_18,"(0, 1, 4, 41)",12
9568,conv2d_18,"(2, 2, 39, 57)",12
9569,conv2d_18,"(1, 2, 9, 9)",29
9570,conv2d_18,"(0, 2, 61, 31)",13
9571,conv2d_18,"(1, 1, 11, 5)",26
9572,conv2d_18,"(1, 2, 46, 24)",20
9573,conv2d_18,"(1, 2, 31, 58)",25
9574,conv2d_18,"(0, 1, 56, 31)",18
9575,conv2d_18,"(1, 2, 6, 4)",0
9576,conv2d_18,"(0, 1, 0, 61)",23
9577,conv2d_18,"(1, 2, 31, 51)",24
9578,conv2d_18,"(0, 0, 7, 18)",17
9579,conv2d_18,"(0, 1, 11, 20)",0
9580,conv2d_18,"(1, 0, 4, 28)",18
9581,conv2d_18,"(0, 0, 48, 46)",28
9582,conv2d_18,"(2, 0, 50, 51)",7
9583,conv2d_18,"(0, 1, 36, 8)",31
9584,conv2d_18,"(1, 0, 15, 11)",21
9585,conv2d_18,"(1, 1, 22, 60)",30
9586,conv2d_18,"(0, 1, 24, 32)",8
9587,conv2d_18,"(1, 0, 49, 42)",29
9588,conv2d_18,"(1, 1, 43, 15)",1
9589,conv2d_18,"(2, 0, 50, 6)",5
9590,conv2d_18,"(1, 2, 48, 59)",14
9591,conv2d_18,"(1, 1, 9, 24)",29
9592,conv2d_18,"(0, 1, 12, 40)",31
9593,conv2d_18,"(0, 2, 19, 46)",9
9594,conv2d_18,"(0, 1, 3, 40)",5
9595,conv2d_18,"(1, 2, 26, 14)",9
9596,conv2d_18,"(1, 1, 40, 34)",30
9597,conv2d_18,"(2, 1, 51, 45)",13
9598,conv2d_18,"(2, 2, 4, 6)",3
9599,conv2d_18,"(2, 0, 19, 28)",3
9600,conv2d_18,"(1, 2, 49, 41)",7
9601,conv2d_18,"(0, 0, 63, 17)",8
9602,conv2d_18,"(2, 0, 19, 2)",28
9603,conv2d_18,"(0, 0, 33, 48)",21
9604,conv2d_18,"(2, 1, 7, 25)",12
9605,conv2d_18,"(1, 0, 48, 0)",14
9606,conv2d_18,"(1, 2, 46, 26)",7
9607,conv2d_18,"(2, 0, 2, 18)",31
9608,conv2d_18,"(1, 0, 13, 3)",19
9609,conv2d_18,"(0, 0, 15, 24)",21
9610,conv2d_18,"(0, 0, 31, 25)",10
9611,conv2d_18,"(2, 0, 45, 4)",29
9612,conv2d_18,"(1, 0, 61, 12)",29
9613,conv2d_18,"(0, 1, 21, 31)",16
9614,conv2d_18,"(2, 2, 45, 46)",1
9615,conv2d_18,"(0, 1, 17, 54)",30
9616,conv2d_18,"(1, 1, 29, 51)",14
9617,conv2d_18,"(2, 2, 58, 37)",6
9618,conv2d_18,"(1, 0, 28, 62)",9
9619,conv2d_18,"(1, 0, 63, 10)",4
9620,conv2d_18,"(1, 2, 29, 41)",0
9621,conv2d_18,"(1, 1, 21, 24)",21
9622,conv2d_18,"(2, 2, 28, 14)",9
9623,conv2d_18,"(1, 2, 26, 23)",29
9624,conv2d_18,"(2, 0, 39, 39)",30
9625,conv2d_18,"(2, 1, 51, 8)",28
9626,conv2d_18,"(0, 2, 24, 9)",31
9627,conv2d_18,"(2, 2, 27, 39)",26
9628,conv2d_18,"(1, 0, 51, 29)",24
9629,conv2d_18,"(1, 0, 54, 14)",8
9630,conv2d_18,"(0, 1, 57, 48)",0
9631,conv2d_18,"(2, 0, 55, 60)",13
9632,conv2d_18,"(0, 2, 30, 54)",2
9633,conv2d_18,"(1, 0, 22, 2)",23
9634,conv2d_18,"(2, 0, 27, 21)",24
9635,conv2d_18,"(2, 1, 13, 1)",31
9636,conv2d_18,"(1, 2, 34, 14)",5
9637,conv2d_18,"(2, 2, 17, 20)",20
9638,conv2d_18,"(0, 1, 1, 60)",14
9639,conv2d_18,"(1, 2, 52, 19)",18
9640,conv2d_18,"(0, 0, 42, 25)",10
9641,conv2d_18,"(2, 2, 16, 3)",2
9642,conv2d_18,"(2, 2, 36, 26)",21
9643,conv2d_18,"(1, 1, 21, 12)",7
9644,conv2d_18,"(0, 2, 23, 43)",31
9645,conv2d_18,"(2, 0, 41, 6)",11
9646,conv2d_18,"(2, 0, 32, 58)",14
9647,conv2d_18,"(2, 1, 22, 54)",28
9648,conv2d_18,"(0, 0, 44, 62)",15
9649,conv2d_18,"(2, 0, 23, 19)",12
9650,conv2d_18,"(1, 2, 13, 10)",29
9651,conv2d_18,"(1, 2, 49, 1)",6
9652,conv2d_18,"(0, 0, 46, 16)",5
9653,conv2d_18,"(0, 0, 54, 1)",28
9654,conv2d_18,"(1, 0, 25, 5)",19
9655,conv2d_18,"(2, 0, 36, 27)",20
9656,conv2d_18,"(2, 1, 12, 43)",11
9657,conv2d_18,"(1, 2, 13, 5)",6
9658,conv2d_18,"(0, 2, 16, 36)",22
9659,conv2d_18,"(1, 1, 22, 3)",18
9660,conv2d_18,"(0, 1, 37, 13)",5
9661,conv2d_18,"(2, 0, 39, 54)",4
9662,conv2d_18,"(0, 1, 55, 38)",20
9663,conv2d_18,"(2, 0, 31, 57)",7
9664,conv2d_18,"(0, 2, 32, 3)",10
9665,conv2d_18,"(1, 2, 33, 45)",28
9666,conv2d_18,"(2, 1, 55, 23)",15
9667,conv2d_18,"(1, 1, 33, 62)",3
9668,conv2d_18,"(0, 2, 60, 26)",30
9669,conv2d_18,"(2, 2, 11, 10)",21
9670,conv2d_18,"(1, 2, 31, 56)",4
9671,conv2d_18,"(0, 0, 5, 60)",0
9672,conv2d_18,"(2, 1, 33, 16)",3
9673,conv2d_18,"(2, 0, 34, 17)",21
9674,conv2d_18,"(2, 1, 30, 28)",10
9675,conv2d_18,"(2, 1, 22, 23)",8
9676,conv2d_18,"(0, 0, 55, 32)",26
9677,conv2d_18,"(0, 1, 49, 53)",23
9678,conv2d_18,"(1, 0, 33, 42)",29
9679,conv2d_18,"(0, 1, 53, 60)",17
9680,conv2d_18,"(2, 2, 26, 24)",31
9681,conv2d_18,"(1, 2, 44, 46)",23
9682,conv2d_18,"(1, 0, 29, 29)",9
9683,conv2d_18,"(1, 0, 31, 37)",2
9684,conv2d_18,"(0, 1, 25, 23)",24
9685,conv2d_18,"(2, 1, 43, 12)",14
9686,conv2d_18,"(2, 2, 19, 12)",15
9687,conv2d_18,"(0, 0, 33, 29)",28
9688,conv2d_18,"(0, 2, 23, 8)",17
9689,conv2d_18,"(1, 2, 59, 35)",7
9690,conv2d_18,"(1, 1, 14, 58)",10
9691,conv2d_18,"(1, 1, 13, 8)",16
9692,conv2d_18,"(0, 2, 46, 32)",13
9693,conv2d_18,"(1, 2, 17, 35)",29
9694,conv2d_18,"(2, 2, 22, 6)",30
9695,conv2d_18,"(0, 0, 55, 60)",3
9696,conv2d_18,"(1, 2, 0, 32)",7
9697,conv2d_18,"(1, 0, 14, 12)",5
9698,conv2d_18,"(2, 1, 48, 45)",1
9699,conv2d_18,"(1, 2, 12, 28)",8
9700,conv2d_18,"(2, 1, 3, 18)",2
9701,conv2d_18,"(1, 2, 24, 22)",6
9702,conv2d_18,"(0, 0, 52, 6)",10
9703,conv2d_18,"(0, 1, 12, 33)",4
9704,conv2d_18,"(2, 1, 41, 60)",9
9705,conv2d_18,"(1, 1, 60, 54)",23
9706,conv2d_18,"(2, 1, 45, 20)",11
9707,conv2d_18,"(0, 2, 56, 4)",26
9708,conv2d_18,"(2, 1, 47, 22)",23
9709,conv2d_18,"(0, 1, 19, 15)",29
9710,conv2d_18,"(0, 2, 12, 8)",8
9711,conv2d_18,"(0, 0, 35, 46)",24
9712,conv2d_18,"(2, 0, 38, 5)",1
9713,conv2d_18,"(0, 2, 13, 19)",25
9714,conv2d_18,"(2, 2, 5, 3)",7
9715,conv2d_18,"(2, 0, 50, 30)",12
9716,conv2d_18,"(1, 0, 31, 61)",1
9717,conv2d_18,"(2, 0, 13, 46)",13
9718,conv2d_18,"(2, 1, 33, 7)",14
9719,conv2d_18,"(2, 1, 18, 54)",26
9720,conv2d_18,"(1, 0, 27, 60)",15
9721,conv2d_18,"(1, 1, 40, 55)",7
9722,conv2d_18,"(2, 2, 53, 1)",25
9723,conv2d_18,"(2, 0, 19, 22)",4
9724,conv2d_18,"(1, 1, 16, 11)",25
9725,conv2d_18,"(0, 2, 55, 12)",19
9726,conv2d_18,"(1, 1, 18, 34)",27
9727,conv2d_18,"(1, 2, 10, 7)",19
9728,conv2d_18,"(1, 1, 0, 18)",23
9729,conv2d_18,"(2, 0, 48, 21)",31
9730,conv2d_18,"(0, 2, 12, 57)",19
9731,conv2d_18,"(0, 0, 15, 16)",28
9732,conv2d_18,"(1, 2, 15, 11)",3
9733,conv2d_18,"(0, 1, 28, 15)",14
9734,conv2d_18,"(1, 0, 24, 34)",19
9735,conv2d_18,"(2, 2, 24, 60)",5
9736,conv2d_18,"(2, 0, 45, 62)",24
9737,conv2d_18,"(0, 2, 58, 60)",18
9738,conv2d_18,"(0, 0, 28, 53)",0
9739,conv2d_18,"(1, 0, 48, 63)",18
9740,conv2d_18,"(0, 1, 58, 3)",18
9741,conv2d_18,"(2, 2, 34, 17)",24
9742,conv2d_18,"(0, 2, 54, 6)",19
9743,conv2d_18,"(0, 1, 52, 48)",2
9744,conv2d_18,"(1, 1, 63, 60)",30
9745,conv2d_18,"(0, 2, 32, 36)",23
9746,conv2d_18,"(2, 1, 62, 24)",23
9747,conv2d_18,"(0, 0, 38, 24)",2
9748,conv2d_18,"(2, 0, 26, 44)",13
9749,conv2d_18,"(1, 2, 23, 49)",17
9750,conv2d_18,"(0, 1, 25, 40)",21
9751,conv2d_18,"(0, 1, 59, 31)",31
9752,conv2d_18,"(0, 1, 33, 40)",0
9753,conv2d_18,"(1, 0, 16, 38)",4
9754,conv2d_18,"(0, 2, 26, 6)",20
9755,conv2d_18,"(2, 0, 49, 19)",26
9756,conv2d_18,"(2, 2, 24, 54)",29
9757,conv2d_18,"(0, 0, 44, 43)",5
9758,conv2d_18,"(2, 1, 55, 16)",26
9759,conv2d_18,"(0, 0, 22, 30)",27
9760,conv2d_18,"(0, 2, 21, 25)",3
9761,conv2d_18,"(2, 0, 4, 46)",5
9762,conv2d_18,"(2, 2, 53, 16)",12
9763,conv2d_18,"(0, 0, 48, 26)",26
9764,conv2d_18,"(2, 0, 24, 44)",26
9765,conv2d_18,"(2, 2, 24, 32)",1
9766,conv2d_18,"(0, 2, 59, 18)",2
9767,conv2d_18,"(2, 1, 2, 9)",13
9768,conv2d_18,"(0, 0, 48, 48)",31
9769,conv2d_18,"(2, 1, 50, 5)",3
9770,conv2d_18,"(0, 0, 24, 37)",19
9771,conv2d_18,"(0, 0, 25, 15)",25
9772,conv2d_18,"(0, 0, 53, 33)",23
9773,conv2d_18,"(1, 0, 52, 16)",6
9774,conv2d_18,"(1, 1, 53, 0)",25
9775,conv2d_18,"(1, 1, 29, 15)",27
9776,conv2d_18,"(1, 2, 46, 31)",25
9777,conv2d_18,"(1, 1, 37, 17)",12
9778,conv2d_18,"(1, 0, 5, 19)",30
9779,conv2d_18,"(2, 1, 29, 35)",10
9780,conv2d_18,"(1, 1, 30, 35)",8
9781,conv2d_18,"(2, 1, 25, 18)",24
9782,conv2d_18,"(2, 2, 13, 63)",7
9783,conv2d_18,"(1, 0, 35, 26)",6
9784,conv2d_18,"(2, 2, 29, 58)",5
9785,conv2d_18,"(2, 0, 9, 19)",8
9786,conv2d_18,"(0, 0, 34, 28)",14
9787,conv2d_18,"(0, 2, 58, 20)",14
9788,conv2d_18,"(1, 2, 56, 42)",20
9789,conv2d_18,"(1, 1, 23, 32)",11
9790,conv2d_18,"(0, 0, 22, 3)",30
9791,conv2d_18,"(1, 2, 51, 31)",28
9792,conv2d_18,"(0, 1, 56, 19)",10
9793,conv2d_18,"(0, 2, 56, 58)",20
9794,conv2d_18,"(1, 1, 39, 29)",9
9795,conv2d_18,"(0, 1, 1, 37)",26
9796,conv2d_18,"(0, 0, 51, 10)",11
9797,conv2d_18,"(2, 2, 2, 60)",25
9798,conv2d_18,"(1, 1, 39, 1)",8
9799,conv2d_18,"(2, 1, 14, 41)",31
9800,conv2d_18,"(1, 2, 55, 2)",19
9801,conv2d_18,"(1, 2, 24, 50)",13
9802,conv2d_18,"(2, 2, 9, 10)",9
9803,conv2d_18,"(2, 2, 50, 19)",28
9804,conv2d_18,"(1, 0, 29, 34)",30
9805,conv2d_18,"(1, 1, 14, 14)",4
9806,conv2d_18,"(0, 2, 24, 54)",13
9807,conv2d_18,"(1, 0, 42, 62)",10
9808,conv2d_18,"(2, 1, 34, 3)",13
9809,conv2d_18,"(1, 2, 60, 59)",10
9810,conv2d_18,"(1, 0, 30, 8)",6
9811,conv2d_18,"(2, 2, 60, 24)",7
9812,conv2d_18,"(1, 2, 54, 8)",7
9813,conv2d_18,"(1, 1, 35, 41)",17
9814,conv2d_18,"(1, 2, 63, 16)",27
9815,conv2d_18,"(2, 2, 20, 3)",11
9816,conv2d_18,"(1, 1, 9, 30)",2
9817,conv2d_18,"(1, 0, 23, 45)",30
9818,conv2d_18,"(2, 0, 54, 18)",2
9819,conv2d_18,"(0, 2, 48, 41)",0
9820,conv2d_18,"(2, 1, 1, 28)",19
9821,conv2d_18,"(1, 0, 27, 29)",2
9822,conv2d_18,"(2, 0, 2, 21)",19
9823,conv2d_18,"(1, 2, 19, 23)",3
9824,conv2d_18,"(0, 2, 48, 42)",23
9825,conv2d_18,"(2, 0, 31, 40)",27
9826,conv2d_18,"(1, 1, 33, 29)",7
9827,conv2d_18,"(2, 2, 11, 47)",20
9828,conv2d_18,"(1, 1, 39, 39)",29
9829,conv2d_18,"(2, 2, 57, 28)",15
9830,conv2d_18,"(1, 1, 32, 29)",3
9831,conv2d_18,"(0, 1, 43, 2)",17
9832,conv2d_18,"(2, 2, 8, 12)",17
9833,conv2d_18,"(1, 2, 4, 62)",1
9834,conv2d_18,"(0, 0, 39, 8)",13
9835,conv2d_18,"(1, 1, 58, 10)",10
9836,conv2d_18,"(1, 0, 43, 62)",21
9837,conv2d_18,"(1, 1, 39, 24)",9
9838,conv2d_18,"(2, 1, 6, 8)",29
9839,conv2d_18,"(2, 0, 15, 18)",16
9840,conv2d_18,"(0, 2, 53, 33)",8
9841,conv2d_18,"(1, 0, 19, 42)",7
9842,conv2d_18,"(0, 1, 15, 11)",30
9843,conv2d_18,"(0, 1, 9, 48)",3
9844,conv2d_18,"(2, 0, 11, 24)",26
9845,conv2d_18,"(1, 2, 36, 14)",10
9846,conv2d_18,"(2, 0, 61, 40)",17
9847,conv2d_18,"(1, 2, 12, 3)",10
9848,conv2d_18,"(0, 1, 18, 14)",0
9849,conv2d_18,"(1, 2, 53, 46)",10
9850,conv2d_18,"(0, 2, 22, 16)",29
9851,conv2d_18,"(0, 2, 3, 59)",31
9852,conv2d_18,"(1, 0, 6, 30)",18
9853,conv2d_18,"(1, 1, 31, 50)",12
9854,conv2d_18,"(1, 2, 9, 26)",18
9855,conv2d_18,"(0, 0, 31, 7)",8
9856,conv2d_18,"(2, 0, 24, 20)",5
9857,conv2d_18,"(1, 0, 56, 39)",28
9858,conv2d_18,"(0, 0, 35, 55)",29
9859,conv2d_18,"(1, 1, 17, 39)",3
9860,conv2d_18,"(2, 2, 33, 14)",25
9861,conv2d_18,"(1, 1, 46, 4)",9
9862,conv2d_18,"(2, 1, 61, 29)",10
9863,conv2d_18,"(1, 2, 31, 37)",21
9864,conv2d_18,"(0, 2, 20, 8)",30
9865,conv2d_18,"(1, 2, 4, 25)",4
9866,conv2d_18,"(1, 0, 52, 18)",18
9867,conv2d_18,"(0, 0, 32, 60)",2
9868,conv2d_18,"(2, 0, 37, 9)",24
9869,conv2d_18,"(1, 2, 18, 61)",28
9870,conv2d_18,"(0, 1, 12, 41)",0
9871,conv2d_18,"(1, 1, 20, 44)",3
9872,conv2d_18,"(2, 1, 56, 29)",25
9873,conv2d_18,"(0, 0, 39, 60)",11
9874,conv2d_18,"(2, 1, 29, 52)",29
9875,conv2d_18,"(1, 2, 45, 15)",5
9876,conv2d_18,"(2, 1, 43, 39)",28
9877,conv2d_18,"(0, 1, 24, 55)",23
9878,conv2d_18,"(0, 0, 25, 16)",20
9879,conv2d_18,"(0, 1, 56, 32)",26
9880,conv2d_18,"(1, 1, 34, 61)",23
9881,conv2d_18,"(1, 0, 29, 1)",24
9882,conv2d_18,"(0, 0, 20, 46)",19
9883,conv2d_18,"(2, 0, 49, 44)",12
9884,conv2d_18,"(1, 2, 57, 10)",1
9885,conv2d_18,"(1, 2, 31, 39)",12
9886,conv2d_18,"(0, 1, 19, 26)",27
9887,conv2d_18,"(0, 2, 42, 56)",1
9888,conv2d_18,"(2, 1, 31, 36)",10
9889,conv2d_18,"(1, 0, 45, 35)",22
9890,conv2d_18,"(2, 0, 8, 58)",25
9891,conv2d_18,"(2, 1, 61, 9)",5
9892,conv2d_18,"(1, 0, 23, 38)",9
9893,conv2d_18,"(2, 2, 1, 63)",20
9894,conv2d_18,"(0, 2, 8, 18)",28
9895,conv2d_18,"(0, 1, 29, 30)",12
9896,conv2d_18,"(1, 2, 48, 28)",4
9897,conv2d_18,"(2, 0, 19, 34)",4
9898,conv2d_18,"(0, 0, 29, 3)",9
9899,conv2d_18,"(2, 1, 58, 15)",7
9900,conv2d_18,"(0, 1, 52, 36)",7
9901,conv2d_18,"(2, 2, 31, 52)",25
9902,conv2d_18,"(0, 0, 52, 56)",11
9903,conv2d_18,"(2, 0, 46, 63)",1
9904,conv2d_18,"(1, 1, 29, 4)",28
9905,conv2d_18,"(2, 2, 14, 15)",13
9906,conv2d_18,"(1, 1, 53, 11)",18
9907,conv2d_18,"(0, 0, 44, 20)",27
9908,conv2d_18,"(0, 0, 26, 52)",29
9909,conv2d_18,"(2, 2, 23, 15)",28
9910,conv2d_18,"(1, 2, 52, 50)",8
9911,conv2d_18,"(0, 1, 39, 36)",18
9912,conv2d_18,"(2, 2, 29, 25)",31
9913,conv2d_18,"(0, 1, 16, 15)",10
9914,conv2d_18,"(0, 0, 23, 43)",2
9915,conv2d_18,"(2, 2, 53, 24)",26
9916,conv2d_18,"(0, 1, 21, 30)",15
9917,conv2d_18,"(2, 2, 25, 60)",1
9918,conv2d_18,"(1, 1, 35, 27)",8
9919,conv2d_18,"(2, 1, 26, 50)",17
9920,conv2d_18,"(1, 1, 3, 61)",29
9921,conv2d_18,"(0, 1, 12, 18)",15
9922,conv2d_18,"(1, 2, 24, 62)",5
9923,conv2d_18,"(0, 1, 52, 31)",26
9924,conv2d_18,"(0, 1, 22, 38)",26
9925,conv2d_18,"(0, 1, 59, 34)",3
9926,conv2d_18,"(1, 1, 53, 48)",9
9927,conv2d_18,"(0, 1, 1, 58)",23
9928,conv2d_18,"(0, 2, 59, 9)",28
9929,conv2d_18,"(2, 0, 28, 44)",10
9930,conv2d_18,"(1, 2, 41, 42)",30
9931,conv2d_18,"(1, 2, 14, 27)",8
9932,conv2d_18,"(1, 1, 29, 60)",17
9933,conv2d_18,"(0, 0, 0, 22)",23
9934,conv2d_18,"(1, 2, 13, 2)",1
9935,conv2d_18,"(2, 0, 7, 33)",0
9936,conv2d_18,"(2, 1, 52, 52)",7
9937,conv2d_18,"(1, 1, 11, 15)",11
9938,conv2d_18,"(0, 1, 24, 58)",8
9939,conv2d_18,"(1, 2, 31, 26)",0
9940,conv2d_18,"(1, 0, 21, 31)",30
9941,conv2d_18,"(2, 1, 43, 11)",21
9942,conv2d_18,"(1, 2, 58, 30)",18
9943,conv2d_18,"(1, 1, 20, 33)",11
9944,conv2d_18,"(1, 2, 55, 44)",0
9945,conv2d_18,"(1, 0, 38, 42)",6
9946,conv2d_18,"(2, 1, 5, 58)",9
9947,conv2d_18,"(2, 0, 17, 44)",28
9948,conv2d_18,"(0, 0, 23, 13)",27
9949,conv2d_18,"(2, 0, 61, 6)",9
9950,conv2d_18,"(1, 0, 61, 55)",29
9951,conv2d_18,"(1, 2, 23, 27)",11
9952,conv2d_18,"(0, 2, 15, 22)",2
9953,conv2d_18,"(2, 0, 46, 58)",23
9954,conv2d_18,"(1, 0, 42, 52)",0
9955,conv2d_18,"(1, 1, 14, 28)",4
9956,conv2d_18,"(1, 0, 19, 46)",18
9957,conv2d_18,"(0, 1, 37, 16)",14
9958,conv2d_18,"(1, 1, 7, 2)",3
9959,conv2d_18,"(1, 1, 20, 8)",9
9960,conv2d_18,"(0, 1, 0, 12)",0
9961,conv2d_18,"(0, 2, 58, 17)",8
9962,conv2d_18,"(1, 1, 54, 38)",23
9963,conv2d_18,"(2, 0, 27, 37)",12
9964,conv2d_18,"(0, 0, 44, 9)",26
9965,conv2d_18,"(2, 2, 16, 32)",11
9966,conv2d_18,"(2, 2, 47, 30)",7
9967,conv2d_18,"(0, 1, 55, 58)",24
9968,conv2d_18,"(2, 1, 61, 13)",4
9969,conv2d_18,"(2, 2, 50, 30)",28
9970,conv2d_18,"(0, 0, 0, 38)",8
9971,conv2d_18,"(1, 0, 8, 33)",18
9972,conv2d_18,"(0, 1, 12, 63)",16
9973,conv2d_18,"(1, 2, 37, 19)",20
9974,conv2d_18,"(2, 2, 44, 4)",12
9975,conv2d_18,"(1, 0, 9, 15)",23
9976,conv2d_18,"(2, 1, 60, 19)",26
9977,conv2d_18,"(0, 2, 43, 19)",12
9978,conv2d_18,"(2, 0, 14, 26)",13
9979,conv2d_18,"(0, 0, 29, 13)",19
9980,conv2d_18,"(1, 1, 51, 18)",14
9981,conv2d_18,"(1, 0, 13, 27)",4
9982,dense,"(12, 8)",7
9983,dense,"(8, 4)",20
9984,dense,"(14, 2)",27
9985,dense,"(55, 3)",27
9986,dense,"(51, 8)",9
9987,dense,"(13, 3)",28
9988,dense,"(58, 1)",17
9989,dense,"(60, 7)",15
9990,dense,"(45, 7)",8
9991,dense,"(17, 8)",12
9992,dense,"(55, 2)",24
9993,dense,"(17, 6)",9
9994,dense,"(28, 1)",11
9995,dense,"(8, 2)",11
9996,dense,"(2, 0)",13
9997,dense,"(32, 0)",18
9998,dense,"(22, 3)",7
9999,dense,"(22, 7)",1
10000,dense,"(12, 9)",2
10001,dense,"(12, 2)",23
10002,dense,"(40, 2)",2
10003,dense,"(44, 9)",1
10004,dense,"(7, 2)",20
10005,dense,"(12, 3)",3
